time,flow,temp,salt
2009-12-31 00:00:00,    0.000000,-9999.000000,-9999.000000
2010-01-01 00:00:00,    0.000000,-9999.000000,-9999.000000
2010-01-02 00:00:00,    0.000000,-9999.000000,-9999.000000
2010-01-03 00:00:00,    0.000000,-9999.000000,-9999.000000
2010-01-04 00:00:00,    0.000000,-9999.000000,-9999.000000
2010-01-05 00:00:00,    0.000000,-9999.000000,-9999.000000
2010-01-06 00:00:00,    0.000000,-9999.000000,-9999.000000
2010-01-07 00:00:00,    0.000000,-9999.000000,-9999.000000
2010-01-08 00:00:00,    0.000000,-9999.000000,-9999.000000
2010-01-09 00:00:00,    0.000000,-9999.000000,-9999.000000
2010-01-10 00:00:00,    0.000000,-9999.000000,-9999.000000
2010-01-11 00:00:00,    0.000000,-9999.000000,-9999.000000
2010-01-12 00:00:00,    0.000000,-9999.000000,-9999.000000
2010-01-13 00:00:00,    0.000000,-9999.000000,-9999.000000
2010-01-14 00:00:00,    0.000000,-9999.000000,-9999.000000
2010-01-15 00:00:00,    0.000000,-9999.000000,-9999.000000
2010-01-16 00:00:00,    0.000000,-9999.000000,-9999.000000
2010-01-17 00:00:00,    0.000000,-9999.000000,-9999.000000
2010-01-18 00:00:00,    0.000000,-9999.000000,-9999.000000
2010-01-19 00:00:00,    0.000000,-9999.000000,-9999.000000
2010-01-20 00:00:00,    0.000000,-9999.000000,-9999.000000
2010-01-21 00:00:00,    0.000000,-9999.000000,-9999.000000
2010-01-22 00:00:00,    0.000000,-9999.000000,-9999.000000
2010-01-23 00:00:00,    0.000000,-9999.000000,-9999.000000
2010-01-24 00:00:00,    0.000000,-9999.000000,-9999.000000
2010-01-25 00:00:00,    0.000000,-9999.000000,-9999.000000
2010-01-26 00:00:00,    0.000000,-9999.000000,-9999.000000
2010-01-27 00:00:00,    0.000000,-9999.000000,-9999.000000
2010-01-28 00:00:00,    0.000000,-9999.000000,-9999.000000
2010-01-29 00:00:00,    0.000000,-9999.000000,-9999.000000
2010-01-30 00:00:00,    0.000000,-9999.000000,-9999.000000
2010-01-31 00:00:00,    0.000000,-9999.000000,-9999.000000
2010-02-01 00:00:00,    0.000000,-9999.000000,-9999.000000
2010-02-02 00:00:00,    0.000000,-9999.000000,-9999.000000
2010-02-03 00:00:00,    0.000000,-9999.000000,-9999.000000
2010-02-04 00:00:00,    0.000000,-9999.000000,-9999.000000
2010-02-05 00:00:00,    0.000000,-9999.000000,-9999.000000
2010-02-06 00:00:00,    0.000000,-9999.000000,-9999.000000
2010-02-07 00:00:00,    0.000000,-9999.000000,-9999.000000
2010-02-08 00:00:00,    0.000000,-9999.000000,-9999.000000
2010-02-09 00:00:00,    0.000000,-9999.000000,-9999.000000
2010-02-10 00:00:00,    0.000000,-9999.000000,-9999.000000
2010-02-11 00:00:00,    0.000000,-9999.000000,-9999.000000
2010-02-12 00:00:00,    0.000000,-9999.000000,-9999.000000
2010-02-13 00:00:00,    0.000000,-9999.000000,-9999.000000
2010-02-14 00:00:00,    0.000000,-9999.000000,-9999.000000
2010-02-15 00:00:00,    0.000000,-9999.000000,-9999.000000
2010-02-16 00:00:00,    0.000000,-9999.000000,-9999.000000
2010-02-17 00:00:00,    0.000000,-9999.000000,-9999.000000
2010-02-18 00:00:00,    0.000000,-9999.000000,-9999.000000
2010-02-19 00:00:00,    0.000000,-9999.000000,-9999.000000
2010-02-20 00:00:00,    0.000000,-9999.000000,-9999.000000
2010-02-21 00:00:00,    0.000000,-9999.000000,-9999.000000
2010-02-22 00:00:00,    0.000000,-9999.000000,-9999.000000
2010-02-23 00:00:00,    0.000000,-9999.000000,-9999.000000
2010-02-24 00:00:00,    0.000000,-9999.000000,-9999.000000
2010-02-25 00:00:00,    0.000000,-9999.000000,-9999.000000
2010-02-26 00:00:00,    0.000000,-9999.000000,-9999.000000
2010-02-27 00:00:00,    0.000000,-9999.000000,-9999.000000
2010-02-28 00:00:00,    0.000000,-9999.000000,-9999.000000
2010-03-01 00:00:00,    0.000000,-9999.000000,-9999.000000
2010-03-02 00:00:00,    0.000000,-9999.000000,-9999.000000
2010-03-03 00:00:00,    0.000000,-9999.000000,-9999.000000
2010-03-04 00:00:00,    0.000000,-9999.000000,-9999.000000
2010-03-05 00:00:00,    0.000000,-9999.000000,-9999.000000
2010-03-06 00:00:00,    0.000000,-9999.000000,-9999.000000
2010-03-07 00:00:00,    0.000000,-9999.000000,-9999.000000
2010-03-08 00:00:00,    0.000000,-9999.000000,-9999.000000
2010-03-09 00:00:00,    0.000000,-9999.000000,-9999.000000
2010-03-10 00:00:00,    0.000000,-9999.000000,-9999.000000
2010-03-11 00:00:00,    0.000000,-9999.000000,-9999.000000
2010-03-12 00:00:00,    0.000000,-9999.000000,-9999.000000
2010-03-13 00:00:00,    0.000000,-9999.000000,-9999.000000
2010-03-14 00:00:00,    0.000000,-9999.000000,-9999.000000
2010-03-15 00:00:00,    0.000000,-9999.000000,-9999.000000
2010-03-16 00:00:00,    0.000000,-9999.000000,-9999.000000
2010-03-17 00:00:00,    0.000000,-9999.000000,-9999.000000
2010-03-18 00:00:00,    0.000000,-9999.000000,-9999.000000
2010-03-19 00:00:00,    0.000000,-9999.000000,-9999.000000
2010-03-20 00:00:00,    0.000000,-9999.000000,-9999.000000
2010-03-21 00:00:00,    0.000000,-9999.000000,-9999.000000
2010-03-22 00:00:00,    0.000000,-9999.000000,-9999.000000
2010-03-23 00:00:00,    0.000000,-9999.000000,-9999.000000
2010-03-24 00:00:00,    0.000000,-9999.000000,-9999.000000
2010-03-25 00:00:00,    0.000000,-9999.000000,-9999.000000
2010-03-26 00:00:00,    0.000000,-9999.000000,-9999.000000
2010-03-27 00:00:00,    0.000000,-9999.000000,-9999.000000
2010-03-28 00:00:00,    0.000000,-9999.000000,-9999.000000
2010-03-29 00:00:00,    0.000000,-9999.000000,-9999.000000
2010-03-30 00:00:00,    0.000000,-9999.000000,-9999.000000
2010-03-31 00:00:00,    0.000000,-9999.000000,-9999.000000
2010-04-01 00:00:00,    0.000000,-9999.000000,-9999.000000
2010-04-02 00:00:00,    0.000000,-9999.000000,-9999.000000
2010-04-03 00:00:00,    0.000000,-9999.000000,-9999.000000
2010-04-04 00:00:00,    0.000000,-9999.000000,-9999.000000
2010-04-05 00:00:00,    0.000000,-9999.000000,-9999.000000
2010-04-06 00:00:00,    0.000000,-9999.000000,-9999.000000
2010-04-07 00:00:00,    0.000000,-9999.000000,-9999.000000
2010-04-08 00:00:00,    0.000000,-9999.000000,-9999.000000
2010-04-09 00:00:00,    0.000000,-9999.000000,-9999.000000
2010-04-10 00:00:00,    0.000000,-9999.000000,-9999.000000
2010-04-11 00:00:00,    0.000000,-9999.000000,-9999.000000
2010-04-12 00:00:00,    0.000000,-9999.000000,-9999.000000
2010-04-13 00:00:00,    0.000000,-9999.000000,-9999.000000
2010-04-14 00:00:00,    0.000000,-9999.000000,-9999.000000
2010-04-15 00:00:00,    0.000000,-9999.000000,-9999.000000
2010-04-16 00:00:00,    0.000000,-9999.000000,-9999.000000
2010-04-17 00:00:00,    0.000000,-9999.000000,-9999.000000
2010-04-18 00:00:00,    0.000000,-9999.000000,-9999.000000
2010-04-19 00:00:00,    0.000000,-9999.000000,-9999.000000
2010-04-20 00:00:00,    0.000000,-9999.000000,-9999.000000
2010-04-21 00:00:00,    0.000000,-9999.000000,-9999.000000
2010-04-22 00:00:00,    0.000000,-9999.000000,-9999.000000
2010-04-23 00:00:00,    0.000000,-9999.000000,-9999.000000
2010-04-24 00:00:00,    0.000000,-9999.000000,-9999.000000
2010-04-25 00:00:00,    0.000000,-9999.000000,-9999.000000
2010-04-26 00:00:00,    0.000000,-9999.000000,-9999.000000
2010-04-27 00:00:00,    0.000000,-9999.000000,-9999.000000
2010-04-28 00:00:00,    0.000000,-9999.000000,-9999.000000
2010-04-29 00:00:00,    0.000000,-9999.000000,-9999.000000
2010-04-30 00:00:00,    0.000000,-9999.000000,-9999.000000
2010-05-01 00:00:00,    0.000000,-9999.000000,-9999.000000
2010-05-02 00:00:00,    0.000000,-9999.000000,-9999.000000
2010-05-03 00:00:00,    0.000000,-9999.000000,-9999.000000
2010-05-04 00:00:00,    0.000000,-9999.000000,-9999.000000
2010-05-05 00:00:00,    0.000000,-9999.000000,-9999.000000
2010-05-06 00:00:00,    0.000000,-9999.000000,-9999.000000
2010-05-07 00:00:00,    0.000000,-9999.000000,-9999.000000
2010-05-08 00:00:00,    0.000000,-9999.000000,-9999.000000
2010-05-09 00:00:00,    0.000000,-9999.000000,-9999.000000
2010-05-10 00:00:00,    0.000000,-9999.000000,-9999.000000
2010-05-11 00:00:00,    0.000000,-9999.000000,-9999.000000
2010-05-12 00:00:00,    0.000000,-9999.000000,-9999.000000
2010-05-13 00:00:00,    0.000000,-9999.000000,-9999.000000
2010-05-14 00:00:00,    0.000000,-9999.000000,-9999.000000
2010-05-15 00:00:00,    0.000000,-9999.000000,-9999.000000
2010-05-16 00:00:00,    0.000000,-9999.000000,-9999.000000
2010-05-17 00:00:00,    0.000000,-9999.000000,-9999.000000
2010-05-18 00:00:00,    0.000000,-9999.000000,-9999.000000
2010-05-19 00:00:00,    0.000000,-9999.000000,-9999.000000
2010-05-20 00:00:00,    0.000000,-9999.000000,-9999.000000
2010-05-21 00:00:00,    0.000000,-9999.000000,-9999.000000
2010-05-22 00:00:00,    0.000000,-9999.000000,-9999.000000
2010-05-23 00:00:00,    0.000000,-9999.000000,-9999.000000
2010-05-24 00:00:00,    0.000000,-9999.000000,-9999.000000
2010-05-25 00:00:00,    0.000000,-9999.000000,-9999.000000
2010-05-26 00:00:00,    0.000000,-9999.000000,-9999.000000
2010-05-27 00:00:00,    0.000000,-9999.000000,-9999.000000
2010-05-28 00:00:00,    0.000000,-9999.000000,-9999.000000
2010-05-29 00:00:00,    0.000000,-9999.000000,-9999.000000
2010-05-30 00:00:00,    0.000000,-9999.000000,-9999.000000
2010-05-31 00:00:00,    0.000000,-9999.000000,-9999.000000
2010-06-01 00:00:00,    0.000000,-9999.000000,-9999.000000
2010-06-02 00:00:00,    0.000000,-9999.000000,-9999.000000
2010-06-03 00:00:00,    0.000000,-9999.000000,-9999.000000
2010-06-04 00:00:00,    0.000000,-9999.000000,-9999.000000
2010-06-05 00:00:00,    0.000000,-9999.000000,-9999.000000
2010-06-06 00:00:00,    0.000000,-9999.000000,-9999.000000
2010-06-07 00:00:00,    0.000000,-9999.000000,-9999.000000
2010-06-08 00:00:00,    0.000000,-9999.000000,-9999.000000
2010-06-09 00:00:00,    0.000000,-9999.000000,-9999.000000
2010-06-10 00:00:00,    0.000000,-9999.000000,-9999.000000
2010-06-11 00:00:00,    0.000000,-9999.000000,-9999.000000
2010-06-12 00:00:00,    0.000000,-9999.000000,-9999.000000
2010-06-13 00:00:00,    0.000000,-9999.000000,-9999.000000
2010-06-14 00:00:00,    0.000000,-9999.000000,-9999.000000
2010-06-15 00:00:00,    0.210032,   18.303051,    1.887157
2010-06-16 00:00:00,    9.699230,   18.248678,    1.877336
2010-06-17 00:00:00,    9.644786,   18.067263,    1.824043
2010-06-18 00:00:00,    9.737756,   18.064100,    1.829335
2010-06-19 00:00:00,   10.062313,   18.045595,    1.828921
2010-06-20 00:00:00,    9.364659,   18.036818,    1.833676
2010-06-21 00:00:00,    9.180875,   18.015103,    1.832373
2010-06-22 00:00:00,    8.649352,   17.989524,    1.829003
2010-06-23 00:00:00,   82.791225,   17.972131,    1.830493
2010-06-24 00:00:00,   79.812261,   17.946665,    1.827407
2010-06-25 00:00:00,   77.530384,   17.839595,    1.794225
2010-06-26 00:00:00,   73.762720,   17.838211,    1.799152
2010-06-27 00:00:00,   91.122625,   17.825091,    1.799517
2010-06-28 00:00:00,   89.663927,   17.816027,    1.803499
2010-06-29 00:00:00,   87.803468,   17.796523,    1.802531
2010-06-30 00:00:00,   85.914465,   17.770927,    1.799499
2010-07-01 00:00:00,   83.348835,   17.749643,    1.799964
2010-07-02 00:00:00,  156.383115,   17.718486,    1.796331
2010-07-03 00:00:00,  152.266671,   17.445528,    1.744996
2010-07-04 00:00:00,  149.610581,   17.229356,    1.708762
2010-07-05 00:00:00,  147.455548,   17.009400,    1.672832
2010-07-06 00:00:00,  144.481170,   16.895701,    1.656324
2010-07-07 00:00:00,  139.833761,   16.706480,    1.629520
2010-07-08 00:00:00,  243.323492,   14.224659,    1.161232
2010-07-09 00:00:00,  312.466597,   13.907789,    1.155916
2010-07-10 00:00:00,  439.922035,   13.805126,    1.153752
2010-07-11 00:00:00,  576.483372,   13.961291,    1.143947
2010-07-12 00:00:00,  605.657641,   13.741257,    1.140227
2010-07-13 00:00:00,  615.551952,   13.661084,    1.138790
2010-07-14 00:00:00,  607.331420,   14.192071,    1.229131
2010-07-15 00:00:00,  594.995990,   13.965040,    1.190648
2010-07-16 00:00:00,  654.301242,   14.382525,    1.261827
2010-07-17 00:00:00,  648.154069,   13.652058,    1.132349
2010-07-18 00:00:00,  644.949366,   13.581973,    1.131404
2010-07-19 00:00:00,  635.058797,   14.103631,    1.219560
2010-07-20 00:00:00,  624.159615,   13.881022,    1.182064
2010-07-21 00:00:00,  613.298923,   14.286982,    1.251127
2010-07-22 00:00:00,  602.153099,   14.380411,    1.268117
2010-07-23 00:00:00,  591.134686,   14.437974,    1.279045
2010-07-24 00:00:00,  578.256092,   14.806144,    1.340292
2010-07-25 00:00:00,  567.485566,   14.829374,    1.345101
2010-07-26 00:00:00,  572.630442,   14.944311,    1.365049
2010-07-27 00:00:00,  580.141826,   15.014954,    1.377726
2010-07-28 00:00:00,  593.057493,   15.055671,    1.385372
2010-07-29 00:00:00,  642.990118,   15.076809,    1.389636
2010-07-30 00:00:00,  631.202758,   15.083722,    1.391392
2010-07-31 00:00:00,  622.457696,   15.081075,    1.391409
2010-08-01 00:00:00,  610.644408,   15.302669,    1.427369
2010-08-02 00:00:00,  596.892675,   15.287438,    1.425098
2010-08-03 00:00:00,  585.772988,   15.272995,    1.422882
2010-08-04 00:00:00,  573.882134,   15.255863,    1.420173
2010-08-05 00:00:00,  564.334305,   15.247285,    1.418807
2010-08-06 00:00:00,  551.807897,   15.240590,    1.417728
2010-08-07 00:00:00,  540.243420,   15.235628,    1.416929
2010-08-08 00:00:00,  527.296384,   15.232444,    1.416413
2010-08-09 00:00:00,  512.649749,   15.229921,    1.415997
2010-08-10 00:00:00,  488.560605,   15.228173,    1.415700
2010-08-11 00:00:00,  460.679873,   15.333570,    1.432654
2010-08-12 00:00:00, 1453.280226,   15.377360,    1.439842
2010-08-13 00:00:00, 2297.557702,   15.130682,    1.396381
2010-08-14 00:00:00, 2244.049456,   15.236308,    1.413089
2010-08-15 00:00:00, 2188.694176,   15.561051,    1.466075
2010-08-16 00:00:00, 2132.706836,   15.624768,    1.476014
2010-08-17 00:00:00, 2108.680720,   15.659184,    1.480790
2010-08-18 00:00:00, 2083.152289,   15.671477,    1.481548
2010-08-19 00:00:00, 2031.689952,   15.687715,    1.483013
2010-08-20 00:00:00, 2079.272128,   15.693224,    1.482503
2010-08-21 00:00:00, 2062.335866,   15.709395,    1.484021
2010-08-22 00:00:00, 2047.619004,   15.724410,    1.485322
2010-08-23 00:00:00, 2008.141384,   15.929483,    1.519860
2010-08-24 00:00:00, 1954.270875,   15.963677,    1.525363
2010-08-25 00:00:00, 1901.752647,   15.977531,    1.527349
2010-08-26 00:00:00, 1853.314474,   15.983144,    1.527863
2010-08-27 00:00:00, 1805.997049,   15.975918,    1.526024
2010-08-28 00:00:00, 1763.823406,   15.961155,    1.522736
2010-08-29 00:00:00, 1723.386081,   15.937785,    1.517762
2010-08-30 00:00:00, 1686.756631,   16.048098,    1.536157
2010-08-31 00:00:00, 1790.820799,   16.033298,    1.532787
2010-09-01 00:00:00, 1736.378202,   16.030830,    1.531691
2010-09-02 00:00:00, 1690.281474,   16.022764,    1.529550
2010-09-03 00:00:00, 1666.045462,   16.023540,    1.529042
2010-09-04 00:00:00, 1627.759397,   16.008108,    1.525410
2010-09-05 00:00:00, 1586.242179,   15.994450,    1.522102
2010-09-06 00:00:00, 1549.859818,   15.982456,    1.519100
2010-09-07 00:00:00, 1664.073498,   15.973761,    1.516683
2010-09-08 00:00:00, 1633.686790,   15.963211,    1.513964
2010-09-09 00:00:00, 1626.084329,   16.024900,    1.524226
2010-09-10 00:00:00, 1586.291032,   16.046088,    1.528070
2010-09-11 00:00:00, 1552.507806,   16.054150,    1.529399
2010-09-12 00:00:00, 1576.985892,   16.065024,    1.531133
2010-09-13 00:00:00, 1533.320551,   16.057906,    1.529425
2010-09-14 00:00:00, 1490.226547,   16.066161,    1.530543
2010-09-15 00:00:00, 1448.062590,   16.082225,    1.533121
2010-09-16 00:00:00, 1392.670585,   16.074347,    1.531112
2010-09-17 00:00:00, 1345.433545,   16.141562,    1.542554
2010-09-18 00:00:00, 1300.744319,   16.158586,    1.545262
2010-09-19 00:00:00, 1256.697260,   16.140046,    1.541264
2010-09-20 00:00:00, 1217.430238,   16.150893,    1.542879
2010-09-21 00:00:00, 1179.479714,   16.139277,    1.540003
2010-09-22 00:00:00, 1146.179925,   16.130004,    1.537583
2010-09-23 00:00:00, 1114.357146,   16.159393,    1.542703
2010-09-24 00:00:00, 1088.181512,   16.174625,    1.545232
2010-09-25 00:00:00, 1057.966218,   16.183993,    1.546696
2010-09-26 00:00:00, 1020.629473,   16.195291,    1.548501
2010-09-27 00:00:00,  985.829731,   16.285156,    1.564274
2010-09-28 00:00:00,  945.501792,   16.288761,    1.564609
2010-09-29 00:00:00,  907.708234,   16.291942,    1.564837
2010-09-30 00:00:00,  872.296272,   16.287328,    1.563583
2010-10-01 00:00:00,  844.937970,   16.292640,    1.564107
2010-10-02 00:00:00,  807.167010,   16.287271,    1.562593
2010-10-03 00:00:00,  783.117855,   16.286011,    1.561851
2010-10-04 00:00:00,  752.073425,   16.293728,    1.562785
2010-10-05 00:00:00,  719.227563,   16.282181,    1.560059
2010-10-06 00:00:00,  684.046026,   16.285046,    1.560047
2010-10-07 00:00:00,  653.937940,   16.281285,    1.558766
2010-10-08 00:00:00,  625.902369,   16.270945,    1.556219
2010-10-09 00:00:00,  598.680342,   16.267709,    1.555013
2010-10-10 00:00:00,  555.416325,   16.280187,    1.556793
2010-10-11 00:00:00,  527.467806,   16.279138,    1.555991
2010-10-12 00:00:00,  500.271879,   16.276855,    1.554947
2010-10-13 00:00:00,  471.555106,   16.276469,    1.554261
2010-10-14 00:00:00,  437.346123,   16.455101,    1.585116
2010-10-15 00:00:00,  407.836377,   16.455633,    1.584578
2010-10-16 00:00:00,  383.887170,   16.456423,    1.584085
2010-10-17 00:00:00,  365.935849,   16.456248,    1.583403
2010-10-18 00:00:00,  349.525838,   16.457784,    1.583045
2010-10-19 00:00:00,  338.913657,   16.459545,    1.582727
2010-10-20 00:00:00,  378.159327,   16.355928,    1.564046
2010-10-21 00:00:00,  353.967263,   16.345996,    1.561522
2010-10-22 00:00:00,  330.374325,   16.346683,    1.561013
2010-10-23 00:00:00,  305.043350,   16.344539,    1.559951
2010-10-24 00:00:00,  277.565993,   16.360994,    1.562428
2010-10-25 00:00:00,  255.886394,   16.360613,    1.561679
2010-10-26 00:00:00,  240.212397,   16.577068,    1.598840
2010-10-27 00:00:00,  222.663828,   16.580825,    1.598837
2010-10-28 00:00:00,  192.816422,   16.582489,    1.598431
2010-10-29 00:00:00,  175.149716,   16.585325,    1.598253
2010-10-30 00:00:00,  158.645870,   16.585380,    1.597547
2010-10-31 00:00:00,  140.526361,   16.590792,    1.597858
2010-11-01 00:00:00,  122.225291,   16.588939,    1.596885
2010-11-02 00:00:00,  104.752370,   16.589509,    1.596376
2010-11-03 00:00:00,   90.954986,   16.592843,    1.596305
2010-11-04 00:00:00,   79.227216,   16.596345,    1.596263
2010-11-05 00:00:00,   66.653902,   16.600056,    1.596260
2010-11-06 00:00:00,   56.182089,   16.603998,    1.596300
2010-11-07 00:00:00,   46.270556,   16.611393,    1.596999
2010-11-08 00:00:00,   38.937408,   16.617769,    1.597508
2010-11-09 00:00:00,   37.445844,   16.623174,    1.597835
2010-11-10 00:00:00,   38.636661,   16.610659,    1.594751
2010-11-11 00:00:00,   25.124822,   16.629532,    1.597619
2010-11-12 00:00:00,   16.344775,   16.630161,    1.597010
2010-11-13 00:00:00,    7.629311,   16.632952,    1.596813
2010-11-14 00:00:00,    1.539377,   16.619621,    1.593554
2010-11-15 00:00:00,    0.000000,-9999.000000,-9999.000000
2010-11-16 00:00:00,    0.000000,-9999.000000,-9999.000000
2010-11-17 00:00:00,    0.000000,-9999.000000,-9999.000000
2010-11-18 00:00:00,    0.000000,-9999.000000,-9999.000000
2010-11-19 00:00:00,    0.000000,-9999.000000,-9999.000000
2010-11-20 00:00:00,    0.000000,-9999.000000,-9999.000000
2010-11-21 00:00:00,    0.000000,-9999.000000,-9999.000000
2010-11-22 00:00:00,    0.000000,-9999.000000,-9999.000000
2010-11-23 00:00:00,    0.000000,-9999.000000,-9999.000000
2010-11-24 00:00:00,    0.000000,-9999.000000,-9999.000000
2010-11-25 00:00:00,    0.000000,-9999.000000,-9999.000000
2010-11-26 00:00:00,    0.000000,-9999.000000,-9999.000000
2010-11-27 00:00:00,    0.000000,-9999.000000,-9999.000000
2010-11-28 00:00:00,    0.000000,-9999.000000,-9999.000000
2010-11-29 00:00:00,    0.000000,-9999.000000,-9999.000000
2010-11-30 00:00:00,    0.000000,-9999.000000,-9999.000000
2010-12-01 00:00:00,    0.000000,-9999.000000,-9999.000000
2010-12-02 00:00:00,    0.000000,-9999.000000,-9999.000000
2010-12-03 00:00:00,    0.000000,-9999.000000,-9999.000000
2010-12-04 00:00:00,    0.000000,-9999.000000,-9999.000000
2010-12-05 00:00:00,    0.000000,-9999.000000,-9999.000000
2010-12-06 00:00:00,    0.000000,-9999.000000,-9999.000000
2010-12-07 00:00:00,    0.000000,-9999.000000,-9999.000000
2010-12-08 00:00:00,    0.000000,-9999.000000,-9999.000000
2010-12-09 00:00:00,    0.000000,-9999.000000,-9999.000000
2010-12-10 00:00:00,    0.000000,-9999.000000,-9999.000000
2010-12-11 00:00:00,    0.000000,-9999.000000,-9999.000000
2010-12-12 00:00:00,    0.000000,-9999.000000,-9999.000000
2010-12-13 00:00:00,    0.000000,-9999.000000,-9999.000000
2010-12-14 00:00:00,    0.000000,-9999.000000,-9999.000000
2010-12-15 00:00:00,    0.000000,-9999.000000,-9999.000000
2010-12-16 00:00:00,    0.000000,-9999.000000,-9999.000000
2010-12-17 00:00:00,    0.000000,-9999.000000,-9999.000000
2010-12-18 00:00:00,    0.000000,-9999.000000,-9999.000000
2010-12-19 00:00:00,    0.000000,-9999.000000,-9999.000000
2010-12-20 00:00:00,    0.000000,-9999.000000,-9999.000000
2010-12-21 00:00:00,    0.000000,-9999.000000,-9999.000000
2010-12-22 00:00:00,    0.000000,-9999.000000,-9999.000000
2010-12-23 00:00:00,    0.000000,-9999.000000,-9999.000000
2010-12-24 00:00:00,    0.000000,-9999.000000,-9999.000000
2010-12-25 00:00:00,    0.000000,-9999.000000,-9999.000000
2010-12-26 00:00:00,    0.000000,-9999.000000,-9999.000000
2010-12-27 00:00:00,    0.000000,-9999.000000,-9999.000000
2010-12-28 00:00:00,    0.000000,-9999.000000,-9999.000000
2010-12-29 00:00:00,    0.000000,-9999.000000,-9999.000000
2010-12-30 00:00:00,    0.000000,-9999.000000,-9999.000000
2010-12-31 00:00:00,    0.000000,-9999.000000,-9999.000000
2011-01-01 00:00:00,    0.000000,-9999.000000,-9999.000000
2011-01-02 00:00:00,    0.000000,-9999.000000,-9999.000000
2011-01-03 00:00:00,    0.000000,-9999.000000,-9999.000000
2011-01-04 00:00:00,    0.000000,-9999.000000,-9999.000000
2011-01-05 00:00:00,    0.000000,-9999.000000,-9999.000000
2011-01-06 00:00:00,    0.000000,-9999.000000,-9999.000000
2011-01-07 00:00:00,    0.000000,-9999.000000,-9999.000000
2011-01-08 00:00:00,    0.000000,-9999.000000,-9999.000000
2011-01-09 00:00:00,    0.000000,-9999.000000,-9999.000000
2011-01-10 00:00:00,    0.000000,-9999.000000,-9999.000000
2011-01-11 00:00:00,    0.000000,-9999.000000,-9999.000000
2011-01-12 00:00:00,    0.000000,-9999.000000,-9999.000000
2011-01-13 00:00:00,    0.000000,-9999.000000,-9999.000000
2011-01-14 00:00:00,    0.000000,-9999.000000,-9999.000000
2011-01-15 00:00:00,    0.000000,-9999.000000,-9999.000000
2011-01-16 00:00:00,    0.000000,-9999.000000,-9999.000000
2011-01-17 00:00:00,    0.000000,-9999.000000,-9999.000000
2011-01-18 00:00:00,    0.000000,-9999.000000,-9999.000000
2011-01-19 00:00:00,    0.000000,-9999.000000,-9999.000000
2011-01-20 00:00:00,    0.000000,-9999.000000,-9999.000000
2011-01-21 00:00:00,    0.000000,-9999.000000,-9999.000000
2011-01-22 00:00:00,    0.000000,-9999.000000,-9999.000000
2011-01-23 00:00:00,    0.000000,-9999.000000,-9999.000000
2011-01-24 00:00:00,    0.000000,-9999.000000,-9999.000000
2011-01-25 00:00:00,    0.000000,-9999.000000,-9999.000000
2011-01-26 00:00:00,    0.000000,-9999.000000,-9999.000000
2011-01-27 00:00:00,    0.000000,-9999.000000,-9999.000000
2011-01-28 00:00:00,    0.000000,-9999.000000,-9999.000000
2011-01-29 00:00:00,    0.000000,-9999.000000,-9999.000000
2011-01-30 00:00:00,    0.000000,-9999.000000,-9999.000000
2011-01-31 00:00:00,    0.000000,-9999.000000,-9999.000000
2011-02-01 00:00:00,    0.000000,-9999.000000,-9999.000000
2011-02-02 00:00:00,    0.000000,-9999.000000,-9999.000000
2011-02-03 00:00:00,    0.000000,-9999.000000,-9999.000000
2011-02-04 00:00:00,    0.000000,-9999.000000,-9999.000000
2011-02-05 00:00:00,    0.000000,-9999.000000,-9999.000000
2011-02-06 00:00:00,    0.000000,-9999.000000,-9999.000000
2011-02-07 00:00:00,    0.000000,-9999.000000,-9999.000000
2011-02-08 00:00:00,    0.000000,-9999.000000,-9999.000000
2011-02-09 00:00:00,    0.000000,-9999.000000,-9999.000000
2011-02-10 00:00:00,    0.000000,-9999.000000,-9999.000000
2011-02-11 00:00:00,    0.000000,-9999.000000,-9999.000000
2011-02-12 00:00:00,    0.000000,-9999.000000,-9999.000000
2011-02-13 00:00:00,    0.000000,-9999.000000,-9999.000000
2011-02-14 00:00:00,    0.000000,-9999.000000,-9999.000000
2011-02-15 00:00:00,    0.000000,-9999.000000,-9999.000000
2011-02-16 00:00:00,    0.000000,-9999.000000,-9999.000000
2011-02-17 00:00:00,    0.000000,-9999.000000,-9999.000000
2011-02-18 00:00:00,    0.000000,-9999.000000,-9999.000000
2011-02-19 00:00:00,    0.000000,-9999.000000,-9999.000000
2011-02-20 00:00:00,    0.000000,-9999.000000,-9999.000000
2011-02-21 00:00:00,    0.000000,-9999.000000,-9999.000000
2011-02-22 00:00:00,    0.000000,-9999.000000,-9999.000000
2011-02-23 00:00:00,    0.000000,-9999.000000,-9999.000000
2011-02-24 00:00:00,    0.000000,-9999.000000,-9999.000000
2011-02-25 00:00:00,    0.000000,-9999.000000,-9999.000000
2011-02-26 00:00:00,    0.000000,-9999.000000,-9999.000000
2011-02-27 00:00:00,    0.000000,-9999.000000,-9999.000000
2011-02-28 00:00:00,    0.000000,-9999.000000,-9999.000000
2011-03-01 00:00:00,    0.000000,-9999.000000,-9999.000000
2011-03-02 00:00:00,    0.000000,-9999.000000,-9999.000000
2011-03-03 00:00:00,    0.000000,-9999.000000,-9999.000000
2011-03-04 00:00:00,    0.000000,-9999.000000,-9999.000000
2011-03-05 00:00:00,    0.000000,-9999.000000,-9999.000000
2011-03-06 00:00:00,    0.000000,-9999.000000,-9999.000000
2011-03-07 00:00:00,    0.000000,-9999.000000,-9999.000000
2011-03-08 00:00:00,    0.000000,-9999.000000,-9999.000000
2011-03-09 00:00:00,    0.000000,-9999.000000,-9999.000000
2011-03-10 00:00:00,    0.000000,-9999.000000,-9999.000000
2011-03-11 00:00:00,    0.000000,-9999.000000,-9999.000000
2011-03-12 00:00:00,    0.000000,-9999.000000,-9999.000000
2011-03-13 00:00:00,    0.000000,-9999.000000,-9999.000000
2011-03-14 00:00:00,    0.000000,-9999.000000,-9999.000000
2011-03-15 00:00:00,    0.000000,-9999.000000,-9999.000000
2011-03-16 00:00:00,    0.000000,-9999.000000,-9999.000000
2011-03-17 00:00:00,    0.000000,-9999.000000,-9999.000000
2011-03-18 00:00:00,    0.000000,-9999.000000,-9999.000000
2011-03-19 00:00:00,    0.000000,-9999.000000,-9999.000000
2011-03-20 00:00:00,    0.000000,-9999.000000,-9999.000000
2011-03-21 00:00:00,    0.000000,-9999.000000,-9999.000000
2011-03-22 00:00:00,    0.000000,-9999.000000,-9999.000000
2011-03-23 00:00:00,    0.000000,-9999.000000,-9999.000000
2011-03-24 00:00:00,    0.000000,-9999.000000,-9999.000000
2011-03-25 00:00:00,    0.000000,-9999.000000,-9999.000000
2011-03-26 00:00:00,    0.000000,-9999.000000,-9999.000000
2011-03-27 00:00:00,    0.000000,-9999.000000,-9999.000000
2011-03-28 00:00:00,    0.000000,-9999.000000,-9999.000000
2011-03-29 00:00:00,    0.000000,-9999.000000,-9999.000000
2011-03-30 00:00:00,    0.000000,-9999.000000,-9999.000000
2011-03-31 00:00:00,    0.000000,-9999.000000,-9999.000000
2011-04-01 00:00:00,    0.000000,-9999.000000,-9999.000000
2011-04-02 00:00:00,    0.000000,-9999.000000,-9999.000000
2011-04-03 00:00:00,    0.000000,-9999.000000,-9999.000000
2011-04-04 00:00:00,    0.000000,-9999.000000,-9999.000000
2011-04-05 00:00:00,    0.000000,-9999.000000,-9999.000000
2011-04-06 00:00:00,    0.000000,-9999.000000,-9999.000000
2011-04-07 00:00:00,    0.000000,-9999.000000,-9999.000000
2011-04-08 00:00:00,    0.000000,-9999.000000,-9999.000000
2011-04-09 00:00:00,    0.000000,-9999.000000,-9999.000000
2011-04-10 00:00:00,    0.000000,-9999.000000,-9999.000000
2011-04-11 00:00:00,    0.000000,-9999.000000,-9999.000000
2011-04-12 00:00:00,    0.000000,-9999.000000,-9999.000000
2011-04-13 00:00:00,    0.000000,-9999.000000,-9999.000000
2011-04-14 00:00:00,    0.000000,-9999.000000,-9999.000000
2011-04-15 00:00:00,    0.000000,-9999.000000,-9999.000000
2011-04-16 00:00:00,    0.000000,-9999.000000,-9999.000000
2011-04-17 00:00:00,    0.000000,-9999.000000,-9999.000000
2011-04-18 00:00:00,    0.000000,-9999.000000,-9999.000000
2011-04-19 00:00:00,    0.000000,-9999.000000,-9999.000000
2011-04-20 00:00:00,    0.000000,-9999.000000,-9999.000000
2011-04-21 00:00:00,    0.000000,-9999.000000,-9999.000000
2011-04-22 00:00:00,    0.000000,-9999.000000,-9999.000000
2011-04-23 00:00:00,    0.000000,-9999.000000,-9999.000000
2011-04-24 00:00:00,    0.000000,-9999.000000,-9999.000000
2011-04-25 00:00:00,    0.000000,-9999.000000,-9999.000000
2011-04-26 00:00:00,    0.000000,-9999.000000,-9999.000000
2011-04-27 00:00:00,    0.000000,-9999.000000,-9999.000000
2011-04-28 00:00:00,    0.000000,-9999.000000,-9999.000000
2011-04-29 00:00:00,    0.000000,-9999.000000,-9999.000000
2011-04-30 00:00:00,    0.000000,-9999.000000,-9999.000000
2011-05-01 00:00:00,    0.000000,-9999.000000,-9999.000000
2011-05-02 00:00:00,    0.000000,-9999.000000,-9999.000000
2011-05-03 00:00:00,    0.000000,-9999.000000,-9999.000000
2011-05-04 00:00:00,    0.000000,-9999.000000,-9999.000000
2011-05-05 00:00:00,    0.000000,-9999.000000,-9999.000000
2011-05-06 00:00:00,    0.000000,-9999.000000,-9999.000000
2011-05-07 00:00:00,    0.000000,-9999.000000,-9999.000000
2011-05-08 00:00:00,    0.000000,-9999.000000,-9999.000000
2011-05-09 00:00:00,    0.000000,-9999.000000,-9999.000000
2011-05-10 00:00:00,    0.000000,-9999.000000,-9999.000000
2011-05-11 00:00:00,    0.000000,-9999.000000,-9999.000000
2011-05-12 00:00:00,    0.000000,-9999.000000,-9999.000000
2011-05-13 00:00:00,    0.000000,-9999.000000,-9999.000000
2011-05-14 00:00:00,    0.000000,-9999.000000,-9999.000000
2011-05-15 00:00:00,    0.000000,-9999.000000,-9999.000000
2011-05-16 00:00:00,    0.000000,-9999.000000,-9999.000000
2011-05-17 00:00:00,    0.000000,-9999.000000,-9999.000000
2011-05-18 00:00:00,    0.000000,-9999.000000,-9999.000000
2011-05-19 00:00:00,    0.000000,-9999.000000,-9999.000000
2011-05-20 00:00:00,    0.000000,-9999.000000,-9999.000000
2011-05-21 00:00:00,    0.000000,-9999.000000,-9999.000000
2011-05-22 00:00:00,    0.000000,-9999.000000,-9999.000000
2011-05-23 00:00:00,    0.000000,-9999.000000,-9999.000000
2011-05-24 00:00:00,    0.000000,-9999.000000,-9999.000000
2011-05-25 00:00:00,    0.000000,-9999.000000,-9999.000000
2011-05-26 00:00:00,    0.000000,-9999.000000,-9999.000000
2011-05-27 00:00:00,    0.000000,-9999.000000,-9999.000000
2011-05-28 00:00:00,    0.000000,-9999.000000,-9999.000000
2011-05-29 00:00:00,    0.000000,-9999.000000,-9999.000000
2011-05-30 00:00:00,    0.000000,-9999.000000,-9999.000000
2011-05-31 00:00:00,    0.000000,-9999.000000,-9999.000000
2011-06-01 00:00:00,    0.000000,-9999.000000,-9999.000000
2011-06-02 00:00:00,    0.000000,-9999.000000,-9999.000000
2011-06-03 00:00:00,    0.000000,-9999.000000,-9999.000000
2011-06-04 00:00:00,    0.000000,-9999.000000,-9999.000000
2011-06-05 00:00:00,    0.000000,-9999.000000,-9999.000000
2011-06-06 00:00:00,    0.000000,-9999.000000,-9999.000000
2011-06-07 00:00:00,    0.000000,-9999.000000,-9999.000000
2011-06-08 00:00:00,    0.000000,-9999.000000,-9999.000000
2011-06-09 00:00:00,    0.000000,-9999.000000,-9999.000000
2011-06-10 00:00:00,    0.000000,-9999.000000,-9999.000000
2011-06-11 00:00:00,    0.000000,-9999.000000,-9999.000000
2011-06-12 00:00:00,    0.000000,-9999.000000,-9999.000000
2011-06-13 00:00:00,    0.000000,-9999.000000,-9999.000000
2011-06-14 00:00:00,    0.000000,-9999.000000,-9999.000000
2011-06-15 00:00:00,    0.000000,-9999.000000,-9999.000000
2011-06-16 00:00:00,    0.000000,-9999.000000,-9999.000000
2011-06-17 00:00:00,    0.000000,-9999.000000,-9999.000000
2011-06-18 00:00:00,    0.000000,-9999.000000,-9999.000000
2011-06-19 00:00:00,    0.000000,-9999.000000,-9999.000000
2011-06-20 00:00:00,    0.000000,-9999.000000,-9999.000000
2011-06-21 00:00:00,    0.000000,-9999.000000,-9999.000000
2011-06-22 00:00:00,    0.000000,-9999.000000,-9999.000000
2011-06-23 00:00:00,    0.000000,-9999.000000,-9999.000000
2011-06-24 00:00:00,    0.000000,-9999.000000,-9999.000000
2011-06-25 00:00:00,  232.144311,   16.532439,    1.532233
2011-06-26 00:00:00,  739.157051,   16.825412,    1.598319
2011-06-27 00:00:00,  723.881858,   16.951764,    1.628106
2011-06-28 00:00:00, 1407.017168,   16.730595,    1.573526
2011-06-29 00:00:00, 1889.816520,   16.897524,    1.612650
2011-06-30 00:00:00, 2032.811930,   16.992633,    1.635124
2011-07-01 00:00:00, 2575.100340,   16.980581,    1.636096
2011-07-02 00:00:00, 3164.615075,   15.057410,    1.215153
2011-07-03 00:00:00, 3363.057059,   15.448452,    1.305802
2011-07-04 00:00:00, 3482.797909,   14.686593,    1.202668
2011-07-05 00:00:00, 3395.350690,   14.555687,    1.199769
2011-07-06 00:00:00, 3307.153621,   14.990846,    1.286675
2011-07-07 00:00:00, 3223.216441,   15.277575,    1.344791
2011-07-08 00:00:00, 3140.889945,   14.364588,    1.197408
2011-07-09 00:00:00, 3055.033511,   14.210387,    1.196691
2011-07-10 00:00:00, 2980.967552,   14.084211,    1.196072
2011-07-11 00:00:00, 3056.984776,   13.913862,    1.190872
2011-07-12 00:00:00, 2980.510920,   13.825635,    1.190069
2011-07-13 00:00:00, 2908.690533,   14.340177,    1.273783
2011-07-14 00:00:00, 2837.675785,   14.681403,    1.329778
2011-07-15 00:00:00, 2899.211800,   14.078176,    1.231507
2011-07-16 00:00:00, 2828.614672,   14.478564,    1.296101
2011-07-17 00:00:00, 2755.847083,   14.422635,    1.287829
2011-07-18 00:00:00, 2686.014021,   14.459068,    1.294403
2011-07-19 00:00:00, 2629.521407,   14.489803,    1.300008
2011-07-20 00:00:00, 2912.593616,   14.504861,    1.303209
2011-07-21 00:00:00, 3718.340561,   14.507896,    1.304507
2011-07-22 00:00:00, 4714.085434,   14.530111,    1.308572
2011-07-23 00:00:00, 4599.170604,   14.553594,    1.312782
2011-07-24 00:00:00, 4492.189928,   14.580584,    1.317469
2011-07-25 00:00:00, 4555.686487,   14.598410,    1.320750
2011-07-26 00:00:00, 4458.850235,   14.612809,    1.323481
2011-07-27 00:00:00, 4588.883494,   14.624629,    1.325785
2011-07-28 00:00:00, 4654.677600,   14.633872,    1.327669
2011-07-29 00:00:00, 4523.883565,   14.641127,    1.329220
2011-07-30 00:00:00, 4500.000451,   14.646654,    1.330477
2011-07-31 00:00:00, 5111.240012,   14.650462,    1.331448
2011-08-01 00:00:00, 5718.930850,   14.653276,    1.332246
2011-08-02 00:00:00, 5697.759542,   14.654711,    1.332811
2011-08-03 00:00:00, 5531.667238,   14.908512,    1.373044
2011-08-04 00:00:00, 5382.261218,   14.893625,    1.371002
2011-08-05 00:00:00, 5229.426771,   14.885377,    1.369940
2011-08-06 00:00:00, 5067.077321,   14.872442,    1.368137
2011-08-07 00:00:00, 4974.081662,   14.856937,    1.365919
2011-08-08 00:00:00, 4834.700524,   14.847884,    1.364671
2011-08-09 00:00:00, 4705.721666,   14.834778,    1.362781
2011-08-10 00:00:00, 4584.439636,   14.827396,    1.361761
2011-08-11 00:00:00, 4464.139838,   14.672104,    1.337582
2011-08-12 00:00:00, 4347.704008,   14.666362,    1.336804
2011-08-13 00:00:00, 4673.747266,   14.660511,    1.336006
2011-08-14 00:00:00, 4652.717796,   14.651072,    1.334649
2011-08-15 00:00:00, 4691.135911,   14.640286,    1.333060
2011-08-16 00:00:00, 4598.491317,   14.630079,    1.331551
2011-08-17 00:00:00, 4481.256509,   14.616300,    1.329468
2011-08-18 00:00:00, 4364.353255,   14.863553,    1.368152
2011-08-19 00:00:00, 4252.979443,   14.860203,    1.367616
2011-08-20 00:00:00, 4149.692740,   14.855939,    1.366895
2011-08-21 00:00:00, 4276.929993,   14.850293,    1.365944
2011-08-22 00:00:00, 4393.268881,   14.849856,    1.365834
2011-08-23 00:00:00, 4478.620826,   14.851312,    1.366041
2011-08-24 00:00:00, 4361.624773,   14.852841,    1.366275
2011-08-25 00:00:00, 4245.990135,   14.848959,    1.365677
2011-08-26 00:00:00, 4138.567422,   14.850119,    1.365881
2011-08-27 00:00:00, 4031.082383,   14.851297,    1.366097
2011-08-28 00:00:00, 3928.165500,   14.853689,    1.366505
2011-08-29 00:00:00, 3828.523562,   14.853776,    1.366556
2011-08-30 00:00:00, 3732.092698,   14.853957,    1.366620
2011-08-31 00:00:00, 3642.683672,   14.854217,    1.366696
2011-09-01 00:00:00, 3587.150677,   14.854101,    1.366714
2011-09-02 00:00:00, 3508.940988,   14.854018,    1.366737
2011-09-03 00:00:00, 3412.482864,   14.863321,    1.368211
2011-09-04 00:00:00, 3318.854065,   14.855414,    1.367020
2011-09-05 00:00:00, 3214.905741,   14.864747,    1.368495
2011-09-06 00:00:00, 3118.212917,   14.865900,    1.368703
2011-09-07 00:00:00, 3021.170742,   14.867100,    1.368915
2011-09-08 00:00:00, 2930.206010,   14.858966,    1.367678
2011-09-09 00:00:00, 2843.622385,   14.859362,    1.367755
2011-09-10 00:00:00, 2760.543832,   14.860060,    1.367875
2011-09-11 00:00:00, 2682.454831,   14.860230,    1.367910
2011-09-12 00:00:00, 2602.933989,   14.861694,    1.368145
2011-09-13 00:00:00, 2530.046939,   14.863303,    1.368400
2011-09-14 00:00:00, 2464.601906,   14.865599,    1.368757
2011-09-15 00:00:00, 2398.095353,   14.866171,    1.368839
2011-09-16 00:00:00, 2318.789698,   14.870968,    1.369577
2011-09-17 00:00:00, 2317.281090,   14.871832,    1.369697
2011-09-18 00:00:00, 2711.267202,   14.967150,    1.384519
2011-09-19 00:00:00, 2822.348975,   14.973732,    1.385538
2011-09-20 00:00:00, 2736.482165,   14.967919,    1.384629
2011-09-21 00:00:00, 2775.174949,   14.971727,    1.385214
2011-09-22 00:00:00, 2707.051402,   14.975589,    1.385797
2011-09-23 00:00:00, 2634.562951,   14.989401,    1.387921
2011-09-24 00:00:00, 2561.199115,   14.996304,    1.388953
2011-09-25 00:00:00, 2489.714624,   15.000405,    1.389546
2011-09-26 00:00:00, 2418.338565,   15.008111,    1.390707
2011-09-27 00:00:00, 2518.246846,   15.016230,    1.391938
2011-09-28 00:00:00, 2451.233738,   15.024635,    1.393220
2011-09-29 00:00:00, 2377.250357,   15.033246,    1.394540
2011-09-30 00:00:00, 2302.640123,   15.042032,    1.395891
2011-10-01 00:00:00, 2241.941316,   15.051941,    1.397414
2011-10-02 00:00:00, 2309.850065,   15.062105,    1.398979
2011-10-03 00:00:00, 2231.619535,   15.068045,    1.399898
2011-10-04 00:00:00, 2165.904533,   15.077260,    1.401324
2011-10-05 00:00:00, 2109.870739,   15.090419,    1.403359
2011-10-06 00:00:00, 2047.402589,   15.099568,    1.404774
2011-10-07 00:00:00, 1990.689597,   15.108878,    1.406213
2011-10-08 00:00:00, 1937.931443,   15.118331,    1.407674
2011-10-09 00:00:00, 1871.009500,   15.127917,    1.409157
2011-10-10 00:00:00, 1803.645889,   15.134918,    1.410241
2011-10-11 00:00:00, 1745.099136,   15.144998,    1.411800
2011-10-12 00:00:00, 1688.756201,   15.155130,    1.413369
2011-10-13 00:00:00, 1614.213820,   15.171785,    1.415939
2011-10-14 00:00:00, 1561.005568,   15.182159,    1.417545
2011-10-15 00:00:00, 1514.002621,   15.192529,    1.419151
2011-10-16 00:00:00, 1450.183723,   15.203110,    1.420788
2011-10-17 00:00:00, 1403.517038,   15.215158,    1.422647
2011-10-18 00:00:00, 1472.152618,   15.279120,    1.431586
2011-10-19 00:00:00, 1411.248455,   15.178481,    1.416014
2011-10-20 00:00:00, 1356.142603,   15.179303,    1.416127
2011-10-21 00:00:00, 1305.659818,   15.192070,    1.418079
2011-10-22 00:00:00, 1271.410562,   15.409812,    1.451697
2011-10-23 00:00:00, 1226.896556,   15.418082,    1.452936
2011-10-24 00:00:00, 1186.340126,   15.426803,    1.454242
2011-10-25 00:00:00, 1248.980564,   15.435986,    1.455617
2011-10-26 00:00:00, 1226.245279,   15.445586,    1.457055
2011-10-27 00:00:00, 1185.839071,   15.454940,    1.458454
2011-10-28 00:00:00, 1141.194146,   15.465285,    1.460005
2011-10-29 00:00:00, 1089.137387,   15.475949,    1.461605
2011-10-30 00:00:00, 1039.888288,   15.486913,    1.463252
2011-10-31 00:00:00,  990.864380,   15.498156,    1.464942
2011-11-01 00:00:00,  943.953151,   15.506773,    1.466235
2011-11-02 00:00:00,  944.094013,   15.515552,    1.467554
2011-11-03 00:00:00,  919.810963,   15.527351,    1.469332
2011-11-04 00:00:00,  878.933254,   15.539502,    1.471164
2011-11-05 00:00:00,  976.478623,   15.552137,    1.473071
2011-11-06 00:00:00, 1063.364279,   15.564927,    1.475003
2011-11-07 00:00:00, 1016.578929,   15.571963,    1.476045
2011-11-08 00:00:00, 1031.381493,   15.585046,    1.478024
2011-11-09 00:00:00,  994.313039,   15.604420,    1.480975
2011-11-10 00:00:00,  963.316914,   15.617477,    1.482949
2011-11-11 00:00:00,  916.945064,   15.630583,    1.484929
2011-11-12 00:00:00,  876.145046,   15.643844,    1.486933
2011-11-13 00:00:00,  836.308865,   15.657250,    1.488959
2011-11-14 00:00:00,  798.864904,   15.670939,    1.491029
2011-11-15 00:00:00,  752.321240,   15.684733,    1.493114
2011-11-16 00:00:00,  719.740398,   15.698624,    1.495214
2011-11-17 00:00:00,  703.526420,   15.712606,    1.497328
2011-11-18 00:00:00,  663.071671,   15.726679,    1.499456
2011-11-19 00:00:00,  619.920890,   15.735215,    1.500727
2011-11-20 00:00:00,  580.088536,   15.749432,    1.502876
2011-11-21 00:00:00,  545.202240,   15.763729,    1.505036
2011-11-22 00:00:00,  511.688782,   15.556848,    1.470492
2011-11-23 00:00:00,  471.700098,   15.560958,    1.471036
2011-11-24 00:00:00,  433.588980,   15.567104,    1.471881
2011-11-25 00:00:00,  408.819390,   15.577631,    1.473414
2011-11-26 00:00:00,  364.245581,   15.585799,    1.474570
2011-11-27 00:00:00,  329.439730,   15.596313,    1.476098
2011-11-28 00:00:00,  303.286375,   15.607997,    1.477810
2011-11-29 00:00:00,  272.059195,   15.619126,    1.479432
2011-11-30 00:00:00,  243.920503,   15.630627,    1.481112
2011-12-01 00:00:00,  213.773473,   15.644946,    1.483222
2011-12-02 00:00:00,  187.255826,   15.664044,    1.486091
2011-12-03 00:00:00,  161.777404,   15.676415,    1.487904
2011-12-04 00:00:00,  141.354150,   15.688980,    1.489748
2011-12-05 00:00:00,  126.834200,   15.701720,    1.491619
2011-12-06 00:00:00,  256.083325,   15.714610,    1.493514
2011-12-07 00:00:00,  441.242645,   15.727632,    1.495429
2011-12-08 00:00:00,  619.484339,   15.740781,    1.497364
2011-12-09 00:00:00,  591.509525,   15.754040,    1.499316
2011-12-10 00:00:00,  559.090976,   15.767404,    1.501282
2011-12-11 00:00:00,  525.987673,   15.780856,    1.503261
2011-12-12 00:00:00, 1131.459766,   15.794380,    1.505252
2011-12-13 00:00:00, 1277.276545,   15.807964,    1.507253
2011-12-14 00:00:00, 1432.141532,   15.821612,    1.509262
2011-12-15 00:00:00, 1384.478133,   15.827118,    1.509967
2011-12-16 00:00:00, 1330.549806,   15.839871,    1.511825
2011-12-17 00:00:00, 1281.745523,   15.857937,    1.514535
2011-12-18 00:00:00, 1221.663984,   15.870934,    1.516429
2011-12-19 00:00:00, 1161.323518,   15.884039,    1.518339
2011-12-20 00:00:00, 1104.618112,   15.897221,    1.520261
2011-12-21 00:00:00, 1049.579994,   15.910460,    1.522192
2011-12-22 00:00:00,  990.667939,   15.923737,    1.524128
2011-12-23 00:00:00,  928.411304,   15.936792,    1.526028
2011-12-24 00:00:00,  872.676392,   16.051259,    1.543514
2011-12-25 00:00:00,  816.504490,   16.065109,    1.545539
2011-12-26 00:00:00,  766.785061,   16.078868,    1.547549
2011-12-27 00:00:00,  715.461803,   16.092549,    1.549547
2011-12-28 00:00:00,  669.077705,   16.106160,    1.551534
2011-12-29 00:00:00,  629.225650,   16.119704,    1.553508
2011-12-30 00:00:00,  590.436099,   16.133180,    1.555472
2011-12-31 00:00:00,  549.006209,   16.146581,    1.557423
2012-01-01 00:00:00,  503.831794,   16.157585,    1.559010
2012-01-02 00:00:00,  461.154643,   16.168509,    1.560583
2012-01-03 00:00:00,  410.330082,   16.181657,    1.562492
2012-01-04 00:00:00,  370.971744,   16.194712,    1.564386
2012-01-05 00:00:00,  350.023927,   16.207672,    1.566264
2012-01-06 00:00:00,  312.439638,   16.220534,    1.568126
2012-01-07 00:00:00,  274.225240,   16.233301,    1.569971
2012-01-08 00:00:00,  243.926217,   16.245970,    1.571800
2012-01-09 00:00:00,  217.560068,   16.258537,    1.573613
2012-01-10 00:00:00,  193.066097,   16.270999,    1.575408
2012-01-11 00:00:00,  167.520944,   16.283349,    1.577184
2012-01-12 00:00:00,  147.367749,   16.295584,    1.578942
2012-01-13 00:00:00,  127.654946,   16.307691,    1.580679
2012-01-14 00:00:00,  119.116260,   16.319669,    1.582395
2012-01-15 00:00:00,  102.853525,   16.331519,    1.584090
2012-01-16 00:00:00,   71.603050,   16.343238,    1.585763
2012-01-17 00:00:00,   52.129418,   16.354820,    1.587413
2012-01-18 00:00:00,   35.279332,   16.366266,    1.589042
2012-01-19 00:00:00,   26.554421,   16.377577,    1.590648
2012-01-20 00:00:00,  101.020422,   16.388743,    1.592231
2012-01-21 00:00:00,  186.785376,   16.399771,    1.593791
2012-01-22 00:00:00,  164.056083,   17.111095,    1.703348
2012-01-23 00:00:00,  135.666424,   17.125735,    1.705527
2012-01-24 00:00:00,  121.951170,   17.135155,    1.706840
2012-01-25 00:00:00,  129.426862,   17.144541,    1.708148
2012-01-26 00:00:00,  106.008655,   17.153729,    1.709425
2012-01-27 00:00:00,   91.519192,   17.162708,    1.710669
2012-01-28 00:00:00,   73.242058,   17.171462,    1.711879
2012-01-29 00:00:00,   38.731729,   17.179990,    1.713052
2012-01-30 00:00:00,   18.702380,   17.188422,    1.714211
2012-01-31 00:00:00,    7.415712,   17.196592,    1.715330
2012-02-01 00:00:00,    1.572861,   17.203080,    1.716192
2012-02-02 00:00:00,   11.030610,   17.205588,    1.716385
2012-02-03 00:00:00,    3.510508,   17.212456,    1.717286
2012-02-04 00:00:00,    0.000000,-9999.000000,-9999.000000
2012-02-05 00:00:00,    0.000000,-9999.000000,-9999.000000
2012-02-06 00:00:00,    0.000000,-9999.000000,-9999.000000
2012-02-07 00:00:00,    0.000000,-9999.000000,-9999.000000
2012-02-08 00:00:00,    0.000000,-9999.000000,-9999.000000
2012-02-09 00:00:00,    0.000000,-9999.000000,-9999.000000
2012-02-10 00:00:00,    0.000000,-9999.000000,-9999.000000
2012-02-11 00:00:00,    0.000000,-9999.000000,-9999.000000
2012-02-12 00:00:00,    0.000000,-9999.000000,-9999.000000
2012-02-13 00:00:00,    0.000000,-9999.000000,-9999.000000
2012-02-14 00:00:00,    0.000000,-9999.000000,-9999.000000
2012-02-15 00:00:00,    0.000000,-9999.000000,-9999.000000
2012-02-16 00:00:00,    0.000000,-9999.000000,-9999.000000
2012-02-17 00:00:00,    0.000000,-9999.000000,-9999.000000
2012-02-18 00:00:00,    0.000000,-9999.000000,-9999.000000
2012-02-19 00:00:00,    0.000000,-9999.000000,-9999.000000
2012-02-20 00:00:00,    0.000000,-9999.000000,-9999.000000
2012-02-21 00:00:00,    0.000000,-9999.000000,-9999.000000
2012-02-22 00:00:00,    0.000000,-9999.000000,-9999.000000
2012-02-23 00:00:00,    0.000000,-9999.000000,-9999.000000
2012-02-24 00:00:00,    0.000000,-9999.000000,-9999.000000
2012-02-25 00:00:00,    0.000000,-9999.000000,-9999.000000
2012-02-26 00:00:00,    0.000000,-9999.000000,-9999.000000
2012-02-27 00:00:00,    0.000000,-9999.000000,-9999.000000
2012-02-28 00:00:00,    0.000000,-9999.000000,-9999.000000
2012-02-29 00:00:00,    0.000000,-9999.000000,-9999.000000
2012-03-01 00:00:00,    0.000000,-9999.000000,-9999.000000
2012-03-02 00:00:00,    0.000000,-9999.000000,-9999.000000
2012-03-03 00:00:00,    0.000000,-9999.000000,-9999.000000
2012-03-04 00:00:00,    0.000000,-9999.000000,-9999.000000
2012-03-05 00:00:00,    0.000000,-9999.000000,-9999.000000
2012-03-06 00:00:00,    0.000000,-9999.000000,-9999.000000
2012-03-07 00:00:00,    0.000000,-9999.000000,-9999.000000
2012-03-08 00:00:00,    0.000000,-9999.000000,-9999.000000
2012-03-09 00:00:00,    0.000000,-9999.000000,-9999.000000
2012-03-10 00:00:00,    0.000000,-9999.000000,-9999.000000
2012-03-11 00:00:00,    0.000000,-9999.000000,-9999.000000
2012-03-12 00:00:00,    0.000000,-9999.000000,-9999.000000
2012-03-13 00:00:00,    0.000000,-9999.000000,-9999.000000
2012-03-14 00:00:00,    0.000000,-9999.000000,-9999.000000
2012-03-15 00:00:00,    0.000000,-9999.000000,-9999.000000
2012-03-16 00:00:00,    0.000000,-9999.000000,-9999.000000
2012-03-17 00:00:00,    0.000000,-9999.000000,-9999.000000
2012-03-18 00:00:00,    0.000000,-9999.000000,-9999.000000
2012-03-19 00:00:00,    0.000000,-9999.000000,-9999.000000
2012-03-20 00:00:00,    0.000000,-9999.000000,-9999.000000
2012-03-21 00:00:00,    0.000000,-9999.000000,-9999.000000
2012-03-22 00:00:00,    0.000000,-9999.000000,-9999.000000
2012-03-23 00:00:00,    0.000000,-9999.000000,-9999.000000
2012-03-24 00:00:00,    0.000000,-9999.000000,-9999.000000
2012-03-25 00:00:00,    0.000000,-9999.000000,-9999.000000
2012-03-26 00:00:00,    0.000000,-9999.000000,-9999.000000
2012-03-27 00:00:00,    0.000000,-9999.000000,-9999.000000
2012-03-28 00:00:00,    0.000000,-9999.000000,-9999.000000
2012-03-29 00:00:00,    0.000000,-9999.000000,-9999.000000
2012-03-30 00:00:00,    0.000000,-9999.000000,-9999.000000
2012-03-31 00:00:00,    0.000000,-9999.000000,-9999.000000
2012-04-01 00:00:00,    0.000000,-9999.000000,-9999.000000
2012-04-02 00:00:00,    0.000000,-9999.000000,-9999.000000
2012-04-03 00:00:00,    0.000000,-9999.000000,-9999.000000
2012-04-04 00:00:00,    0.000000,-9999.000000,-9999.000000
2012-04-05 00:00:00,    0.000000,-9999.000000,-9999.000000
2012-04-06 00:00:00,    0.000000,-9999.000000,-9999.000000
2012-04-07 00:00:00,    0.000000,-9999.000000,-9999.000000
2012-04-08 00:00:00,    0.000000,-9999.000000,-9999.000000
2012-04-09 00:00:00,    0.000000,-9999.000000,-9999.000000
2012-04-10 00:00:00,    0.000000,-9999.000000,-9999.000000
2012-04-11 00:00:00,    0.000000,-9999.000000,-9999.000000
2012-04-12 00:00:00,    0.000000,-9999.000000,-9999.000000
2012-04-13 00:00:00,    0.000000,-9999.000000,-9999.000000
2012-04-14 00:00:00,    0.000000,-9999.000000,-9999.000000
2012-04-15 00:00:00,    0.000000,-9999.000000,-9999.000000
2012-04-16 00:00:00,    0.000000,-9999.000000,-9999.000000
2012-04-17 00:00:00,    0.000000,-9999.000000,-9999.000000
2012-04-18 00:00:00,    0.000000,-9999.000000,-9999.000000
2012-04-19 00:00:00,    0.000000,-9999.000000,-9999.000000
2012-04-20 00:00:00,    0.000000,-9999.000000,-9999.000000
2012-04-21 00:00:00,    0.000000,-9999.000000,-9999.000000
2012-04-22 00:00:00,    0.000000,-9999.000000,-9999.000000
2012-04-23 00:00:00,    0.000000,-9999.000000,-9999.000000
2012-04-24 00:00:00,    0.000000,-9999.000000,-9999.000000
2012-04-25 00:00:00,    0.000000,-9999.000000,-9999.000000
2012-04-26 00:00:00,    0.000000,-9999.000000,-9999.000000
2012-04-27 00:00:00,    0.000000,-9999.000000,-9999.000000
2012-04-28 00:00:00,    0.000000,-9999.000000,-9999.000000
2012-04-29 00:00:00,    0.000000,-9999.000000,-9999.000000
2012-04-30 00:00:00,    0.000000,-9999.000000,-9999.000000
2012-05-01 00:00:00,    0.000000,-9999.000000,-9999.000000
2012-05-02 00:00:00,    0.000000,-9999.000000,-9999.000000
2012-05-03 00:00:00,    0.000000,-9999.000000,-9999.000000
2012-05-04 00:00:00,    0.000000,-9999.000000,-9999.000000
2012-05-05 00:00:00,    0.000000,-9999.000000,-9999.000000
2012-05-06 00:00:00,    9.412951,   17.267424,    1.711845
2012-05-07 00:00:00,   62.638423,   16.970091,    1.663315
2012-05-08 00:00:00,   51.940499,   16.969635,    1.663283
2012-05-09 00:00:00,   74.300664,   16.968112,    1.663052
2012-05-10 00:00:00,  104.997977,   16.965875,    1.662682
2012-05-11 00:00:00,  101.506029,   16.963254,    1.662235
2012-05-12 00:00:00,   95.919714,   16.960294,    1.661719
2012-05-13 00:00:00,   92.899643,   16.956773,    1.661090
2012-05-14 00:00:00,   90.682545,   16.951710,    1.660142
2012-05-15 00:00:00,   89.896844,   17.268284,    1.712358
2012-05-16 00:00:00,   88.376100,   17.256952,    1.710446
2012-05-17 00:00:00,   87.556958,   17.245586,    1.708519
2012-05-18 00:00:00,   85.687833,   16.985637,    1.665472
2012-05-19 00:00:00,   83.625495,   16.983879,    1.665247
2012-05-20 00:00:00,   80.128305,   16.981214,    1.664850
2012-05-21 00:00:00,   76.637968,   16.977963,    1.664337
2012-05-22 00:00:00,   72.515039,   16.974346,    1.663748
2012-05-23 00:00:00,   68.602433,   16.970265,    1.663065
2012-05-24 00:00:00,   64.986875,   16.964719,    1.662076
2012-05-25 00:00:00,   62.677887,   16.959112,    1.661066
2012-05-26 00:00:00,   60.606255,   16.953409,    1.660029
2012-05-27 00:00:00,   58.923479,   16.947605,    1.658965
2012-05-28 00:00:00,   56.984535,   16.946989,    1.658956
2012-05-29 00:00:00,   53.191562,   16.945425,    1.658773
2012-05-30 00:00:00,   48.238328,   16.943198,    1.658463
2012-05-31 00:00:00,  251.727797,   16.940405,    1.658041
2012-06-01 00:00:00,  247.894530,   16.939025,    1.657812
2012-06-02 00:00:00,  245.030075,   16.936207,    1.657286
2012-06-03 00:00:00,  230.870598,   16.931405,    1.656439
2012-06-04 00:00:00,  217.277177,   16.926475,    1.655559
2012-06-05 00:00:00,  204.064573,   16.921424,    1.654648
2012-06-06 00:00:00,  227.396262,   16.960803,    1.661554
2012-06-07 00:00:00,  509.728421,   16.958548,    1.661279
2012-06-08 00:00:00,  503.889957,   16.955709,    1.660890
2012-06-09 00:00:00,  495.571434,   16.952352,    1.660398
2012-06-10 00:00:00,  537.259952,   16.948542,    1.659813
2012-06-11 00:00:00,  548.056424,   16.943617,    1.658997
2012-06-12 00:00:00,  649.379175,   16.938558,    1.658143
2012-06-13 00:00:00,  664.541055,   16.933366,    1.657255
2012-06-14 00:00:00,  766.417780,   16.928054,    1.656333
2012-06-15 00:00:00,  755.393676,   16.960820,    1.662280
2012-06-16 00:00:00,  745.091630,   16.957783,    1.661885
2012-06-17 00:00:00,  732.787558,   16.954192,    1.661379
2012-06-18 00:00:00,  718.894153,   16.949654,    1.660675
2012-06-19 00:00:00,  754.273432,   16.944813,    1.659900
2012-06-20 00:00:00,  803.706768,   16.939721,    1.659064
2012-06-21 00:00:00,  788.282425,   16.938311,    1.658970
2012-06-22 00:00:00,  774.793692,   16.935952,    1.658700
2012-06-23 00:00:00,  759.716728,   16.933108,    1.658333
2012-06-24 00:00:00,  741.359191,   16.929720,    1.657855
2012-06-25 00:00:00,  737.482526,   16.925453,    1.657195
2012-06-26 00:00:00,  831.601350,   16.920924,    1.656475
2012-06-27 00:00:00,  855.935609,   16.916148,    1.655699
2012-06-28 00:00:00,  852.359517,   16.938826,    1.660007
2012-06-29 00:00:00,  839.156163,   16.932778,    1.659021
2012-06-30 00:00:00,  823.296882,   16.925604,    1.657827
2012-07-01 00:00:00,  808.654929,   16.913740,    1.655781
2012-07-02 00:00:00,  794.311882,   16.901501,    1.653669
2012-07-03 00:00:00,  774.280597,   16.890107,    1.651679
2012-07-04 00:00:00,  756.185398,   16.878403,    1.649633
2012-07-05 00:00:00,  735.291886,   16.859433,    1.646257
2012-07-06 00:00:00,  767.285077,   16.699591,    1.620350
2012-07-07 00:00:00,  755.489483,   16.623917,    1.609603
2012-07-08 00:00:00,  735.388744,   16.584217,    1.605259
2012-07-09 00:00:00,  718.013252,   16.487286,    1.589356
2012-07-10 00:00:00,  984.811066,   16.440063,    1.582630
2012-07-11 00:00:00,  963.097536,   14.300351,    1.195850
2012-07-12 00:00:00,  944.891387,   14.118081,    1.194949
2012-07-13 00:00:00,  928.881215,   14.595190,    1.279270
2012-07-14 00:00:00,  912.338784,   14.036353,    1.193349
2012-07-15 00:00:00,  892.791292,   14.508487,    1.274856
2012-07-16 00:00:00,  988.644900,   14.308693,    1.240440
2012-07-17 00:00:00,  967.149393,   14.671861,    1.303674
2012-07-18 00:00:00,  947.894347,   14.749439,    1.318315
2012-07-19 00:00:00,  929.891969,   14.803276,    1.328705
2012-07-20 00:00:00,  912.165336,   15.130882,    1.384462
2012-07-21 00:00:00,  894.260342,   15.139581,    1.386872
2012-07-22 00:00:00,  875.683532,   15.144037,    1.388405
2012-07-23 00:00:00,  878.231768,   15.070856,    1.376711
2012-07-24 00:00:00,  855.911571,   15.273985,    1.410014
2012-07-25 00:00:00,  842.373189,   15.574194,    1.460343
2012-07-26 00:00:00,  827.204422,   15.538534,    1.456416
2012-07-27 00:00:00,  811.134532,   15.582029,    1.465603
2012-07-28 00:00:00,  793.113059,   15.630725,    1.474775
2012-07-29 00:00:00,  771.908694,   15.763951,    1.497606
2012-07-30 00:00:00,  747.663312,   15.724868,    1.490664
2012-07-31 00:00:00,  879.546776,   15.806911,    1.503468
2012-08-01 00:00:00,  920.477898,   15.866426,    1.512980
2012-08-02 00:00:00,  943.264715,   15.980538,    1.531072
2012-08-03 00:00:00,  950.693565,   15.937113,    1.523121
2012-08-04 00:00:00, 1011.436179,   15.891593,    1.514771
2012-08-05 00:00:00,  988.487173,   15.845198,    1.506220
2012-08-06 00:00:00, 1000.793753,   15.799530,    1.497746
2012-08-07 00:00:00, 1284.421664,   15.755009,    1.489426
2012-08-08 00:00:00, 1532.206107,   15.716644,    1.482157
2012-08-09 00:00:00, 1495.913120,   15.675094,    1.474284
2012-08-10 00:00:00, 1460.787863,   15.806279,    1.496300
2012-08-11 00:00:00, 1429.985553,   15.763479,    1.488385
2012-08-12 00:00:00, 1759.281027,   15.736578,    1.483282
2012-08-13 00:00:00, 1713.211821,   15.713618,    1.478887
2012-08-14 00:00:00, 1703.454037,   15.697309,    1.475705
2012-08-15 00:00:00, 1664.816030,   15.666338,    1.469901
2012-08-16 00:00:00, 1625.236795,   15.661652,    1.468843
2012-08-17 00:00:00, 1589.175934,   15.648132,    1.466222
2012-08-18 00:00:00, 1553.133545,   15.631501,    1.463061
2012-08-19 00:00:00, 1520.646675,   15.618307,    1.460527
2012-08-20 00:00:00, 1532.363278,   15.702398,    1.475055
2012-08-21 00:00:00, 1502.787490,   15.691762,    1.473020
2012-08-22 00:00:00, 1458.486715,   15.678379,    1.470502
2012-08-23 00:00:00, 1426.632549,   15.663598,    1.467714
2012-08-24 00:00:00, 1396.517732,   15.645015,    1.464203
2012-08-25 00:00:00, 1365.501887,   15.651491,    1.465218
2012-08-26 00:00:00, 1334.549844,   15.645185,    1.463924
2012-08-27 00:00:00, 1307.758257,   15.620757,    1.459362
2012-08-28 00:00:00, 1273.298280,   15.617837,    1.458692
2012-08-29 00:00:00, 1243.269751,   15.609966,    1.457129
2012-08-30 00:00:00, 1215.876064,   15.599753,    1.455143
2012-08-31 00:00:00, 1233.585313,   15.593427,    1.453863
2012-09-01 00:00:00, 1200.722653,   15.592849,    1.453623
2012-09-02 00:00:00, 1171.525545,   15.587434,    1.452512
2012-09-03 00:00:00, 1235.930886,   15.582874,    1.451549
2012-09-04 00:00:00, 1688.167724,   15.575987,    1.450167
2012-09-05 00:00:00, 2085.219223,   15.692745,    1.470667
2012-09-06 00:00:00, 2027.834535,   15.712523,    1.474194
2012-09-07 00:00:00, 1969.733747,   15.730396,    1.477409
2012-09-08 00:00:00, 1912.368267,   15.741816,    1.479513
2012-09-09 00:00:00, 1861.030236,   15.750979,    1.481214
2012-09-10 00:00:00, 1820.913256,   15.762528,    1.483302
2012-09-11 00:00:00, 1775.204335,   15.763442,    1.483541
2012-09-12 00:00:00, 1717.487126,   15.767947,    1.484369
2012-09-13 00:00:00, 1665.528259,   15.771329,    1.484979
2012-09-14 00:00:00, 1617.580520,   15.779332,    1.486367
2012-09-15 00:00:00, 1568.424351,   15.778416,    1.486187
2012-09-16 00:00:00, 1517.481032,   15.785334,    1.487349
2012-09-17 00:00:00, 1477.697469,   15.786591,    1.487508
2012-09-18 00:00:00, 1644.313901,   15.780940,    1.486443
2012-09-19 00:00:00, 1599.577600,   15.781673,    1.486475
2012-09-20 00:00:00, 1536.952191,   15.782269,    1.486470
2012-09-21 00:00:00, 1511.299859,   15.951310,    1.515488
2012-09-22 00:00:00, 1473.854223,   15.951165,    1.515303
2012-09-23 00:00:00, 1431.563440,   15.951015,    1.515107
2012-09-24 00:00:00, 1393.401535,   15.950748,    1.514878
2012-09-25 00:00:00, 1448.708359,   15.950562,    1.514654
2012-09-26 00:00:00, 1452.191448,   15.950530,    1.514447
2012-09-27 00:00:00, 1463.515432,   15.949637,    1.514080
2012-09-28 00:00:00, 1425.901561,   15.847400,    1.496364
2012-09-29 00:00:00, 1388.196037,   15.848432,    1.496337
2012-09-30 00:00:00, 1349.803122,   15.849497,    1.496309
2012-10-01 00:00:00, 1296.363019,   15.842017,    1.494735
2012-10-02 00:00:00, 1263.854575,   15.841404,    1.494356
2012-10-03 00:00:00, 1212.342126,   15.840610,    1.493950
2012-10-04 00:00:00, 1181.202757,   16.042289,    1.528063
2012-10-05 00:00:00, 1136.946045,   16.042806,    1.527850
2012-10-06 00:00:00, 1093.703256,   16.043754,    1.527708
2012-10-07 00:00:00, 1055.661304,   16.045105,    1.527633
2012-10-08 00:00:00, 1015.289400,   16.044704,    1.527242
2012-10-09 00:00:00,  978.034243,   16.047087,    1.527344
2012-10-10 00:00:00,  930.120227,   16.051460,    1.527803
2012-10-11 00:00:00,  875.386420,   16.053062,    1.527765
2012-10-12 00:00:00,  845.006020,   16.054887,    1.527756
2012-10-13 00:00:00,  823.738018,   16.054853,    1.527404
2012-10-14 00:00:00,  785.179803,   16.057634,    1.527545
2012-10-15 00:00:00,  761.486012,   16.060704,    1.527733
2012-10-16 00:00:00,  736.886463,   16.064089,    1.527973
2012-10-17 00:00:00,  709.289987,   16.067782,    1.528266
2012-10-18 00:00:00,  688.416830,   16.071768,    1.528609
2012-10-19 00:00:00,  662.817212,   16.075986,    1.528992
2012-10-20 00:00:00,  636.137668,   16.080451,    1.529418
2012-10-21 00:00:00,  610.987738,   16.087868,    1.530362
2012-10-22 00:00:00,  586.776948,   16.089885,    1.530336
2012-10-23 00:00:00,  546.459014,   16.092641,    1.530435
2012-10-24 00:00:00,  515.704898,   16.095973,    1.530633
2012-10-25 00:00:00,  482.761851,   16.099718,    1.530903
2012-10-26 00:00:00,  452.019341,   16.103826,    1.531236
2012-10-27 00:00:00,  423.188162,   16.108261,    1.531627
2012-10-28 00:00:00,  403.822936,   16.112988,    1.532068
2012-10-29 00:00:00,  385.825086,   16.117982,    1.532556
2012-10-30 00:00:00,  358.151967,   16.123223,    1.533087
2012-10-31 00:00:00,  328.602742,   16.225427,    1.549867
2012-11-01 00:00:00,  308.063411,   16.239162,    1.551955
2012-11-02 00:00:00,  293.614956,   16.234627,    1.550827
2012-11-03 00:00:00,  274.325171,   16.242949,    1.551909
2012-11-04 00:00:00,  309.773341,   16.253808,    1.553436
2012-11-05 00:00:00,  311.702801,   16.262280,    1.554541
2012-11-06 00:00:00,  296.960369,   16.270388,    1.555579
2012-11-07 00:00:00,  278.925173,   16.278780,    1.556664
2012-11-08 00:00:00,  260.346590,   16.287414,    1.557791
2012-11-09 00:00:00,  247.280493,   16.297017,    1.559091
2012-11-10 00:00:00,  227.444487,   16.306689,    1.560403
2012-11-11 00:00:00,  205.575024,   16.316228,    1.561691
2012-11-12 00:00:00,  187.313346,   16.322456,    1.562399
2012-11-13 00:00:00,  169.645617,   16.331973,    1.563681
2012-11-14 00:00:00,  151.431978,   16.341641,    1.564988
2012-11-15 00:00:00,  135.080439,   16.352614,    1.566522
2012-11-16 00:00:00,  118.455899,   16.362990,    1.567953
2012-11-17 00:00:00,  103.671648,   16.373433,    1.569396
2012-11-18 00:00:00,   84.323884,   16.383300,    1.570738
2012-11-19 00:00:00,   72.892652,   16.393395,    1.572118
2012-11-20 00:00:00,   58.381490,   16.403664,    1.573528
2012-11-21 00:00:00,   46.494578,   16.413992,    1.574945
2012-11-22 00:00:00,   38.428984,   16.425151,    1.576507
2012-11-23 00:00:00,   28.980579,   16.435570,    1.577941
2012-11-24 00:00:00,   18.689348,   16.447284,    1.579601
2012-11-25 00:00:00,   10.540555,   16.459367,    1.581326
2012-11-26 00:00:00,    5.958668,   16.701074,    1.620887
2012-11-27 00:00:00,    1.101699,   16.703607,    1.620919
2012-11-28 00:00:00,    6.575312,   16.719001,    1.623182
2012-11-29 00:00:00,    7.099171,   16.729340,    1.624566
2012-11-30 00:00:00,    1.944313,   16.739936,    1.625997
2012-12-01 00:00:00,    0.000000,-9999.000000,-9999.000000
2012-12-02 00:00:00,    0.000000,-9999.000000,-9999.000000
2012-12-03 00:00:00,    0.000000,-9999.000000,-9999.000000
2012-12-04 00:00:00,    0.000000,-9999.000000,-9999.000000
2012-12-05 00:00:00,    0.000000,-9999.000000,-9999.000000
2012-12-06 00:00:00,    0.000000,-9999.000000,-9999.000000
2012-12-07 00:00:00,    0.000000,-9999.000000,-9999.000000
2012-12-08 00:00:00,    0.000000,-9999.000000,-9999.000000
2012-12-09 00:00:00,    0.000000,-9999.000000,-9999.000000
2012-12-10 00:00:00,    0.000000,-9999.000000,-9999.000000
2012-12-11 00:00:00,    0.000000,-9999.000000,-9999.000000
2012-12-12 00:00:00,  633.013400,   16.738464,    1.622276
2012-12-13 00:00:00, 2118.198764,   17.022164,    1.668446
2012-12-14 00:00:00, 2024.193056,   17.034300,    1.670162
2012-12-15 00:00:00, 1938.640597,   17.046446,    1.671881
2012-12-16 00:00:00, 1864.135150,   17.058603,    1.673605
2012-12-17 00:00:00, 1790.351428,   17.070729,    1.675327
2012-12-18 00:00:00, 1711.781494,   16.922010,    1.649104
2012-12-19 00:00:00, 1629.183705,   16.928932,    1.649919
2012-12-20 00:00:00, 1558.167688,   16.940264,    1.651499
2012-12-21 00:00:00, 1488.257793,   16.946575,    1.652201
2012-12-22 00:00:00, 1422.363836,   16.957181,    1.653654
2012-12-23 00:00:00, 1354.682308,   16.966539,    1.654893
2012-12-24 00:00:00, 1293.136916,   16.976783,    1.656290
2012-12-25 00:00:00, 1227.656121,   16.985551,    1.657435
2012-12-26 00:00:00, 1148.741408,   16.996841,    1.659021
2012-12-27 00:00:00, 1095.115211,   17.007366,    1.660478
2012-12-28 00:00:00, 1055.837595,   17.017294,    1.661837
2012-12-29 00:00:00, 1007.154782,   17.028003,    1.663332
2012-12-30 00:00:00,  951.489226,   17.038053,    1.664718
2012-12-31 00:00:00,  900.212532,   17.048163,    1.666112
2013-01-01 00:00:00,  854.982500,   17.055618,    1.667096
2013-01-02 00:00:00,  803.153055,   17.063092,    1.668086
2013-01-03 00:00:00,  742.432820,   17.072957,    1.669447
2013-01-04 00:00:00,  680.422197,   17.081154,    1.670522
2013-01-05 00:00:00,  640.214937,   17.092137,    1.672082
2013-01-06 00:00:00,  616.447792,   17.101128,    1.673299
2013-01-07 00:00:00,  605.969165,   17.110060,    1.674508
2013-01-08 00:00:00,  576.505229,   17.231950,    1.694104
2013-01-09 00:00:00,  521.013741,   17.241193,    1.695368
2013-01-10 00:00:00,  477.160597,   17.250361,    1.696624
2013-01-11 00:00:00,  433.417892,   17.259447,    1.697868
2013-01-12 00:00:00,  402.382059,   17.269405,    1.699268
2013-01-13 00:00:00,  383.383241,   17.278379,    1.700502
2013-01-14 00:00:00,  366.675477,   17.287241,    1.701719
2013-01-15 00:00:00,  351.758607,   17.295986,    1.702919
2013-01-16 00:00:00,  318.699763,   17.304606,    1.704103
2013-01-17 00:00:00,  269.441409,   17.313817,    1.705391
2013-01-18 00:00:00,  243.167809,   17.322276,    1.706552
2013-01-19 00:00:00,  218.556412,   17.330572,    1.707689
2013-01-20 00:00:00,  199.822105,   17.341301,    1.709250
2013-01-21 00:00:00,  172.659996,   17.078405,    1.662643
2013-01-22 00:00:00,  153.267349,   17.080747,    1.662722
2013-01-23 00:00:00,  125.945854,   17.076460,    1.661607
2013-01-24 00:00:00,  100.048562,   17.084223,    1.662636
2013-01-25 00:00:00,   81.861153,   17.080540,    1.661611
2013-01-26 00:00:00,   66.509860,   17.189818,    1.679302
2013-01-27 00:00:00,   51.669921,   17.193447,    1.679593
2013-01-28 00:00:00,   37.726038,   17.197291,    1.679927
2013-01-29 00:00:00,   24.997974,   17.198385,    1.679771
2013-01-30 00:00:00,   13.186158,   17.202377,    1.680137
2013-01-31 00:00:00,    4.835004,   17.206495,    1.680530
2013-02-01 00:00:00,    0.040531,   17.214965,    1.681736
2013-02-02 00:00:00,    0.000000,-9999.000000,-9999.000000
2013-02-03 00:00:00,    0.000000,-9999.000000,-9999.000000
2013-02-04 00:00:00,    0.000000,-9999.000000,-9999.000000
2013-02-05 00:00:00,    0.000000,-9999.000000,-9999.000000
2013-02-06 00:00:00,    0.000000,-9999.000000,-9999.000000
2013-02-07 00:00:00,    0.000000,-9999.000000,-9999.000000
2013-02-08 00:00:00,    0.000000,-9999.000000,-9999.000000
2013-02-09 00:00:00,    0.000000,-9999.000000,-9999.000000
2013-02-10 00:00:00,    0.000000,-9999.000000,-9999.000000
2013-02-11 00:00:00,    0.000000,-9999.000000,-9999.000000
2013-02-12 00:00:00,    0.000000,-9999.000000,-9999.000000
2013-02-13 00:00:00,    0.000000,-9999.000000,-9999.000000
2013-02-14 00:00:00,    0.000000,-9999.000000,-9999.000000
2013-02-15 00:00:00,    0.000000,-9999.000000,-9999.000000
2013-02-16 00:00:00,    0.000000,-9999.000000,-9999.000000
2013-02-17 00:00:00,    0.000000,-9999.000000,-9999.000000
2013-02-18 00:00:00,    0.000000,-9999.000000,-9999.000000
2013-02-19 00:00:00,    0.000000,-9999.000000,-9999.000000
2013-02-20 00:00:00,    0.000000,-9999.000000,-9999.000000
2013-02-21 00:00:00,    0.000000,-9999.000000,-9999.000000
2013-02-22 00:00:00,    0.000000,-9999.000000,-9999.000000
2013-02-23 00:00:00,    0.000000,-9999.000000,-9999.000000
2013-02-24 00:00:00,    0.000000,-9999.000000,-9999.000000
2013-02-25 00:00:00,    0.000000,-9999.000000,-9999.000000
2013-02-26 00:00:00,    0.000000,-9999.000000,-9999.000000
2013-02-27 00:00:00,    0.000000,-9999.000000,-9999.000000
2013-02-28 00:00:00,    0.000000,-9999.000000,-9999.000000
2013-03-01 00:00:00,    0.000000,-9999.000000,-9999.000000
2013-03-02 00:00:00,    0.000000,-9999.000000,-9999.000000
2013-03-03 00:00:00,    0.000000,-9999.000000,-9999.000000
2013-03-04 00:00:00,    0.000000,-9999.000000,-9999.000000
2013-03-05 00:00:00,    0.000000,-9999.000000,-9999.000000
2013-03-06 00:00:00,    0.000000,-9999.000000,-9999.000000
2013-03-07 00:00:00,    0.000000,-9999.000000,-9999.000000
2013-03-08 00:00:00,    0.000000,-9999.000000,-9999.000000
2013-03-09 00:00:00,    0.000000,-9999.000000,-9999.000000
2013-03-10 00:00:00,    0.000000,-9999.000000,-9999.000000
2013-03-11 00:00:00,    0.000000,-9999.000000,-9999.000000
2013-03-12 00:00:00,    0.000000,-9999.000000,-9999.000000
2013-03-13 00:00:00,    0.000000,-9999.000000,-9999.000000
2013-03-14 00:00:00,    0.000000,-9999.000000,-9999.000000
2013-03-15 00:00:00,    0.000000,-9999.000000,-9999.000000
2013-03-16 00:00:00,    0.000000,-9999.000000,-9999.000000
2013-03-17 00:00:00,    0.000000,-9999.000000,-9999.000000
2013-03-18 00:00:00,    0.000000,-9999.000000,-9999.000000
2013-03-19 00:00:00,    0.000000,-9999.000000,-9999.000000
2013-03-20 00:00:00,    0.000000,-9999.000000,-9999.000000
2013-03-21 00:00:00,    0.000000,-9999.000000,-9999.000000
2013-03-22 00:00:00,    0.000000,-9999.000000,-9999.000000
2013-03-23 00:00:00,    0.000000,-9999.000000,-9999.000000
2013-03-24 00:00:00,    0.000000,-9999.000000,-9999.000000
2013-03-25 00:00:00,    0.000000,-9999.000000,-9999.000000
2013-03-26 00:00:00,    0.000000,-9999.000000,-9999.000000
2013-03-27 00:00:00,    2.152685,   17.865312,    1.778772
2013-03-28 00:00:00,    0.528419,   17.857369,    1.777311
2013-03-29 00:00:00,    0.000000,-9999.000000,-9999.000000
2013-03-30 00:00:00,    0.000000,-9999.000000,-9999.000000
2013-03-31 00:00:00,    0.000000,-9999.000000,-9999.000000
2013-04-01 00:00:00,    0.000000,-9999.000000,-9999.000000
2013-04-02 00:00:00,    0.000000,-9999.000000,-9999.000000
2013-04-03 00:00:00,    0.000000,-9999.000000,-9999.000000
2013-04-04 00:00:00,    0.000000,-9999.000000,-9999.000000
2013-04-05 00:00:00,    0.000000,-9999.000000,-9999.000000
2013-04-06 00:00:00,    0.000000,-9999.000000,-9999.000000
2013-04-07 00:00:00,    0.000000,-9999.000000,-9999.000000
2013-04-08 00:00:00,    0.000000,-9999.000000,-9999.000000
2013-04-09 00:00:00,    0.000000,-9999.000000,-9999.000000
2013-04-10 00:00:00,    0.000000,-9999.000000,-9999.000000
2013-04-11 00:00:00,    0.000000,-9999.000000,-9999.000000
2013-04-12 00:00:00,    0.000000,-9999.000000,-9999.000000
2013-04-13 00:00:00,    0.000000,-9999.000000,-9999.000000
2013-04-14 00:00:00,    0.000000,-9999.000000,-9999.000000
2013-04-15 00:00:00,    0.000000,-9999.000000,-9999.000000
2013-04-16 00:00:00,    0.000000,-9999.000000,-9999.000000
2013-04-17 00:00:00,    0.000000,-9999.000000,-9999.000000
2013-04-18 00:00:00,    0.000000,-9999.000000,-9999.000000
2013-04-19 00:00:00,    5.714515,   17.793739,    1.766515
2013-04-20 00:00:00,    2.488996,   17.785087,    1.765130
2013-04-21 00:00:00,    1.336330,   17.776216,    1.763698
2013-04-22 00:00:00,    5.281605,   17.766980,    1.762192
2013-04-23 00:00:00,    4.182760,   17.757543,    1.760643
2013-04-24 00:00:00,    3.171576,   17.747982,    1.759068
2013-04-25 00:00:00,    2.605039,   17.736419,    1.757071
2013-04-26 00:00:00,    1.842478,   17.724884,    1.755073
2013-04-27 00:00:00,    1.236096,   17.713320,    1.753064
2013-04-28 00:00:00,    0.208481,   17.701698,    1.751040
2013-04-29 00:00:00,    0.000000,-9999.000000,-9999.000000
2013-04-30 00:00:00,    0.000000,-9999.000000,-9999.000000
2013-05-01 00:00:00,   48.361455,   17.400697,    1.698242
2013-05-02 00:00:00,   43.888756,   17.396142,    1.697568
2013-05-03 00:00:00,   41.622801,   17.392583,    1.697017
2013-05-04 00:00:00,   38.724419,   17.388582,    1.696374
2013-05-05 00:00:00,   36.918231,   17.384483,    1.695707
2013-05-06 00:00:00,   36.179375,   17.378351,    1.694609
2013-05-07 00:00:00,   78.020283,   17.372174,    1.693493
2013-05-08 00:00:00, 2724.443408,   17.365892,    1.692352
2013-05-09 00:00:00, 6059.427259,   17.366162,    1.692574
2013-05-10 00:00:00, 5905.052190,   17.365305,    1.692587
2013-05-11 00:00:00, 5731.102331,   17.363376,    1.692392
2013-05-12 00:00:00, 5578.719403,   17.360681,    1.692043
2013-05-13 00:00:00, 5430.224916,   17.357567,    1.691608
2013-05-14 00:00:00, 5278.634275,   17.397179,    1.698987
2013-05-15 00:00:00, 5135.817560,   17.390705,    1.697889
2013-05-16 00:00:00, 5175.445921,   17.384117,    1.696759
2013-05-17 00:00:00, 5030.358520,   17.377394,    1.695595
2013-05-18 00:00:00, 4905.674066,   17.376406,    1.695630
2013-05-19 00:00:00, 4778.624588,   17.374398,    1.695473
2013-05-20 00:00:00, 5075.382038,   17.371404,    1.695122
2013-05-21 00:00:00, 4946.231972,   17.367763,    1.694638
2013-05-22 00:00:00, 4821.483082,   17.363871,    1.694100
2013-05-23 00:00:00, 4687.979233,   17.359469,    1.693454
2013-05-24 00:00:00, 4560.955808,   17.353304,    1.692432
2013-05-25 00:00:00, 4436.971475,   17.347111,    1.691394
2013-05-26 00:00:00, 4467.372939,   17.387528,    1.699387
2013-05-27 00:00:00, 4351.385750,   17.384606,    1.699104
2013-05-28 00:00:00, 4262.223194,   17.380855,    1.698657
2013-05-29 00:00:00, 4201.902600,   17.376510,    1.698088
2013-05-30 00:00:00, 4582.676321,   17.371808,    1.697442
2013-05-31 00:00:00, 4459.820438,   17.366660,    1.696700
2013-06-01 00:00:00, 4342.784871,   17.362225,    1.695992
2013-06-02 00:00:00, 4230.409391,   17.357711,    1.695257
2013-06-03 00:00:00, 4124.545839,   17.391936,    1.702362
2013-06-04 00:00:00, 4027.815019,   17.388077,    1.701940
2013-06-05 00:00:00, 3971.739186,   17.383563,    1.701384
2013-06-06 00:00:00, 3877.032244,   17.378515,    1.700716
2013-06-07 00:00:00, 3783.921022,   17.372948,    1.699936
2013-06-08 00:00:00, 3693.376388,   17.366240,    1.698907
2013-06-09 00:00:00, 3625.671464,   17.414215,    1.709157
2013-06-10 00:00:00, 3538.778458,   17.360800,    1.698521
2013-06-11 00:00:00, 3451.157196,   17.356231,    1.697963
2013-06-12 00:00:00, 3351.337136,   17.422702,    1.712330
2013-06-13 00:00:00, 3258.005566,   17.361920,    1.699848
2013-06-14 00:00:00, 3168.179092,   17.371919,    1.702349
2013-06-15 00:00:00, 3088.684558,   17.559461,    1.743408
2013-06-16 00:00:00, 3042.673491,   17.600413,    1.753244
2013-06-17 00:00:00, 3119.760897,   17.622214,    1.759079
2013-06-18 00:00:00, 3207.836621,   17.627468,    1.761438
2013-06-19 00:00:00, 3126.034614,   17.628421,    1.762751
2013-06-20 00:00:00, 3049.392875,   17.715928,    1.783439
2013-06-21 00:00:00, 2962.780051,   17.757999,    1.794039
2013-06-22 00:00:00, 2874.545267,   17.776672,    1.799484
2013-06-23 00:00:00, 3017.705705,   17.792125,    1.804977
2013-06-24 00:00:00, 2934.979410,   17.806748,    1.809649
2013-06-25 00:00:00, 2859.078593,   17.746448,    1.796585
2013-06-26 00:00:00, 2790.880864,   17.744755,    1.797924
2013-06-27 00:00:00, 2724.855459,   17.752861,    1.801142
2013-06-28 00:00:00, 2661.603900,   17.763079,    1.805714
2013-06-29 00:00:00, 2599.013698,   17.759169,    1.806541
2013-06-30 00:00:00, 2537.313021,   17.746382,    1.805091
2013-07-01 00:00:00, 2477.281084,   17.737797,    1.805719
2013-07-02 00:00:00, 2414.060854,   17.723706,    1.804307
2013-07-03 00:00:00, 2402.496907,   17.689439,    1.795701
2013-07-04 00:00:00, 2356.609834,   17.678970,    1.795667
2013-07-05 00:00:00, 2300.306572,   17.666448,    1.794556
2013-07-06 00:00:00, 2235.940646,   17.647909,    1.793307
2013-07-07 00:00:00, 2180.997707,   17.632116,    1.791493
2013-07-08 00:00:00, 2129.871331,   17.407729,    1.753457
2013-07-09 00:00:00, 2290.977138,   14.626527,    1.195032
2013-07-10 00:00:00, 3408.217701,   14.521873,    1.194126
2013-07-11 00:00:00, 4537.914015,   14.937378,    1.277255
2013-07-12 00:00:00, 4426.894292,   14.757318,    1.241477
2013-07-13 00:00:00, 4371.058938,   15.156100,    1.320223
2013-07-14 00:00:00, 4268.035803,   15.406929,    1.370871
2013-07-15 00:00:00, 4203.596006,   15.718724,    1.434490
2013-07-16 00:00:00, 4160.972460,   15.936452,    1.478743
2013-07-17 00:00:00, 4069.806322,   16.062113,    1.505131
2013-07-18 00:00:00, 3971.911012,   16.228829,    1.539632
2013-07-19 00:00:00, 3871.290306,   16.212981,    1.538429
2013-07-20 00:00:00, 3771.310405,   16.157492,    1.531047
2013-07-21 00:00:00, 3677.043847,   16.098901,    1.523868
2013-07-22 00:00:00, 3573.607073,   14.102170,    1.162028
2013-07-23 00:00:00, 3815.849683,   14.072336,    1.154548
2013-07-24 00:00:00, 4138.684435,   13.980842,    1.146372
2013-07-25 00:00:00, 4257.624964,   14.421924,    1.228190
2013-07-26 00:00:00, 4765.521839,   14.730309,    1.285245
2013-07-27 00:00:00, 4852.380668,   14.103111,    1.119191
2013-07-28 00:00:00, 4729.542593,   14.539047,    1.207621
2013-07-29 00:00:00, 4658.932601,   14.804325,    1.262822
2013-07-30 00:00:00, 4549.391625,   15.252911,    1.352784
2013-07-31 00:00:00, 4482.179869,   15.478113,    1.399864
2013-08-01 00:00:00, 4397.924444,   15.153439,    1.338125
2013-08-02 00:00:00, 4292.140008,   15.402850,    1.387867
2013-08-03 00:00:00, 4187.766020,   15.582154,    1.424136
2013-08-04 00:00:00, 4087.848670,   15.799137,    1.468424
2013-08-05 00:00:00, 4046.169412,   15.960279,    1.500940
2013-08-06 00:00:00, 4217.942291,   16.016267,    1.513499
2013-08-07 00:00:00, 4586.813493,   16.053887,    1.522055
2013-08-08 00:00:00, 4492.159114,   16.132181,    1.538310
2013-08-09 00:00:00, 4412.179187,   16.088548,    1.531300
2013-08-10 00:00:00, 4469.127730,   16.041154,    1.523288
2013-08-11 00:00:00, 4438.016241,   15.996551,    1.515528
2013-08-12 00:00:00, 4310.620492,   15.942558,    1.505827
2013-08-13 00:00:00, 4349.070222,   15.899687,    1.497999
2013-08-14 00:00:00, 4229.256484,   15.848611,    1.488511
2013-08-15 00:00:00, 4258.787053,   15.966979,    1.510408
2013-08-16 00:00:00, 4213.088195,   15.944633,    1.506277
2013-08-17 00:00:00, 4099.659033,   15.902843,    1.498353
2013-08-18 00:00:00, 3999.010305,   15.890689,    1.496048
2013-08-19 00:00:00, 3902.696652,   15.864108,    1.491003
2013-08-20 00:00:00, 3814.355817,   15.833928,    1.485297
2013-08-21 00:00:00, 3733.659339,   15.784152,    1.476066
2013-08-22 00:00:00, 3641.867444,   15.821562,    1.483607
2013-08-23 00:00:00, 3552.249997,   15.961589,    1.510060
2013-08-24 00:00:00, 3464.028502,   15.958168,    1.509847
2013-08-25 00:00:00, 3537.121205,   15.943404,    1.507416
2013-08-26 00:00:00, 3581.482645,   15.932665,    1.505599
2013-08-27 00:00:00, 3680.649135,   15.924174,    1.504123
2013-08-28 00:00:00, 4337.895618,   15.904004,    1.500452
2013-08-29 00:00:00, 4886.621159,   15.889339,    1.497752
2013-08-30 00:00:00, 4788.441886,   15.889092,    1.497687
2013-08-31 00:00:00, 4703.112231,   15.878390,    1.495680
2013-09-01 00:00:00, 4581.222532,   15.863207,    1.492838
2013-09-02 00:00:00, 4470.570483,   15.937401,    1.506366
2013-09-03 00:00:00, 4398.306744,   15.925927,    1.504173
2013-09-04 00:00:00, 4256.962738,   15.913815,    1.501850
2013-09-05 00:00:00, 4138.621433,   15.902285,    1.499625
2013-09-06 00:00:00, 4025.178443,   15.891889,    1.497588
2013-09-07 00:00:00, 3924.545229,   15.870110,    1.493407
2013-09-08 00:00:00, 3830.548123,   15.873281,    1.493845
2013-09-09 00:00:00, 3732.533867,   15.867790,    1.492656
2013-09-10 00:00:00, 3636.648061,   15.853425,    1.489801
2013-09-11 00:00:00, 3870.414594,   15.842499,    1.487578
2013-09-12 00:00:00, 3771.728166,   15.819072,    1.483032
2013-09-13 00:00:00, 3710.024753,   15.809487,    1.481073
2013-09-14 00:00:00, 6259.183515,   15.802209,    1.479544
2013-09-15 00:00:00, 8451.298339,   15.826582,    1.483876
2013-09-16 00:00:00, 8489.560439,   15.798275,    1.478425
2013-09-17 00:00:00, 8220.334505,   15.790894,    1.476854
2013-09-18 00:00:00, 8047.357558,   15.782479,    1.475087
2013-09-19 00:00:00, 7797.983853,   15.776244,    1.473722
2013-09-20 00:00:00, 7597.068253,   15.791153,    1.476263
2013-09-21 00:00:00, 7372.071695,   15.949558,    1.504574
2013-09-22 00:00:00, 7394.091368,   15.943137,    1.503161
2013-09-23 00:00:00, 7216.606565,   15.939663,    1.502221
2013-09-24 00:00:00, 7064.659611,   15.935002,    1.501114
2013-09-25 00:00:00, 6829.180638,   15.931001,    1.500102
2013-09-26 00:00:00, 6661.894438,   15.927639,    1.499203
2013-09-27 00:00:00, 6465.648346,   15.926112,    1.498613
2013-09-28 00:00:00, 6263.522445,   15.793381,    1.474416
2013-09-29 00:00:00, 6512.903317,   15.799822,    1.475366
2013-09-30 00:00:00, 7114.553712,   15.799373,    1.475035
2013-10-01 00:00:00, 7589.607744,   15.796973,    1.474303
2013-10-02 00:00:00, 7360.622607,   15.809693,    1.476401
2013-10-03 00:00:00, 7131.523304,   15.804990,    1.475184
2013-10-04 00:00:00, 6921.121378,   16.009444,    1.511135
2013-10-05 00:00:00, 6824.192051,   16.007394,    1.510370
2013-10-06 00:00:00, 6599.289645,   16.009548,    1.510418
2013-10-07 00:00:00, 6388.289907,   16.012678,    1.510653
2013-10-08 00:00:00, 6214.289003,   15.992987,    1.506707
2013-10-09 00:00:00, 6204.465645,   16.016772,    1.510726
2013-10-10 00:00:00, 6012.311723,   16.001158,    1.507520
2013-10-11 00:00:00, 5801.671352,   15.998949,    1.506756
2013-10-12 00:00:00, 5598.172355,   16.002438,    1.507037
2013-10-13 00:00:00, 5414.668484,   16.004813,    1.507106
2013-10-14 00:00:00, 5245.364828,   16.007451,    1.507218
2013-10-15 00:00:00, 5095.260478,   16.010375,    1.507377
2013-10-16 00:00:00, 4953.512036,   16.014493,    1.507751
2013-10-17 00:00:00, 4814.595652,   16.017547,    1.507924
2013-10-18 00:00:00, 4672.493086,   16.020430,    1.508059
2013-10-19 00:00:00, 4731.703295,   16.020479,    1.507671
2013-10-20 00:00:00, 4816.467979,   16.024482,    1.508006
2013-10-21 00:00:00, 4667.071441,   16.033540,    1.509263
2013-10-22 00:00:00, 4514.485426,   16.032929,    1.508735
2013-10-23 00:00:00, 4344.951029,   16.035313,    1.508750
2013-10-24 00:00:00, 4178.797222,   16.038094,    1.508832
2013-10-25 00:00:00, 4065.870861,   16.041188,    1.508967
2013-10-26 00:00:00, 3950.415675,   16.045800,    1.509378
2013-10-27 00:00:00, 3831.765829,   16.049487,    1.509615
2013-10-28 00:00:00, 3704.132027,   16.054662,    1.510123
2013-10-29 00:00:00, 3580.402392,   16.058894,    1.510454
2013-10-30 00:00:00, 3470.420563,   16.063374,    1.510829
2013-10-31 00:00:00, 3353.013663,   16.163153,    1.527656
2013-11-01 00:00:00, 3216.415376,   16.169147,    1.528366
2013-11-02 00:00:00, 3082.527535,   16.192776,    1.532277
2013-11-03 00:00:00, 2960.024892,   16.200344,    1.533208
2013-11-04 00:00:00, 2853.860355,   16.190166,    1.530927
2013-11-05 00:00:00, 2736.720095,   16.202140,    1.532659
2013-11-06 00:00:00, 2634.819759,   16.210520,    1.533740
2013-11-07 00:00:00, 2538.422575,   16.218706,    1.534783
2013-11-08 00:00:00, 2436.103993,   16.227089,    1.535859
2013-11-09 00:00:00, 2343.520593,   16.235562,    1.536951
2013-11-10 00:00:00, 2249.552254,   16.244240,    1.538077
2013-11-11 00:00:00, 2165.778060,   16.247749,    1.538270
2013-11-12 00:00:00, 2052.294033,   16.256777,    1.539458
2013-11-13 00:00:00, 1948.425637,   16.265910,    1.540665
2013-11-14 00:00:00, 1862.750362,   16.281253,    1.542988
2013-11-15 00:00:00, 1767.693762,   16.290050,    1.544129
2013-11-16 00:00:00, 1695.749120,   16.299061,    1.545307
2013-11-17 00:00:00, 1642.839199,   16.308277,    1.546520
2013-11-18 00:00:00, 1548.343772,   16.317691,    1.547768
2013-11-19 00:00:00, 1457.877467,   16.322059,    1.548109
2013-11-20 00:00:00, 1375.815633,   16.331878,    1.549429
2013-11-21 00:00:00, 1311.015248,   16.343793,    1.551125
2013-11-22 00:00:00, 1261.122713,   16.352903,    1.552314
2013-11-23 00:00:00, 1213.875148,   16.362279,    1.553548
2013-11-24 00:00:00, 1154.508625,   16.371877,    1.554822
2013-11-25 00:00:00, 1098.397649,   16.381666,    1.556130
2013-11-26 00:00:00, 1043.837449,   16.627931,    1.597466
2013-11-27 00:00:00,  989.492304,   16.629123,    1.597193
2013-11-28 00:00:00,  935.615364,   16.638779,    1.598434
2013-11-29 00:00:00,  888.028024,   16.648742,    1.599729
2013-11-30 00:00:00,  844.704761,   16.658945,    1.601068
2013-12-01 00:00:00,  808.667397,   16.671895,    1.602839
2013-12-02 00:00:00,  763.834023,   16.685125,    1.604660
2013-12-03 00:00:00,  698.956182,   16.696036,    1.606127
2013-12-04 00:00:00,  658.042578,   16.708345,    1.607846
2013-12-05 00:00:00,  615.912269,   16.718855,    1.609242
2013-12-06 00:00:00,  580.515932,   16.729594,    1.610681
2013-12-07 00:00:00,  533.535621,   16.740507,    1.612152
2013-12-08 00:00:00,  487.186345,   16.751554,    1.613649
2013-12-09 00:00:00,  452.529298,   16.762725,    1.615170
2013-12-10 00:00:00,  414.806917,   16.640913,    1.594480
2013-12-11 00:00:00,  381.469383,   16.653781,    1.596325
2013-12-12 00:00:00,  353.370961,   16.653353,    1.595817
2013-12-13 00:00:00,  327.060587,   16.942247,    1.643932
2013-12-14 00:00:00,  302.208925,   16.957765,    1.646228
2013-12-15 00:00:00,  282.033389,   16.970007,    1.647945
2013-12-16 00:00:00,  258.054562,   16.982991,    1.649796
2013-12-17 00:00:00,  239.601581,   16.995002,    1.651476
2013-12-18 00:00:00,  202.626048,   17.006808,    1.653122
2013-12-19 00:00:00,  174.167354,   17.018617,    1.654770
2013-12-20 00:00:00,  146.761263,   17.030413,    1.656416
2013-12-21 00:00:00,  125.337706,   17.042185,    1.658061
2013-12-22 00:00:00,  106.771860,   17.054851,    1.659867
2013-12-23 00:00:00,   93.263911,   17.064990,    1.661232
2013-12-24 00:00:00,   79.829670,   17.077569,    1.663033
2013-12-25 00:00:00,   63.645480,   17.089777,    1.664770
2013-12-26 00:00:00,   50.285938,   17.101845,    1.666484
2013-12-27 00:00:00,   38.999782,   17.115598,    1.668497
2013-12-28 00:00:00,   25.601170,   17.126897,    1.670077
2013-12-29 00:00:00,   11.701925,   17.138164,    1.671652
2013-12-30 00:00:00,    5.102018,   17.149375,    1.673220
2013-12-31 00:00:00,    0.292193,   17.160503,    1.674776
2014-01-01 00:00:00,    0.000000,-9999.000000,-9999.000000
2014-01-02 00:00:00,    0.000000,-9999.000000,-9999.000000
2014-01-03 00:00:00,    0.000000,-9999.000000,-9999.000000
2014-01-04 00:00:00,    0.000000,-9999.000000,-9999.000000
2014-01-05 00:00:00,    0.000000,-9999.000000,-9999.000000
2014-01-06 00:00:00,    0.000000,-9999.000000,-9999.000000
2014-01-07 00:00:00,    0.000000,-9999.000000,-9999.000000
2014-01-08 00:00:00,    0.000000,-9999.000000,-9999.000000
2014-01-09 00:00:00,    0.000000,-9999.000000,-9999.000000
2014-01-10 00:00:00,    0.000000,-9999.000000,-9999.000000
2014-01-11 00:00:00,    0.000000,-9999.000000,-9999.000000
2014-01-12 00:00:00,    0.000000,-9999.000000,-9999.000000
2014-01-13 00:00:00,    0.000000,-9999.000000,-9999.000000
2014-01-14 00:00:00,    0.000000,-9999.000000,-9999.000000
2014-01-15 00:00:00,    0.000000,-9999.000000,-9999.000000
2014-01-16 00:00:00,    0.000000,-9999.000000,-9999.000000
2014-01-17 00:00:00,    0.000000,-9999.000000,-9999.000000
2014-01-18 00:00:00,    0.000000,-9999.000000,-9999.000000
2014-01-19 00:00:00,    0.000000,-9999.000000,-9999.000000
2014-01-20 00:00:00,    0.000000,-9999.000000,-9999.000000
2014-01-21 00:00:00,    0.000000,-9999.000000,-9999.000000
2014-01-22 00:00:00,    0.000000,-9999.000000,-9999.000000
2014-01-23 00:00:00,    0.000000,-9999.000000,-9999.000000
2014-01-24 00:00:00,    0.000000,-9999.000000,-9999.000000
2014-01-25 00:00:00,    0.000000,-9999.000000,-9999.000000
2014-01-26 00:00:00,    0.000000,-9999.000000,-9999.000000
2014-01-27 00:00:00,    0.000000,-9999.000000,-9999.000000
2014-01-28 00:00:00,    0.000000,-9999.000000,-9999.000000
2014-01-29 00:00:00,    0.000000,-9999.000000,-9999.000000
2014-01-30 00:00:00,    0.000000,-9999.000000,-9999.000000
2014-01-31 00:00:00,    0.000000,-9999.000000,-9999.000000
2014-02-01 00:00:00,    0.000000,-9999.000000,-9999.000000
2014-02-02 00:00:00,    0.000000,-9999.000000,-9999.000000
2014-02-03 00:00:00,    0.000000,-9999.000000,-9999.000000
2014-02-04 00:00:00,    0.000000,-9999.000000,-9999.000000
2014-02-05 00:00:00,    0.000000,-9999.000000,-9999.000000
2014-02-06 00:00:00,    0.000000,-9999.000000,-9999.000000
2014-02-07 00:00:00,    0.000000,-9999.000000,-9999.000000
2014-02-08 00:00:00,    0.000000,-9999.000000,-9999.000000
2014-02-09 00:00:00,    0.000000,-9999.000000,-9999.000000
2014-02-10 00:00:00,    0.000000,-9999.000000,-9999.000000
2014-02-11 00:00:00,    0.000000,-9999.000000,-9999.000000
2014-02-12 00:00:00,    0.000000,-9999.000000,-9999.000000
2014-02-13 00:00:00,    0.000000,-9999.000000,-9999.000000
2014-02-14 00:00:00,    0.000000,-9999.000000,-9999.000000
2014-02-15 00:00:00,    0.000000,-9999.000000,-9999.000000
2014-02-16 00:00:00,    0.000000,-9999.000000,-9999.000000
2014-02-17 00:00:00,    0.000000,-9999.000000,-9999.000000
2014-02-18 00:00:00,    0.000000,-9999.000000,-9999.000000
2014-02-19 00:00:00,    0.000000,-9999.000000,-9999.000000
2014-02-20 00:00:00,    0.000000,-9999.000000,-9999.000000
2014-02-21 00:00:00,    0.000000,-9999.000000,-9999.000000
2014-02-22 00:00:00,    0.000000,-9999.000000,-9999.000000
2014-02-23 00:00:00,    0.000000,-9999.000000,-9999.000000
2014-02-24 00:00:00,    0.000000,-9999.000000,-9999.000000
2014-02-25 00:00:00,    0.000000,-9999.000000,-9999.000000
2014-02-26 00:00:00,    0.000000,-9999.000000,-9999.000000
2014-02-27 00:00:00,    0.000000,-9999.000000,-9999.000000
2014-02-28 00:00:00,    0.000000,-9999.000000,-9999.000000
2014-03-01 00:00:00,    0.000000,-9999.000000,-9999.000000
2014-03-02 00:00:00,    0.000000,-9999.000000,-9999.000000
2014-03-03 00:00:00,    0.000000,-9999.000000,-9999.000000
2014-03-04 00:00:00,    0.000000,-9999.000000,-9999.000000
2014-03-05 00:00:00,    0.000000,-9999.000000,-9999.000000
2014-03-06 00:00:00,    0.000000,-9999.000000,-9999.000000
2014-03-07 00:00:00,    0.000000,-9999.000000,-9999.000000
2014-03-08 00:00:00,    0.000000,-9999.000000,-9999.000000
2014-03-09 00:00:00,    0.000000,-9999.000000,-9999.000000
2014-03-10 00:00:00,    0.000000,-9999.000000,-9999.000000
2014-03-11 00:00:00,    0.000000,-9999.000000,-9999.000000
2014-03-12 00:00:00,    0.000000,-9999.000000,-9999.000000
2014-03-13 00:00:00,    0.000000,-9999.000000,-9999.000000
2014-03-14 00:00:00,    0.000000,-9999.000000,-9999.000000
2014-03-15 00:00:00,    0.000000,-9999.000000,-9999.000000
2014-03-16 00:00:00,    0.000000,-9999.000000,-9999.000000
2014-03-17 00:00:00,    0.000000,-9999.000000,-9999.000000
2014-03-18 00:00:00,    0.000000,-9999.000000,-9999.000000
2014-03-19 00:00:00,    0.000000,-9999.000000,-9999.000000
2014-03-20 00:00:00,    0.000000,-9999.000000,-9999.000000
2014-03-21 00:00:00,    0.000000,-9999.000000,-9999.000000
2014-03-22 00:00:00,    0.000000,-9999.000000,-9999.000000
2014-03-23 00:00:00,    0.000000,-9999.000000,-9999.000000
2014-03-24 00:00:00,    0.000000,-9999.000000,-9999.000000
2014-03-25 00:00:00,    0.000000,-9999.000000,-9999.000000
2014-03-26 00:00:00,    0.000000,-9999.000000,-9999.000000
2014-03-27 00:00:00,    0.000000,-9999.000000,-9999.000000
2014-03-28 00:00:00,    0.000000,-9999.000000,-9999.000000
2014-03-29 00:00:00,    0.000000,-9999.000000,-9999.000000
2014-03-30 00:00:00,    0.000000,-9999.000000,-9999.000000
2014-03-31 00:00:00,    0.000000,-9999.000000,-9999.000000
2014-04-01 00:00:00,    0.000000,-9999.000000,-9999.000000
2014-04-02 00:00:00,    0.000000,-9999.000000,-9999.000000
2014-04-03 00:00:00,    0.000000,-9999.000000,-9999.000000
2014-04-04 00:00:00,    0.000000,-9999.000000,-9999.000000
2014-04-05 00:00:00,    0.000000,-9999.000000,-9999.000000
2014-04-06 00:00:00,    0.000000,-9999.000000,-9999.000000
2014-04-07 00:00:00,    0.000000,-9999.000000,-9999.000000
2014-04-08 00:00:00,    0.000000,-9999.000000,-9999.000000
2014-04-09 00:00:00,    0.000000,-9999.000000,-9999.000000
2014-04-10 00:00:00,    0.000000,-9999.000000,-9999.000000
2014-04-11 00:00:00,    0.000000,-9999.000000,-9999.000000
2014-04-12 00:00:00,    0.000000,-9999.000000,-9999.000000
2014-04-13 00:00:00,    0.000000,-9999.000000,-9999.000000
2014-04-14 00:00:00,    0.000000,-9999.000000,-9999.000000
2014-04-15 00:00:00,    0.000000,-9999.000000,-9999.000000
2014-04-16 00:00:00,    0.000000,-9999.000000,-9999.000000
2014-04-17 00:00:00,    0.000000,-9999.000000,-9999.000000
2014-04-18 00:00:00,    0.000000,-9999.000000,-9999.000000
2014-04-19 00:00:00,    0.000000,-9999.000000,-9999.000000
2014-04-20 00:00:00,    0.000000,-9999.000000,-9999.000000
2014-04-21 00:00:00,    0.000000,-9999.000000,-9999.000000
2014-04-22 00:00:00,    0.000000,-9999.000000,-9999.000000
2014-04-23 00:00:00,    0.000000,-9999.000000,-9999.000000
2014-04-24 00:00:00,    0.000000,-9999.000000,-9999.000000
2014-04-25 00:00:00,    0.000000,-9999.000000,-9999.000000
2014-04-26 00:00:00,    0.000000,-9999.000000,-9999.000000
2014-04-27 00:00:00,    0.000000,-9999.000000,-9999.000000
2014-04-28 00:00:00,    0.000000,-9999.000000,-9999.000000
2014-04-29 00:00:00,    0.000000,-9999.000000,-9999.000000
2014-04-30 00:00:00,    0.000000,-9999.000000,-9999.000000
2014-05-01 00:00:00,    0.000000,-9999.000000,-9999.000000
2014-05-02 00:00:00,    0.000000,-9999.000000,-9999.000000
2014-05-03 00:00:00,    0.000000,-9999.000000,-9999.000000
2014-05-04 00:00:00,    0.000000,-9999.000000,-9999.000000
2014-05-05 00:00:00,    0.000000,-9999.000000,-9999.000000
2014-05-06 00:00:00,    0.000000,-9999.000000,-9999.000000
2014-05-07 00:00:00,    0.000000,-9999.000000,-9999.000000
2014-05-08 00:00:00,    0.000000,-9999.000000,-9999.000000
2014-05-09 00:00:00,    0.000000,-9999.000000,-9999.000000
2014-05-10 00:00:00,    0.000000,-9999.000000,-9999.000000
2014-05-11 00:00:00,    0.000000,-9999.000000,-9999.000000
2014-05-12 00:00:00,    0.000000,-9999.000000,-9999.000000
2014-05-13 00:00:00,    0.000000,-9999.000000,-9999.000000
2014-05-14 00:00:00,    0.000000,-9999.000000,-9999.000000
2014-05-15 00:00:00,    0.000000,-9999.000000,-9999.000000
2014-05-16 00:00:00,    0.000000,-9999.000000,-9999.000000
2014-05-17 00:00:00,    0.000000,-9999.000000,-9999.000000
2014-05-18 00:00:00,    0.000000,-9999.000000,-9999.000000
2014-05-19 00:00:00,    0.000000,-9999.000000,-9999.000000
2014-05-20 00:00:00,    0.000000,-9999.000000,-9999.000000
2014-05-21 00:00:00,    0.000000,-9999.000000,-9999.000000
2014-05-22 00:00:00,    0.000000,-9999.000000,-9999.000000
2014-05-23 00:00:00,    0.000000,-9999.000000,-9999.000000
2014-05-24 00:00:00,    0.000000,-9999.000000,-9999.000000
2014-05-25 00:00:00,    0.000000,-9999.000000,-9999.000000
2014-05-26 00:00:00,    0.000000,-9999.000000,-9999.000000
2014-05-27 00:00:00,    0.000000,-9999.000000,-9999.000000
2014-05-28 00:00:00,    0.000000,-9999.000000,-9999.000000
2014-05-29 00:00:00,    0.000000,-9999.000000,-9999.000000
2014-05-30 00:00:00,    0.000000,-9999.000000,-9999.000000
2014-05-31 00:00:00,    0.000000,-9999.000000,-9999.000000
2014-06-01 00:00:00,    0.000000,-9999.000000,-9999.000000
2014-06-02 00:00:00,    0.000000,-9999.000000,-9999.000000
2014-06-03 00:00:00,    0.000000,-9999.000000,-9999.000000
2014-06-04 00:00:00,    0.000000,-9999.000000,-9999.000000
2014-06-05 00:00:00,    0.000000,-9999.000000,-9999.000000
2014-06-06 00:00:00,    0.000000,-9999.000000,-9999.000000
2014-06-07 00:00:00,    0.000000,-9999.000000,-9999.000000
2014-06-08 00:00:00,    0.000000,-9999.000000,-9999.000000
2014-06-09 00:00:00,    0.000000,-9999.000000,-9999.000000
2014-06-10 00:00:00,    0.000000,-9999.000000,-9999.000000
2014-06-11 00:00:00,    0.000000,-9999.000000,-9999.000000
2014-06-12 00:00:00,    0.000000,-9999.000000,-9999.000000
2014-06-13 00:00:00,    0.000000,-9999.000000,-9999.000000
2014-06-14 00:00:00,    0.000000,-9999.000000,-9999.000000
2014-06-15 00:00:00,    0.000000,-9999.000000,-9999.000000
2014-06-16 00:00:00,    0.000000,-9999.000000,-9999.000000
2014-06-17 00:00:00,    0.000000,-9999.000000,-9999.000000
2014-06-18 00:00:00,  861.240879,   15.373312,    1.194561
2014-06-19 00:00:00, 2953.302008,   15.487205,    1.218081
2014-06-20 00:00:00, 2901.792397,   15.875565,    1.317492
2014-06-21 00:00:00, 3269.392596,   15.413870,    1.178136
2014-06-22 00:00:00, 3194.859843,   15.115620,    1.176529
2014-06-23 00:00:00, 3112.614539,   14.961883,    1.175290
2014-06-24 00:00:00, 3036.679046,   15.404780,    1.277222
2014-06-25 00:00:00, 2960.051616,   15.696024,    1.345775
2014-06-26 00:00:00, 2887.639312,   14.934935,    1.171921
2014-06-27 00:00:00, 2811.010638,   14.760434,    1.170796
2014-06-28 00:00:00, 2740.219695,   15.213150,    1.270325
2014-06-29 00:00:00, 2662.939087,   14.440484,    1.169063
2014-06-30 00:00:00, 2589.341998,   14.341132,    1.168204
2014-07-01 00:00:00, 2530.180686,   14.862540,    1.268075
2014-07-02 00:00:00, 3056.750587,   14.675724,    1.160209
2014-07-03 00:00:00, 3391.065960,   14.468808,    1.155222
2014-07-04 00:00:00, 3318.250640,   14.275744,    1.150536
2014-07-05 00:00:00, 3240.390011,   14.764386,    1.245637
2014-07-06 00:00:00, 3281.715561,   15.084929,    1.308365
2014-07-07 00:00:00, 3217.960431,   14.468094,    1.143299
2014-07-08 00:00:00, 3180.713572,   14.249267,    1.141087
2014-07-09 00:00:00, 3103.380079,   14.734183,    1.238103
2014-07-10 00:00:00, 3027.190295,   15.043990,    1.301668
2014-07-11 00:00:00, 2954.143635,   15.472699,    1.388684
2014-07-12 00:00:00, 2878.619711,   15.744189,    1.443227
2014-07-13 00:00:00, 2800.005351,   15.440227,    1.389465
2014-07-14 00:00:00, 2984.409426,   15.654401,    1.432063
2014-07-15 00:00:00, 2906.510271,   14.286005,    1.129244
2014-07-16 00:00:00, 2833.120017,   14.207838,    1.128546
2014-07-17 00:00:00, 2761.842793,   14.641292,    1.216607
2014-07-18 00:00:00, 2691.654359,   14.932190,    1.277148
2014-07-19 00:00:00, 2685.961268,   14.153999,    1.127003
2014-07-20 00:00:00, 2737.291578,   14.615671,    1.218724
2014-07-21 00:00:00, 2838.584185,   14.894256,    1.275196
2014-07-22 00:00:00, 3716.518233,   15.373046,    1.370093
2014-07-23 00:00:00, 4425.742941,   14.146112,    1.108437
2014-07-24 00:00:00, 4326.208479,   14.172035,    1.100274
2014-07-25 00:00:00, 4229.762101,   14.533387,    1.099797
2014-07-26 00:00:00, 4210.658618,   14.603733,    1.097269
2014-07-27 00:00:00, 4101.280821,   14.519340,    1.096920
2014-07-28 00:00:00, 3996.047655,   14.670143,    1.096788
2014-07-29 00:00:00, 3908.524291,   15.036007,    1.188715
2014-07-30 00:00:00, 3815.722823,   15.259990,    1.245794
2014-07-31 00:00:00, 3712.821544,   15.643711,    1.344139
2014-08-01 00:00:00, 3616.804680,   15.818164,    1.390840
2014-08-02 00:00:00, 3530.425680,   15.566519,    1.324709
2014-08-03 00:00:00, 3446.591469,   15.800876,    1.385247
2014-08-04 00:00:00, 3348.916348,   15.930855,    1.420100
2014-08-05 00:00:00, 3255.677543,   16.161944,    1.480165
2014-08-06 00:00:00, 3161.809708,   16.254202,    1.506164
2014-08-07 00:00:00, 3105.470374,   16.283510,    1.515657
2014-08-08 00:00:00, 3030.078448,   16.304027,    1.522363
2014-08-09 00:00:00, 2949.498652,   16.437205,    1.556701
2014-08-10 00:00:00, 2872.600754,   16.481637,    1.569709
2014-08-11 00:00:00, 2791.507139,   16.240486,    1.509283
2014-08-12 00:00:00, 2698.439961,   16.351133,    1.537472
2014-08-13 00:00:00, 2605.057077,   16.405006,    1.552093
2014-08-14 00:00:00, 2524.072552,   16.521195,    1.581739
2014-08-15 00:00:00, 2463.126086,   16.560678,    1.593141
2014-08-16 00:00:00, 2405.712489,   16.575277,    1.598090
2014-08-17 00:00:00, 2475.194077,   16.567188,    1.597021
2014-08-18 00:00:00, 2454.385443,   16.640888,    1.615404
2014-08-19 00:00:00, 2399.671111,   16.659551,    1.621021
2014-08-20 00:00:00, 2353.624475,   16.469733,    1.574345
2014-08-21 00:00:00, 2303.364299,   16.542477,    1.592182
2014-08-22 00:00:00, 2235.447982,   16.575638,    1.600851
2014-08-23 00:00:00, 2180.919178,   16.655197,    1.620257
2014-08-24 00:00:00, 2124.998777,   16.680551,    1.627255
2014-08-25 00:00:00, 2072.853412,   16.688361,    1.629855
2014-08-26 00:00:00, 2019.267429,   16.678516,    1.627891
2014-08-27 00:00:00, 1971.025690,   16.733840,    1.640854
2014-08-28 00:00:00, 1919.702597,   16.747310,    1.644525
2014-08-29 00:00:00, 2698.860352,   16.592629,    1.607420
2014-08-30 00:00:00, 3232.064246,   16.651543,    1.621053
2014-08-31 00:00:00, 3662.144263,   16.678542,    1.627583
2014-09-01 00:00:00, 3565.212936,   16.744782,    1.642744
2014-09-02 00:00:00, 3488.903470,   16.766150,    1.648138
2014-09-03 00:00:00, 3392.918771,   16.773249,    1.650104
2014-09-04 00:00:00, 3289.911777,   16.765339,    1.648310
2014-09-05 00:00:00, 3202.192729,   16.814858,    1.659057
2014-09-06 00:00:00, 3174.245992,   16.828275,    1.662203
2014-09-07 00:00:00, 3090.088826,   16.692230,    1.630620
2014-09-08 00:00:00, 3068.881008,   16.746865,    1.642438
2014-09-09 00:00:00, 2977.781931,   16.773150,    1.648243
2014-09-10 00:00:00, 2896.720730,   16.836607,    1.661727
2014-09-11 00:00:00, 2822.083155,   16.859281,    1.666811
2014-09-12 00:00:00, 2744.371021,   16.868827,    1.668924
2014-09-13 00:00:00, 2662.994686,   16.864647,    1.667751
2014-09-14 00:00:00, 2588.879357,   16.915017,    1.677831
2014-09-15 00:00:00, 2508.200178,   16.931134,    1.681130
2014-09-16 00:00:00, 2429.647022,   16.803489,    1.652738
2014-09-17 00:00:00, 2353.751398,   16.859299,    1.663981
2014-09-18 00:00:00, 2279.667036,   16.888002,    1.669790
2014-09-19 00:00:00, 2215.409412,   16.923739,    1.676701
2014-09-20 00:00:00, 2134.272528,   16.928945,    1.677464
2014-09-21 00:00:00, 2332.378930,   16.935036,    1.678344
2014-09-22 00:00:00, 4123.452253,   16.954274,    1.681750
2014-09-23 00:00:00, 5882.495740,   16.967864,    1.684060
2014-09-24 00:00:00, 5716.996339,   17.002175,    1.690105
2014-09-25 00:00:00, 5551.175875,   16.989534,    1.687063
2014-09-26 00:00:00, 5375.259856,   16.969756,    1.682467
2014-09-27 00:00:00, 5230.341918,   16.978137,    1.683609
2014-09-28 00:00:00, 5080.391986,   16.966410,    1.680526
2014-09-29 00:00:00, 4937.412426,   16.960672,    1.678626
2014-09-30 00:00:00, 4800.201323,   16.942173,    1.673951
2014-10-01 00:00:00, 4656.703648,   16.982478,    1.680315
2014-10-02 00:00:00, 4516.322287,   16.967582,    1.676228
2014-10-03 00:00:00, 4383.293316,   16.954086,    1.672454
2014-10-04 00:00:00, 4258.220069,   16.942401,    1.669043
2014-10-05 00:00:00, 4137.469847,   16.932001,    1.665895
2014-10-06 00:00:00, 4012.775975,   16.922906,    1.663019
2014-10-07 00:00:00, 3899.933710,   16.915055,    1.660407
2014-10-08 00:00:00, 3787.256191,   16.908498,    1.658063
2014-10-09 00:00:00, 3666.234310,   16.906376,    1.656587
2014-10-10 00:00:00, 3547.655736,   16.948146,    1.663517
2014-10-11 00:00:00, 3443.352129,   16.975227,    1.668477
2014-10-12 00:00:00, 3328.447516,   16.985461,    1.670009
2014-10-13 00:00:00, 3208.136344,   16.988907,    1.670069
2014-10-14 00:00:00, 3099.916094,   17.006647,    1.672966
2014-10-15 00:00:00, 2987.881861,   17.006994,    1.672284
2014-10-16 00:00:00, 2882.093709,   17.091217,    1.687472
2014-10-17 00:00:00, 2820.898696,   17.084111,    1.685394
2014-10-18 00:00:00, 2967.247117,   17.079880,    1.683551
2014-10-19 00:00:00, 2860.841930,   17.076041,    1.681784
2014-10-20 00:00:00, 2785.681772,   17.072922,    1.680157
2014-10-21 00:00:00, 2698.860489,   17.070447,    1.678661
2014-10-22 00:00:00, 2605.055071,   17.068421,    1.677249
2014-10-23 00:00:00, 2522.584794,   17.066420,    1.675833
2014-10-24 00:00:00, 2444.669225,   17.066108,    1.674716
2014-10-25 00:00:00, 2361.459453,   17.065870,    1.673625
2014-10-26 00:00:00, 2274.203038,   17.070364,    1.673427
2014-10-27 00:00:00, 2188.046856,   17.070156,    1.672355
2014-10-28 00:00:00, 2114.360284,   17.070062,    1.671309
2014-10-29 00:00:00, 2036.214318,   17.070179,    1.670306
2014-10-30 00:00:00, 1957.689976,   17.070531,    1.669351
2014-10-31 00:00:00, 1879.005396,   17.071179,    1.668455
2014-11-01 00:00:00, 1806.622453,   17.070383,    1.667341
2014-11-02 00:00:00, 1747.325615,   17.232173,    1.696506
2014-11-03 00:00:00, 1672.286429,   17.234265,    1.695880
2014-11-04 00:00:00, 1608.661739,   17.236652,    1.695313
2014-11-05 00:00:00, 1542.774959,   17.239241,    1.694786
2014-11-06 00:00:00, 1493.097607,   17.242029,    1.694301
2014-11-07 00:00:00, 1425.088724,   17.245007,    1.693854
2014-11-08 00:00:00, 1366.571595,   17.139940,    1.673393
2014-11-09 00:00:00, 1321.450773,   17.138092,    1.671926
2014-11-10 00:00:00, 1274.171377,   17.137003,    1.670612
2014-11-11 00:00:00, 1224.782035,   17.136488,    1.669415
2014-11-12 00:00:00, 1166.385475,   17.136637,    1.668361
2014-11-13 00:00:00, 1089.824790,   17.347881,    1.706373
2014-11-14 00:00:00, 1039.943243,   17.350520,    1.705788
2014-11-15 00:00:00,  993.610200,   17.353427,    1.705262
2014-11-16 00:00:00,  955.655693,   17.356592,    1.704795
2014-11-17 00:00:00,  927.988271,   17.360034,    1.704391
2014-11-18 00:00:00,  893.107347,   17.363675,    1.704034
2014-11-19 00:00:00,  861.605663,   17.367503,    1.703720
2014-11-20 00:00:00,  847.113099,   17.371510,    1.703449
2014-11-21 00:00:00,  806.006733,   17.375551,    1.703189
2014-11-22 00:00:00,  766.737115,   17.379628,    1.702940
2014-11-23 00:00:00,  714.307148,   17.383769,    1.702708
2014-11-24 00:00:00,  672.169559,   17.387976,    1.702493
2014-11-25 00:00:00,  630.942350,   17.392255,    1.702299
2014-11-26 00:00:00,  713.421681,   17.395979,    1.702006
2014-11-27 00:00:00,  737.261138,   17.399964,    1.701768
2014-11-28 00:00:00,  704.644464,   17.404233,    1.701591
2014-11-29 00:00:00,  668.803715,   17.408625,    1.701445
2014-11-30 00:00:00,  634.017339,   17.413152,    1.701331
2014-12-01 00:00:00,  592.972497,   17.421433,    1.701873
2014-12-02 00:00:00,  556.201658,   17.429113,    1.702310
2014-12-03 00:00:00,  524.448646,   17.434183,    1.702328
2014-12-04 00:00:00,  486.198471,   17.439317,    1.702363
2014-12-05 00:00:00,  463.592595,   17.545618,    1.720874
2014-12-06 00:00:00,  437.081559,   17.553988,    1.721582
2014-12-07 00:00:00,  411.356571,   17.539133,    1.717583
2014-12-08 00:00:00,  367.217597,   17.545042,    1.717816
2014-12-09 00:00:00,  327.342166,   17.554765,    1.718832
2014-12-10 00:00:00,  299.810773,   17.561312,    1.719211
2014-12-11 00:00:00,  277.256573,   17.589656,    1.724004
2014-12-12 00:00:00,  240.859771,   17.596513,    1.724455
2014-12-13 00:00:00,  210.766483,   17.587162,    1.721645
2014-12-14 00:00:00,  183.934415,   17.594584,    1.722231
2014-12-15 00:00:00,  166.060648,   17.601633,    1.722751
2014-12-16 00:00:00,  145.871534,   17.601653,    1.721860
2014-12-17 00:00:00,  122.397175,   17.609378,    1.722530
2014-12-18 00:00:00,  107.029773,   17.623020,    1.724397
2014-12-19 00:00:00,   91.286089,   17.628959,    1.724719
2014-12-20 00:00:00,   67.779601,   17.635015,    1.725070
2014-12-21 00:00:00,   51.255529,   17.641158,    1.725446
2014-12-22 00:00:00,   39.148676,   17.641779,    1.724723
2014-12-23 00:00:00,   24.641147,   17.650708,    1.725676
2014-12-24 00:00:00,   11.920430,   17.656291,    1.725962
2014-12-25 00:00:00,    3.792572,   17.662000,    1.726282
2014-12-26 00:00:00,    0.000000,-9999.000000,-9999.000000
2014-12-27 00:00:00,    0.000000,-9999.000000,-9999.000000
2014-12-28 00:00:00,    0.000000,-9999.000000,-9999.000000
2014-12-29 00:00:00,    0.000000,-9999.000000,-9999.000000
2014-12-30 00:00:00,    0.000000,-9999.000000,-9999.000000
2014-12-31 00:00:00,    0.000000,-9999.000000,-9999.000000
2015-01-01 00:00:00,    0.000000,-9999.000000,-9999.000000
2015-01-02 00:00:00,    0.000000,-9999.000000,-9999.000000
2015-01-03 00:00:00,    0.000000,-9999.000000,-9999.000000
2015-01-04 00:00:00,    0.000000,-9999.000000,-9999.000000
2015-01-05 00:00:00,    0.000000,-9999.000000,-9999.000000
2015-01-06 00:00:00,    0.000000,-9999.000000,-9999.000000
2015-01-07 00:00:00,    0.000000,-9999.000000,-9999.000000
2015-01-08 00:00:00,    0.000000,-9999.000000,-9999.000000
2015-01-09 00:00:00,    0.000000,-9999.000000,-9999.000000
2015-01-10 00:00:00,    0.000000,-9999.000000,-9999.000000
2015-01-11 00:00:00,    0.000000,-9999.000000,-9999.000000
2015-01-12 00:00:00,    0.000000,-9999.000000,-9999.000000
2015-01-13 00:00:00,    0.000000,-9999.000000,-9999.000000
2015-01-14 00:00:00,    0.000000,-9999.000000,-9999.000000
2015-01-15 00:00:00,    0.000000,-9999.000000,-9999.000000
2015-01-16 00:00:00,    0.000000,-9999.000000,-9999.000000
2015-01-17 00:00:00,    0.000000,-9999.000000,-9999.000000
2015-01-18 00:00:00,    0.000000,-9999.000000,-9999.000000
2015-01-19 00:00:00,    0.000000,-9999.000000,-9999.000000
2015-01-20 00:00:00,    0.000000,-9999.000000,-9999.000000
2015-01-21 00:00:00,    0.000000,-9999.000000,-9999.000000
2015-01-22 00:00:00,    0.000000,-9999.000000,-9999.000000
2015-01-23 00:00:00,    0.000000,-9999.000000,-9999.000000
2015-01-24 00:00:00,    0.000000,-9999.000000,-9999.000000
2015-01-25 00:00:00,    0.000000,-9999.000000,-9999.000000
2015-01-26 00:00:00,    0.000000,-9999.000000,-9999.000000
2015-01-27 00:00:00,    0.000000,-9999.000000,-9999.000000
2015-01-28 00:00:00,    0.000000,-9999.000000,-9999.000000
2015-01-29 00:00:00,    0.000000,-9999.000000,-9999.000000
2015-01-30 00:00:00,    0.000000,-9999.000000,-9999.000000
2015-01-31 00:00:00,    0.000000,-9999.000000,-9999.000000
2015-02-01 00:00:00,    0.000000,-9999.000000,-9999.000000
2015-02-02 00:00:00,    0.000000,-9999.000000,-9999.000000
2015-02-03 00:00:00,    0.000000,-9999.000000,-9999.000000
2015-02-04 00:00:00,    0.000000,-9999.000000,-9999.000000
2015-02-05 00:00:00,    0.000000,-9999.000000,-9999.000000
2015-02-06 00:00:00,    0.000000,-9999.000000,-9999.000000
2015-02-07 00:00:00,    0.000000,-9999.000000,-9999.000000
2015-02-08 00:00:00,    0.000000,-9999.000000,-9999.000000
2015-02-09 00:00:00,    0.000000,-9999.000000,-9999.000000
2015-02-10 00:00:00,    0.000000,-9999.000000,-9999.000000
2015-02-11 00:00:00,    0.000000,-9999.000000,-9999.000000
2015-02-12 00:00:00,    0.000000,-9999.000000,-9999.000000
2015-02-13 00:00:00,    0.000000,-9999.000000,-9999.000000
2015-02-14 00:00:00,    0.000000,-9999.000000,-9999.000000
2015-02-15 00:00:00,    0.000000,-9999.000000,-9999.000000
2015-02-16 00:00:00,    0.000000,-9999.000000,-9999.000000
2015-02-17 00:00:00,    0.000000,-9999.000000,-9999.000000
2015-02-18 00:00:00,    0.000000,-9999.000000,-9999.000000
2015-02-19 00:00:00,    0.000000,-9999.000000,-9999.000000
2015-02-20 00:00:00,    0.000000,-9999.000000,-9999.000000
2015-02-21 00:00:00,    0.000000,-9999.000000,-9999.000000
2015-02-22 00:00:00,    0.000000,-9999.000000,-9999.000000
2015-02-23 00:00:00,    0.000000,-9999.000000,-9999.000000
2015-02-24 00:00:00,    0.000000,-9999.000000,-9999.000000
2015-02-25 00:00:00,    0.000000,-9999.000000,-9999.000000
2015-02-26 00:00:00,    0.000000,-9999.000000,-9999.000000
2015-02-27 00:00:00,    0.000000,-9999.000000,-9999.000000
2015-02-28 00:00:00,    0.000000,-9999.000000,-9999.000000
2015-03-01 00:00:00,    0.000000,-9999.000000,-9999.000000
2015-03-02 00:00:00,    0.000000,-9999.000000,-9999.000000
2015-03-03 00:00:00,    0.000000,-9999.000000,-9999.000000
2015-03-04 00:00:00,    0.000000,-9999.000000,-9999.000000
2015-03-05 00:00:00,    0.000000,-9999.000000,-9999.000000
2015-03-06 00:00:00,    0.000000,-9999.000000,-9999.000000
2015-03-07 00:00:00,    0.000000,-9999.000000,-9999.000000
2015-03-08 00:00:00,    0.000000,-9999.000000,-9999.000000
2015-03-09 00:00:00,    0.000000,-9999.000000,-9999.000000
2015-03-10 00:00:00,    0.000000,-9999.000000,-9999.000000
2015-03-11 00:00:00,    0.000000,-9999.000000,-9999.000000
2015-03-12 00:00:00,    0.000000,-9999.000000,-9999.000000
2015-03-13 00:00:00,    0.000000,-9999.000000,-9999.000000
2015-03-14 00:00:00,    0.000000,-9999.000000,-9999.000000
2015-03-15 00:00:00,    0.000000,-9999.000000,-9999.000000
2015-03-16 00:00:00,    0.000000,-9999.000000,-9999.000000
2015-03-17 00:00:00,    0.000000,-9999.000000,-9999.000000
2015-03-18 00:00:00,    0.000000,-9999.000000,-9999.000000
2015-03-19 00:00:00,    0.000000,-9999.000000,-9999.000000
2015-03-20 00:00:00,    0.000000,-9999.000000,-9999.000000
2015-03-21 00:00:00,    0.000000,-9999.000000,-9999.000000
2015-03-22 00:00:00,    0.000000,-9999.000000,-9999.000000
2015-03-23 00:00:00,    0.000000,-9999.000000,-9999.000000
2015-03-24 00:00:00,    0.000000,-9999.000000,-9999.000000
2015-03-25 00:00:00,    0.000000,-9999.000000,-9999.000000
2015-03-26 00:00:00,    0.000000,-9999.000000,-9999.000000
2015-03-27 00:00:00,    0.000000,-9999.000000,-9999.000000
2015-03-28 00:00:00,    0.000000,-9999.000000,-9999.000000
2015-03-29 00:00:00,    0.000000,-9999.000000,-9999.000000
2015-03-30 00:00:00,    0.000000,-9999.000000,-9999.000000
2015-03-31 00:00:00,    0.000000,-9999.000000,-9999.000000
2015-04-01 00:00:00,    0.000000,-9999.000000,-9999.000000
2015-04-02 00:00:00,    0.000000,-9999.000000,-9999.000000
2015-04-03 00:00:00,    0.000000,-9999.000000,-9999.000000
2015-04-04 00:00:00,    0.000000,-9999.000000,-9999.000000
2015-04-05 00:00:00,    0.000000,-9999.000000,-9999.000000
2015-04-06 00:00:00,    0.000000,-9999.000000,-9999.000000
2015-04-07 00:00:00,    0.000000,-9999.000000,-9999.000000
2015-04-08 00:00:00,    0.000000,-9999.000000,-9999.000000
2015-04-09 00:00:00,    0.000000,-9999.000000,-9999.000000
2015-04-10 00:00:00,    0.000000,-9999.000000,-9999.000000
2015-04-11 00:00:00,    0.000000,-9999.000000,-9999.000000
2015-04-12 00:00:00,    0.000000,-9999.000000,-9999.000000
2015-04-13 00:00:00,    0.000000,-9999.000000,-9999.000000
2015-04-14 00:00:00,    0.000000,-9999.000000,-9999.000000
2015-04-15 00:00:00,    0.000000,-9999.000000,-9999.000000
2015-04-16 00:00:00,    0.000000,-9999.000000,-9999.000000
2015-04-17 00:00:00,    0.000000,-9999.000000,-9999.000000
2015-04-18 00:00:00,    0.000000,-9999.000000,-9999.000000
2015-04-19 00:00:00,    0.000000,-9999.000000,-9999.000000
2015-04-20 00:00:00,    0.000000,-9999.000000,-9999.000000
2015-04-21 00:00:00,    0.000000,-9999.000000,-9999.000000
2015-04-22 00:00:00,    0.000000,-9999.000000,-9999.000000
2015-04-23 00:00:00,    0.000000,-9999.000000,-9999.000000
2015-04-24 00:00:00,    0.000000,-9999.000000,-9999.000000
2015-04-25 00:00:00,    0.000000,-9999.000000,-9999.000000
2015-04-26 00:00:00,    0.000000,-9999.000000,-9999.000000
2015-04-27 00:00:00,    0.000000,-9999.000000,-9999.000000
2015-04-28 00:00:00,    0.000000,-9999.000000,-9999.000000
2015-04-29 00:00:00,    0.000000,-9999.000000,-9999.000000
2015-04-30 00:00:00,    0.000000,-9999.000000,-9999.000000
2015-05-01 00:00:00,    0.000000,-9999.000000,-9999.000000
2015-05-02 00:00:00,    0.000000,-9999.000000,-9999.000000
2015-05-03 00:00:00,    0.000000,-9999.000000,-9999.000000
2015-05-04 00:00:00,    0.000000,-9999.000000,-9999.000000
2015-05-05 00:00:00,    0.000000,-9999.000000,-9999.000000
2015-05-06 00:00:00,    0.000000,-9999.000000,-9999.000000
2015-05-07 00:00:00,    0.000000,-9999.000000,-9999.000000
2015-05-08 00:00:00,    0.000000,-9999.000000,-9999.000000
2015-05-09 00:00:00,    0.000000,-9999.000000,-9999.000000
2015-05-10 00:00:00,    0.000000,-9999.000000,-9999.000000
2015-05-11 00:00:00,    0.000000,-9999.000000,-9999.000000
2015-05-12 00:00:00,    0.000000,-9999.000000,-9999.000000
2015-05-13 00:00:00,    0.000000,-9999.000000,-9999.000000
2015-05-14 00:00:00,    0.000000,-9999.000000,-9999.000000
2015-05-15 00:00:00,    0.000000,-9999.000000,-9999.000000
2015-05-16 00:00:00,    0.000000,-9999.000000,-9999.000000
2015-05-17 00:00:00,  109.068673,   18.401217,    1.852756
2015-05-18 00:00:00,  716.221403,   18.561400,    1.891162
2015-05-19 00:00:00, 1189.364150,   18.577258,    1.896626
2015-05-20 00:00:00, 1158.512824,   18.575211,    1.898027
2015-05-21 00:00:00, 1126.710281,   18.561849,    1.896770
2015-05-22 00:00:00, 1103.367729,   18.540513,    1.893573
2015-05-23 00:00:00, 1086.648878,   18.630949,    1.916551
2015-05-24 00:00:00, 1066.229070,   18.672868,    1.928073
2015-05-25 00:00:00, 1047.467949,   18.682994,    1.932308
2015-05-26 00:00:00, 1028.691855,   18.692433,    1.937318
2015-05-27 00:00:00, 1005.186498,   18.650537,    1.928426
2015-05-28 00:00:00,  983.432429,   18.640754,    1.928655
2015-05-29 00:00:00,  961.831253,   18.651134,    1.932990
2015-05-30 00:00:00,  943.127226,   18.661272,    1.938478
2015-05-31 00:00:00,  927.200794,   18.655177,    1.939354
2015-06-01 00:00:00,  896.620462,   18.640549,    1.937737
2015-06-02 00:00:00,  989.545077,   18.632670,    1.938878
2015-06-03 00:00:00,  973.445655,   18.596310,    1.930103
2015-06-04 00:00:00,  960.911392,   18.585681,    1.930550
2015-06-05 00:00:00,  946.456254,   18.570843,    1.929296
2015-06-06 00:00:00,  946.979118,   18.548753,    1.927849
2015-06-07 00:00:00,  930.017086,   18.528659,    1.925490
2015-06-08 00:00:00,  911.330903,   18.506325,    1.922037
2015-06-09 00:00:00,  888.820135,   18.476301,    1.918761
2015-06-10 00:00:00,  865.754219,   18.460458,    1.913709
2015-06-11 00:00:00,  846.427534,   18.432838,    1.910823
2015-06-12 00:00:00,  991.776739,   18.409984,    1.907877
2015-06-13 00:00:00,  967.994799,   18.373104,    1.903535
2015-06-14 00:00:00,  943.920453,   18.347139,    1.899562
2015-06-15 00:00:00,  922.180014,   18.325534,    1.896176
2015-06-16 00:00:00,  894.880983,   18.286784,    1.891284
2015-06-17 00:00:00,  862.584614,   18.262247,    1.887720
2015-06-18 00:00:00, 1147.566604,   18.268749,    1.885639
2015-06-19 00:00:00, 1447.475958,   18.234302,    1.881485
2015-06-20 00:00:00, 1434.845269,   18.208583,    1.878013
2015-06-21 00:00:00, 1567.475025,   18.164498,    1.872423
2015-06-22 00:00:00, 1582.381442,   18.137496,    1.868584
2015-06-23 00:00:00, 1547.580233,   18.115729,    1.865308
2015-06-24 00:00:00, 1513.794949,   18.071997,    1.859462
2015-06-25 00:00:00, 1481.913357,   18.046900,    1.855681
2015-06-26 00:00:00, 1451.862465,   18.070233,    1.856335
2015-06-27 00:00:00, 1420.334027,   18.031335,    1.851395
2015-06-28 00:00:00, 1386.294913,   18.004339,    1.847647
2015-06-29 00:00:00, 1356.203076,   17.956243,    1.841359
2015-06-30 00:00:00, 1326.984048,   17.929026,    1.837409
2015-07-01 00:00:00, 1313.560743,   17.907427,    1.834099
2015-07-02 00:00:00, 1287.470460,   17.859543,    1.827589
2015-07-03 00:00:00, 1268.354953,   17.834533,    1.823764
2015-07-04 00:00:00, 1245.709176,   17.870094,    1.826423
2015-07-05 00:00:00, 1226.065113,   17.828264,    1.821000
2015-07-06 00:00:00, 1201.732451,   17.801081,    1.817166
2015-07-07 00:00:00, 1208.567446,   17.750939,    1.810542
2015-07-08 00:00:00, 1266.609060,   17.724742,    1.806689
2015-07-09 00:00:00, 1337.867376,   17.708909,    1.803954
2015-07-10 00:00:00, 1340.165496,   17.694673,    1.801539
2015-07-11 00:00:00, 1311.736597,   17.651905,    1.795835
2015-07-12 00:00:00, 1282.292109,   17.629430,    1.792461
2015-07-13 00:00:00, 1252.889062,   17.678569,    1.796972
2015-07-14 00:00:00, 1224.061816,   17.638318,    1.791825
2015-07-15 00:00:00, 1195.889470,   17.612242,    1.788221
2015-07-16 00:00:00, 1157.073289,   17.563298,    1.781850
2015-07-17 00:00:00, 1158.745320,   17.537869,    1.778183
2015-07-18 00:00:00, 1144.201144,   17.554248,    1.777781
2015-07-19 00:00:00, 1240.066935,   17.486401,    1.766991
2015-07-20 00:00:00, 2957.738548,   17.437187,    1.759329
2015-07-21 00:00:00, 4786.305709,   14.703463,    1.135624
2015-07-22 00:00:00, 4744.353254,   15.051696,    1.219751
2015-07-23 00:00:00, 4702.481583,   14.900996,    1.183646
2015-07-24 00:00:00, 4579.026522,   15.240152,    1.264600
2015-07-25 00:00:00, 4464.017337,   15.455225,    1.317516
2015-07-26 00:00:00, 4353.162326,   15.793752,    1.399069
2015-07-27 00:00:00, 4235.281253,   15.954650,    1.440253
2015-07-28 00:00:00, 4196.405272,   16.050402,    1.465691
2015-07-29 00:00:00, 4101.427466,   16.101263,    1.480415
2015-07-30 00:00:00, 4252.959058,   16.287166,    1.524955
2015-07-31 00:00:00, 4228.464327,   16.360098,    1.544492
2015-08-01 00:00:00, 4107.874749,   16.066551,    1.479789
2015-08-02 00:00:00, 4001.848511,   16.212374,    1.513753
2015-08-03 00:00:00, 3900.698138,   16.288543,    1.532621
2015-08-04 00:00:00, 3800.079389,   16.439707,    1.567952
2015-08-05 00:00:00, 3699.641896,   16.495627,    1.582661
2015-08-06 00:00:00, 3605.366055,   16.519376,    1.589824
2015-08-07 00:00:00, 3614.370954,   16.514954,    1.590342
2015-08-08 00:00:00, 3660.305780,   16.584408,    1.606724
2015-08-09 00:00:00, 3651.283820,   16.575404,    1.606412
2015-08-10 00:00:00, 3563.978841,   14.515247,    1.096871
2015-08-11 00:00:00, 3477.859225,   14.869383,    1.185590
2015-08-12 00:00:00, 3392.850789,   15.085510,    1.241716
2015-08-13 00:00:00, 3308.271939,   15.476508,    1.336906
2015-08-14 00:00:00, 3222.133382,   15.649169,    1.381893
2015-08-15 00:00:00, 3139.888847,   15.359189,    1.317424
2015-08-16 00:00:00, 3060.019987,   15.609622,    1.376827
2015-08-17 00:00:00, 3003.013922,   15.747452,    1.410997
2015-08-18 00:00:00, 2910.126713,   15.838120,    1.433909
2015-08-19 00:00:00, 2877.531028,   16.044137,    1.482462
2015-08-20 00:00:00, 2807.487633,   16.103148,    1.498404
2015-08-21 00:00:00, 2886.868519,   16.139280,    1.508431
2015-08-22 00:00:00, 3140.101562,   16.165550,    1.515723
2015-08-23 00:00:00, 3230.478335,   16.309927,    1.548708
2015-08-24 00:00:00, 3137.930347,   16.363710,    1.562288
2015-08-25 00:00:00, 3047.463587,   16.095398,    1.502606
2015-08-26 00:00:00, 2964.400227,   16.220923,    1.530639
2015-08-27 00:00:00, 2880.455481,   16.286448,    1.545968
2015-08-28 00:00:00, 3210.649466,   16.423432,    1.576361
2015-08-29 00:00:00, 3416.251304,   16.475255,    1.588940
2015-08-30 00:00:00, 3310.421365,   16.498749,    1.595076
2015-08-31 00:00:00, 3264.048606,   16.496661,    1.595260
2015-09-01 00:00:00, 3170.193146,   16.588549,    1.614887
2015-09-02 00:00:00, 3083.954859,   16.616403,    1.621597
2015-09-03 00:00:00, 2997.460403,   16.402318,    1.575494
2015-09-04 00:00:00, 3044.053517,   16.492309,    1.594387
2015-09-05 00:00:00, 2951.822337,   16.536328,    1.604035
2015-09-06 00:00:00, 2865.723354,   16.589292,    1.615479
2015-09-07 00:00:00, 2788.758719,   16.593391,    1.616536
2015-09-08 00:00:00, 2714.088857,   16.585603,    1.615025
2015-09-09 00:00:00, 2628.798359,   16.612531,    1.620552
2015-09-10 00:00:00, 2569.516211,   16.629298,    1.623993
2015-09-11 00:00:00, 2506.222167,   16.672251,    1.632441
2015-09-12 00:00:00, 2630.257676,   16.652293,    1.628363
2015-09-13 00:00:00, 2672.446541,   16.642100,    1.626134
2015-09-14 00:00:00, 2609.396078,   16.627335,    1.622898
2015-09-15 00:00:00, 2532.613035,   16.623166,    1.621743
2015-09-16 00:00:00, 2459.068177,   16.595060,    1.615553
2015-09-17 00:00:00, 2390.651508,   16.565154,    1.608908
2015-09-18 00:00:00, 2323.272368,   16.669099,    1.629279
2015-09-19 00:00:00, 2240.088033,   16.675536,    1.630659
2015-09-20 00:00:00, 2166.375945,   16.667739,    1.629084
2015-09-21 00:00:00, 2102.122176,   16.653800,    1.626111
2015-09-22 00:00:00, 2024.891871,   16.634962,    1.622008
2015-09-23 00:00:00, 1956.727118,   16.629261,    1.620406
2015-09-24 00:00:00, 1891.976445,   16.619591,    1.617939
2015-09-25 00:00:00, 1834.973861,   16.707728,    1.634101
2015-09-26 00:00:00, 1772.471509,   16.696964,    1.631417
2015-09-27 00:00:00, 1707.504486,   16.685830,    1.628595
2015-09-28 00:00:00, 1656.658190,   16.668184,    1.624382
2015-09-29 00:00:00, 1607.482607,   16.706101,    1.631338
2015-09-30 00:00:00, 1564.378331,   16.727052,    1.635100
2015-10-01 00:00:00, 1520.218129,   16.739279,    1.637175
2015-10-02 00:00:00, 1482.869804,   16.743065,    1.637601
2015-10-03 00:00:00, 1442.795622,   16.835371,    1.654286
2015-10-04 00:00:00, 1390.098113,   16.823113,    1.651533
2015-10-05 00:00:00, 1318.382836,   16.814342,    1.649384
2015-10-06 00:00:00, 1272.597423,   16.809741,    1.647990
2015-10-07 00:00:00, 1216.920554,   16.798928,    1.645356
2015-10-08 00:00:00, 1172.848569,   16.788672,    1.642792
2015-10-09 00:00:00, 1137.767235,   16.789205,    1.642302
2015-10-10 00:00:00, 1104.573477,   16.780088,    1.639908
2015-10-11 00:00:00, 1067.079664,   16.769488,    1.637204
2015-10-12 00:00:00, 1031.169426,   16.763445,    1.635374
2015-10-13 00:00:00,  993.235064,   16.831639,    1.647092
2015-10-14 00:00:00,  964.366406,   16.827308,    1.645569
2015-10-15 00:00:00,  917.130162,   16.829529,    1.645260
2015-10-16 00:00:00,  881.034108,   16.817469,    1.642126
2015-10-17 00:00:00,  844.739777,   16.812625,    1.640422
2015-10-18 00:00:00,  876.150937,   16.808139,    1.638790
2015-10-19 00:00:00,  840.296057,   16.804113,    1.637249
2015-10-20 00:00:00,  808.967785,   16.798838,    1.635461
2015-10-21 00:00:00,  780.702338,   16.808081,    1.636541
2015-10-22 00:00:00,  751.804370,   16.805169,    1.635219
2015-10-23 00:00:00,  712.064086,   16.795659,    1.632597
2015-10-24 00:00:00,  676.950912,   16.793624,    1.631448
2015-10-25 00:00:00,  643.213168,   16.791988,    1.630379
2015-10-26 00:00:00,  616.856406,   16.790699,    1.629377
2015-10-27 00:00:00,  592.866560,   16.789487,    1.628391
2015-10-28 00:00:00,  574.322261,   16.979028,    1.661974
2015-10-29 00:00:00,  555.246997,   16.979041,    1.661184
2015-10-30 00:00:00,  531.429103,   16.979254,    1.660433
2015-10-31 00:00:00,  504.939849,   16.979654,    1.659718
2015-11-01 00:00:00,  528.945353,   16.977620,    1.658630
2015-11-02 00:00:00,  810.269295,   16.975639,    1.657558
2015-11-03 00:00:00,  910.303855,   16.856073,    1.635247
2015-11-04 00:00:00,  870.921526,   16.847819,    1.632882
2015-11-05 00:00:00,  841.591744,   16.849971,    1.632559
2015-11-06 00:00:00,  818.193863,   16.847976,    1.631419
2015-11-07 00:00:00,  764.682207,   16.846719,    1.630412
2015-11-08 00:00:00,  722.714275,   16.852428,    1.630764
2015-11-09 00:00:00,  687.563410,   17.075085,    1.669757
2015-11-10 00:00:00,  655.698825,   17.075012,    1.668913
2015-11-11 00:00:00,  624.891839,   17.076911,    1.668456
2015-11-12 00:00:00,  591.793360,   17.080581,    1.668348
2015-11-13 00:00:00,  554.945489,   17.083013,    1.667999
2015-11-14 00:00:00,  524.065149,   17.085736,    1.667709
2015-11-15 00:00:00,  488.582349,   17.088770,    1.667482
2015-11-16 00:00:00,  460.665109,   17.091949,    1.667286
2015-11-17 00:00:00,  427.326337,   17.095217,    1.667110
2015-11-18 00:00:00,  385.813367,   17.098604,    1.666959
2015-11-19 00:00:00,  348.846394,   17.102130,    1.666836
2015-11-20 00:00:00,  322.123821,   17.106942,    1.666966
2015-11-21 00:00:00,  290.892641,   17.118538,    1.668414
2015-11-22 00:00:00,  263.648345,   17.123864,    1.668647
2015-11-23 00:00:00,  247.397865,   17.124008,    1.667862
2015-11-24 00:00:00,  211.240936,   17.128138,    1.667850
2015-11-25 00:00:00,  184.204498,   17.132269,    1.667844
2015-11-26 00:00:00,  158.645808,   17.136377,    1.667839
2015-11-27 00:00:00,  139.540760,   17.140495,    1.667841
2015-11-28 00:00:00,  118.416422,   17.144642,    1.667854
2015-11-29 00:00:00,   91.906791,   17.148818,    1.667878
2015-11-30 00:00:00,   68.966584,   17.153021,    1.667912
2015-12-01 00:00:00,   54.914074,   17.271441,    1.688146
2015-12-02 00:00:00,   42.039468,   17.269171,    1.686837
2015-12-03 00:00:00,   32.619945,   17.287217,    1.689533
2015-12-04 00:00:00,   16.693486,   17.294147,    1.690099
2015-12-05 00:00:00,   34.219828,   17.300719,    1.690605
2015-12-06 00:00:00,   26.569335,   17.296341,    1.689024
2015-12-07 00:00:00,   18.724118,   17.307886,    1.690497
2015-12-08 00:00:00,   12.949711,   17.308893,    1.689962
2015-12-09 00:00:00,    6.487070,   17.316048,    1.690610
2015-12-10 00:00:00,    1.018160,   17.322694,    1.691167
2015-12-11 00:00:00,    0.000000,-9999.000000,-9999.000000
2015-12-12 00:00:00,    0.000000,-9999.000000,-9999.000000
2015-12-13 00:00:00,    0.000000,-9999.000000,-9999.000000
2015-12-14 00:00:00,    0.000000,-9999.000000,-9999.000000
2015-12-15 00:00:00,    0.000000,-9999.000000,-9999.000000
2015-12-16 00:00:00,    0.000000,-9999.000000,-9999.000000
2015-12-17 00:00:00,    0.000000,-9999.000000,-9999.000000
2015-12-18 00:00:00,    0.000000,-9999.000000,-9999.000000
2015-12-19 00:00:00,    0.000000,-9999.000000,-9999.000000
2015-12-20 00:00:00,    0.000000,-9999.000000,-9999.000000
2015-12-21 00:00:00,    0.000000,-9999.000000,-9999.000000
2015-12-22 00:00:00,    0.000000,-9999.000000,-9999.000000
2015-12-23 00:00:00,    0.000000,-9999.000000,-9999.000000
2015-12-24 00:00:00,    0.000000,-9999.000000,-9999.000000
2015-12-25 00:00:00,    0.000000,-9999.000000,-9999.000000
2015-12-26 00:00:00,    0.000000,-9999.000000,-9999.000000
2015-12-27 00:00:00,    0.000000,-9999.000000,-9999.000000
2015-12-28 00:00:00,    0.000000,-9999.000000,-9999.000000
2015-12-29 00:00:00,    0.000000,-9999.000000,-9999.000000
2015-12-30 00:00:00,    0.000000,-9999.000000,-9999.000000
2015-12-31 00:00:00,    0.000000,-9999.000000,-9999.000000
2016-01-01 00:00:00,    0.000000,-9999.000000,-9999.000000
2016-01-02 00:00:00,    0.000000,-9999.000000,-9999.000000
2016-01-03 00:00:00,    0.000000,-9999.000000,-9999.000000
2016-01-04 00:00:00,    0.000000,-9999.000000,-9999.000000
2016-01-05 00:00:00,    0.000000,-9999.000000,-9999.000000
2016-01-06 00:00:00,    0.000000,-9999.000000,-9999.000000
2016-01-07 00:00:00,    0.000000,-9999.000000,-9999.000000
2016-01-08 00:00:00,    0.000000,-9999.000000,-9999.000000
2016-01-09 00:00:00,    0.000000,-9999.000000,-9999.000000
2016-01-10 00:00:00,    0.000000,-9999.000000,-9999.000000
2016-01-11 00:00:00,    0.000000,-9999.000000,-9999.000000
2016-01-12 00:00:00,    0.000000,-9999.000000,-9999.000000
2016-01-13 00:00:00,    0.000000,-9999.000000,-9999.000000
2016-01-14 00:00:00,    0.000000,-9999.000000,-9999.000000
2016-01-15 00:00:00,    0.000000,-9999.000000,-9999.000000
2016-01-16 00:00:00,    0.000000,-9999.000000,-9999.000000
2016-01-17 00:00:00,    0.000000,-9999.000000,-9999.000000
2016-01-18 00:00:00,    0.000000,-9999.000000,-9999.000000
2016-01-19 00:00:00,    0.000000,-9999.000000,-9999.000000
2016-01-20 00:00:00,    0.000000,-9999.000000,-9999.000000
2016-01-21 00:00:00,    0.000000,-9999.000000,-9999.000000
2016-01-22 00:00:00,    0.000000,-9999.000000,-9999.000000
2016-01-23 00:00:00,    0.000000,-9999.000000,-9999.000000
2016-01-24 00:00:00,    0.000000,-9999.000000,-9999.000000
2016-01-25 00:00:00,    0.000000,-9999.000000,-9999.000000
2016-01-26 00:00:00,    0.000000,-9999.000000,-9999.000000
2016-01-27 00:00:00,    0.000000,-9999.000000,-9999.000000
2016-01-28 00:00:00,    0.000000,-9999.000000,-9999.000000
2016-01-29 00:00:00,    0.000000,-9999.000000,-9999.000000
2016-01-30 00:00:00,    0.000000,-9999.000000,-9999.000000
2016-01-31 00:00:00,    0.000000,-9999.000000,-9999.000000
2016-02-01 00:00:00,    0.000000,-9999.000000,-9999.000000
2016-02-02 00:00:00,    0.000000,-9999.000000,-9999.000000
2016-02-03 00:00:00,    0.000000,-9999.000000,-9999.000000
2016-02-04 00:00:00,    0.000000,-9999.000000,-9999.000000
2016-02-05 00:00:00,    0.000000,-9999.000000,-9999.000000
2016-02-06 00:00:00,    0.000000,-9999.000000,-9999.000000
2016-02-07 00:00:00,    0.000000,-9999.000000,-9999.000000
2016-02-08 00:00:00,    0.000000,-9999.000000,-9999.000000
2016-02-09 00:00:00,    0.000000,-9999.000000,-9999.000000
2016-02-10 00:00:00,    0.000000,-9999.000000,-9999.000000
2016-02-11 00:00:00,    0.000000,-9999.000000,-9999.000000
2016-02-12 00:00:00,    0.000000,-9999.000000,-9999.000000
2016-02-13 00:00:00,    0.000000,-9999.000000,-9999.000000
2016-02-14 00:00:00,    0.000000,-9999.000000,-9999.000000
2016-02-15 00:00:00,    0.000000,-9999.000000,-9999.000000
2016-02-16 00:00:00,    0.000000,-9999.000000,-9999.000000
2016-02-17 00:00:00,    0.000000,-9999.000000,-9999.000000
2016-02-18 00:00:00,    0.000000,-9999.000000,-9999.000000
2016-02-19 00:00:00,    0.000000,-9999.000000,-9999.000000
2016-02-20 00:00:00,    0.000000,-9999.000000,-9999.000000
2016-02-21 00:00:00,    0.000000,-9999.000000,-9999.000000
2016-02-22 00:00:00,    0.000000,-9999.000000,-9999.000000
2016-02-23 00:00:00,    0.000000,-9999.000000,-9999.000000
2016-02-24 00:00:00,    0.000000,-9999.000000,-9999.000000
2016-02-25 00:00:00,    0.000000,-9999.000000,-9999.000000
2016-02-26 00:00:00,    0.000000,-9999.000000,-9999.000000
2016-02-27 00:00:00,    0.000000,-9999.000000,-9999.000000
2016-02-28 00:00:00,    0.000000,-9999.000000,-9999.000000
2016-02-29 00:00:00,    0.000000,-9999.000000,-9999.000000
2016-03-01 00:00:00,    0.000000,-9999.000000,-9999.000000
2016-03-02 00:00:00,    0.000000,-9999.000000,-9999.000000
2016-03-03 00:00:00,    0.000000,-9999.000000,-9999.000000
2016-03-04 00:00:00,    0.000000,-9999.000000,-9999.000000
2016-03-05 00:00:00,    0.000000,-9999.000000,-9999.000000
2016-03-06 00:00:00,    0.000000,-9999.000000,-9999.000000
2016-03-07 00:00:00,    0.000000,-9999.000000,-9999.000000
2016-03-08 00:00:00,    0.000000,-9999.000000,-9999.000000
2016-03-09 00:00:00,    0.000000,-9999.000000,-9999.000000
2016-03-10 00:00:00,    0.000000,-9999.000000,-9999.000000
2016-03-11 00:00:00,    0.000000,-9999.000000,-9999.000000
2016-03-12 00:00:00,    0.000000,-9999.000000,-9999.000000
2016-03-13 00:00:00,    0.000000,-9999.000000,-9999.000000
2016-03-14 00:00:00,    0.000000,-9999.000000,-9999.000000
2016-03-15 00:00:00,    0.000000,-9999.000000,-9999.000000
2016-03-16 00:00:00,    0.000000,-9999.000000,-9999.000000
2016-03-17 00:00:00,    0.000000,-9999.000000,-9999.000000
2016-03-18 00:00:00,    0.000000,-9999.000000,-9999.000000
2016-03-19 00:00:00,    0.000000,-9999.000000,-9999.000000
2016-03-20 00:00:00,    0.000000,-9999.000000,-9999.000000
2016-03-21 00:00:00,    0.000000,-9999.000000,-9999.000000
2016-03-22 00:00:00,    0.000000,-9999.000000,-9999.000000
2016-03-23 00:00:00,    0.000000,-9999.000000,-9999.000000
2016-03-24 00:00:00,    0.000000,-9999.000000,-9999.000000
2016-03-25 00:00:00,    0.000000,-9999.000000,-9999.000000
2016-03-26 00:00:00,    0.000000,-9999.000000,-9999.000000
2016-03-27 00:00:00,    0.000000,-9999.000000,-9999.000000
2016-03-28 00:00:00,    0.000000,-9999.000000,-9999.000000
2016-03-29 00:00:00,    0.000000,-9999.000000,-9999.000000
2016-03-30 00:00:00,    0.000000,-9999.000000,-9999.000000
2016-03-31 00:00:00,    0.000000,-9999.000000,-9999.000000
2016-04-01 00:00:00,    0.000000,-9999.000000,-9999.000000
2016-04-02 00:00:00,    0.000000,-9999.000000,-9999.000000
2016-04-03 00:00:00,    0.000000,-9999.000000,-9999.000000
2016-04-04 00:00:00,    0.000000,-9999.000000,-9999.000000
2016-04-05 00:00:00,    0.000000,-9999.000000,-9999.000000
2016-04-06 00:00:00,    0.000000,-9999.000000,-9999.000000
2016-04-07 00:00:00,    0.000000,-9999.000000,-9999.000000
2016-04-08 00:00:00,    0.000000,-9999.000000,-9999.000000
2016-04-09 00:00:00,    0.000000,-9999.000000,-9999.000000
2016-04-10 00:00:00,    0.000000,-9999.000000,-9999.000000
2016-04-11 00:00:00,    0.000000,-9999.000000,-9999.000000
2016-04-12 00:00:00,    0.000000,-9999.000000,-9999.000000
2016-04-13 00:00:00,    0.000000,-9999.000000,-9999.000000
2016-04-14 00:00:00,    0.000000,-9999.000000,-9999.000000
2016-04-15 00:00:00,    0.000000,-9999.000000,-9999.000000
2016-04-16 00:00:00,    0.000000,-9999.000000,-9999.000000
2016-04-17 00:00:00,    0.000000,-9999.000000,-9999.000000
2016-04-18 00:00:00,    0.000000,-9999.000000,-9999.000000
2016-04-19 00:00:00,    0.000000,-9999.000000,-9999.000000
2016-04-20 00:00:00,    0.000000,-9999.000000,-9999.000000
2016-04-21 00:00:00,    0.000000,-9999.000000,-9999.000000
2016-04-22 00:00:00,    0.000000,-9999.000000,-9999.000000
2016-04-23 00:00:00,    0.000000,-9999.000000,-9999.000000
2016-04-24 00:00:00,    0.000000,-9999.000000,-9999.000000
2016-04-25 00:00:00,    0.000000,-9999.000000,-9999.000000
2016-04-26 00:00:00,    0.000000,-9999.000000,-9999.000000
2016-04-27 00:00:00,    0.000000,-9999.000000,-9999.000000
2016-04-28 00:00:00,    0.000000,-9999.000000,-9999.000000
2016-04-29 00:00:00,    0.000000,-9999.000000,-9999.000000
2016-04-30 00:00:00,    0.000000,-9999.000000,-9999.000000
2016-05-01 00:00:00,    0.000000,-9999.000000,-9999.000000
2016-05-02 00:00:00,    0.000000,-9999.000000,-9999.000000
2016-05-03 00:00:00,    0.000000,-9999.000000,-9999.000000
2016-05-04 00:00:00,    0.000000,-9999.000000,-9999.000000
2016-05-05 00:00:00,    0.000000,-9999.000000,-9999.000000
2016-05-06 00:00:00,    0.000000,-9999.000000,-9999.000000
2016-05-07 00:00:00,    0.000000,-9999.000000,-9999.000000
2016-05-08 00:00:00,    0.000000,-9999.000000,-9999.000000
2016-05-09 00:00:00,    0.000000,-9999.000000,-9999.000000
2016-05-10 00:00:00,    0.000000,-9999.000000,-9999.000000
2016-05-11 00:00:00,    0.000000,-9999.000000,-9999.000000
2016-05-12 00:00:00,    0.000000,-9999.000000,-9999.000000
2016-05-13 00:00:00,    0.000000,-9999.000000,-9999.000000
2016-05-14 00:00:00,    0.000000,-9999.000000,-9999.000000
2016-05-15 00:00:00,    0.000000,-9999.000000,-9999.000000
2016-05-16 00:00:00,    0.000000,-9999.000000,-9999.000000
2016-05-17 00:00:00,    0.000000,-9999.000000,-9999.000000
2016-05-18 00:00:00,    0.000000,-9999.000000,-9999.000000
2016-05-19 00:00:00,    0.000000,-9999.000000,-9999.000000
2016-05-20 00:00:00,    0.000000,-9999.000000,-9999.000000
2016-05-21 00:00:00,  119.871027,   17.827559,    1.747455
2016-05-22 00:00:00,  167.335767,   17.919503,    1.767940
2016-05-23 00:00:00,  215.646536,   17.884998,    1.761023
2016-05-24 00:00:00,  551.106073,   17.930676,    1.771687
2016-05-25 00:00:00,  766.889263,   17.957208,    1.778485
2016-05-26 00:00:00,  777.458224,   18.092449,    1.809507
2016-05-27 00:00:00,  758.425686,   18.249449,    1.846186
2016-05-28 00:00:00,  841.870938,   18.276014,    1.853577
2016-05-29 00:00:00,  826.682277,   18.282981,    1.856697
2016-05-30 00:00:00,  807.953910,   18.281669,    1.857881
2016-05-31 00:00:00,  793.456427,   18.270806,    1.856868
2016-06-01 00:00:00,  775.757309,   18.352077,    1.877298
2016-06-02 00:00:00,  752.552364,   18.327004,    1.872340
2016-06-03 00:00:00,  738.191001,   18.348734,    1.879492
2016-06-04 00:00:00,  744.285628,   18.374876,    1.887037
2016-06-05 00:00:00,  729.352014,   18.391050,    1.893451
2016-06-06 00:00:00,  840.391674,   18.401804,    1.897841
2016-06-07 00:00:00, 1104.726731,   18.394386,    1.897921
2016-06-08 00:00:00, 1263.569747,   18.397092,    1.901379
2016-06-09 00:00:00, 1252.556536,   18.356657,    1.892371
2016-06-10 00:00:00, 1265.722570,   18.353641,    1.894325
2016-06-11 00:00:00, 1235.164368,   18.342997,    1.893952
2016-06-12 00:00:00, 1476.993321,   18.328115,    1.893885
2016-06-13 00:00:00, 2680.365077,   18.306806,    1.891107
2016-06-14 00:00:00, 3850.658210,   18.287361,    1.888345
2016-06-15 00:00:00, 3762.733686,   18.263230,    1.886177
2016-06-16 00:00:00, 3675.574798,   18.242855,    1.883538
2016-06-17 00:00:00, 3587.325565,   18.219287,    1.876324
2016-06-18 00:00:00, 3493.839228,   18.197410,    1.874403
2016-06-19 00:00:00, 3421.957297,   18.177515,    1.872048
2016-06-20 00:00:00, 3334.173103,   18.145784,    1.868637
2016-06-21 00:00:00, 3248.857122,   18.122797,    1.865619
2016-06-22 00:00:00, 3172.358045,   18.102247,    1.862665
2016-06-23 00:00:00, 3092.501625,   18.048388,    1.854779
2016-06-24 00:00:00, 3009.666826,   17.983853,    1.843196
2016-06-25 00:00:00, 3081.160072,   17.727227,    1.783352
2016-06-26 00:00:00, 3000.079843,   17.738111,    1.789055
2016-06-27 00:00:00, 2910.111289,   17.446916,    1.732318
2016-06-28 00:00:00, 2849.066489,   14.909291,    1.187122
2016-06-29 00:00:00, 2775.694945,   14.809922,    1.186031
2016-06-30 00:00:00, 2709.960279,   15.237263,    1.279143
2016-07-01 00:00:00, 2644.680602,   15.525045,    1.342595
2016-07-02 00:00:00, 2579.085313,   15.994617,    1.443808
2016-07-03 00:00:00, 2512.211998,   16.204298,    1.491844
2016-07-04 00:00:00, 2443.493623,   14.455949,    1.181009
2016-07-05 00:00:00, 2376.224088,   14.297856,    1.180283
2016-07-06 00:00:00, 2317.856868,   14.144144,    1.179348
2016-07-07 00:00:00, 2262.819451,   14.200068,    1.178602
2016-07-08 00:00:00, 2323.083998,   14.214624,    1.174216
2016-07-09 00:00:00, 2507.661085,   13.882374,    1.166038
2016-07-10 00:00:00, 2934.416145,   13.866963,    1.162020
2016-07-11 00:00:00, 3260.395305,   13.764235,    1.157138
2016-07-12 00:00:00, 3172.359452,   13.656298,    1.152609
2016-07-13 00:00:00, 3083.412796,   13.508289,    1.152001
2016-07-14 00:00:00, 2990.340886,   13.505106,    1.151806
2016-07-15 00:00:00, 2916.885485,   13.783303,    1.151149
2016-07-16 00:00:00, 2879.859506,   14.050019,    1.149778
2016-07-17 00:00:00, 2837.451391,   14.159296,    1.148041
2016-07-18 00:00:00, 2776.230527,   14.011064,    1.147014
2016-07-19 00:00:00, 2709.402406,   13.974197,    1.146520
2016-07-20 00:00:00, 2634.890968,   14.043443,    1.146218
2016-07-21 00:00:00, 2703.478821,   13.973509,    1.141741
2016-07-22 00:00:00, 2637.064748,   13.824689,    1.141054
2016-07-23 00:00:00, 2594.522481,   14.290415,    1.224051
2016-07-24 00:00:00, 2531.325335,   13.677052,    1.139580
2016-07-25 00:00:00, 2474.417139,   14.156994,    1.221850
2016-07-26 00:00:00, 2417.654123,   13.951630,    1.186739
2016-07-27 00:00:00, 2359.674039,   14.330955,    1.252145
2016-07-28 00:00:00, 2307.062976,   14.652637,    1.306931
2016-07-29 00:00:00, 2284.074823,   14.491294,    1.281530
2016-07-30 00:00:00, 2215.306246,   14.834305,    1.339618
2016-07-31 00:00:00, 2166.693359,   14.842339,    1.341986
2016-08-01 00:00:00, 2114.324894,   14.857472,    1.345267
2016-08-02 00:00:00, 2054.516573,   14.865325,    1.347256
2016-08-03 00:00:00, 2033.821872,   14.875744,    1.349560
2016-08-04 00:00:00, 2271.863969,   14.892750,    1.352846
2016-08-05 00:00:00, 2220.978939,   14.899761,    1.354477
2016-08-06 00:00:00, 2278.222022,   14.909750,    1.356547
2016-08-07 00:00:00, 2270.702140,   14.909938,    1.357046
2016-08-08 00:00:00, 2269.876224,   13.634146,    1.119578
2016-08-09 00:00:00, 2235.327829,   13.613058,    1.118866
2016-08-10 00:00:00, 2213.374358,   13.529732,    1.118148
2016-08-11 00:00:00, 2214.181924,   13.842438,    1.116461
2016-08-12 00:00:00, 2164.055499,   13.706625,    1.116437
2016-08-13 00:00:00, 2113.340205,   14.147245,    1.196251
2016-08-14 00:00:00, 2061.803231,   13.960671,    1.162511
2016-08-15 00:00:00, 2161.610976,   14.346294,    1.232028
2016-08-16 00:00:00, 2110.876674,   14.638111,    1.284769
2016-08-17 00:00:00, 2226.542315,   15.010454,    1.352599
2016-08-18 00:00:00, 2166.992783,   15.072606,    1.365347
2016-08-19 00:00:00, 2195.613093,   15.107527,    1.372973
2016-08-20 00:00:00, 2160.368321,   15.124532,    1.377158
2016-08-21 00:00:00, 2189.835558,   15.138153,    1.380455
2016-08-22 00:00:00, 2126.703328,   15.299884,    1.408322
2016-08-23 00:00:00, 2073.741834,   15.544334,    1.450631
2016-08-24 00:00:00, 2019.133167,   15.567303,    1.454658
2016-08-25 00:00:00, 1963.399349,   15.565918,    1.454372
2016-08-26 00:00:00, 2034.936993,   15.560446,    1.453260
2016-08-27 00:00:00, 2608.671787,   15.541720,    1.449699
2016-08-28 00:00:00, 2942.620034,   15.517146,    1.444981
2016-08-29 00:00:00, 2865.265765,   15.488922,    1.439497
2016-08-30 00:00:00, 2792.941492,   15.655707,    1.468017
2016-08-31 00:00:00, 2930.590989,   15.626806,    1.462428
2016-09-01 00:00:00, 2916.043112,   15.609924,    1.458954
2016-09-02 00:00:00, 2842.497318,   15.602026,    1.457090
2016-09-03 00:00:00, 2766.854609,   15.579871,    1.452638
2016-09-04 00:00:00, 2694.224043,   15.560447,    1.448700
2016-09-05 00:00:00, 2620.122624,   15.500721,    1.437819
2016-09-06 00:00:00, 2546.538568,   15.550526,    1.446149
2016-09-07 00:00:00, 2530.482641,   15.482788,    1.433782
2016-09-08 00:00:00, 2458.845584,   15.495703,    1.435455
2016-09-09 00:00:00, 2396.182894,   15.626261,    1.458237
2016-09-10 00:00:00, 2337.547366,   15.597488,    1.452786
2016-09-11 00:00:00, 2260.806779,   15.599231,    1.452846
2016-09-12 00:00:00, 2185.262329,   15.584515,    1.449940
2016-09-13 00:00:00, 2115.633876,   15.586746,    1.450084
2016-09-14 00:00:00, 2055.697716,   15.595617,    1.451387
2016-09-15 00:00:00, 2048.414802,   15.584479,    1.449028
2016-09-16 00:00:00, 1986.224588,   15.561627,    1.444566
2016-09-17 00:00:00, 1937.749760,   15.558106,    1.443648
2016-09-18 00:00:00, 1993.325954,   15.553518,    1.442545
2016-09-19 00:00:00, 1962.950856,   15.549890,    1.441624
2016-09-20 00:00:00, 1917.111156,   15.546877,    1.440826
2016-09-21 00:00:00, 1870.093417,   15.539577,    1.439262
2016-09-22 00:00:00, 1897.132735,   15.544212,    1.439859
2016-09-23 00:00:00, 1838.617457,   15.523445,    1.435890
2016-09-24 00:00:00, 1802.827405,   15.536186,    1.437950
2016-09-25 00:00:00, 2519.029885,   15.535680,    1.437628
2016-09-26 00:00:00, 3129.061228,   15.535604,    1.437385
2016-09-27 00:00:00, 3145.277114,   15.744867,    1.473692
2016-09-28 00:00:00, 3040.571119,   15.744616,    1.473394
2016-09-29 00:00:00, 2951.988573,   15.746526,    1.473484
2016-09-30 00:00:00, 2871.855310,   15.747170,    1.473347
2016-10-01 00:00:00, 2806.654251,   15.749535,    1.473485
2016-10-02 00:00:00, 2714.347086,   15.752387,    1.473708
2016-10-03 00:00:00, 2658.640150,   15.755616,    1.474025
2016-10-04 00:00:00, 2594.277868,   15.622981,    1.450767
2016-10-05 00:00:00, 2522.600051,   15.629077,    1.451626
2016-10-06 00:00:00, 2455.659471,   15.635526,    1.452548
2016-10-07 00:00:00, 2389.604272,   15.630759,    1.451463
2016-10-08 00:00:00, 2406.705009,   15.631142,    1.451260
2016-10-09 00:00:00, 2314.665621,   15.631025,    1.450965
2016-10-10 00:00:00, 2244.573048,   15.639184,    1.452142
2016-10-11 00:00:00, 2178.053206,   15.682778,    1.459511
2016-10-12 00:00:00, 2104.795959,   15.954424,    1.506174
2016-10-13 00:00:00, 2045.109123,   15.974642,    1.509601
2016-10-14 00:00:00, 1986.711443,   15.996016,    1.513222
2016-10-15 00:00:00, 1894.840649,   16.010600,    1.515695
2016-10-16 00:00:00, 1836.824022,   16.030582,    1.519061
2016-10-17 00:00:00, 1776.335153,   16.040081,    1.520642
2016-10-18 00:00:00, 1712.226227,   16.052781,    1.522745
2016-10-19 00:00:00, 1685.166902,   15.919585,    1.500055
2016-10-20 00:00:00, 1616.544329,   15.934475,    1.502537
2016-10-21 00:00:00, 1562.298674,   15.946231,    1.504471
2016-10-22 00:00:00, 1504.714047,   15.954632,    1.505813
2016-10-23 00:00:00, 1451.851579,   15.962652,    1.507069
2016-10-24 00:00:00, 1398.020335,   15.968421,    1.507923
2016-10-25 00:00:00, 1357.052897,   16.239684,    1.553478
2016-10-26 00:00:00, 1317.361303,   16.246415,    1.554411
2016-10-27 00:00:00, 1273.061175,   16.253112,    1.555329
2016-10-28 00:00:00, 1229.302322,   16.259753,    1.556227
2016-10-29 00:00:00, 1185.401091,   16.266369,    1.557113
2016-10-30 00:00:00, 1128.172988,   16.273000,    1.557993
2016-10-31 00:00:00, 1070.267742,   16.279695,    1.558878
2016-11-01 00:00:00, 1024.991348,   16.283640,    1.559334
2016-11-02 00:00:00,  982.146610,   16.287365,    1.559747
2016-11-03 00:00:00,  937.686683,   16.293615,    1.560543
2016-11-04 00:00:00,  904.374110,   16.299877,    1.561335
2016-11-05 00:00:00,  871.094852,   16.306181,    1.562129
2016-11-06 00:00:00,  821.806079,   16.312549,    1.562929
2016-11-07 00:00:00,  770.613933,   16.318955,    1.563732
2016-11-08 00:00:00,  723.902909,   16.325436,    1.564543
2016-11-09 00:00:00,  685.617613,   16.329717,    1.564970
2016-11-10 00:00:00,  669.066702,   16.333100,    1.565229
2016-11-11 00:00:00,  631.313470,   16.336965,    1.565563
2016-11-12 00:00:00,  601.423094,   16.341174,    1.565951
2016-11-13 00:00:00,  573.537037,   16.345705,    1.566390
2016-11-14 00:00:00,  535.791427,   16.350526,    1.566878
2016-11-15 00:00:00,  504.698677,   16.355601,    1.567408
2016-11-16 00:00:00,  812.173646,   16.360863,    1.567970
2016-11-17 00:00:00,  772.514536,   16.366289,    1.568558
2016-11-18 00:00:00,  741.564203,   16.492912,    1.589217
2016-11-19 00:00:00,  704.372298,   16.502745,    1.590565
2016-11-20 00:00:00,  651.987972,   16.512242,    1.591860
2016-11-21 00:00:00,  617.260771,   16.521314,    1.593084
2016-11-22 00:00:00,  585.204450,   16.530353,    1.594302
2016-11-23 00:00:00,  556.195355,   16.539082,    1.595467
2016-11-24 00:00:00,  522.221077,   16.547923,    1.596650
2016-11-25 00:00:00,  488.233384,   16.556868,    1.597851
2016-11-26 00:00:00,  456.385121,   16.563473,    1.598652
2016-11-27 00:00:00,  423.018284,   16.572346,    1.599840
2016-11-28 00:00:00,  388.171337,   16.581407,    1.601060
2016-11-29 00:00:00,  347.832777,   16.590568,    1.602299
2016-11-30 00:00:00,  318.887108,   16.599742,    1.603539
2016-12-01 00:00:00,  287.693862,   16.609604,    1.604861
2016-12-02 00:00:00,  261.853104,   16.623522,    1.606873
2016-12-03 00:00:00,  239.821131,   16.632999,    1.608165
2016-12-04 00:00:00,  211.345356,   16.641043,    1.609212
2016-12-05 00:00:00,  184.523305,   16.650124,    1.610435
2016-12-06 00:00:00,  166.504513,   16.659317,    1.611678
2016-12-07 00:00:00,  139.505492,   16.668611,    1.612939
2016-12-08 00:00:00,  120.519127,   16.677991,    1.614216
2016-12-09 00:00:00,  104.451170,   16.688241,    1.615642
2016-12-10 00:00:00,   92.920546,   16.697780,    1.616948
2016-12-11 00:00:00,   80.409904,   16.707388,    1.618269
2016-12-12 00:00:00,   71.846077,   16.985944,    1.663525
2016-12-13 00:00:00,   55.674971,   16.992796,    1.664355
2016-12-14 00:00:00,   44.501755,   17.004456,    1.665999
2016-12-15 00:00:00,   33.556258,   17.012967,    1.667108
2016-12-16 00:00:00,   18.176269,   17.017659,    1.667569
2016-12-17 00:00:00,    7.138157,   17.026058,    1.668661
2016-12-18 00:00:00,    0.240596,   17.037821,    1.670327
2016-12-19 00:00:00,    0.000000,-9999.000000,-9999.000000
2016-12-20 00:00:00,    0.000000,-9999.000000,-9999.000000
2016-12-21 00:00:00,    0.000000,-9999.000000,-9999.000000
2016-12-22 00:00:00,    0.000000,-9999.000000,-9999.000000
2016-12-23 00:00:00,    0.000000,-9999.000000,-9999.000000
2016-12-24 00:00:00,    0.000000,-9999.000000,-9999.000000
2016-12-25 00:00:00,    0.000000,-9999.000000,-9999.000000
2016-12-26 00:00:00,    0.000000,-9999.000000,-9999.000000
2016-12-27 00:00:00,    0.000000,-9999.000000,-9999.000000
2016-12-28 00:00:00,    0.000000,-9999.000000,-9999.000000
2016-12-29 00:00:00,    0.000000,-9999.000000,-9999.000000
2016-12-30 00:00:00,    0.000000,-9999.000000,-9999.000000
2016-12-31 00:00:00,    0.000000,-9999.000000,-9999.000000
2017-01-01 00:00:00,    0.000000,-9999.000000,-9999.000000
2017-01-02 00:00:00,    0.000000,-9999.000000,-9999.000000
2017-01-03 00:00:00,    0.000000,-9999.000000,-9999.000000
2017-01-04 00:00:00,    0.000000,-9999.000000,-9999.000000
2017-01-05 00:00:00,    0.000000,-9999.000000,-9999.000000
2017-01-06 00:00:00,    0.000000,-9999.000000,-9999.000000
2017-01-07 00:00:00,    0.000000,-9999.000000,-9999.000000
2017-01-08 00:00:00,    0.000000,-9999.000000,-9999.000000
2017-01-09 00:00:00,    0.000000,-9999.000000,-9999.000000
2017-01-10 00:00:00,    0.000000,-9999.000000,-9999.000000
2017-01-11 00:00:00,    0.000000,-9999.000000,-9999.000000
2017-01-12 00:00:00,    0.000000,-9999.000000,-9999.000000
2017-01-13 00:00:00,    0.000000,-9999.000000,-9999.000000
2017-01-14 00:00:00,    0.000000,-9999.000000,-9999.000000
2017-01-15 00:00:00,    0.000000,-9999.000000,-9999.000000
2017-01-16 00:00:00,    0.000000,-9999.000000,-9999.000000
2017-01-17 00:00:00,    0.000000,-9999.000000,-9999.000000
2017-01-18 00:00:00,    0.000000,-9999.000000,-9999.000000
2017-01-19 00:00:00,    0.000000,-9999.000000,-9999.000000
2017-01-20 00:00:00,    0.000000,-9999.000000,-9999.000000
2017-01-21 00:00:00,    0.000000,-9999.000000,-9999.000000
2017-01-22 00:00:00,    0.000000,-9999.000000,-9999.000000
2017-01-23 00:00:00,    0.000000,-9999.000000,-9999.000000
2017-01-24 00:00:00,    0.000000,-9999.000000,-9999.000000
2017-01-25 00:00:00,    0.000000,-9999.000000,-9999.000000
2017-01-26 00:00:00,    0.000000,-9999.000000,-9999.000000
2017-01-27 00:00:00,    0.000000,-9999.000000,-9999.000000
2017-01-28 00:00:00,    0.000000,-9999.000000,-9999.000000
2017-01-29 00:00:00,    0.000000,-9999.000000,-9999.000000
2017-01-30 00:00:00,    0.000000,-9999.000000,-9999.000000
2017-01-31 00:00:00,    0.000000,-9999.000000,-9999.000000
2017-02-01 00:00:00,    0.000000,-9999.000000,-9999.000000
2017-02-02 00:00:00,    0.000000,-9999.000000,-9999.000000
2017-02-03 00:00:00,    0.000000,-9999.000000,-9999.000000
2017-02-04 00:00:00,    0.000000,-9999.000000,-9999.000000
2017-02-05 00:00:00,    0.000000,-9999.000000,-9999.000000
2017-02-06 00:00:00,    0.000000,-9999.000000,-9999.000000
2017-02-07 00:00:00,    0.000000,-9999.000000,-9999.000000
2017-02-08 00:00:00,    0.000000,-9999.000000,-9999.000000
2017-02-09 00:00:00,    0.000000,-9999.000000,-9999.000000
2017-02-10 00:00:00, 1089.044698,   17.136150,    1.667431
2017-02-11 00:00:00, 5532.479249,   17.135539,    1.667050
2017-02-12 00:00:00, 5517.179962,   17.143375,    1.668172
2017-02-13 00:00:00, 5331.558262,   17.146394,    1.668441
2017-02-14 00:00:00, 5152.833898,   17.260291,    1.687016
2017-02-15 00:00:00, 4972.393766,   17.256662,    1.686121
2017-02-16 00:00:00, 4794.767850,   17.258720,    1.686239
2017-02-17 00:00:00, 4636.052240,   17.260654,    1.686339
2017-02-18 00:00:00, 4494.359230,   17.262463,    1.686419
2017-02-19 00:00:00, 4341.547784,   17.264141,    1.686481
2017-02-20 00:00:00, 4190.507853,   17.265693,    1.686524
2017-02-21 00:00:00, 4033.344513,   17.267244,    1.686570
2017-02-22 00:00:00, 3892.432809,   17.265770,    1.686077
2017-02-23 00:00:00, 3765.964049,   17.266726,    1.686021
2017-02-24 00:00:00, 3624.783014,   17.267576,    1.685948
2017-02-25 00:00:00, 3488.949149,   17.273361,    1.686766
2017-02-26 00:00:00, 3336.519710,   17.273875,    1.686639
2017-02-27 00:00:00, 3180.209339,   17.274262,    1.686493
2017-02-28 00:00:00, 3036.429861,   17.274518,    1.686326
2017-03-01 00:00:00, 2907.315209,   17.267441,    1.684886
2017-03-02 00:00:00, 2805.368056,   17.265080,    1.684309
2017-03-03 00:00:00, 2678.274959,   17.263973,    1.683915
2017-03-04 00:00:00, 2539.347900,   17.263532,    1.683646
2017-03-05 00:00:00, 2432.604315,   17.262904,    1.683345
2017-03-06 00:00:00, 2346.839832,   17.262099,    1.683015
2017-03-07 00:00:00, 2265.196350,   17.263155,    1.683029
2017-03-08 00:00:00, 2176.045707,   17.262323,    1.682700
2017-03-09 00:00:00, 2089.227520,   17.259725,    1.682050
2017-03-10 00:00:00, 2005.128401,   17.258421,    1.681640
2017-03-11 00:00:00, 1930.271415,   17.263077,    1.682330
2017-03-12 00:00:00, 1852.173125,   17.260801,    1.681746
2017-03-13 00:00:00, 1807.594209,   17.840385,    1.777984
2017-03-14 00:00:00, 1769.314372,   17.842818,    1.778418
2017-03-15 00:00:00, 1700.368750,   17.828341,    1.775726
2017-03-16 00:00:00, 1608.380350,   17.820997,    1.774360
2017-03-17 00:00:00, 1539.167617,   17.813377,    1.772945
2017-03-18 00:00:00, 1474.572923,   17.805689,    1.771521
2017-03-19 00:00:00, 1427.126599,   17.800441,    1.770561
2017-03-20 00:00:00, 1384.642403,   17.792580,    1.769113
2017-03-21 00:00:00, 1336.074906,   17.784885,    1.767701
2017-03-22 00:00:00, 1771.971747,   17.783036,    1.767395
2017-03-23 00:00:00, 1726.669128,   17.773951,    1.765727
2017-03-24 00:00:00, 1675.451712,   17.765199,    1.764125
2017-03-25 00:00:00, 1611.011395,   17.755900,    1.762428
2017-03-26 00:00:00, 1552.941839,   17.748046,    1.760998
2017-03-27 00:00:00, 1491.646868,   17.738980,    1.759348
2017-03-28 00:00:00, 1430.054068,   17.730749,    1.757860
2017-03-29 00:00:00, 1380.213596,   17.720705,    1.756026
2017-03-30 00:00:00, 1333.469697,   17.712231,    1.754496
2017-03-31 00:00:00, 1280.058622,   17.703432,    1.752910
2017-04-01 00:00:00, 1231.617397,   17.695746,    1.751442
2017-04-02 00:00:00, 1188.578019,   17.688216,    1.750000
2017-04-03 00:00:00, 1131.059068,   17.678408,    1.748213
2017-04-04 00:00:00, 1083.592670,   17.669223,    1.746554
2017-04-05 00:00:00, 1060.361413,   17.659860,    1.744864
2017-04-06 00:00:00, 1042.090514,   17.651264,    1.743329
2017-04-07 00:00:00, 1012.055351,   17.642331,    1.741733
2017-04-08 00:00:00,  981.146269,   17.633159,    1.740091
2017-04-09 00:00:00,  943.232186,   17.619784,    1.737577
2017-04-10 00:00:00,  908.952756,   17.723681,    1.755506
2017-04-11 00:00:00,  879.021032,   17.718210,    1.754705
2017-04-12 00:00:00,  844.833363,   17.711061,    1.753587
2017-04-13 00:00:00,  906.835621,   17.702952,    1.752284
2017-04-14 00:00:00,  892.178500,   17.694111,    1.750834
2017-04-15 00:00:00,  872.795372,   17.684782,    1.749287
2017-04-16 00:00:00,  855.160431,   17.675014,    1.747651
2017-04-17 00:00:00,  837.012045,   17.664983,    1.745960
2017-04-18 00:00:00,  816.537246,   17.655086,    1.744295
2017-04-19 00:00:00,  796.233597,   17.644460,    1.742485
2017-04-20 00:00:00,  778.780546,   17.634713,    1.740847
2017-04-21 00:00:00,  754.124003,   17.624596,    1.739138
2017-04-22 00:00:00,  728.134350,   17.614028,    1.737339
2017-04-23 00:00:00,  706.156783,   17.600763,    1.734977
2017-04-24 00:00:00,  683.901411,   17.587760,    1.732658
2017-04-25 00:00:00,  663.031684,   17.258366,    1.675258
2017-04-26 00:00:00,  642.692812,   17.258040,    1.675316
2017-04-27 00:00:00,  625.915583,   17.256482,    1.675140
2017-04-28 00:00:00,  612.289911,   17.253942,    1.674771
2017-04-29 00:00:00,  599.523932,   17.250656,    1.674254
2017-04-30 00:00:00,  587.836295,   17.246725,    1.673607
2017-05-01 00:00:00,  573.512947,   17.240326,    1.672539
2017-05-02 00:00:00,  557.278313,   17.233488,    1.671375
2017-05-03 00:00:00,  539.909744,   17.228682,    1.670543
2017-05-04 00:00:00,  522.571751,   17.223362,    1.669606
2017-05-05 00:00:00,  509.283781,   17.215537,    1.668137
2017-05-06 00:00:00,  495.388797,   17.207885,    1.666695
2017-05-07 00:00:00,  484.663186,   17.263356,    1.676784
2017-05-08 00:00:00,  473.439025,   17.261271,    1.676575
2017-05-09 00:00:00,  458.355548,   17.257910,    1.676119
2017-05-10 00:00:00,  443.852360,   17.253866,    1.675523
2017-05-11 00:00:00,  429.303202,   17.249128,    1.674786
2017-05-12 00:00:00,  416.159736,   17.243850,    1.673935
2017-05-13 00:00:00,  520.245831,   17.238698,    1.673103
2017-05-14 00:00:00,  504.056072,   17.233024,    1.672164
2017-05-15 00:00:00,  495.164194,   17.225186,    1.670763
2017-05-16 00:00:00,  483.569700,   17.224873,    1.670903
2017-05-17 00:00:00,  473.209284,   17.223093,    1.670772
2017-05-18 00:00:00,  464.541271,   17.220260,    1.670435
2017-05-19 00:00:00,  458.197424,   17.216673,    1.669946
2017-05-20 00:00:00,  451.892730,   17.212618,    1.669360
2017-05-21 00:00:00,  438.606710,   17.208101,    1.668676
2017-05-22 00:00:00,  661.420988,   17.203470,    1.667965
2017-05-23 00:00:00,  632.427454,   17.198364,    1.667153
2017-05-24 00:00:00,  618.842777,   17.191094,    1.665882
2017-05-25 00:00:00,  605.031032,   17.183942,    1.664623
2017-05-26 00:00:00,  682.302217,   17.228090,    1.673190
2017-05-27 00:00:00,  762.836322,   17.225380,    1.672929
2017-05-28 00:00:00,  750.828201,   17.221659,    1.672469
2017-05-29 00:00:00,  734.093767,   17.217352,    1.671889
2017-05-30 00:00:00,  722.163408,   17.212578,    1.671209
2017-05-31 00:00:00,  748.723175,   17.207460,    1.670454
2017-06-01 00:00:00,  735.723520,   17.202685,    1.669661
2017-06-02 00:00:00,  723.759742,   17.197840,    1.668841
2017-06-03 00:00:00,  710.379185,   17.236257,    1.676601
2017-06-04 00:00:00,  697.415223,   17.232860,    1.676249
2017-06-05 00:00:00,  691.495168,   17.228509,    1.675709
2017-06-06 00:00:00,  677.555545,   17.223628,    1.675057
2017-06-07 00:00:00,  667.041182,   17.218359,    1.674319
2017-06-08 00:00:00,  649.045534,   17.211586,    1.673262
2017-06-09 00:00:00,  630.395203,   17.209817,    1.673230
2017-06-10 00:00:00,  618.509783,   17.207102,    1.673019
2017-06-11 00:00:00,  604.281660,   17.203724,    1.672676
2017-06-12 00:00:00,  592.807342,   17.199775,    1.672215
2017-06-13 00:00:00,  578.125636,   17.224699,    1.677664
2017-06-14 00:00:00,  839.714152,   17.189907,    1.670875
2017-06-15 00:00:00,  929.749778,   17.184032,    1.669945
2017-06-16 00:00:00,  930.528335,   17.219887,    1.677894
2017-06-17 00:00:00,  915.728871,   17.254271,    1.685600
2017-06-18 00:00:00,  901.728285,   17.315538,    1.699173
2017-06-19 00:00:00,  888.764435,   17.353607,    1.708092
2017-06-20 00:00:00,  871.713646,   17.505117,    1.741611
2017-06-21 00:00:00,  857.169047,   17.580298,    1.758964
2017-06-22 00:00:00, 1458.375390,   17.620502,    1.768823
2017-06-23 00:00:00, 2407.002613,   17.666266,    1.780516
2017-06-24 00:00:00, 2346.649722,   17.654875,    1.779393
2017-06-25 00:00:00, 2289.626058,   17.638153,    1.777008
2017-06-26 00:00:00, 2229.852617,   17.665178,    1.783983
2017-06-27 00:00:00, 2229.764450,   17.580808,    1.766046
2017-06-28 00:00:00, 2179.182828,   17.579151,    1.767165
2017-06-29 00:00:00, 2128.910253,   17.617720,    1.777507
2017-06-30 00:00:00, 2079.817664,   17.635122,    1.782795
2017-07-01 00:00:00, 2029.985271,   17.454179,    1.751706
2017-07-02 00:00:00, 3078.272748,   16.035528,    1.484568
2017-07-03 00:00:00, 3938.585468,   14.358513,    1.188793
2017-07-04 00:00:00, 3843.241502,   14.831121,    1.278720
2017-07-05 00:00:00, 3752.122399,   14.152176,    1.182320
2017-07-06 00:00:00, 3661.422579,   14.081665,    1.181514
2017-07-07 00:00:00, 4158.057243,   13.966150,    1.180742
2017-07-08 00:00:00, 4932.704928,   13.960771,    1.167098
2017-07-09 00:00:00, 4971.378410,   13.619176,    1.155978
2017-07-10 00:00:00, 5033.212423,   13.512047,    1.154041
2017-07-11 00:00:00, 5090.922581,   13.728342,    1.145022
2017-07-12 00:00:00, 5031.104944,   13.512330,    1.142243
2017-07-13 00:00:00, 4941.154635,   13.430026,    1.141010
2017-07-14 00:00:00, 4820.623547,   13.984045,    1.229352
2017-07-15 00:00:00, 4695.847278,   13.748353,    1.191790
2017-07-16 00:00:00, 4695.891854,   14.185048,    1.261694
2017-07-17 00:00:00, 4586.436818,   13.442005,    1.135402
2017-07-18 00:00:00, 4485.694447,   13.366250,    1.134657
2017-07-19 00:00:00, 4376.099351,   13.910260,    1.221002
2017-07-20 00:00:00, 4267.751603,   13.679648,    1.184411
2017-07-21 00:00:00, 4162.633451,   14.100833,    1.251771
2017-07-22 00:00:00, 4060.020796,   14.194274,    1.267843
2017-07-23 00:00:00, 3960.436002,   14.260394,    1.279421
2017-07-24 00:00:00, 3860.187399,   14.627916,    1.336981
2017-07-25 00:00:00, 3765.958941,   14.648467,    1.340977
2017-07-26 00:00:00, 3701.345293,   14.671133,    1.345152
2017-07-27 00:00:00, 3643.391881,   14.681725,    1.347496
2017-07-28 00:00:00, 3593.324823,   14.697064,    1.350451
2017-07-29 00:00:00, 3602.338512,   14.703925,    1.352095
2017-07-30 00:00:00, 3516.438881,   14.715742,    1.354438
2017-07-31 00:00:00, 3437.644651,   14.717452,    1.355231
2017-08-01 00:00:00, 3800.209383,   14.721462,    1.356286
2017-08-02 00:00:00, 4159.350272,   14.723706,    1.357011
2017-08-03 00:00:00, 4055.733317,   14.870471,    1.379552
2017-08-04 00:00:00, 3953.588820,   14.859525,    1.378130
2017-08-05 00:00:00, 3858.765919,   14.851576,    1.377137
2017-08-06 00:00:00, 3760.745215,   14.850472,    1.377173
2017-08-07 00:00:00, 3667.093367,   14.842891,    1.376243
2017-08-08 00:00:00, 3573.391002,   14.835899,    1.375379
2017-08-09 00:00:00, 5661.651705,   14.829095,    1.374536
2017-08-10 00:00:00, 7908.012345,   14.822606,    1.373731
2017-08-11 00:00:00, 7633.119058,   14.816275,    1.372943
2017-08-12 00:00:00, 8312.078552,   14.810705,    1.372267
2017-08-13 00:00:00, 8441.561668,   14.817691,    1.371163
2017-08-14 00:00:00, 8195.884566,   14.800483,    1.368733
2017-08-15 00:00:00, 7954.285137,   14.792016,    1.367573
2017-08-16 00:00:00, 7717.931296,   14.780419,    1.365933
2017-08-17 00:00:00, 7533.907994,   14.771764,    1.364730
2017-08-18 00:00:00, 7349.964277,   14.619085,    1.341720
2017-08-19 00:00:00, 7136.031715,   14.616347,    1.341412
2017-08-20 00:00:00, 7064.024359,   14.614043,    1.341169
2017-08-21 00:00:00, 6908.706136,   14.599755,    1.339122
2017-08-22 00:00:00, 6759.990284,   14.595921,    1.338617
2017-08-23 00:00:00, 6582.856792,   14.590480,    1.337867
2017-08-24 00:00:00, 6390.468918,   14.586456,    1.337334
2017-08-25 00:00:00, 6204.546104,   14.844257,    1.376354
2017-08-26 00:00:00, 6029.080184,   14.838202,    1.375513
2017-08-27 00:00:00, 5857.186072,   14.832601,    1.374744
2017-08-28 00:00:00, 5696.896416,   14.826470,    1.373899
2017-08-29 00:00:00, 5542.966058,   14.821894,    1.373286
2017-08-30 00:00:00, 5398.196752,   14.817682,    1.372726
2017-08-31 00:00:00, 5443.721498,   14.813841,    1.372217
2017-09-01 00:00:00, 5279.592835,   14.809884,    1.371687
2017-09-02 00:00:00, 5130.679133,   14.804862,    1.370992
2017-09-03 00:00:00, 5014.693368,   14.800485,    1.370389
2017-09-04 00:00:00, 4882.938208,   14.797893,    1.370049
2017-09-05 00:00:00, 4749.488152,   14.795558,    1.369743
2017-09-06 00:00:00, 4625.230272,   14.792182,    1.369276
2017-09-07 00:00:00, 4696.283847,   14.792286,    1.369328
2017-09-08 00:00:00, 4582.409217,   14.791132,    1.369190
2017-09-09 00:00:00, 4501.657032,   14.796477,    1.370024
2017-09-10 00:00:00, 4381.347609,   14.796215,    1.370018
2017-09-11 00:00:00, 4271.546124,   14.793479,    1.369641
2017-09-12 00:00:00, 4237.497526,   14.794981,    1.369897
2017-09-13 00:00:00, 4118.923627,   14.788334,    1.368924
2017-09-14 00:00:00, 4002.577289,   14.782132,    1.367995
2017-09-15 00:00:00, 3890.233865,   14.784954,    1.368424
2017-09-16 00:00:00, 3763.107272,   14.789547,    1.369119
2017-09-17 00:00:00, 3648.417840,   14.789308,    1.369087
2017-09-18 00:00:00, 3538.522952,   14.789360,    1.369100
2017-09-19 00:00:00, 3432.374637,   14.781085,    1.367855
2017-09-20 00:00:00, 3323.990026,   14.780756,    1.367809
2017-09-21 00:00:00, 3219.547697,   14.784437,    1.368368
2017-09-22 00:00:00, 3123.230739,   14.785980,    1.368602
2017-09-23 00:00:00, 3031.290077,   14.791441,    1.369428
2017-09-24 00:00:00, 3154.965946,   14.793832,    1.369790
2017-09-25 00:00:00, 3624.186938,   14.896074,    1.385186
2017-09-26 00:00:00, 3854.509663,   14.901676,    1.386042
2017-09-27 00:00:00, 3738.715874,   14.906385,    1.386765
2017-09-28 00:00:00, 3616.514595,   14.911148,    1.387495
2017-09-29 00:00:00, 3501.236206,   14.916064,    1.388247
2017-09-30 00:00:00, 3388.927565,   14.921109,    1.389018
2017-10-01 00:00:00, 3283.780887,   14.927884,    1.390049
2017-10-02 00:00:00, 3165.447182,   14.934983,    1.391129
2017-10-03 00:00:00, 3071.086365,   14.936559,    1.391377
2017-10-04 00:00:00, 2966.543562,   14.944235,    1.392542
2017-10-05 00:00:00, 2862.904111,   14.948848,    1.393247
2017-10-06 00:00:00, 2757.870227,   14.957038,    1.394490
2017-10-07 00:00:00, 2662.714265,   14.813327,    1.371541
2017-10-08 00:00:00, 2572.945328,   14.816621,    1.372033
2017-10-09 00:00:00, 2485.360644,   14.816555,    1.372002
2017-10-10 00:00:00, 2375.070106,   15.022088,    1.402986
2017-10-11 00:00:00, 2290.676507,   15.021997,    1.402935
2017-10-12 00:00:00, 2208.303287,   15.023632,    1.403142
2017-10-13 00:00:00, 2124.714333,   15.033391,    1.404585
2017-10-14 00:00:00, 2033.728840,   15.039057,    1.405403
2017-10-15 00:00:00, 1951.338661,   15.037391,    1.405103
2017-10-16 00:00:00, 1879.294097,   15.045127,    1.406238
2017-10-17 00:00:00, 1818.552178,   15.057632,    1.408100
2017-10-18 00:00:00, 1761.255739,   15.064396,    1.409089
2017-10-19 00:00:00, 1714.576231,   15.071654,    1.410154
2017-10-20 00:00:00, 1747.500542,   15.071968,    1.410166
2017-10-21 00:00:00, 1680.091866,   15.079794,    1.411322
2017-10-22 00:00:00, 1614.090951,   15.088086,    1.412549
2017-10-23 00:00:00, 1546.877854,   15.096792,    1.413841
2017-10-24 00:00:00, 1476.680122,   15.105869,    1.415191
2017-10-25 00:00:00, 1416.450982,   15.115282,    1.416594
2017-10-26 00:00:00, 1368.794181,   15.125008,    1.418045
2017-10-27 00:00:00, 1317.076987,   15.005392,    1.399983
2017-10-28 00:00:00, 1242.893008,   15.015828,    1.401549
2017-10-29 00:00:00, 1191.119295,   15.027040,    1.403234
2017-10-30 00:00:00, 1141.440677,   15.037794,    1.404852
2017-10-31 00:00:00, 1089.072235,   15.300099,    1.444420
2017-11-01 00:00:00, 1036.666709,   15.312112,    1.446230
2017-11-02 00:00:00,  985.777663,   15.321306,    1.447614
2017-11-03 00:00:00,  941.726435,   15.333661,    1.449474
2017-11-04 00:00:00,  901.735623,   15.346174,    1.451358
2017-11-05 00:00:00,  860.032190,   15.358835,    1.453265
2017-11-06 00:00:00,  822.693672,   15.372348,    1.455301
2017-11-07 00:00:00,  786.304273,   15.385198,    1.457236
2017-11-08 00:00:00,  755.088863,   15.398220,    1.459197
2017-11-09 00:00:00,  740.076071,   15.411267,    1.461162
2017-11-10 00:00:00,  732.668397,   15.424496,    1.463154
2017-11-11 00:00:00,  684.882499,   15.438651,    1.465287
2017-11-12 00:00:00,  647.634128,   15.452810,    1.467421
2017-11-13 00:00:00,  605.886037,   15.467023,    1.469565
2017-11-14 00:00:00,  565.756104,   15.481311,    1.471720
2017-11-15 00:00:00,  527.839615,   15.495654,    1.473883
2017-11-16 00:00:00,  496.751607,   15.507185,    1.475622
2017-11-17 00:00:00,  465.961348,   15.308470,    1.444164
2017-11-18 00:00:00,  435.351334,   15.319410,    1.445793
2017-11-19 00:00:00,  405.229703,   15.323548,    1.446369
2017-11-20 00:00:00,  385.959116,   15.332268,    1.447636
2017-11-21 00:00:00,  373.599643,   15.341919,    1.449042
2017-11-22 00:00:00,  341.158254,   15.352290,    1.450558
2017-11-23 00:00:00,  306.801278,   15.482341,    1.470182
2017-11-24 00:00:00,  279.268030,   15.494275,    1.471937
2017-11-25 00:00:00,  249.264209,   15.506558,    1.473746
2017-11-26 00:00:00,  220.083777,   15.519145,    1.475602
2017-11-27 00:00:00,  189.978439,   15.531997,    1.477498
2017-11-28 00:00:00,  161.682984,   15.545086,    1.479431
2017-11-29 00:00:00,  136.767593,   15.552559,    1.480501
2017-11-30 00:00:00,  117.733788,   15.572173,    1.483438
2017-12-01 00:00:00,   88.322847,   15.588160,    1.485809
2017-12-02 00:00:00,   65.027795,   15.598646,    1.487333
2017-12-03 00:00:00,   55.008395,   15.618615,    1.490323
2017-12-04 00:00:00,   46.081148,   15.632635,    1.492398
2017-12-05 00:00:00,   44.532065,   15.646754,    1.494488
2017-12-06 00:00:00,   43.420563,   15.660960,    1.496591
2017-12-07 00:00:00,   45.699960,   15.675244,    1.498705
2017-12-08 00:00:00,   33.291909,   15.689603,    1.500830
2017-12-09 00:00:00,   21.313991,   15.704024,    1.502963
2017-12-10 00:00:00,   12.341429,   15.718495,    1.505103
2017-12-11 00:00:00,    6.597382,   15.733002,    1.507248
2017-12-12 00:00:00,    1.665920,   15.747529,    1.509396
2017-12-13 00:00:00,    0.000000,-9999.000000,-9999.000000
2017-12-14 00:00:00,    0.000000,-9999.000000,-9999.000000
2017-12-15 00:00:00,    0.000000,-9999.000000,-9999.000000
2017-12-16 00:00:00,    0.000000,-9999.000000,-9999.000000
2017-12-17 00:00:00,    0.000000,-9999.000000,-9999.000000
2017-12-18 00:00:00,    0.000000,-9999.000000,-9999.000000
2017-12-19 00:00:00,    0.000000,-9999.000000,-9999.000000
2017-12-20 00:00:00,    0.000000,-9999.000000,-9999.000000
2017-12-21 00:00:00,    0.000000,-9999.000000,-9999.000000
2017-12-22 00:00:00,    0.000000,-9999.000000,-9999.000000
2017-12-23 00:00:00,    0.000000,-9999.000000,-9999.000000
2017-12-24 00:00:00,    0.000000,-9999.000000,-9999.000000
2017-12-25 00:00:00,    0.000000,-9999.000000,-9999.000000
2017-12-26 00:00:00,    0.000000,-9999.000000,-9999.000000
2017-12-27 00:00:00,    0.000000,-9999.000000,-9999.000000
2017-12-28 00:00:00,    0.000000,-9999.000000,-9999.000000
2017-12-29 00:00:00,    0.000000,-9999.000000,-9999.000000
2017-12-30 00:00:00,    0.000000,-9999.000000,-9999.000000
2017-12-31 00:00:00,    0.000000,-9999.000000,-9999.000000
2018-01-01 00:00:00,    0.000000,-9999.000000,-9999.000000
2018-01-02 00:00:00,    0.000000,-9999.000000,-9999.000000
2018-01-03 00:00:00,    0.000000,-9999.000000,-9999.000000
2018-01-04 00:00:00,    0.000000,-9999.000000,-9999.000000
2018-01-05 00:00:00,    0.000000,-9999.000000,-9999.000000
2018-01-06 00:00:00,    0.000000,-9999.000000,-9999.000000
2018-01-07 00:00:00,    0.000000,-9999.000000,-9999.000000
2018-01-08 00:00:00,    0.000000,-9999.000000,-9999.000000
2018-01-09 00:00:00,    0.000000,-9999.000000,-9999.000000
2018-01-10 00:00:00,    0.000000,-9999.000000,-9999.000000
2018-01-11 00:00:00,    0.000000,-9999.000000,-9999.000000
2018-01-12 00:00:00,    0.000000,-9999.000000,-9999.000000
2018-01-13 00:00:00,    0.000000,-9999.000000,-9999.000000
2018-01-14 00:00:00,    0.000000,-9999.000000,-9999.000000
2018-01-15 00:00:00,    0.000000,-9999.000000,-9999.000000
2018-01-16 00:00:00, 2614.454701,   16.111396,    1.559741
2018-01-17 00:00:00, 8153.278715,   16.121392,    1.561103
2018-01-18 00:00:00, 7851.025587,   16.131349,    1.562459
2018-01-19 00:00:00, 7553.663346,   16.141264,    1.563808
2018-01-20 00:00:00, 7257.476073,   16.884001,    1.676569
2018-01-21 00:00:00, 7020.154499,   16.893748,    1.677913
2018-01-22 00:00:00, 6790.700194,   16.902669,    1.679123
2018-01-23 00:00:00, 6546.099356,   16.911997,    1.680400
2018-01-24 00:00:00, 6483.501797,   16.921119,    1.681646
2018-01-25 00:00:00, 6254.310358,   16.935210,    1.683710
2018-01-26 00:00:00, 6029.522521,   16.943451,    1.684813
2018-01-27 00:00:00, 5828.611281,   16.946359,    1.685034
2018-01-28 00:00:00, 5659.128043,   16.954575,    1.686134
2018-01-29 00:00:00, 5480.827859,   16.962579,    1.687200
2018-01-30 00:00:00, 5284.163992,   16.975538,    1.689091
2018-01-31 00:00:00, 5105.716989,   16.978963,    1.689400
2018-02-01 00:00:00, 4901.222630,   16.987983,    1.690663
2018-02-02 00:00:00, 4713.236551,   16.993735,    1.691383
2018-02-03 00:00:00, 4524.052577,   17.000740,    1.692290
2018-02-04 00:00:00, 4338.221671,   17.007503,    1.693159
2018-02-05 00:00:00, 4129.505096,   17.014025,    1.693990
2018-02-06 00:00:00, 3932.672870,   17.019849,    1.694705
2018-02-07 00:00:00, 3781.540609,   17.023473,    1.695051
2018-02-08 00:00:00, 3658.140615,   17.028564,    1.695644
2018-02-09 00:00:00, 3540.399935,   17.033903,    1.696282
2018-02-10 00:00:00, 3397.991613,   17.039110,    1.696899
2018-02-11 00:00:00, 3233.861738,   17.044080,    1.697478
2018-02-12 00:00:00, 3075.819470,   17.048814,    1.698019
2018-02-13 00:00:00, 2945.683182,   17.053310,    1.698523
2018-02-14 00:00:00, 2841.518762,   17.057170,    1.698920
2018-02-15 00:00:00, 2727.722467,   17.061223,    1.699352
2018-02-16 00:00:00, 2607.679305,   17.073356,    1.701173
2018-02-17 00:00:00, 2495.508607,   17.070059,    1.700351
2018-02-18 00:00:00, 2404.086320,   17.073609,    1.700707
2018-02-19 00:00:00, 2291.109389,   17.076883,    1.701017
2018-02-20 00:00:00, 2192.327754,   17.227133,    1.723967
2018-02-21 00:00:00, 2109.622317,   17.228814,    1.724029
2018-02-22 00:00:00, 2012.286296,   17.230298,    1.724056
2018-02-23 00:00:00, 1933.494395,   17.231509,    1.724039
2018-02-24 00:00:00, 1872.752379,   17.232624,    1.724008
2018-02-25 00:00:00, 1809.929268,   17.233163,    1.723880
2018-02-26 00:00:00, 1755.468257,   17.233659,    1.723746
2018-02-27 00:00:00, 1682.986517,   17.234078,    1.723602
2018-02-28 00:00:00, 1601.651004,   17.234190,    1.723408
2018-03-01 00:00:00, 1505.917202,   17.231055,    1.722721
2018-03-02 00:00:00, 1430.219390,   17.227337,    1.721942
2018-03-03 00:00:00, 1359.119770,   17.226001,    1.721519
2018-03-04 00:00:00, 1300.737794,   17.224896,    1.721140
2018-03-05 00:00:00, 1236.197971,   17.223481,    1.720711
2018-03-06 00:00:00, 1169.001656,   17.221780,    1.720236
2018-03-07 00:00:00, 1109.555191,   17.219631,    1.719683
2018-03-08 00:00:00, 1048.659343,   17.217110,    1.719066
2018-03-09 00:00:00,  998.556773,   17.214983,    1.718524
2018-03-10 00:00:00,  956.246968,   17.211974,    1.717827
2018-03-11 00:00:00,  906.911837,   17.208803,    1.717102
2018-03-12 00:00:00,  847.660509,   17.205450,    1.716348
2018-03-13 00:00:00,  800.704000,   17.201761,    1.715534
2018-03-14 00:00:00,  764.018742,   17.198801,    1.714859
2018-03-15 00:00:00,  716.647190,   17.195378,    1.714104
2018-03-16 00:00:00,  676.375923,   17.191670,    1.713302
2018-03-17 00:00:00,  654.016068,   17.185609,    1.712047
2018-03-18 00:00:00,  630.640113,   17.179626,    1.710806
2018-03-19 00:00:00,  591.576228,   17.173644,    1.709568
2018-03-20 00:00:00,  551.870925,   17.167614,    1.708323
2018-03-21 00:00:00,  519.653089,   17.161507,    1.707067
2018-03-22 00:00:00,  498.812524,   17.155302,    1.705796
2018-03-23 00:00:00,  479.253055,   16.768695,    1.645340
2018-03-24 00:00:00,  457.321775,   17.274175,    1.723994
2018-03-25 00:00:00,  434.095310,   17.273359,    1.723854
2018-03-26 00:00:00,  408.870994,   17.271275,    1.723493
2018-03-27 00:00:00,  390.456961,   17.268244,    1.722961
2018-03-28 00:00:00,  370.082982,   17.264443,    1.722290
2018-03-29 00:00:00,  344.312210,   17.259960,    1.721495
2018-03-30 00:00:00,  321.254888,   17.254905,    1.720594
2018-03-31 00:00:00,  300.137132,   17.249097,    1.719555
2018-04-01 00:00:00,  275.608139,   17.245497,    1.718833
2018-04-02 00:00:00,  252.257346,   17.242403,    1.718207
2018-04-03 00:00:00,  232.123384,   17.236212,    1.717094
2018-04-04 00:00:00,  211.812694,   17.227658,    1.715519
2018-04-05 00:00:00,  199.660810,   17.219176,    1.713955
2018-04-06 00:00:00,  191.997331,   17.210655,    1.712384
2018-04-07 00:00:00,  188.587174,   17.202037,    1.710795
2018-04-08 00:00:00,  173.603793,   17.193302,    1.709186
2018-04-09 00:00:00,  152.387336,   17.184443,    1.707552
2018-04-10 00:00:00,  145.623918,   17.182751,    1.707318
2018-04-11 00:00:00,  252.644944,   17.179607,    1.706834
2018-04-12 00:00:00,  237.542716,   17.175136,    1.706113
2018-04-13 00:00:00,  229.890388,   17.169768,    1.705227
2018-04-14 00:00:00,  221.103238,   17.163844,    1.704237
2018-04-15 00:00:00,  207.140981,   17.157600,    1.703184
2018-04-16 00:00:00,  195.838911,   17.150989,    1.702064
2018-04-17 00:00:00,  191.989451,   17.144077,    1.700887
2018-04-18 00:00:00,  180.179904,   17.236482,    1.715374
2018-04-19 00:00:00,  167.765463,   17.227451,    1.713845
2018-04-20 00:00:00,  157.756437,   17.216402,    1.711908
2018-04-21 00:00:00,  147.831220,   17.205470,    1.709989
2018-04-22 00:00:00,  140.397792,   17.194549,    1.708069
2018-04-23 00:00:00,  137.758822,   17.183586,    1.706138
2018-04-24 00:00:00,  131.944572,   17.179098,    1.705482
2018-04-25 00:00:00,  128.958846,   17.173322,    1.704602
2018-04-26 00:00:00,  149.543308,   17.166408,    1.703513
2018-04-27 00:00:00,  157.548042,   17.158806,    1.702294
2018-04-28 00:00:00,  157.320531,   17.150760,    1.700989
2018-04-29 00:00:00,  150.872899,   17.142412,    1.699625
2018-04-30 00:00:00,  144.247230,   17.134033,    1.698252
2018-05-01 00:00:00,  139.491183,   17.122637,    1.696405
2018-05-02 00:00:00,  134.598652,   17.110720,    1.694455
2018-05-03 00:00:00,  129.696895,   17.099550,    1.692523
2018-05-04 00:00:00,  123.647274,   17.088510,    1.690609
2018-05-05 00:00:00,  119.214179,   17.077502,    1.688695
2018-05-06 00:00:00,  110.494952,   17.066479,    1.686774
2018-05-07 00:00:00,   99.734827,   17.055427,    1.684841
2018-05-08 00:00:00,   95.165941,   16.737772,    1.633909
2018-05-09 00:00:00,   90.837173,   16.737615,    1.633905
2018-05-10 00:00:00,   84.687859,   16.736301,    1.633687
2018-05-11 00:00:00,   78.039530,   16.734223,    1.633323
2018-05-12 00:00:00,   71.540760,   16.731686,    1.632869
2018-05-13 00:00:00,   63.798139,   16.728898,    1.632363
2018-05-14 00:00:00,   58.062873,   17.085195,    1.689834
2018-05-15 00:00:00,   59.577263,   17.073724,    1.687911
2018-05-16 00:00:00,   80.357338,   17.062263,    1.685980
2018-05-17 00:00:00,  129.985182,   17.050777,    1.684036
2018-05-18 00:00:00,  127.890950,   17.039255,    1.682077
2018-05-19 00:00:00,  123.470058,   16.758840,    1.636589
2018-05-20 00:00:00,  191.524911,   16.757423,    1.636401
2018-05-21 00:00:00,  187.124130,   16.754984,    1.636023
2018-05-22 00:00:00,  184.426030,   16.751878,    1.635515
2018-05-23 00:00:00,  181.860573,   16.748476,    1.634947
2018-05-24 00:00:00,  178.507950,   16.744729,    1.634308
2018-05-25 00:00:00,  778.771162,   16.739283,    1.633325
2018-05-26 00:00:00, 1587.062997,   16.733768,    1.632320
2018-05-27 00:00:00, 1550.286857,   16.728153,    1.631287
2018-05-28 00:00:00, 1516.962307,   16.722429,    1.630226
2018-05-29 00:00:00, 1506.183498,   16.716603,    1.629138
2018-05-30 00:00:00, 1592.179621,   16.716438,    1.629179
2018-05-31 00:00:00, 1555.565359,   16.715295,    1.629047
2018-06-01 00:00:00, 1648.133768,   16.715368,    1.629074
2018-06-02 00:00:00, 1628.289117,   16.714911,    1.628998
2018-06-03 00:00:00, 1591.539324,   16.711981,    1.628518
2018-06-04 00:00:00, 1554.064533,   16.707392,    1.627703
2018-06-05 00:00:00, 1515.767701,   16.702706,    1.626859
2018-06-06 00:00:00, 1478.639563,   16.697897,    1.625983
2018-06-07 00:00:00, 1444.592244,   16.692964,    1.625074
2018-06-08 00:00:00, 1410.754783,   16.687915,    1.624136
2018-06-09 00:00:00, 1374.576603,   16.730153,    1.631320
2018-06-10 00:00:00, 1848.352830,   16.728316,    1.631091
2018-06-11 00:00:00, 2349.002060,   16.725854,    1.630743
2018-06-12 00:00:00, 2276.286792,   16.722839,    1.630286
2018-06-13 00:00:00, 2196.160840,   16.719342,    1.629732
2018-06-14 00:00:00, 2195.460581,   16.714647,    1.628932
2018-06-15 00:00:00, 2212.972144,   16.709810,    1.628095
2018-06-16 00:00:00, 2161.191834,   16.744046,    1.633917
2018-06-17 00:00:00, 2116.679360,   16.733956,    1.632088
2018-06-18 00:00:00, 2119.559697,   16.722300,    1.629967
2018-06-19 00:00:00, 2069.290217,   16.748328,    1.634355
2018-06-20 00:00:00, 2115.905736,   16.754422,    1.635493
2018-06-21 00:00:00, 2158.220300,   16.715644,    1.628849
2018-06-22 00:00:00, 2110.234580,   16.721451,    1.629655
2018-06-23 00:00:00, 2074.295321,   16.879831,    1.657216
2018-06-24 00:00:00, 2338.922092,   16.876624,    1.656536
2018-06-25 00:00:00, 2318.219033,   16.869455,    1.655073
2018-06-26 00:00:00, 2263.013818,   16.880338,    1.657153
2018-06-27 00:00:00, 3129.652698,   16.872496,    1.655570
2018-06-28 00:00:00, 4443.161434,   16.860761,    1.653199
2018-06-29 00:00:00, 4471.292796,   16.919435,    1.662666
2018-06-30 00:00:00, 4584.556069,   16.943514,    1.665401
2018-07-01 00:00:00, 4480.796547,   17.001488,    1.673954
2018-07-02 00:00:00, 4406.765751,   14.880599,    1.176188
2018-07-03 00:00:00, 5878.486926,   14.724499,    1.173352
2018-07-04 00:00:00, 7329.790128,   15.145738,    1.267144
2018-07-05 00:00:00, 7121.086823,   15.400250,    1.326025
2018-07-06 00:00:00, 6921.141555,   15.778953,    1.411065
2018-07-07 00:00:00, 6730.009826,   16.027674,    1.465725
2018-07-08 00:00:00, 6544.438904,   16.104898,    1.488663
2018-07-09 00:00:00, 6357.677517,   14.107066,    1.142331
2018-07-10 00:00:00, 6188.638530,   13.985200,    1.141858
2018-07-11 00:00:00, 6202.730112,   13.824765,    1.136886
2018-07-12 00:00:00, 6036.360595,   13.738682,    1.136213
2018-07-13 00:00:00, 5876.276204,   14.250469,    1.225267
2018-07-14 00:00:00, 5720.336851,   14.028788,    1.186829
2018-07-15 00:00:00, 5809.227387,   14.420063,    1.255484
2018-07-16 00:00:00, 5740.219272,   14.759428,    1.314180
2018-07-17 00:00:00, 5583.246926,   15.175969,    1.387139
2018-07-18 00:00:00, 5432.483011,   15.241937,    1.400280
2018-07-19 00:00:00, 5300.348695,   15.274726,    1.407482
2018-07-20 00:00:00, 5568.749529,   15.287111,    1.410922
2018-07-21 00:00:00, 5448.529975,   15.286216,    1.411853
2018-07-22 00:00:00, 5555.935453,   15.092729,    1.376168
2018-07-23 00:00:00, 5414.589065,   15.086228,    1.375718
2018-07-24 00:00:00, 5282.749581,   15.084848,    1.376022
2018-07-25 00:00:00, 5330.153725,   15.083300,    1.376277
2018-07-26 00:00:00, 5309.591037,   15.086568,    1.377299
2018-07-27 00:00:00, 5525.754676,   15.230156,    1.401827
2018-07-28 00:00:00, 5572.471315,   15.224350,    1.401273
2018-07-29 00:00:00, 5412.592750,   15.213782,    1.399920
2018-07-30 00:00:00, 5365.915080,   15.212645,    1.400081
2018-07-31 00:00:00, 5311.669977,   15.194356,    1.397386
2018-08-01 00:00:00, 5249.624883,   15.183831,    1.395901
2018-08-02 00:00:00, 5242.785147,   15.180676,    1.395617
2018-08-03 00:00:00, 5093.549299,   15.167892,    1.393750
2018-08-04 00:00:00, 4959.038169,   15.166115,    1.393684
2018-08-05 00:00:00, 4820.847144,   15.152207,    1.391616
2018-08-06 00:00:00, 4672.732863,   15.199409,    1.399708
2018-08-07 00:00:00, 4590.327023,   15.232805,    1.405630
2018-08-08 00:00:00, 4461.699688,   15.374048,    1.429598
2018-08-09 00:00:00, 4343.413992,   15.385463,    1.431943
2018-08-10 00:00:00, 4233.691760,   15.392227,    1.433511
2018-08-11 00:00:00, 4124.755161,   15.393519,    1.434163
2018-08-12 00:00:00, 4019.355599,   15.390861,    1.434130
2018-08-13 00:00:00, 4347.535946,   15.386986,    1.433851
2018-08-14 00:00:00, 4257.870415,   15.385864,    1.433969
2018-08-15 00:00:00, 4227.880612,   15.380482,    1.433369
2018-08-16 00:00:00, 4149.797801,   15.374799,    1.432688
2018-08-17 00:00:00, 4047.059180,   15.365044,    1.431324
2018-08-18 00:00:00, 3944.188654,   15.359080,    1.430547
2018-08-19 00:00:00, 3846.279121,   15.356685,    1.430328
2018-08-20 00:00:00, 3756.351876,   15.350345,    1.429454
2018-08-21 00:00:00, 3890.299962,   15.341980,    1.428235
2018-08-22 00:00:00, 3830.795966,   15.333423,    1.426969
2018-08-23 00:00:00, 3744.993357,   15.326438,    1.425944
2018-08-24 00:00:00, 3651.467701,   15.319103,    1.424849
2018-08-25 00:00:00, 3558.365896,   15.311455,    1.423687
2018-08-26 00:00:00, 3472.323436,   15.488443,    1.452923
2018-08-27 00:00:00, 3379.346364,   15.480320,    1.451644
2018-08-28 00:00:00, 3287.377171,   15.471157,    1.450185
2018-08-29 00:00:00, 3198.572028,   15.462449,    1.448793
2018-08-30 00:00:00, 3112.934875,   15.454100,    1.447452
2018-08-31 00:00:00, 3033.997997,   15.446034,    1.446151
2018-09-01 00:00:00, 2987.950032,   15.437884,    1.444835
2018-09-02 00:00:00, 2920.849209,   15.430045,    1.443565
2018-09-03 00:00:00, 2836.345257,   15.318725,    1.425293
2018-09-04 00:00:00, 2761.510386,   15.310328,    1.423940
2018-09-05 00:00:00, 2676.381447,   15.307192,    1.423445
2018-09-06 00:00:00, 2597.876453,   15.303190,    1.422799
2018-09-07 00:00:00, 2518.033605,   15.295139,    1.421471
2018-09-08 00:00:00, 2443.373801,   15.287954,    1.420273
2018-09-09 00:00:00, 2372.719525,   15.283830,    1.419569
2018-09-10 00:00:00, 2304.750425,   15.471525,    1.450258
2018-09-11 00:00:00, 2240.654231,   15.468181,    1.449656
2018-09-12 00:00:00, 2174.598090,   15.457660,    1.447866
2018-09-13 00:00:00, 2114.406034,   15.453822,    1.447175
2018-09-14 00:00:00, 2061.021193,   15.461089,    1.448318
2018-09-15 00:00:00, 2006.492753,   15.444164,    1.445454
2018-09-16 00:00:00, 1939.464932,   15.445068,    1.445535
2018-09-17 00:00:00, 1947.081362,   15.441112,    1.444810
2018-09-18 00:00:00, 2146.936214,   15.432656,    1.443339
2018-09-19 00:00:00, 2077.826295,   15.428633,    1.442594
2018-09-20 00:00:00, 2015.663102,   15.435154,    1.443586
2018-09-21 00:00:00, 2068.188508,   15.432864,    1.443121
2018-09-22 00:00:00, 2020.813078,   15.430795,    1.442692
2018-09-23 00:00:00, 1968.855050,   15.428994,    1.442304
2018-09-24 00:00:00, 1915.354937,   15.416374,    1.440124
2018-09-25 00:00:00, 1863.333136,   15.415204,    1.439832
2018-09-26 00:00:00, 1810.652888,   15.414302,    1.439583
2018-09-27 00:00:00, 1917.098502,   15.413706,    1.439382
2018-09-28 00:00:00, 1867.796982,   15.413409,    1.439227
2018-09-29 00:00:00, 1812.543593,   15.422997,    1.440703
2018-09-30 00:00:00, 1755.992015,   15.413478,    1.439023
2018-10-01 00:00:00, 1711.582919,   15.425890,    1.440948
2018-10-02 00:00:00, 1786.635428,   15.428542,    1.441260
2018-10-03 00:00:00, 1725.876555,   15.430299,    1.441435
2018-10-04 00:00:00, 1675.791691,   15.432278,    1.441644
2018-10-05 00:00:00, 1634.180627,   15.434490,    1.441890
2018-10-06 00:00:00, 1586.523914,   15.426432,    1.440437
2018-10-07 00:00:00, 1543.266678,   15.426640,    1.440334
2018-10-08 00:00:00, 1503.608738,   15.427520,    1.440337
2018-10-09 00:00:00, 1450.512344,   15.520832,    1.455294
2018-10-10 00:00:00, 1396.789043,   15.524240,    1.455719
2018-10-11 00:00:00, 1350.386996,   15.528493,    1.456280
2018-10-12 00:00:00, 1305.698794,   15.533010,    1.456883
2018-10-13 00:00:00, 1243.951874,   15.537799,    1.457529
2018-10-14 00:00:00, 1201.426735,   15.542847,    1.458216
2018-10-15 00:00:00, 1164.162808,   15.548154,    1.458944
2018-10-16 00:00:00, 1111.115543,   15.557210,    1.460286
2018-10-17 00:00:00, 1073.682030,   15.563556,    1.461183
2018-10-18 00:00:00, 1143.607595,   15.569799,    1.462062
2018-10-19 00:00:00, 1093.221016,   15.572821,    1.462410
2018-10-20 00:00:00, 1047.182283,   15.582745,    1.463888
2018-10-21 00:00:00, 1005.896466,   15.586401,    1.464337
2018-10-22 00:00:00,  979.678553,   15.596822,    1.465894
2018-10-23 00:00:00,  944.113444,   15.600961,    1.466420
2018-10-24 00:00:00,  911.821274,   15.608355,    1.467477
2018-10-25 00:00:00,  974.762455,   15.619405,    1.469131
2018-10-26 00:00:00,  958.408614,   15.627014,    1.470218
2018-10-27 00:00:00,  925.014648,   15.634783,    1.471329
2018-10-28 00:00:00,  887.855473,   15.638306,    1.471741
2018-10-29 00:00:00,  843.948970,   15.650283,    1.473536
2018-10-30 00:00:00,  802.335126,   15.658684,    1.474744
2018-10-31 00:00:00,  760.472467,   15.662829,    1.475251
2018-11-01 00:00:00,  722.100197,   15.673057,    1.476779
2018-11-02 00:00:00,  726.358229,   15.679245,    1.477644
2018-11-03 00:00:00,  707.543435,   15.687799,    1.478871
2018-11-04 00:00:00,  673.963375,   15.696928,    1.480191
2018-11-05 00:00:00,  767.888655,   15.706201,    1.481534
2018-11-06 00:00:00,  852.316625,   15.715629,    1.482900
2018-11-07 00:00:00,  812.428611,   15.945700,    1.519456
2018-11-08 00:00:00,  829.770855,   15.954584,    1.520707
2018-11-09 00:00:00,  798.456609,   15.963740,    1.521996
2018-11-10 00:00:00,  772.224995,   15.972993,    1.523296
2018-11-11 00:00:00,  732.754794,   15.980601,    1.524322
2018-11-12 00:00:00,  697.923260,   15.990385,    1.525704
2018-11-13 00:00:00,  663.793714,   16.002541,    1.527474
2018-11-14 00:00:00,  631.383028,   16.013085,    1.528978
2018-11-15 00:00:00,  590.190158,   16.023831,    1.530514
2018-11-16 00:00:00,  561.798658,   16.034773,    1.532082
2018-11-17 00:00:00,  549.573320,   16.043858,    1.533344
2018-11-18 00:00:00,  514.476243,   16.054956,    1.534935
2018-11-19 00:00:00,  477.174044,   16.066233,    1.536554
2018-11-20 00:00:00,  443.494065,   16.077669,    1.538199
2018-11-21 00:00:00,  413.248863,   16.091157,    1.540179
2018-11-22 00:00:00,  384.724365,   15.966670,    1.520252
2018-11-23 00:00:00,  349.819399,   15.978455,    1.521962
2018-11-24 00:00:00,  316.543366,   15.989202,    1.523501
2018-11-25 00:00:00,  295.524664,   16.267048,    1.567413
2018-11-26 00:00:00,  256.679954,   16.279935,    1.569285
2018-11-27 00:00:00,  226.390254,   16.292883,    1.571166
2018-11-28 00:00:00,  204.137029,   16.305893,    1.573057
2018-11-29 00:00:00,  177.635237,   16.318965,    1.574957
2018-11-30 00:00:00,  153.908431,   16.332083,    1.576864
2018-12-01 00:00:00,  128.997114,   16.345101,    1.578723
2018-12-02 00:00:00,  107.249141,   16.364041,    1.581553
2018-12-03 00:00:00,   87.236696,   16.377132,    1.583454
2018-12-04 00:00:00,   71.369909,   16.391046,    1.585490
2018-12-05 00:00:00,   60.866893,   16.403687,    1.587317
2018-12-06 00:00:00,  170.579535,   16.417149,    1.589279
2018-12-07 00:00:00,  179.807041,   16.432190,    1.591499
2018-12-08 00:00:00,  166.016850,   16.444840,    1.593327
2018-12-09 00:00:00,  152.064505,   16.458366,    1.595297
2018-12-10 00:00:00,  135.039246,   16.471718,    1.597238
2018-12-11 00:00:00,  118.361476,   16.486249,    1.599372
2018-12-12 00:00:00,  575.738204,   16.498249,    1.601090
2018-12-13 00:00:00,  548.747904,   16.511206,    1.602963
2018-12-14 00:00:00,  526.379061,   16.524284,    1.604855
2018-12-15 00:00:00,  503.600736,   16.537262,    1.606731
2018-12-16 00:00:00,  477.425690,   16.551065,    1.608742
2018-12-17 00:00:00,  455.830955,   16.563975,    1.610606
2018-12-18 00:00:00,  425.242867,   16.576866,    1.612466
2018-12-19 00:00:00,  393.030169,   16.589733,    1.614323
2018-12-20 00:00:00,  363.002907,   16.602573,    1.616174
2018-12-21 00:00:00,  333.736721,   16.615379,    1.618021
2018-12-22 00:00:00,  301.645292,   16.628958,    1.619995
2018-12-23 00:00:00,  267.350921,   16.641606,    1.621815
2018-12-24 00:00:00,  238.275752,   16.654182,    1.623624
2018-12-25 00:00:00,  207.657117,   16.666687,    1.625421
2018-12-26 00:00:00,  181.620186,   16.679116,    1.627206
2018-12-27 00:00:00,  154.801498,   16.566403,    1.606668
2018-12-28 00:00:00,  132.659473,   16.571940,    1.607263
2018-12-29 00:00:00,  114.222399,   16.582096,    1.608628
2018-12-30 00:00:00,   96.474568,   16.591596,    1.609880
2018-12-31 00:00:00,   78.000045,   16.596619,    1.610373
2019-01-01 00:00:00,   58.202529,   16.603257,    1.611184
2019-01-02 00:00:00,   40.588412,   16.610113,    1.612035
2019-01-03 00:00:00,   21.809944,   16.619563,    1.613285
2019-01-04 00:00:00,    9.789919,   16.635004,    1.615557
2019-01-05 00:00:00,    5.161320,   16.644573,    1.616830
2019-01-06 00:00:00,    0.000000,-9999.000000,-9999.000000
2019-01-07 00:00:00,    0.000000,-9999.000000,-9999.000000
2019-01-08 00:00:00,    0.000000,-9999.000000,-9999.000000
2019-01-09 00:00:00,    0.000000,-9999.000000,-9999.000000
2019-01-10 00:00:00,    0.000000,-9999.000000,-9999.000000
2019-01-11 00:00:00,    0.000000,-9999.000000,-9999.000000
2019-01-12 00:00:00,    0.000000,-9999.000000,-9999.000000
2019-01-13 00:00:00,    0.000000,-9999.000000,-9999.000000
2019-01-14 00:00:00,    0.000000,-9999.000000,-9999.000000
2019-01-15 00:00:00,    0.000000,-9999.000000,-9999.000000
2019-01-16 00:00:00,    0.000000,-9999.000000,-9999.000000
2019-01-17 00:00:00,    0.000000,-9999.000000,-9999.000000
2019-01-18 00:00:00,    0.000000,-9999.000000,-9999.000000
2019-01-19 00:00:00,    0.000000,-9999.000000,-9999.000000
2019-01-20 00:00:00,    0.000000,-9999.000000,-9999.000000
2019-01-21 00:00:00,    0.000000,-9999.000000,-9999.000000
2019-01-22 00:00:00,    0.000000,-9999.000000,-9999.000000
2019-01-23 00:00:00,    0.000000,-9999.000000,-9999.000000
2019-01-24 00:00:00,    0.000000,-9999.000000,-9999.000000
2019-01-25 00:00:00,    0.000000,-9999.000000,-9999.000000
2019-01-26 00:00:00,    0.000000,-9999.000000,-9999.000000
2019-01-27 00:00:00,    0.000000,-9999.000000,-9999.000000
2019-01-28 00:00:00,    0.000000,-9999.000000,-9999.000000
2019-01-29 00:00:00,    0.000000,-9999.000000,-9999.000000
2019-01-30 00:00:00,    0.000000,-9999.000000,-9999.000000
2019-01-31 00:00:00,    0.000000,-9999.000000,-9999.000000
2019-02-01 00:00:00,    0.000000,-9999.000000,-9999.000000
2019-02-02 00:00:00,    0.000000,-9999.000000,-9999.000000
2019-02-03 00:00:00,    0.000000,-9999.000000,-9999.000000
2019-02-04 00:00:00,    0.000000,-9999.000000,-9999.000000
2019-02-05 00:00:00,    0.000000,-9999.000000,-9999.000000
2019-02-06 00:00:00,    0.000000,-9999.000000,-9999.000000
2019-02-07 00:00:00,    0.000000,-9999.000000,-9999.000000
2019-02-08 00:00:00,    0.000000,-9999.000000,-9999.000000
2019-02-09 00:00:00,    0.000000,-9999.000000,-9999.000000
2019-02-10 00:00:00,    0.000000,-9999.000000,-9999.000000
2019-02-11 00:00:00,    0.000000,-9999.000000,-9999.000000
2019-02-12 00:00:00,    0.000000,-9999.000000,-9999.000000
2019-02-13 00:00:00,    0.000000,-9999.000000,-9999.000000
2019-02-14 00:00:00,    0.000000,-9999.000000,-9999.000000
2019-02-15 00:00:00,    0.000000,-9999.000000,-9999.000000
2019-02-16 00:00:00,    0.000000,-9999.000000,-9999.000000
2019-02-17 00:00:00,    0.000000,-9999.000000,-9999.000000
2019-02-18 00:00:00,    0.000000,-9999.000000,-9999.000000
2019-02-19 00:00:00,    0.000000,-9999.000000,-9999.000000
2019-02-20 00:00:00,    0.000000,-9999.000000,-9999.000000
2019-02-21 00:00:00,    0.000000,-9999.000000,-9999.000000
2019-02-22 00:00:00,    0.000000,-9999.000000,-9999.000000
2019-02-23 00:00:00,    0.000000,-9999.000000,-9999.000000
2019-02-24 00:00:00,    0.000000,-9999.000000,-9999.000000
2019-02-25 00:00:00,    0.000000,-9999.000000,-9999.000000
2019-02-26 00:00:00,    0.000000,-9999.000000,-9999.000000
2019-02-27 00:00:00,    0.000000,-9999.000000,-9999.000000
2019-02-28 00:00:00,    0.000000,-9999.000000,-9999.000000
2019-03-01 00:00:00,    0.000000,-9999.000000,-9999.000000
2019-03-02 00:00:00,    0.000000,-9999.000000,-9999.000000
2019-03-03 00:00:00,    0.000000,-9999.000000,-9999.000000
2019-03-04 00:00:00,    0.000000,-9999.000000,-9999.000000
2019-03-05 00:00:00,    0.000000,-9999.000000,-9999.000000
2019-03-06 00:00:00,    0.000000,-9999.000000,-9999.000000
2019-03-07 00:00:00,    0.000000,-9999.000000,-9999.000000
2019-03-08 00:00:00,    0.000000,-9999.000000,-9999.000000
2019-03-09 00:00:00,    0.000000,-9999.000000,-9999.000000
2019-03-10 00:00:00,    0.000000,-9999.000000,-9999.000000
2019-03-11 00:00:00,    0.000000,-9999.000000,-9999.000000
2019-03-12 00:00:00,    0.000000,-9999.000000,-9999.000000
2019-03-13 00:00:00,    0.000000,-9999.000000,-9999.000000
2019-03-14 00:00:00,    0.000000,-9999.000000,-9999.000000
2019-03-15 00:00:00,    0.000000,-9999.000000,-9999.000000
2019-03-16 00:00:00,    0.000000,-9999.000000,-9999.000000
2019-03-17 00:00:00,    0.000000,-9999.000000,-9999.000000
2019-03-18 00:00:00,    0.000000,-9999.000000,-9999.000000
2019-03-19 00:00:00,    0.000000,-9999.000000,-9999.000000
2019-03-20 00:00:00,    0.000000,-9999.000000,-9999.000000
2019-03-21 00:00:00,    0.000000,-9999.000000,-9999.000000
2019-03-22 00:00:00,    0.000000,-9999.000000,-9999.000000
2019-03-23 00:00:00,    0.000000,-9999.000000,-9999.000000
2019-03-24 00:00:00,    0.000000,-9999.000000,-9999.000000
2019-03-25 00:00:00,    0.000000,-9999.000000,-9999.000000
2019-03-26 00:00:00,    0.000000,-9999.000000,-9999.000000
2019-03-27 00:00:00,    0.000000,-9999.000000,-9999.000000
2019-03-28 00:00:00,    0.000000,-9999.000000,-9999.000000
2019-03-29 00:00:00,    0.000000,-9999.000000,-9999.000000
2019-03-30 00:00:00,    0.000000,-9999.000000,-9999.000000
2019-03-31 00:00:00,    0.000000,-9999.000000,-9999.000000
2019-04-01 00:00:00,    0.000000,-9999.000000,-9999.000000
2019-04-02 00:00:00,    0.000000,-9999.000000,-9999.000000
2019-04-03 00:00:00,    0.000000,-9999.000000,-9999.000000
2019-04-04 00:00:00,    0.000000,-9999.000000,-9999.000000
2019-04-05 00:00:00,    0.000000,-9999.000000,-9999.000000
2019-04-06 00:00:00,    0.000000,-9999.000000,-9999.000000
2019-04-07 00:00:00,    0.000000,-9999.000000,-9999.000000
2019-04-08 00:00:00,    0.000000,-9999.000000,-9999.000000
2019-04-09 00:00:00,    0.000000,-9999.000000,-9999.000000
2019-04-10 00:00:00,    0.000000,-9999.000000,-9999.000000
2019-04-11 00:00:00,    0.000000,-9999.000000,-9999.000000
2019-04-12 00:00:00,    0.000000,-9999.000000,-9999.000000
2019-04-13 00:00:00,    0.000000,-9999.000000,-9999.000000
2019-04-14 00:00:00,    0.000000,-9999.000000,-9999.000000
2019-04-15 00:00:00,    0.000000,-9999.000000,-9999.000000
2019-04-16 00:00:00,    0.000000,-9999.000000,-9999.000000
2019-04-17 00:00:00,    0.000000,-9999.000000,-9999.000000
2019-04-18 00:00:00,    0.000000,-9999.000000,-9999.000000
2019-04-19 00:00:00,    0.000000,-9999.000000,-9999.000000
2019-04-20 00:00:00,    0.000000,-9999.000000,-9999.000000
2019-04-21 00:00:00,    0.000000,-9999.000000,-9999.000000
2019-04-22 00:00:00,    0.000000,-9999.000000,-9999.000000
2019-04-23 00:00:00,    0.000000,-9999.000000,-9999.000000
2019-04-24 00:00:00,    0.000000,-9999.000000,-9999.000000
2019-04-25 00:00:00,    0.000000,-9999.000000,-9999.000000
2019-04-26 00:00:00,    0.000000,-9999.000000,-9999.000000
2019-04-27 00:00:00,    0.000000,-9999.000000,-9999.000000
2019-04-28 00:00:00,    0.000000,-9999.000000,-9999.000000
2019-04-29 00:00:00,    0.000000,-9999.000000,-9999.000000
2019-04-30 00:00:00,    0.000000,-9999.000000,-9999.000000
2019-05-01 00:00:00,    0.000000,-9999.000000,-9999.000000
2019-05-02 00:00:00,    0.000000,-9999.000000,-9999.000000
2019-05-03 00:00:00,    0.000000,-9999.000000,-9999.000000
2019-05-04 00:00:00,    0.000000,-9999.000000,-9999.000000
2019-05-05 00:00:00,    0.000000,-9999.000000,-9999.000000
2019-05-06 00:00:00,    0.000000,-9999.000000,-9999.000000
2019-05-07 00:00:00,    0.000000,-9999.000000,-9999.000000
2019-05-08 00:00:00,    0.000000,-9999.000000,-9999.000000
2019-05-09 00:00:00,    0.000000,-9999.000000,-9999.000000
2019-05-10 00:00:00,    0.000000,-9999.000000,-9999.000000
2019-05-11 00:00:00,    0.000000,-9999.000000,-9999.000000
2019-05-12 00:00:00,    0.000000,-9999.000000,-9999.000000
2019-05-13 00:00:00,    0.000000,-9999.000000,-9999.000000
2019-05-14 00:00:00,    0.000000,-9999.000000,-9999.000000
2019-05-15 00:00:00,    0.000000,-9999.000000,-9999.000000
2019-05-16 00:00:00,    0.000000,-9999.000000,-9999.000000
2019-05-17 00:00:00,    0.000000,-9999.000000,-9999.000000
2019-05-18 00:00:00,    0.000000,-9999.000000,-9999.000000
2019-05-19 00:00:00,    0.000000,-9999.000000,-9999.000000
2019-05-20 00:00:00,    0.000000,-9999.000000,-9999.000000
2019-05-21 00:00:00,    0.000000,-9999.000000,-9999.000000
2019-05-22 00:00:00,    0.000000,-9999.000000,-9999.000000
2019-05-23 00:00:00,    0.000000,-9999.000000,-9999.000000
2019-05-24 00:00:00,    0.000000,-9999.000000,-9999.000000
2019-05-25 00:00:00,    0.000000,-9999.000000,-9999.000000
2019-05-26 00:00:00,    0.000000,-9999.000000,-9999.000000
2019-05-27 00:00:00,    0.000000,-9999.000000,-9999.000000
2019-05-28 00:00:00,    0.000000,-9999.000000,-9999.000000
2019-05-29 00:00:00,    0.000000,-9999.000000,-9999.000000
2019-05-30 00:00:00,    0.000000,-9999.000000,-9999.000000
2019-05-31 00:00:00,    0.000000,-9999.000000,-9999.000000
2019-06-01 00:00:00,    0.000000,-9999.000000,-9999.000000
2019-06-02 00:00:00,    0.000000,-9999.000000,-9999.000000
2019-06-03 00:00:00,    0.000000,-9999.000000,-9999.000000
2019-06-04 00:00:00,    0.000000,-9999.000000,-9999.000000
2019-06-05 00:00:00,    0.000000,-9999.000000,-9999.000000
2019-06-06 00:00:00,    0.000000,-9999.000000,-9999.000000
2019-06-07 00:00:00,    0.000000,-9999.000000,-9999.000000
2019-06-08 00:00:00,  292.132776,   17.209009,    1.685342
2019-06-09 00:00:00,  289.590018,   17.204171,    1.684663
2019-06-10 00:00:00,  284.976869,   17.197967,    1.683696
2019-06-11 00:00:00,  322.046501,   17.191530,    1.682671
2019-06-12 00:00:00,  333.299327,   17.189560,    1.682561
2019-06-13 00:00:00,  423.494645,   17.186663,    1.682276
2019-06-14 00:00:00,  439.629118,   17.183134,    1.681866
2019-06-15 00:00:00,  533.376489,   17.179066,    1.681344
2019-06-16 00:00:00,  526.661069,   17.174518,    1.680720
2019-06-17 00:00:00,  520.520006,   17.168644,    1.679814
2019-06-18 00:00:00,  512.559884,   17.162681,    1.678878
2019-06-19 00:00:00,  503.168866,   17.192974,    1.685287
2019-06-20 00:00:00,  538.180564,   17.189329,    1.684896
2019-06-21 00:00:00,  586.298420,   17.173102,    1.681892
2019-06-22 00:00:00,  575.397837,   17.180156,    1.683727
2019-06-23 00:00:00, 2307.952621,   17.137713,    1.675195
2019-06-24 00:00:00, 4447.057375,   17.175302,    1.683437
2019-06-25 00:00:00, 4326.912907,   17.204278,    1.689857
2019-06-26 00:00:00, 4231.858573,   17.214578,    1.692538
2019-06-27 00:00:00, 4292.218123,   17.343815,    1.720840
2019-06-28 00:00:00, 4244.506108,   17.407316,    1.735478
2019-06-29 00:00:00, 4157.635297,   17.431239,    1.741914
2019-06-30 00:00:00, 4059.599576,   17.444830,    1.746556
2019-07-01 00:00:00, 3959.579912,   17.475172,    1.754392
2019-07-02 00:00:00, 3864.294727,   17.340420,    1.725903
2019-07-03 00:00:00, 3771.951070,   17.327270,    1.724630
2019-07-04 00:00:00, 3672.304420,   17.360448,    1.732920
2019-07-05 00:00:00, 6933.437826,   17.386755,    1.740599
2019-07-06 00:00:00,10574.112463,   17.408476,    1.746702
2019-07-07 00:00:00,10337.710988,   17.411083,    1.748630
2019-07-08 00:00:00,10025.944666,   17.398004,    1.747019
2019-07-09 00:00:00, 9706.310697,   17.383807,    1.745725
2019-07-10 00:00:00, 9405.159987,   17.390670,    1.748531
2019-07-11 00:00:00, 9649.224184,   17.244095,    1.717332
2019-07-12 00:00:00, 9353.848610,   17.170807,    1.703760
2019-07-13 00:00:00, 9076.379788,   17.072046,    1.687426
2019-07-14 00:00:00, 8809.853770,   16.946765,    1.667677
2019-07-15 00:00:00, 8552.061184,   16.721329,    1.629544
2019-07-16 00:00:00, 8296.659443,   16.593172,    1.610835
2019-07-17 00:00:00, 8254.950725,   16.431313,    1.583534
2019-07-18 00:00:00, 8011.047015,   16.294579,    1.559962
2019-07-19 00:00:00, 7779.743281,   16.177345,    1.539378
2019-07-20 00:00:00, 8612.684146,   16.075048,    1.521139
2019-07-21 00:00:00, 9443.222954,   15.990255,    1.505853
2019-07-22 00:00:00, 9160.836788,   16.096742,    1.525843
2019-07-23 00:00:00, 8884.004848,   16.004725,    1.509136
2019-07-24 00:00:00, 8655.433775,   15.951141,    1.499399
2019-07-25 00:00:00, 8388.576919,   15.887837,    1.487814
2019-07-26 00:00:00, 8149.485540,   15.879194,    1.486398
2019-07-27 00:00:00, 7915.884668,   15.818857,    1.475349
2019-07-28 00:00:00, 7688.417175,   15.811224,    1.474119
2019-07-29 00:00:00, 7464.357404,   15.782317,    1.468960
2019-07-30 00:00:00, 7238.652957,   15.713996,    1.456458
2019-07-31 00:00:00, 7013.557407,   15.736286,    1.460791
2019-08-01 00:00:00, 7071.800521,   15.792585,    1.471601
2019-08-02 00:00:00, 6971.372976,   15.773682,    1.468317
2019-08-03 00:00:00, 6844.884782,   15.752945,    1.464718
2019-08-04 00:00:00, 6698.366699,   15.742937,    1.463099
2019-08-05 00:00:00, 6643.552517,   15.736650,    1.462133
2019-08-06 00:00:00, 6455.733204,   15.764265,    1.467874
2019-08-07 00:00:00, 6332.261764,   15.772407,    1.470071
2019-08-08 00:00:00, 6249.482704,   15.773745,    1.470908
2019-08-09 00:00:00, 6101.694391,   15.775517,    1.471706
2019-08-10 00:00:00, 5930.784601,   15.764351,    1.470096
2019-08-11 00:00:00, 5765.392507,   15.835138,    1.483646
2019-08-12 00:00:00, 5611.297507,   15.839707,    1.484720
2019-08-13 00:00:00, 5958.322905,   15.827274,    1.482683
2019-08-14 00:00:00, 5786.690416,   15.805408,    1.478894
2019-08-15 00:00:00, 5669.026036,   15.783686,    1.475073
2019-08-16 00:00:00, 5516.105346,   15.768347,    1.472383
2019-08-17 00:00:00, 5365.516096,   15.754830,    1.470000
2019-08-18 00:00:00, 5223.507051,   15.754759,    1.470071
2019-08-19 00:00:00, 5084.950333,   15.721791,    1.464054
2019-08-20 00:00:00, 4954.855436,   15.716099,    1.463064
2019-08-21 00:00:00, 4886.657415,   15.725297,    1.464804
2019-08-22 00:00:00, 4766.142890,   15.711232,    1.462225
2019-08-23 00:00:00, 4642.474916,   15.777080,    1.474601
2019-08-24 00:00:00, 4538.564405,   15.803258,    1.479695
2019-08-25 00:00:00, 4423.415291,   15.814230,    1.482126
2019-08-26 00:00:00, 4309.785075,   15.825269,    1.484474
2019-08-27 00:00:00, 4198.865527,   15.817879,    1.483511
2019-08-28 00:00:00, 4096.412200,   15.815724,    1.483368
2019-08-29 00:00:00, 3985.419727,   15.817339,    1.483841
2019-08-30 00:00:00, 3883.016766,   15.808029,    1.482308
2019-08-31 00:00:00, 3786.412511,   15.802559,    1.481422
2019-09-01 00:00:00, 3750.405581,   15.790463,    1.479308
2019-09-02 00:00:00, 3649.510971,   15.781380,    1.477716
2019-09-03 00:00:00, 3555.998974,   15.784175,    1.478256
2019-09-04 00:00:00, 3584.276848,   15.776718,    1.476915
2019-09-05 00:00:00, 3608.587250,   15.760705,    1.473994
2019-09-06 00:00:00, 3538.014666,   15.766568,    1.475047
2019-09-07 00:00:00, 3444.368617,   15.756482,    1.473176
2019-09-08 00:00:00, 3340.720546,   15.749473,    1.471855
2019-09-09 00:00:00, 3239.378017,   15.739595,    1.469996
2019-09-10 00:00:00, 3146.595328,   15.733073,    1.468739
2019-09-11 00:00:00, 3068.219718,   15.877022,    1.494739
2019-09-12 00:00:00, 2984.234281,   15.872001,    1.493698
2019-09-13 00:00:00, 2887.816162,   15.866773,    1.492621
2019-09-14 00:00:00, 2799.577181,   15.861530,    1.491534
2019-09-15 00:00:00, 2716.301919,   15.856399,    1.490459
2019-09-16 00:00:00, 2633.170854,   15.847949,    1.488764
2019-09-17 00:00:00, 2548.623099,   15.843934,    1.487876
2019-09-18 00:00:00, 2478.404553,   15.753208,    1.471418
2019-09-19 00:00:00, 2642.380365,   15.749892,    1.470663
2019-09-20 00:00:00, 2567.449340,   15.746679,    1.469921
2019-09-21 00:00:00, 2472.362903,   15.740221,    1.468569
2019-09-22 00:00:00, 2420.161562,   15.741336,    1.468629
2019-09-23 00:00:00, 2356.331754,   15.731480,    1.466535
2019-09-24 00:00:00, 2287.865210,   15.722887,    1.464686
2019-09-25 00:00:00, 2225.033596,   15.904755,    1.496833
2019-09-26 00:00:00, 2268.360598,   15.899022,    1.495478
2019-09-27 00:00:00, 2253.365013,   15.893970,    1.494246
2019-09-28 00:00:00, 2247.451332,   15.904535,    1.496037
2019-09-29 00:00:00, 2187.055063,   15.923337,    1.499294
2019-09-30 00:00:00, 2127.209617,   15.939723,    1.502123
2019-10-01 00:00:00, 2067.989700,   15.953301,    1.504425
2019-10-02 00:00:00, 1992.406476,   15.965168,    1.506415
2019-10-03 00:00:00, 1942.225320,   15.854225,    1.486785
2019-10-04 00:00:00, 1870.810502,   15.862571,    1.488182
2019-10-05 00:00:00, 1821.703819,   15.869932,    1.489388
2019-10-06 00:00:00, 1758.978929,   15.873703,    1.489936
2019-10-07 00:00:00, 1697.561991,   15.876067,    1.490209
2019-10-08 00:00:00, 1642.408838,   15.883108,    1.491293
2019-10-09 00:00:00, 1586.362586,   16.093022,    1.527726
2019-10-10 00:00:00, 1531.584736,   16.096135,    1.528021
2019-10-11 00:00:00, 1465.153918,   16.098259,    1.528126
2019-10-12 00:00:00, 1391.617292,   16.101627,    1.528442
2019-10-13 00:00:00, 1346.235870,   16.104991,    1.528747
2019-10-14 00:00:00, 1311.823122,   16.108387,    1.529048
2019-10-15 00:00:00, 1257.600139,   16.111850,    1.529351
2019-10-16 00:00:00, 1221.183942,   16.115426,    1.529667
2019-10-17 00:00:00, 1184.607460,   16.119071,    1.529986
2019-10-18 00:00:00, 1144.034980,   16.122712,    1.530297
2019-10-19 00:00:00, 1111.922362,   16.126376,    1.530604
2019-10-20 00:00:00, 1074.702585,   16.130102,    1.530914
2019-10-21 00:00:00, 1036.086955,   16.132710,    1.531014
2019-10-22 00:00:00,  999.501018,   16.136736,    1.531364
2019-10-23 00:00:00,  964.294274,   16.140866,    1.531725
2019-10-24 00:00:00,  910.616528,   16.145124,    1.532104
2019-10-25 00:00:00,  867.692275,   16.154094,    1.533323
2019-10-26 00:00:00,  822.811768,   16.155698,    1.533200
2019-10-27 00:00:00,  780.540914,   16.156548,    1.532929
2019-10-28 00:00:00,  740.193669,   16.159135,    1.532964
2019-10-29 00:00:00,  711.990242,   16.162032,    1.533049
2019-10-30 00:00:00,  685.603020,   16.163988,    1.532959
2019-10-31 00:00:00,  647.457243,   16.167499,    1.533146
2019-11-01 00:00:00,  607.393804,   16.168960,    1.533017
2019-11-02 00:00:00,  578.267640,   16.170532,    1.532909
2019-11-03 00:00:00,  557.071032,   16.174479,    1.533170
2019-11-04 00:00:00,  529.682939,   16.285932,    1.551824
2019-11-05 00:00:00,  569.080517,   16.293701,    1.552761
2019-11-06 00:00:00,  567.612854,   16.301668,    1.553737
2019-11-07 00:00:00,  545.966289,   16.308686,    1.554540
2019-11-08 00:00:00,  520.801149,   16.315868,    1.555368
2019-11-09 00:00:00,  494.051933,   16.324182,    1.556394
2019-11-10 00:00:00,  474.071150,   16.327860,    1.556584
2019-11-11 00:00:00,  446.147324,   16.336118,    1.557594
2019-11-12 00:00:00,  415.753583,   16.344607,    1.558645
2019-11-13 00:00:00,  389.363056,   16.354546,    1.559956
2019-11-14 00:00:00,  364.341043,   16.361141,    1.560664
2019-11-15 00:00:00,  338.530208,   16.371603,    1.562068
2019-11-16 00:00:00,  314.675324,   16.379776,    1.563058
2019-11-17 00:00:00,  290.689063,   16.388013,    1.564060
2019-11-18 00:00:00,  269.521495,   16.393260,    1.564528
2019-11-19 00:00:00,  240.702762,   16.402680,    1.565744
2019-11-20 00:00:00,  223.027746,   16.423229,    1.568949
2019-11-21 00:00:00,  200.299813,   16.433099,    1.570250
2019-11-22 00:00:00,  180.253516,   16.443273,    1.571600
2019-11-23 00:00:00,  165.154627,   16.453049,    1.572880
2019-11-24 00:00:00,  147.595682,   16.462913,    1.574175
2019-11-25 00:00:00,  128.168870,   16.472865,    1.575486
2019-11-26 00:00:00,  111.236978,   16.482896,    1.576809
2019-11-27 00:00:00,   99.301577,   16.493001,    1.578145
2019-11-28 00:00:00,   83.774400,   16.503186,    1.579496
2019-11-29 00:00:00,   99.721019,   16.513466,    1.580863
2019-11-30 00:00:00,  100.491886,   16.751558,    1.620252
2019-12-01 00:00:00,   85.716061,   16.767154,    1.622462
2019-12-02 00:00:00,   74.761441,   16.775292,    1.623339
2019-12-03 00:00:00,   63.699658,   16.785246,    1.624603
2019-12-04 00:00:00,   51.517142,   16.795375,    1.625900
2019-12-05 00:00:00,   41.488223,   16.805646,    1.627225
2019-12-06 00:00:00,   34.024980,   16.816049,    1.628576
2019-12-07 00:00:00,   25.932647,   16.823524,    1.629409
2019-12-08 00:00:00,   15.660746,   16.834043,    1.630785
2019-12-09 00:00:00,    8.265771,   16.844675,    1.632183
2019-12-10 00:00:00,    1.558053,   16.855396,    1.633599
2019-12-11 00:00:00,    0.000000,-9999.000000,-9999.000000
2019-12-12 00:00:00,    0.000000,-9999.000000,-9999.000000
2019-12-13 00:00:00,    2.021288,   16.743958,    1.613969
2019-12-14 00:00:00,   15.877128,   16.754618,    1.615398
2019-12-15 00:00:00,    6.882100,   16.762143,    1.616271
2019-12-16 00:00:00,    1.346521,   17.053686,    1.664459
2019-12-17 00:00:00,    0.000000,-9999.000000,-9999.000000
2019-12-18 00:00:00,    0.000000,-9999.000000,-9999.000000
2019-12-19 00:00:00,    0.000000,-9999.000000,-9999.000000
2019-12-20 00:00:00,    0.000000,-9999.000000,-9999.000000
2019-12-21 00:00:00,    0.000000,-9999.000000,-9999.000000
2019-12-22 00:00:00,    0.000000,-9999.000000,-9999.000000
2019-12-23 00:00:00,    0.000000,-9999.000000,-9999.000000
2019-12-24 00:00:00,    0.000000,-9999.000000,-9999.000000
2019-12-25 00:00:00,    0.000000,-9999.000000,-9999.000000
2019-12-26 00:00:00,    0.000000,-9999.000000,-9999.000000
2019-12-27 00:00:00,    0.000000,-9999.000000,-9999.000000
2019-12-28 00:00:00,    0.000000,-9999.000000,-9999.000000
2019-12-29 00:00:00,    0.000000,-9999.000000,-9999.000000
2019-12-30 00:00:00,    0.000000,-9999.000000,-9999.000000
2019-12-31 00:00:00,    0.000000,-9999.000000,-9999.000000
2020-01-01 00:00:00,    0.000000,-9999.000000,-9999.000000
2020-01-02 00:00:00,    0.000000,-9999.000000,-9999.000000
2020-01-03 00:00:00,    0.000000,-9999.000000,-9999.000000
2020-01-04 00:00:00,    0.000000,-9999.000000,-9999.000000
2020-01-05 00:00:00,    0.000000,-9999.000000,-9999.000000
