time,temp,salt
2009-12-31 25:00:00,   24.515688,    0.859588
2010-01-01 25:00:00,   24.679085,    0.875187
2010-01-02 25:00:00,   25.173765,    0.876771
2010-01-03 25:00:00,   26.348281,    0.880101
2010-01-04 25:00:00,   26.047935,    0.883072
2010-01-05 25:00:00,   27.226590,    0.884420
2010-01-06 25:00:00,   27.884842,    0.888129
2010-01-07 25:00:00,   27.302017,    0.889943
2010-01-08 25:00:00,   27.395404,    0.892414
2010-01-09 25:00:00,   27.203807,    0.894415
2010-01-10 25:00:00,   26.012606,    0.895776
2010-01-11 25:00:00,   25.522373,    0.897868
2010-01-12 25:00:00,   25.469200,    0.899938
2010-01-13 25:00:00,   26.362889,    0.902253
2010-01-14 25:00:00,   26.523525,    0.904932
2010-01-15 25:00:00,   25.978382,    0.907390
2010-01-16 25:00:00,   26.737476,    0.910259
2010-01-17 25:00:00,   26.761007,    0.910017
2010-01-18 25:00:00,   28.156793,    0.915898
2010-01-19 25:00:00,   28.716531,    0.917346
2010-01-20 25:00:00,   28.040718,    0.920247
2010-01-21 25:00:00,   27.019283,    0.922895
2010-01-22 25:00:00,   27.216277,    0.924548
2010-01-23 25:00:00,   27.342501,    0.926693
2010-01-24 25:00:00,   28.123568,    0.929669
2010-01-25 25:00:00,   27.875386,    0.931687
2010-01-26 25:00:00,   27.981279,    0.933920
2010-01-27 25:00:00,   27.997201,    0.936283
2010-01-28 25:00:00,   28.153037,    0.939339
2010-01-29 25:00:00,   28.008139,    0.941956
2010-01-30 25:00:00,   26.754474,    0.943490
2010-01-31 25:00:00,   26.395814,    0.944814
2010-02-01 25:00:00,   26.432467,    0.947154
2010-02-02 25:00:00,   25.165089,    0.948419
2010-02-03 25:00:00,   24.560927,    0.950148
2010-02-04 25:00:00,   24.182847,    0.951776
2010-02-05 25:00:00,   24.495014,    0.952852
2010-02-06 25:00:00,   24.065039,    0.953740
2010-02-07 25:00:00,   25.048631,    0.954874
2010-02-08 25:00:00,   25.402103,    0.956361
2010-02-09 25:00:00,   26.666676,    0.958080
2010-02-10 25:00:00,   25.964903,    0.959860
2010-02-11 25:00:00,   26.673155,    0.961702
2010-02-12 25:00:00,   26.558692,    0.963928
2010-02-13 25:00:00,   26.966500,    0.966035
2010-02-14 25:00:00,   27.255369,    0.967498
2010-02-15 25:00:00,   26.827734,    0.968424
2010-02-16 25:00:00,   26.246494,    0.968262
2010-02-17 25:00:00,   27.240600,    0.970753
2010-02-18 25:00:00,   28.191375,    0.972888
2010-02-19 25:00:00,   26.551664,    0.973528
2010-02-20 25:00:00,   25.965881,    0.975026
2010-02-21 25:00:00,   25.463590,    0.975696
2010-02-22 25:00:00,   25.884007,    0.978143
2010-02-23 25:00:00,   25.519453,    0.979125
2010-02-24 25:00:00,   25.936525,    0.980556
2010-02-25 25:00:00,   26.772235,    0.983014
2010-02-26 25:00:00,   26.953945,    0.986699
2010-02-27 25:00:00,   27.168364,    0.989901
2010-02-28 25:00:00,   26.933751,    0.992414
2010-03-01 25:00:00,   27.097670,    0.994587
2010-03-02 25:00:00,   27.253797,    0.995794
2010-03-03 25:00:00,   26.489569,    0.997977
2010-03-04 25:00:00,   25.127904,    0.997192
2010-03-05 25:00:00,   24.740254,    0.997680
2010-03-06 25:00:00,   24.983627,    0.998537
2010-03-07 25:00:00,   25.252317,    1.000181
2010-03-08 25:00:00,   25.283093,    1.002329
2010-03-09 25:00:00,   25.395817,    1.003911
2010-03-10 25:00:00,   25.381613,    1.006204
2010-03-11 25:00:00,   25.474515,    1.005865
2010-03-12 25:00:00,   26.367633,    1.010651
2010-03-13 25:00:00,   26.018988,    1.011177
2010-03-14 25:00:00,   26.950844,    1.011676
2010-03-15 25:00:00,   26.207370,    1.013025
2010-03-16 25:00:00,   25.039695,    1.013832
2010-03-17 25:00:00,   24.651141,    1.014734
2010-03-18 25:00:00,   24.131837,    1.014395
2010-03-19 25:00:00,   23.426734,    1.012133
2010-03-20 25:00:00,   23.883735,    1.013353
2010-03-21 25:00:00,   24.854083,    1.015622
2010-03-22 25:00:00,   24.806696,    0.943398
2010-03-23 25:00:00,   25.582000,    0.943455
2010-03-24 25:00:00,   25.760858,    0.952383
2010-03-25 25:00:00,   25.202619,    0.953536
2010-03-26 25:00:00,   25.036150,    0.964979
2010-03-27 25:00:00,   24.154544,    0.970802
2010-03-28 25:00:00,   23.796777,    0.978437
2010-03-29 25:00:00,   23.902258,    0.981649
2010-03-30 25:00:00,   23.884342,    0.983177
2010-03-31 25:00:00,   23.585876,    0.984422
2010-04-01 25:00:00,   23.844061,    0.986271
2010-04-02 25:00:00,   23.906428,    0.987847
2010-04-03 25:00:00,   23.026347,    0.988715
2010-04-04 25:00:00,   22.463362,    0.989552
2010-04-05 25:00:00,   22.888777,    0.990278
2010-04-06 25:00:00,   22.289577,    0.990072
2010-04-07 25:00:00,   22.827889,    0.991193
2010-04-08 25:00:00,   22.938294,    0.992250
2010-04-09 25:00:00,   22.580230,    0.993689
2010-04-10 25:00:00,   22.231959,    0.993959
2010-04-11 25:00:00,   22.564800,    0.994233
2010-04-12 25:00:00,   21.212049,    0.993950
2010-04-13 25:00:00,   20.801433,    0.987335
2010-04-14 25:00:00,   20.365442,    0.986524
2010-04-15 25:00:00,   20.803775,    0.981755
2010-04-16 25:00:00,   21.335237,    0.972678
2010-04-17 25:00:00,   21.403126,    0.973581
2010-04-18 25:00:00,   22.018166,    0.974800
2010-04-19 25:00:00,   22.232272,    0.975890
2010-04-20 25:00:00,   22.644372,    0.976994
2010-04-21 25:00:00,   22.195220,    0.978227
2010-04-22 25:00:00,   21.134536,    0.979853
2010-04-23 25:00:00,   20.740692,    0.980928
2010-04-24 25:00:00,   20.594887,    0.982118
2010-04-25 25:00:00,   20.369168,    0.982487
2010-04-26 25:00:00,   20.484248,    0.983417
2010-04-27 25:00:00,   20.517012,    0.983986
2010-04-28 25:00:00,   20.638434,    0.984498
2010-04-29 25:00:00,   20.294128,    0.984685
2010-04-30 25:00:00,   20.349785,    0.985161
2010-05-01 25:00:00,   19.963687,    0.984997
2010-05-02 25:00:00,   20.017998,    0.985084
2010-05-03 25:00:00,   19.688438,    0.985542
2010-05-04 25:00:00,   19.513228,    0.985944
2010-05-05 25:00:00,   19.519779,    0.986353
2010-05-06 25:00:00,   19.381508,    0.986983
2010-05-07 25:00:00,   19.491429,    0.986863
2010-05-08 25:00:00,   19.522158,    0.987451
2010-05-09 25:00:00,   19.004752,    0.987635
2010-05-10 25:00:00,   18.701203,    0.987753
2010-05-11 25:00:00,   18.679212,    0.988307
2010-05-12 25:00:00,   18.867000,    0.988799
2010-05-13 25:00:00,   18.052350,    0.980642
2010-05-14 25:00:00,   17.885764,    0.981645
2010-05-15 25:00:00,   17.867129,    0.982284
2010-05-16 25:00:00,   17.676097,    0.982619
2010-05-17 25:00:00,   17.682120,    0.983688
2010-05-18 25:00:00,   17.378569,    0.983888
2010-05-19 25:00:00,   17.954869,    0.984481
2010-05-20 25:00:00,   18.083811,    0.984247
2010-05-21 25:00:00,   17.562424,    0.984927
2010-05-22 25:00:00,   17.680218,    0.965330
2010-05-23 25:00:00,   17.032967,    0.961461
2010-05-24 25:00:00,   17.258394,    0.954655
2010-05-25 25:00:00,   16.940671,    0.955129
2010-05-26 25:00:00,   16.785603,    0.950365
2010-05-27 25:00:00,   16.561960,    0.962650
2010-05-28 25:00:00,   17.021459,    0.967742
2010-05-29 25:00:00,   16.649761,    0.967984
2010-05-30 25:00:00,   16.904869,    0.968935
2010-05-31 25:00:00,   16.741433,    0.959180
2010-06-01 25:00:00,   16.820947,    0.967580
2010-06-02 25:00:00,   16.704669,    0.968796
2010-06-03 25:00:00,   16.893343,    0.969619
2010-06-04 25:00:00,   16.170013,    0.969956
2010-06-05 25:00:00,   16.265074,    0.972171
2010-06-06 25:00:00,   16.718400,    0.973395
2010-06-07 25:00:00,   16.359210,    0.973515
2010-06-08 25:00:00,   15.853040,    0.974652
2010-06-09 25:00:00,   15.641701,    0.985162
2010-06-10 25:00:00,   15.809294,    0.991808
2010-06-11 25:00:00,   15.331135,    0.992679
2010-06-12 25:00:00,   15.709286,    1.000376
2010-06-13 25:00:00,   15.542037,    1.001240
2010-06-14 25:00:00,   15.852776,    1.012561
2010-06-15 25:00:00,   15.314043,    1.003820
2010-06-16 25:00:00,   15.681233,    1.007232
2010-06-17 25:00:00,   15.444211,    1.006310
2010-06-18 25:00:00,   15.890578,    1.006481
2010-06-19 25:00:00,   16.060009,    1.007227
2010-06-20 25:00:00,   15.943664,    1.007575
2010-06-21 25:00:00,   16.100113,    1.007741
2010-06-22 25:00:00,   15.538607,    1.007250
2010-06-23 25:00:00,   15.403764,    0.996659
2010-06-24 25:00:00,   15.253599,    0.998345
2010-06-25 25:00:00,   15.131764,    0.999883
2010-06-26 25:00:00,   14.932164,    1.001476
2010-06-27 25:00:00,   14.472813,    1.000992
2010-06-28 25:00:00,   14.714572,    1.001586
2010-06-29 25:00:00,   14.368625,    1.001604
2010-06-30 25:00:00,   14.291963,    1.002205
2010-07-01 25:00:00,   14.132961,    1.002543
2010-07-02 25:00:00,   14.059399,    0.997704
2010-07-03 25:00:00,   14.014798,    0.999495
2010-07-04 25:00:00,   13.882431,    0.999764
2010-07-05 25:00:00,   14.015863,    1.001199
2010-07-06 25:00:00,   13.773783,    1.001386
2010-07-07 25:00:00,   13.677853,    1.002335
2010-07-08 25:00:00,   13.340382,    0.995406
2010-07-09 25:00:00,   12.951878,    0.990750
2010-07-10 25:00:00,   12.943416,    0.985705
2010-07-11 25:00:00,   13.045834,    0.979972
2010-07-12 25:00:00,   12.780255,    0.977175
2010-07-13 25:00:00,   13.313032,    0.975952
2010-07-14 25:00:00,   13.511483,    0.975840
2010-07-15 25:00:00,   12.927185,    0.976790
2010-07-16 25:00:00,   12.856726,    0.973929
2010-07-17 25:00:00,   12.981627,    0.973754
2010-07-18 25:00:00,   13.336488,    0.972825
2010-07-19 25:00:00,   13.372234,    0.974197
2010-07-20 25:00:00,   13.447792,    0.974877
2010-07-21 25:00:00,   13.816605,    0.975239
2010-07-22 25:00:00,   13.791934,    0.975611
2010-07-23 25:00:00,   13.883780,    0.976018
2010-07-24 25:00:00,   13.305420,    0.976160
2010-07-25 25:00:00,   13.096062,    0.975332
2010-07-26 25:00:00,   13.602252,    0.974633
2010-07-27 25:00:00,   14.063926,    0.971563
2010-07-28 25:00:00,   14.170220,    0.969519
2010-07-29 25:00:00,   13.769115,    0.967586
2010-07-30 25:00:00,   13.766886,    0.967983
2010-07-31 25:00:00,   14.464593,    0.968013
2010-08-01 25:00:00,   14.991174,    0.969052
2010-08-02 25:00:00,   14.633086,    0.969069
2010-08-03 25:00:00,   15.148396,    0.969740
2010-08-04 25:00:00,   15.179829,    0.969727
2010-08-05 25:00:00,   15.168292,    0.970221
2010-08-06 25:00:00,   15.260768,    0.971224
2010-08-07 25:00:00,   15.367016,    0.971964
2010-08-08 25:00:00,   15.087959,    0.972434
2010-08-09 25:00:00,   14.866518,    0.972615
2010-08-10 25:00:00,   14.273389,    0.972643
2010-08-11 25:00:00,   13.696029,    0.972872
2010-08-12 25:00:00,   13.658767,    0.956825
2010-08-13 25:00:00,   13.734119,    0.948972
2010-08-14 25:00:00,   14.462219,    0.939893
2010-08-15 25:00:00,   14.833074,    0.941168
2010-08-16 25:00:00,   14.223723,    0.940814
2010-08-17 25:00:00,   13.940401,    0.939598
2010-08-18 25:00:00,   13.728342,    0.938738
2010-08-19 25:00:00,   14.460676,    0.940264
2010-08-20 25:00:00,   14.167175,    0.928709
2010-08-21 25:00:00,   14.433403,    0.928978
2010-08-22 25:00:00,   14.716447,    0.927163
2010-08-23 25:00:00,   15.275169,    0.927848
2010-08-24 25:00:00,   15.322469,    0.928278
2010-08-25 25:00:00,   15.402759,    0.929133
2010-08-26 25:00:00,   15.771070,    0.930012
2010-08-27 25:00:00,   16.179817,    0.930848
2010-08-28 25:00:00,   16.172765,    0.930834
2010-08-29 25:00:00,   17.437705,    0.932092
2010-08-30 25:00:00,   17.359305,    0.932625
2010-08-31 25:00:00,   16.087514,    0.915012
2010-09-01 25:00:00,   15.554005,    0.919469
2010-09-02 25:00:00,   15.341803,    0.921332
2010-09-03 25:00:00,   16.199687,    0.922034
2010-09-04 25:00:00,   17.171245,    0.920646
2010-09-05 25:00:00,   17.659048,    0.922764
2010-09-06 25:00:00,   17.736659,    0.922806
2010-09-07 25:00:00,   16.796606,    0.907909
2010-09-08 25:00:00,   15.965631,    0.911051
2010-09-09 25:00:00,   16.076424,    0.909216
2010-09-10 25:00:00,   16.797304,    0.910301
2010-09-11 25:00:00,   16.165108,    0.910420
2010-09-12 25:00:00,   15.999024,    0.906560
2010-09-13 25:00:00,   16.259665,    0.907888
2010-09-14 25:00:00,   16.663250,    0.908868
2010-09-15 25:00:00,   16.549063,    0.911795
2010-09-16 25:00:00,   17.095497,    0.915000
2010-09-17 25:00:00,   17.400918,    0.915797
2010-09-18 25:00:00,   16.476273,    0.916779
2010-09-19 25:00:00,   17.263938,    0.917952
2010-09-20 25:00:00,   17.961741,    0.919316
2010-09-21 25:00:00,   18.623029,    0.921238
2010-09-22 25:00:00,   18.995641,    0.921675
2010-09-23 25:00:00,   20.035449,    0.923275
2010-09-24 25:00:00,   20.338872,    0.923177
2010-09-25 25:00:00,   20.550228,    0.923904
2010-09-26 25:00:00,   20.389564,    0.924904
2010-09-27 25:00:00,   20.599920,    0.926053
2010-09-28 25:00:00,   20.917449,    0.927802
2010-09-29 25:00:00,   20.792651,    0.929599
2010-09-30 25:00:00,   20.653027,    0.931386
2010-10-01 25:00:00,   21.381118,    0.932307
2010-10-02 25:00:00,   20.841483,    0.933958
2010-10-03 25:00:00,   21.678513,    0.935287
2010-10-04 25:00:00,   21.771000,    0.936462
2010-10-05 25:00:00,   20.801559,    0.937411
2010-10-06 25:00:00,   20.625018,    0.938521
2010-10-07 25:00:00,   21.219349,    0.940434
2010-10-08 25:00:00,   21.654757,    0.940469
2010-10-09 25:00:00,   22.554177,    0.944504
2010-10-10 25:00:00,   20.470039,    0.946166
2010-10-11 25:00:00,   20.355677,    0.947388
2010-10-12 25:00:00,   20.388006,    0.948319
2010-10-13 25:00:00,   20.428073,    0.949797
2010-10-14 25:00:00,   20.167668,    0.951497
2010-10-15 25:00:00,   20.208137,    0.953038
2010-10-16 25:00:00,   20.337406,    0.954007
2010-10-17 25:00:00,   21.607145,    0.956337
2010-10-18 25:00:00,   22.400420,    0.957782
2010-10-19 25:00:00,   23.584730,    0.958224
2010-10-20 25:00:00,   21.616791,    0.948822
2010-10-21 25:00:00,   21.485246,    0.952058
2010-10-22 25:00:00,   21.655483,    0.954047
2010-10-23 25:00:00,   21.559517,    0.955670
2010-10-24 25:00:00,   21.581148,    0.957980
2010-10-25 25:00:00,   21.783357,    0.959398
2010-10-26 25:00:00,   23.121364,    0.961846
2010-10-27 25:00:00,   21.801458,    0.962950
2010-10-28 25:00:00,   20.734183,    0.964559
2010-10-29 25:00:00,   21.038325,    0.966206
2010-10-30 25:00:00,   21.303663,    0.967097
2010-10-31 25:00:00,   21.857820,    0.969743
2010-11-01 25:00:00,   22.470602,    0.973712
2010-11-02 25:00:00,   23.225425,    0.976990
2010-11-03 25:00:00,   24.437487,    0.979437
2010-11-04 25:00:00,   23.263911,    0.980783
2010-11-05 25:00:00,   22.811678,    0.982146
2010-11-06 25:00:00,   23.236239,    0.984328
2010-11-07 25:00:00,   22.857797,    0.986114
2010-11-08 25:00:00,   24.216051,    0.988227
2010-11-09 25:00:00,   23.642233,    0.988753
2010-11-10 25:00:00,   22.837846,    0.987367
2010-11-11 25:00:00,   22.377329,    0.988393
2010-11-12 25:00:00,   21.913484,    0.988773
2010-11-13 25:00:00,   21.888219,    0.989996
2010-11-14 25:00:00,   22.017487,    0.991317
2010-11-15 25:00:00,   22.621129,    0.994203
2010-11-16 25:00:00,   23.249104,    0.996694
2010-11-17 25:00:00,   24.026090,    0.999423
2010-11-18 25:00:00,   24.736052,    1.002080
2010-11-19 25:00:00,   25.115119,    1.005691
2010-11-20 25:00:00,   25.860987,    1.008180
2010-11-21 25:00:00,   25.792804,    1.007579
2010-11-22 25:00:00,   25.419769,    1.011196
2010-11-23 25:00:00,   24.541138,    1.013460
2010-11-24 25:00:00,   24.688384,    1.015232
2010-11-25 25:00:00,   24.635571,    1.018332
2010-11-26 25:00:00,   24.978007,    1.022540
2010-11-27 25:00:00,   24.800532,    1.022525
2010-11-28 25:00:00,   25.269026,    1.025849
2010-11-29 25:00:00,   25.717458,    1.029477
2010-11-30 25:00:00,   26.038888,    1.031631
2010-12-01 25:00:00,   24.026739,    1.031977
2010-12-02 25:00:00,   23.306216,    1.031902
2010-12-03 25:00:00,   22.934389,    1.032587
2010-12-04 25:00:00,   23.497217,    1.033625
2010-12-05 25:00:00,   23.145837,    1.033507
2010-12-06 25:00:00,   22.390694,    1.031939
2010-12-07 25:00:00,   23.075832,    1.030708
2010-12-08 25:00:00,   22.781770,    1.033027
2010-12-09 25:00:00,   22.888532,    1.034274
2010-12-10 25:00:00,   23.056136,    1.032947
2010-12-11 25:00:00,   23.785666,    1.033402
2010-12-12 25:00:00,   24.898094,    1.036048
2010-12-13 25:00:00,   24.316674,    1.038967
2010-12-14 25:00:00,   24.034863,    1.041694
2010-12-15 25:00:00,   24.354402,    1.043379
2010-12-16 25:00:00,   24.379003,    1.045155
2010-12-17 25:00:00,   24.488320,    1.045194
2010-12-18 25:00:00,   24.750774,    1.047104
2010-12-19 25:00:00,   24.268977,    1.048579
2010-12-20 25:00:00,   22.404604,    1.043814
2010-12-21 25:00:00,   22.577592,    1.042424
2010-12-22 25:00:00,   22.794947,    1.043689
2010-12-23 25:00:00,   23.282818,    1.044376
2010-12-24 25:00:00,   26.307861,    1.045579
2010-12-25 25:00:00,   27.386462,    1.048994
2010-12-26 25:00:00,   27.181880,    1.053699
2010-12-27 25:00:00,   27.025894,    1.057166
2010-12-28 25:00:00,   26.701612,    1.060938
2010-12-29 25:00:00,   26.790795,    1.064047
2010-12-30 25:00:00,   26.836944,    1.067442
2010-12-31 25:00:00,   26.183586,    1.069634
2011-01-01 25:00:00,   26.431005,    1.071907
2011-01-02 25:00:00,   27.358494,    1.073528
2011-01-03 25:00:00,   27.329375,    1.073475
2011-01-04 25:00:00,   28.519031,    1.074966
2011-01-05 25:00:00,   27.709762,    1.061664
2011-01-06 25:00:00,   27.595546,    1.065350
2011-01-07 25:00:00,   27.092980,    1.067997
2011-01-08 25:00:00,   27.207295,    1.070208
2011-01-09 25:00:00,   27.400345,    1.071680
2011-01-10 25:00:00,   27.761361,    1.074797
2011-01-11 25:00:00,   28.045023,    1.077812
2011-01-12 25:00:00,   27.858431,    1.080225
2011-01-13 25:00:00,   27.714369,    1.083171
2011-01-14 25:00:00,   26.950927,    1.084814
2011-01-15 25:00:00,   26.497350,    1.087308
2011-01-16 25:00:00,   26.890235,    1.087504
2011-01-17 25:00:00,   27.165670,    1.090519
2011-01-18 25:00:00,   27.358040,    1.092912
2011-01-19 25:00:00,   27.110156,    1.095594
2011-01-20 25:00:00,   26.749663,    1.098097
2011-01-21 25:00:00,   26.307226,    1.098870
2011-01-22 25:00:00,   26.179713,    1.100204
2011-01-23 25:00:00,   25.870362,    1.099903
2011-01-24 25:00:00,   24.427338,    1.087627
2011-01-25 25:00:00,   24.968245,    1.085915
2011-01-26 25:00:00,   25.286524,    1.088460
2011-01-27 25:00:00,   26.160922,    1.089525
2011-01-28 25:00:00,   27.979485,    1.091165
2011-01-29 25:00:00,   28.957648,    1.093197
2011-01-30 25:00:00,   29.724608,    1.097550
2011-01-31 25:00:00,   27.784302,    1.097299
2011-02-01 25:00:00,   27.195379,    1.099209
2011-02-02 25:00:00,   27.342622,    1.102393
2011-02-03 25:00:00,   27.578375,    1.105619
2011-02-04 25:00:00,   27.434812,    1.107128
2011-02-05 25:00:00,   26.265039,    1.109976
2011-02-06 25:00:00,   25.337208,    1.107061
2011-02-07 25:00:00,   26.215014,    1.109631
2011-02-08 25:00:00,   27.257973,    1.112094
2011-02-09 25:00:00,   28.236778,    1.114626
2011-02-10 25:00:00,   28.254721,    1.118743
2011-02-11 25:00:00,   27.201788,    1.121040
2011-02-12 25:00:00,   26.601452,    1.123634
2011-02-13 25:00:00,   27.000033,    1.124470
2011-02-14 25:00:00,   27.299120,    1.125528
2011-02-15 25:00:00,   27.880818,    1.128708
2011-02-16 25:00:00,   28.235363,    1.131951
2011-02-17 25:00:00,   27.971861,    1.135185
2011-02-18 25:00:00,   28.480011,    1.137695
2011-02-19 25:00:00,   28.033083,    1.140806
2011-02-20 25:00:00,   26.179884,    1.137261
2011-02-21 25:00:00,   27.511137,    1.140500
2011-02-22 25:00:00,   27.476725,    1.144405
2011-02-23 25:00:00,   27.927788,    1.145704
2011-02-24 25:00:00,   28.285615,    1.148209
2011-02-25 25:00:00,   29.559952,    1.150567
2011-02-26 25:00:00,   30.794788,    1.152896
2011-02-27 25:00:00,   30.744274,    1.156779
2011-02-28 25:00:00,   30.609485,    1.160423
2011-03-01 25:00:00,   29.129483,    1.160709
2011-03-02 25:00:00,   28.962123,    1.164844
2011-03-03 25:00:00,   28.661896,    1.164456
2011-03-04 25:00:00,   28.893148,    1.166350
2011-03-05 25:00:00,   28.121650,    1.167443
2011-03-06 25:00:00,   27.272794,    1.165411
2011-03-07 25:00:00,   26.711688,    1.162786
2011-03-08 25:00:00,   26.160459,    1.163689
2011-03-09 25:00:00,   26.161428,    1.166360
2011-03-10 25:00:00,   26.306268,    1.167767
2011-03-11 25:00:00,   25.887390,    1.168538
2011-03-12 25:00:00,   24.995526,    1.160492
2011-03-13 25:00:00,   24.819089,    1.162663
2011-03-14 25:00:00,   25.494347,    1.163975
2011-03-15 25:00:00,   25.164336,    1.167177
2011-03-16 25:00:00,   25.411606,    1.167839
2011-03-17 25:00:00,   25.758661,    1.168498
2011-03-18 25:00:00,   26.457086,    1.170898
2011-03-19 25:00:00,   25.684323,    1.173083
2011-03-20 25:00:00,   24.909138,    1.174326
2011-03-21 25:00:00,   25.000301,    1.172132
2011-03-22 25:00:00,   25.567801,    1.173893
2011-03-23 25:00:00,   25.788062,    1.175391
2011-03-24 25:00:00,   26.211983,    1.178256
2011-03-25 25:00:00,   26.317582,    1.179941
2011-03-26 25:00:00,   26.351330,    1.182961
2011-03-27 25:00:00,   26.539098,    1.184816
2011-03-28 25:00:00,   26.141766,    1.185912
2011-03-29 25:00:00,   25.816883,    1.187483
2011-03-30 25:00:00,   25.518400,    1.184832
2011-03-31 25:00:00,   25.522464,    1.186950
2011-04-01 25:00:00,   25.128229,    1.188445
2011-04-02 25:00:00,   24.742632,    1.186143
2011-04-03 25:00:00,   24.604096,    1.187563
2011-04-04 25:00:00,   24.341199,    1.188537
2011-04-05 25:00:00,   24.732422,    1.189225
2011-04-06 25:00:00,   24.544772,    1.190117
2011-04-07 25:00:00,   23.617861,    1.186052
2011-04-08 25:00:00,   23.211428,    1.178982
2011-04-09 25:00:00,   22.428469,    1.173412
2011-04-10 25:00:00,   21.912867,    1.165810
2011-04-11 25:00:00,   22.007741,    1.144623
2011-04-12 25:00:00,   21.827544,    1.150587
2011-04-13 25:00:00,   22.317889,    1.151286
2011-04-14 25:00:00,   22.404717,    1.152443
2011-04-15 25:00:00,   22.300740,    1.153837
2011-04-16 25:00:00,   22.313356,    1.153608
2011-04-17 25:00:00,   21.829935,    1.153941
2011-04-18 25:00:00,   21.564378,    1.154089
2011-04-19 25:00:00,   21.365592,    1.152392
2011-04-20 25:00:00,   21.046319,    1.152821
2011-04-21 25:00:00,   21.196530,    1.150532
2011-04-22 25:00:00,   21.783205,    1.150422
2011-04-23 25:00:00,   22.057345,    1.150851
2011-04-24 25:00:00,   22.304270,    1.152214
2011-04-25 25:00:00,   22.718561,    1.153161
2011-04-26 25:00:00,   22.467151,    1.145487
2011-04-27 25:00:00,   21.200847,    1.143552
2011-04-28 25:00:00,   20.583767,    1.142674
2011-04-29 25:00:00,   20.529369,    1.141929
2011-04-30 25:00:00,   20.482145,    1.142118
2011-05-01 25:00:00,   20.588400,    1.142102
2011-05-02 25:00:00,   20.600589,    1.142744
2011-05-03 25:00:00,   20.668179,    1.143561
2011-05-04 25:00:00,   20.758365,    1.144438
2011-05-05 25:00:00,   20.397791,    1.144624
2011-05-06 25:00:00,   20.055149,    1.143663
2011-05-07 25:00:00,   19.726386,    1.139480
2011-05-08 25:00:00,   19.730940,    1.139408
2011-05-09 25:00:00,   19.365388,    1.139862
2011-05-10 25:00:00,   19.412626,    1.137166
2011-05-11 25:00:00,   19.226512,    1.137659
2011-05-12 25:00:00,   18.980295,    1.137712
2011-05-13 25:00:00,   18.696426,    1.135899
2011-05-14 25:00:00,   18.385023,    1.135633
2011-05-15 25:00:00,   17.994301,    1.132270
2011-05-16 25:00:00,   18.080467,    1.129166
2011-05-17 25:00:00,   18.100759,    1.128489
2011-05-18 25:00:00,   18.355983,    1.122342
2011-05-19 25:00:00,   18.313630,    1.122646
2011-05-20 25:00:00,   17.709096,    1.113109
2011-05-21 25:00:00,   17.598046,    1.112705
2011-05-22 25:00:00,   17.765012,    1.112939
2011-05-23 25:00:00,   18.068425,    1.113025
2011-05-24 25:00:00,   17.546825,    1.113423
2011-05-25 25:00:00,   17.248421,    1.113293
2011-05-26 25:00:00,   17.209213,    1.113773
2011-05-27 25:00:00,   17.335511,    1.114027
2011-05-28 25:00:00,   17.502521,    1.114165
2011-05-29 25:00:00,   17.180852,    1.112648
2011-05-30 25:00:00,   17.313430,    1.106100
2011-05-31 25:00:00,   17.409598,    1.058354
2011-06-01 25:00:00,   17.453689,    1.001068
2011-06-02 25:00:00,   17.242642,    1.003260
2011-06-03 25:00:00,   17.144223,    1.008345
2011-06-04 25:00:00,   16.686566,    1.042242
2011-06-05 25:00:00,   16.553796,    1.048564
2011-06-06 25:00:00,   16.385169,    1.049431
2011-06-07 25:00:00,   16.275592,    1.052687
2011-06-08 25:00:00,   16.037837,    1.053239
2011-06-09 25:00:00,   15.824437,    1.057271
2011-06-10 25:00:00,   15.537075,    1.062836
2011-06-11 25:00:00,   15.265169,    1.072131
2011-06-12 25:00:00,   15.130015,    1.078112
2011-06-13 25:00:00,   14.803388,    1.103988
2011-06-14 25:00:00,   14.686249,    1.144260
2011-06-15 25:00:00,   14.708335,    1.142021
2011-06-16 25:00:00,   15.109598,    1.142486
2011-06-17 25:00:00,   14.703034,    1.142782
2011-06-18 25:00:00,   14.734832,    1.141174
2011-06-19 25:00:00,   14.808383,    1.141674
2011-06-20 25:00:00,   14.947317,    1.141737
2011-06-21 25:00:00,   15.329954,    1.142065
2011-06-22 25:00:00,   15.036488,    1.141939
2011-06-23 25:00:00,   15.323604,    1.141087
2011-06-24 25:00:00,   15.450440,    1.128780
2011-06-25 25:00:00,   15.699374,    1.125666
2011-06-26 25:00:00,   15.782646,    1.090957
2011-06-27 25:00:00,   15.583515,    1.088794
2011-06-28 25:00:00,   15.273821,    1.090211
2011-06-29 25:00:00,   15.375922,    1.069481
2011-06-30 25:00:00,   14.913623,    1.069636
2011-07-01 25:00:00,   14.718351,    1.069650
2011-07-02 25:00:00,   14.375049,    1.062138
2011-07-03 25:00:00,   14.181058,    1.053401
2011-07-04 25:00:00,   14.234442,    1.052249
2011-07-05 25:00:00,   14.384356,    1.050548
2011-07-06 25:00:00,   14.252893,    1.050677
2011-07-07 25:00:00,   13.791180,    1.050673
2011-07-08 25:00:00,   13.616852,    1.051368
2011-07-09 25:00:00,   13.592121,    1.051886
2011-07-10 25:00:00,   13.275959,    1.051834
2011-07-11 25:00:00,   13.034661,    1.047082
2011-07-12 25:00:00,   13.625120,    1.047584
2011-07-13 25:00:00,   13.996763,    1.047706
2011-07-14 25:00:00,   14.345140,    1.048223
2011-07-15 25:00:00,   13.996636,    1.038839
2011-07-16 25:00:00,   14.360390,    1.039489
2011-07-17 25:00:00,   14.091860,    1.039929
2011-07-18 25:00:00,   14.100548,    1.041038
2011-07-19 25:00:00,   14.383525,    1.040917
2011-07-20 25:00:00,   13.868816,    0.980736
2011-07-21 25:00:00,   14.024989,    1.012316
2011-07-22 25:00:00,   13.860197,    0.986702
2011-07-23 25:00:00,   14.141219,    0.971520
2011-07-24 25:00:00,   14.325548,    0.971525
2011-07-25 25:00:00,   14.014597,    0.967123
2011-07-26 25:00:00,   14.576930,    0.967452
2011-07-27 25:00:00,   14.574257,    0.960945
2011-07-28 25:00:00,   15.008751,    0.953520
2011-07-29 25:00:00,   14.783326,    0.956249
2011-07-30 25:00:00,   15.030513,    0.952192
2011-07-31 25:00:00,   15.057442,    0.951043
2011-08-01 25:00:00,   15.308623,    0.939438
2011-08-02 25:00:00,   15.337415,    0.925650
2011-08-03 25:00:00,   14.937078,    0.927533
2011-08-04 25:00:00,   15.248638,    0.928667
2011-08-05 25:00:00,   14.920034,    0.929402
2011-08-06 25:00:00,   14.659995,    0.931483
2011-08-07 25:00:00,   15.276795,    0.929606
2011-08-08 25:00:00,   14.801253,    0.930435
2011-08-09 25:00:00,   15.296147,    0.931345
2011-08-10 25:00:00,   15.317489,    0.931690
2011-08-11 25:00:00,   15.264952,    0.932169
2011-08-12 25:00:00,   15.581841,    0.931852
2011-08-13 25:00:00,   16.252462,    0.888781
2011-08-14 25:00:00,   15.585857,    0.904912
2011-08-15 25:00:00,   14.998999,    0.904890
2011-08-16 25:00:00,   14.625911,    0.905035
2011-08-17 25:00:00,   14.952332,    0.905693
2011-08-18 25:00:00,   15.315621,    0.906506
2011-08-19 25:00:00,   15.787212,    0.906321
2011-08-20 25:00:00,   17.023131,    0.907007
2011-08-21 25:00:00,   17.312731,    0.889202
2011-08-22 25:00:00,   17.424113,    0.888397
2011-08-23 25:00:00,   16.923166,    0.883743
2011-08-24 25:00:00,   16.499431,    0.881276
2011-08-25 25:00:00,   16.828186,    0.882388
2011-08-26 25:00:00,   17.370114,    0.882419
2011-08-27 25:00:00,   17.606064,    0.883806
2011-08-28 25:00:00,   17.654633,    0.884609
2011-08-29 25:00:00,   18.185635,    0.884511
2011-08-30 25:00:00,   18.846869,    0.885694
2011-08-31 25:00:00,   19.693042,    0.886309
2011-09-01 25:00:00,   19.217147,    0.882870
2011-09-02 25:00:00,   17.706918,    0.881585
2011-09-03 25:00:00,   17.007095,    0.882667
2011-09-04 25:00:00,   17.004663,    0.883144
2011-09-05 25:00:00,   16.796140,    0.884360
2011-09-06 25:00:00,   16.847191,    0.885753
2011-09-07 25:00:00,   16.596352,    0.886670
2011-09-08 25:00:00,   16.633859,    0.887707
2011-09-09 25:00:00,   17.295886,    0.888894
2011-09-10 25:00:00,   17.621532,    0.889895
2011-09-11 25:00:00,   18.200667,    0.890750
2011-09-12 25:00:00,   18.770464,    0.891992
2011-09-13 25:00:00,   19.309623,    0.893019
2011-09-14 25:00:00,   20.226862,    0.893225
2011-09-15 25:00:00,   20.529951,    0.894745
2011-09-16 25:00:00,   19.881388,    0.895811
2011-09-17 25:00:00,   19.318902,    0.889718
2011-09-18 25:00:00,   17.780186,    0.870574
2011-09-19 25:00:00,   17.518457,    0.870018
2011-09-20 25:00:00,   18.158094,    0.866967
2011-09-21 25:00:00,   17.180670,    0.859320
2011-09-22 25:00:00,   16.834677,    0.860904
2011-09-23 25:00:00,   18.124168,    0.862268
2011-09-24 25:00:00,   18.678464,    0.863616
2011-09-25 25:00:00,   19.147474,    0.864255
2011-09-26 25:00:00,   17.719952,    0.863812
2011-09-27 25:00:00,   16.621597,    0.853392
2011-09-28 25:00:00,   18.285357,    0.856787
2011-09-29 25:00:00,   18.427804,    0.858055
2011-09-30 25:00:00,   17.875016,    0.858933
2011-10-01 25:00:00,   19.853613,    0.859804
2011-10-02 25:00:00,   19.305459,    0.847024
2011-10-03 25:00:00,   19.454942,    0.849906
2011-10-04 25:00:00,   20.455261,    0.851435
2011-10-05 25:00:00,   20.797672,    0.852433
2011-10-06 25:00:00,   21.341660,    0.853493
2011-10-07 25:00:00,   22.416971,    0.855071
2011-10-08 25:00:00,   23.225410,    0.856291
2011-10-09 25:00:00,   22.101207,    0.857903
2011-10-10 25:00:00,   22.862354,    0.860123
2011-10-11 25:00:00,   22.994178,    0.860773
2011-10-12 25:00:00,   23.022014,    0.862426
2011-10-13 25:00:00,   21.787208,    0.864515
2011-10-14 25:00:00,   21.719509,    0.866225
2011-10-15 25:00:00,   22.412505,    0.867176
2011-10-16 25:00:00,   22.694693,    0.869153
2011-10-17 25:00:00,   22.751417,    0.870681
2011-10-18 25:00:00,   21.859589,    0.859611
2011-10-19 25:00:00,   21.689216,    0.862655
2011-10-20 25:00:00,   21.723878,    0.864243
2011-10-21 25:00:00,   22.629695,    0.866442
2011-10-22 25:00:00,   22.088580,    0.866887
2011-10-23 25:00:00,   22.114178,    0.868271
2011-10-24 25:00:00,   21.519783,    0.869114
2011-10-25 25:00:00,   21.515028,    0.861409
2011-10-26 25:00:00,   21.617991,    0.861439
2011-10-27 25:00:00,   22.612883,    0.863011
2011-10-28 25:00:00,   22.285238,    0.864522
2011-10-29 25:00:00,   22.747962,    0.867516
2011-10-30 25:00:00,   22.969836,    0.869559
2011-10-31 25:00:00,   23.342532,    0.871828
2011-11-01 25:00:00,   24.418552,    0.874405
2011-11-02 25:00:00,   25.103638,    0.870248
2011-11-03 25:00:00,   24.930389,    0.871278
2011-11-04 25:00:00,   24.816789,    0.874113
2011-11-05 25:00:00,   22.901751,    0.860230
2011-11-06 25:00:00,   23.386090,    0.845361
2011-11-07 25:00:00,   22.294952,    0.850143
2011-11-08 25:00:00,   20.858321,    0.849962
2011-11-09 25:00:00,   21.874887,    0.852196
2011-11-10 25:00:00,   22.899693,    0.852198
2011-11-11 25:00:00,   23.156746,    0.856115
2011-11-12 25:00:00,   23.899625,    0.858275
2011-11-13 25:00:00,   24.011550,    0.861138
2011-11-14 25:00:00,   23.869769,    0.862123
2011-11-15 25:00:00,   23.589839,    0.863958
2011-11-16 25:00:00,   24.126993,    0.866129
2011-11-17 25:00:00,   23.597248,    0.865373
2011-11-18 25:00:00,   23.623152,    0.868021
2011-11-19 25:00:00,   23.384141,    0.870522
2011-11-20 25:00:00,   23.468690,    0.873017
2011-11-21 25:00:00,   23.671205,    0.874704
2011-11-22 25:00:00,   24.884406,    0.877813
2011-11-23 25:00:00,   25.538700,    0.882021
2011-11-24 25:00:00,   25.353474,    0.884455
2011-11-25 25:00:00,   25.444410,    0.886427
2011-11-26 25:00:00,   23.782386,    0.888375
2011-11-27 25:00:00,   22.994895,    0.890466
2011-11-28 25:00:00,   22.956236,    0.892923
2011-11-29 25:00:00,   22.777295,    0.895677
2011-11-30 25:00:00,   22.759430,    0.897297
2011-12-01 25:00:00,   23.720938,    0.901604
2011-12-02 25:00:00,   24.298599,    0.904625
2011-12-03 25:00:00,   25.038614,    0.907693
2011-12-04 25:00:00,   26.177696,    0.909279
2011-12-05 25:00:00,   26.689155,    0.913015
2011-12-06 25:00:00,   24.889895,    0.879882
2011-12-07 25:00:00,   24.732888,    0.883335
2011-12-08 25:00:00,   24.219878,    0.880154
2011-12-09 25:00:00,   24.706219,    0.876518
2011-12-10 25:00:00,   25.816696,    0.879282
2011-12-11 25:00:00,   26.413558,    0.881796
2011-12-12 25:00:00,   23.598603,    0.820115
2011-12-13 25:00:00,   22.546560,    0.826983
2011-12-14 25:00:00,   23.678998,    0.825432
2011-12-15 25:00:00,   23.374508,    0.823531
2011-12-16 25:00:00,   24.541201,    0.825724
2011-12-17 25:00:00,   25.800261,    0.828176
2011-12-18 25:00:00,   26.027028,    0.830943
2011-12-19 25:00:00,   25.892901,    0.833478
2011-12-20 25:00:00,   26.391121,    0.836946
2011-12-21 25:00:00,   26.497728,    0.838932
2011-12-22 25:00:00,   26.384978,    0.840856
2011-12-23 25:00:00,   26.070275,    0.844104
2011-12-24 25:00:00,   26.191641,    0.847130
2011-12-25 25:00:00,   26.055988,    0.849030
2011-12-26 25:00:00,   26.019318,    0.851134
2011-12-27 25:00:00,   26.340984,    0.854353
2011-12-28 25:00:00,   26.693767,    0.857645
2011-12-29 25:00:00,   27.873754,    0.860422
2011-12-30 25:00:00,   28.125497,    0.863708
2011-12-31 25:00:00,   27.650602,    0.866470
2012-01-01 25:00:00,   27.184202,    0.868612
2012-01-02 25:00:00,   26.959892,    0.871169
2012-01-03 25:00:00,   26.301197,    0.874515
2012-01-04 25:00:00,   26.597738,    0.877793
2012-01-05 25:00:00,   27.151480,    0.880198
2012-01-06 25:00:00,   26.201580,    0.882756
2012-01-07 25:00:00,   25.366576,    0.885601
2012-01-08 25:00:00,   25.225253,    0.888428
2012-01-09 25:00:00,   25.551123,    0.890863
2012-01-10 25:00:00,   26.100178,    0.893411
2012-01-11 25:00:00,   26.607943,    0.896726
2012-01-12 25:00:00,   27.840481,    0.901083
2012-01-13 25:00:00,   28.279305,    0.903664
2012-01-14 25:00:00,   29.048131,    0.904310
2012-01-15 25:00:00,   29.402832,    0.907626
2012-01-16 25:00:00,   27.390932,    0.910709
2012-01-17 25:00:00,   26.891076,    0.913070
2012-01-18 25:00:00,   27.362199,    0.917186
2012-01-19 25:00:00,   28.785940,    0.920630
2012-01-20 25:00:00,   29.373586,    0.919871
2012-01-21 25:00:00,   30.380603,    0.916261
2012-01-22 25:00:00,   29.431945,    0.913692
2012-01-23 25:00:00,   28.738901,    0.918033
2012-01-24 25:00:00,   29.399954,    0.918883
2012-01-25 25:00:00,   29.786000,    0.920204
2012-01-26 25:00:00,   30.293404,    0.920555
2012-01-27 25:00:00,   30.943123,    0.923408
2012-01-28 25:00:00,   30.976254,    0.925754
2012-01-29 25:00:00,   28.340621,    0.929557
2012-01-30 25:00:00,   27.230359,    0.932535
2012-01-31 25:00:00,   27.671710,    0.936637
2012-02-01 25:00:00,   27.414151,    0.939236
2012-02-02 25:00:00,   27.071708,    0.930513
2012-02-03 25:00:00,   26.307889,    0.934602
2012-02-04 25:00:00,   25.205737,    0.936417
2012-02-05 25:00:00,   25.235569,    0.938154
2012-02-06 25:00:00,   25.343899,    0.940949
2012-02-07 25:00:00,   25.636050,    0.943810
2012-02-08 25:00:00,   26.048713,    0.947677
2012-02-09 25:00:00,   26.428056,    0.949147
2012-02-10 25:00:00,   28.067227,    0.951996
2012-02-11 25:00:00,   27.910811,    0.956202
2012-02-12 25:00:00,   27.107626,    0.958562
2012-02-13 25:00:00,   27.654936,    0.960961
2012-02-14 25:00:00,   27.506257,    0.960897
2012-02-15 25:00:00,   27.185347,    0.963373
2012-02-16 25:00:00,   27.057322,    0.965326
2012-02-17 25:00:00,   27.055162,    0.968005
2012-02-18 25:00:00,   26.780648,    0.968044
2012-02-19 25:00:00,   27.162117,    0.969865
2012-02-20 25:00:00,   27.336294,    0.972714
2012-02-21 25:00:00,   28.028112,    0.974555
2012-02-22 25:00:00,   28.812449,    0.976606
2012-02-23 25:00:00,   27.859111,    0.978887
2012-02-24 25:00:00,   26.903406,    0.979709
2012-02-25 25:00:00,   26.247868,    0.980408
2012-02-26 25:00:00,   25.515497,    0.982010
2012-02-27 25:00:00,   25.385679,    0.982654
2012-02-28 25:00:00,   25.126383,    0.984736
2012-02-29 25:00:00,   24.882950,    0.987124
2012-03-01 25:00:00,   24.571326,    0.987313
2012-03-02 25:00:00,   24.454656,    0.988357
2012-03-03 25:00:00,   24.344170,    0.989517
2012-03-04 25:00:00,   25.447088,    0.991301
2012-03-05 25:00:00,   26.122628,    0.991292
2012-03-06 25:00:00,   26.393533,    0.995862
2012-03-07 25:00:00,   25.738282,    0.996869
2012-03-08 25:00:00,   25.464532,    0.997572
2012-03-09 25:00:00,   25.914742,    0.998329
2012-03-10 25:00:00,   26.862267,    1.000604
2012-03-11 25:00:00,   27.120218,    1.002215
2012-03-12 25:00:00,   27.113382,    1.004356
2012-03-13 25:00:00,   25.982242,    1.005751
2012-03-14 25:00:00,   25.200568,    1.007715
2012-03-15 25:00:00,   24.577279,    1.008559
2012-03-16 25:00:00,   24.317362,    1.009950
2012-03-17 25:00:00,   24.463380,    1.011896
2012-03-18 25:00:00,   24.738506,    1.012792
2012-03-19 25:00:00,   24.272044,    1.015027
2012-03-20 25:00:00,   23.876267,    1.015481
2012-03-21 25:00:00,   23.703773,    1.017431
2012-03-22 25:00:00,   23.345668,    1.016712
2012-03-23 25:00:00,   23.305396,    1.018073
2012-03-24 25:00:00,   23.611632,    1.019022
2012-03-25 25:00:00,   23.433621,    1.020213
2012-03-26 25:00:00,   23.635790,    1.021720
2012-03-27 25:00:00,   23.740306,    1.022722
2012-03-28 25:00:00,   23.801649,    1.023754
2012-03-29 25:00:00,   23.796264,    1.025140
2012-03-30 25:00:00,   22.769962,    1.024524
2012-03-31 25:00:00,   22.670433,    1.025228
2012-04-01 25:00:00,   22.362985,    1.025927
2012-04-02 25:00:00,   22.032240,    1.023970
2012-04-03 25:00:00,   22.393606,    1.025233
2012-04-04 25:00:00,   22.184329,    1.025496
2012-04-05 25:00:00,   21.559205,    1.026222
2012-04-06 25:00:00,   21.041606,    1.026249
2012-04-07 25:00:00,   21.483661,    1.027108
2012-04-08 25:00:00,   22.466698,    1.028378
2012-04-09 25:00:00,   22.668743,    1.028290
2012-04-10 25:00:00,   23.119524,    1.029088
2012-04-11 25:00:00,   23.102469,    1.031881
2012-04-12 25:00:00,   22.826496,    1.032396
2012-04-13 25:00:00,   22.708243,    1.033782
2012-04-14 25:00:00,   22.830293,    1.034686
2012-04-15 25:00:00,   23.148802,    1.036117
2012-04-16 25:00:00,   23.326566,    1.037065
2012-04-17 25:00:00,   22.677470,    1.037627
2012-04-18 25:00:00,   21.832160,    1.036137
2012-04-19 25:00:00,   21.565322,    1.036057
2012-04-20 25:00:00,   21.181552,    1.036173
2012-04-21 25:00:00,   21.028996,    1.036196
2012-04-22 25:00:00,   20.940220,    1.034074
2012-04-23 25:00:00,   20.777117,    1.034311
2012-04-24 25:00:00,   20.152406,    1.034995
2012-04-25 25:00:00,   19.674111,    1.034840
2012-04-26 25:00:00,   20.706989,    1.036651
2012-04-27 25:00:00,   19.813199,    1.037085
2012-04-28 25:00:00,   19.167701,    1.036573
2012-04-29 25:00:00,   19.436069,    1.029923
2012-04-30 25:00:00,   19.618467,    1.031342
2012-05-01 25:00:00,   19.272763,    1.033137
2012-05-02 25:00:00,   19.280121,    1.034638
2012-05-03 25:00:00,   19.963280,    1.035151
2012-05-04 25:00:00,   19.512408,    0.968221
2012-05-05 25:00:00,   19.594715,    0.958693
2012-05-06 25:00:00,   19.072851,    0.939170
2012-05-07 25:00:00,   18.386807,    0.968219
2012-05-08 25:00:00,   17.936869,    0.974632
2012-05-09 25:00:00,   18.249833,    0.973501
2012-05-10 25:00:00,   18.519818,    0.958930
2012-05-11 25:00:00,   18.397663,    0.962796
2012-05-12 25:00:00,   18.490060,    0.968906
2012-05-13 25:00:00,   18.034292,    0.968798
2012-05-14 25:00:00,   18.586227,    0.969676
2012-05-15 25:00:00,   18.497749,    0.970117
2012-05-16 25:00:00,   18.692739,    0.970670
2012-05-17 25:00:00,   18.252902,    0.970738
2012-05-18 25:00:00,   18.343830,    0.970944
2012-05-19 25:00:00,   18.557061,    0.971731
2012-05-20 25:00:00,   18.299912,    0.972240
2012-05-21 25:00:00,   18.022719,    0.972426
2012-05-22 25:00:00,   17.803537,    0.973832
2012-05-23 25:00:00,   17.654851,    0.976532
2012-05-24 25:00:00,   17.452410,    0.979196
2012-05-25 25:00:00,   16.981014,    0.979704
2012-05-26 25:00:00,   16.691072,    0.982634
2012-05-27 25:00:00,   17.049940,    0.986552
2012-05-28 25:00:00,   17.185731,    0.987111
2012-05-29 25:00:00,   16.773588,    0.987559
2012-05-30 25:00:00,   16.693935,    0.989457
2012-05-31 25:00:00,   16.320426,    0.983251
2012-06-01 25:00:00,   16.513552,    0.959618
2012-06-02 25:00:00,   16.962366,    0.963282
2012-06-03 25:00:00,   16.016908,    0.967731
2012-06-04 25:00:00,   16.031052,    0.974370
2012-06-05 25:00:00,   15.802502,    0.975700
2012-06-06 25:00:00,   15.291722,    0.989343
2012-06-07 25:00:00,   15.275105,    0.964965
2012-06-08 25:00:00,   16.175264,    0.968734
2012-06-09 25:00:00,   16.503634,    0.969599
2012-06-10 25:00:00,   15.647906,    0.969067
2012-06-11 25:00:00,   15.332998,    0.974363
2012-06-12 25:00:00,   15.144675,    0.974581
2012-06-13 25:00:00,   14.847412,    0.989520
2012-06-14 25:00:00,   14.606753,    0.986043
2012-06-15 25:00:00,   14.945455,    0.989256
2012-06-16 25:00:00,   15.028913,    0.989677
2012-06-17 25:00:00,   15.260659,    0.989863
2012-06-18 25:00:00,   15.367688,    0.990204
2012-06-19 25:00:00,   15.695661,    0.985596
2012-06-20 25:00:00,   15.049539,    0.980919
2012-06-21 25:00:00,   15.026861,    0.981845
2012-06-22 25:00:00,   15.094583,    0.982790
2012-06-23 25:00:00,   14.473421,    0.986072
2012-06-24 25:00:00,   14.442800,    0.990716
2012-06-25 25:00:00,   14.028745,    0.999162
2012-06-26 25:00:00,   13.863125,    0.999604
2012-06-27 25:00:00,   14.038960,    1.017552
2012-06-28 25:00:00,   14.107536,    1.023976
2012-06-29 25:00:00,   15.000431,    1.024559
2012-06-30 25:00:00,   14.581998,    1.024847
2012-07-01 25:00:00,   14.745372,    1.025305
2012-07-02 25:00:00,   14.766467,    1.025574
2012-07-03 25:00:00,   14.402745,    1.026043
2012-07-04 25:00:00,   14.293311,    1.029257
2012-07-05 25:00:00,   13.965807,    1.052408
2012-07-06 25:00:00,   14.082670,    1.057047
2012-07-07 25:00:00,   14.621965,    1.057957
2012-07-08 25:00:00,   14.031282,    1.058041
2012-07-09 25:00:00,   13.946203,    1.058671
2012-07-10 25:00:00,   13.649346,    1.045469
2012-07-11 25:00:00,   13.483127,    1.047196
2012-07-12 25:00:00,   13.624147,    1.047901
2012-07-13 25:00:00,   13.393946,    1.047757
2012-07-14 25:00:00,   13.879199,    1.048394
2012-07-15 25:00:00,   13.724878,    1.048525
2012-07-16 25:00:00,   13.549327,    1.041773
2012-07-17 25:00:00,   13.837688,    1.043105
2012-07-18 25:00:00,   13.810574,    1.043209
2012-07-19 25:00:00,   13.904051,    1.043639
2012-07-20 25:00:00,   13.994573,    1.044078
2012-07-21 25:00:00,   14.105530,    1.043701
2012-07-22 25:00:00,   14.359232,    1.044561
2012-07-23 25:00:00,   13.612176,    1.044609
2012-07-24 25:00:00,   13.725151,    1.045896
2012-07-25 25:00:00,   13.539180,    1.045701
2012-07-26 25:00:00,   14.151614,    1.046611
2012-07-27 25:00:00,   14.178780,    1.047097
2012-07-28 25:00:00,   14.313835,    1.047649
2012-07-29 25:00:00,   13.836635,    1.047912
2012-07-30 25:00:00,   13.639147,    1.047709
2012-07-31 25:00:00,   13.848368,    1.040464
2012-08-01 25:00:00,   13.995489,    1.035399
2012-08-02 25:00:00,   13.954612,    1.034079
2012-08-03 25:00:00,   14.097082,    1.033340
2012-08-04 25:00:00,   14.678202,    1.028629
2012-08-05 25:00:00,   14.988228,    1.029250
2012-08-06 25:00:00,   14.979183,    1.025951
2012-08-07 25:00:00,   14.844931,    1.019228
2012-08-08 25:00:00,   15.307671,    1.012716
2012-08-09 25:00:00,   15.382362,    1.006200
2012-08-10 25:00:00,   15.609194,    1.006038
2012-08-11 25:00:00,   16.183437,    1.006663
2012-08-12 25:00:00,   15.365877,    0.975498
2012-08-13 25:00:00,   15.523486,    0.978773
2012-08-14 25:00:00,   15.253025,    0.977600
2012-08-15 25:00:00,   15.827684,    0.979876
2012-08-16 25:00:00,   15.978685,    0.980708
2012-08-17 25:00:00,   15.502094,    0.980893
2012-08-18 25:00:00,   16.244514,    0.981515
2012-08-19 25:00:00,   16.297387,    0.981473
2012-08-20 25:00:00,   17.296903,    0.981942
2012-08-21 25:00:00,   16.572625,    0.977161
2012-08-22 25:00:00,   15.698519,    0.978373
2012-08-23 25:00:00,   15.849618,    0.978919
2012-08-24 25:00:00,   15.744511,    0.979430
2012-08-25 25:00:00,   16.602632,    0.979526
2012-08-26 25:00:00,   16.653149,    0.980475
2012-08-27 25:00:00,   17.073434,    0.980902
2012-08-28 25:00:00,   16.846962,    0.981430
2012-08-29 25:00:00,   17.609490,    0.982394
2012-08-30 25:00:00,   17.921738,    0.982211
2012-08-31 25:00:00,   17.206201,    0.977619
2012-09-01 25:00:00,   17.696790,    0.978908
2012-09-02 25:00:00,   17.851662,    0.979646
2012-09-03 25:00:00,   16.704482,    0.971787
2012-09-04 25:00:00,   15.453683,    0.970039
2012-09-05 25:00:00,   15.082015,    0.960532
2012-09-06 25:00:00,   15.438376,    0.952950
2012-09-07 25:00:00,   15.758797,    0.954029
2012-09-08 25:00:00,   16.583730,    0.955101
2012-09-09 25:00:00,   17.458648,    0.955386
2012-09-10 25:00:00,   18.586274,    0.956550
2012-09-11 25:00:00,   18.767151,    0.957335
2012-09-12 25:00:00,   18.237389,    0.958650
2012-09-13 25:00:00,   17.783094,    0.958655
2012-09-14 25:00:00,   18.187820,    0.959568
2012-09-15 25:00:00,   18.662951,    0.960752
2012-09-16 25:00:00,   19.525031,    0.962592
2012-09-17 25:00:00,   19.183831,    0.962013
2012-09-18 25:00:00,   19.554780,    0.944979
2012-09-19 25:00:00,   20.005904,    0.946072
2012-09-20 25:00:00,   19.572772,    0.947906
2012-09-21 25:00:00,   17.857587,    0.947116
2012-09-22 25:00:00,   17.100285,    0.946906
2012-09-23 25:00:00,   17.583350,    0.948181
2012-09-24 25:00:00,   17.651343,    0.949010
2012-09-25 25:00:00,   17.388597,    0.940084
2012-09-26 25:00:00,   16.605967,    0.938850
2012-09-27 25:00:00,   15.866735,    0.939252
2012-09-28 25:00:00,   17.211754,    0.940590
2012-09-29 25:00:00,   17.956676,    0.941981
2012-09-30 25:00:00,   18.982221,    0.943160
2012-10-01 25:00:00,   20.021899,    0.945851
2012-10-02 25:00:00,   19.899474,    0.945747
2012-10-03 25:00:00,   19.806648,    0.948040
2012-10-04 25:00:00,   19.920348,    0.947965
2012-10-05 25:00:00,   20.061510,    0.950089
2012-10-06 25:00:00,   20.588931,    0.951583
2012-10-07 25:00:00,   20.747611,    0.953578
2012-10-08 25:00:00,   21.056693,    0.955527
2012-10-09 25:00:00,   20.975864,    0.955181
2012-10-10 25:00:00,   21.162569,    0.957605
2012-10-11 25:00:00,   21.012462,    0.960356
2012-10-12 25:00:00,   21.579969,    0.961787
2012-10-13 25:00:00,   20.623041,    0.961144
2012-10-14 25:00:00,   19.990579,    0.962632
2012-10-15 25:00:00,   20.169890,    0.963773
2012-10-16 25:00:00,   20.447596,    0.965208
2012-10-17 25:00:00,   21.412666,    0.966955
2012-10-18 25:00:00,   22.582463,    0.967056
2012-10-19 25:00:00,   22.623026,    0.970539
2012-10-20 25:00:00,   23.092044,    0.971884
2012-10-21 25:00:00,   23.861282,    0.974011
2012-10-22 25:00:00,   22.522366,    0.974236
2012-10-23 25:00:00,   21.986688,    0.976288
2012-10-24 25:00:00,   21.787956,    0.975449
2012-10-25 25:00:00,   22.016579,    0.977400
2012-10-26 25:00:00,   22.247316,    0.979737
2012-10-27 25:00:00,   22.784911,    0.981973
2012-10-28 25:00:00,   23.566690,    0.983684
2012-10-29 25:00:00,   23.511328,    0.985357
2012-10-30 25:00:00,   22.540431,    0.986802
2012-10-31 25:00:00,   21.708205,    0.989411
2012-11-01 25:00:00,   21.405570,    0.990012
2012-11-02 25:00:00,   22.218377,    0.991686
2012-11-03 25:00:00,   21.727224,    0.993563
2012-11-04 25:00:00,   20.322022,    0.983720
2012-11-05 25:00:00,   19.710802,    0.980957
2012-11-06 25:00:00,   20.797400,    0.982652
2012-11-07 25:00:00,   21.603804,    0.984997
2012-11-08 25:00:00,   21.797631,    0.985982
2012-11-09 25:00:00,   23.029072,    0.988013
2012-11-10 25:00:00,   23.224347,    0.991096
2012-11-11 25:00:00,   22.535096,    0.992629
2012-11-12 25:00:00,   22.605656,    0.994439
2012-11-13 25:00:00,   22.550919,    0.996347
2012-11-14 25:00:00,   22.975946,    0.998864
2012-11-15 25:00:00,   23.459662,    1.000869
2012-11-16 25:00:00,   24.164691,    1.003630
2012-11-17 25:00:00,   24.955483,    1.007071
2012-11-18 25:00:00,   24.253474,    1.009683
2012-11-19 25:00:00,   24.863292,    1.012185
2012-11-20 25:00:00,   24.784463,    1.014736
2012-11-21 25:00:00,   24.817374,    1.013195
2012-11-22 25:00:00,   25.936808,    1.014199
2012-11-23 25:00:00,   25.190064,    1.016549
2012-11-24 25:00:00,   24.511502,    1.018625
2012-11-25 25:00:00,   25.143568,    1.020525
2012-11-26 25:00:00,   26.106273,    1.022947
2012-11-27 25:00:00,   25.254408,    1.025325
2012-11-28 25:00:00,   22.125708,    1.013041
2012-11-29 25:00:00,   20.361389,    1.008860
2012-11-30 25:00:00,   20.281618,    1.010334
2012-12-01 25:00:00,   21.088661,    1.011660
2012-12-02 25:00:00,   22.289896,    1.014211
2012-12-03 25:00:00,   23.404020,    1.017170
2012-12-04 25:00:00,   24.942732,    1.018693
2012-12-05 25:00:00,   25.952745,    1.024818
2012-12-06 25:00:00,   25.352288,    1.027118
2012-12-07 25:00:00,   24.221341,    1.027873
2012-12-08 25:00:00,   24.287207,    1.027773
2012-12-09 25:00:00,   25.151458,    1.031034
2012-12-10 25:00:00,   26.384638,    1.034282
2012-12-11 25:00:00,   27.199041,    1.034601
2012-12-12 25:00:00,   26.216241,    1.026570
2012-12-13 25:00:00,   24.866715,    0.974639
2012-12-14 25:00:00,   24.657771,    0.942308
2012-12-15 25:00:00,   25.178398,    0.946046
2012-12-16 25:00:00,   25.753401,    0.947820
2012-12-17 25:00:00,   26.642417,    0.950851
2012-12-18 25:00:00,   25.397242,    0.953164
2012-12-19 25:00:00,   25.404140,    0.957678
2012-12-20 25:00:00,   26.023590,    0.960340
2012-12-21 25:00:00,   25.621384,    0.963254
2012-12-22 25:00:00,   25.797259,    0.966404
2012-12-23 25:00:00,   26.048255,    0.969346
2012-12-24 25:00:00,   26.514213,    0.971491
2012-12-25 25:00:00,   27.278890,    0.974624
2012-12-26 25:00:00,   27.436376,    0.979556
2012-12-27 25:00:00,   28.693933,    0.982769
2012-12-28 25:00:00,   29.433609,    0.984829
2012-12-29 25:00:00,   29.321316,    0.988466
2012-12-30 25:00:00,   30.276388,    0.992452
2012-12-31 25:00:00,   31.258060,    0.996505
2013-01-01 25:00:00,   30.051050,    0.998635
2013-01-02 25:00:00,   29.682544,    1.001063
2013-01-03 25:00:00,   27.796374,    1.002940
2013-01-04 25:00:00,   26.840153,    1.005919
2013-01-05 25:00:00,   27.704150,    1.009733
2013-01-06 25:00:00,   26.876902,    1.010381
2013-01-07 25:00:00,   26.558280,    1.010231
2013-01-08 25:00:00,   27.500936,    1.011723
2013-01-09 25:00:00,   26.558467,    1.015728
2013-01-10 25:00:00,   26.140687,    1.018295
2013-01-11 25:00:00,   25.932733,    1.021993
2013-01-12 25:00:00,   26.323106,    1.024945
2013-01-13 25:00:00,   25.229085,    1.025540
2013-01-14 25:00:00,   27.741794,    1.027731
2013-01-15 25:00:00,   29.605078,    1.030605
2013-01-16 25:00:00,   25.935371,    1.031476
2013-01-17 25:00:00,   24.445142,    1.033352
2013-01-18 25:00:00,   24.256518,    1.030879
2013-01-19 25:00:00,   25.361342,    1.034762
2013-01-20 25:00:00,   26.084542,    1.037287
2013-01-21 25:00:00,   25.881399,    1.040988
2013-01-22 25:00:00,   26.399318,    1.043656
2013-01-23 25:00:00,   25.770747,    1.047653
2013-01-24 25:00:00,   25.319499,    1.050450
2013-01-25 25:00:00,   25.583813,    1.052985
2013-01-26 25:00:00,   26.026102,    1.055343
2013-01-27 25:00:00,   26.687069,    1.059615
2013-01-28 25:00:00,   26.569580,    1.062636
2013-01-29 25:00:00,   26.306430,    1.064265
2013-01-30 25:00:00,   26.516212,    1.066846
2013-01-31 25:00:00,   26.565074,    1.069240
2013-02-01 25:00:00,   26.487884,    1.071694
2013-02-02 25:00:00,   27.447682,    1.074588
2013-02-03 25:00:00,   28.370342,    1.078338
2013-02-04 25:00:00,   28.243629,    1.080960
2013-02-05 25:00:00,   26.946143,    1.081496
2013-02-06 25:00:00,   26.073045,    1.083489
2013-02-07 25:00:00,   25.991586,    1.085180
2013-02-08 25:00:00,   26.362577,    1.088258
2013-02-09 25:00:00,   26.708188,    1.091190
2013-02-10 25:00:00,   26.884068,    1.094402
2013-02-11 25:00:00,   26.710233,    1.097259
2013-02-12 25:00:00,   27.915673,    1.101331
2013-02-13 25:00:00,   28.802349,    1.104652
2013-02-14 25:00:00,   27.514850,    1.107954
2013-02-15 25:00:00,   27.658406,    1.108171
2013-02-16 25:00:00,   28.002925,    1.110415
2013-02-17 25:00:00,   25.748847,    1.108235
2013-02-18 25:00:00,   25.790450,    1.107823
2013-02-19 25:00:00,   25.680846,    1.109052
2013-02-20 25:00:00,   26.321276,    1.110611
2013-02-21 25:00:00,   26.947027,    1.110995
2013-02-22 25:00:00,   25.551427,    1.114335
2013-02-23 25:00:00,   25.322591,    1.114775
2013-02-24 25:00:00,   25.269759,    1.116305
2013-02-25 25:00:00,   25.621715,    1.117864
2013-02-26 25:00:00,   26.739676,    1.121335
2013-02-27 25:00:00,   26.838315,    1.124059
2013-02-28 25:00:00,   26.548872,    1.125222
2013-03-01 25:00:00,   26.392812,    1.125906
2013-03-02 25:00:00,   27.088905,    1.129009
2013-03-03 25:00:00,   28.059516,    1.130133
2013-03-04 25:00:00,   27.122515,    1.129904
2013-03-05 25:00:00,   26.960050,    1.131386
2013-03-06 25:00:00,   26.487610,    1.133514
2013-03-07 25:00:00,   26.337307,    1.133825
2013-03-08 25:00:00,   26.296236,    1.135877
2013-03-09 25:00:00,   26.345588,    1.137112
2013-03-10 25:00:00,   25.413427,    1.138043
2013-03-11 25:00:00,   24.621432,    1.136243
2013-03-12 25:00:00,   24.039565,    1.134649
2013-03-13 25:00:00,   24.462507,    1.136343
2013-03-14 25:00:00,   22.984367,    1.130154
2013-03-15 25:00:00,   23.768358,    1.127760
2013-03-16 25:00:00,   24.147303,    1.081531
2013-03-17 25:00:00,   25.122954,    1.112841
2013-03-18 25:00:00,   25.736066,    1.114416
2013-03-19 25:00:00,   25.591634,    1.116333
2013-03-20 25:00:00,   24.012644,    1.119529
2013-03-21 25:00:00,   23.164306,    1.121386
2013-03-22 25:00:00,   23.102495,    1.121451
2013-03-23 25:00:00,   23.462589,    1.122070
2013-03-24 25:00:00,   23.294087,    1.123180
2013-03-25 25:00:00,   22.870673,    1.105890
2013-03-26 25:00:00,   21.537471,    1.066109
2013-03-27 25:00:00,   22.031217,    1.066697
2013-03-28 25:00:00,   22.206959,    1.065373
2013-03-29 25:00:00,   22.139593,    1.065862
2013-03-30 25:00:00,   22.691680,    1.067530
2013-03-31 25:00:00,   22.871030,    1.069184
2013-04-01 25:00:00,   23.465233,    1.071674
2013-04-02 25:00:00,   23.368732,    1.071491
2013-04-03 25:00:00,   23.843200,    1.074426
2013-04-04 25:00:00,   24.794171,    1.075731
2013-04-05 25:00:00,   24.893765,    1.077757
2013-04-06 25:00:00,   24.205338,    1.080087
2013-04-07 25:00:00,   24.380893,    1.081234
2013-04-08 25:00:00,   25.201089,    1.083152
2013-04-09 25:00:00,   25.868718,    1.084480
2013-04-10 25:00:00,   26.017511,    1.086112
2013-04-11 25:00:00,   25.065327,    1.086593
2013-04-12 25:00:00,   23.840210,    1.081678
2013-04-13 25:00:00,   23.570920,    1.081319
2013-04-14 25:00:00,   23.936691,    1.081293
2013-04-15 25:00:00,   24.061433,    1.082901
2013-04-16 25:00:00,   24.189525,    1.083339
2013-04-17 25:00:00,   24.455227,    1.083312
2013-04-18 25:00:00,   24.383126,    1.084857
2013-04-19 25:00:00,   23.562922,    1.057432
2013-04-20 25:00:00,   22.608529,    1.061669
2013-04-21 25:00:00,   21.769367,    1.062645
2013-04-22 25:00:00,   22.111051,    1.060809
2013-04-23 25:00:00,   22.273328,    1.061841
2013-04-24 25:00:00,   21.614006,    1.061843
2013-04-25 25:00:00,   21.361819,    1.062416
2013-04-26 25:00:00,   21.883443,    1.063792
2013-04-27 25:00:00,   21.648354,    1.064195
2013-04-28 25:00:00,   21.253614,    1.064691
2013-04-29 25:00:00,   20.822146,    1.065076
2013-04-30 25:00:00,   21.081711,    1.065369
2013-05-01 25:00:00,   20.786184,    1.038773
2013-05-02 25:00:00,   20.496247,    1.049269
2013-05-03 25:00:00,   20.523375,    1.050337
2013-05-04 25:00:00,   20.680189,    1.051042
2013-05-05 25:00:00,   20.678933,    1.050867
2013-05-06 25:00:00,   20.874330,    1.052251
2013-05-07 25:00:00,   20.043710,    1.042951
2013-05-08 25:00:00,   19.208172,    1.021572
2013-05-09 25:00:00,   18.220755,    0.978799
2013-05-10 25:00:00,   17.687454,    0.945026
2013-05-11 25:00:00,   17.440768,    0.946168
2013-05-12 25:00:00,   17.656782,    0.947340
2013-05-13 25:00:00,   17.300285,    0.947947
2013-05-14 25:00:00,   17.230005,    0.949177
2013-05-15 25:00:00,   17.481930,    0.950112
2013-05-16 25:00:00,   17.090053,    0.940151
2013-05-17 25:00:00,   17.080102,    0.942601
2013-05-18 25:00:00,   16.914392,    0.942919
2013-05-19 25:00:00,   17.212300,    0.948509
2013-05-20 25:00:00,   16.538921,    0.923901
2013-05-21 25:00:00,   17.085936,    0.937860
2013-05-22 25:00:00,   17.365974,    0.938272
2013-05-23 25:00:00,   16.662119,    0.938965
2013-05-24 25:00:00,   16.685617,    0.941043
2013-05-25 25:00:00,   16.627559,    0.941821
2013-05-26 25:00:00,   16.826135,    0.941727
2013-05-27 25:00:00,   17.309224,    0.929443
2013-05-28 25:00:00,   17.191063,    0.930485
2013-05-29 25:00:00,   16.672204,    0.930038
2013-05-30 25:00:00,   15.724487,    0.918245
2013-05-31 25:00:00,   15.516252,    0.929749
2013-06-01 25:00:00,   15.154062,    0.935392
2013-06-02 25:00:00,   15.040193,    0.939209
2013-06-03 25:00:00,   15.298557,    0.939924
2013-06-04 25:00:00,   15.091200,    0.940161
2013-06-05 25:00:00,   15.180168,    0.938344
2013-06-06 25:00:00,   15.439606,    0.938829
2013-06-07 25:00:00,   15.088067,    0.938816
2013-06-08 25:00:00,   15.197695,    0.939057
2013-06-09 25:00:00,   15.960532,    0.938656
2013-06-10 25:00:00,   15.865631,    0.939452
2013-06-11 25:00:00,   15.281023,    0.939259
2013-06-12 25:00:00,   15.135066,    0.941653
2013-06-13 25:00:00,   15.380928,    0.945885
2013-06-14 25:00:00,   14.743328,    0.945989
2013-06-15 25:00:00,   15.220237,    0.955182
2013-06-16 25:00:00,   15.495596,    0.949982
2013-06-17 25:00:00,   15.043107,    0.953355
2013-06-18 25:00:00,   14.962600,    0.951112
2013-06-19 25:00:00,   14.998582,    0.951806
2013-06-20 25:00:00,   15.127391,    0.955050
2013-06-21 25:00:00,   14.582331,    0.956164
2013-06-22 25:00:00,   14.336520,    0.964489
2013-06-23 25:00:00,   14.096111,    0.978236
2013-06-24 25:00:00,   14.445170,    0.985659
2013-06-25 25:00:00,   14.597430,    0.986000
2013-06-26 25:00:00,   14.762725,    0.986469
2013-06-27 25:00:00,   14.998702,    0.986308
2013-06-28 25:00:00,   14.871633,    0.986908
2013-06-29 25:00:00,   15.136710,    0.987092
2013-06-30 25:00:00,   14.960465,    0.987336
2013-07-01 25:00:00,   15.191749,    0.987152
2013-07-02 25:00:00,   15.046785,    0.987997
2013-07-03 25:00:00,   14.519549,    0.985221
2013-07-04 25:00:00,   14.400428,    0.985036
2013-07-05 25:00:00,   14.420456,    0.986224
2013-07-06 25:00:00,   14.026053,    0.997387
2013-07-07 25:00:00,   14.142790,    1.014916
2013-07-08 25:00:00,   14.500739,    1.053897
2013-07-09 25:00:00,   13.896356,    1.047389
2013-07-10 25:00:00,   14.174729,    1.048021
2013-07-11 25:00:00,   14.520498,    0.994988
2013-07-12 25:00:00,   14.631048,    0.948345
2013-07-13 25:00:00,   14.529338,    0.990866
2013-07-14 25:00:00,   14.684212,    0.999257
2013-07-15 25:00:00,   14.974647,    1.002129
2013-07-16 25:00:00,   14.454816,    1.004823
2013-07-17 25:00:00,   13.882239,    1.007624
2013-07-18 25:00:00,   13.884134,    1.008545
2013-07-19 25:00:00,   13.803676,    1.017402
2013-07-20 25:00:00,   13.753817,    1.018729
2013-07-21 25:00:00,   13.684209,    1.019236
2013-07-22 25:00:00,   13.331347,    1.020678
2013-07-23 25:00:00,   13.239647,    0.998384
2013-07-24 25:00:00,   13.524391,    1.003373
2013-07-25 25:00:00,   13.644930,    1.000346
2013-07-26 25:00:00,   13.337711,    0.981020
2013-07-27 25:00:00,   13.378404,    0.975554
2013-07-28 25:00:00,   13.510630,    0.975716
2013-07-29 25:00:00,   13.792110,    0.974292
2013-07-30 25:00:00,   13.836889,    0.974263
2013-07-31 25:00:00,   14.370750,    0.972463
2013-08-01 25:00:00,   14.577905,    0.972326
2013-08-02 25:00:00,   15.167632,    0.969891
2013-08-03 25:00:00,   16.171700,    0.970457
2013-08-04 25:00:00,   15.213385,    0.971943
2013-08-05 25:00:00,   16.003114,    0.969033
2013-08-06 25:00:00,   16.572720,    0.967666
2013-08-07 25:00:00,   16.989279,    0.943514
2013-08-08 25:00:00,   16.690361,    0.939607
2013-08-09 25:00:00,   16.869918,    0.942460
2013-08-10 25:00:00,   16.634365,    0.927655
2013-08-11 25:00:00,   16.159172,    0.925781
2013-08-12 25:00:00,   16.094031,    0.934380
2013-08-13 25:00:00,   15.819579,    0.928651
2013-08-14 25:00:00,   15.579450,    0.930456
2013-08-15 25:00:00,   14.950960,    0.928645
2013-08-16 25:00:00,   14.606161,    0.928083
2013-08-17 25:00:00,   15.194165,    0.929296
2013-08-18 25:00:00,   15.332017,    0.929638
2013-08-19 25:00:00,   15.501011,    0.930197
2013-08-20 25:00:00,   16.164012,    0.929631
2013-08-21 25:00:00,   16.177150,    0.929081
2013-08-22 25:00:00,   16.573158,    0.929292
2013-08-23 25:00:00,   17.212098,    0.930738
2013-08-24 25:00:00,   17.308515,    0.930768
2013-08-25 25:00:00,   16.570878,    0.919005
2013-08-26 25:00:00,   16.190204,    0.910111
2013-08-27 25:00:00,   15.594583,    0.899353
2013-08-28 25:00:00,   15.716850,    0.898518
2013-08-29 25:00:00,   15.930022,    0.888275
2013-08-30 25:00:00,   16.151308,    0.880193
2013-08-31 25:00:00,   16.701183,    0.878957
2013-09-01 25:00:00,   17.937768,    0.879216
2013-09-02 25:00:00,   18.423211,    0.879344
2013-09-03 25:00:00,   17.652584,    0.876075
2013-09-04 25:00:00,   17.566142,    0.878538
2013-09-05 25:00:00,   17.839103,    0.879442
2013-09-06 25:00:00,   18.036771,    0.879863
2013-09-07 25:00:00,   17.641812,    0.879791
2013-09-08 25:00:00,   18.524539,    0.880246
2013-09-09 25:00:00,   19.400644,    0.881179
2013-09-10 25:00:00,   18.550840,    0.881365
2013-09-11 25:00:00,   17.183309,    0.861636
2013-09-12 25:00:00,   17.116163,    0.863204
2013-09-13 25:00:00,   16.993131,    0.861589
2013-09-14 25:00:00,   15.989586,    0.852904
2013-09-15 25:00:00,   16.922063,    0.831647
2013-09-16 25:00:00,   15.690683,    0.804333
2013-09-17 25:00:00,   15.851238,    0.806809
2013-09-18 25:00:00,   15.762301,    0.804289
2013-09-19 25:00:00,   15.767667,    0.804968
2013-09-20 25:00:00,   16.209248,    0.803285
2013-09-21 25:00:00,   17.009344,    0.804436
2013-09-22 25:00:00,   16.519084,    0.794483
2013-09-23 25:00:00,   16.733724,    0.794892
2013-09-24 25:00:00,   16.475590,    0.792749
2013-09-25 25:00:00,   17.265316,    0.794696
2013-09-26 25:00:00,   16.866697,    0.792323
2013-09-27 25:00:00,   17.923661,    0.792959
2013-09-28 25:00:00,   18.248696,    0.795019
2013-09-29 25:00:00,   17.378278,    0.771810
2013-09-30 25:00:00,   17.854957,    0.766086
2013-10-01 25:00:00,   18.320487,    0.740505
2013-10-02 25:00:00,   19.472863,    0.748600
2013-10-03 25:00:00,   20.843556,    0.750073
2013-10-04 25:00:00,   21.030529,    0.750714
2013-10-05 25:00:00,   20.816997,    0.743604
2013-10-06 25:00:00,   21.125137,    0.746539
2013-10-07 25:00:00,   21.406436,    0.748406
2013-10-08 25:00:00,   21.068055,    0.748080
2013-10-09 25:00:00,   20.980961,    0.736819
2013-10-10 25:00:00,   21.773430,    0.740020
2013-10-11 25:00:00,   19.702134,    0.743785
2013-10-12 25:00:00,   19.442716,    0.748203
2013-10-13 25:00:00,   19.827351,    0.750144
2013-10-14 25:00:00,   20.097117,    0.751737
2013-10-15 25:00:00,   20.584686,    0.752969
2013-10-16 25:00:00,   20.494231,    0.753224
2013-10-17 25:00:00,   21.771107,    0.753262
2013-10-18 25:00:00,   22.121668,    0.755902
2013-10-19 25:00:00,   20.013016,    0.744693
2013-10-20 25:00:00,   19.456174,    0.732647
2013-10-21 25:00:00,   20.207209,    0.737098
2013-10-22 25:00:00,   20.599138,    0.738509
2013-10-23 25:00:00,   20.701623,    0.741971
2013-10-24 25:00:00,   20.646839,    0.744194
2013-10-25 25:00:00,   21.457488,    0.744203
2013-10-26 25:00:00,   22.394916,    0.745729
2013-10-27 25:00:00,   23.351687,    0.747135
2013-10-28 25:00:00,   23.782409,    0.749043
2013-10-29 25:00:00,   24.437074,    0.751286
2013-10-30 25:00:00,   25.872369,    0.753192
2013-10-31 25:00:00,   24.586057,    0.754115
2013-11-01 25:00:00,   24.403914,    0.756216
2013-11-02 25:00:00,   24.074225,    0.758469
2013-11-03 25:00:00,   24.866679,    0.760386
2013-11-04 25:00:00,   25.257084,    0.762362
2013-11-05 25:00:00,   23.756547,    0.764297
2013-11-06 25:00:00,   22.898600,    0.765536
2013-11-07 25:00:00,   23.046380,    0.767047
2013-11-08 25:00:00,   23.458067,    0.769438
2013-11-09 25:00:00,   24.371899,    0.771726
2013-11-10 25:00:00,   25.142179,    0.774246
2013-11-11 25:00:00,   25.171935,    0.776055
2013-11-12 25:00:00,   24.021116,    0.777936
2013-11-13 25:00:00,   23.521075,    0.780285
2013-11-14 25:00:00,   24.021127,    0.782119
2013-11-15 25:00:00,   24.597236,    0.786211
2013-11-16 25:00:00,   25.781870,    0.786981
2013-11-17 25:00:00,   26.832918,    0.788826
2013-11-18 25:00:00,   24.725392,    0.791588
2013-11-19 25:00:00,   23.778173,    0.793643
2013-11-20 25:00:00,   23.576054,    0.795737
2013-11-21 25:00:00,   24.365160,    0.797857
2013-11-22 25:00:00,   25.147221,    0.799682
2013-11-23 25:00:00,   26.184039,    0.801954
2013-11-24 25:00:00,   24.653602,    0.803688
2013-11-25 25:00:00,   24.552176,    0.805513
2013-11-26 25:00:00,   24.712722,    0.807814
2013-11-27 25:00:00,   25.407932,    0.809867
2013-11-28 25:00:00,   25.625086,    0.812304
2013-11-29 25:00:00,   23.569710,    0.811275
2013-11-30 25:00:00,   23.579737,    0.812455
2013-12-01 25:00:00,   24.600115,    0.814379
2013-12-02 25:00:00,   24.330594,    0.816783
2013-12-03 25:00:00,   23.227148,    0.818910
2013-12-04 25:00:00,   24.287895,    0.821394
2013-12-05 25:00:00,   24.435472,    0.823351
2013-12-06 25:00:00,   25.032972,    0.826267
2013-12-07 25:00:00,   24.466025,    0.828320
2013-12-08 25:00:00,   23.864988,    0.830212
2013-12-09 25:00:00,   24.143964,    0.831309
2013-12-10 25:00:00,   24.475965,    0.833848
2013-12-11 25:00:00,   25.146721,    0.836313
2013-12-12 25:00:00,   26.152201,    0.839251
2013-12-13 25:00:00,   27.148401,    0.841709
2013-12-14 25:00:00,   28.027945,    0.845677
2013-12-15 25:00:00,   29.328906,    0.848159
2013-12-16 25:00:00,   29.399486,    0.851371
2013-12-17 25:00:00,   28.782960,    0.853054
2013-12-18 25:00:00,   26.569009,    0.853156
2013-12-19 25:00:00,   25.528950,    0.854136
2013-12-20 25:00:00,   25.037686,    0.855516
2013-12-21 25:00:00,   25.252524,    0.857741
2013-12-22 25:00:00,   25.266023,    0.859722
2013-12-23 25:00:00,   26.148853,    0.861579
2013-12-24 25:00:00,   26.606284,    0.863848
2013-12-25 25:00:00,   26.768597,    0.867509
2013-12-26 25:00:00,   26.920908,    0.869634
2013-12-27 25:00:00,   26.240501,    0.869722
2013-12-28 25:00:00,   26.346789,    0.873161
2013-12-29 25:00:00,   25.969355,    0.874582
2013-12-30 25:00:00,   26.688050,    0.876426
2013-12-31 25:00:00,   26.035105,    0.878941
2014-01-01 25:00:00,   26.388401,    0.881116
2014-01-02 25:00:00,   26.062855,    0.882437
2014-01-03 25:00:00,   25.309722,    0.884399
2014-01-04 25:00:00,   24.717627,    0.885319
2014-01-05 25:00:00,   25.319705,    0.886947
2014-01-06 25:00:00,   26.868732,    0.889526
2014-01-07 25:00:00,   26.782874,    0.892162
2014-01-08 25:00:00,   26.515331,    0.895314
2014-01-09 25:00:00,   26.371658,    0.897628
2014-01-10 25:00:00,   27.046528,    0.900017
2014-01-11 25:00:00,   28.228198,    0.903790
2014-01-12 25:00:00,   28.772344,    0.907895
2014-01-13 25:00:00,   27.180094,    0.910245
2014-01-14 25:00:00,   26.784840,    0.909801
2014-01-15 25:00:00,   26.633922,    0.911331
2014-01-16 25:00:00,   25.581358,    0.912950
2014-01-17 25:00:00,   25.929571,    0.912647
2014-01-18 25:00:00,   26.768739,    0.914496
2014-01-19 25:00:00,   27.378592,    0.918452
2014-01-20 25:00:00,   27.459040,    0.920541
2014-01-21 25:00:00,   27.678124,    0.923373
2014-01-22 25:00:00,   28.117626,    0.925731
2014-01-23 25:00:00,   28.450415,    0.928837
2014-01-24 25:00:00,   27.999177,    0.930649
2014-01-25 25:00:00,   27.699159,    0.931857
2014-01-26 25:00:00,   27.685261,    0.934393
2014-01-27 25:00:00,   26.197296,    0.934701
2014-01-28 25:00:00,   26.030045,    0.934076
2014-01-29 25:00:00,   26.176167,    0.936177
2014-01-30 25:00:00,   26.988719,    0.938480
2014-01-31 25:00:00,   26.801070,    0.941529
2014-02-01 25:00:00,   26.086076,    0.942988
2014-02-02 25:00:00,   25.943932,    0.939870
2014-02-03 25:00:00,   26.433268,    0.942052
2014-02-04 25:00:00,   26.920512,    0.944364
2014-02-05 25:00:00,   27.087412,    0.947646
2014-02-06 25:00:00,   27.005629,    0.949373
2014-02-07 25:00:00,   25.957939,    0.950740
2014-02-08 25:00:00,   25.314882,    0.951210
2014-02-09 25:00:00,   25.124610,    0.949238
2014-02-10 25:00:00,   24.615700,    0.951136
2014-02-11 25:00:00,   25.426049,    0.953573
2014-02-12 25:00:00,   25.505759,    0.954565
2014-02-13 25:00:00,   26.716259,    0.957112
2014-02-14 25:00:00,   27.394187,    0.959648
2014-02-15 25:00:00,   27.355753,    0.961720
2014-02-16 25:00:00,   26.055485,    0.963070
2014-02-17 25:00:00,   26.354762,    0.964538
2014-02-18 25:00:00,   26.267405,    0.966802
2014-02-19 25:00:00,   26.359023,    0.968266
2014-02-20 25:00:00,   26.681436,    0.970521
2014-02-21 25:00:00,   26.677150,    0.972518
2014-02-22 25:00:00,   26.670221,    0.975408
2014-02-23 25:00:00,   27.446637,    0.977884
2014-02-24 25:00:00,   27.097651,    0.979308
2014-02-25 25:00:00,   26.732072,    0.981096
2014-02-26 25:00:00,   26.401218,    0.979742
2014-02-27 25:00:00,   25.983992,    0.981273
2014-02-28 25:00:00,   26.286071,    0.983055
2014-03-01 25:00:00,   26.992175,    0.985695
2014-03-02 25:00:00,   27.138116,    0.987644
2014-03-03 25:00:00,   26.140230,    0.988465
2014-03-04 25:00:00,   25.553048,    0.986238
2014-03-05 25:00:00,   25.216354,    0.987104
2014-03-06 25:00:00,   26.006113,    0.989194
2014-03-07 25:00:00,   26.329557,    0.991942
2014-03-08 25:00:00,   25.168734,    0.992466
2014-03-09 25:00:00,   24.873185,    0.992698
2014-03-10 25:00:00,   24.309698,    0.993466
2014-03-11 25:00:00,   24.232019,    0.990657
2014-03-12 25:00:00,   24.933100,    0.992370
2014-03-13 25:00:00,   24.485886,    0.993631
2014-03-14 25:00:00,   23.604807,    0.993661
2014-03-15 25:00:00,   23.506208,    0.995570
2014-03-16 25:00:00,   23.897438,    0.996334
2014-03-17 25:00:00,   23.808655,    0.997948
2014-03-18 25:00:00,   24.024035,    0.998414
2014-03-19 25:00:00,   24.338432,    1.000369
2014-03-20 25:00:00,   24.160376,    1.002591
2014-03-21 25:00:00,   24.194698,    1.001734
2014-03-22 25:00:00,   24.351295,    1.004295
2014-03-23 25:00:00,   24.508592,    1.005380
2014-03-24 25:00:00,   24.285400,    1.006973
2014-03-25 25:00:00,   23.575053,    1.000741
2014-03-26 25:00:00,   23.648112,    1.001155
2014-03-27 25:00:00,   24.135893,    1.002415
2014-03-28 25:00:00,   24.991311,    1.003766
2014-03-29 25:00:00,   23.238674,    0.999173
2014-03-30 25:00:00,   22.461734,    0.995465
2014-03-31 25:00:00,   22.135763,    0.995107
2014-04-01 25:00:00,   21.838967,    0.994912
2014-04-02 25:00:00,   21.659402,    0.995497
2014-04-03 25:00:00,   21.771250,    0.994026
2014-04-04 25:00:00,   21.131586,    0.993917
2014-04-05 25:00:00,   21.687796,    0.993665
2014-04-06 25:00:00,   22.120309,    0.994787
2014-04-07 25:00:00,   22.200493,    0.996245
2014-04-08 25:00:00,   22.794987,    0.997466
2014-04-09 25:00:00,   23.099678,    0.998825
2014-04-10 25:00:00,   22.445879,    0.999371
2014-04-11 25:00:00,   23.327216,    1.000642
2014-04-12 25:00:00,   23.953624,    1.001687
2014-04-13 25:00:00,   24.467098,    1.002910
2014-04-14 25:00:00,   24.906779,    1.004063
2014-04-15 25:00:00,   24.610851,    1.005281
2014-04-16 25:00:00,   23.946256,    1.005670
2014-04-17 25:00:00,   23.512707,    1.006810
2014-04-18 25:00:00,   22.845405,    1.006651
2014-04-19 25:00:00,   22.190723,    1.006207
2014-04-20 25:00:00,   21.752582,    1.007034
2014-04-21 25:00:00,   21.441633,    1.006904
2014-04-22 25:00:00,   21.335076,    1.006269
2014-04-23 25:00:00,   21.095070,    1.006839
2014-04-24 25:00:00,   20.516727,    1.006672
2014-04-25 25:00:00,   20.872839,    1.005961
2014-04-26 25:00:00,   20.375757,    0.998304
2014-04-27 25:00:00,   20.477899,    0.999967
2014-04-28 25:00:00,   19.727617,    0.999543
2014-04-29 25:00:00,   19.685691,    0.998421
2014-04-30 25:00:00,   19.694146,    0.998679
2014-05-01 25:00:00,   19.247557,    0.998660
2014-05-02 25:00:00,   19.060791,    0.998283
2014-05-03 25:00:00,   19.689709,    0.998627
2014-05-04 25:00:00,   18.968226,    0.998971
2014-05-05 25:00:00,   18.642739,    0.997473
2014-05-06 25:00:00,   18.998887,    0.997245
2014-05-07 25:00:00,   18.788545,    0.974693
2014-05-08 25:00:00,   18.111054,    0.978539
2014-05-09 25:00:00,   18.266582,    0.975067
2014-05-10 25:00:00,   18.714210,    0.968786
2014-05-11 25:00:00,   18.703068,    0.969522
2014-05-12 25:00:00,   18.440196,    0.970140
2014-05-13 25:00:00,   18.671441,    0.970837
2014-05-14 25:00:00,   18.436391,    0.971207
2014-05-15 25:00:00,   18.740574,    0.969928
2014-05-16 25:00:00,   18.863310,    0.969134
2014-05-17 25:00:00,   19.131661,    0.958085
2014-05-18 25:00:00,   18.997901,    0.960797
2014-05-19 25:00:00,   19.113454,    0.961011
2014-05-20 25:00:00,   19.092451,    0.956913
2014-05-21 25:00:00,   19.008105,    0.957858
2014-05-22 25:00:00,   18.790665,    0.959895
2014-05-23 25:00:00,   18.327705,    0.952786
2014-05-24 25:00:00,   17.712491,    0.950774
2014-05-25 25:00:00,   17.492702,    0.948296
2014-05-26 25:00:00,   17.513114,    0.950233
2014-05-27 25:00:00,   17.477962,    0.945919
2014-05-28 25:00:00,   17.303874,    0.946703
2014-05-29 25:00:00,   17.732456,    0.948242
2014-05-30 25:00:00,   17.311428,    0.948743
2014-05-31 25:00:00,   16.667920,    0.950838
2014-06-01 25:00:00,   17.108536,    0.953688
2014-06-02 25:00:00,   17.624071,    0.953842
2014-06-03 25:00:00,   16.990984,    0.954012
2014-06-04 25:00:00,   17.211423,    0.954099
2014-06-05 25:00:00,   16.993737,    0.954738
2014-06-06 25:00:00,   16.717196,    0.956850
2014-06-07 25:00:00,   16.169814,    0.961500
2014-06-08 25:00:00,   15.875571,    0.966335
2014-06-09 25:00:00,   16.112161,    0.965321
2014-06-10 25:00:00,   15.684113,    0.966082
2014-06-11 25:00:00,   15.672337,    0.969683
2014-06-12 25:00:00,   15.578678,    0.970698
2014-06-13 25:00:00,   15.427029,    0.971634
2014-06-14 25:00:00,   15.470075,    0.976533
2014-06-15 25:00:00,   15.393462,    0.977706
2014-06-16 25:00:00,   15.156456,    0.978658
2014-06-17 25:00:00,   14.844875,    1.042773
2014-06-18 25:00:00,   14.825583,    1.059519
2014-06-19 25:00:00,   14.885260,    1.032838
2014-06-20 25:00:00,   14.914081,    1.001147
2014-06-21 25:00:00,   14.711527,    0.995452
2014-06-22 25:00:00,   14.343588,    0.995305
2014-06-23 25:00:00,   14.644293,    0.996178
2014-06-24 25:00:00,   14.586511,    0.996080
2014-06-25 25:00:00,   14.477034,    0.996241
2014-06-26 25:00:00,   14.156746,    0.996683
2014-06-27 25:00:00,   14.456938,    0.997693
2014-06-28 25:00:00,   14.218215,    0.997714
2014-06-29 25:00:00,   13.562389,    0.998189
2014-06-30 25:00:00,   13.447096,    0.998750
2014-07-01 25:00:00,   13.760757,    0.998846
2014-07-02 25:00:00,   13.895953,    0.993278
2014-07-03 25:00:00,   13.822797,    0.990233
2014-07-04 25:00:00,   13.664297,    0.985902
2014-07-05 25:00:00,   14.267121,    0.986003
2014-07-06 25:00:00,   14.091647,    0.981213
2014-07-07 25:00:00,   13.692060,    0.982062
2014-07-08 25:00:00,   13.427391,    0.980782
2014-07-09 25:00:00,   13.537701,    0.981045
2014-07-10 25:00:00,   13.760814,    0.981159
2014-07-11 25:00:00,   13.920023,    0.981079
2014-07-12 25:00:00,   13.907953,    0.981799
2014-07-13 25:00:00,   13.477181,    0.981662
2014-07-14 25:00:00,   13.431920,    0.974490
2014-07-15 25:00:00,   13.529683,    0.975400
2014-07-16 25:00:00,   14.240106,    0.976251
2014-07-17 25:00:00,   13.849805,    0.976681
2014-07-18 25:00:00,   14.243536,    0.976763
2014-07-19 25:00:00,   13.505696,    0.974893
2014-07-20 25:00:00,   14.101029,    0.963019
2014-07-21 25:00:00,   13.764721,    0.961277
2014-07-22 25:00:00,   13.510383,    0.962237
2014-07-23 25:00:00,   13.500648,    0.955295
2014-07-24 25:00:00,   14.263151,    0.947998
2014-07-25 25:00:00,   13.892954,    0.948147
2014-07-26 25:00:00,   13.985323,    0.945941
2014-07-27 25:00:00,   14.086004,    0.946333
2014-07-28 25:00:00,   14.260867,    0.946727
2014-07-29 25:00:00,   14.586735,    0.946543
2014-07-30 25:00:00,   14.924771,    0.946582
2014-07-31 25:00:00,   14.734342,    0.947477
2014-08-01 25:00:00,   14.723734,    0.947629
2014-08-02 25:00:00,   14.518760,    0.947751
2014-08-03 25:00:00,   15.257297,    0.948054
2014-08-04 25:00:00,   15.180058,    0.948783
2014-08-05 25:00:00,   15.087701,    0.948952
2014-08-06 25:00:00,   15.290084,    0.949373
2014-08-07 25:00:00,   15.236610,    0.948183
2014-08-08 25:00:00,   15.890958,    0.948249
2014-08-09 25:00:00,   16.233345,    0.949375
2014-08-10 25:00:00,   16.293082,    0.949508
2014-08-11 25:00:00,   16.797369,    0.950378
2014-08-12 25:00:00,   15.797349,    0.951289
2014-08-13 25:00:00,   15.803155,    0.952287
2014-08-14 25:00:00,   15.468852,    0.953244
2014-08-15 25:00:00,   15.836870,    0.952940
2014-08-16 25:00:00,   16.905566,    0.952928
2014-08-17 25:00:00,   16.954693,    0.942151
2014-08-18 25:00:00,   16.660066,    0.940172
2014-08-19 25:00:00,   17.224933,    0.940487
2014-08-20 25:00:00,   17.146348,    0.939917
2014-08-21 25:00:00,   17.283850,    0.939870
2014-08-22 25:00:00,   17.446437,    0.941521
2014-08-23 25:00:00,   17.438282,    0.941913
2014-08-24 25:00:00,   17.549887,    0.942185
2014-08-25 25:00:00,   18.094499,    0.942708
2014-08-26 25:00:00,   17.811049,    0.943345
2014-08-27 25:00:00,   18.767617,    0.944141
2014-08-28 25:00:00,   18.390097,    0.944507
2014-08-29 25:00:00,   18.091941,    0.882512
2014-08-30 25:00:00,   17.591409,    0.889574
2014-08-31 25:00:00,   17.253850,    0.877952
2014-09-01 25:00:00,   17.855199,    0.873868
2014-09-02 25:00:00,   17.320830,    0.873197
2014-09-03 25:00:00,   17.733747,    0.874154
2014-09-04 25:00:00,   17.803328,    0.876506
2014-09-05 25:00:00,   19.112714,    0.877344
2014-09-06 25:00:00,   18.238492,    0.872044
2014-09-07 25:00:00,   17.355250,    0.873909
2014-09-08 25:00:00,   16.253701,    0.879692
2014-09-09 25:00:00,   16.340257,    0.882994
2014-09-10 25:00:00,   17.442858,    0.883572
2014-09-11 25:00:00,   17.978757,    0.883618
2014-09-12 25:00:00,   18.540278,    0.884720
2014-09-13 25:00:00,   19.006392,    0.885855
2014-09-14 25:00:00,   19.720827,    0.887076
2014-09-15 25:00:00,   19.380266,    0.888190
2014-09-16 25:00:00,   19.898702,    0.889470
2014-09-17 25:00:00,   20.025652,    0.890650
2014-09-18 25:00:00,   20.690665,    0.892275
2014-09-19 25:00:00,   21.654657,    0.893860
2014-09-20 25:00:00,   21.759151,    0.895890
2014-09-21 25:00:00,   19.193556,    0.872480
2014-09-22 25:00:00,   19.008765,    0.865089
2014-09-23 25:00:00,   18.743745,    0.831263
2014-09-24 25:00:00,   20.101320,    0.802473
2014-09-25 25:00:00,   20.526242,    0.803642
2014-09-26 25:00:00,   20.185119,    0.804793
2014-09-27 25:00:00,   18.165319,    0.809392
2014-09-28 25:00:00,   17.540537,    0.815359
2014-09-29 25:00:00,   18.205472,    0.816426
2014-09-30 25:00:00,   19.328576,    0.817448
2014-10-01 25:00:00,   20.279250,    0.818986
2014-10-02 25:00:00,   21.080947,    0.820372
2014-10-03 25:00:00,   22.402973,    0.821998
2014-10-04 25:00:00,   23.171463,    0.823624
2014-10-05 25:00:00,   20.167772,    0.820714
2014-10-06 25:00:00,   20.553278,    0.822319
2014-10-07 25:00:00,   21.390597,    0.823609
2014-10-08 25:00:00,   22.144090,    0.825316
2014-10-09 25:00:00,   21.815787,    0.826157
2014-10-10 25:00:00,   21.964603,    0.828078
2014-10-11 25:00:00,   21.547123,    0.829285
2014-10-12 25:00:00,   21.176710,    0.830426
2014-10-13 25:00:00,   21.539982,    0.831959
2014-10-14 25:00:00,   22.156135,    0.833438
2014-10-15 25:00:00,   23.326052,    0.835891
2014-10-16 25:00:00,   24.011239,    0.837645
2014-10-17 25:00:00,   24.126873,    0.835372
2014-10-18 25:00:00,   21.952178,    0.816717
2014-10-19 25:00:00,   20.527825,    0.820130
2014-10-20 25:00:00,   20.669648,    0.821965
2014-10-21 25:00:00,   21.732694,    0.823382
2014-10-22 25:00:00,   21.906665,    0.825135
2014-10-23 25:00:00,   22.513621,    0.826596
2014-10-24 25:00:00,   23.219974,    0.828092
2014-10-25 25:00:00,   22.555777,    0.829595
2014-10-26 25:00:00,   22.537319,    0.831307
2014-10-27 25:00:00,   22.651419,    0.832756
2014-10-28 25:00:00,   22.570525,    0.834268
2014-10-29 25:00:00,   22.492739,    0.836065
2014-10-30 25:00:00,   21.998128,    0.838070
2014-10-31 25:00:00,   22.282096,    0.840020
2014-11-01 25:00:00,   23.317975,    0.842527
2014-11-02 25:00:00,   22.544352,    0.843168
2014-11-03 25:00:00,   22.458651,    0.845432
2014-11-04 25:00:00,   22.949611,    0.847352
2014-11-05 25:00:00,   23.122318,    0.849305
2014-11-06 25:00:00,   21.968078,    0.849558
2014-11-07 25:00:00,   21.841735,    0.852288
2014-11-08 25:00:00,   22.046316,    0.853671
2014-11-09 25:00:00,   23.560583,    0.855138
2014-11-10 25:00:00,   22.978254,    0.856666
2014-11-11 25:00:00,   23.665985,    0.858720
2014-11-12 25:00:00,   22.845211,    0.860208
2014-11-13 25:00:00,   21.667999,    0.862695
2014-11-14 25:00:00,   21.600549,    0.864945
2014-11-15 25:00:00,   22.245920,    0.867693
2014-11-16 25:00:00,   22.746022,    0.869568
2014-11-17 25:00:00,   24.560898,    0.870928
2014-11-18 25:00:00,   24.517555,    0.873715
2014-11-19 25:00:00,   24.905603,    0.875042
2014-11-20 25:00:00,   24.459019,    0.873234
2014-11-21 25:00:00,   24.160405,    0.875540
2014-11-22 25:00:00,   23.894920,    0.876858
2014-11-23 25:00:00,   23.170141,    0.878777
2014-11-24 25:00:00,   23.280730,    0.880515
2014-11-25 25:00:00,   23.469520,    0.882436
2014-11-26 25:00:00,   23.082360,    0.868819
2014-11-27 25:00:00,   23.623145,    0.867345
2014-11-28 25:00:00,   24.075284,    0.869337
2014-11-29 25:00:00,   24.895011,    0.871778
2014-11-30 25:00:00,   24.965795,    0.873635
2014-12-01 25:00:00,   24.251644,    0.875865
2014-12-02 25:00:00,   24.339138,    0.878505
2014-12-03 25:00:00,   24.507363,    0.880569
2014-12-04 25:00:00,   24.629231,    0.883138
2014-12-05 25:00:00,   23.251123,    0.883404
2014-12-06 25:00:00,   24.533391,    0.885940
2014-12-07 25:00:00,   25.115078,    0.888795
2014-12-08 25:00:00,   23.853757,    0.890997
2014-12-09 25:00:00,   23.063658,    0.893378
2014-12-10 25:00:00,   23.484483,    0.895144
2014-12-11 25:00:00,   24.621523,    0.897564
2014-12-12 25:00:00,   23.894939,    0.901033
2014-12-13 25:00:00,   23.661291,    0.904022
2014-12-14 25:00:00,   23.680137,    0.906222
2014-12-15 25:00:00,   23.566669,    0.907584
2014-12-16 25:00:00,   23.957915,    0.910021
2014-12-17 25:00:00,   23.686545,    0.912476
2014-12-18 25:00:00,   24.324444,    0.913982
2014-12-19 25:00:00,   25.675119,    0.917116
2014-12-20 25:00:00,   25.033527,    0.920310
2014-12-21 25:00:00,   25.027708,    0.922807
2014-12-22 25:00:00,   25.398408,    0.924956
2014-12-23 25:00:00,   25.397336,    0.928226
2014-12-24 25:00:00,   25.168523,    0.930785
2014-12-25 25:00:00,   25.672893,    0.933688
2014-12-26 25:00:00,   25.949927,    0.936266
2014-12-27 25:00:00,   26.260042,    0.937837
2014-12-28 25:00:00,   26.255028,    0.941174
2014-12-29 25:00:00,   27.054136,    0.944355
2014-12-30 25:00:00,   27.340415,    0.947986
2014-12-31 25:00:00,   26.821298,    0.951136
2015-01-01 25:00:00,   26.705246,    0.953920
2015-01-02 25:00:00,   25.079977,    0.952079
2015-01-03 25:00:00,   25.307372,    0.952848
2015-01-04 25:00:00,   25.848855,    0.954558
2015-01-05 25:00:00,   27.352776,    0.956671
2015-01-06 25:00:00,   27.536410,    0.959894
2015-01-07 25:00:00,   26.754452,    0.963766
2015-01-08 25:00:00,   25.991077,    0.966127
2015-01-09 25:00:00,   25.504961,    0.967237
2015-01-10 25:00:00,   25.986775,    0.969848
2015-01-11 25:00:00,   26.122959,    0.971669
2015-01-12 25:00:00,   26.615363,    0.972818
2015-01-13 25:00:00,   27.512459,    0.975279
2015-01-14 25:00:00,   28.068438,    0.978235
2015-01-15 25:00:00,   26.780879,    0.978350
2015-01-16 25:00:00,   26.978659,    0.981615
2015-01-17 25:00:00,   27.250001,    0.982952
2015-01-18 25:00:00,   28.622251,    0.985523
2015-01-19 25:00:00,   28.873730,    0.987273
2015-01-20 25:00:00,   30.169642,    0.990336
2015-01-21 25:00:00,   28.627573,    0.991698
2015-01-22 25:00:00,   26.716889,    0.991801
2015-01-23 25:00:00,   26.228562,    0.991419
2015-01-24 25:00:00,   25.645148,    0.994218
2015-01-25 25:00:00,   26.236075,    0.997009
2015-01-26 25:00:00,   26.330226,    0.998215
2015-01-27 25:00:00,   27.129525,    1.001426
2015-01-28 25:00:00,   28.495304,    1.005349
2015-01-29 25:00:00,   28.642915,    1.008216
2015-01-30 25:00:00,   29.027198,    1.011629
2015-01-31 25:00:00,   27.592632,    1.012631
2015-02-01 25:00:00,   27.529064,    1.013977
2015-02-02 25:00:00,   27.440998,    1.003155
2015-02-03 25:00:00,   28.185954,    1.006315
2015-02-04 25:00:00,   29.210401,    1.008709
2015-02-05 25:00:00,   29.100096,    1.010340
2015-02-06 25:00:00,   27.991767,    1.012387
2015-02-07 25:00:00,   28.048875,    1.014587
2015-02-08 25:00:00,   28.880766,    1.016796
2015-02-09 25:00:00,   28.673027,    1.019728
2015-02-10 25:00:00,   28.316738,    1.021502
2015-02-11 25:00:00,   28.460516,    1.022382
2015-02-12 25:00:00,   28.013133,    1.023850
2015-02-13 25:00:00,   27.293366,    1.024509
2015-02-14 25:00:00,   26.075400,    1.024728
2015-02-15 25:00:00,   25.982562,    1.023338
2015-02-16 25:00:00,   26.204180,    1.024906
2015-02-17 25:00:00,   25.716059,    1.025777
2015-02-18 25:00:00,   26.701129,    1.026817
2015-02-19 25:00:00,   26.499965,    1.028827
2015-02-20 25:00:00,   26.193542,    1.031204
2015-02-21 25:00:00,   26.010398,    1.030840
2015-02-22 25:00:00,   25.459854,    1.031468
2015-02-23 25:00:00,   26.211991,    1.030769
2015-02-24 25:00:00,   27.265271,    1.032253
2015-02-25 25:00:00,   27.993235,    1.033548
2015-02-26 25:00:00,   28.891179,    1.035366
2015-02-27 25:00:00,   27.350502,    1.038506
2015-02-28 25:00:00,   26.764074,    1.040645
2015-03-01 25:00:00,   26.061007,    1.041888
2015-03-02 25:00:00,   25.596206,    1.043142
2015-03-03 25:00:00,   25.679998,    1.044148
2015-03-04 25:00:00,   26.017774,    1.046042
2015-03-05 25:00:00,   26.128781,    1.047556
2015-03-06 25:00:00,   26.466293,    1.049841
2015-03-07 25:00:00,   26.523100,    1.051532
2015-03-08 25:00:00,   26.520548,    1.054132
2015-03-09 25:00:00,   26.640476,    1.055169
2015-03-10 25:00:00,   26.344609,    1.056758
2015-03-11 25:00:00,   26.324787,    1.056578
2015-03-12 25:00:00,   26.946678,    1.058316
2015-03-13 25:00:00,   25.839082,    1.056730
2015-03-14 25:00:00,   25.145690,    1.039385
2015-03-15 25:00:00,   25.508317,    1.039385
2015-03-16 25:00:00,   25.221074,    1.039948
2015-03-17 25:00:00,   25.090945,    1.040801
2015-03-18 25:00:00,   24.498125,    1.036057
2015-03-19 25:00:00,   24.481611,    1.036177
2015-03-20 25:00:00,   24.549461,    1.037074
2015-03-21 25:00:00,   23.967025,    1.038582
2015-03-22 25:00:00,   23.272073,    1.039264
2015-03-23 25:00:00,   22.879428,    1.036591
2015-03-24 25:00:00,   22.515549,    1.037559
2015-03-25 25:00:00,   22.546531,    1.039018
2015-03-26 25:00:00,   22.788424,    1.040096
2015-03-27 25:00:00,   23.045410,    1.041394
2015-03-28 25:00:00,   23.227811,    1.043237
2015-03-29 25:00:00,   23.733018,    1.044186
2015-03-30 25:00:00,   23.025154,    1.045026
2015-03-31 25:00:00,   23.108626,    1.045365
2015-04-01 25:00:00,   23.004268,    1.046183
2015-04-02 25:00:00,   22.884254,    1.046065
2015-04-03 25:00:00,   23.238254,    1.047090
2015-04-04 25:00:00,   22.740723,    1.048111
2015-04-05 25:00:00,   22.809863,    1.048666
2015-04-06 25:00:00,   21.797287,    1.043581
2015-04-07 25:00:00,   20.899328,    1.025141
2015-04-08 25:00:00,   20.731343,    1.024803
2015-04-09 25:00:00,   20.531440,    1.002357
2015-04-10 25:00:00,   20.726523,    0.999296
2015-04-11 25:00:00,   20.722117,    0.989996
2015-04-12 25:00:00,   20.353495,    0.978219
2015-04-13 25:00:00,   21.069676,    0.979612
2015-04-14 25:00:00,   20.696581,    0.981139
2015-04-15 25:00:00,   20.227470,    0.981791
2015-04-16 25:00:00,   20.556032,    0.982849
2015-04-17 25:00:00,   20.500727,    0.983142
2015-04-18 25:00:00,   20.745143,    0.984414
2015-04-19 25:00:00,   20.654623,    0.985147
2015-04-20 25:00:00,   21.035269,    0.985721
2015-04-21 25:00:00,   20.986818,    0.986449
2015-04-22 25:00:00,   21.221611,    0.987493
2015-04-23 25:00:00,   20.677395,    0.988431
2015-04-24 25:00:00,   19.770417,    0.987901
2015-04-25 25:00:00,   19.672689,    0.988819
2015-04-26 25:00:00,   19.526366,    0.989322
2015-04-27 25:00:00,   19.326486,    0.989785
2015-04-28 25:00:00,   19.263166,    0.990163
2015-04-29 25:00:00,   19.377944,    0.990965
2015-04-30 25:00:00,   19.077865,    0.985944
2015-05-01 25:00:00,   19.075378,    0.987266
2015-05-02 25:00:00,   18.847549,    0.987632
2015-05-03 25:00:00,   18.531863,    0.985554
2015-05-04 25:00:00,   17.761147,    0.986451
2015-05-05 25:00:00,   17.644161,    0.987082
2015-05-06 25:00:00,   18.016930,    0.987469
2015-05-07 25:00:00,   17.864440,    0.987885
2015-05-08 25:00:00,   18.117779,    0.988339
2015-05-09 25:00:00,   18.477608,    0.988794
2015-05-10 25:00:00,   18.438603,    0.989209
2015-05-11 25:00:00,   18.764446,    0.990305
2015-05-12 25:00:00,   18.359151,    0.990780
2015-05-13 25:00:00,   17.981249,    0.991217
2015-05-14 25:00:00,   17.972505,    0.991544
2015-05-15 25:00:00,   17.399063,    0.992249
2015-05-16 25:00:00,   16.736034,    0.977285
2015-05-17 25:00:00,   16.470613,    0.954674
2015-05-18 25:00:00,   16.336136,    0.950030
2015-05-19 25:00:00,   16.057948,    0.940548
2015-05-20 25:00:00,   15.837137,    0.937711
2015-05-21 25:00:00,   15.763729,    0.943496
2015-05-22 25:00:00,   15.875476,    0.944384
2015-05-23 25:00:00,   16.018058,    0.944713
2015-05-24 25:00:00,   16.494984,    0.945500
2015-05-25 25:00:00,   16.751432,    0.945896
2015-05-26 25:00:00,   16.456340,    0.946308
2015-05-27 25:00:00,   16.244742,    0.947014
2015-05-28 25:00:00,   15.915929,    0.947202
2015-05-29 25:00:00,   15.809245,    0.947130
2015-05-30 25:00:00,   15.967269,    0.947954
2015-05-31 25:00:00,   15.941648,    0.948208
2015-06-01 25:00:00,   15.236282,    0.952111
2015-06-02 25:00:00,   15.329666,    0.950164
2015-06-03 25:00:00,   16.001679,    0.950787
2015-06-04 25:00:00,   16.699353,    0.950858
2015-06-05 25:00:00,   17.004324,    0.950978
2015-06-06 25:00:00,   17.107784,    0.948952
2015-06-07 25:00:00,   17.414695,    0.949742
2015-06-08 25:00:00,   16.964651,    0.950261
2015-06-09 25:00:00,   16.612869,    0.951255
2015-06-10 25:00:00,   16.660140,    0.952103
2015-06-11 25:00:00,   16.307066,    0.952396
2015-06-12 25:00:00,   15.931366,    0.943830
2015-06-13 25:00:00,   15.750415,    0.944851
2015-06-14 25:00:00,   15.642192,    0.946652
2015-06-15 25:00:00,   15.651480,    0.948783
2015-06-16 25:00:00,   15.291853,    0.951040
2015-06-17 25:00:00,   15.037101,    0.957159
2015-06-18 25:00:00,   15.206346,    0.945387
2015-06-19 25:00:00,   15.506228,    0.925264
2015-06-20 25:00:00,   16.017642,    0.925388
2015-06-21 25:00:00,   15.193028,    0.918501
2015-06-22 25:00:00,   14.768685,    0.920002
2015-06-23 25:00:00,   14.868624,    0.930180
2015-06-24 25:00:00,   14.597503,    0.931002
2015-06-25 25:00:00,   15.077192,    0.935351
2015-06-26 25:00:00,   14.790030,    0.935602
2015-06-27 25:00:00,   14.632492,    0.937166
2015-06-28 25:00:00,   14.585466,    0.938359
2015-06-29 25:00:00,   14.841747,    0.945883
2015-06-30 25:00:00,   14.537287,    0.945962
2015-07-01 25:00:00,   14.504505,    0.944016
2015-07-02 25:00:00,   14.687895,    0.945546
2015-07-03 25:00:00,   15.195422,    0.945415
2015-07-04 25:00:00,   15.816982,    0.945435
2015-07-05 25:00:00,   15.852323,    0.945957
2015-07-06 25:00:00,   15.191545,    0.945990
2015-07-07 25:00:00,   15.119106,    0.943963
2015-07-08 25:00:00,   14.632381,    0.944866
2015-07-09 25:00:00,   14.643542,    0.943769
2015-07-10 25:00:00,   14.603469,    0.938712
2015-07-11 25:00:00,   14.542405,    0.941028
2015-07-12 25:00:00,   14.322862,    0.949541
2015-07-13 25:00:00,   14.191406,    0.966003
2015-07-14 25:00:00,   14.285366,    1.000455
2015-07-15 25:00:00,   14.224295,    1.001215
2015-07-16 25:00:00,   14.090274,    1.005436
2015-07-17 25:00:00,   13.984532,    1.011260
2015-07-18 25:00:00,   14.455872,    1.003623
2015-07-19 25:00:00,   14.127282,    1.004121
2015-07-20 25:00:00,   14.245272,    1.008536
2015-07-21 25:00:00,   14.555915,    0.989747
2015-07-22 25:00:00,   14.095228,    0.965619
2015-07-23 25:00:00,   14.064634,    0.966676
2015-07-24 25:00:00,   14.680807,    0.968628
2015-07-25 25:00:00,   14.630778,    0.969018
2015-07-26 25:00:00,   14.823651,    0.968774
2015-07-27 25:00:00,   14.528175,    0.969799
2015-07-28 25:00:00,   14.115979,    0.966283
2015-07-29 25:00:00,   14.427638,    0.966407
2015-07-30 25:00:00,   14.431261,    0.953290
2015-07-31 25:00:00,   15.360201,    0.952837
2015-08-01 25:00:00,   14.603962,    0.954308
2015-08-02 25:00:00,   14.906998,    0.955289
2015-08-03 25:00:00,   15.080886,    0.955719
2015-08-04 25:00:00,   14.527393,    0.955619
2015-08-05 25:00:00,   14.471614,    0.956442
2015-08-06 25:00:00,   14.279784,    0.957257
2015-08-07 25:00:00,   14.338246,    0.950168
2015-08-08 25:00:00,   13.861165,    0.953404
2015-08-09 25:00:00,   13.908020,    0.949367
2015-08-10 25:00:00,   13.924347,    0.953800
2015-08-11 25:00:00,   14.100825,    0.954146
2015-08-12 25:00:00,   14.425260,    0.954074
2015-08-13 25:00:00,   14.956311,    0.954569
2015-08-14 25:00:00,   15.678854,    0.954946
2015-08-15 25:00:00,   16.219807,    0.955603
2015-08-16 25:00:00,   17.134987,    0.956462
2015-08-17 25:00:00,   17.082451,    0.954448
2015-08-18 25:00:00,   16.878949,    0.955930
2015-08-19 25:00:00,   15.756340,    0.951781
2015-08-20 25:00:00,   15.512207,    0.951729
2015-08-21 25:00:00,   14.801237,    0.941994
2015-08-22 25:00:00,   14.568498,    0.938693
2015-08-23 25:00:00,   15.001946,    0.937400
2015-08-24 25:00:00,   14.890290,    0.935136
2015-08-25 25:00:00,   15.469898,    0.936128
2015-08-26 25:00:00,   15.473853,    0.936003
2015-08-27 25:00:00,   16.401335,    0.937478
2015-08-28 25:00:00,   16.368860,    0.921672
2015-08-29 25:00:00,   16.758345,    0.876127
2015-08-30 25:00:00,   16.534346,    0.893801
2015-08-31 25:00:00,   15.641887,    0.895736
2015-09-01 25:00:00,   15.482388,    0.897050
2015-09-02 25:00:00,   15.368917,    0.897960
2015-09-03 25:00:00,   16.196383,    0.898984
2015-09-04 25:00:00,   15.924260,    0.890082
2015-09-05 25:00:00,   15.989803,    0.891628
2015-09-06 25:00:00,   16.475871,    0.892987
2015-09-07 25:00:00,   17.259391,    0.893628
2015-09-08 25:00:00,   17.670360,    0.893837
2015-09-09 25:00:00,   18.520257,    0.895941
2015-09-10 25:00:00,   17.214836,    0.894262
2015-09-11 25:00:00,   17.630249,    0.893687
2015-09-12 25:00:00,   16.907045,    0.888536
2015-09-13 25:00:00,   16.861979,    0.891165
2015-09-14 25:00:00,   16.709075,    0.890830
2015-09-15 25:00:00,   17.141111,    0.892112
2015-09-16 25:00:00,   17.012785,    0.892339
2015-09-17 25:00:00,   18.049152,    0.892563
2015-09-18 25:00:00,   18.148396,    0.893750
2015-09-19 25:00:00,   18.208297,    0.895424
2015-09-20 25:00:00,   17.789167,    0.896356
2015-09-21 25:00:00,   18.821217,    0.898432
2015-09-22 25:00:00,   18.958758,    0.900132
2015-09-23 25:00:00,   19.761047,    0.901513
2015-09-24 25:00:00,   20.521495,    0.903094
2015-09-25 25:00:00,   20.683189,    0.904649
2015-09-26 25:00:00,   20.311641,    0.905106
2015-09-27 25:00:00,   20.602488,    0.906823
2015-09-28 25:00:00,   21.626288,    0.908457
2015-09-29 25:00:00,   22.038219,    0.910077
2015-09-30 25:00:00,   22.874987,    0.910162
2015-10-01 25:00:00,   23.500890,    0.912189
2015-10-02 25:00:00,   23.291896,    0.913095
2015-10-03 25:00:00,   23.849875,    0.914617
2015-10-04 25:00:00,   22.210481,    0.914712
2015-10-05 25:00:00,   20.216048,    0.915126
2015-10-06 25:00:00,   20.788406,    0.915988
2015-10-07 25:00:00,   20.863132,    0.917980
2015-10-08 25:00:00,   21.168643,    0.919202
2015-10-09 25:00:00,   22.580957,    0.920726
2015-10-10 25:00:00,   23.043444,    0.921809
2015-10-11 25:00:00,   23.638197,    0.923791
2015-10-12 25:00:00,   24.453053,    0.925419
2015-10-13 25:00:00,   24.899462,    0.927562
2015-10-14 25:00:00,   22.668757,    0.925973
2015-10-15 25:00:00,   22.415848,    0.928263
2015-10-16 25:00:00,   22.542633,    0.929997
2015-10-17 25:00:00,   22.840601,    0.931372
2015-10-18 25:00:00,   22.021797,    0.924028
2015-10-19 25:00:00,   22.452131,    0.925909
2015-10-20 25:00:00,   22.804293,    0.926983
2015-10-21 25:00:00,   24.038468,    0.929239
2015-10-22 25:00:00,   23.546972,    0.930687
2015-10-23 25:00:00,   23.190277,    0.932720
2015-10-24 25:00:00,   22.621726,    0.931666
2015-10-25 25:00:00,   23.046360,    0.934098
2015-10-26 25:00:00,   23.842212,    0.935516
2015-10-27 25:00:00,   23.098190,    0.937158
2015-10-28 25:00:00,   24.762416,    0.938468
2015-10-29 25:00:00,   25.812180,    0.940035
2015-10-30 25:00:00,   25.186930,    0.941762
2015-10-31 25:00:00,   25.374057,    0.944189
2015-11-01 25:00:00,   25.865497,    0.933977
2015-11-02 25:00:00,   25.428108,    0.908761
2015-11-03 25:00:00,   25.705857,    0.910228
2015-11-04 25:00:00,   25.885691,    0.907386
2015-11-05 25:00:00,   25.554840,    0.909303
2015-11-06 25:00:00,   24.071683,    0.912036
2015-11-07 25:00:00,   22.870827,    0.916011
2015-11-08 25:00:00,   23.243665,    0.918743
2015-11-09 25:00:00,   24.388634,    0.921406
2015-11-10 25:00:00,   24.588640,    0.922674
2015-11-11 25:00:00,   25.252858,    0.925107
2015-11-12 25:00:00,   25.578526,    0.927598
2015-11-13 25:00:00,   26.576818,    0.931319
2015-11-14 25:00:00,   27.660553,    0.934487
2015-11-15 25:00:00,   27.123561,    0.937365
2015-11-16 25:00:00,   27.852413,    0.938732
2015-11-17 25:00:00,   25.810149,    0.938813
2015-11-18 25:00:00,   24.359585,    0.940865
2015-11-19 25:00:00,   23.928958,    0.942616
2015-11-20 25:00:00,   24.080375,    0.944537
2015-11-21 25:00:00,   24.387381,    0.945629
2015-11-22 25:00:00,   25.393518,    0.949600
2015-11-23 25:00:00,   26.363584,    0.952120
2015-11-24 25:00:00,   24.981582,    0.955046
2015-11-25 25:00:00,   24.569741,    0.956016
2015-11-26 25:00:00,   24.630805,    0.959939
2015-11-27 25:00:00,   25.421577,    0.962809
2015-11-28 25:00:00,   25.175918,    0.964794
2015-11-29 25:00:00,   24.328329,    0.967247
2015-11-30 25:00:00,   23.703291,    0.968635
2015-12-01 25:00:00,   24.579470,    0.971757
2015-12-02 25:00:00,   24.784373,    0.973390
2015-12-03 25:00:00,   25.421255,    0.976161
2015-12-04 25:00:00,   24.069687,    0.978862
2015-12-05 25:00:00,   22.274774,    0.967740
2015-12-06 25:00:00,   21.809244,    0.966515
2015-12-07 25:00:00,   22.335938,    0.968535
2015-12-08 25:00:00,   23.437875,    0.970360
2015-12-09 25:00:00,   24.117685,    0.973806
2015-12-10 25:00:00,   23.917401,    0.975244
2015-12-11 25:00:00,   24.651082,    0.978474
2015-12-12 25:00:00,   23.912930,    0.980748
2015-12-13 25:00:00,   24.921229,    0.983003
2015-12-14 25:00:00,   25.165034,    0.985528
2015-12-15 25:00:00,   25.700888,    0.989011
2015-12-16 25:00:00,   25.431932,    0.992389
2015-12-17 25:00:00,   25.601965,    0.994518
2015-12-18 25:00:00,   25.438553,    0.996615
2015-12-19 25:00:00,   24.072064,    0.998382
2015-12-20 25:00:00,   24.656177,    1.001835
2015-12-21 25:00:00,   25.295186,    1.004650
2015-12-22 25:00:00,   26.035024,    1.005401
2015-12-23 25:00:00,   27.459228,    1.009933
2015-12-24 25:00:00,   25.377800,    1.011098
2015-12-25 25:00:00,   25.093039,    1.009410
2015-12-26 25:00:00,   25.385390,    1.012206
2015-12-27 25:00:00,   26.420544,    1.014293
2015-12-28 25:00:00,   26.995056,    1.016172
2015-12-29 25:00:00,   26.979016,    1.018771
2015-12-30 25:00:00,   26.080268,    1.021121
2015-12-31 25:00:00,   26.388607,    1.023130
2016-01-01 25:00:00,   26.378383,    1.026389
2016-01-02 25:00:00,   26.792819,    1.026669
2016-01-03 25:00:00,   27.871338,    1.029794
2016-01-04 25:00:00,   27.817918,    1.031800
2016-01-05 25:00:00,   29.402030,    1.034198
2016-01-06 25:00:00,   30.447992,    1.036485
2016-01-07 25:00:00,   30.319274,    1.039857
2016-01-08 25:00:00,   28.981641,    1.040864
2016-01-09 25:00:00,   29.513905,    1.042704
2016-01-10 25:00:00,   29.762193,    1.045681
2016-01-11 25:00:00,   29.555057,    1.047938
2016-01-12 25:00:00,   27.780233,    1.048548
2016-01-13 25:00:00,   27.216318,    1.049400
2016-01-14 25:00:00,   26.890719,    1.049627
2016-01-15 25:00:00,   27.604206,    1.051707
2016-01-16 25:00:00,   28.470858,    1.053834
2016-01-17 25:00:00,   26.328264,    1.053980
2016-01-18 25:00:00,   25.528918,    1.053497
2016-01-19 25:00:00,   24.693220,    1.041511
2016-01-20 25:00:00,   25.205316,    1.042952
2016-01-21 25:00:00,   24.283610,    1.042663
2016-01-22 25:00:00,   25.407291,    1.045019
2016-01-23 25:00:00,   26.791791,    1.048137
2016-01-24 25:00:00,   27.723639,    1.050498
2016-01-25 25:00:00,   29.089730,    1.054360
2016-01-26 25:00:00,   28.463325,    1.057948
2016-01-27 25:00:00,   27.697419,    1.061903
2016-01-28 25:00:00,   27.362371,    1.061653
2016-01-29 25:00:00,   27.421695,    1.064975
2016-01-30 25:00:00,   25.717234,    1.038910
2016-01-31 25:00:00,   24.338078,    1.038963
2016-02-01 25:00:00,   23.844262,    1.031566
2016-02-02 25:00:00,   24.252268,    1.025423
2016-02-03 25:00:00,   25.209100,    1.027898
2016-02-04 25:00:00,   25.343175,    1.029540
2016-02-05 25:00:00,   26.640595,    1.032198
2016-02-06 25:00:00,   26.826117,    1.034624
2016-02-07 25:00:00,   27.686313,    1.036717
2016-02-08 25:00:00,   28.523642,    1.041021
2016-02-09 25:00:00,   28.943311,    1.044207
2016-02-10 25:00:00,   29.922327,    1.046280
2016-02-11 25:00:00,   29.910019,    1.048892
2016-02-12 25:00:00,   28.071806,    1.049720
2016-02-13 25:00:00,   27.009237,    1.050867
2016-02-14 25:00:00,   26.541495,    1.051922
2016-02-15 25:00:00,   26.511946,    1.055347
2016-02-16 25:00:00,   27.301765,    1.057518
2016-02-17 25:00:00,   27.022024,    1.059684
2016-02-18 25:00:00,   26.479900,    1.062689
2016-02-19 25:00:00,   25.347090,    1.062583
2016-02-20 25:00:00,   26.249203,    1.062910
2016-02-21 25:00:00,   26.812939,    1.064930
2016-02-22 25:00:00,   25.978498,    1.057381
2016-02-23 25:00:00,   25.204176,    1.050658
2016-02-24 25:00:00,   24.288235,    1.045089
2016-02-25 25:00:00,   24.166013,    1.043281
2016-02-26 25:00:00,   24.706858,    1.044532
2016-02-27 25:00:00,   26.555372,    1.046576
2016-02-28 25:00:00,   26.587767,    1.048698
2016-02-29 25:00:00,   26.335454,    1.050505
2016-03-01 25:00:00,   25.484187,    1.052637
2016-03-02 25:00:00,   25.499415,    1.054321
2016-03-03 25:00:00,   24.851747,    1.055691
2016-03-04 25:00:00,   24.993422,    1.056723
2016-03-05 25:00:00,   25.550119,    1.058815
2016-03-06 25:00:00,   25.749529,    1.059696
2016-03-07 25:00:00,   25.865056,    1.061845
2016-03-08 25:00:00,   26.657194,    1.064657
2016-03-09 25:00:00,   27.333242,    1.066464
2016-03-10 25:00:00,   26.226910,    1.067391
2016-03-11 25:00:00,   26.094069,    1.069164
2016-03-12 25:00:00,   26.429155,    1.070414
2016-03-13 25:00:00,   26.956668,    1.072537
2016-03-14 25:00:00,   27.513190,    1.074632
2016-03-15 25:00:00,   27.000019,    1.076061
2016-03-16 25:00:00,   25.312758,    1.075679
2016-03-17 25:00:00,   24.712429,    1.075562
2016-03-18 25:00:00,   25.216418,    1.074679
2016-03-19 25:00:00,   25.356380,    1.076247
2016-03-20 25:00:00,   26.182486,    1.078168
2016-03-21 25:00:00,   25.728279,    1.078502
2016-03-22 25:00:00,   25.236360,    1.080217
2016-03-23 25:00:00,   23.540441,    1.043360
2016-03-24 25:00:00,   23.405053,    1.044697
2016-03-25 25:00:00,   23.822330,    1.045100
2016-03-26 25:00:00,   23.310524,    1.035648
2016-03-27 25:00:00,   23.134819,    1.030282
2016-03-28 25:00:00,   23.286448,    1.024955
2016-03-29 25:00:00,   24.014280,    1.026697
2016-03-30 25:00:00,   24.477034,    1.028387
2016-03-31 25:00:00,   24.253389,    1.029976
2016-04-01 25:00:00,   23.706042,    1.030256
2016-04-02 25:00:00,   24.437277,    1.031467
2016-04-03 25:00:00,   25.097880,    1.032876
2016-04-04 25:00:00,   23.708095,    1.033663
2016-04-05 25:00:00,   22.552028,    1.033456
2016-04-06 25:00:00,   22.265038,    1.032784
2016-04-07 25:00:00,   22.004520,    1.033328
2016-04-08 25:00:00,   21.826836,    1.034507
2016-04-09 25:00:00,   21.151389,    1.033052
2016-04-10 25:00:00,   21.595971,    1.029302
2016-04-11 25:00:00,   21.000911,    1.027470
2016-04-12 25:00:00,   21.304174,    1.028401
2016-04-13 25:00:00,   21.457112,    1.028977
2016-04-14 25:00:00,   21.634878,    1.029767
2016-04-15 25:00:00,   21.960234,    1.031165
2016-04-16 25:00:00,   21.814562,    1.030792
2016-04-17 25:00:00,   21.381979,    1.025038
2016-04-18 25:00:00,   21.233505,    1.006377
2016-04-19 25:00:00,   21.580417,    1.016131
2016-04-20 25:00:00,   21.767114,    1.017506
2016-04-21 25:00:00,   21.752059,    1.018656
2016-04-22 25:00:00,   21.309423,    1.020047
2016-04-23 25:00:00,   21.314465,    1.021583
2016-04-24 25:00:00,   21.231688,    1.021813
2016-04-25 25:00:00,   20.834073,    1.007407
2016-04-26 25:00:00,   19.862375,    1.010814
2016-04-27 25:00:00,   19.563309,    1.008265
2016-04-28 25:00:00,   19.132140,    1.006416
2016-04-29 25:00:00,   18.991424,    1.006023
2016-04-30 25:00:00,   18.688343,    1.006469
2016-05-01 25:00:00,   18.934581,    1.007109
2016-05-02 25:00:00,   19.083048,    1.007559
2016-05-03 25:00:00,   19.035902,    1.008213
2016-05-04 25:00:00,   18.917655,    1.008453
2016-05-05 25:00:00,   19.468217,    1.009425
2016-05-06 25:00:00,   18.822540,    1.000387
2016-05-07 25:00:00,   18.049691,    1.000180
2016-05-08 25:00:00,   17.900475,    1.001213
2016-05-09 25:00:00,   18.153980,    1.001616
2016-05-10 25:00:00,   18.410542,    1.002253
2016-05-11 25:00:00,   18.461943,    1.002755
2016-05-12 25:00:00,   18.518018,    1.002370
2016-05-13 25:00:00,   18.414618,    1.003872
2016-05-14 25:00:00,   18.573806,    1.004653
2016-05-15 25:00:00,   18.114059,    1.004006
2016-05-16 25:00:00,   18.284482,    1.004847
2016-05-17 25:00:00,   17.975685,    1.005193
2016-05-18 25:00:00,   18.107482,    1.005215
2016-05-19 25:00:00,   17.880013,    0.995617
2016-05-20 25:00:00,   18.005866,    1.001667
2016-05-21 25:00:00,   16.911201,    0.988376
2016-05-22 25:00:00,   16.629098,    0.989270
2016-05-23 25:00:00,   16.750045,    0.985211
2016-05-24 25:00:00,   16.801955,    0.974763
2016-05-25 25:00:00,   16.676817,    0.971053
2016-05-26 25:00:00,   16.438347,    0.966562
2016-05-27 25:00:00,   16.438805,    0.969181
2016-05-28 25:00:00,   16.420595,    0.962716
2016-05-29 25:00:00,   16.483720,    0.963280
2016-05-30 25:00:00,   16.365794,    0.965774
2016-05-31 25:00:00,   16.169750,    0.966231
2016-06-01 25:00:00,   16.103469,    0.968989
2016-06-02 25:00:00,   15.854900,    0.973822
2016-06-03 25:00:00,   16.156218,    0.974597
2016-06-04 25:00:00,   15.992664,    0.972902
2016-06-05 25:00:00,   15.783494,    0.973477
2016-06-06 25:00:00,   15.352363,    0.977175
2016-06-07 25:00:00,   14.907741,    0.998396
2016-06-08 25:00:00,   14.718096,    1.001677
2016-06-09 25:00:00,   14.541064,    1.003719
2016-06-10 25:00:00,   14.835733,    1.002919
2016-06-11 25:00:00,   14.640891,    1.003250
2016-06-12 25:00:00,   14.776160,    1.007854
2016-06-13 25:00:00,   14.749230,    0.988762
2016-06-14 25:00:00,   14.735682,    0.976280
2016-06-15 25:00:00,   15.327689,    0.958947
2016-06-16 25:00:00,   14.828217,    0.959230
2016-06-17 25:00:00,   14.642387,    0.959574
2016-06-18 25:00:00,   14.498966,    0.971240
2016-06-19 25:00:00,   14.576338,    0.980317
2016-06-20 25:00:00,   14.502837,    0.983548
2016-06-21 25:00:00,   14.811054,    0.987063
2016-06-22 25:00:00,   14.564082,    1.013798
2016-06-23 25:00:00,   15.031260,    1.017135
2016-06-24 25:00:00,   14.576866,    1.018542
2016-06-25 25:00:00,   14.468546,    1.014495
2016-06-26 25:00:00,   14.363098,    1.016067
2016-06-27 25:00:00,   14.181700,    1.017470
2016-06-28 25:00:00,   14.146013,    1.019654
2016-06-29 25:00:00,   14.328053,    1.020195
2016-06-30 25:00:00,   14.832687,    1.020586
2016-07-01 25:00:00,   14.519021,    1.020706
2016-07-02 25:00:00,   14.569863,    1.021217
2016-07-03 25:00:00,   13.889696,    1.020980
2016-07-04 25:00:00,   13.636909,    1.022286
2016-07-05 25:00:00,   13.447318,    1.022848
2016-07-06 25:00:00,   13.329108,    1.023276
2016-07-07 25:00:00,   13.342666,    1.023644
2016-07-08 25:00:00,   13.371536,    1.019882
2016-07-09 25:00:00,   12.968018,    1.011702
2016-07-10 25:00:00,   12.959013,    1.008304
2016-07-11 25:00:00,   13.000470,    1.004724
2016-07-12 25:00:00,   13.007836,    1.001602
2016-07-13 25:00:00,   12.653623,    1.001765
2016-07-14 25:00:00,   12.551196,    1.002374
2016-07-15 25:00:00,   12.922867,    1.002687
2016-07-16 25:00:00,   13.258123,    1.001622
2016-07-17 25:00:00,   13.386611,    1.001155
2016-07-18 25:00:00,   13.467059,    1.001208
2016-07-19 25:00:00,   13.845513,    1.001760
2016-07-20 25:00:00,   13.261706,    1.001933
2016-07-21 25:00:00,   13.182802,    0.997673
2016-07-22 25:00:00,   13.742013,    0.998421
2016-07-23 25:00:00,   13.053117,    0.997195
2016-07-24 25:00:00,   13.608233,    0.998310
2016-07-25 25:00:00,   13.734274,    0.998674
2016-07-26 25:00:00,   13.980402,    0.998724
2016-07-27 25:00:00,   14.407957,    0.999772
2016-07-28 25:00:00,   14.635091,    0.999771
2016-07-29 25:00:00,   14.340106,    0.996993
2016-07-30 25:00:00,   14.175056,    0.997925
2016-07-31 25:00:00,   13.732637,    0.997389
2016-08-01 25:00:00,   14.126588,    0.998098
2016-08-02 25:00:00,   13.559314,    0.998285
2016-08-03 25:00:00,   13.019476,    0.996825
2016-08-04 25:00:00,   12.889467,    0.967789
2016-08-05 25:00:00,   13.536304,    0.986285
2016-08-06 25:00:00,   13.156717,    0.983411
2016-08-07 25:00:00,   13.082782,    0.983511
2016-08-08 25:00:00,   12.843444,    0.983037
2016-08-09 25:00:00,   12.819899,    0.982538
2016-08-10 25:00:00,   12.944237,    0.981819
2016-08-11 25:00:00,   13.107011,    0.980342
2016-08-12 25:00:00,   14.098051,    0.980571
2016-08-13 25:00:00,   14.357307,    0.981717
2016-08-14 25:00:00,   15.140926,    0.982313
2016-08-15 25:00:00,   13.933989,    0.969628
2016-08-16 25:00:00,   14.024657,    0.974542
2016-08-17 25:00:00,   13.621883,    0.967770
2016-08-18 25:00:00,   13.523776,    0.968566
2016-08-19 25:00:00,   13.430306,    0.957601
2016-08-20 25:00:00,   13.667893,    0.964639
2016-08-21 25:00:00,   13.375015,    0.965581
2016-08-22 25:00:00,   13.529255,    0.966333
2016-08-23 25:00:00,   14.227549,    0.967285
2016-08-24 25:00:00,   14.333295,    0.967773
2016-08-25 25:00:00,   14.100210,    0.967967
2016-08-26 25:00:00,   14.202045,    0.953101
2016-08-27 25:00:00,   14.038856,    0.951641
2016-08-28 25:00:00,   13.823197,    0.947321
2016-08-29 25:00:00,   15.282210,    0.943092
2016-08-30 25:00:00,   15.461977,    0.944012
2016-08-31 25:00:00,   14.661586,    0.931601
2016-09-01 25:00:00,   15.285306,    0.931255
2016-09-02 25:00:00,   15.625888,    0.930216
2016-09-03 25:00:00,   16.418270,    0.931518
2016-09-04 25:00:00,   15.940964,    0.931824
2016-09-05 25:00:00,   16.564014,    0.932640
2016-09-06 25:00:00,   16.691504,    0.933476
2016-09-07 25:00:00,   15.960345,    0.929957
2016-09-08 25:00:00,   16.731507,    0.930691
2016-09-09 25:00:00,   17.230834,    0.932315
2016-09-10 25:00:00,   17.289449,    0.932359
2016-09-11 25:00:00,   16.112708,    0.933423
2016-09-12 25:00:00,   15.754217,    0.934614
2016-09-13 25:00:00,   16.100492,    0.935850
2016-09-14 25:00:00,   16.467729,    0.936573
2016-09-15 25:00:00,   15.723824,    0.933089
2016-09-16 25:00:00,   16.246008,    0.934707
2016-09-17 25:00:00,   16.655956,    0.935632
2016-09-18 25:00:00,   15.751002,    0.927177
2016-09-19 25:00:00,   15.436400,    0.926947
2016-09-20 25:00:00,   16.574702,    0.927038
2016-09-21 25:00:00,   17.500867,    0.927797
2016-09-22 25:00:00,   16.343206,    0.921083
2016-09-23 25:00:00,   15.763088,    0.923253
2016-09-24 25:00:00,   16.644499,    0.923603
2016-09-25 25:00:00,   16.626285,    0.911592
2016-09-26 25:00:00,   16.421952,    0.898031
2016-09-27 25:00:00,   15.629739,    0.883937
2016-09-28 25:00:00,   15.872347,    0.889898
2016-09-29 25:00:00,   17.211219,    0.891076
2016-09-30 25:00:00,   16.472430,    0.890777
2016-10-01 25:00:00,   15.426336,    0.889998
2016-10-02 25:00:00,   15.683635,    0.892865
2016-10-03 25:00:00,   15.559546,    0.892270
2016-10-04 25:00:00,   16.940881,    0.892780
2016-10-05 25:00:00,   18.344633,    0.893842
2016-10-06 25:00:00,   19.172011,    0.894565
2016-10-07 25:00:00,   20.027014,    0.895548
2016-10-08 25:00:00,   18.606720,    0.887043
2016-10-09 25:00:00,   17.820032,    0.890521
2016-10-10 25:00:00,   18.015828,    0.891583
2016-10-11 25:00:00,   19.159950,    0.892946
2016-10-12 25:00:00,   20.889092,    0.895042
2016-10-13 25:00:00,   21.114441,    0.895957
2016-10-14 25:00:00,   19.987146,    0.895466
2016-10-15 25:00:00,   18.611036,    0.897062
2016-10-16 25:00:00,   19.502341,    0.898281
2016-10-17 25:00:00,   19.525538,    0.899841
2016-10-18 25:00:00,   19.767783,    0.901597
2016-10-19 25:00:00,   19.453909,    0.899783
2016-10-20 25:00:00,   18.949130,    0.901344
2016-10-21 25:00:00,   19.491147,    0.902314
2016-10-22 25:00:00,   20.886896,    0.904792
2016-10-23 25:00:00,   21.084837,    0.905955
2016-10-24 25:00:00,   21.306844,    0.908304
2016-10-25 25:00:00,   21.212940,    0.909425
2016-10-26 25:00:00,   22.243023,    0.910724
2016-10-27 25:00:00,   22.902055,    0.912673
2016-10-28 25:00:00,   23.476297,    0.914794
2016-10-29 25:00:00,   21.581635,    0.913693
2016-10-30 25:00:00,   21.275246,    0.916251
2016-10-31 25:00:00,   20.905053,    0.918016
2016-11-01 25:00:00,   21.274115,    0.919629
2016-11-02 25:00:00,   22.087598,    0.921833
2016-11-03 25:00:00,   22.621777,    0.924040
2016-11-04 25:00:00,   23.294857,    0.925239
2016-11-05 25:00:00,   24.662437,    0.927200
2016-11-06 25:00:00,   23.780647,    0.930076
2016-11-07 25:00:00,   22.907304,    0.932700
2016-11-08 25:00:00,   22.600697,    0.934261
2016-11-09 25:00:00,   22.813279,    0.936609
2016-11-10 25:00:00,   21.996923,    0.935515
2016-11-11 25:00:00,   22.028210,    0.937074
2016-11-12 25:00:00,   22.755869,    0.939120
2016-11-13 25:00:00,   23.336413,    0.940237
2016-11-14 25:00:00,   24.689632,    0.943979
2016-11-15 25:00:00,   25.373787,    0.946472
2016-11-16 25:00:00,   22.444069,    0.903167
2016-11-17 25:00:00,   22.916035,    0.908061
2016-11-18 25:00:00,   23.673276,    0.909278
2016-11-19 25:00:00,   24.166074,    0.912017
2016-11-20 25:00:00,   23.044824,    0.914898
2016-11-21 25:00:00,   21.959892,    0.916572
2016-11-22 25:00:00,   22.448498,    0.918113
2016-11-23 25:00:00,   23.744883,    0.920116
2016-11-24 25:00:00,   24.427379,    0.922532
2016-11-25 25:00:00,   25.530685,    0.925969
2016-11-26 25:00:00,   26.285693,    0.929018
2016-11-27 25:00:00,   26.205178,    0.931653
2016-11-28 25:00:00,   25.966817,    0.935137
2016-11-29 25:00:00,   25.010371,    0.937399
2016-11-30 25:00:00,   25.120743,    0.939501
2016-12-01 25:00:00,   24.599424,    0.941973
2016-12-02 25:00:00,   24.859268,    0.943804
2016-12-03 25:00:00,   24.068006,    0.944912
2016-12-04 25:00:00,   23.897380,    0.948010
2016-12-05 25:00:00,   23.905808,    0.949122
2016-12-06 25:00:00,   24.761671,    0.951837
2016-12-07 25:00:00,   24.034607,    0.954664
2016-12-08 25:00:00,   24.436593,    0.955733
2016-12-09 25:00:00,   25.500237,    0.959315
2016-12-10 25:00:00,   26.697842,    0.961682
2016-12-11 25:00:00,   26.122955,    0.964820
2016-12-12 25:00:00,   25.866684,    0.965242
2016-12-13 25:00:00,   25.639677,    0.966728
2016-12-14 25:00:00,   26.586871,    0.970062
2016-12-15 25:00:00,   26.453543,    0.972418
2016-12-16 25:00:00,   25.917929,    0.976100
2016-12-17 25:00:00,   25.631356,    0.977793
2016-12-18 25:00:00,   24.955261,    0.980349
2016-12-19 25:00:00,   25.187357,    0.980881
2016-12-20 25:00:00,   25.792144,    0.983158
2016-12-21 25:00:00,   27.511101,    0.987517
2016-12-22 25:00:00,   26.062795,    0.990852
2016-12-23 25:00:00,   26.561867,    0.993924
2016-12-24 25:00:00,   26.103706,    0.997151
2016-12-25 25:00:00,   26.008631,    1.000116
2016-12-26 25:00:00,   26.194164,    1.003059
2016-12-27 25:00:00,   24.324816,    1.002648
2016-12-28 25:00:00,   24.017676,    1.001245
2016-12-29 25:00:00,   24.467235,    1.002885
2016-12-30 25:00:00,   24.002115,    1.003174
2016-12-31 25:00:00,   24.322052,    1.005180
2017-01-01 25:00:00,   25.210647,    1.007077
2017-01-02 25:00:00,   25.968809,    1.008767
2017-01-03 25:00:00,   27.214945,    1.011206
2017-01-04 25:00:00,   28.601437,    1.014194
2017-01-05 25:00:00,   28.417527,    1.017177
2017-01-06 25:00:00,   28.527704,    1.019195
2017-01-07 25:00:00,   27.883014,    1.022280
2017-01-08 25:00:00,   27.774672,    1.024741
2017-01-09 25:00:00,   27.480200,    1.026631
2017-01-10 25:00:00,   26.191070,    1.028626
2017-01-11 25:00:00,   25.559431,    1.029061
2017-01-12 25:00:00,   25.544071,    1.031374
2017-01-13 25:00:00,   26.454090,    1.034764
2017-01-14 25:00:00,   26.474756,    1.037589
2017-01-15 25:00:00,   25.870680,    1.038633
2017-01-16 25:00:00,   26.591840,    1.041140
2017-01-17 25:00:00,   27.840265,    1.044227
2017-01-18 25:00:00,   28.203523,    1.047738
2017-01-19 25:00:00,   28.761256,    1.047973
2017-01-20 25:00:00,   28.093363,    1.054407
2017-01-21 25:00:00,   26.877924,    1.054097
2017-01-22 25:00:00,   27.177624,    1.057303
2017-01-23 25:00:00,   27.432598,    1.059928
2017-01-24 25:00:00,   28.014900,    1.062094
2017-01-25 25:00:00,   27.822050,    1.064363
2017-01-26 25:00:00,   28.031832,    1.067075
2017-01-27 25:00:00,   27.888671,    1.069111
2017-01-28 25:00:00,   27.992312,    1.071704
2017-01-29 25:00:00,   27.932565,    1.071607
2017-01-30 25:00:00,   26.686591,    1.074353
2017-01-31 25:00:00,   26.207260,    1.072024
2017-02-01 25:00:00,   26.334099,    1.075103
2017-02-02 25:00:00,   24.980597,    1.072540
2017-02-03 25:00:00,   24.302287,    1.070256
2017-02-04 25:00:00,   23.883121,    1.071167
2017-02-05 25:00:00,   24.191279,    1.071720
2017-02-06 25:00:00,   23.894473,    1.073024
2017-02-07 25:00:00,   24.990185,    1.074105
2017-02-08 25:00:00,   25.317207,    1.075672
2017-02-09 25:00:00,   26.658231,    1.077515
2017-02-10 25:00:00,   25.910526,    1.079285
2017-02-11 25:00:00,   26.004282,    1.038259
2017-02-12 25:00:00,   25.498296,    0.957020
2017-02-13 25:00:00,   26.316774,    0.948711
2017-02-14 25:00:00,   26.744178,    0.951366
2017-02-15 25:00:00,   26.201570,    0.953137
2017-02-16 25:00:00,   25.502621,    0.934608
2017-02-17 25:00:00,   26.754407,    0.934632
2017-02-18 25:00:00,   27.950834,    0.937101
2017-02-19 25:00:00,   25.941358,    0.938965
2017-02-20 25:00:00,   25.242171,    0.940062
2017-02-21 25:00:00,   24.742213,    0.945400
2017-02-22 25:00:00,   25.319646,    0.948548
2017-02-23 25:00:00,   25.031062,    0.950726
2017-02-24 25:00:00,   25.997875,    0.954010
2017-02-25 25:00:00,   26.746849,    0.957541
2017-02-26 25:00:00,   26.735422,    0.961267
2017-02-27 25:00:00,   26.955519,    0.965178
2017-02-28 25:00:00,   26.637788,    0.967422
2017-03-01 25:00:00,   26.783846,    0.970002
2017-03-02 25:00:00,   26.885373,    0.971379
2017-03-03 25:00:00,   25.949366,    0.974410
2017-03-04 25:00:00,   24.259868,    0.975632
2017-03-05 25:00:00,   23.937086,    0.979553
2017-03-06 25:00:00,   24.260834,    0.980468
2017-03-07 25:00:00,   24.539704,    0.982169
2017-03-08 25:00:00,   24.784036,    0.984801
2017-03-09 25:00:00,   24.718388,    0.986310
2017-03-10 25:00:00,   24.878172,    0.988995
2017-03-11 25:00:00,   25.178079,    0.989401
2017-03-12 25:00:00,   26.177495,    0.994610
2017-03-13 25:00:00,   25.794911,    0.995264
2017-03-14 25:00:00,   26.705179,    0.995213
2017-03-15 25:00:00,   26.003579,    0.997982
2017-03-16 25:00:00,   24.448859,    0.998887
2017-03-17 25:00:00,   23.990670,    0.999375
2017-03-18 25:00:00,   23.395541,    0.999947
2017-03-19 25:00:00,   22.612256,    1.000474
2017-03-20 25:00:00,   23.152941,    1.000541
2017-03-21 25:00:00,   24.456852,    1.003037
2017-03-22 25:00:00,   24.525905,    0.923665
2017-03-23 25:00:00,   25.295858,    0.943424
2017-03-24 25:00:00,   25.526526,    0.946605
2017-03-25 25:00:00,   24.955312,    0.950827
2017-03-26 25:00:00,   24.603464,    0.959288
2017-03-27 25:00:00,   23.694915,    0.966595
2017-03-28 25:00:00,   23.200649,    0.973418
2017-03-29 25:00:00,   23.417599,    0.976744
2017-03-30 25:00:00,   23.373120,    0.978186
2017-03-31 25:00:00,   23.053889,    0.979625
2017-04-01 25:00:00,   23.536912,    0.981943
2017-04-02 25:00:00,   23.520248,    0.983572
2017-04-03 25:00:00,   22.433918,    0.984702
2017-04-04 25:00:00,   21.797001,    0.985815
2017-04-05 25:00:00,   22.306105,    0.986871
2017-04-06 25:00:00,   21.660461,    0.986744
2017-04-07 25:00:00,   22.290458,    0.987888
2017-04-08 25:00:00,   22.578637,    0.989403
2017-04-09 25:00:00,   22.096462,    0.990440
2017-04-10 25:00:00,   21.705431,    0.991405
2017-04-11 25:00:00,   22.245006,    0.992272
2017-04-12 25:00:00,   20.484315,    0.991781
2017-04-13 25:00:00,   20.074569,    0.983425
2017-04-14 25:00:00,   19.642169,    0.984266
2017-04-15 25:00:00,   20.092647,    0.984623
2017-04-16 25:00:00,   21.030288,    0.985661
2017-04-17 25:00:00,   20.977736,    0.986202
2017-04-18 25:00:00,   21.808587,    0.987509
2017-04-19 25:00:00,   21.773765,    0.988075
2017-04-20 25:00:00,   22.360572,    0.989295
2017-04-21 25:00:00,   21.806546,    0.989739
2017-04-22 25:00:00,   20.822513,    0.990797
2017-04-23 25:00:00,   20.363039,    0.991186
2017-04-24 25:00:00,   20.128770,    0.991473
2017-04-25 25:00:00,   19.933850,    0.991792
2017-04-26 25:00:00,   20.082339,    0.992974
2017-04-27 25:00:00,   19.899762,    0.993115
2017-04-28 25:00:00,   20.250652,    0.994038
2017-04-29 25:00:00,   19.908647,    0.994505
2017-04-30 25:00:00,   19.970384,    0.995028
2017-05-01 25:00:00,   19.487249,    0.995055
2017-05-02 25:00:00,   19.723326,    0.995401
2017-05-03 25:00:00,   19.149789,    0.995493
2017-05-04 25:00:00,   18.927525,    0.995987
2017-05-05 25:00:00,   19.005528,    0.996705
2017-05-06 25:00:00,   18.808171,    0.997307
2017-05-07 25:00:00,   18.883413,    0.997386
2017-05-08 25:00:00,   18.875026,    0.997961
2017-05-09 25:00:00,   18.359607,    0.998081
2017-05-10 25:00:00,   18.039944,    0.998746
2017-05-11 25:00:00,   18.078706,    1.000147
2017-05-12 25:00:00,   18.149142,    1.000456
2017-05-13 25:00:00,   17.373057,    0.991350
2017-05-14 25:00:00,   17.179362,    0.992724
2017-05-15 25:00:00,   17.181969,    0.993401
2017-05-16 25:00:00,   17.077144,    0.993994
2017-05-17 25:00:00,   17.003491,    0.995574
2017-05-18 25:00:00,   16.677182,    0.995915
2017-05-19 25:00:00,   17.242376,    0.995937
2017-05-20 25:00:00,   17.414802,    0.996414
2017-05-21 25:00:00,   17.072863,    0.997431
2017-05-22 25:00:00,   17.226843,    0.973682
2017-05-23 25:00:00,   16.423216,    0.979125
2017-05-24 25:00:00,   16.605619,    0.982698
2017-05-25 25:00:00,   16.371749,    0.983203
2017-05-26 25:00:00,   16.235849,    0.973840
2017-05-27 25:00:00,   15.939008,    0.978430
2017-05-28 25:00:00,   16.379920,    0.980738
2017-05-29 25:00:00,   16.108530,    0.981559
2017-05-30 25:00:00,   16.338342,    0.982558
2017-05-31 25:00:00,   16.213762,    0.973508
2017-06-01 25:00:00,   16.296298,    0.979523
2017-06-02 25:00:00,   16.154671,    0.980913
2017-06-03 25:00:00,   16.385744,    0.981506
2017-06-04 25:00:00,   15.602031,    0.981367
2017-06-05 25:00:00,   15.745306,    0.983245
2017-06-06 25:00:00,   16.263707,    0.984406
2017-06-07 25:00:00,   15.948284,    0.984605
2017-06-08 25:00:00,   15.301374,    0.985466
2017-06-09 25:00:00,   15.049390,    0.993127
2017-06-10 25:00:00,   15.222722,    0.999407
2017-06-11 25:00:00,   14.709156,    1.000416
2017-06-12 25:00:00,   15.113898,    1.007397
2017-06-13 25:00:00,   14.827869,    1.008343
2017-06-14 25:00:00,   15.203830,    0.980018
2017-06-15 25:00:00,   14.801372,    0.965852
2017-06-16 25:00:00,   15.143511,    0.971872
2017-06-17 25:00:00,   14.862035,    0.973757
2017-06-18 25:00:00,   15.329047,    0.973900
2017-06-19 25:00:00,   15.662376,    0.974483
2017-06-20 25:00:00,   15.534553,    0.974990
2017-06-21 25:00:00,   15.705815,    0.975139
2017-06-22 25:00:00,   15.197083,    0.981340
2017-06-23 25:00:00,   15.047841,    0.959656
2017-06-24 25:00:00,   14.826580,    0.950504
2017-06-25 25:00:00,   14.628890,    0.952342
2017-06-26 25:00:00,   14.362131,    0.958804
2017-06-27 25:00:00,   13.918998,    0.975295
2017-06-28 25:00:00,   14.287552,    0.986784
2017-06-29 25:00:00,   13.892702,    0.987484
2017-06-30 25:00:00,   13.893672,    1.003539
2017-07-01 25:00:00,   13.934884,    1.046071
2017-07-02 25:00:00,   13.866349,    1.041464
2017-07-03 25:00:00,   13.820268,    1.032426
2017-07-04 25:00:00,   13.628235,    1.023003
2017-07-05 25:00:00,   13.802195,    1.023651
2017-07-06 25:00:00,   13.519593,    1.024004
2017-07-07 25:00:00,   13.288494,    1.024278
2017-07-08 25:00:00,   13.050339,    1.010442
2017-07-09 25:00:00,   12.642559,    0.999741
2017-07-10 25:00:00,   12.652688,    0.994502
2017-07-11 25:00:00,   12.799858,    0.989327
2017-07-12 25:00:00,   12.538763,    0.987159
2017-07-13 25:00:00,   12.995048,    0.986649
2017-07-14 25:00:00,   13.629644,    0.985936
2017-07-15 25:00:00,   12.708498,    0.986702
2017-07-16 25:00:00,   12.642116,    0.983729
2017-07-17 25:00:00,   12.761227,    0.983554
2017-07-18 25:00:00,   13.124510,    0.982750
2017-07-19 25:00:00,   13.217474,    0.983989
2017-07-20 25:00:00,   13.308487,    0.984573
2017-07-21 25:00:00,   13.531547,    0.984898
2017-07-22 25:00:00,   13.581394,    0.985357
2017-07-23 25:00:00,   13.681054,    0.985846
2017-07-24 25:00:00,   13.066747,    0.985923
2017-07-25 25:00:00,   13.065086,    0.985433
2017-07-26 25:00:00,   13.631869,    0.984312
2017-07-27 25:00:00,   14.158195,    0.980678
2017-07-28 25:00:00,   14.149650,    0.979310
2017-07-29 25:00:00,   13.832642,    0.976238
2017-07-30 25:00:00,   13.845175,    0.976700
2017-07-31 25:00:00,   14.581904,    0.976747
2017-08-01 25:00:00,   14.943961,    0.977639
2017-08-02 25:00:00,   14.821241,    0.965362
2017-08-03 25:00:00,   15.224801,    0.953915
2017-08-04 25:00:00,   15.165945,    0.954320
2017-08-05 25:00:00,   15.248168,    0.954890
2017-08-06 25:00:00,   15.306959,    0.956070
2017-08-07 25:00:00,   15.400336,    0.956908
2017-08-08 25:00:00,   15.046769,    0.958061
2017-08-09 25:00:00,   14.765176,    0.960742
2017-08-10 25:00:00,   14.126659,    0.927342
2017-08-11 25:00:00,   13.586529,    0.904697
2017-08-12 25:00:00,   13.730020,    0.886044
2017-08-13 25:00:00,   13.830571,    0.887640
2017-08-14 25:00:00,   14.562454,    0.885494
2017-08-15 25:00:00,   14.842725,    0.886200
2017-08-16 25:00:00,   14.324544,    0.886310
2017-08-17 25:00:00,   14.056299,    0.884744
2017-08-18 25:00:00,   13.727846,    0.883762
2017-08-19 25:00:00,   14.311703,    0.886191
2017-08-20 25:00:00,   14.011270,    0.876203
2017-08-21 25:00:00,   14.344428,    0.876029
2017-08-22 25:00:00,   14.522022,    0.873877
2017-08-23 25:00:00,   15.166108,    0.874774
2017-08-24 25:00:00,   15.016126,    0.874983
2017-08-25 25:00:00,   15.273749,    0.876074
2017-08-26 25:00:00,   15.483198,    0.876678
2017-08-27 25:00:00,   15.891862,    0.877483
2017-08-28 25:00:00,   16.212681,    0.877505
2017-08-29 25:00:00,   17.311440,    0.878795
2017-08-30 25:00:00,   17.183539,    0.879186
2017-08-31 25:00:00,   15.910743,    0.863303
2017-09-01 25:00:00,   15.314523,    0.868140
2017-09-02 25:00:00,   15.114347,    0.869944
2017-09-03 25:00:00,   16.061311,    0.870395
2017-09-04 25:00:00,   17.130035,    0.869146
2017-09-05 25:00:00,   17.619346,    0.871150
2017-09-06 25:00:00,   17.763170,    0.871320
2017-09-07 25:00:00,   16.617910,    0.858163
2017-09-08 25:00:00,   15.908405,    0.858935
2017-09-09 25:00:00,   16.041485,    0.857122
2017-09-10 25:00:00,   16.735539,    0.858040
2017-09-11 25:00:00,   15.901162,    0.860865
2017-09-12 25:00:00,   15.832086,    0.857501
2017-09-13 25:00:00,   16.016799,    0.858195
2017-09-14 25:00:00,   16.767775,    0.859627
2017-09-15 25:00:00,   16.355663,    0.862499
2017-09-16 25:00:00,   16.765890,    0.864714
2017-09-17 25:00:00,   17.211332,    0.866065
2017-09-18 25:00:00,   16.439561,    0.867172
2017-09-19 25:00:00,   17.037266,    0.867722
2017-09-20 25:00:00,   17.933889,    0.868922
2017-09-21 25:00:00,   18.580623,    0.870603
2017-09-22 25:00:00,   19.378786,    0.871665
2017-09-23 25:00:00,   20.046648,    0.872807
2017-09-24 25:00:00,   20.541179,    0.873552
2017-09-25 25:00:00,   21.023678,    0.871155
2017-09-26 25:00:00,   20.525544,    0.856435
2017-09-27 25:00:00,   20.452299,    0.851366
2017-09-28 25:00:00,   20.872101,    0.854538
2017-09-29 25:00:00,   20.429206,    0.856074
2017-09-30 25:00:00,   20.411977,    0.857826
2017-10-01 25:00:00,   21.399139,    0.858996
2017-10-02 25:00:00,   20.647745,    0.860606
2017-10-03 25:00:00,   21.599642,    0.861766
2017-10-04 25:00:00,   21.830571,    0.863770
2017-10-05 25:00:00,   20.552071,    0.864704
2017-10-06 25:00:00,   20.526642,    0.866742
2017-10-07 25:00:00,   21.054098,    0.868612
2017-10-08 25:00:00,   21.588659,    0.868510
2017-10-09 25:00:00,   22.398967,    0.872155
2017-10-10 25:00:00,   20.125203,    0.873229
2017-10-11 25:00:00,   20.063247,    0.875077
2017-10-12 25:00:00,   20.135835,    0.876317
2017-10-13 25:00:00,   20.184498,    0.877601
2017-10-14 25:00:00,   19.911296,    0.880058
2017-10-15 25:00:00,   19.962429,    0.881816
2017-10-16 25:00:00,   20.389956,    0.883278
2017-10-17 25:00:00,   21.189709,    0.884917
2017-10-18 25:00:00,   22.326426,    0.886668
2017-10-19 25:00:00,   24.044795,    0.887954
2017-10-20 25:00:00,   21.370814,    0.878471
2017-10-21 25:00:00,   21.285043,    0.881188
2017-10-22 25:00:00,   21.517134,    0.883361
2017-10-23 25:00:00,   21.285972,    0.884651
2017-10-24 25:00:00,   21.368232,    0.887039
2017-10-25 25:00:00,   21.681141,    0.888663
2017-10-26 25:00:00,   22.547932,    0.890030
2017-10-27 25:00:00,   21.711903,    0.891691
2017-10-28 25:00:00,   20.547564,    0.893408
2017-10-29 25:00:00,   20.831251,    0.895055
2017-10-30 25:00:00,   21.502231,    0.896938
2017-10-31 25:00:00,   21.700226,    0.898655
2017-11-01 25:00:00,   22.145021,    0.901234
2017-11-02 25:00:00,   22.753027,    0.903782
2017-11-03 25:00:00,   24.172533,    0.906566
2017-11-04 25:00:00,   23.078775,    0.908649
2017-11-05 25:00:00,   22.623166,    0.909283
2017-11-06 25:00:00,   23.090156,    0.911182
2017-11-07 25:00:00,   22.681051,    0.912651
2017-11-08 25:00:00,   24.047390,    0.914503
2017-11-09 25:00:00,   23.500780,    0.915103
2017-11-10 25:00:00,   22.598132,    0.913023
2017-11-11 25:00:00,   22.154416,    0.914544
2017-11-12 25:00:00,   21.725049,    0.916509
2017-11-13 25:00:00,   21.731979,    0.917251
2017-11-14 25:00:00,   21.901929,    0.919624
2017-11-15 25:00:00,   22.237574,    0.921493
2017-11-16 25:00:00,   23.077660,    0.923695
2017-11-17 25:00:00,   24.189471,    0.926576
2017-11-18 25:00:00,   24.647737,    0.928589
2017-11-19 25:00:00,   25.006590,    0.931219
2017-11-20 25:00:00,   25.823332,    0.933568
2017-11-21 25:00:00,   25.796688,    0.933251
2017-11-22 25:00:00,   25.393386,    0.936640
2017-11-23 25:00:00,   24.496810,    0.938992
2017-11-24 25:00:00,   24.666843,    0.940506
2017-11-25 25:00:00,   24.521713,    0.943116
2017-11-26 25:00:00,   24.900619,    0.947142
2017-11-27 25:00:00,   24.883496,    0.949569
2017-11-28 25:00:00,   24.981427,    0.952091
2017-11-29 25:00:00,   25.425882,    0.955263
2017-11-30 25:00:00,   26.041432,    0.959133
2017-12-01 25:00:00,   23.848645,    0.958084
2017-12-02 25:00:00,   23.186004,    0.961720
2017-12-03 25:00:00,   22.807683,    0.962424
2017-12-04 25:00:00,   23.521462,    0.961462
2017-12-05 25:00:00,   22.970899,    0.960976
2017-12-06 25:00:00,   22.189196,    0.960498
2017-12-07 25:00:00,   23.033762,    0.959256
2017-12-08 25:00:00,   22.605576,    0.960628
2017-12-09 25:00:00,   22.669964,    0.961657
2017-12-10 25:00:00,   23.245444,    0.963470
2017-12-11 25:00:00,   23.959091,    0.966031
2017-12-12 25:00:00,   24.921339,    0.968978
2017-12-13 25:00:00,   24.234325,    0.972097
2017-12-14 25:00:00,   23.902134,    0.974846
2017-12-15 25:00:00,   24.219253,    0.976486
2017-12-16 25:00:00,   24.308764,    0.978906
2017-12-17 25:00:00,   24.799946,    0.982497
2017-12-18 25:00:00,   24.873267,    0.986705
2017-12-19 25:00:00,   24.225629,    0.987564
2017-12-20 25:00:00,   22.165569,    0.980964
2017-12-21 25:00:00,   22.494669,    0.982632
2017-12-22 25:00:00,   22.472675,    0.983012
2017-12-23 25:00:00,   22.919483,    0.983591
2017-12-24 25:00:00,   25.928908,    0.984686
2017-12-25 25:00:00,   27.206025,    0.988862
2017-12-26 25:00:00,   27.162825,    0.995410
2017-12-27 25:00:00,   26.945647,    0.999048
2017-12-28 25:00:00,   26.628827,    1.001747
2017-12-29 25:00:00,   26.742138,    1.004682
2017-12-30 25:00:00,   26.760375,    1.007814
2017-12-31 25:00:00,   26.101538,    1.009581
2018-01-01 25:00:00,   26.626840,    1.013197
2018-01-02 25:00:00,   27.081848,    1.014958
2018-01-03 25:00:00,   27.232872,    1.014745
2018-01-04 25:00:00,   29.004702,    1.018014
2018-01-05 25:00:00,   27.782605,    1.003273
2018-01-06 25:00:00,   27.573420,    1.007358
2018-01-07 25:00:00,   26.969383,    1.009568
2018-01-08 25:00:00,   27.117078,    1.012582
2018-01-09 25:00:00,   27.749333,    1.016132
2018-01-10 25:00:00,   27.780238,    1.019707
2018-01-11 25:00:00,   28.098113,    1.022609
2018-01-12 25:00:00,   27.856035,    1.025400
2018-01-13 25:00:00,   27.693327,    1.028043
2018-01-14 25:00:00,   26.851248,    1.027327
2018-01-15 25:00:00,   26.372646,    1.028030
2018-01-16 25:00:00,   26.733509,    1.028134
2018-01-17 25:00:00,   26.657972,    0.925512
2018-01-18 25:00:00,   26.648721,    0.871488
2018-01-19 25:00:00,   26.443062,    0.874536
2018-01-20 25:00:00,   26.042718,    0.878277
2018-01-21 25:00:00,   25.574971,    0.879525
2018-01-22 25:00:00,   25.535421,    0.882354
2018-01-23 25:00:00,   25.288088,    0.885083
2018-01-24 25:00:00,   23.812113,    0.882170
2018-01-25 25:00:00,   24.425118,    0.889681
2018-01-26 25:00:00,   24.663118,    0.891495
2018-01-27 25:00:00,   25.563728,    0.892674
2018-01-28 25:00:00,   27.594350,    0.894023
2018-01-29 25:00:00,   28.867076,    0.896227
2018-01-30 25:00:00,   29.519250,    0.899836
2018-01-31 25:00:00,   27.348451,    0.900115
2018-02-01 25:00:00,   26.751949,    0.902051
2018-02-02 25:00:00,   26.913530,    0.904757
2018-02-03 25:00:00,   27.222060,    0.908129
2018-02-04 25:00:00,   27.106252,    0.911652
2018-02-05 25:00:00,   25.596463,    0.913565
2018-02-06 25:00:00,   24.759416,    0.918588
2018-02-07 25:00:00,   25.338089,    0.918285
2018-02-08 25:00:00,   26.845010,    0.923122
2018-02-09 25:00:00,   28.210498,    0.926138
2018-02-10 25:00:00,   28.093211,    0.930081
2018-02-11 25:00:00,   26.905401,    0.932864
2018-02-12 25:00:00,   26.161401,    0.935587
2018-02-13 25:00:00,   26.770961,    0.936117
2018-02-14 25:00:00,   26.967127,    0.936979
2018-02-15 25:00:00,   27.607654,    0.939896
2018-02-16 25:00:00,   28.126045,    0.943517
2018-02-17 25:00:00,   27.767038,    0.946657
2018-02-18 25:00:00,   28.196465,    0.948352
2018-02-19 25:00:00,   27.741017,    0.952033
2018-02-20 25:00:00,   25.585522,    0.950546
2018-02-21 25:00:00,   27.280592,    0.953734
2018-02-22 25:00:00,   27.198328,    0.957457
2018-02-23 25:00:00,   27.992810,    0.959916
2018-02-24 25:00:00,   28.159374,    0.962114
2018-02-25 25:00:00,   29.117578,    0.962977
2018-02-26 25:00:00,   30.680516,    0.965028
2018-02-27 25:00:00,   30.603071,    0.968435
2018-02-28 25:00:00,   30.443085,    0.971769
2018-03-01 25:00:00,   28.836145,    0.973690
2018-03-02 25:00:00,   28.642380,    0.977733
2018-03-03 25:00:00,   28.241222,    0.978410
2018-03-04 25:00:00,   28.581973,    0.980549
2018-03-05 25:00:00,   27.637622,    0.982146
2018-03-06 25:00:00,   26.676978,    0.982082
2018-03-07 25:00:00,   26.104429,    0.982019
2018-03-08 25:00:00,   25.569644,    0.984153
2018-03-09 25:00:00,   25.580414,    0.983837
2018-03-10 25:00:00,   25.710942,    0.985250
2018-03-11 25:00:00,   25.347293,    0.987604
2018-03-12 25:00:00,   24.414075,    0.988539
2018-03-13 25:00:00,   24.379628,    0.989822
2018-03-14 25:00:00,   25.212331,    0.991563
2018-03-15 25:00:00,   24.656604,    0.994330
2018-03-16 25:00:00,   25.016279,    0.996814
2018-03-17 25:00:00,   25.541571,    0.998132
2018-03-18 25:00:00,   26.349519,    1.000830
2018-03-19 25:00:00,   25.337854,    1.002860
2018-03-20 25:00:00,   24.396408,    1.003356
2018-03-21 25:00:00,   24.478276,    1.002751
2018-03-22 25:00:00,   25.057229,    1.004326
2018-03-23 25:00:00,   25.607936,    1.006189
2018-03-24 25:00:00,   25.983628,    1.008431
2018-03-25 25:00:00,   26.081125,    1.010286
2018-03-26 25:00:00,   26.053150,    1.012315
2018-03-27 25:00:00,   26.484675,    1.014311
2018-03-28 25:00:00,   25.975191,    1.015983
2018-03-29 25:00:00,   25.572390,    1.017922
2018-03-30 25:00:00,   25.195124,    1.018396
2018-03-31 25:00:00,   25.126651,    1.018980
2018-04-01 25:00:00,   24.875244,    1.021593
2018-04-02 25:00:00,   24.346202,    1.020923
2018-04-03 25:00:00,   24.255631,    1.022987
2018-04-04 25:00:00,   23.940314,    1.024376
2018-04-05 25:00:00,   24.427915,    1.025427
2018-04-06 25:00:00,   24.181856,    1.026304
2018-04-07 25:00:00,   23.114414,    1.023612
2018-04-08 25:00:00,   22.699712,    1.023201
2018-04-09 25:00:00,   21.828106,    1.021499
2018-04-10 25:00:00,   21.400793,    1.016931
2018-04-11 25:00:00,   21.600571,    0.990917
2018-04-12 25:00:00,   21.407676,    1.004272
2018-04-13 25:00:00,   22.070369,    1.005243
2018-04-14 25:00:00,   22.020547,    1.005949
2018-04-15 25:00:00,   21.992372,    1.007837
2018-04-16 25:00:00,   22.039471,    1.008331
2018-04-17 25:00:00,   21.472086,    1.008618
2018-04-18 25:00:00,   21.180258,    1.009675
2018-04-19 25:00:00,   20.971521,    1.010474
2018-04-20 25:00:00,   20.597020,    1.010740
2018-04-21 25:00:00,   20.760544,    1.011756
2018-04-22 25:00:00,   21.675933,    1.012605
2018-04-23 25:00:00,   22.016203,    1.013090
2018-04-24 25:00:00,   22.226738,    1.014235
2018-04-25 25:00:00,   22.586882,    1.014514
2018-04-26 25:00:00,   22.431609,    1.008296
2018-04-27 25:00:00,   20.928962,    1.006174
2018-04-28 25:00:00,   20.149517,    1.006421
2018-04-29 25:00:00,   20.057150,    1.007265
2018-04-30 25:00:00,   20.015770,    1.007647
2018-05-01 25:00:00,   20.247678,    1.008309
2018-05-02 25:00:00,   20.292539,    1.008999
2018-05-03 25:00:00,   20.363553,    1.009904
2018-05-04 25:00:00,   20.451628,    1.010975
2018-05-05 25:00:00,   20.088216,    1.011546
2018-05-06 25:00:00,   19.630560,    1.011808
2018-05-07 25:00:00,   19.244199,    1.011626
2018-05-08 25:00:00,   19.290520,    1.011725
2018-05-09 25:00:00,   18.921596,    1.012775
2018-05-10 25:00:00,   19.117584,    1.013705
2018-05-11 25:00:00,   18.823609,    1.014599
2018-05-12 25:00:00,   18.557048,    1.015039
2018-05-13 25:00:00,   18.223739,    1.015684
2018-05-14 25:00:00,   17.920477,    1.016315
2018-05-15 25:00:00,   17.444192,    1.015747
2018-05-16 25:00:00,   17.623796,    1.012854
2018-05-17 25:00:00,   17.632444,    1.012248
2018-05-18 25:00:00,   18.004974,    1.006453
2018-05-19 25:00:00,   17.917651,    1.006686
2018-05-20 25:00:00,   17.251032,    0.997108
2018-05-21 25:00:00,   17.138813,    1.000231
2018-05-22 25:00:00,   17.407352,    1.000930
2018-05-23 25:00:00,   17.708509,    1.001351
2018-05-24 25:00:00,   17.104142,    1.001724
2018-05-25 25:00:00,   16.752712,    1.001727
2018-05-26 25:00:00,   16.790392,    0.987922
2018-05-27 25:00:00,   16.946989,    0.974484
2018-05-28 25:00:00,   17.162857,    0.975029
2018-05-29 25:00:00,   16.884627,    0.972713
2018-05-30 25:00:00,   17.029014,    0.965985
2018-05-31 25:00:00,   17.165567,    0.966329
2018-06-01 25:00:00,   17.094481,    0.957162
2018-06-02 25:00:00,   16.938637,    0.956799
2018-06-03 25:00:00,   16.876451,    0.957986
2018-06-04 25:00:00,   16.245997,    0.961046
2018-06-05 25:00:00,   16.057664,    0.967727
2018-06-06 25:00:00,   15.886655,    0.971516
2018-06-07 25:00:00,   15.751177,    0.972320
2018-06-08 25:00:00,   15.534582,    0.973072
2018-06-09 25:00:00,   15.328012,    0.976879
2018-06-10 25:00:00,   15.006745,    0.981898
2018-06-11 25:00:00,   14.695576,    0.980341
2018-06-12 25:00:00,   14.585221,    0.980278
2018-06-13 25:00:00,   14.136865,    0.993375
2018-06-14 25:00:00,   13.933306,    1.014361
2018-06-15 25:00:00,   14.066137,    1.021404
2018-06-16 25:00:00,   14.564766,    1.024551
2018-06-17 25:00:00,   14.163172,    1.024715
2018-06-18 25:00:00,   14.269881,    1.038950
2018-06-19 25:00:00,   14.408894,    1.044615
2018-06-20 25:00:00,   14.869288,    1.053862
2018-06-21 25:00:00,   15.241832,    1.051929
2018-06-22 25:00:00,   15.044956,    1.049931
2018-06-23 25:00:00,   15.326703,    1.050178
2018-06-24 25:00:00,   15.465475,    1.018430
2018-06-25 25:00:00,   15.637504,    1.031006
2018-06-26 25:00:00,   15.819797,    1.033673
2018-06-27 25:00:00,   15.473747,    1.034242
2018-06-28 25:00:00,   14.972766,    1.021080
2018-06-29 25:00:00,   15.128820,    0.999332
2018-06-30 25:00:00,   14.644831,    1.010952
2018-07-01 25:00:00,   14.464271,    1.012339
2018-07-02 25:00:00,   14.148128,    1.012115
2018-07-03 25:00:00,   13.961101,    1.010199
2018-07-04 25:00:00,   14.042587,    0.997275
2018-07-05 25:00:00,   14.190561,    0.984580
2018-07-06 25:00:00,   14.119836,    0.984785
2018-07-07 25:00:00,   13.655925,    0.984771
2018-07-08 25:00:00,   13.495245,    0.985181
2018-07-09 25:00:00,   13.455393,    0.986359
2018-07-10 25:00:00,   13.165343,    0.986389
2018-07-11 25:00:00,   12.935271,    0.981803
2018-07-12 25:00:00,   13.556764,    0.982339
2018-07-13 25:00:00,   14.059948,    0.982460
2018-07-14 25:00:00,   14.203080,    0.982908
2018-07-15 25:00:00,   13.781622,    0.975349
2018-07-16 25:00:00,   14.225594,    0.975151
2018-07-17 25:00:00,   13.989449,    0.974398
2018-07-18 25:00:00,   14.109116,    0.974690
2018-07-19 25:00:00,   14.361637,    0.974586
2018-07-20 25:00:00,   13.983401,    0.940459
2018-07-21 25:00:00,   14.013860,    0.943817
2018-07-22 25:00:00,   13.837902,    0.932712
2018-07-23 25:00:00,   14.046815,    0.933108
2018-07-24 25:00:00,   14.244825,    0.933171
2018-07-25 25:00:00,   13.889351,    0.935319
2018-07-26 25:00:00,   14.352375,    0.937549
2018-07-27 25:00:00,   14.470162,    0.924612
2018-07-28 25:00:00,   14.921866,    0.916577
2018-07-29 25:00:00,   14.706376,    0.918970
2018-07-30 25:00:00,   14.947135,    0.915527
2018-07-31 25:00:00,   15.010931,    0.912898
2018-08-01 25:00:00,   15.124045,    0.913765
2018-08-02 25:00:00,   15.149497,    0.909741
2018-08-03 25:00:00,   14.812361,    0.910345
2018-08-04 25:00:00,   15.259739,    0.911355
2018-08-05 25:00:00,   14.852186,    0.911888
2018-08-06 25:00:00,   14.734983,    0.913407
2018-08-07 25:00:00,   15.285124,    0.911049
2018-08-08 25:00:00,   14.880549,    0.912084
2018-08-09 25:00:00,   15.308464,    0.912991
2018-08-10 25:00:00,   15.285572,    0.913370
2018-08-11 25:00:00,   15.341142,    0.913996
2018-08-12 25:00:00,   15.443023,    0.913770
2018-08-13 25:00:00,   15.813017,    0.864926
2018-08-14 25:00:00,   15.440456,    0.890312
2018-08-15 25:00:00,   14.886777,    0.893232
2018-08-16 25:00:00,   14.593320,    0.893571
2018-08-17 25:00:00,   14.951153,    0.894292
2018-08-18 25:00:00,   15.298698,    0.895076
2018-08-19 25:00:00,   15.741457,    0.894832
2018-08-20 25:00:00,   16.832049,    0.895479
2018-08-21 25:00:00,   17.086022,    0.866649
2018-08-22 25:00:00,   17.326928,    0.878021
2018-08-23 25:00:00,   16.863678,    0.877149
2018-08-24 25:00:00,   16.513128,    0.877748
2018-08-25 25:00:00,   16.851924,    0.878707
2018-08-26 25:00:00,   17.293998,    0.878702
2018-08-27 25:00:00,   17.642093,    0.879999
2018-08-28 25:00:00,   17.686937,    0.880697
2018-08-29 25:00:00,   18.098665,    0.880599
2018-08-30 25:00:00,   18.836240,    0.881641
2018-08-31 25:00:00,   19.682469,    0.882250
2018-09-01 25:00:00,   19.261679,    0.878764
2018-09-02 25:00:00,   17.742276,    0.877518
2018-09-03 25:00:00,   17.106017,    0.877916
2018-09-04 25:00:00,   17.077792,    0.878891
2018-09-05 25:00:00,   16.842485,    0.879946
2018-09-06 25:00:00,   16.824457,    0.881036
2018-09-07 25:00:00,   16.688147,    0.882108
2018-09-08 25:00:00,   16.737647,    0.883204
2018-09-09 25:00:00,   17.436691,    0.884233
2018-09-10 25:00:00,   17.438022,    0.884873
2018-09-11 25:00:00,   18.275021,    0.885870
2018-09-12 25:00:00,   18.856214,    0.887133
2018-09-13 25:00:00,   19.514395,    0.888414
2018-09-14 25:00:00,   20.297308,    0.888336
2018-09-15 25:00:00,   20.431117,    0.889591
2018-09-16 25:00:00,   19.874768,    0.890698
2018-09-17 25:00:00,   19.203652,    0.884878
2018-09-18 25:00:00,   17.830512,    0.866042
2018-09-19 25:00:00,   17.568147,    0.868593
2018-09-20 25:00:00,   18.118205,    0.869545
2018-09-21 25:00:00,   17.235611,    0.862596
2018-09-22 25:00:00,   16.920601,    0.862817
2018-09-23 25:00:00,   18.080418,    0.863143
2018-09-24 25:00:00,   18.738333,    0.865194
2018-09-25 25:00:00,   19.102172,    0.865817
2018-09-26 25:00:00,   17.818431,    0.865782
2018-09-27 25:00:00,   16.696966,    0.854778
2018-09-28 25:00:00,   17.823056,    0.856463
2018-09-29 25:00:00,   17.856737,    0.857774
2018-09-30 25:00:00,   17.746249,    0.858879
2018-10-01 25:00:00,   20.038798,    0.859784
2018-10-02 25:00:00,   19.192052,    0.847494
2018-10-03 25:00:00,   19.368166,    0.850102
2018-10-04 25:00:00,   20.363964,    0.851629
2018-10-05 25:00:00,   20.701591,    0.852541
2018-10-06 25:00:00,   21.205833,    0.853574
2018-10-07 25:00:00,   22.424473,    0.855126
2018-10-08 25:00:00,   23.093016,    0.856521
2018-10-09 25:00:00,   22.052803,    0.857696
2018-10-10 25:00:00,   22.843446,    0.860016
2018-10-11 25:00:00,   23.064922,    0.860966
2018-10-12 25:00:00,   22.984231,    0.862383
2018-10-13 25:00:00,   21.797757,    0.864336
2018-10-14 25:00:00,   21.806229,    0.866174
2018-10-15 25:00:00,   22.610087,    0.867387
2018-10-16 25:00:00,   22.870034,    0.869416
2018-10-17 25:00:00,   22.916382,    0.871140
2018-10-18 25:00:00,   21.890426,    0.859781
2018-10-19 25:00:00,   21.728508,    0.862447
2018-10-20 25:00:00,   21.971754,    0.864492
2018-10-21 25:00:00,   22.596298,    0.866300
2018-10-22 25:00:00,   22.109295,    0.866833
2018-10-23 25:00:00,   22.031638,    0.867717
2018-10-24 25:00:00,   21.502322,    0.868532
2018-10-25 25:00:00,   21.537935,    0.860838
2018-10-26 25:00:00,   21.640130,    0.860834
2018-10-27 25:00:00,   22.654198,    0.862548
2018-10-28 25:00:00,   22.354925,    0.864315
2018-10-29 25:00:00,   22.757299,    0.866617
2018-10-30 25:00:00,   23.053805,    0.868999
2018-10-31 25:00:00,   23.459400,    0.871451
2018-11-01 25:00:00,   23.985885,    0.872928
2018-11-02 25:00:00,   25.244603,    0.867401
2018-11-03 25:00:00,   24.857576,    0.868784
2018-11-04 25:00:00,   24.692875,    0.872546
2018-11-05 25:00:00,   22.915999,    0.859380
2018-11-06 25:00:00,   23.394762,    0.842975
2018-11-07 25:00:00,   22.317102,    0.849566
2018-11-08 25:00:00,   20.900021,    0.848284
2018-11-09 25:00:00,   21.846997,    0.850191
2018-11-10 25:00:00,   23.099817,    0.850473
2018-11-11 25:00:00,   23.057043,    0.853642
2018-11-12 25:00:00,   23.820638,    0.855733
2018-11-13 25:00:00,   24.065171,    0.858495
2018-11-14 25:00:00,   23.978588,    0.860340
2018-11-15 25:00:00,   23.755042,    0.862957
2018-11-16 25:00:00,   24.232118,    0.864137
2018-11-17 25:00:00,   23.623489,    0.863046
2018-11-18 25:00:00,   23.673232,    0.865579
2018-11-19 25:00:00,   23.371454,    0.867176
2018-11-20 25:00:00,   23.324058,    0.869149
2018-11-21 25:00:00,   23.830786,    0.871332
2018-11-22 25:00:00,   24.741925,    0.873558
2018-11-23 25:00:00,   25.606384,    0.877953
2018-11-24 25:00:00,   25.399317,    0.880412
2018-11-25 25:00:00,   25.465816,    0.881980
2018-11-26 25:00:00,   23.890603,    0.884672
2018-11-27 25:00:00,   23.100997,    0.886528
2018-11-28 25:00:00,   23.033485,    0.887970
2018-11-29 25:00:00,   22.836034,    0.890444
2018-11-30 25:00:00,   22.940450,    0.892114
2018-12-01 25:00:00,   23.808217,    0.896109
2018-12-02 25:00:00,   24.570367,    0.899694
2018-12-03 25:00:00,   24.806140,    0.901488
2018-12-04 25:00:00,   25.510093,    0.902934
2018-12-05 25:00:00,   26.416858,    0.905971
2018-12-06 25:00:00,   25.018365,    0.876415
2018-12-07 25:00:00,   24.982129,    0.876737
2018-12-08 25:00:00,   24.420867,    0.879324
2018-12-09 25:00:00,   24.830422,    0.881219
2018-12-10 25:00:00,   26.021919,    0.884467
2018-12-11 25:00:00,   26.431600,    0.886602
2018-12-12 25:00:00,   23.652642,    0.824991
2018-12-13 25:00:00,   22.640918,    0.826951
2018-12-14 25:00:00,   24.377334,    0.833042
2018-12-15 25:00:00,   23.553397,    0.834690
2018-12-16 25:00:00,   24.279282,    0.835497
2018-12-17 25:00:00,   25.313552,    0.837093
2018-12-18 25:00:00,   25.870825,    0.839911
2018-12-19 25:00:00,   25.889874,    0.842921
2018-12-20 25:00:00,   26.495820,    0.845601
2018-12-21 25:00:00,   26.544239,    0.847991
2018-12-22 25:00:00,   26.497604,    0.850402
2018-12-23 25:00:00,   26.192399,    0.853634
2018-12-24 25:00:00,   26.290619,    0.855852
2018-12-25 25:00:00,   26.266444,    0.859461
2018-12-26 25:00:00,   26.372790,    0.861317
2018-12-27 25:00:00,   26.655077,    0.865141
2018-12-28 25:00:00,   26.581838,    0.867121
2018-12-29 25:00:00,   27.954874,    0.870741
2018-12-30 25:00:00,   28.164515,    0.873802
2018-12-31 25:00:00,   27.770641,    0.876534
2019-01-01 25:00:00,   27.308339,    0.879378
2019-01-02 25:00:00,   27.070545,    0.882412
2019-01-03 25:00:00,   26.448142,    0.885004
2019-01-04 25:00:00,   26.892032,    0.888058
2019-01-05 25:00:00,   27.207331,    0.889915
2019-01-06 25:00:00,   26.200162,    0.891942
2019-01-07 25:00:00,   25.413588,    0.894307
2019-01-08 25:00:00,   25.331642,    0.896181
2019-01-09 25:00:00,   25.479751,    0.898039
2019-01-10 25:00:00,   26.273693,    0.901054
2019-01-11 25:00:00,   26.595905,    0.903647
2019-01-12 25:00:00,   27.775684,    0.907891
2019-01-13 25:00:00,   28.305775,    0.910381
2019-01-14 25:00:00,   28.888861,    0.911031
2019-01-15 25:00:00,   29.341251,    0.914675
2019-01-16 25:00:00,   27.393156,    0.917216
2019-01-17 25:00:00,   26.931056,    0.919559
2019-01-18 25:00:00,   27.379584,    0.922545
2019-01-19 25:00:00,   28.301463,    0.923773
2019-01-20 25:00:00,   29.309706,    0.923420
2019-01-21 25:00:00,   30.483487,    0.926792
2019-01-22 25:00:00,   29.510817,    0.928617
2019-01-23 25:00:00,   28.898874,    0.930652
2019-01-24 25:00:00,   29.565526,    0.930968
2019-01-25 25:00:00,   30.133433,    0.924392
2019-01-26 25:00:00,   30.535465,    0.931549
2019-01-27 25:00:00,   31.186992,    0.933998
2019-01-28 25:00:00,   31.233381,    0.936782
2019-01-29 25:00:00,   28.572115,    0.939816
2019-01-30 25:00:00,   27.405240,    0.939049
2019-01-31 25:00:00,   27.629523,    0.941562
2019-02-01 25:00:00,   27.559643,    0.944264
2019-02-02 25:00:00,   27.254418,    0.936209
2019-02-03 25:00:00,   26.483745,    0.939597
2019-02-04 25:00:00,   25.406113,    0.940021
2019-02-05 25:00:00,   25.524757,    0.940698
2019-02-06 25:00:00,   25.392436,    0.941791
2019-02-07 25:00:00,   25.763553,    0.944349
2019-02-08 25:00:00,   26.053065,    0.946925
2019-02-09 25:00:00,   26.544914,    0.948805
2019-02-10 25:00:00,   27.537935,    0.950098
2019-02-11 25:00:00,   27.676774,    0.952430
2019-02-12 25:00:00,   27.158603,    0.954157
2019-02-13 25:00:00,   27.747114,    0.956616
2019-02-14 25:00:00,   27.721540,    0.958448
2019-02-15 25:00:00,   27.367165,    0.960062
2019-02-16 25:00:00,   27.183117,    0.962786
2019-02-17 25:00:00,   27.142501,    0.963903
2019-02-18 25:00:00,   26.973852,    0.965018
2019-02-19 25:00:00,   27.285661,    0.967735
2019-02-20 25:00:00,   27.301780,    0.970175
2019-02-21 25:00:00,   28.177989,    0.972994
2019-02-22 25:00:00,   28.810426,    0.974734
2019-02-23 25:00:00,   27.838942,    0.976102
2019-02-24 25:00:00,   26.999192,    0.977076
2019-02-25 25:00:00,   26.313609,    0.976393
2019-02-26 25:00:00,   25.610721,    0.977954
2019-02-27 25:00:00,   25.507624,    0.977591
2019-02-28 25:00:00,   25.252263,    0.979698
2019-03-01 25:00:00,   24.959128,    0.981368
2019-03-02 25:00:00,   24.627862,    0.980930
2019-03-03 25:00:00,   24.527091,    0.982017
2019-03-04 25:00:00,   24.548415,    0.983707
2019-03-05 25:00:00,   25.470686,    0.984981
2019-03-06 25:00:00,   26.157669,    0.984961
2019-03-07 25:00:00,   26.370257,    0.989436
2019-03-08 25:00:00,   25.856112,    0.991696
2019-03-09 25:00:00,   25.531140,    0.991824
2019-03-10 25:00:00,   25.881001,    0.993431
2019-03-11 25:00:00,   26.857773,    0.995656
2019-03-12 25:00:00,   27.079033,    0.997164
2019-03-13 25:00:00,   27.077682,    0.999211
2019-03-14 25:00:00,   26.077684,    1.001094
2019-03-15 25:00:00,   25.264579,    1.002252
2019-03-16 25:00:00,   24.665327,    1.002831
2019-03-17 25:00:00,   24.341146,    1.002559
2019-03-18 25:00:00,   24.504361,    1.004410
2019-03-19 25:00:00,   24.756139,    1.005284
2019-03-20 25:00:00,   24.305724,    1.007511
2019-03-21 25:00:00,   23.885651,    1.007441
2019-03-22 25:00:00,   23.733743,    1.009422
2019-03-23 25:00:00,   23.403037,    1.008293
2019-03-24 25:00:00,   23.331072,    1.009183
2019-03-25 25:00:00,   23.623236,    1.010147
2019-03-26 25:00:00,   23.458860,    1.011109
2019-03-27 25:00:00,   23.620154,    1.012340
2019-03-28 25:00:00,   23.705969,    1.013214
2019-03-29 25:00:00,   23.841351,    1.014685
2019-03-30 25:00:00,   23.803424,    1.015765
2019-03-31 25:00:00,   22.856158,    1.014690
2019-04-01 25:00:00,   22.747823,    1.015400
2019-04-02 25:00:00,   22.450613,    1.016058
2019-04-03 25:00:00,   22.110809,    1.013417
2019-04-04 25:00:00,   22.481952,    1.014559
2019-04-05 25:00:00,   22.281917,    1.014822
2019-04-06 25:00:00,   21.627844,    1.015143
2019-04-07 25:00:00,   21.116575,    1.013941
2019-04-08 25:00:00,   21.617836,    1.014789
2019-04-09 25:00:00,   22.072388,    1.015512
2019-04-10 25:00:00,   22.515275,    1.015636
2019-04-11 25:00:00,   23.008717,    1.016434
2019-04-12 25:00:00,   23.053250,    1.018932
2019-04-13 25:00:00,   22.850180,    1.019659
2019-04-14 25:00:00,   22.701301,    1.020975
2019-04-15 25:00:00,   22.897348,    1.022152
2019-04-16 25:00:00,   23.156782,    1.023410
2019-04-17 25:00:00,   23.357548,    1.024249
2019-04-18 25:00:00,   22.697260,    1.024848
2019-04-19 25:00:00,   21.881894,    1.023234
2019-04-20 25:00:00,   21.633279,    1.023362
2019-04-21 25:00:00,   21.267145,    1.023232
2019-04-22 25:00:00,   21.113433,    1.022862
2019-04-23 25:00:00,   21.019859,    1.020663
2019-04-24 25:00:00,   20.881053,    1.020386
2019-04-25 25:00:00,   20.248640,    1.020696
2019-04-26 25:00:00,   19.777451,    1.019229
2019-04-27 25:00:00,   20.485843,    1.018328
2019-04-28 25:00:00,   19.877217,    1.020155
2019-04-29 25:00:00,   19.256706,    1.019330
2019-04-30 25:00:00,   19.526031,    1.013183
2019-05-01 25:00:00,   19.664959,    1.015080
2019-05-02 25:00:00,   19.375804,    1.016945
2019-05-03 25:00:00,   19.331783,    1.017244
2019-05-04 25:00:00,   19.672046,    1.017497
2019-05-05 25:00:00,   19.435540,    0.969933
2019-05-06 25:00:00,   19.599056,    0.973488
2019-05-07 25:00:00,   19.138345,    0.973647
2019-05-08 25:00:00,   18.508489,    0.976902
2019-05-09 25:00:00,   18.079605,    0.980297
2019-05-10 25:00:00,   18.445004,    0.971601
2019-05-11 25:00:00,   18.607503,    0.965210
2019-05-12 25:00:00,   18.504666,    0.968768
2019-05-13 25:00:00,   18.610228,    0.974387
2019-05-14 25:00:00,   18.238167,    0.974377
2019-05-15 25:00:00,   18.688119,    0.974850
2019-05-16 25:00:00,   18.649781,    0.975297
2019-05-17 25:00:00,   18.802932,    0.975682
2019-05-18 25:00:00,   18.405260,    0.975746
2019-05-19 25:00:00,   18.437840,    0.975799
2019-05-20 25:00:00,   18.640380,    0.976461
2019-05-21 25:00:00,   18.387734,    0.976709
2019-05-22 25:00:00,   18.367357,    0.977406
2019-05-23 25:00:00,   18.015968,    0.977713
2019-05-24 25:00:00,   17.831150,    0.978911
2019-05-25 25:00:00,   17.646334,    0.980454
2019-05-26 25:00:00,   17.230277,    0.982019
2019-05-27 25:00:00,   16.953962,    0.984236
2019-05-28 25:00:00,   17.262524,    0.985135
2019-05-29 25:00:00,   17.395470,    0.985603
2019-05-30 25:00:00,   16.963968,    0.986556
2019-05-31 25:00:00,   16.847106,    0.989042
2019-06-01 25:00:00,   16.426173,    0.920375
2019-06-02 25:00:00,   16.764111,    0.964486
2019-06-03 25:00:00,   17.185273,    0.966903
2019-06-04 25:00:00,   16.285151,    0.970886
2019-06-05 25:00:00,   16.247148,    0.974684
2019-06-06 25:00:00,   16.049696,    0.975880
2019-06-07 25:00:00,   15.545528,    0.982355
2019-06-08 25:00:00,   15.552493,    0.938631
2019-06-09 25:00:00,   16.067938,    0.917712
2019-06-10 25:00:00,   16.574179,    0.918693
2019-06-11 25:00:00,   15.930193,    0.925663
2019-06-12 25:00:00,   15.496590,    0.930115
2019-06-13 25:00:00,   15.289186,    0.933730
2019-06-14 25:00:00,   14.955056,    0.943740
2019-06-15 25:00:00,   14.694006,    0.938368
2019-06-16 25:00:00,   15.003127,    0.944368
2019-06-17 25:00:00,   15.007495,    0.944574
2019-06-18 25:00:00,   15.246986,    0.944886
2019-06-19 25:00:00,   15.321450,    0.945163
2019-06-20 25:00:00,   15.660830,    0.941357
2019-06-21 25:00:00,   14.968491,    0.940326
2019-06-22 25:00:00,   15.090483,    0.945439
2019-06-23 25:00:00,   15.121629,    0.946096
2019-06-24 25:00:00,   14.513418,    0.898814
2019-06-25 25:00:00,   14.539690,    0.865641
2019-06-26 25:00:00,   14.128634,    0.912528
2019-06-27 25:00:00,   13.934220,    0.915068
2019-06-28 25:00:00,   14.235682,    0.967928
2019-06-29 25:00:00,   14.249515,    0.972452
2019-06-30 25:00:00,   14.852350,    0.972911
2019-07-01 25:00:00,   14.732443,    0.973624
2019-07-02 25:00:00,   14.808363,    0.974000
2019-07-03 25:00:00,   14.815531,    0.973949
2019-07-04 25:00:00,   14.439009,    0.976020
2019-07-05 25:00:00,   14.376196,    0.980304
2019-07-06 25:00:00,   13.936538,    0.941128
2019-07-07 25:00:00,   14.149164,    0.902829
2019-07-08 25:00:00,   14.575420,    0.903592
2019-07-09 25:00:00,   13.989309,    0.907762
2019-07-10 25:00:00,   13.854889,    0.912415
2019-07-11 25:00:00,   13.556154,    0.917117
2019-07-12 25:00:00,   13.386339,    0.920820
2019-07-13 25:00:00,   13.508766,    0.923568
2019-07-14 25:00:00,   13.251351,    0.923521
2019-07-15 25:00:00,   13.751366,    0.924415
2019-07-16 25:00:00,   13.764211,    0.924657
2019-07-17 25:00:00,   13.508797,    0.917540
2019-07-18 25:00:00,   13.670128,    0.918531
2019-07-19 25:00:00,   13.486643,    0.918834
2019-07-20 25:00:00,   13.692511,    0.920993
2019-07-21 25:00:00,   13.850818,    0.906020
2019-07-22 25:00:00,   14.113666,    0.888047
2019-07-23 25:00:00,   14.317415,    0.888811
2019-07-24 25:00:00,   13.683392,    0.900344
2019-07-25 25:00:00,   13.619398,    0.902065
2019-07-26 25:00:00,   13.408857,    0.902343
2019-07-27 25:00:00,   13.915669,    0.903537
2019-07-28 25:00:00,   13.909415,    0.903897
2019-07-29 25:00:00,   13.964934,    0.904319
2019-07-30 25:00:00,   13.581195,    0.904695
2019-07-31 25:00:00,   13.665592,    0.905378
2019-08-01 25:00:00,   13.940519,    0.895710
2019-08-02 25:00:00,   14.051233,    0.889597
2019-08-03 25:00:00,   13.927090,    0.889043
2019-08-04 25:00:00,   14.041509,    0.889564
2019-08-05 25:00:00,   14.598528,    0.888202
2019-08-06 25:00:00,   14.531949,    0.888528
2019-08-07 25:00:00,   14.721051,    0.886254
2019-08-08 25:00:00,   14.713690,    0.879276
2019-08-09 25:00:00,   15.123663,    0.881927
2019-08-10 25:00:00,   15.212791,    0.882872
2019-08-11 25:00:00,   15.558133,    0.882593
2019-08-12 25:00:00,   16.053204,    0.883291
2019-08-13 25:00:00,   15.143833,    0.859083
2019-08-14 25:00:00,   15.353934,    0.862379
2019-08-15 25:00:00,   15.137800,    0.859389
2019-08-16 25:00:00,   15.685002,    0.861445
2019-08-17 25:00:00,   15.833525,    0.862142
2019-08-18 25:00:00,   15.384586,    0.862374
2019-08-19 25:00:00,   16.101981,    0.862724
2019-08-20 25:00:00,   16.138640,    0.862757
2019-08-21 25:00:00,   17.158568,    0.863164
2019-08-22 25:00:00,   16.422963,    0.859093
2019-08-23 25:00:00,   15.568118,    0.859881
2019-08-24 25:00:00,   15.741340,    0.860087
2019-08-25 25:00:00,   15.659185,    0.860267
2019-08-26 25:00:00,   16.479098,    0.860227
2019-08-27 25:00:00,   16.486421,    0.861041
2019-08-28 25:00:00,   16.926348,    0.861379
2019-08-29 25:00:00,   16.666955,    0.861752
2019-08-30 25:00:00,   17.433004,    0.862665
2019-08-31 25:00:00,   18.034964,    0.862474
2019-09-01 25:00:00,   17.079355,    0.858397
2019-09-02 25:00:00,   17.693670,    0.859884
2019-09-03 25:00:00,   17.698437,    0.860479
2019-09-04 25:00:00,   16.590694,    0.853385
2019-09-05 25:00:00,   15.369161,    0.849282
2019-09-06 25:00:00,   14.987852,    0.849405
2019-09-07 25:00:00,   15.017522,    0.853225
2019-09-08 25:00:00,   15.665828,    0.854396
2019-09-09 25:00:00,   16.334079,    0.855314
2019-09-10 25:00:00,   17.299646,    0.855483
2019-09-11 25:00:00,   18.482571,    0.856481
2019-09-12 25:00:00,   18.730174,    0.857162
2019-09-13 25:00:00,   17.967654,    0.857882
2019-09-14 25:00:00,   17.533766,    0.857937
2019-09-15 25:00:00,   18.391061,    0.859163
2019-09-16 25:00:00,   18.672086,    0.860308
2019-09-17 25:00:00,   19.452095,    0.862100
2019-09-18 25:00:00,   19.386679,    0.861652
2019-09-19 25:00:00,   19.639031,    0.845121
2019-09-20 25:00:00,   19.962624,    0.845892
2019-09-21 25:00:00,   19.586858,    0.847726
2019-09-22 25:00:00,   17.808452,    0.847078
2019-09-23 25:00:00,   16.963079,    0.847281
2019-09-24 25:00:00,   17.294538,    0.848131
2019-09-25 25:00:00,   17.353430,    0.848802
2019-09-26 25:00:00,   17.267555,    0.841757
2019-09-27 25:00:00,   16.492227,    0.840466
2019-09-28 25:00:00,   15.791622,    0.838326
2019-09-29 25:00:00,   17.120898,    0.839911
2019-09-30 25:00:00,   17.874935,    0.841173
2019-10-01 25:00:00,   18.885245,    0.842165
2019-10-02 25:00:00,   19.698245,    0.843951
2019-10-03 25:00:00,   19.257895,    0.843219
2019-10-04 25:00:00,   19.517034,    0.845180
2019-10-05 25:00:00,   19.792404,    0.845408
2019-10-06 25:00:00,   19.523888,    0.846023
2019-10-07 25:00:00,   20.378498,    0.847580
2019-10-08 25:00:00,   20.434625,    0.848772
2019-10-09 25:00:00,   20.567779,    0.849725
2019-10-10 25:00:00,   21.290753,    0.851633
2019-10-11 25:00:00,   21.206785,    0.853835
2019-10-12 25:00:00,   21.062269,    0.855808
2019-10-13 25:00:00,   21.583991,    0.857062
2019-10-14 25:00:00,   20.618844,    0.856464
2019-10-15 25:00:00,   19.995624,    0.857281
2019-10-16 25:00:00,   20.264536,    0.858268
2019-10-17 25:00:00,   20.278812,    0.858700
2019-10-18 25:00:00,   21.503613,    0.860611
2019-10-19 25:00:00,   22.759830,    0.860651
2019-10-20 25:00:00,   22.509892,    0.863361
2019-10-21 25:00:00,   22.989088,    0.864788
2019-10-22 25:00:00,   23.875981,    0.867139
2019-10-23 25:00:00,   22.439135,    0.866615
2019-10-24 25:00:00,   21.954622,    0.868749
2019-10-25 25:00:00,   22.038998,    0.870664
2019-10-26 25:00:00,   21.936184,    0.871399
2019-10-27 25:00:00,   22.349291,    0.873941
2019-10-28 25:00:00,   22.949712,    0.876030
2019-10-29 25:00:00,   23.608683,    0.877534
2019-10-30 25:00:00,   23.501598,    0.879135
2019-10-31 25:00:00,   22.530196,    0.880538
2019-11-01 25:00:00,   21.606894,    0.881677
2019-11-02 25:00:00,   21.328626,    0.882306
2019-11-03 25:00:00,   21.980255,    0.883346
2019-11-04 25:00:00,   21.614687,    0.884562
2019-11-05 25:00:00,   20.269561,    0.875943
2019-11-06 25:00:00,   19.655389,    0.873007
2019-11-07 25:00:00,   20.826592,    0.874593
2019-11-08 25:00:00,   21.443607,    0.876077
2019-11-09 25:00:00,   22.155893,    0.878412
2019-11-10 25:00:00,   23.230151,    0.880313
2019-11-11 25:00:00,   23.238699,    0.882872
2019-11-12 25:00:00,   22.552010,    0.884446
2019-11-13 25:00:00,   22.514990,    0.886004
2019-11-14 25:00:00,   22.462479,    0.887986
2019-11-15 25:00:00,   22.869628,    0.889959
2019-11-16 25:00:00,   23.438104,    0.892072
2019-11-17 25:00:00,   24.069056,    0.894491
2019-11-18 25:00:00,   24.966300,    0.897282
2019-11-19 25:00:00,   24.243641,    0.900114
2019-11-20 25:00:00,   24.765247,    0.901460
2019-11-21 25:00:00,   24.784526,    0.904008
2019-11-22 25:00:00,   25.225529,    0.905599
2019-11-23 25:00:00,   26.406685,    0.908085
2019-11-24 25:00:00,   25.433247,    0.910482
2019-11-25 25:00:00,   24.420715,    0.907856
2019-11-26 25:00:00,   24.908892,    0.910032
2019-11-27 25:00:00,   26.264647,    0.912356
2019-11-28 25:00:00,   25.117785,    0.914148
2019-11-29 25:00:00,   21.874494,    0.899593
2019-11-30 25:00:00,   20.162277,    0.895193
2019-12-01 25:00:00,   20.130180,    0.896189
2019-12-02 25:00:00,   21.133760,    0.897828
2019-12-03 25:00:00,   21.992999,    0.899750
2019-12-04 25:00:00,   23.438325,    0.902367
2019-12-05 25:00:00,   24.886482,    0.903605
2019-12-06 25:00:00,   25.964495,    0.908829
2019-12-07 25:00:00,   25.358081,    0.910807
2019-12-08 25:00:00,   24.198271,    0.911933
2019-12-09 25:00:00,   24.516859,    0.913368
2019-12-10 25:00:00,   25.409604,    0.916331
2019-12-11 25:00:00,   26.399589,    0.918633
2019-12-12 25:00:00,   27.096982,    0.918567
2019-12-13 25:00:00,   26.152688,    0.911891
2019-12-14 25:00:00,   25.206952,    0.903050
2019-12-15 25:00:00,   25.116310,    0.906793
2019-12-16 25:00:00,   25.550920,    0.909713
2019-12-17 25:00:00,   26.142768,    0.911830
2019-12-18 25:00:00,   26.992739,    0.915406
2019-12-19 25:00:00,   25.696684,    0.917084
2019-12-20 25:00:00,   25.674257,    0.919394
2019-12-21 25:00:00,   26.491035,    0.923079
2019-12-22 25:00:00,   25.802365,    0.924812
2019-12-23 25:00:00,   25.993811,    0.927330
2019-12-24 25:00:00,   26.254010,    0.930446
2019-12-25 25:00:00,   26.867546,    0.933118
2019-12-26 25:00:00,   27.562501,    0.937137
2019-12-27 25:00:00,   27.444604,    0.940600
2019-12-28 25:00:00,   28.790959,    0.944712
2019-12-29 25:00:00,   29.501065,    0.947058
2019-12-30 25:00:00,   29.283177,    0.949561
2019-12-31 25:00:00,   30.343480,    0.953720
2020-01-01 25:00:00,   31.149924,    0.956045
2020-01-02 25:00:00,   30.190911,    0.958820
2020-01-03 25:00:00,   29.796007,    0.958031
2020-01-04 25:00:00,   27.954573,    0.957053
2020-01-05 23:00:00,   27.122929,    0.956743
2020-01-05 25:00:00,   27.122929,    0.956743
