time,flow,temp,salt
2009-12-31 00:00:00,  304.188480,   24.524047,    0.535733
2010-01-01 00:00:00,  608.817600,   24.663306,    0.539787
2010-01-02 00:00:00,  610.286400,   24.801369,    0.540452
2010-01-03 00:00:00,  612.195840,   26.238060,    0.542785
2010-01-04 00:00:00,  613.958400,   26.031479,    0.544579
2010-01-05 00:00:00,  615.867840,   26.855714,    0.545234
2010-01-06 00:00:00,  617.777280,   27.709698,    0.547216
2010-01-07 00:00:00,  619.539840,   27.195615,    0.548191
2010-01-08 00:00:00,  621.302400,   27.406420,    0.549599
2010-01-09 00:00:00,  622.918080,   27.240560,    0.551126
2010-01-10 00:00:00,  624.533760,   26.090728,    0.552255
2010-01-11 00:00:00,  626.296320,   25.554427,    0.552279
2010-01-12 00:00:00,  627.912000,   25.598617,    0.553172
2010-01-13 00:00:00,  629.380800,   26.385884,    0.554558
2010-01-14 00:00:00,  630.849600,   26.546881,    0.556449
2010-01-15 00:00:00,  632.465280,   25.901370,    0.557216
2010-01-16 00:00:00,  634.080960,   26.716589,    0.558578
2010-01-17 00:00:00,  635.402880,   26.407888,    0.558437
2010-01-18 00:00:00,  636.724800,   28.235428,    0.562129
2010-01-19 00:00:00,  638.193600,   28.932855,    0.563338
2010-01-20 00:00:00,  639.515520,   28.095592,    0.565349
2010-01-21 00:00:00,  640.837440,   26.957064,    0.566561
2010-01-22 00:00:00,  642.159360,   27.061015,    0.566420
2010-01-23 00:00:00,  643.334400,   27.346686,    0.567849
2010-01-24 00:00:00,  644.509440,   28.008546,    0.569585
2010-01-25 00:00:00,  645.684480,   27.796415,    0.570566
2010-01-26 00:00:00,  646.712640,   28.000955,    0.572252
2010-01-27 00:00:00,  647.740800,   28.035420,    0.574177
2010-01-28 00:00:00,  648.768960,   28.100374,    0.575876
2010-01-29 00:00:00,  649.797120,   27.925153,    0.576413
2010-01-30 00:00:00,  650.825280,   26.707923,    0.577224
2010-01-31 00:00:00,  651.706560,   26.373147,    0.577621
2010-02-01 00:00:00,  652.294080,   26.426648,    0.579158
2010-02-02 00:00:00,  652.881600,   25.137756,    0.579210
2010-02-03 00:00:00,  653.762880,   24.528732,    0.579938
2010-02-04 00:00:00,  654.497280,   24.145185,    0.580818
2010-02-05 00:00:00,  655.084800,   24.530919,    0.581593
2010-02-06 00:00:00,  655.819200,   24.057243,    0.582069
2010-02-07 00:00:00,  656.553600,   25.259926,    0.582974
2010-02-08 00:00:00,  657.141120,   25.449076,    0.583835
2010-02-09 00:00:00,  657.728640,   26.558093,    0.584629
2010-02-10 00:00:00,  658.169280,   25.966879,    0.585572
2010-02-11 00:00:00,  658.609920,   26.622973,    0.586875
2010-02-12 00:00:00,  659.050560,   26.585064,    0.588172
2010-02-13 00:00:00,  659.344320,   27.167022,    0.589582
2010-02-14 00:00:00,  659.784960,   27.317883,    0.590615
2010-02-15 00:00:00,  660.078720,   26.976705,    0.592031
2010-02-16 00:00:00,  660.225600,   26.446560,    0.592497
2010-02-17 00:00:00,  660.519360,   27.096272,    0.592772
2010-02-18 00:00:00,  660.666240,   28.243528,    0.594281
2010-02-19 00:00:00,  660.813120,   26.573010,    0.594860
2010-02-20 00:00:00,  660.960000,   25.938133,    0.595300
2010-02-21 00:00:00,  660.960000,   25.449564,    0.595840
2010-02-22 00:00:00,  660.960000,   25.794886,    0.596865
2010-02-23 00:00:00,  660.960000,   25.549238,    0.597967
2010-02-24 00:00:00,  660.813120,   26.129834,    0.598893
2010-02-25 00:00:00,  660.666240,   26.889770,    0.600613
2010-02-26 00:00:00,  660.519360,   26.983023,    0.603004
2010-02-27 00:00:00,  660.225600,   27.152245,    0.604715
2010-02-28 00:00:00,  659.931840,   26.893261,    0.606224
2010-03-01 00:00:00,  659.197440,   27.052677,    0.607453
2010-03-02 00:00:00,  658.316160,   27.315896,    0.608629
2010-03-03 00:00:00,  657.728640,   26.421177,    0.609749
2010-03-04 00:00:00,  657.141120,   24.989092,    0.608368
2010-03-05 00:00:00,  656.553600,   24.621204,    0.608299
2010-03-06 00:00:00,  655.966080,   25.014988,    0.609033
2010-03-07 00:00:00,  655.378560,   25.244305,    0.609888
2010-03-08 00:00:00,  654.644160,   25.253933,    0.611030
2010-03-09 00:00:00,  653.909760,   25.429472,    0.612323
2010-03-10 00:00:00,  653.175360,   25.307977,    0.613403
2010-03-11 00:00:00,  652.294080,   25.504851,    0.613289
2010-03-12 00:00:00,  651.412800,   26.375153,    0.616107
2010-03-13 00:00:00,  650.531520,   25.973346,    0.616281
2010-03-14 00:00:00,  649.503360,   26.890040,    0.616457
2010-03-15 00:00:00,  648.475200,   26.232021,    0.617564
2010-03-16 00:00:00,  647.447040,   24.982830,    0.618028
2010-03-17 00:00:00,  646.418880,   24.564305,    0.617391
2010-03-18 00:00:00,  645.390720,   24.034473,    0.617972
2010-03-19 00:00:00,  644.215680,   23.317258,    0.616375
2010-03-20 00:00:00,  643.040640,   23.856017,    0.616216
2010-03-21 00:00:00,  641.718720,   24.495045,    0.617182
2010-03-22 00:00:00,  640.396800,   24.698551,    0.578906
2010-03-23 00:00:00,  639.221760,   25.012553,    0.579868
2010-03-24 00:00:00,  637.899840,   25.637137,    0.581628
2010-03-25 00:00:00,  636.431040,   25.177207,    0.589160
2010-03-26 00:00:00,  634.962240,   25.153604,    0.592809
2010-03-27 00:00:00,  633.493440,   24.124009,    0.595367
2010-03-28 00:00:00,  632.024640,   23.741524,    0.599117
2010-03-29 00:00:00,  630.555840,   23.847254,    0.600709
2010-03-30 00:00:00,  629.087040,   23.868255,    0.601598
2010-03-31 00:00:00,  627.471360,   23.598281,    0.602427
2010-04-01 00:00:00,  626.296320,   23.789360,    0.603126
2010-04-02 00:00:00,  625.121280,   23.902336,    0.604117
2010-04-03 00:00:00,  623.358720,   22.956282,    0.604586
2010-04-04 00:00:00,  621.596160,   22.359745,    0.604864
2010-04-05 00:00:00,  619.833600,   22.812975,    0.605347
2010-04-06 00:00:00,  618.071040,   22.206136,    0.605277
2010-04-07 00:00:00,  616.308480,   22.582285,    0.605592
2010-04-08 00:00:00,  614.545920,   22.972963,    0.606544
2010-04-09 00:00:00,  612.783360,   22.475058,    0.606841
2010-04-10 00:00:00,  610.873920,   22.205218,    0.607558
2010-04-11 00:00:00,  608.964480,   22.656800,    0.607816
2010-04-12 00:00:00,  607.055040,   21.114120,    0.607461
2010-04-13 00:00:00,  604.998720,   20.694752,    0.603369
2010-04-14 00:00:00,  602.942400,   20.224955,    0.602711
2010-04-15 00:00:00,  600.886080,   20.665349,    0.602453
2010-04-16 00:00:00,  598.829760,   21.085917,    0.601967
2010-04-17 00:00:00,  596.773440,   21.335477,    0.602467
2010-04-18 00:00:00,  594.717120,   21.916223,    0.602989
2010-04-19 00:00:00,  592.660800,   22.140048,    0.603535
2010-04-20 00:00:00,  590.457600,   22.588357,    0.604149
2010-04-21 00:00:00,  588.254400,   22.173496,    0.604633
2010-04-22 00:00:00,  586.198080,   21.131961,    0.605095
2010-04-23 00:00:00,  583.994880,   20.710881,    0.605438
2010-04-24 00:00:00,  581.644800,   20.588008,    0.605586
2010-04-25 00:00:00,  579.441600,   20.324676,    0.605501
2010-04-26 00:00:00,  577.238400,   20.469291,    0.606166
2010-04-27 00:00:00,  574.888320,   20.370225,    0.606293
2010-04-28 00:00:00,  572.538240,   20.569944,    0.606693
2010-04-29 00:00:00,  570.188160,   20.222399,    0.606869
2010-04-30 00:00:00,  567.838080,   20.312216,    0.607182
2010-05-01 00:00:00,  565.047360,   19.850054,    0.607018
2010-05-02 00:00:00,  562.109760,   20.124422,    0.607811
2010-05-03 00:00:00,  559.612800,   19.556661,    0.607832
2010-05-04 00:00:00,  557.262720,   19.357286,    0.608507
2010-05-05 00:00:00,  554.912640,   19.346521,    0.609176
2010-05-06 00:00:00,  552.415680,   19.278442,    0.609779
2010-05-07 00:00:00,  549.918720,   19.228991,    0.609835
2010-05-08 00:00:00,  547.568640,   19.395523,    0.610204
2010-05-09 00:00:00,  545.071680,   18.840063,    0.613721
2010-05-10 00:00:00,  542.574720,   18.552531,    0.615162
2010-05-11 00:00:00,  540.077760,   18.597228,    0.617381
2010-05-12 00:00:00,  537.580800,   18.575289,    0.617685
2010-05-13 00:00:00,  535.083840,   17.951492,    0.613495
2010-05-14 00:00:00,  532.586880,   17.762666,    0.618728
2010-05-15 00:00:00,  530.089920,   17.816852,    0.621242
2010-05-16 00:00:00,  527.592960,   17.664988,    0.623824
2010-05-17 00:00:00,  525.096000,   17.641880,    0.626559
2010-05-18 00:00:00,  522.599040,   17.354926,    0.629320
2010-05-19 00:00:00,  520.102080,   17.851273,    0.631817
2010-05-20 00:00:00,  517.458240,   17.749826,    0.632030
2010-05-21 00:00:00,  514.961280,   17.522857,    0.632455
2010-05-22 00:00:00,  512.464320,   17.634921,    0.620849
2010-05-23 00:00:00,  509.967360,   17.097974,    0.643635
2010-05-24 00:00:00,  507.470400,   17.276469,    0.641770
2010-05-25 00:00:00,  504.826560,   16.986255,    0.642147
2010-05-26 00:00:00,  502.329600,   16.777657,    0.639403
2010-05-27 00:00:00,  499.832640,   16.587354,    0.636836
2010-05-28 00:00:00,  497.335680,   16.833406,    0.637067
2010-05-29 00:00:00,  494.838720,   16.565235,    0.637528
2010-05-30 00:00:00,  492.341760,   16.700743,    0.637747
2010-05-31 00:00:00,  489.844800,   16.618292,    0.637850
2010-06-01 00:00:00,  488.082240,   16.794867,    0.637485
2010-06-02 00:00:00,  486.319680,   16.563568,    0.637443
2010-06-03 00:00:00,  483.822720,   16.707124,    0.637706
2010-06-04 00:00:00,  481.325760,   16.134934,    0.638092
2010-06-05 00:00:00,  478.828800,   16.234025,    0.638321
2010-06-06 00:00:00,  476.478720,   16.446291,    0.638467
2010-06-07 00:00:00,  473.981760,   16.341513,    0.639076
2010-06-08 00:00:00,  471.484800,   15.802956,    0.639176
2010-06-09 00:00:00,  469.134720,   15.544739,    0.639692
2010-06-10 00:00:00,  466.784640,   15.726272,    0.640118
2010-06-11 00:00:00,  464.434560,   15.198697,    0.640374
2010-06-12 00:00:00,  462.084480,   15.376972,    0.640477
2010-06-13 00:00:00,  459.734400,   15.216407,    0.640959
2010-06-14 00:00:00,  457.384320,   15.247306,    0.633109
2010-06-15 00:00:00,  455.034240,   15.080007,    0.626925
2010-06-16 00:00:00,  452.684160,   15.190793,    0.629905
2010-06-17 00:00:00,  450.334080,   15.200612,    0.629918
2010-06-18 00:00:00,  448.130880,   15.246611,    0.629992
2010-06-19 00:00:00,  445.927680,   15.445831,    0.629993
2010-06-20 00:00:00,  443.577600,   15.603090,    0.630361
2010-06-21 00:00:00,  441.374400,   15.608176,    0.630588
2010-06-22 00:00:00,  439.318080,   15.341066,    0.630870
2010-06-23 00:00:00,  437.114880,   15.196351,    0.625425
2010-06-24 00:00:00,  434.911680,   15.076569,    0.625982
2010-06-25 00:00:00,  432.855360,   14.960730,    0.626260
2010-06-26 00:00:00,  430.799040,   14.725599,    0.626637
2010-06-27 00:00:00,  428.742720,   14.243700,    0.625409
2010-06-28 00:00:00,  426.686400,   14.314857,    0.625554
2010-06-29 00:00:00,  424.630080,   14.164109,    0.625913
2010-06-30 00:00:00,  422.573760,   14.098359,    0.626264
2010-07-01 00:00:00,  420.223680,   13.929446,    0.626541
2010-07-02 00:00:00,  417.873600,   13.872655,    0.622943
2010-07-03 00:00:00,  415.964160,   13.818263,    0.623124
2010-07-04 00:00:00,  414.201600,   13.638223,    0.623093
2010-07-05 00:00:00,  412.292160,   13.556626,    0.623317
2010-07-06 00:00:00,  410.382720,   13.586920,    0.623769
2010-07-07 00:00:00,  408.620160,   13.334218,    0.623894
2010-07-08 00:00:00,  406.857600,   13.132555,    0.619284
2010-07-09 00:00:00,  405.241920,   12.744224,    0.616380
2010-07-10 00:00:00,  403.626240,   12.751298,    0.613241
2010-07-11 00:00:00,  401.863680,   12.877762,    0.609884
2010-07-12 00:00:00,  400.248000,   12.619958,    0.608336
2010-07-13 00:00:00,  398.779200,   12.676368,    0.608113
2010-07-14 00:00:00,  397.163520,   12.887932,    0.607455
2010-07-15 00:00:00,  395.547840,   12.783029,    0.608241
2010-07-16 00:00:00,  394.079040,   12.714329,    0.606416
2010-07-17 00:00:00,  392.757120,   12.736519,    0.606557
2010-07-18 00:00:00,  391.435200,   12.672429,    0.606587
2010-07-19 00:00:00,  389.966400,   12.888887,    0.606100
2010-07-20 00:00:00,  388.644480,   12.975026,    0.606436
2010-07-21 00:00:00,  387.322560,   12.798721,    0.606622
2010-07-22 00:00:00,  386.000640,   12.931283,    0.606879
2010-07-23 00:00:00,  384.825600,   13.024781,    0.607125
2010-07-24 00:00:00,  383.650560,   13.135338,    0.607474
2010-07-25 00:00:00,  382.475520,   13.138592,    0.607429
2010-07-26 00:00:00,  381.447360,   13.480917,    0.606879
2010-07-27 00:00:00,  380.419200,   13.986521,    0.605113
2010-07-28 00:00:00,  379.391040,   14.028599,    0.604111
2010-07-29 00:00:00,  378.362880,   13.765542,    0.603007
2010-07-30 00:00:00,  377.334720,   13.760785,    0.603131
2010-07-31 00:00:00,  376.453440,   13.969876,    0.603141
2010-08-01 00:00:00,  375.865920,   14.233827,    0.603364
2010-08-02 00:00:00,  375.278400,   14.571222,    0.603782
2010-08-03 00:00:00,  374.397120,   14.581381,    0.603822
2010-08-04 00:00:00,  373.662720,   14.416015,    0.604110
2010-08-05 00:00:00,  372.928320,   14.626316,    0.604377
2010-08-06 00:00:00,  372.193920,   15.211666,    0.605012
2010-08-07 00:00:00,  371.606400,   14.902442,    0.604901
2010-08-08 00:00:00,  371.018880,   15.015502,    0.605719
2010-08-09 00:00:00,  370.431360,   14.751913,    0.605863
2010-08-10 00:00:00,  369.990720,   14.176515,    0.605780
2010-08-11 00:00:00,  369.550080,   13.651159,    0.606016
2010-08-12 00:00:00,  369.109440,   13.601500,    0.596565
2010-08-13 00:00:00,  368.815680,   13.620924,    0.594487
2010-08-14 00:00:00,  368.375040,   13.708983,    0.591730
2010-08-15 00:00:00,  368.081280,   13.918230,    0.591731
2010-08-16 00:00:00,  367.934400,   14.006109,    0.592170
2010-08-17 00:00:00,  367.640640,   13.819667,    0.591785
2010-08-18 00:00:00,  367.493760,   13.627495,    0.591482
2010-08-19 00:00:00,  367.346880,   13.734013,    0.591618
2010-08-20 00:00:00,  367.200000,   13.872047,    0.590029
2010-08-21 00:00:00,  367.200000,   13.991490,    0.587888
2010-08-22 00:00:00,  367.200000,   14.264696,    0.586961
2010-08-23 00:00:00,  367.200000,   14.213113,    0.587067
2010-08-24 00:00:00,  367.346880,   14.500768,    0.587052
2010-08-25 00:00:00,  367.493760,   15.138652,    0.587724
2010-08-26 00:00:00,  367.640640,   14.940303,    0.587870
2010-08-27 00:00:00,  367.934400,   14.913521,    0.588259
2010-08-28 00:00:00,  368.228160,   15.288355,    0.588740
2010-08-29 00:00:00,  368.521920,   15.633631,    0.588719
2010-08-30 00:00:00,  368.815680,   15.837369,    0.588721
2010-08-31 00:00:00,  369.256320,   15.829167,    0.581026
2010-09-01 00:00:00,  369.550080,   15.387062,    0.582404
2010-09-02 00:00:00,  369.843840,   15.203114,    0.583156
2010-09-03 00:00:00,  370.431360,   15.239275,    0.583350
2010-09-04 00:00:00,  371.018880,   15.663424,    0.583347
2010-09-05 00:00:00,  371.606400,   16.165180,    0.583325
2010-09-06 00:00:00,  372.193920,   16.500963,    0.583381
2010-09-07 00:00:00,  372.781440,   16.757403,    0.574602
2010-09-08 00:00:00,  373.515840,   15.975947,    0.575529
2010-09-09 00:00:00,  374.250240,   15.858276,    0.574329
2010-09-10 00:00:00,  374.984640,   15.972914,    0.574751
2010-09-11 00:00:00,  375.865920,   16.300314,    0.575113
2010-09-12 00:00:00,  376.747200,   16.025202,    0.571859
2010-09-13 00:00:00,  377.628480,   16.233315,    0.572689
2010-09-14 00:00:00,  378.656640,   16.554486,    0.573308
2010-09-15 00:00:00,  379.684800,   16.445741,    0.575671
2010-09-16 00:00:00,  380.712960,   16.477501,    0.576381
2010-09-17 00:00:00,  381.741120,   17.188942,    0.577722
2010-09-18 00:00:00,  382.769280,   16.448991,    0.578371
2010-09-19 00:00:00,  383.944320,   16.432947,    0.578329
2010-09-20 00:00:00,  385.119360,   16.981994,    0.579250
2010-09-21 00:00:00,  386.441280,   17.475634,    0.579927
2010-09-22 00:00:00,  387.763200,   18.750893,    0.581187
2010-09-23 00:00:00,  389.085120,   18.627167,    0.581309
2010-09-24 00:00:00,  390.407040,   19.586344,    0.581930
2010-09-25 00:00:00,  391.728960,   20.705895,    0.582933
2010-09-26 00:00:00,  393.197760,   20.762719,    0.584230
2010-09-27 00:00:00,  394.666560,   20.884174,    0.585135
2010-09-28 00:00:00,  396.135360,   20.972374,    0.586203
2010-09-29 00:00:00,  397.604160,   20.796824,    0.587322
2010-09-30 00:00:00,  399.219840,   20.455795,    0.587627
2010-10-01 00:00:00,  401.129280,   21.307544,    0.588914
2010-10-02 00:00:00,  403.038720,   20.709292,    0.589941
2010-10-03 00:00:00,  404.801280,   21.575347,    0.590782
2010-10-04 00:00:00,  406.563840,   21.829085,    0.591927
2010-10-05 00:00:00,  408.326400,   20.597593,    0.591728
2010-10-06 00:00:00,  410.088960,   20.465116,    0.592383
2010-10-07 00:00:00,  411.851520,   20.714690,    0.593160
2010-10-08 00:00:00,  413.614080,   21.112201,    0.593526
2010-10-09 00:00:00,  415.523520,   22.332547,    0.595626
2010-10-10 00:00:00,  417.432960,   20.336821,    0.596573
2010-10-11 00:00:00,  419.342400,   20.257350,    0.597859
2010-10-12 00:00:00,  421.251840,   20.354315,    0.598667
2010-10-13 00:00:00,  423.161280,   20.265586,    0.598370
2010-10-14 00:00:00,  425.217600,   20.079601,    0.599733
2010-10-15 00:00:00,  427.273920,   19.669191,    0.599052
2010-10-16 00:00:00,  429.330240,   19.886100,    0.600278
2010-10-17 00:00:00,  431.386560,   21.364657,    0.602578
2010-10-18 00:00:00,  433.442880,   22.323274,    0.603669
2010-10-19 00:00:00,  435.499200,   22.531334,    0.603777
2010-10-20 00:00:00,  437.702400,   21.541902,    0.598199
2010-10-21 00:00:00,  439.905600,   21.456796,    0.599938
2010-10-22 00:00:00,  442.108800,   21.742038,    0.601608
2010-10-23 00:00:00,  444.312000,   21.513720,    0.602416
2010-10-24 00:00:00,  446.515200,   21.525521,    0.603734
2010-10-25 00:00:00,  448.865280,   21.784867,    0.604853
2010-10-26 00:00:00,  451.068480,   22.972724,    0.606075
2010-10-27 00:00:00,  453.271680,   21.790699,    0.607048
2010-10-28 00:00:00,  455.621760,   20.685777,    0.608139
2010-10-29 00:00:00,  457.971840,   20.968655,    0.609069
2010-10-30 00:00:00,  460.321920,   21.212313,    0.609461
2010-10-31 00:00:00,  462.672000,   21.532708,    0.610815
2010-11-01 00:00:00,  464.434560,   22.245228,    0.612748
2010-11-02 00:00:00,  466.197120,   22.041251,    0.613098
2010-11-03 00:00:00,  468.547200,   22.828187,    0.615132
2010-11-04 00:00:00,  470.897280,   23.146261,    0.617667
2010-11-05 00:00:00,  473.247360,   22.706585,    0.618747
2010-11-06 00:00:00,  475.744320,   23.173367,    0.620294
2010-11-07 00:00:00,  478.241280,   22.803682,    0.621448
2010-11-08 00:00:00,  480.591360,   23.046432,    0.620626
2010-11-09 00:00:00,  483.088320,   23.582247,    0.622288
2010-11-10 00:00:00,  485.585280,   22.721475,    0.621246
2010-11-11 00:00:00,  488.082240,   22.325795,    0.622700
2010-11-12 00:00:00,  490.579200,   21.865004,    0.623087
2010-11-13 00:00:00,  493.076160,   21.858261,    0.623199
2010-11-14 00:00:00,  495.573120,   21.777297,    0.623415
2010-11-15 00:00:00,  498.070080,   22.160199,    0.624067
2010-11-16 00:00:00,  500.567040,   22.768044,    0.625371
2010-11-17 00:00:00,  503.064000,   23.942097,    0.626970
2010-11-18 00:00:00,  505.560960,   24.784034,    0.628842
2010-11-19 00:00:00,  508.057920,   24.610163,    0.629522
2010-11-20 00:00:00,  510.701760,   25.064209,    0.631021
2010-11-21 00:00:00,  513.198720,   25.725078,    0.632171
2010-11-22 00:00:00,  515.695680,   25.357420,    0.634421
2010-11-23 00:00:00,  518.192640,   24.492101,    0.635851
2010-11-24 00:00:00,  520.689600,   24.686128,    0.637243
2010-11-25 00:00:00,  523.333440,   24.620362,    0.639152
2010-11-26 00:00:00,  525.830400,   24.809583,    0.641072
2010-11-27 00:00:00,  528.327360,   24.344333,    0.640124
2010-11-28 00:00:00,  530.824320,   24.756361,    0.640434
2010-11-29 00:00:00,  533.321280,   24.622944,    0.641159
2010-11-30 00:00:00,  535.818240,   25.928556,    0.645422
2010-12-01 00:00:00,  538.902720,   23.940902,    0.646372
2010-12-02 00:00:00,  541.987200,   23.275841,    0.647594
2010-12-03 00:00:00,  544.337280,   22.911177,    0.648326
2010-12-04 00:00:00,  546.834240,   23.574022,    0.649511
2010-12-05 00:00:00,  549.331200,   23.128433,    0.649427
2010-12-06 00:00:00,  551.681280,   22.337442,    0.648507
2010-12-07 00:00:00,  554.178240,   23.176397,    0.648215
2010-12-08 00:00:00,  556.675200,   22.796309,    0.649977
2010-12-09 00:00:00,  559.025280,   22.900045,    0.650944
2010-12-10 00:00:00,  561.375360,   23.469015,    0.652638
2010-12-11 00:00:00,  563.725440,   23.827813,    0.653894
2010-12-12 00:00:00,  566.075520,   25.049233,    0.656116
2010-12-13 00:00:00,  568.425600,   24.308807,    0.658505
2010-12-14 00:00:00,  570.775680,   23.979035,    0.660442
2010-12-15 00:00:00,  573.125760,   24.246408,    0.661753
2010-12-16 00:00:00,  575.475840,   24.419754,    0.663508
2010-12-17 00:00:00,  577.825920,   24.780227,    0.665649
2010-12-18 00:00:00,  580.029120,   24.854986,    0.668402
2010-12-19 00:00:00,  582.232320,   24.260794,    0.669901
2010-12-20 00:00:00,  584.582400,   22.209378,    0.663288
2010-12-21 00:00:00,  586.785600,   22.264292,    0.663550
2010-12-22 00:00:00,  588.988800,   22.618925,    0.664868
2010-12-23 00:00:00,  591.192000,   23.242505,    0.665601
2010-12-24 00:00:00,  593.248320,   25.560569,    0.665897
2010-12-25 00:00:00,  595.304640,   27.457213,    0.669514
2010-12-26 00:00:00,  597.360960,   26.408450,    0.670510
2010-12-27 00:00:00,  599.417280,   26.899633,    0.674434
2010-12-28 00:00:00,  601.473600,   26.637677,    0.676701
2010-12-29 00:00:00,  603.529920,   26.702186,    0.678584
2010-12-30 00:00:00,  605.586240,   26.714279,    0.680053
2010-12-31 00:00:00,  607.495680,   26.132983,    0.681514
2011-01-01 00:00:00,  608.817600,   26.480334,    0.683293
2011-01-02 00:00:00,  610.286400,   26.881914,    0.684650
2011-01-03 00:00:00,  612.195840,   27.042904,    0.684523
2011-01-04 00:00:00,  613.958400,   28.458651,    0.685789
2011-01-05 00:00:00,  615.867840,   27.674838,    0.677074
2011-01-06 00:00:00,  617.777280,   27.610982,    0.679134
2011-01-07 00:00:00,  619.539840,   27.068453,    0.680565
2011-01-08 00:00:00,  621.302400,   27.214096,    0.682567
2011-01-09 00:00:00,  622.918080,   27.782528,    0.684919
2011-01-10 00:00:00,  624.533760,   27.855367,    0.687243
2011-01-11 00:00:00,  626.296320,   28.055606,    0.689015
2011-01-12 00:00:00,  627.912000,   27.486010,    0.688166
2011-01-13 00:00:00,  629.380800,   27.657371,    0.690123
2011-01-14 00:00:00,  630.849600,   26.932116,    0.691817
2011-01-15 00:00:00,  632.465280,   26.464925,    0.693683
2011-01-16 00:00:00,  634.080960,   27.006174,    0.693774
2011-01-17 00:00:00,  635.402880,   27.137074,    0.695471
2011-01-18 00:00:00,  636.724800,   27.170952,    0.696182
2011-01-19 00:00:00,  638.193600,   27.071047,    0.698017
2011-01-20 00:00:00,  639.515520,   26.677899,    0.698188
2011-01-21 00:00:00,  640.837440,   26.230746,    0.699007
2011-01-22 00:00:00,  642.159360,   26.091781,    0.699092
2011-01-23 00:00:00,  643.334400,   25.802131,    0.700124
2011-01-24 00:00:00,  644.509440,   24.286252,    0.691467
2011-01-25 00:00:00,  645.684480,   24.890904,    0.690139
2011-01-26 00:00:00,  646.712640,   25.127222,    0.691418
2011-01-27 00:00:00,  647.740800,   26.748984,    0.693016
2011-01-28 00:00:00,  648.768960,   28.166150,    0.693804
2011-01-29 00:00:00,  649.797120,   29.222472,    0.695376
2011-01-30 00:00:00,  650.825280,   29.152901,    0.696154
2011-01-31 00:00:00,  651.706560,   27.754885,    0.697936
2011-02-01 00:00:00,  652.294080,   26.970898,    0.698484
2011-02-02 00:00:00,  652.881600,   27.228166,    0.700391
2011-02-03 00:00:00,  653.762880,   27.445107,    0.701975
2011-02-04 00:00:00,  654.497280,   27.423197,    0.704142
2011-02-05 00:00:00,  655.084800,   26.087560,    0.704992
2011-02-06 00:00:00,  655.819200,   25.214438,    0.706164
2011-02-07 00:00:00,  656.553600,   25.100158,    0.703424
2011-02-08 00:00:00,  657.141120,   27.127786,    0.706554
2011-02-09 00:00:00,  657.728640,   28.372725,    0.708597
2011-02-10 00:00:00,  658.169280,   28.280949,    0.711065
2011-02-11 00:00:00,  658.609920,   27.214407,    0.712952
2011-02-12 00:00:00,  659.050560,   26.532841,    0.714553
2011-02-13 00:00:00,  659.344320,   26.158482,    0.714147
2011-02-14 00:00:00,  659.784960,   27.312768,    0.716609
2011-02-15 00:00:00,  660.078720,   27.879805,    0.718536
2011-02-16 00:00:00,  660.225600,   28.238584,    0.720630
2011-02-17 00:00:00,  660.519360,   27.984932,    0.722660
2011-02-18 00:00:00,  660.666240,   28.510377,    0.723796
2011-02-19 00:00:00,  660.813120,   28.050865,    0.725990
2011-02-20 00:00:00,  660.960000,   26.055647,    0.723142
2011-02-21 00:00:00,  660.960000,   27.566357,    0.725238
2011-02-22 00:00:00,  660.960000,   27.436291,    0.727736
2011-02-23 00:00:00,  660.960000,   27.873357,    0.728474
2011-02-24 00:00:00,  660.813120,   28.304050,    0.729894
2011-02-25 00:00:00,  660.666240,   29.466801,    0.731200
2011-02-26 00:00:00,  660.519360,   30.927137,    0.732846
2011-02-27 00:00:00,  660.225600,   30.842313,    0.735228
2011-02-28 00:00:00,  659.931840,   30.689029,    0.737461
2011-03-01 00:00:00,  659.197440,   29.160082,    0.738135
2011-03-02 00:00:00,  658.316160,   28.932863,    0.740735
2011-03-03 00:00:00,  657.728640,   28.655514,    0.740438
2011-03-04 00:00:00,  657.141120,   28.896153,    0.741646
2011-03-05 00:00:00,  656.553600,   28.052201,    0.742318
2011-03-06 00:00:00,  655.966080,   27.148234,    0.740951
2011-03-07 00:00:00,  655.378560,   26.572407,    0.739246
2011-03-08 00:00:00,  654.644160,   26.026683,    0.739681
2011-03-09 00:00:00,  653.909760,   25.994438,    0.741064
2011-03-10 00:00:00,  653.175360,   26.245792,    0.742257
2011-03-11 00:00:00,  652.294080,   25.828764,    0.742717
2011-03-12 00:00:00,  651.412800,   24.898077,    0.739829
2011-03-13 00:00:00,  650.531520,   24.648545,    0.737577
2011-03-14 00:00:00,  649.503360,   25.389066,    0.738193
2011-03-15 00:00:00,  648.475200,   25.032496,    0.740220
2011-03-16 00:00:00,  647.447040,   25.357295,    0.741722
2011-03-17 00:00:00,  646.418880,   25.885541,    0.742404
2011-03-18 00:00:00,  645.390720,   26.394214,    0.743565
2011-03-19 00:00:00,  644.215680,   25.669011,    0.745492
2011-03-20 00:00:00,  643.040640,   24.793676,    0.745591
2011-03-21 00:00:00,  641.718720,   24.830018,    0.743500
2011-03-22 00:00:00,  640.396800,   25.595363,    0.744819
2011-03-23 00:00:00,  639.221760,   25.936215,    0.746233
2011-03-24 00:00:00,  637.899840,   26.262564,    0.748022
2011-03-25 00:00:00,  636.431040,   26.308499,    0.748803
2011-03-26 00:00:00,  634.962240,   26.287948,    0.750397
2011-03-27 00:00:00,  633.493440,   26.552431,    0.751878
2011-03-28 00:00:00,  632.024640,   26.115899,    0.752558
2011-03-29 00:00:00,  630.555840,   25.669052,    0.751783
2011-03-30 00:00:00,  629.087040,   25.541708,    0.751826
2011-03-31 00:00:00,  627.471360,   25.343372,    0.752478
2011-04-01 00:00:00,  626.296320,   25.090042,    0.753924
2011-04-02 00:00:00,  625.121280,   24.677471,    0.752630
2011-04-03 00:00:00,  623.358720,   24.532231,    0.753415
2011-04-04 00:00:00,  621.596160,   24.230984,    0.753984
2011-04-05 00:00:00,  619.833600,   24.681044,    0.754416
2011-04-06 00:00:00,  618.071040,   24.450860,    0.754977
2011-04-07 00:00:00,  616.308480,   23.454099,    0.752525
2011-04-08 00:00:00,  614.545920,   23.070489,    0.751584
2011-04-09 00:00:00,  612.783360,   22.240760,    0.749244
2011-04-10 00:00:00,  610.873920,   21.727610,    0.741960
2011-04-11 00:00:00,  608.964480,   21.877821,    0.728024
2011-04-12 00:00:00,  607.055040,   21.692121,    0.732862
2011-04-13 00:00:00,  604.998720,   22.153435,    0.733128
2011-04-14 00:00:00,  602.942400,   22.375112,    0.734121
2011-04-15 00:00:00,  600.886080,   22.128447,    0.734755
2011-04-16 00:00:00,  598.829760,   22.032204,    0.734701
2011-04-17 00:00:00,  596.773440,   21.673367,    0.735236
2011-04-18 00:00:00,  594.717120,   21.435626,    0.735213
2011-04-19 00:00:00,  592.660800,   21.222022,    0.734577
2011-04-20 00:00:00,  590.457600,   20.898317,    0.734966
2011-04-21 00:00:00,  588.254400,   21.143540,    0.735871
2011-04-22 00:00:00,  586.198080,   21.731402,    0.735746
2011-04-23 00:00:00,  583.994880,   22.161843,    0.736174
2011-04-24 00:00:00,  581.644800,   22.419413,    0.737160
2011-04-25 00:00:00,  579.441600,   22.738188,    0.737175
2011-04-26 00:00:00,  577.238400,   22.546731,    0.732512
2011-04-27 00:00:00,  574.888320,   21.098500,    0.731245
2011-04-28 00:00:00,  572.538240,   20.411697,    0.730428
2011-04-29 00:00:00,  570.188160,   20.357522,    0.730317
2011-04-30 00:00:00,  567.838080,   20.319382,    0.730516
2011-05-01 00:00:00,  565.047360,   20.364304,    0.730515
2011-05-02 00:00:00,  562.109760,   20.543172,    0.731088
2011-05-03 00:00:00,  559.612800,   20.657991,    0.731785
2011-05-04 00:00:00,  557.262720,   20.689648,    0.732331
2011-05-05 00:00:00,  554.912640,   20.290616,    0.732442
2011-05-06 00:00:00,  552.415680,   19.874712,    0.731914
2011-05-07 00:00:00,  549.918720,   19.587770,    0.731049
2011-05-08 00:00:00,  547.568640,   19.546706,    0.729823
2011-05-09 00:00:00,  545.071680,   19.181545,    0.730465
2011-05-10 00:00:00,  542.574720,   19.340591,    0.730765
2011-05-11 00:00:00,  540.077760,   19.099980,    0.731133
2011-05-12 00:00:00,  537.580800,   18.860017,    0.730964
2011-05-13 00:00:00,  535.083840,   18.527390,    0.730652
2011-05-14 00:00:00,  532.586880,   18.190600,    0.730704
2011-05-15 00:00:00,  530.089920,   17.792081,    0.729824
2011-05-16 00:00:00,  527.592960,   17.924914,    0.727562
2011-05-17 00:00:00,  525.096000,   17.905205,    0.727266
2011-05-18 00:00:00,  522.599040,   18.053777,    0.723051
2011-05-19 00:00:00,  520.102080,   18.106728,    0.723588
2011-05-20 00:00:00,  517.458240,   17.545097,    0.717884
2011-05-21 00:00:00,  514.961280,   17.453599,    0.718916
2011-05-22 00:00:00,  512.464320,   17.656693,    0.719248
2011-05-23 00:00:00,  509.967360,   17.558872,    0.719092
2011-05-24 00:00:00,  507.470400,   17.421080,    0.719694
2011-05-25 00:00:00,  504.826560,   17.085533,    0.719749
2011-05-26 00:00:00,  502.329600,   17.085223,    0.721130
2011-05-27 00:00:00,  499.832640,   17.234968,    0.722204
2011-05-28 00:00:00,  497.335680,   17.440628,    0.722432
2011-05-29 00:00:00,  494.838720,   16.986392,    0.728784
2011-05-30 00:00:00,  492.341760,   17.094968,    0.727878
2011-05-31 00:00:00,  489.844800,   17.292451,    0.717135
2011-06-01 00:00:00,  488.082240,   17.313234,    0.695394
2011-06-02 00:00:00,  486.319680,   17.129146,    0.696433
2011-06-03 00:00:00,  483.822720,   17.102167,    0.703318
2011-06-04 00:00:00,  481.325760,   16.605646,    0.710479
2011-06-05 00:00:00,  478.828800,   16.518791,    0.719991
2011-06-06 00:00:00,  476.478720,   16.375652,    0.720389
2011-06-07 00:00:00,  473.981760,   16.221355,    0.720531
2011-06-08 00:00:00,  471.484800,   15.991554,    0.720716
2011-06-09 00:00:00,  469.134720,   15.824522,    0.721082
2011-06-10 00:00:00,  466.784640,   15.540256,    0.721560
2011-06-11 00:00:00,  464.434560,   15.231951,    0.722130
2011-06-12 00:00:00,  462.084480,   15.050479,    0.722632
2011-06-13 00:00:00,  459.734400,   14.644753,    0.723275
2011-06-14 00:00:00,  457.384320,   14.337755,    0.722076
2011-06-15 00:00:00,  455.034240,   14.383155,    0.720523
2011-06-16 00:00:00,  452.684160,   14.474742,    0.720715
2011-06-17 00:00:00,  450.334080,   14.425245,    0.720929
2011-06-18 00:00:00,  448.130880,   14.450188,    0.719825
2011-06-19 00:00:00,  445.927680,   14.539721,    0.720079
2011-06-20 00:00:00,  443.577600,   14.710360,    0.720055
2011-06-21 00:00:00,  441.374400,   14.902563,    0.720072
2011-06-22 00:00:00,  439.318080,   14.824628,    0.720176
2011-06-23 00:00:00,  437.114880,   15.024663,    0.719938
2011-06-24 00:00:00,  434.911680,   15.268700,    0.712890
2011-06-25 00:00:00,  432.855360,   15.409162,    0.711264
2011-06-26 00:00:00,  430.799040,   15.425977,    0.704140
2011-06-27 00:00:00,  428.742720,   15.354541,    0.701350
2011-06-28 00:00:00,  426.686400,   15.115236,    0.694595
2011-06-29 00:00:00,  424.630080,   15.107986,    0.692385
2011-06-30 00:00:00,  422.573760,   14.761029,    0.683304
2011-07-01 00:00:00,  420.223680,   14.567184,    0.683020
2011-07-02 00:00:00,  417.873600,   14.238448,    0.679619
2011-07-03 00:00:00,  415.964160,   14.049577,    0.675797
2011-07-04 00:00:00,  414.201600,   13.942376,    0.675119
2011-07-05 00:00:00,  412.292160,   13.806986,    0.674546
2011-07-06 00:00:00,  410.382720,   13.762153,    0.674755
2011-07-07 00:00:00,  408.620160,   13.680747,    0.675171
2011-07-08 00:00:00,  406.857600,   13.503528,    0.675327
2011-07-09 00:00:00,  405.241920,   13.475919,    0.675647
2011-07-10 00:00:00,  403.626240,   13.170943,    0.675590
2011-07-11 00:00:00,  401.863680,   12.940789,    0.672367
2011-07-12 00:00:00,  400.248000,   13.461406,    0.672665
2011-07-13 00:00:00,  398.779200,   13.411050,    0.672685
2011-07-14 00:00:00,  397.163520,   14.251512,    0.673059
2011-07-15 00:00:00,  395.547840,   13.700358,    0.668219
2011-07-16 00:00:00,  394.079040,   13.719257,    0.668491
2011-07-17 00:00:00,  392.757120,   13.713404,    0.668725
2011-07-18 00:00:00,  391.435200,   13.460801,    0.669332
2011-07-19 00:00:00,  389.966400,   14.367859,    0.669250
2011-07-20 00:00:00,  388.644480,   13.934760,    0.649132
2011-07-21 00:00:00,  387.322560,   13.820995,    0.650834
2011-07-22 00:00:00,  386.000640,   13.829374,    0.634139
2011-07-23 00:00:00,  384.825600,   13.737510,    0.627918
2011-07-24 00:00:00,  383.650560,   14.155860,    0.630212
2011-07-25 00:00:00,  382.475520,   13.977815,    0.627108
2011-07-26 00:00:00,  381.447360,   14.058582,    0.629697
2011-07-27 00:00:00,  380.419200,   14.568570,    0.622563
2011-07-28 00:00:00,  379.391040,   15.028739,    0.617707
2011-07-29 00:00:00,  378.362880,   14.780970,    0.619362
2011-07-30 00:00:00,  377.334720,   15.033228,    0.616384
2011-07-31 00:00:00,  376.453440,   15.017454,    0.616663
2011-08-01 00:00:00,  375.865920,   15.250759,    0.612780
2011-08-02 00:00:00,  375.278400,   15.256466,    0.607024
2011-08-03 00:00:00,  374.397120,   14.877188,    0.607778
2011-08-04 00:00:00,  373.662720,   14.786085,    0.607866
2011-08-05 00:00:00,  372.928320,   14.861118,    0.608755
2011-08-06 00:00:00,  372.193920,   14.529195,    0.610337
2011-08-07 00:00:00,  371.606400,   14.544777,    0.609512
2011-08-08 00:00:00,  371.018880,   14.719175,    0.609979
2011-08-09 00:00:00,  370.431360,   14.693854,    0.610091
2011-08-10 00:00:00,  369.990720,   14.700319,    0.610370
2011-08-11 00:00:00,  369.550080,   14.752793,    0.610629
2011-08-12 00:00:00,  369.109440,   14.640695,    0.610803
2011-08-13 00:00:00,  368.815680,   15.972750,    0.610720
2011-08-14 00:00:00,  368.375040,   15.524813,    0.594096
2011-08-15 00:00:00,  368.081280,   14.928328,    0.595417
2011-08-16 00:00:00,  367.934400,   14.570068,    0.596116
2011-08-17 00:00:00,  367.640640,   14.791212,    0.596332
2011-08-18 00:00:00,  367.493760,   14.745062,    0.596493
2011-08-19 00:00:00,  367.346880,   14.785893,    0.596812
2011-08-20 00:00:00,  367.200000,   16.003780,    0.597120
2011-08-21 00:00:00,  367.200000,   17.202669,    0.585924
2011-08-22 00:00:00,  367.200000,   17.306237,    0.575537
2011-08-23 00:00:00,  367.200000,   16.845754,    0.583494
2011-08-24 00:00:00,  367.346880,   16.459271,    0.582778
2011-08-25 00:00:00,  367.493760,   16.116053,    0.582985
2011-08-26 00:00:00,  367.640640,   16.337379,    0.583372
2011-08-27 00:00:00,  367.934400,   16.542911,    0.583384
2011-08-28 00:00:00,  368.228160,   16.748145,    0.583418
2011-08-29 00:00:00,  368.521920,   16.995142,    0.584611
2011-08-30 00:00:00,  368.815680,   17.243932,    0.584508
2011-08-31 00:00:00,  369.256320,   17.496965,    0.584475
2011-09-01 00:00:00,  369.550080,   17.759622,    0.584478
2011-09-02 00:00:00,  369.843840,   17.678821,    0.582683
2011-09-03 00:00:00,  370.431360,   16.983845,    0.583222
2011-09-04 00:00:00,  371.018880,   16.819951,    0.583160
2011-09-05 00:00:00,  371.606400,   16.713631,    0.584778
2011-09-06 00:00:00,  372.193920,   16.683163,    0.585719
2011-09-07 00:00:00,  372.781440,   16.563522,    0.586479
2011-09-08 00:00:00,  373.515840,   16.481242,    0.586784
2011-09-09 00:00:00,  374.250240,   16.447779,    0.587497
2011-09-10 00:00:00,  374.984640,   17.458300,    0.588674
2011-09-11 00:00:00,  375.865920,   17.019541,    0.588708
2011-09-12 00:00:00,  376.747200,   17.856311,    0.589434
2011-09-13 00:00:00,  377.628480,   18.147309,    0.589466
2011-09-14 00:00:00,  378.656640,   18.593208,    0.589526
2011-09-15 00:00:00,  379.684800,   20.492526,    0.591772
2011-09-16 00:00:00,  380.712960,   19.900158,    0.592504
2011-09-17 00:00:00,  381.741120,   19.257138,    0.588579
2011-09-18 00:00:00,  382.769280,   17.812512,    0.575597
2011-09-19 00:00:00,  383.944320,   17.456596,    0.576084
2011-09-20 00:00:00,  385.119360,   18.128641,    0.575444
2011-09-21 00:00:00,  386.441280,   17.197866,    0.570220
2011-09-22 00:00:00,  387.763200,   16.839283,    0.571051
2011-09-23 00:00:00,  389.085120,   16.900304,    0.571877
2011-09-24 00:00:00,  390.407040,   17.341382,    0.572359
2011-09-25 00:00:00,  391.728960,   18.963244,    0.573510
2011-09-26 00:00:00,  393.197760,   17.746063,    0.573554
2011-09-27 00:00:00,  394.666560,   16.597630,    0.566660
2011-09-28 00:00:00,  396.135360,   16.704725,    0.566817
2011-09-29 00:00:00,  397.604160,   18.062824,    0.567853
2011-09-30 00:00:00,  399.219840,   17.843727,    0.568712
2011-10-01 00:00:00,  401.129280,   17.871844,    0.568836
2011-10-02 00:00:00,  403.038720,   19.291318,    0.560906
2011-10-03 00:00:00,  404.801280,   19.393896,    0.562982
2011-10-04 00:00:00,  406.563840,   19.318887,    0.563613
2011-10-05 00:00:00,  408.326400,   19.560002,    0.564140
2011-10-06 00:00:00,  410.088960,   19.970604,    0.564567
2011-10-07 00:00:00,  411.851520,   20.372729,    0.564963
2011-10-08 00:00:00,  413.614080,   20.743975,    0.565262
2011-10-09 00:00:00,  415.523520,   21.006377,    0.565665
2011-10-10 00:00:00,  417.432960,   21.175181,    0.568375
2011-10-11 00:00:00,  419.342400,   22.956730,    0.570038
2011-10-12 00:00:00,  421.251840,   22.747581,    0.570411
2011-10-13 00:00:00,  423.161280,   21.748455,    0.572506
2011-10-14 00:00:00,  425.217600,   21.678278,    0.573619
2011-10-15 00:00:00,  427.273920,   22.375771,    0.574248
2011-10-16 00:00:00,  429.330240,   22.164802,    0.575240
2011-10-17 00:00:00,  431.386560,   22.482701,    0.575921
2011-10-18 00:00:00,  433.442880,   21.817988,    0.569391
2011-10-19 00:00:00,  435.499200,   21.567774,    0.571162
2011-10-20 00:00:00,  437.702400,   21.487041,    0.572527
2011-10-21 00:00:00,  439.905600,   22.125688,    0.573572
2011-10-22 00:00:00,  442.108800,   21.821636,    0.573964
2011-10-23 00:00:00,  444.312000,   21.959742,    0.574919
2011-10-24 00:00:00,  446.515200,   21.435629,    0.575504
2011-10-25 00:00:00,  448.865280,   21.272936,    0.569969
2011-10-26 00:00:00,  451.068480,   21.389994,    0.570151
2011-10-27 00:00:00,  453.271680,   22.557213,    0.571497
2011-10-28 00:00:00,  455.621760,   22.307581,    0.572702
2011-10-29 00:00:00,  457.971840,   21.566672,    0.573015
2011-10-30 00:00:00,  460.321920,   22.090777,    0.574379
2011-10-31 00:00:00,  462.672000,   22.177358,    0.575778
2011-11-01 00:00:00,  464.434560,   22.786787,    0.577486
2011-11-02 00:00:00,  466.197120,   23.624418,    0.578984
2011-11-03 00:00:00,  468.547200,   23.888894,    0.578708
2011-11-04 00:00:00,  470.897280,   24.314319,    0.578314
2011-11-05 00:00:00,  473.247360,   22.849173,    0.569588
2011-11-06 00:00:00,  475.744320,   23.337684,    0.559892
2011-11-07 00:00:00,  478.241280,   22.253514,    0.562970
2011-11-08 00:00:00,  480.591360,   20.828795,    0.561920
2011-11-09 00:00:00,  483.088320,   20.862670,    0.563362
2011-11-10 00:00:00,  485.585280,   21.467900,    0.563510
2011-11-11 00:00:00,  488.082240,   22.598679,    0.566111
2011-11-12 00:00:00,  490.579200,   23.472885,    0.567644
2011-11-13 00:00:00,  493.076160,   23.482284,    0.568130
2011-11-14 00:00:00,  495.573120,   23.799277,    0.570280
2011-11-15 00:00:00,  498.070080,   23.696066,    0.572119
2011-11-16 00:00:00,  500.567040,   23.398181,    0.572125
2011-11-17 00:00:00,  503.064000,   23.652763,    0.572703
2011-11-18 00:00:00,  505.560960,   23.651255,    0.574207
2011-11-19 00:00:00,  508.057920,   23.355277,    0.575577
2011-11-20 00:00:00,  510.701760,   23.474125,    0.577321
2011-11-21 00:00:00,  513.198720,   23.988177,    0.579126
2011-11-22 00:00:00,  515.695680,   24.803468,    0.580578
2011-11-23 00:00:00,  518.192640,   24.758075,    0.581460
2011-11-24 00:00:00,  520.689600,   24.584549,    0.583522
2011-11-25 00:00:00,  523.333440,   25.508402,    0.586486
2011-11-26 00:00:00,  525.830400,   23.784623,    0.587605
2011-11-27 00:00:00,  528.327360,   22.984038,    0.588857
2011-11-28 00:00:00,  530.824320,   22.930104,    0.590282
2011-11-29 00:00:00,  533.321280,   22.713966,    0.591988
2011-11-30 00:00:00,  535.818240,   22.707986,    0.593115
2011-12-01 00:00:00,  538.902720,   22.831105,    0.593913
2011-12-02 00:00:00,  541.987200,   23.200759,    0.595946
2011-12-03 00:00:00,  544.337280,   23.754550,    0.597955
2011-12-04 00:00:00,  546.834240,   24.675274,    0.600306
2011-12-05 00:00:00,  549.331200,   26.386566,    0.602470
2011-12-06 00:00:00,  551.681280,   24.881841,    0.583518
2011-12-07 00:00:00,  554.178240,   24.981272,    0.582273
2011-12-08 00:00:00,  556.675200,   24.357758,    0.583488
2011-12-09 00:00:00,  559.025280,   25.048012,    0.584169
2011-12-10 00:00:00,  561.375360,   25.204930,    0.584406
2011-12-11 00:00:00,  563.725440,   26.348307,    0.587508
2011-12-12 00:00:00,  566.075520,   23.482583,    0.546900
2011-12-13 00:00:00,  568.425600,   22.412729,    0.551685
2011-12-14 00:00:00,  570.775680,   23.408718,    0.552602
2011-12-15 00:00:00,  573.125760,   23.209361,    0.553361
2011-12-16 00:00:00,  575.475840,   24.225606,    0.554594
2011-12-17 00:00:00,  577.825920,   25.348762,    0.555797
2011-12-18 00:00:00,  580.029120,   25.763347,    0.557595
2011-12-19 00:00:00,  582.232320,   25.761017,    0.559262
2011-12-20 00:00:00,  584.582400,   26.158277,    0.560418
2011-12-21 00:00:00,  586.785600,   26.535354,    0.562288
2011-12-22 00:00:00,  588.988800,   26.388696,    0.563929
2011-12-23 00:00:00,  591.192000,   26.141829,    0.565993
2011-12-24 00:00:00,  593.248320,   26.279458,    0.567826
2011-12-25 00:00:00,  595.304640,   26.012457,    0.569224
2011-12-26 00:00:00,  597.360960,   26.219781,    0.571024
2011-12-27 00:00:00,  599.417280,   26.500394,    0.573396
2011-12-28 00:00:00,  601.473600,   26.742877,    0.575311
2011-12-29 00:00:00,  603.529920,   26.845690,    0.575480
2011-12-30 00:00:00,  605.586240,   28.214989,    0.579392
2011-12-31 00:00:00,  607.495680,   27.695000,    0.581268
2012-01-01 00:00:00,  608.817600,   27.194268,    0.582862
2012-01-02 00:00:00,  610.286400,   26.914944,    0.584632
2012-01-03 00:00:00,  612.195840,   26.268362,    0.586649
2012-01-04 00:00:00,  613.958400,   26.569729,    0.588303
2012-01-05 00:00:00,  615.867840,   27.097550,    0.589780
2012-01-06 00:00:00,  617.777280,   26.148175,    0.591718
2012-01-07 00:00:00,  619.539840,   25.251970,    0.593032
2012-01-08 00:00:00,  621.302400,   24.993657,    0.594403
2012-01-09 00:00:00,  622.918080,   25.435201,    0.596116
2012-01-10 00:00:00,  624.533760,   26.109338,    0.597939
2012-01-11 00:00:00,  626.296320,   26.533457,    0.600055
2012-01-12 00:00:00,  627.912000,   27.089687,    0.601162
2012-01-13 00:00:00,  629.380800,   27.094031,    0.601799
2012-01-14 00:00:00,  630.849600,   28.834561,    0.603714
2012-01-15 00:00:00,  632.465280,   29.316490,    0.606010
2012-01-16 00:00:00,  634.080960,   27.357608,    0.608098
2012-01-17 00:00:00,  635.402880,   26.932363,    0.609737
2012-01-18 00:00:00,  636.724800,   27.364501,    0.612366
2012-01-19 00:00:00,  638.193600,   28.590293,    0.613921
2012-01-20 00:00:00,  639.515520,   28.369491,    0.610203
2012-01-21 00:00:00,  640.837440,   29.203918,    0.612183
2012-01-22 00:00:00,  642.159360,   29.394912,    0.617168
2012-01-23 00:00:00,  643.334400,   28.712740,    0.618828
2012-01-24 00:00:00,  644.509440,   28.498450,    0.618963
2012-01-25 00:00:00,  645.684480,   29.025587,    0.620258
2012-01-26 00:00:00,  646.712640,   29.377068,    0.617763
2012-01-27 00:00:00,  647.740800,   30.377670,    0.620227
2012-01-28 00:00:00,  648.768960,   30.997741,    0.624705
2012-01-29 00:00:00,  649.797120,   28.275165,    0.626707
2012-01-30 00:00:00,  650.825280,   27.125970,    0.627226
2012-01-31 00:00:00,  651.706560,   26.898803,    0.626824
2012-02-01 00:00:00,  652.294080,   26.508835,    0.628873
2012-02-02 00:00:00,  652.881600,   26.971012,    0.624785
2012-02-03 00:00:00,  653.762880,   26.192227,    0.627487
2012-02-04 00:00:00,  654.497280,   25.153529,    0.629211
2012-02-05 00:00:00,  655.084800,   25.098261,    0.630470
2012-02-06 00:00:00,  655.819200,   25.319658,    0.632529
2012-02-07 00:00:00,  656.553600,   25.518906,    0.634043
2012-02-08 00:00:00,  657.141120,   25.912931,    0.636370
2012-02-09 00:00:00,  657.728640,   25.068407,    0.636560
2012-02-10 00:00:00,  658.169280,   25.951955,    0.636674
2012-02-11 00:00:00,  658.609920,   26.694780,    0.636948
2012-02-12 00:00:00,  659.050560,   26.999325,    0.643550
2012-02-13 00:00:00,  659.344320,   27.544277,    0.644743
2012-02-14 00:00:00,  659.784960,   27.645050,    0.646700
2012-02-15 00:00:00,  660.078720,   27.190659,    0.648529
2012-02-16 00:00:00,  660.225600,   26.956637,    0.648962
2012-02-17 00:00:00,  660.519360,   26.987526,    0.650724
2012-02-18 00:00:00,  660.666240,   26.890862,    0.652099
2012-02-19 00:00:00,  660.813120,   27.074192,    0.653889
2012-02-20 00:00:00,  660.960000,   27.064918,    0.655890
2012-02-21 00:00:00,  660.960000,   27.908585,    0.657700
2012-02-22 00:00:00,  660.960000,   27.845106,    0.657985
2012-02-23 00:00:00,  660.960000,   27.809880,    0.661405
2012-02-24 00:00:00,  660.813120,   26.908159,    0.662055
2012-02-25 00:00:00,  660.666240,   26.183408,    0.661955
2012-02-26 00:00:00,  660.519360,   25.432089,    0.663388
2012-02-27 00:00:00,  660.225600,   25.347859,    0.663880
2012-02-28 00:00:00,  659.931840,   25.026818,    0.665418
2012-02-29 00:00:00,  659.638080,   24.753839,    0.665369
2012-03-01 00:00:00,  659.050560,   24.372116,    0.667041
2012-03-02 00:00:00,  658.316160,   24.127073,    0.667709
2012-03-03 00:00:00,  657.728640,   24.028851,    0.667939
2012-03-04 00:00:00,  657.141120,   24.312367,    0.669024
2012-03-05 00:00:00,  656.553600,   25.034913,    0.670514
2012-03-06 00:00:00,  655.966080,   25.665523,    0.672938
2012-03-07 00:00:00,  655.378560,   25.767459,    0.676528
2012-03-08 00:00:00,  654.644160,   25.316392,    0.675862
2012-03-09 00:00:00,  653.909760,   25.867010,    0.677290
2012-03-10 00:00:00,  653.175360,   26.002675,    0.677592
2012-03-11 00:00:00,  652.294080,   27.094650,    0.680989
2012-03-12 00:00:00,  651.412800,   27.102079,    0.683100
2012-03-13 00:00:00,  650.531520,   25.936561,    0.683922
2012-03-14 00:00:00,  649.503360,   25.038050,    0.683935
2012-03-15 00:00:00,  648.475200,   24.436525,    0.684651
2012-03-16 00:00:00,  647.447040,   23.951178,    0.683052
2012-03-17 00:00:00,  646.418880,   24.217488,    0.685746
2012-03-18 00:00:00,  645.390720,   24.492836,    0.686874
2012-03-19 00:00:00,  644.215680,   24.143415,    0.688284
2012-03-20 00:00:00,  643.040640,   23.719051,    0.688998
2012-03-21 00:00:00,  641.718720,   23.612132,    0.689680
2012-03-22 00:00:00,  640.396800,   23.236360,    0.690366
2012-03-23 00:00:00,  639.221760,   23.210109,    0.691528
2012-03-24 00:00:00,  637.899840,   23.081751,    0.691223
2012-03-25 00:00:00,  636.431040,   23.212556,    0.692397
2012-03-26 00:00:00,  634.962240,   23.522123,    0.693447
2012-03-27 00:00:00,  633.493440,   23.702354,    0.694296
2012-03-28 00:00:00,  632.024640,   23.688563,    0.695005
2012-03-29 00:00:00,  630.555840,   23.843254,    0.696268
2012-03-30 00:00:00,  629.087040,   22.713593,    0.695841
2012-03-31 00:00:00,  627.471360,   22.583076,    0.696270
2012-04-01 00:00:00,  626.296320,   22.263525,    0.696676
2012-04-02 00:00:00,  625.121280,   21.939016,    0.695338
2012-04-03 00:00:00,  623.358720,   22.199270,    0.695821
2012-04-04 00:00:00,  621.596160,   22.180107,    0.695963
2012-04-05 00:00:00,  619.833600,   21.490687,    0.696254
2012-04-06 00:00:00,  618.071040,   20.947757,    0.696424
2012-04-07 00:00:00,  616.308480,   21.516520,    0.696483
2012-04-08 00:00:00,  614.545920,   21.347423,    0.696613
2012-04-09 00:00:00,  612.783360,   21.948479,    0.697177
2012-04-10 00:00:00,  610.873920,   22.453009,    0.697671
2012-04-11 00:00:00,  608.964480,   22.551324,    0.699114
2012-04-12 00:00:00,  607.055040,   22.672660,    0.699679
2012-04-13 00:00:00,  604.998720,   22.664810,    0.700914
2012-04-14 00:00:00,  602.942400,   22.583460,    0.700963
2012-04-15 00:00:00,  600.886080,   22.618053,    0.701659
2012-04-16 00:00:00,  598.829760,   22.882136,    0.702438
2012-04-17 00:00:00,  596.773440,   22.583126,    0.703524
2012-04-18 00:00:00,  594.717120,   21.691604,    0.702071
2012-04-19 00:00:00,  592.660800,   21.446405,    0.702517
2012-04-20 00:00:00,  590.457600,   21.048072,    0.702196
2012-04-21 00:00:00,  588.254400,   20.863584,    0.702177
2012-04-22 00:00:00,  586.198080,   20.833085,    0.700934
2012-04-23 00:00:00,  583.994880,   20.706136,    0.701441
2012-04-24 00:00:00,  581.644800,   20.003531,    0.701716
2012-04-25 00:00:00,  579.441600,   19.510779,    0.701798
2012-04-26 00:00:00,  577.238400,   19.728150,    0.701847
2012-04-27 00:00:00,  574.888320,   19.696925,    0.703284
2012-04-28 00:00:00,  572.538240,   18.996119,    0.702858
2012-04-29 00:00:00,  570.188160,   19.291210,    0.699352
2012-04-30 00:00:00,  567.838080,   19.497028,    0.700314
2012-05-01 00:00:00,  565.047360,   19.147180,    0.701264
2012-05-02 00:00:00,  562.109760,   19.178206,    0.702419
2012-05-03 00:00:00,  559.612800,   19.442304,    0.702580
2012-05-04 00:00:00,  557.262720,   19.274852,    0.673636
2012-05-05 00:00:00,  554.912640,   19.489030,    0.671105
2012-05-06 00:00:00,  552.415680,   19.016155,    0.664611
2012-05-07 00:00:00,  549.918720,   18.310878,    0.667030
2012-05-08 00:00:00,  547.568640,   17.828917,    0.671715
2012-05-09 00:00:00,  545.071680,   17.979616,    0.671570
2012-05-10 00:00:00,  542.574720,   18.203042,    0.661254
2012-05-11 00:00:00,  540.077760,   18.116385,    0.664314
2012-05-12 00:00:00,  537.580800,   18.208715,    0.668338
2012-05-13 00:00:00,  535.083840,   17.913087,    0.668770
2012-05-14 00:00:00,  532.586880,   18.498644,    0.669520
2012-05-15 00:00:00,  530.089920,   18.436429,    0.669872
2012-05-16 00:00:00,  527.592960,   18.337239,    0.669763
2012-05-17 00:00:00,  525.096000,   18.045321,    0.670042
2012-05-18 00:00:00,  522.599040,   18.221623,    0.670390
2012-05-19 00:00:00,  520.102080,   18.192231,    0.670392
2012-05-20 00:00:00,  517.458240,   18.013193,    0.671041
2012-05-21 00:00:00,  514.961280,   17.948803,    0.671431
2012-05-22 00:00:00,  512.464320,   17.685087,    0.672530
2012-05-23 00:00:00,  509.967360,   17.487110,    0.673991
2012-05-24 00:00:00,  507.470400,   17.305044,    0.677291
2012-05-25 00:00:00,  504.826560,   16.836539,    0.679299
2012-05-26 00:00:00,  502.329600,   16.552004,    0.681887
2012-05-27 00:00:00,  499.832640,   16.628074,    0.684428
2012-05-28 00:00:00,  497.335680,   16.746738,    0.684656
2012-05-29 00:00:00,  494.838720,   16.546810,    0.686000
2012-05-30 00:00:00,  492.341760,   16.440879,    0.690818
2012-05-31 00:00:00,  489.844800,   16.213096,    0.688438
2012-06-01 00:00:00,  488.082240,   16.383700,    0.675920
2012-06-02 00:00:00,  486.319680,   16.310736,    0.677114
2012-06-03 00:00:00,  483.822720,   15.979595,    0.686899
2012-06-04 00:00:00,  481.325760,   16.002100,    0.713175
2012-06-05 00:00:00,  478.828800,   15.860449,    0.713723
2012-06-06 00:00:00,  476.478720,   15.434547,    0.712456
2012-06-07 00:00:00,  473.981760,   15.383887,    0.699996
2012-06-08 00:00:00,  471.484800,   15.513229,    0.701107
2012-06-09 00:00:00,  469.134720,   15.894746,    0.701355
2012-06-10 00:00:00,  466.784640,   15.659190,    0.699752
2012-06-11 00:00:00,  464.434560,   15.394755,    0.699023
2012-06-12 00:00:00,  462.084480,   15.212873,    0.695217
2012-06-13 00:00:00,  459.734400,   14.894923,    0.694312
2012-06-14 00:00:00,  457.384320,   14.663822,    0.690718
2012-06-15 00:00:00,  455.034240,   14.722802,    0.690889
2012-06-16 00:00:00,  452.684160,   14.806532,    0.690971
2012-06-17 00:00:00,  450.334080,   15.155594,    0.691192
2012-06-18 00:00:00,  448.130880,   15.220017,    0.691403
2012-06-19 00:00:00,  445.927680,   15.500160,    0.689344
2012-06-20 00:00:00,  443.577600,   14.876029,    0.688197
2012-06-21 00:00:00,  441.374400,   14.902029,    0.688376
2012-06-22 00:00:00,  439.318080,   14.839881,    0.688596
2012-06-23 00:00:00,  437.114880,   14.516595,    0.689019
2012-06-24 00:00:00,  434.911680,   14.463568,    0.689249
2012-06-25 00:00:00,  432.855360,   14.048487,    0.688961
2012-06-26 00:00:00,  430.799040,   13.865823,    0.685667
2012-06-27 00:00:00,  428.742720,   13.942797,    0.684592
2012-06-28 00:00:00,  426.686400,   13.941249,    0.684221
2012-06-29 00:00:00,  424.630080,   14.106456,    0.684479
2012-06-30 00:00:00,  422.573760,   14.518406,    0.684964
2012-07-01 00:00:00,  420.223680,   14.233244,    0.684946
2012-07-02 00:00:00,  417.873600,   14.158060,    0.685076
2012-07-03 00:00:00,  415.964160,   14.116856,    0.685324
2012-07-04 00:00:00,  414.201600,   14.022494,    0.685631
2012-07-05 00:00:00,  412.292160,   13.741153,    0.686052
2012-07-06 00:00:00,  410.382720,   13.857366,    0.684540
2012-07-07 00:00:00,  408.620160,   13.974647,    0.684613
2012-07-08 00:00:00,  406.857600,   13.856733,    0.685143
2012-07-09 00:00:00,  405.241920,   13.686938,    0.685518
2012-07-10 00:00:00,  403.626240,   13.436042,    0.677100
2012-07-11 00:00:00,  401.863680,   13.270150,    0.677339
2012-07-12 00:00:00,  400.248000,   13.274359,    0.677468
2012-07-13 00:00:00,  398.779200,   13.157924,    0.677708
2012-07-14 00:00:00,  397.163520,   13.683045,    0.677965
2012-07-15 00:00:00,  395.547840,   13.598139,    0.678101
2012-07-16 00:00:00,  394.079040,   13.411578,    0.673516
2012-07-17 00:00:00,  392.757120,   13.650239,    0.674232
2012-07-18 00:00:00,  391.435200,   13.502207,    0.674345
2012-07-19 00:00:00,  389.966400,   13.304264,    0.674452
2012-07-20 00:00:00,  388.644480,   13.532717,    0.674672
2012-07-21 00:00:00,  387.322560,   13.329711,    0.674814
2012-07-22 00:00:00,  386.000640,   14.239876,    0.675389
2012-07-23 00:00:00,  384.825600,   13.477305,    0.675656
2012-07-24 00:00:00,  383.650560,   13.520141,    0.675854
2012-07-25 00:00:00,  382.475520,   13.324523,    0.676095
2012-07-26 00:00:00,  381.447360,   13.404968,    0.676208
2012-07-27 00:00:00,  380.419200,   13.439183,    0.676463
2012-07-28 00:00:00,  379.391040,   13.681373,    0.676752
2012-07-29 00:00:00,  378.362880,   13.708987,    0.677383
2012-07-30 00:00:00,  377.334720,   13.763571,    0.677581
2012-07-31 00:00:00,  376.453440,   14.079398,    0.670225
2012-08-01 00:00:00,  375.865920,   14.106924,    0.666198
2012-08-02 00:00:00,  375.278400,   13.859751,    0.667696
2012-08-03 00:00:00,  374.397120,   14.033286,    0.667270
2012-08-04 00:00:00,  373.662720,   14.317281,    0.664790
2012-08-05 00:00:00,  372.928320,   14.909591,    0.665141
2012-08-06 00:00:00,  372.193920,   14.954484,    0.663016
2012-08-07 00:00:00,  371.606400,   14.817803,    0.658627
2012-08-08 00:00:00,  371.018880,   14.642673,    0.656258
2012-08-09 00:00:00,  370.431360,   15.006393,    0.653215
2012-08-10 00:00:00,  369.990720,   15.012115,    0.653633
2012-08-11 00:00:00,  369.550080,   15.468524,    0.654077
2012-08-12 00:00:00,  369.109440,   15.363169,    0.632317
2012-08-13 00:00:00,  368.815680,   15.072461,    0.635647
2012-08-14 00:00:00,  368.375040,   15.208345,    0.634322
2012-08-15 00:00:00,  368.081280,   15.081550,    0.635038
2012-08-16 00:00:00,  367.934400,   15.359838,    0.635456
2012-08-17 00:00:00,  367.640640,   15.548846,    0.636275
2012-08-18 00:00:00,  367.493760,   15.315332,    0.636309
2012-08-19 00:00:00,  367.346880,   15.540532,    0.636692
2012-08-20 00:00:00,  367.200000,   15.865699,    0.636648
2012-08-21 00:00:00,  367.200000,   16.551349,    0.634076
2012-08-22 00:00:00,  367.200000,   15.652436,    0.635425
2012-08-23 00:00:00,  367.200000,   15.839025,    0.635779
2012-08-24 00:00:00,  367.346880,   15.599348,    0.635813
2012-08-25 00:00:00,  367.493760,   15.555143,    0.636237
2012-08-26 00:00:00,  367.640640,   16.641621,    0.636862
2012-08-27 00:00:00,  367.934400,   16.687736,    0.636867
2012-08-28 00:00:00,  368.228160,   16.877671,    0.637513
2012-08-29 00:00:00,  368.521920,   16.791676,    0.637521
2012-08-30 00:00:00,  368.815680,   17.368089,    0.637924
2012-08-31 00:00:00,  369.256320,   17.186698,    0.634737
2012-09-01 00:00:00,  369.550080,   17.665244,    0.635878
2012-09-02 00:00:00,  369.843840,   17.868792,    0.636490
2012-09-03 00:00:00,  370.431360,   16.707653,    0.630820
2012-09-04 00:00:00,  371.018880,   15.433529,    0.629449
2012-09-05 00:00:00,  371.606400,   15.020360,    0.627537
2012-09-06 00:00:00,  372.193920,   15.364294,    0.624877
2012-09-07 00:00:00,  372.781440,   15.825899,    0.625628
2012-09-08 00:00:00,  373.515840,   16.283027,    0.626080
2012-09-09 00:00:00,  374.250240,   16.131484,    0.626177
2012-09-10 00:00:00,  374.984640,   16.486903,    0.626177
2012-09-11 00:00:00,  375.865920,   16.947222,    0.626201
2012-09-12 00:00:00,  376.747200,   17.926916,    0.627947
2012-09-13 00:00:00,  377.628480,   17.664937,    0.628204
2012-09-14 00:00:00,  378.656640,   17.898500,    0.628551
2012-09-15 00:00:00,  379.684800,   18.442768,    0.629271
2012-09-16 00:00:00,  380.712960,   19.375726,    0.630400
2012-09-17 00:00:00,  381.741120,   19.477876,    0.630593
2012-09-18 00:00:00,  382.769280,   19.239975,    0.617134
2012-09-19 00:00:00,  383.944320,   20.005274,    0.618259
2012-09-20 00:00:00,  385.119360,   19.605682,    0.619756
2012-09-21 00:00:00,  386.441280,   17.852615,    0.620261
2012-09-22 00:00:00,  387.763200,   17.027206,    0.620631
2012-09-23 00:00:00,  389.085120,   17.293311,    0.621230
2012-09-24 00:00:00,  390.407040,   17.235811,    0.621907
2012-09-25 00:00:00,  391.728960,   17.212497,    0.618070
2012-09-26 00:00:00,  393.197760,   16.582845,    0.616146
2012-09-27 00:00:00,  394.666560,   15.875821,    0.615786
2012-09-28 00:00:00,  396.135360,   16.064506,    0.615897
2012-09-29 00:00:00,  397.604160,   16.460325,    0.615941
2012-09-30 00:00:00,  399.219840,   17.876866,    0.616969
2012-10-01 00:00:00,  401.129280,   18.721936,    0.618555
2012-10-02 00:00:00,  403.038720,   19.909800,    0.620003
2012-10-03 00:00:00,  404.801280,   19.453806,    0.620393
2012-10-04 00:00:00,  406.563840,   19.321646,    0.620094
2012-10-05 00:00:00,  408.326400,   19.555963,    0.621678
2012-10-06 00:00:00,  410.088960,   20.244696,    0.622699
2012-10-07 00:00:00,  411.851520,   20.350452,    0.623560
2012-10-08 00:00:00,  413.614080,   20.828495,    0.624909
2012-10-09 00:00:00,  415.523520,   20.975307,    0.625305
2012-10-10 00:00:00,  417.432960,   21.166317,    0.627225
2012-10-11 00:00:00,  419.342400,   21.041299,    0.629089
2012-10-12 00:00:00,  421.251840,   21.481522,    0.629915
2012-10-13 00:00:00,  423.161280,   20.572271,    0.629221
2012-10-14 00:00:00,  425.217600,   19.978413,    0.630264
2012-10-15 00:00:00,  427.273920,   20.003423,    0.630233
2012-10-16 00:00:00,  429.330240,   20.386032,    0.631646
2012-10-17 00:00:00,  431.386560,   21.027684,    0.631876
2012-10-18 00:00:00,  433.442880,   21.433212,    0.632694
2012-10-19 00:00:00,  435.499200,   21.939936,    0.632846
2012-10-20 00:00:00,  437.702400,   23.022759,    0.635882
2012-10-21 00:00:00,  439.905600,   22.893981,    0.636077
2012-10-22 00:00:00,  442.108800,   22.489096,    0.637532
2012-10-23 00:00:00,  444.312000,   21.953444,    0.638670
2012-10-24 00:00:00,  446.515200,   21.650864,    0.637725
2012-10-25 00:00:00,  448.865280,   21.814390,    0.639157
2012-10-26 00:00:00,  451.068480,   22.038647,    0.640433
2012-10-27 00:00:00,  453.271680,   22.811864,    0.641895
2012-10-28 00:00:00,  455.621760,   22.902236,    0.642200
2012-10-29 00:00:00,  457.971840,   23.603727,    0.644666
2012-10-30 00:00:00,  460.321920,   22.560662,    0.645725
2012-10-31 00:00:00,  462.672000,   21.663470,    0.646858
2012-11-01 00:00:00,  464.434560,   21.365766,    0.647367
2012-11-02 00:00:00,  466.197120,   22.194188,    0.648422
2012-11-03 00:00:00,  468.547200,   21.691289,    0.649559
2012-11-04 00:00:00,  470.897280,   20.299423,    0.643285
2012-11-05 00:00:00,  473.247360,   19.723894,    0.642037
2012-11-06 00:00:00,  475.744320,   20.700851,    0.643061
2012-11-07 00:00:00,  478.241280,   21.643709,    0.644832
2012-11-08 00:00:00,  480.591360,   21.781063,    0.645396
2012-11-09 00:00:00,  483.088320,   22.089348,    0.645580
2012-11-10 00:00:00,  485.585280,   22.954667,    0.647886
2012-11-11 00:00:00,  488.082240,   22.501490,    0.649206
2012-11-12 00:00:00,  490.579200,   22.594214,    0.650352
2012-11-13 00:00:00,  493.076160,   22.504100,    0.651516
2012-11-14 00:00:00,  495.573120,   22.963689,    0.653304
2012-11-15 00:00:00,  498.070080,   23.567513,    0.655014
2012-11-16 00:00:00,  500.567040,   24.035795,    0.656404
2012-11-17 00:00:00,  503.064000,   24.867855,    0.658212
2012-11-18 00:00:00,  505.560960,   24.241890,    0.660018
2012-11-19 00:00:00,  508.057920,   24.801219,    0.661607
2012-11-20 00:00:00,  510.701760,   24.813388,    0.663564
2012-11-21 00:00:00,  513.198720,   25.352453,    0.665542
2012-11-22 00:00:00,  515.695680,   25.980101,    0.665553
2012-11-23 00:00:00,  518.192640,   25.218006,    0.666057
2012-11-24 00:00:00,  520.689600,   24.482383,    0.666101
2012-11-25 00:00:00,  523.333440,   25.173353,    0.668050
2012-11-26 00:00:00,  525.830400,   26.093867,    0.669510
2012-11-27 00:00:00,  528.327360,   25.260350,    0.671379
2012-11-28 00:00:00,  530.824320,   21.958717,    0.661566
2012-11-29 00:00:00,  533.321280,   20.202144,    0.658695
2012-11-30 00:00:00,  535.818240,   20.226297,    0.659907
2012-12-01 00:00:00,  538.902720,   21.091433,    0.660900
2012-12-02 00:00:00,  541.987200,   22.013075,    0.662319
2012-12-03 00:00:00,  544.337280,   23.346983,    0.664163
2012-12-04 00:00:00,  546.834240,   23.700413,    0.665078
2012-12-05 00:00:00,  549.331200,   24.529191,    0.665186
2012-12-06 00:00:00,  551.681280,   25.249597,    0.670091
2012-12-07 00:00:00,  554.178240,   24.241430,    0.671471
2012-12-08 00:00:00,  556.675200,   24.620067,    0.672790
2012-12-09 00:00:00,  559.025280,   25.088430,    0.674961
2012-12-10 00:00:00,  561.375360,   25.420018,    0.675142
2012-12-11 00:00:00,  563.725440,   26.406305,    0.677209
2012-12-12 00:00:00,  566.075520,   25.056432,    0.646464
2012-12-13 00:00:00,  568.425600,   24.266731,    0.633254
2012-12-14 00:00:00,  570.775680,   24.659955,    0.646125
2012-12-15 00:00:00,  573.125760,   24.388258,    0.647062
2012-12-16 00:00:00,  575.475840,   25.817611,    0.650288
2012-12-17 00:00:00,  577.825920,   25.625829,    0.650568
2012-12-18 00:00:00,  580.029120,   25.376494,    0.653873
2012-12-19 00:00:00,  582.232320,   24.901995,    0.653950
2012-12-20 00:00:00,  584.582400,   25.942683,    0.657154
2012-12-21 00:00:00,  586.785600,   25.586629,    0.659104
2012-12-22 00:00:00,  588.988800,   25.186468,    0.659164
2012-12-23 00:00:00,  591.192000,   25.900089,    0.662533
2012-12-24 00:00:00,  593.248320,   26.607186,    0.664313
2012-12-25 00:00:00,  595.304640,   27.248593,    0.666176
2012-12-26 00:00:00,  597.360960,   27.334709,    0.669122
2012-12-27 00:00:00,  599.417280,   28.504261,    0.670982
2012-12-28 00:00:00,  601.473600,   29.104793,    0.672037
2012-12-29 00:00:00,  603.529920,   29.074552,    0.673750
2012-12-30 00:00:00,  605.586240,   29.364488,    0.674527
2012-12-31 00:00:00,  607.495680,   30.350884,    0.676546
2013-01-01 00:00:00,  608.817600,   29.944062,    0.680627
2013-01-02 00:00:00,  610.286400,   29.594774,    0.682579
2013-01-03 00:00:00,  612.195840,   27.760511,    0.683843
2013-01-04 00:00:00,  613.958400,   26.752732,    0.685232
2013-01-05 00:00:00,  615.867840,   27.428117,    0.687230
2013-01-06 00:00:00,  617.777280,   26.895599,    0.688228
2013-01-07 00:00:00,  619.539840,   26.573506,    0.688157
2013-01-08 00:00:00,  621.302400,   27.570294,    0.689153
2013-01-09 00:00:00,  622.918080,   26.472084,    0.691464
2013-01-10 00:00:00,  624.533760,   26.013118,    0.692346
2013-01-11 00:00:00,  626.296320,   25.861687,    0.693290
2013-01-12 00:00:00,  627.912000,   25.908537,    0.694416
2013-01-13 00:00:00,  629.380800,   25.158520,    0.695339
2013-01-14 00:00:00,  630.849600,   27.069745,    0.696438
2013-01-15 00:00:00,  632.465280,   27.602215,    0.696784
2013-01-16 00:00:00,  634.080960,   26.172307,    0.699652
2013-01-17 00:00:00,  635.402880,   24.524947,    0.700621
2013-01-18 00:00:00,  636.724800,   24.691255,    0.700662
2013-01-19 00:00:00,  638.193600,   25.351878,    0.702337
2013-01-20 00:00:00,  639.515520,   26.167185,    0.704365
2013-01-21 00:00:00,  640.837440,   25.901263,    0.706819
2013-01-22 00:00:00,  642.159360,   25.900088,    0.706982
2013-01-23 00:00:00,  643.334400,   25.675836,    0.711296
2013-01-24 00:00:00,  644.509440,   25.213930,    0.713090
2013-01-25 00:00:00,  645.684480,   25.453374,    0.714275
2013-01-26 00:00:00,  646.712640,   25.165059,    0.714119
2013-01-27 00:00:00,  647.740800,   25.786294,    0.716716
2013-01-28 00:00:00,  648.768960,   26.159451,    0.719397
2013-01-29 00:00:00,  649.797120,   26.353329,    0.721549
2013-01-30 00:00:00,  650.825280,   26.384676,    0.723384
2013-01-31 00:00:00,  651.706560,   26.176798,    0.723620
2013-02-01 00:00:00,  652.294080,   26.442513,    0.726825
2013-02-02 00:00:00,  652.881600,   26.583938,    0.727175
2013-02-03 00:00:00,  653.762880,   27.482605,    0.729181
2013-02-04 00:00:00,  654.497280,   28.212354,    0.733520
2013-02-05 00:00:00,  655.084800,   26.920776,    0.734331
2013-02-06 00:00:00,  655.819200,   25.929483,    0.734609
2013-02-07 00:00:00,  656.553600,   25.823906,    0.734737
2013-02-08 00:00:00,  657.141120,   26.230785,    0.736321
2013-02-09 00:00:00,  657.728640,   26.477441,    0.738142
2013-02-10 00:00:00,  658.169280,   26.847751,    0.740966
2013-02-11 00:00:00,  658.609920,   26.836734,    0.743249
2013-02-12 00:00:00,  659.050560,   26.745995,    0.743143
2013-02-13 00:00:00,  659.344320,   27.735909,    0.745062
2013-02-14 00:00:00,  659.784960,   27.399552,    0.749335
2013-02-15 00:00:00,  660.078720,   27.566751,    0.750508
2013-02-16 00:00:00,  660.225600,   27.859819,    0.752809
2013-02-17 00:00:00,  660.519360,   25.510812,    0.750668
2013-02-18 00:00:00,  660.666240,   25.506772,    0.749869
2013-02-19 00:00:00,  660.813120,   25.542519,    0.751584
2013-02-20 00:00:00,  660.960000,   25.347136,    0.751500
2013-02-21 00:00:00,  660.960000,   26.180105,    0.751760
2013-02-22 00:00:00,  660.960000,   25.327390,    0.755977
2013-02-23 00:00:00,  660.960000,   25.080191,    0.756138
2013-02-24 00:00:00,  660.813120,   25.040403,    0.757423
2013-02-25 00:00:00,  660.666240,   25.415011,    0.758728
2013-02-26 00:00:00,  660.519360,   26.302451,    0.760219
2013-02-27 00:00:00,  660.225600,   26.609302,    0.762721
2013-02-28 00:00:00,  659.931840,   26.398108,    0.764827
2013-03-01 00:00:00,  659.197440,   26.399834,    0.766367
2013-03-02 00:00:00,  658.316160,   27.000864,    0.768501
2013-03-03 00:00:00,  657.728640,   27.146278,    0.768436
2013-03-04 00:00:00,  657.141120,   27.181945,    0.769930
2013-03-05 00:00:00,  656.553600,   26.958213,    0.771604
2013-03-06 00:00:00,  655.966080,   26.413602,    0.772343
2013-03-07 00:00:00,  655.378560,   26.252970,    0.772116
2013-03-08 00:00:00,  654.644160,   26.170165,    0.773766
2013-03-09 00:00:00,  653.909760,   26.467365,    0.775189
2013-03-10 00:00:00,  653.175360,   25.252685,    0.775532
2013-03-11 00:00:00,  652.294080,   24.452003,    0.774724
2013-03-12 00:00:00,  651.412800,   23.837613,    0.773334
2013-03-13 00:00:00,  650.531520,   24.185693,    0.771082
2013-03-14 00:00:00,  649.503360,   22.740713,    0.766568
2013-03-15 00:00:00,  648.475200,   23.504411,    0.767346
2013-03-16 00:00:00,  647.447040,   23.267919,    0.765471
2013-03-17 00:00:00,  646.418880,   24.321031,    0.763634
2013-03-18 00:00:00,  645.390720,   25.586332,    0.765639
2013-03-19 00:00:00,  644.215680,   25.521981,    0.766992
2013-03-20 00:00:00,  643.040640,   23.956275,    0.768466
2013-03-21 00:00:00,  641.718720,   23.060269,    0.769275
2013-03-22 00:00:00,  640.396800,   22.963357,    0.768424
2013-03-23 00:00:00,  639.221760,   23.215640,    0.768896
2013-03-24 00:00:00,  637.899840,   23.369294,    0.770515
2013-03-25 00:00:00,  636.431040,   22.767591,    0.757299
2013-03-26 00:00:00,  634.962240,   21.373418,    0.727895
2013-03-27 00:00:00,  633.493440,   21.725789,    0.725892
2013-03-28 00:00:00,  632.024640,   21.754394,    0.727872
2013-03-29 00:00:00,  630.555840,   22.262569,    0.728892
2013-03-30 00:00:00,  629.087040,   22.543855,    0.729874
2013-03-31 00:00:00,  627.471360,   22.848869,    0.731241
2013-04-01 00:00:00,  626.296320,   22.825482,    0.731229
2013-04-02 00:00:00,  625.121280,   22.992886,    0.732691
2013-04-03 00:00:00,  623.358720,   23.565286,    0.734262
2013-04-04 00:00:00,  621.596160,   23.781615,    0.734314
2013-04-05 00:00:00,  619.833600,   24.801260,    0.736518
2013-04-06 00:00:00,  618.071040,   24.003262,    0.737468
2013-04-07 00:00:00,  616.308480,   24.078522,    0.738294
2013-04-08 00:00:00,  614.545920,   23.984077,    0.738478
2013-04-09 00:00:00,  612.783360,   25.583410,    0.740048
2013-04-10 00:00:00,  610.873920,   25.773894,    0.740234
2013-04-11 00:00:00,  608.964480,   25.115505,    0.742270
2013-04-12 00:00:00,  607.055040,   23.799312,    0.738796
2013-04-13 00:00:00,  604.998720,   23.555051,    0.739109
2013-04-14 00:00:00,  602.942400,   23.541069,    0.739108
2013-04-15 00:00:00,  600.886080,   23.760120,    0.739173
2013-04-16 00:00:00,  598.829760,   23.821175,    0.740215
2013-04-17 00:00:00,  596.773440,   24.046775,    0.740411
2013-04-18 00:00:00,  594.717120,   24.142748,    0.740998
2013-04-19 00:00:00,  592.660800,   23.509795,    0.723202
2013-04-20 00:00:00,  590.457600,   22.498650,    0.725492
2013-04-21 00:00:00,  588.254400,   21.634879,    0.725919
2013-04-22 00:00:00,  586.198080,   21.744774,    0.723899
2013-04-23 00:00:00,  583.994880,   21.833287,    0.724296
2013-04-24 00:00:00,  581.644800,   21.481079,    0.725231
2013-04-25 00:00:00,  579.441600,   21.233922,    0.725523
2013-04-26 00:00:00,  577.238400,   21.706287,    0.726143
2013-04-27 00:00:00,  574.888320,   21.477068,    0.726495
2013-04-28 00:00:00,  572.538240,   21.091280,    0.726896
2013-04-29 00:00:00,  570.188160,   20.660341,    0.727199
2013-04-30 00:00:00,  567.838080,   20.702132,    0.727185
2013-05-01 00:00:00,  565.047360,   20.712289,    0.711849
2013-05-02 00:00:00,  562.109760,   20.343919,    0.716397
2013-05-03 00:00:00,  559.612800,   20.389260,    0.717220
2013-05-04 00:00:00,  557.262720,   20.577483,    0.717675
2013-05-05 00:00:00,  554.912640,   20.339028,    0.717566
2013-05-06 00:00:00,  552.415680,   20.473972,    0.717950
2013-05-07 00:00:00,  549.918720,   19.926710,    0.711833
2013-05-08 00:00:00,  547.568640,   19.060740,    0.698224
2013-05-09 00:00:00,  545.071680,   18.089947,    0.683907
2013-05-10 00:00:00,  542.574720,   17.581786,    0.673004
2013-05-11 00:00:00,  540.077760,   17.355249,    0.673505
2013-05-12 00:00:00,  537.580800,   17.246303,    0.675371
2013-05-13 00:00:00,  535.083840,   17.175334,    0.675969
2013-05-14 00:00:00,  532.586880,   17.009569,    0.677945
2013-05-15 00:00:00,  530.089920,   16.961445,    0.678584
2013-05-16 00:00:00,  527.592960,   16.930998,    0.674192
2013-05-17 00:00:00,  525.096000,   17.011524,    0.675252
2013-05-18 00:00:00,  522.599040,   16.806120,    0.675297
2013-05-19 00:00:00,  520.102080,   16.776179,    0.677251
2013-05-20 00:00:00,  517.458240,   16.510529,    0.664199
2013-05-21 00:00:00,  514.961280,   16.435711,    0.671765
2013-05-22 00:00:00,  512.464320,   16.542177,    0.671969
2013-05-23 00:00:00,  509.967360,   16.604776,    0.672757
2013-05-24 00:00:00,  507.470400,   16.396169,    0.675487
2013-05-25 00:00:00,  504.826560,   16.332409,    0.681081
2013-05-26 00:00:00,  502.329600,   16.224148,    0.681389
2013-05-27 00:00:00,  499.832640,   17.080261,    0.674532
2013-05-28 00:00:00,  497.335680,   16.828444,    0.674579
2013-05-29 00:00:00,  494.838720,   16.444587,    0.696611
2013-05-30 00:00:00,  492.341760,   15.946240,    0.697294
2013-05-31 00:00:00,  489.844800,   15.751581,    0.697888
2013-06-01 00:00:00,  488.082240,   15.432446,    0.697988
2013-06-02 00:00:00,  486.319680,   15.314145,    0.698315
2013-06-03 00:00:00,  483.822720,   15.589713,    0.698859
2013-06-04 00:00:00,  481.325760,   15.281523,    0.698786
2013-06-05 00:00:00,  478.828800,   15.302099,    0.698175
2013-06-06 00:00:00,  476.478720,   15.317680,    0.698344
2013-06-07 00:00:00,  473.981760,   15.271022,    0.698687
2013-06-08 00:00:00,  471.484800,   15.386166,    0.698951
2013-06-09 00:00:00,  469.134720,   15.698410,    0.698806
2013-06-10 00:00:00,  466.784640,   15.807853,    0.699244
2013-06-11 00:00:00,  464.434560,   15.387665,    0.699389
2013-06-12 00:00:00,  462.084480,   15.282279,    0.699959
2013-06-13 00:00:00,  459.734400,   15.334364,    0.700143
2013-06-14 00:00:00,  457.384320,   14.933798,    0.700482
2013-06-15 00:00:00,  455.034240,   14.941263,    0.700580
2013-06-16 00:00:00,  452.684160,   14.925649,    0.700816
2013-06-17 00:00:00,  450.334080,   15.157512,    0.699737
2013-06-18 00:00:00,  448.130880,   14.868612,    0.700017
2013-06-19 00:00:00,  445.927680,   15.041882,    0.699680
2013-06-20 00:00:00,  443.577600,   14.806876,    0.699692
2013-06-21 00:00:00,  441.374400,   14.653966,    0.700192
2013-06-22 00:00:00,  439.318080,   14.433533,    0.700559
2013-06-23 00:00:00,  437.114880,   14.151342,    0.695650
2013-06-24 00:00:00,  434.911680,   14.284998,    0.695968
2013-06-25 00:00:00,  432.855360,   14.392125,    0.696199
2013-06-26 00:00:00,  430.799040,   14.405474,    0.696319
2013-06-27 00:00:00,  428.742720,   14.418443,    0.696508
2013-06-28 00:00:00,  426.686400,   14.566166,    0.696776
2013-06-29 00:00:00,  424.630080,   14.469753,    0.696856
2013-06-30 00:00:00,  422.573760,   14.441616,    0.697049
2013-07-01 00:00:00,  420.223680,   14.391256,    0.697252
2013-07-02 00:00:00,  417.873600,   15.057361,    0.697940
2013-07-03 00:00:00,  415.964160,   14.488596,    0.696279
2013-07-04 00:00:00,  414.201600,   14.418222,    0.696628
2013-07-05 00:00:00,  412.292160,   14.363587,    0.696728
2013-07-06 00:00:00,  410.382720,   14.029127,    0.697140
2013-07-07 00:00:00,  408.620160,   14.103600,    0.697587
2013-07-08 00:00:00,  406.857600,   13.923844,    0.697499
2013-07-09 00:00:00,  405.241920,   13.649467,    0.692738
2013-07-10 00:00:00,  403.626240,   13.718102,    0.692831
2013-07-11 00:00:00,  401.863680,   13.733724,    0.678309
2013-07-12 00:00:00,  400.248000,   13.992236,    0.676592
2013-07-13 00:00:00,  398.779200,   14.335538,    0.667604
2013-07-14 00:00:00,  397.163520,   14.557601,    0.669722
2013-07-15 00:00:00,  395.547840,   14.833303,    0.671555
2013-07-16 00:00:00,  394.079040,   14.285777,    0.673615
2013-07-17 00:00:00,  392.757120,   13.750380,    0.674815
2013-07-18 00:00:00,  391.435200,   13.749499,    0.675670
2013-07-19 00:00:00,  389.966400,   13.663425,    0.679171
2013-07-20 00:00:00,  388.644480,   13.594918,    0.679471
2013-07-21 00:00:00,  387.322560,   13.477555,    0.679484
2013-07-22 00:00:00,  386.000640,   13.209817,    0.679958
2013-07-23 00:00:00,  384.825600,   13.162346,    0.669909
2013-07-24 00:00:00,  383.650560,   13.448930,    0.668370
2013-07-25 00:00:00,  382.475520,   13.562447,    0.666918
2013-07-26 00:00:00,  381.447360,   13.264633,    0.653442
2013-07-27 00:00:00,  380.419200,   13.300466,    0.650762
2013-07-28 00:00:00,  379.391040,   13.420208,    0.650937
2013-07-29 00:00:00,  378.362880,   13.406422,    0.650169
2013-07-30 00:00:00,  377.334720,   13.626570,    0.650191
2013-07-31 00:00:00,  376.453440,   14.107208,    0.649520
2013-08-01 00:00:00,  375.865920,   14.042247,    0.649487
2013-08-02 00:00:00,  375.278400,   14.288075,    0.649377
2013-08-03 00:00:00,  374.397120,   14.644364,    0.649253
2013-08-04 00:00:00,  373.662720,   16.033894,    0.648804
2013-08-05 00:00:00,  372.928320,   16.689212,    0.646050
2013-08-06 00:00:00,  372.193920,   17.040678,    0.645197
2013-08-07 00:00:00,  371.606400,   17.382818,    0.630738
2013-08-08 00:00:00,  371.018880,   16.937298,    0.630468
2013-08-09 00:00:00,  370.431360,   16.935925,    0.630839
2013-08-10 00:00:00,  369.990720,   16.774606,    0.621679
2013-08-11 00:00:00,  369.550080,   16.273317,    0.619263
2013-08-12 00:00:00,  369.109440,   16.034664,    0.622636
2013-08-13 00:00:00,  368.815680,   15.782441,    0.617295
2013-08-14 00:00:00,  368.375040,   15.458499,    0.619889
2013-08-15 00:00:00,  368.081280,   14.724121,    0.616392
2013-08-16 00:00:00,  367.934400,   14.320997,    0.617104
2013-08-17 00:00:00,  367.640640,   14.994792,    0.618949
2013-08-18 00:00:00,  367.493760,   15.137855,    0.619221
2013-08-19 00:00:00,  367.346880,   14.877958,    0.619267
2013-08-20 00:00:00,  367.200000,   14.947970,    0.619480
2013-08-21 00:00:00,  367.200000,   16.134775,    0.618761
2013-08-22 00:00:00,  367.200000,   15.765657,    0.618925
2013-08-23 00:00:00,  367.200000,   16.086828,    0.619345
2013-08-24 00:00:00,  367.346880,   16.270475,    0.619892
2013-08-25 00:00:00,  367.493760,   16.642318,    0.610710
2013-08-26 00:00:00,  367.640640,   16.160631,    0.604923
2013-08-27 00:00:00,  367.934400,   15.512110,    0.596333
2013-08-28 00:00:00,  368.228160,   15.767450,    0.594179
2013-08-29 00:00:00,  368.521920,   15.942880,    0.590480
2013-08-30 00:00:00,  368.815680,   16.185736,    0.586826
2013-08-31 00:00:00,  369.256320,   16.629576,    0.586595
2013-09-01 00:00:00,  369.550080,   16.768014,    0.587104
2013-09-02 00:00:00,  369.843840,   16.939745,    0.587104
2013-09-03 00:00:00,  370.431360,   17.416949,    0.585599
2013-09-04 00:00:00,  371.018880,   17.302222,    0.586556
2013-09-05 00:00:00,  371.606400,   17.058037,    0.587133
2013-09-06 00:00:00,  372.193920,   18.049246,    0.588097
2013-09-07 00:00:00,  372.781440,   17.674772,    0.588083
2013-09-08 00:00:00,  373.515840,   17.491096,    0.587882
2013-09-09 00:00:00,  374.250240,   17.860050,    0.588262
2013-09-10 00:00:00,  374.984640,   18.515802,    0.589050
2013-09-11 00:00:00,  375.865920,   17.198848,    0.575733
2013-09-12 00:00:00,  376.747200,   17.104009,    0.577241
2013-09-13 00:00:00,  377.628480,   17.014650,    0.576038
2013-09-14 00:00:00,  378.656640,   15.929638,    0.570358
2013-09-15 00:00:00,  379.684800,   15.924637,    0.563892
2013-09-16 00:00:00,  380.712960,   15.585638,    0.551267
2013-09-17 00:00:00,  381.741120,   15.733970,    0.554428
2013-09-18 00:00:00,  382.769280,   15.716817,    0.552391
2013-09-19 00:00:00,  383.944320,   15.815991,    0.553003
2013-09-20 00:00:00,  385.119360,   15.952356,    0.552369
2013-09-21 00:00:00,  386.441280,   16.859244,    0.552732
2013-09-22 00:00:00,  387.763200,   16.489801,    0.545981
2013-09-23 00:00:00,  389.085120,   16.675253,    0.546289
2013-09-24 00:00:00,  390.407040,   16.447035,    0.544887
2013-09-25 00:00:00,  391.728960,   16.384622,    0.545321
2013-09-26 00:00:00,  393.197760,   16.845706,    0.544493
2013-09-27 00:00:00,  394.666560,   16.746308,    0.544786
2013-09-28 00:00:00,  396.135360,   17.609803,    0.545490
2013-09-29 00:00:00,  397.604160,   17.379263,    0.529974
2013-09-30 00:00:00,  399.219840,   17.553437,    0.513711
2013-10-01 00:00:00,  401.129280,   17.430530,    0.524881
2013-10-02 00:00:00,  403.038720,   19.293504,    0.523051
2013-10-03 00:00:00,  404.801280,   20.016186,    0.524203
2013-10-04 00:00:00,  406.563840,   19.869202,    0.524475
2013-10-05 00:00:00,  408.326400,   20.163611,    0.524812
2013-10-06 00:00:00,  410.088960,   20.147281,    0.521489
2013-10-07 00:00:00,  411.851520,   20.342900,    0.522628
2013-10-08 00:00:00,  413.614080,   20.683187,    0.523478
2013-10-09 00:00:00,  415.523520,   20.867139,    0.516051
2013-10-10 00:00:00,  417.432960,   20.550946,    0.517089
2013-10-11 00:00:00,  419.342400,   19.816692,    0.519055
2013-10-12 00:00:00,  421.251840,   19.540953,    0.521252
2013-10-13 00:00:00,  423.161280,   19.748937,    0.522242
2013-10-14 00:00:00,  425.217600,   19.466829,    0.522547
2013-10-15 00:00:00,  427.273920,   20.364525,    0.524023
2013-10-16 00:00:00,  429.330240,   20.447800,    0.524348
2013-10-17 00:00:00,  431.386560,   20.384087,    0.524394
2013-10-18 00:00:00,  433.442880,   20.664635,    0.524446
2013-10-19 00:00:00,  435.499200,   20.105424,    0.517743
2013-10-20 00:00:00,  437.702400,   19.518303,    0.510597
2013-10-21 00:00:00,  439.905600,   19.988680,    0.512729
2013-10-22 00:00:00,  442.108800,   20.256855,    0.514162
2013-10-23 00:00:00,  444.312000,   20.189522,    0.515613
2013-10-24 00:00:00,  446.515200,   20.159966,    0.517189
2013-10-25 00:00:00,  448.865280,   20.478939,    0.518295
2013-10-26 00:00:00,  451.068480,   22.369050,    0.519336
2013-10-27 00:00:00,  453.271680,   23.176828,    0.520224
2013-10-28 00:00:00,  455.621760,   23.631744,    0.521461
2013-10-29 00:00:00,  457.971840,   23.620747,    0.521704
2013-10-30 00:00:00,  460.321920,   24.053709,    0.522983
2013-10-31 00:00:00,  462.672000,   24.584023,    0.525330
2013-11-01 00:00:00,  464.434560,   24.337846,    0.526762
2013-11-02 00:00:00,  466.197120,   23.692328,    0.526777
2013-11-03 00:00:00,  468.547200,   23.113067,    0.528703
2013-11-04 00:00:00,  470.897280,   24.591264,    0.529831
2013-11-05 00:00:00,  473.247360,   23.666712,    0.531914
2013-11-06 00:00:00,  475.744320,   22.764495,    0.532199
2013-11-07 00:00:00,  478.241280,   23.008000,    0.533072
2013-11-08 00:00:00,  480.591360,   23.424409,    0.534640
2013-11-09 00:00:00,  483.088320,   24.194236,    0.535809
2013-11-10 00:00:00,  485.585280,   24.983205,    0.537437
2013-11-11 00:00:00,  488.082240,   24.620922,    0.537334
2013-11-12 00:00:00,  490.579200,   24.126067,    0.540617
2013-11-13 00:00:00,  493.076160,   23.517526,    0.541700
2013-11-14 00:00:00,  495.573120,   23.836420,    0.541876
2013-11-15 00:00:00,  498.070080,   23.651262,    0.543492
2013-11-16 00:00:00,  500.567040,   25.326676,    0.546214
2013-11-17 00:00:00,  503.064000,   25.837970,    0.546285
2013-11-18 00:00:00,  505.560960,   24.821875,    0.549295
2013-11-19 00:00:00,  508.057920,   23.808387,    0.550451
2013-11-20 00:00:00,  510.701760,   22.923362,    0.550618
2013-11-21 00:00:00,  513.198720,   24.216070,    0.553354
2013-11-22 00:00:00,  515.695680,   24.081195,    0.553963
2013-11-23 00:00:00,  518.192640,   25.391609,    0.554721
2013-11-24 00:00:00,  520.689600,   24.727079,    0.557427
2013-11-25 00:00:00,  523.333440,   24.646501,    0.559103
2013-11-26 00:00:00,  525.830400,   24.841354,    0.560444
2013-11-27 00:00:00,  528.327360,   24.795344,    0.559914
2013-11-28 00:00:00,  530.824320,   25.428708,    0.561717
2013-11-29 00:00:00,  533.321280,   23.654764,    0.561992
2013-11-30 00:00:00,  535.818240,   23.677367,    0.563026
2013-12-01 00:00:00,  538.902720,   23.758845,    0.562842
2013-12-02 00:00:00,  541.987200,   24.344022,    0.565717
2013-12-03 00:00:00,  544.337280,   23.312313,    0.567214
2013-12-04 00:00:00,  546.834240,   23.459824,    0.567273
2013-12-05 00:00:00,  549.331200,   23.415376,    0.568750
2013-12-06 00:00:00,  551.681280,   24.157081,    0.570441
2013-12-07 00:00:00,  554.178240,   24.477383,    0.573693
2013-12-08 00:00:00,  556.675200,   23.836656,    0.575403
2013-12-09 00:00:00,  559.025280,   23.957100,    0.575768
2013-12-10 00:00:00,  561.375360,   24.305583,    0.577135
2013-12-11 00:00:00,  563.725440,   25.017067,    0.578857
2013-12-12 00:00:00,  566.075520,   25.789199,    0.580209
2013-12-13 00:00:00,  568.425600,   27.087901,    0.582125
2013-12-14 00:00:00,  570.775680,   27.750548,    0.583556
2013-12-15 00:00:00,  573.125760,   29.015793,    0.584899
2013-12-16 00:00:00,  575.475840,   29.002550,    0.585421
2013-12-17 00:00:00,  577.825920,   28.809118,    0.588120
2013-12-18 00:00:00,  580.029120,   26.700112,    0.589520
2013-12-19 00:00:00,  582.232320,   25.592768,    0.589971
2013-12-20 00:00:00,  584.582400,   25.149228,    0.591319
2013-12-21 00:00:00,  586.785600,   25.177465,    0.592643
2013-12-22 00:00:00,  588.988800,   25.332835,    0.594362
2013-12-23 00:00:00,  591.192000,   26.241549,    0.595804
2013-12-24 00:00:00,  593.248320,   26.649542,    0.597397
2013-12-25 00:00:00,  595.304640,   26.568326,    0.599616
2013-12-26 00:00:00,  597.360960,   26.910026,    0.601111
2013-12-27 00:00:00,  599.417280,   26.219156,    0.601817
2013-12-28 00:00:00,  601.473600,   26.231942,    0.603039
2013-12-29 00:00:00,  603.529920,   25.984263,    0.605453
2013-12-30 00:00:00,  605.586240,   26.734956,    0.607175
2013-12-31 00:00:00,  607.495680,   26.045181,    0.608617
2014-01-01 00:00:00,  608.817600,   26.360843,    0.610428
2014-01-02 00:00:00,  610.286400,   26.107270,    0.611445
2014-01-03 00:00:00,  612.195840,   25.340488,    0.613267
2014-01-04 00:00:00,  613.958400,   24.730866,    0.612683
2014-01-05 00:00:00,  615.867840,   25.500219,    0.614304
2014-01-06 00:00:00,  617.777280,   26.775516,    0.616032
2014-01-07 00:00:00,  619.539840,   26.776380,    0.618284
2014-01-08 00:00:00,  621.302400,   26.419364,    0.620065
2014-01-09 00:00:00,  622.918080,   26.264677,    0.622256
2014-01-10 00:00:00,  624.533760,   26.916032,    0.622967
2014-01-11 00:00:00,  626.296320,   27.126762,    0.623267
2014-01-12 00:00:00,  627.912000,   28.130579,    0.626066
2014-01-13 00:00:00,  629.380800,   27.015716,    0.630143
2014-01-14 00:00:00,  630.849600,   26.698608,    0.631662
2014-01-15 00:00:00,  632.465280,   26.558741,    0.633378
2014-01-16 00:00:00,  634.080960,   25.514682,    0.633389
2014-01-17 00:00:00,  635.402880,   25.864723,    0.633548
2014-01-18 00:00:00,  636.724800,   26.693305,    0.634945
2014-01-19 00:00:00,  638.193600,   27.172458,    0.637627
2014-01-20 00:00:00,  639.515520,   27.442893,    0.639922
2014-01-21 00:00:00,  640.837440,   27.715117,    0.642557
2014-01-22 00:00:00,  642.159360,   28.076740,    0.644445
2014-01-23 00:00:00,  643.334400,   28.426707,    0.647601
2014-01-24 00:00:00,  644.509440,   27.957272,    0.649555
2014-01-25 00:00:00,  645.684480,   27.373076,    0.647334
2014-01-26 00:00:00,  646.712640,   27.521060,    0.648819
2014-01-27 00:00:00,  647.740800,   26.083221,    0.650287
2014-01-28 00:00:00,  648.768960,   26.053214,    0.650908
2014-01-29 00:00:00,  649.797120,   26.123794,    0.652393
2014-01-30 00:00:00,  650.825280,   26.978053,    0.653933
2014-01-31 00:00:00,  651.706560,   26.735280,    0.656139
2014-02-01 00:00:00,  652.294080,   26.030452,    0.657521
2014-02-02 00:00:00,  652.881600,   26.056228,    0.657965
2014-02-03 00:00:00,  653.762880,   25.115842,    0.656112
2014-02-04 00:00:00,  654.497280,   26.171503,    0.658004
2014-02-05 00:00:00,  655.084800,   26.986021,    0.661521
2014-02-06 00:00:00,  655.819200,   26.997989,    0.663159
2014-02-07 00:00:00,  656.553600,   25.867949,    0.664397
2014-02-08 00:00:00,  657.141120,   25.246622,    0.664175
2014-02-09 00:00:00,  657.728640,   25.083526,    0.665301
2014-02-10 00:00:00,  658.169280,   24.518258,    0.666146
2014-02-11 00:00:00,  658.609920,   24.499366,    0.663850
2014-02-12 00:00:00,  659.050560,   24.913536,    0.666000
2014-02-13 00:00:00,  659.344320,   26.152715,    0.667807
2014-02-14 00:00:00,  659.784960,   27.155975,    0.669332
2014-02-15 00:00:00,  660.078720,   27.339719,    0.671092
2014-02-16 00:00:00,  660.225600,   26.077332,    0.672440
2014-02-17 00:00:00,  660.519360,   26.353022,    0.673499
2014-02-18 00:00:00,  660.666240,   26.287206,    0.675037
2014-02-19 00:00:00,  660.813120,   26.384995,    0.676063
2014-02-20 00:00:00,  660.960000,   26.685437,    0.677606
2014-02-21 00:00:00,  660.960000,   26.525350,    0.678681
2014-02-22 00:00:00,  660.960000,   26.615269,    0.680608
2014-02-23 00:00:00,  660.960000,   27.353411,    0.682129
2014-02-24 00:00:00,  660.813120,   27.184521,    0.683642
2014-02-25 00:00:00,  660.666240,   26.785505,    0.684908
2014-02-26 00:00:00,  660.519360,   26.441560,    0.685907
2014-02-27 00:00:00,  660.225600,   26.007034,    0.685582
2014-02-28 00:00:00,  659.931840,   26.259514,    0.686573
2014-03-01 00:00:00,  659.197440,   26.270128,    0.686661
2014-03-02 00:00:00,  658.316160,   26.720108,    0.688035
2014-03-03 00:00:00,  657.728640,   26.084592,    0.690243
2014-03-04 00:00:00,  657.141120,   25.538284,    0.691066
2014-03-05 00:00:00,  656.553600,   25.236156,    0.689841
2014-03-06 00:00:00,  655.966080,   25.971420,    0.690945
2014-03-07 00:00:00,  655.378560,   25.775886,    0.691289
2014-03-08 00:00:00,  654.644160,   25.135360,    0.693598
2014-03-09 00:00:00,  653.909760,   24.827553,    0.694394
2014-03-10 00:00:00,  653.175360,   24.225201,    0.694051
2014-03-11 00:00:00,  652.294080,   24.381987,    0.693051
2014-03-12 00:00:00,  651.412800,   24.916830,    0.694193
2014-03-13 00:00:00,  650.531520,   24.454782,    0.695167
2014-03-14 00:00:00,  649.503360,   23.508332,    0.695889
2014-03-15 00:00:00,  648.475200,   23.420304,    0.696149
2014-03-16 00:00:00,  647.447040,   23.943004,    0.696955
2014-03-17 00:00:00,  646.418880,   23.504785,    0.697053
2014-03-18 00:00:00,  645.390720,   24.042497,    0.697649
2014-03-19 00:00:00,  644.215680,   24.377816,    0.699078
2014-03-20 00:00:00,  643.040640,   24.176856,    0.700529
2014-03-21 00:00:00,  641.718720,   24.146122,    0.700849
2014-03-22 00:00:00,  640.396800,   24.384058,    0.702715
2014-03-23 00:00:00,  639.221760,   24.143609,    0.702502
2014-03-24 00:00:00,  637.899840,   24.231971,    0.704473
2014-03-25 00:00:00,  636.431040,   23.520080,    0.700194
2014-03-26 00:00:00,  634.962240,   23.643088,    0.700110
2014-03-27 00:00:00,  633.493440,   24.086747,    0.700690
2014-03-28 00:00:00,  632.024640,   25.000960,    0.701604
2014-03-29 00:00:00,  630.555840,   23.159180,    0.698447
2014-03-30 00:00:00,  629.087040,   22.381843,    0.698214
2014-03-31 00:00:00,  627.471360,   22.016756,    0.696695
2014-04-01 00:00:00,  626.296320,   21.709865,    0.696471
2014-04-02 00:00:00,  625.121280,   21.601117,    0.697152
2014-04-03 00:00:00,  623.358720,   21.617024,    0.696648
2014-04-04 00:00:00,  621.596160,   21.005121,    0.696809
2014-04-05 00:00:00,  619.833600,   21.489510,    0.696720
2014-04-06 00:00:00,  618.071040,   22.063185,    0.697487
2014-04-07 00:00:00,  616.308480,   22.153695,    0.698477
2014-04-08 00:00:00,  614.545920,   22.206323,    0.698442
2014-04-09 00:00:00,  612.783360,   22.910404,    0.699422
2014-04-10 00:00:00,  610.873920,   22.456341,    0.700959
2014-04-11 00:00:00,  608.964480,   23.279596,    0.701407
2014-04-12 00:00:00,  607.055040,   23.373572,    0.701770
2014-04-13 00:00:00,  604.998720,   24.446709,    0.703072
2014-04-14 00:00:00,  602.942400,   25.021306,    0.703868
2014-04-15 00:00:00,  600.886080,   24.673433,    0.704643
2014-04-16 00:00:00,  598.829760,   23.993641,    0.705365
2014-04-17 00:00:00,  596.773440,   23.457776,    0.705618
2014-04-18 00:00:00,  594.717120,   22.778270,    0.705900
2014-04-19 00:00:00,  592.660800,   22.111280,    0.705810
2014-04-20 00:00:00,  590.457600,   21.626133,    0.705691
2014-04-21 00:00:00,  588.254400,   21.338531,    0.705821
2014-04-22 00:00:00,  586.198080,   21.203527,    0.705129
2014-04-23 00:00:00,  583.994880,   20.975416,    0.705560
2014-04-24 00:00:00,  581.644800,   20.359615,    0.705498
2014-04-25 00:00:00,  579.441600,   20.731158,    0.705455
2014-04-26 00:00:00,  577.238400,   20.248065,    0.701113
2014-04-27 00:00:00,  574.888320,   20.387558,    0.701473
2014-04-28 00:00:00,  572.538240,   19.590900,    0.701817
2014-04-29 00:00:00,  570.188160,   19.564046,    0.701852
2014-04-30 00:00:00,  567.838080,   19.538807,    0.701987
2014-05-01 00:00:00,  565.047360,   19.117314,    0.702255
2014-05-02 00:00:00,  562.109760,   18.937884,    0.702568
2014-05-03 00:00:00,  559.612800,   19.410158,    0.702759
2014-05-04 00:00:00,  557.262720,   18.864871,    0.703079
2014-05-05 00:00:00,  554.912640,   18.512777,    0.702161
2014-05-06 00:00:00,  552.415680,   18.686175,    0.702207
2014-05-07 00:00:00,  549.918720,   18.758368,    0.681932
2014-05-08 00:00:00,  547.568640,   17.979421,    0.690819
2014-05-09 00:00:00,  545.071680,   18.296653,    0.690638
2014-05-10 00:00:00,  542.574720,   18.421870,    0.687624
2014-05-11 00:00:00,  540.077760,   18.931282,    0.688657
2014-05-12 00:00:00,  537.580800,   18.401262,    0.689352
2014-05-13 00:00:00,  535.083840,   18.447410,    0.689392
2014-05-14 00:00:00,  532.586880,   18.332442,    0.690219
2014-05-15 00:00:00,  530.089920,   18.338366,    0.688619
2014-05-16 00:00:00,  527.592960,   18.495789,    0.689094
2014-05-17 00:00:00,  525.096000,   18.752882,    0.680012
2014-05-18 00:00:00,  522.599040,   18.689894,    0.684674
2014-05-19 00:00:00,  520.102080,   18.811843,    0.684779
2014-05-20 00:00:00,  517.458240,   18.831728,    0.682575
2014-05-21 00:00:00,  514.961280,   18.837854,    0.683079
2014-05-22 00:00:00,  512.464320,   18.635661,    0.683763
2014-05-23 00:00:00,  509.967360,   18.249179,    0.678351
2014-05-24 00:00:00,  507.470400,   17.641545,    0.678574
2014-05-25 00:00:00,  504.826560,   17.423085,    0.678365
2014-05-26 00:00:00,  502.329600,   17.425970,    0.678982
2014-05-27 00:00:00,  499.832640,   17.437363,    0.675445
2014-05-28 00:00:00,  497.335680,   17.216211,    0.676916
2014-05-29 00:00:00,  494.838720,   17.318848,    0.678352
2014-05-30 00:00:00,  492.341760,   17.187568,    0.679234
2014-05-31 00:00:00,  489.844800,   16.576242,    0.687188
2014-06-01 00:00:00,  488.082240,   16.744198,    0.689522
2014-06-02 00:00:00,  486.319680,   16.977793,    0.689816
2014-06-03 00:00:00,  483.822720,   16.938726,    0.690263
2014-06-04 00:00:00,  481.325760,   16.955356,    0.689881
2014-06-05 00:00:00,  478.828800,   16.886392,    0.691683
2014-06-06 00:00:00,  476.478720,   16.549158,    0.695793
2014-06-07 00:00:00,  473.981760,   16.210973,    0.719961
2014-06-08 00:00:00,  471.484800,   15.952554,    0.720360
2014-06-09 00:00:00,  469.134720,   16.168882,    0.719731
2014-06-10 00:00:00,  466.784640,   15.763322,    0.717759
2014-06-11 00:00:00,  464.434560,   15.772410,    0.718290
2014-06-12 00:00:00,  462.084480,   15.695351,    0.718514
2014-06-13 00:00:00,  459.734400,   15.506750,    0.718680
2014-06-14 00:00:00,  457.384320,   15.514438,    0.718981
2014-06-15 00:00:00,  455.034240,   15.453999,    0.719283
2014-06-16 00:00:00,  452.684160,   15.119071,    0.719407
2014-06-17 00:00:00,  450.334080,   14.614133,    0.707681
2014-06-18 00:00:00,  448.130880,   14.529955,    0.707086
2014-06-19 00:00:00,  445.927680,   14.619327,    0.696216
2014-06-20 00:00:00,  443.577600,   14.660777,    0.686232
2014-06-21 00:00:00,  441.374400,   14.499824,    0.676840
2014-06-22 00:00:00,  439.318080,   14.149658,    0.676677
2014-06-23 00:00:00,  437.114880,   14.160300,    0.676817
2014-06-24 00:00:00,  434.911680,   14.172596,    0.677055
2014-06-25 00:00:00,  432.855360,   14.298123,    0.677459
2014-06-26 00:00:00,  430.799040,   14.016453,    0.677405
2014-06-27 00:00:00,  428.742720,   14.031747,    0.677578
2014-06-28 00:00:00,  426.686400,   14.064905,    0.678167
2014-06-29 00:00:00,  424.630080,   13.424383,    0.678290
2014-06-30 00:00:00,  422.573760,   13.318601,    0.678628
2014-07-01 00:00:00,  420.223680,   13.674242,    0.678794
2014-07-02 00:00:00,  417.873600,   13.810354,    0.674646
2014-07-03 00:00:00,  415.964160,   13.753109,    0.673583
2014-07-04 00:00:00,  414.201600,   13.589310,    0.671551
2014-07-05 00:00:00,  412.292160,   14.226309,    0.671703
2014-07-06 00:00:00,  410.382720,   14.066197,    0.668228
2014-07-07 00:00:00,  408.620160,   13.634064,    0.668653
2014-07-08 00:00:00,  406.857600,   13.379179,    0.667693
2014-07-09 00:00:00,  405.241920,   13.380965,    0.667808
2014-07-10 00:00:00,  403.626240,   13.348378,    0.667988
2014-07-11 00:00:00,  401.863680,   13.405320,    0.668138
2014-07-12 00:00:00,  400.248000,   13.651139,    0.668403
2014-07-13 00:00:00,  398.779200,   13.408314,    0.668713
2014-07-14 00:00:00,  397.163520,   13.405054,    0.663254
2014-07-15 00:00:00,  395.547840,   13.508949,    0.663476
2014-07-16 00:00:00,  394.079040,   13.631554,    0.663607
2014-07-17 00:00:00,  392.757120,   13.794930,    0.664299
2014-07-18 00:00:00,  391.435200,   13.562380,    0.664050
2014-07-19 00:00:00,  389.966400,   13.489044,    0.662916
2014-07-20 00:00:00,  388.644480,   13.539992,    0.662383
2014-07-21 00:00:00,  387.322560,   13.638017,    0.656997
2014-07-22 00:00:00,  386.000640,   13.510206,    0.653992
2014-07-23 00:00:00,  384.825600,   13.496745,    0.650917
2014-07-24 00:00:00,  383.650560,   13.559754,    0.647730
2014-07-25 00:00:00,  382.475520,   13.886416,    0.647786
2014-07-26 00:00:00,  381.447360,   13.977920,    0.646245
2014-07-27 00:00:00,  380.419200,   14.076377,    0.646461
2014-07-28 00:00:00,  379.391040,   14.252692,    0.646679
2014-07-29 00:00:00,  378.362880,   14.469910,    0.646633
2014-07-30 00:00:00,  377.334720,   14.607403,    0.646714
2014-07-31 00:00:00,  376.453440,   14.659630,    0.647383
2014-08-01 00:00:00,  375.865920,   14.746174,    0.647489
2014-08-02 00:00:00,  375.278400,   14.533719,    0.647574
2014-08-03 00:00:00,  374.397120,   14.471306,    0.647590
2014-08-04 00:00:00,  373.662720,   14.491474,    0.647860
2014-08-05 00:00:00,  372.928320,   14.728686,    0.648330
2014-08-06 00:00:00,  372.193920,   15.297447,    0.649022
2014-08-07 00:00:00,  371.606400,   15.163809,    0.648249
2014-08-08 00:00:00,  371.018880,   15.265551,    0.648255
2014-08-09 00:00:00,  370.431360,   15.418632,    0.648501
2014-08-10 00:00:00,  369.990720,   16.013511,    0.649012
2014-08-11 00:00:00,  369.550080,   16.285089,    0.649387
2014-08-12 00:00:00,  369.109440,   15.698238,    0.650098
2014-08-13 00:00:00,  368.815680,   15.723413,    0.650817
2014-08-14 00:00:00,  368.375040,   15.437848,    0.651311
2014-08-15 00:00:00,  368.081280,   15.780214,    0.651198
2014-08-16 00:00:00,  367.934400,   15.746571,    0.651197
2014-08-17 00:00:00,  367.640640,   17.021545,    0.643460
2014-08-18 00:00:00,  367.493760,   16.684482,    0.642411
2014-08-19 00:00:00,  367.346880,   16.675422,    0.642541
2014-08-20 00:00:00,  367.200000,   17.232378,    0.642085
2014-08-21 00:00:00,  367.200000,   17.360440,    0.641933
2014-08-22 00:00:00,  367.200000,   16.934460,    0.642546
2014-08-23 00:00:00,  367.200000,   17.043181,    0.642939
2014-08-24 00:00:00,  367.346880,   17.626655,    0.643619
2014-08-25 00:00:00,  367.493760,   18.270829,    0.644006
2014-08-26 00:00:00,  367.640640,   17.928808,    0.644463
2014-08-27 00:00:00,  367.934400,   18.142763,    0.644577
2014-08-28 00:00:00,  368.228160,   18.496855,    0.645356
2014-08-29 00:00:00,  368.521920,   18.160740,    0.605277
2014-08-30 00:00:00,  368.815680,   17.566318,    0.606493
2014-08-31 00:00:00,  369.256320,   17.202245,    0.601303
2014-09-01 00:00:00,  369.550080,   16.927457,    0.599475
2014-09-02 00:00:00,  369.843840,   16.994631,    0.599505
2014-09-03 00:00:00,  370.431360,   17.182589,    0.600011
2014-09-04 00:00:00,  371.018880,   17.042181,    0.601629
2014-09-05 00:00:00,  371.606400,   17.407834,    0.601744
2014-09-06 00:00:00,  372.193920,   18.096490,    0.599420
2014-09-07 00:00:00,  372.781440,   17.354955,    0.602192
2014-09-08 00:00:00,  373.515840,   16.243048,    0.606655
2014-09-09 00:00:00,  374.250240,   16.357650,    0.609598
2014-09-10 00:00:00,  374.984640,   16.485112,    0.609716
2014-09-11 00:00:00,  375.865920,   16.752246,    0.609739
2014-09-12 00:00:00,  376.747200,   17.063670,    0.609772
2014-09-13 00:00:00,  377.628480,   17.799286,    0.610116
2014-09-14 00:00:00,  378.656640,   18.175027,    0.610248
2014-09-15 00:00:00,  379.684800,   19.295811,    0.613199
2014-09-16 00:00:00,  380.712960,   18.867162,    0.613383
2014-09-17 00:00:00,  381.741120,   19.179440,    0.613479
2014-09-18 00:00:00,  382.769280,   20.057974,    0.614209
2014-09-19 00:00:00,  383.944320,   19.952220,    0.614281
2014-09-20 00:00:00,  385.119360,   20.581532,    0.615297
2014-09-21 00:00:00,  386.441280,   19.177617,    0.601759
2014-09-22 00:00:00,  387.763200,   18.660698,    0.598457
2014-09-23 00:00:00,  389.085120,   18.397891,    0.587483
2014-09-24 00:00:00,  390.407040,   18.409864,    0.577467
2014-09-25 00:00:00,  391.728960,   18.638898,    0.577465
2014-09-26 00:00:00,  393.197760,   18.879462,    0.577500
2014-09-27 00:00:00,  394.666560,   18.235380,    0.579212
2014-09-28 00:00:00,  396.135360,   17.639726,    0.580981
2014-09-29 00:00:00,  397.604160,   18.239549,    0.581626
2014-09-30 00:00:00,  399.219840,   18.195069,    0.581724
2014-10-01 00:00:00,  401.129280,   18.663443,    0.581812
2014-10-02 00:00:00,  403.038720,   19.213410,    0.582080
2014-10-03 00:00:00,  404.801280,   19.757511,    0.582490
2014-10-04 00:00:00,  406.563840,   20.310033,    0.582769
2014-10-05 00:00:00,  408.326400,   20.254623,    0.584951
2014-10-06 00:00:00,  410.088960,   19.709229,    0.585015
2014-10-07 00:00:00,  411.851520,   20.134606,    0.585817
2014-10-08 00:00:00,  413.614080,   20.643743,    0.585890
2014-10-09 00:00:00,  415.523520,   21.864644,    0.588592
2014-10-10 00:00:00,  417.432960,   21.120277,    0.588307
2014-10-11 00:00:00,  419.342400,   21.532438,    0.590590
2014-10-12 00:00:00,  421.251840,   21.197717,    0.591728
2014-10-13 00:00:00,  423.161280,   21.374679,    0.592079
2014-10-14 00:00:00,  425.217600,   20.950693,    0.592078
2014-10-15 00:00:00,  427.273920,   21.478742,    0.593339
2014-10-16 00:00:00,  429.330240,   21.924230,    0.593280
2014-10-17 00:00:00,  431.386560,   24.150170,    0.594770
2014-10-18 00:00:00,  433.442880,   22.044598,    0.581844
2014-10-19 00:00:00,  435.499200,   20.600783,    0.583711
2014-10-20 00:00:00,  437.702400,   20.630321,    0.584337
2014-10-21 00:00:00,  439.905600,   20.592715,    0.584515
2014-10-22 00:00:00,  442.108800,   22.317739,    0.586438
2014-10-23 00:00:00,  444.312000,   22.237099,    0.586613
2014-10-24 00:00:00,  446.515200,   23.245283,    0.588208
2014-10-25 00:00:00,  448.865280,   22.663688,    0.589315
2014-10-26 00:00:00,  451.068480,   22.586252,    0.590670
2014-10-27 00:00:00,  453.271680,   22.791627,    0.591805
2014-10-28 00:00:00,  455.621760,   22.506939,    0.592524
2014-10-29 00:00:00,  457.971840,   22.447503,    0.593834
2014-10-30 00:00:00,  460.321920,   21.950144,    0.594947
2014-10-31 00:00:00,  462.672000,   22.188685,    0.596101
2014-11-01 00:00:00,  464.434560,   22.959669,    0.597362
2014-11-02 00:00:00,  466.197120,   22.619893,    0.598499
2014-11-03 00:00:00,  468.547200,   22.425864,    0.599997
2014-11-04 00:00:00,  470.897280,   22.754057,    0.600929
2014-11-05 00:00:00,  473.247360,   22.679999,    0.601320
2014-11-06 00:00:00,  475.744320,   21.934494,    0.602512
2014-11-07 00:00:00,  478.241280,   21.400772,    0.602818
2014-11-08 00:00:00,  480.591360,   21.970002,    0.604826
2014-11-09 00:00:00,  483.088320,   23.702218,    0.605921
2014-11-10 00:00:00,  485.585280,   22.981834,    0.607196
2014-11-11 00:00:00,  488.082240,   23.077246,    0.607341
2014-11-12 00:00:00,  490.579200,   22.732512,    0.609548
2014-11-13 00:00:00,  493.076160,   21.523262,    0.610888
2014-11-14 00:00:00,  495.573120,   21.283577,    0.611547
2014-11-15 00:00:00,  498.070080,   22.032430,    0.613317
2014-11-16 00:00:00,  500.567040,   22.457339,    0.614279
2014-11-17 00:00:00,  503.064000,   22.823037,    0.614277
2014-11-18 00:00:00,  505.560960,   24.344185,    0.616527
2014-11-19 00:00:00,  508.057920,   24.797638,    0.617869
2014-11-20 00:00:00,  510.701760,   24.421270,    0.616928
2014-11-21 00:00:00,  513.198720,   24.064485,    0.618356
2014-11-22 00:00:00,  515.695680,   23.847731,    0.619406
2014-11-23 00:00:00,  518.192640,   23.125902,    0.621057
2014-11-24 00:00:00,  520.689600,   23.101002,    0.621397
2014-11-25 00:00:00,  523.333440,   22.900898,    0.621813
2014-11-26 00:00:00,  525.830400,   23.042757,    0.612625
2014-11-27 00:00:00,  528.327360,   22.910994,    0.611225
2014-11-28 00:00:00,  530.824320,   24.108838,    0.613325
2014-11-29 00:00:00,  533.321280,   24.795775,    0.614892
2014-11-30 00:00:00,  535.818240,   24.626682,    0.615177
2014-12-01 00:00:00,  538.902720,   24.132422,    0.618056
2014-12-02 00:00:00,  541.987200,   24.172051,    0.619582
2014-12-03 00:00:00,  544.337280,   24.455674,    0.621095
2014-12-04 00:00:00,  546.834240,   24.551009,    0.623054
2014-12-05 00:00:00,  549.331200,   23.232648,    0.623686
2014-12-06 00:00:00,  551.681280,   23.719635,    0.623555
2014-12-07 00:00:00,  554.178240,   24.435003,    0.625201
2014-12-08 00:00:00,  556.675200,   23.871927,    0.628408
2014-12-09 00:00:00,  559.025280,   23.051995,    0.630040
2014-12-10 00:00:00,  561.375360,   23.408116,    0.630950
2014-12-11 00:00:00,  563.725440,   24.699716,    0.632738
2014-12-12 00:00:00,  566.075520,   23.870893,    0.635221
2014-12-13 00:00:00,  568.425600,   23.610807,    0.637087
2014-12-14 00:00:00,  570.775680,   23.617402,    0.638187
2014-12-15 00:00:00,  573.125760,   23.547968,    0.639479
2014-12-16 00:00:00,  575.475840,   23.939295,    0.640693
2014-12-17 00:00:00,  577.825920,   23.678840,    0.642637
2014-12-18 00:00:00,  580.029120,   24.334584,    0.643466
2014-12-19 00:00:00,  582.232320,   25.279711,    0.645081
2014-12-20 00:00:00,  584.582400,   25.105409,    0.647783
2014-12-21 00:00:00,  586.785600,   24.850637,    0.648275
2014-12-22 00:00:00,  588.988800,   25.441078,    0.650238
2014-12-23 00:00:00,  591.192000,   25.368081,    0.652133
2014-12-24 00:00:00,  593.248320,   25.200691,    0.653941
2014-12-25 00:00:00,  595.304640,   25.585781,    0.655932
2014-12-26 00:00:00,  597.360960,   25.584111,    0.657066
2014-12-27 00:00:00,  599.417280,   26.446049,    0.659305
2014-12-28 00:00:00,  601.473600,   26.206533,    0.661520
2014-12-29 00:00:00,  603.529920,   27.060868,    0.663642
2014-12-30 00:00:00,  605.586240,   27.306250,    0.666078
2014-12-31 00:00:00,  607.495680,   26.786928,    0.667806
2015-01-01 00:00:00,  608.817600,   26.732353,    0.669858
2015-01-02 00:00:00,  610.286400,   25.073140,    0.668917
2015-01-03 00:00:00,  612.195840,   25.300399,    0.671358
2015-01-04 00:00:00,  613.958400,   25.751410,    0.672184
2015-01-05 00:00:00,  615.867840,   25.994325,    0.671533
2015-01-06 00:00:00,  617.777280,   26.944108,    0.671719
2015-01-07 00:00:00,  619.539840,   26.538556,    0.678284
2015-01-08 00:00:00,  621.302400,   25.794554,    0.679920
2015-01-09 00:00:00,  622.918080,   25.314215,    0.680828
2015-01-10 00:00:00,  624.533760,   25.122715,    0.680579
2015-01-11 00:00:00,  626.296320,   25.690762,    0.683610
2015-01-12 00:00:00,  627.912000,   26.747030,    0.685728
2015-01-13 00:00:00,  629.380800,   27.384018,    0.687448
2015-01-14 00:00:00,  630.849600,   28.071346,    0.689948
2015-01-15 00:00:00,  632.465280,   26.889065,    0.691683
2015-01-16 00:00:00,  634.080960,   26.972482,    0.693484
2015-01-17 00:00:00,  635.402880,   27.329755,    0.695017
2015-01-18 00:00:00,  636.724800,   27.631760,    0.695174
2015-01-19 00:00:00,  638.193600,   28.342578,    0.697227
2015-01-20 00:00:00,  639.515520,   29.120347,    0.698703
2015-01-21 00:00:00,  640.837440,   28.540600,    0.702422
2015-01-22 00:00:00,  642.159360,   26.581724,    0.702544
2015-01-23 00:00:00,  643.334400,   26.079942,    0.702805
2015-01-24 00:00:00,  644.509440,   25.451991,    0.704540
2015-01-25 00:00:00,  645.684480,   25.878671,    0.706062
2015-01-26 00:00:00,  646.712640,   26.236377,    0.707534
2015-01-27 00:00:00,  647.740800,   26.632396,    0.709055
2015-01-28 00:00:00,  648.768960,   28.385383,    0.711191
2015-01-29 00:00:00,  649.797120,   28.593856,    0.713297
2015-01-30 00:00:00,  650.825280,   28.291169,    0.713486
2015-01-31 00:00:00,  651.706560,   27.551236,    0.716416
2015-02-01 00:00:00,  652.294080,   27.218808,    0.715933
2015-02-02 00:00:00,  652.881600,   27.135048,    0.717555
2015-02-03 00:00:00,  653.762880,   27.310430,    0.711698
2015-02-04 00:00:00,  654.497280,   28.215517,    0.712902
2015-02-05 00:00:00,  655.084800,   29.037593,    0.716384
2015-02-06 00:00:00,  655.819200,   27.895260,    0.718280
2015-02-07 00:00:00,  656.553600,   27.943365,    0.718760
2015-02-08 00:00:00,  657.141120,   28.215888,    0.718808
2015-02-09 00:00:00,  657.728640,   28.583382,    0.722296
2015-02-10 00:00:00,  658.169280,   28.266110,    0.723767
2015-02-11 00:00:00,  658.609920,   28.581012,    0.724694
2015-02-12 00:00:00,  659.050560,   27.911650,    0.725449
2015-02-13 00:00:00,  659.344320,   27.163151,    0.725465
2015-02-14 00:00:00,  659.784960,   25.908133,    0.723391
2015-02-15 00:00:00,  660.078720,   25.902654,    0.722278
2015-02-16 00:00:00,  660.225600,   25.852946,    0.722392
2015-02-17 00:00:00,  660.519360,   25.578318,    0.723257
2015-02-18 00:00:00,  660.666240,   26.729187,    0.724101
2015-02-19 00:00:00,  660.813120,   26.531234,    0.726007
2015-02-20 00:00:00,  660.960000,   26.086568,    0.727244
2015-02-21 00:00:00,  660.960000,   25.932611,    0.727708
2015-02-22 00:00:00,  660.960000,   25.443932,    0.729087
2015-02-23 00:00:00,  660.960000,   25.289358,    0.727774
2015-02-24 00:00:00,  660.813120,   27.282016,    0.730538
2015-02-25 00:00:00,  660.666240,   28.080195,    0.731520
2015-02-26 00:00:00,  660.519360,   29.005881,    0.732889
2015-02-27 00:00:00,  660.225600,   27.304270,    0.735046
2015-02-28 00:00:00,  659.931840,   26.646958,    0.735957
2015-03-01 00:00:00,  659.197440,   26.038847,    0.737431
2015-03-02 00:00:00,  658.316160,   25.490584,    0.736476
2015-03-03 00:00:00,  657.728640,   25.481814,    0.736659
2015-03-04 00:00:00,  657.141120,   25.974870,    0.738102
2015-03-05 00:00:00,  656.553600,   26.273301,    0.739518
2015-03-06 00:00:00,  655.966080,   26.461151,    0.740474
2015-03-07 00:00:00,  655.378560,   26.524072,    0.741883
2015-03-08 00:00:00,  654.644160,   26.510540,    0.743269
2015-03-09 00:00:00,  653.909760,   26.546566,    0.744334
2015-03-10 00:00:00,  653.175360,   26.368613,    0.745804
2015-03-11 00:00:00,  652.294080,   26.406364,    0.746674
2015-03-12 00:00:00,  651.412800,   27.012098,    0.747644
2015-03-13 00:00:00,  650.531520,   25.788518,    0.746614
2015-03-14 00:00:00,  649.503360,   25.064725,    0.734349
2015-03-15 00:00:00,  648.475200,   25.389180,    0.734553
2015-03-16 00:00:00,  647.447040,   25.193019,    0.735266
2015-03-17 00:00:00,  646.418880,   25.086930,    0.735973
2015-03-18 00:00:00,  645.390720,   24.454080,    0.732683
2015-03-19 00:00:00,  644.215680,   24.401031,    0.731991
2015-03-20 00:00:00,  643.040640,   24.468459,    0.732709
2015-03-21 00:00:00,  641.718720,   23.902814,    0.733856
2015-03-22 00:00:00,  640.396800,   23.140865,    0.731979
2015-03-23 00:00:00,  639.221760,   22.796287,    0.731525
2015-03-24 00:00:00,  637.899840,   22.397437,    0.731973
2015-03-25 00:00:00,  636.431040,   22.373726,    0.732815
2015-03-26 00:00:00,  634.962240,   22.708800,    0.732017
2015-03-27 00:00:00,  633.493440,   23.007175,    0.732992
2015-03-28 00:00:00,  632.024640,   23.218144,    0.734194
2015-03-29 00:00:00,  630.555840,   23.800944,    0.734907
2015-03-30 00:00:00,  629.087040,   22.965191,    0.735371
2015-03-31 00:00:00,  627.471360,   23.101902,    0.735976
2015-04-01 00:00:00,  626.296320,   22.923832,    0.736533
2015-04-02 00:00:00,  625.121280,   22.734958,    0.736907
2015-04-03 00:00:00,  623.358720,   23.094339,    0.737675
2015-04-04 00:00:00,  621.596160,   22.683961,    0.738474
2015-04-05 00:00:00,  619.833600,   22.803905,    0.739398
2015-04-06 00:00:00,  618.071040,   21.701770,    0.736628
2015-04-07 00:00:00,  616.308480,   20.787661,    0.725412
2015-04-08 00:00:00,  614.545920,   20.616400,    0.725198
2015-04-09 00:00:00,  612.783360,   20.422126,    0.709527
2015-04-10 00:00:00,  610.873920,   20.645208,    0.707804
2015-04-11 00:00:00,  608.964480,   20.677336,    0.705189
2015-04-12 00:00:00,  607.055040,   20.274302,    0.701060
2015-04-13 00:00:00,  604.998720,   20.652055,    0.701537
2015-04-14 00:00:00,  602.942400,   20.599030,    0.702804
2015-04-15 00:00:00,  600.886080,   20.107233,    0.703311
2015-04-16 00:00:00,  598.829760,   20.268066,    0.703288
2015-04-17 00:00:00,  596.773440,   20.436326,    0.704556
2015-04-18 00:00:00,  594.717120,   20.240511,    0.704264
2015-04-19 00:00:00,  592.660800,   20.430124,    0.705895
2015-04-20 00:00:00,  590.457600,   20.355995,    0.705901
2015-04-21 00:00:00,  588.254400,   20.864067,    0.707337
2015-04-22 00:00:00,  586.198080,   20.611057,    0.707401
2015-04-23 00:00:00,  583.994880,   20.523746,    0.709035
2015-04-24 00:00:00,  581.644800,   19.594756,    0.708653
2015-04-25 00:00:00,  579.441600,   19.486210,    0.709513
2015-04-26 00:00:00,  577.238400,   19.311345,    0.710333
2015-04-27 00:00:00,  574.888320,   19.130537,    0.711173
2015-04-28 00:00:00,  572.538240,   19.139733,    0.711679
2015-04-29 00:00:00,  570.188160,   19.380345,    0.712498
2015-04-30 00:00:00,  567.838080,   18.917317,    0.708487
2015-05-01 00:00:00,  565.047360,   18.882874,    0.709683
2015-05-02 00:00:00,  562.109760,   18.558037,    0.711453
2015-05-03 00:00:00,  559.612800,   18.347967,    0.710377
2015-05-04 00:00:00,  557.262720,   17.602899,    0.712194
2015-05-05 00:00:00,  554.912640,   17.501432,    0.713842
2015-05-06 00:00:00,  552.415680,   17.654304,    0.714118
2015-05-07 00:00:00,  549.918720,   17.837642,    0.714672
2015-05-08 00:00:00,  547.568640,   17.771417,    0.714841
2015-05-09 00:00:00,  545.071680,   18.167049,    0.715178
2015-05-10 00:00:00,  542.574720,   18.201603,    0.715517
2015-05-11 00:00:00,  540.077760,   18.597392,    0.716325
2015-05-12 00:00:00,  537.580800,   18.214753,    0.716827
2015-05-13 00:00:00,  535.083840,   17.845175,    0.717151
2015-05-14 00:00:00,  532.586880,   17.709195,    0.717306
2015-05-15 00:00:00,  530.089920,   17.281529,    0.719168
2015-05-16 00:00:00,  527.592960,   16.707790,    0.723203
2015-05-17 00:00:00,  525.096000,   16.525343,    0.718078
2015-05-18 00:00:00,  522.599040,   16.409077,    0.716190
2015-05-19 00:00:00,  520.102080,   16.164428,    0.712334
2015-05-20 00:00:00,  517.458240,   15.939729,    0.710288
2015-05-21 00:00:00,  514.961280,   15.773606,    0.710753
2015-05-22 00:00:00,  512.464320,   15.771561,    0.710923
2015-05-23 00:00:00,  509.967360,   15.909591,    0.711140
2015-05-24 00:00:00,  507.470400,   15.890093,    0.711202
2015-05-25 00:00:00,  504.826560,   16.133222,    0.711573
2015-05-26 00:00:00,  502.329600,   16.321078,    0.711869
2015-05-27 00:00:00,  499.832640,   16.303064,    0.712705
2015-05-28 00:00:00,  497.335680,   15.975143,    0.712934
2015-05-29 00:00:00,  494.838720,   15.849952,    0.713146
2015-05-30 00:00:00,  492.341760,   15.715416,    0.713078
2015-05-31 00:00:00,  489.844800,   15.663833,    0.713346
2015-06-01 00:00:00,  488.082240,   15.287559,    0.713900
2015-06-02 00:00:00,  486.319680,   15.335587,    0.710723
2015-06-03 00:00:00,  483.822720,   15.620292,    0.710921
2015-06-04 00:00:00,  481.325760,   15.996961,    0.711061
2015-06-05 00:00:00,  478.828800,   16.018078,    0.711084
2015-06-06 00:00:00,  476.478720,   16.718882,    0.709715
2015-06-07 00:00:00,  473.981760,   16.504098,    0.709970
2015-06-08 00:00:00,  471.484800,   16.660813,    0.710587
2015-06-09 00:00:00,  469.134720,   16.359727,    0.711275
2015-06-10 00:00:00,  466.784640,   16.457012,    0.711749
2015-06-11 00:00:00,  464.434560,   16.084005,    0.711738
2015-06-12 00:00:00,  462.084480,   16.115252,    0.701417
2015-06-13 00:00:00,  459.734400,   15.801603,    0.705874
2015-06-14 00:00:00,  457.384320,   15.729440,    0.708653
2015-06-15 00:00:00,  455.034240,   15.583996,    0.708545
2015-06-16 00:00:00,  452.684160,   15.343136,    0.709044
2015-06-17 00:00:00,  450.334080,   15.117018,    0.709560
2015-06-18 00:00:00,  448.130880,   15.220314,    0.700263
2015-06-19 00:00:00,  445.927680,   15.514766,    0.688182
2015-06-20 00:00:00,  443.577600,   16.046925,    0.687597
2015-06-21 00:00:00,  441.374400,   15.214374,    0.682780
2015-06-22 00:00:00,  439.318080,   14.852825,    0.686656
2015-06-23 00:00:00,  437.114880,   14.900821,    0.687112
2015-06-24 00:00:00,  434.911680,   14.648223,    0.687321
2015-06-25 00:00:00,  432.855360,   14.642466,    0.687303
2015-06-26 00:00:00,  430.799040,   14.846996,    0.687938
2015-06-27 00:00:00,  428.742720,   14.624824,    0.687879
2015-06-28 00:00:00,  426.686400,   14.531207,    0.688199
2015-06-29 00:00:00,  424.630080,   14.454146,    0.688248
2015-06-30 00:00:00,  422.573760,   14.525848,    0.688635
2015-07-01 00:00:00,  420.223680,   14.401310,    0.688731
2015-07-02 00:00:00,  417.873600,   14.677824,    0.688550
2015-07-03 00:00:00,  415.964160,   14.744608,    0.688462
2015-07-04 00:00:00,  414.201600,   14.929634,    0.688461
2015-07-05 00:00:00,  412.292160,   15.042457,    0.688459
2015-07-06 00:00:00,  410.382720,   15.272587,    0.688929
2015-07-07 00:00:00,  408.620160,   15.148652,    0.687315
2015-07-08 00:00:00,  406.857600,   14.594125,    0.688024
2015-07-09 00:00:00,  405.241920,   14.544523,    0.688628
2015-07-10 00:00:00,  403.626240,   14.551005,    0.686257
2015-07-11 00:00:00,  401.863680,   14.463744,    0.687694
2015-07-12 00:00:00,  400.248000,   14.293685,    0.687973
2015-07-13 00:00:00,  398.779200,   14.092570,    0.688198
2015-07-14 00:00:00,  397.163520,   13.966941,    0.688203
2015-07-15 00:00:00,  395.547840,   13.934877,    0.688432
2015-07-16 00:00:00,  394.079040,   13.732447,    0.688827
2015-07-17 00:00:00,  392.757120,   13.639824,    0.689182
2015-07-18 00:00:00,  391.435200,   13.850847,    0.689162
2015-07-19 00:00:00,  389.966400,   13.830259,    0.685046
2015-07-20 00:00:00,  388.644480,   13.973471,    0.683598
2015-07-21 00:00:00,  387.322560,   14.035161,    0.674903
2015-07-22 00:00:00,  386.000640,   13.864637,    0.665224
2015-07-23 00:00:00,  384.825600,   13.859010,    0.663882
2015-07-24 00:00:00,  383.650560,   14.204811,    0.664195
2015-07-25 00:00:00,  382.475520,   14.142731,    0.664315
2015-07-26 00:00:00,  381.447360,   13.976359,    0.664501
2015-07-27 00:00:00,  380.419200,   14.389313,    0.665176
2015-07-28 00:00:00,  379.391040,   13.905973,    0.663339
2015-07-29 00:00:00,  378.362880,   14.009163,    0.663439
2015-07-30 00:00:00,  377.334720,   14.226920,    0.654075
2015-07-31 00:00:00,  376.453440,   14.461391,    0.654538
2015-08-01 00:00:00,  375.865920,   14.512196,    0.655123
2015-08-02 00:00:00,  375.278400,   14.347416,    0.655209
2015-08-03 00:00:00,  374.397120,   14.338148,    0.655479
2015-08-04 00:00:00,  373.662720,   14.429503,    0.655904
2015-08-05 00:00:00,  372.928320,   14.305616,    0.656348
2015-08-06 00:00:00,  372.193920,   14.104744,    0.656590
2015-08-07 00:00:00,  371.606400,   14.248098,    0.652443
2015-08-08 00:00:00,  371.018880,   13.802270,    0.654372
2015-08-09 00:00:00,  370.431360,   13.751391,    0.653344
2015-08-10 00:00:00,  369.990720,   13.864867,    0.652946
2015-08-11 00:00:00,  369.550080,   14.023887,    0.653233
2015-08-12 00:00:00,  369.109440,   13.925216,    0.653256
2015-08-13 00:00:00,  368.815680,   14.069325,    0.653255
2015-08-14 00:00:00,  368.375040,   14.408113,    0.653257
2015-08-15 00:00:00,  368.081280,   14.856456,    0.653358
2015-08-16 00:00:00,  367.934400,   15.136324,    0.653526
2015-08-17 00:00:00,  367.640640,   15.684351,    0.653555
2015-08-18 00:00:00,  367.493760,   16.391516,    0.653950
2015-08-19 00:00:00,  367.346880,   15.706028,    0.651904
2015-08-20 00:00:00,  367.200000,   15.553016,    0.651727
2015-08-21 00:00:00,  367.200000,   14.776953,    0.644516
2015-08-22 00:00:00,  367.200000,   14.496059,    0.643080
2015-08-23 00:00:00,  367.200000,   14.568550,    0.642436
2015-08-24 00:00:00,  367.346880,   14.855698,    0.642304
2015-08-25 00:00:00,  367.493760,   14.883310,    0.642503
2015-08-26 00:00:00,  367.640640,   14.880578,    0.643051
2015-08-27 00:00:00,  367.934400,   15.080509,    0.643483
2015-08-28 00:00:00,  368.228160,   15.244857,    0.643458
2015-08-29 00:00:00,  368.521920,   16.287495,    0.620243
2015-08-30 00:00:00,  368.815680,   16.174952,    0.614255
2015-08-31 00:00:00,  369.256320,   15.513933,    0.617277
2015-09-01 00:00:00,  369.550080,   15.412762,    0.617668
2015-09-02 00:00:00,  369.843840,   15.103636,    0.617780
2015-09-03 00:00:00,  370.431360,   15.486510,    0.618336
2015-09-04 00:00:00,  371.018880,   15.993078,    0.612368
2015-09-05 00:00:00,  371.606400,   16.036623,    0.613563
2015-09-06 00:00:00,  372.193920,   16.523088,    0.614389
2015-09-07 00:00:00,  372.781440,   16.376534,    0.614365
2015-09-08 00:00:00,  373.515840,   16.715007,    0.614870
2015-09-09 00:00:00,  374.250240,   17.982790,    0.615674
2015-09-10 00:00:00,  374.984640,   17.195662,    0.615222
2015-09-11 00:00:00,  375.865920,   17.617942,    0.614846
2015-09-12 00:00:00,  376.747200,   16.969701,    0.610826
2015-09-13 00:00:00,  377.628480,   16.860943,    0.612440
2015-09-14 00:00:00,  378.656640,   16.618691,    0.613219
2015-09-15 00:00:00,  379.684800,   16.473737,    0.613418
2015-09-16 00:00:00,  380.712960,   16.903949,    0.614195
2015-09-17 00:00:00,  381.741120,   16.888478,    0.614322
2015-09-18 00:00:00,  382.769280,   17.867875,    0.615053
2015-09-19 00:00:00,  383.944320,   18.031193,    0.616137
2015-09-20 00:00:00,  385.119360,   17.809568,    0.616630
2015-09-21 00:00:00,  386.441280,   17.880505,    0.616770
2015-09-22 00:00:00,  387.763200,   17.970897,    0.617573
2015-09-23 00:00:00,  389.085120,   19.199013,    0.619033
2015-09-24 00:00:00,  390.407040,   19.670029,    0.619982
2015-09-25 00:00:00,  391.728960,   20.078361,    0.620476
2015-09-26 00:00:00,  393.197760,   20.381519,    0.622076
2015-09-27 00:00:00,  394.666560,   19.998001,    0.622428
2015-09-28 00:00:00,  396.135360,   20.651925,    0.623524
2015-09-29 00:00:00,  397.604160,   21.487824,    0.624422
2015-09-30 00:00:00,  399.219840,   22.046928,    0.625426
2015-10-01 00:00:00,  401.129280,   22.884435,    0.626270
2015-10-02 00:00:00,  403.038720,   23.243655,    0.627621
2015-10-03 00:00:00,  404.801280,   23.310606,    0.627757
2015-10-04 00:00:00,  406.563840,   22.181707,    0.628713
2015-10-05 00:00:00,  408.326400,   20.214326,    0.629214
2015-10-06 00:00:00,  410.088960,   19.959164,    0.628663
2015-10-07 00:00:00,  411.851520,   19.919018,    0.629845
2015-10-08 00:00:00,  413.614080,   20.539681,    0.631047
2015-10-09 00:00:00,  415.523520,   22.392774,    0.633175
2015-10-10 00:00:00,  417.432960,   23.078019,    0.634165
2015-10-11 00:00:00,  419.342400,   23.587010,    0.635399
2015-10-12 00:00:00,  421.251840,   24.530338,    0.636471
2015-10-13 00:00:00,  423.161280,   24.744610,    0.637179
2015-10-14 00:00:00,  425.217600,   22.670537,    0.636476
2015-10-15 00:00:00,  427.273920,   22.384348,    0.638352
2015-10-16 00:00:00,  429.330240,   22.509702,    0.639341
2015-10-17 00:00:00,  431.386560,   22.821615,    0.640523
2015-10-18 00:00:00,  433.442880,   22.025687,    0.635460
2015-10-19 00:00:00,  435.499200,   22.248734,    0.636270
2015-10-20 00:00:00,  437.702400,   22.772886,    0.637144
2015-10-21 00:00:00,  439.905600,   22.963272,    0.637298
2015-10-22 00:00:00,  442.108800,   23.531668,    0.639577
2015-10-23 00:00:00,  444.312000,   23.164735,    0.640773
2015-10-24 00:00:00,  446.515200,   22.828460,    0.642000
2015-10-25 00:00:00,  448.865280,   23.096370,    0.643127
2015-10-26 00:00:00,  451.068480,   23.627589,    0.643680
2015-10-27 00:00:00,  453.271680,   23.087283,    0.644788
2015-10-28 00:00:00,  455.621760,   23.481530,    0.644838
2015-10-29 00:00:00,  457.971840,   24.658804,    0.645218
2015-10-30 00:00:00,  460.321920,   25.179032,    0.648128
2015-10-31 00:00:00,  462.672000,   25.344640,    0.649437
2015-11-01 00:00:00,  464.434560,   25.724940,    0.644559
2015-11-02 00:00:00,  466.197120,   25.283203,    0.624007
2015-11-03 00:00:00,  468.547200,   25.674596,    0.627972
2015-11-04 00:00:00,  470.897280,   25.599341,    0.626667
2015-11-05 00:00:00,  473.247360,   25.575974,    0.629120
2015-11-06 00:00:00,  475.744320,   24.046563,    0.630099
2015-11-07 00:00:00,  478.241280,   22.794641,    0.632321
2015-11-08 00:00:00,  480.591360,   23.144164,    0.634052
2015-11-09 00:00:00,  483.088320,   24.193846,    0.635813
2015-11-10 00:00:00,  485.585280,   24.814464,    0.637506
2015-11-11 00:00:00,  488.082240,   25.244345,    0.639178
2015-11-12 00:00:00,  490.579200,   25.608962,    0.640963
2015-11-13 00:00:00,  493.076160,   25.828268,    0.641453
2015-11-14 00:00:00,  495.573120,   26.664990,    0.643241
2015-11-15 00:00:00,  498.070080,   27.351801,    0.648129
2015-11-16 00:00:00,  500.567040,   27.383993,    0.647624
2015-11-17 00:00:00,  503.064000,   25.775468,    0.649563
2015-11-18 00:00:00,  505.560960,   24.238593,    0.650223
2015-11-19 00:00:00,  508.057920,   23.803016,    0.650981
2015-11-20 00:00:00,  510.701760,   23.933044,    0.650955
2015-11-21 00:00:00,  513.198720,   24.475010,    0.652817
2015-11-22 00:00:00,  515.695680,   24.461226,    0.653538
2015-11-23 00:00:00,  518.192640,   25.509713,    0.655417
2015-11-24 00:00:00,  520.689600,   24.942250,    0.659412
2015-11-25 00:00:00,  523.333440,   24.576287,    0.661015
2015-11-26 00:00:00,  525.830400,   24.579049,    0.662512
2015-11-27 00:00:00,  528.327360,   25.418222,    0.664458
2015-11-28 00:00:00,  530.824320,   25.208831,    0.666341
2015-11-29 00:00:00,  533.321280,   24.307639,    0.667983
2015-11-30 00:00:00,  535.818240,   23.608885,    0.668538
2015-12-01 00:00:00,  538.902720,   24.231044,    0.668546
2015-12-02 00:00:00,  541.987200,   24.014916,    0.669081
2015-12-03 00:00:00,  544.337280,   25.511326,    0.672748
2015-12-04 00:00:00,  546.834240,   23.926542,    0.674303
2015-12-05 00:00:00,  549.331200,   22.131432,    0.667518
2015-12-06 00:00:00,  551.681280,   21.711267,    0.666830
2015-12-07 00:00:00,  554.178240,   22.329177,    0.668349
2015-12-08 00:00:00,  556.675200,   22.548123,    0.668439
2015-12-09 00:00:00,  559.025280,   23.968203,    0.672222
2015-12-10 00:00:00,  561.375360,   24.053397,    0.674092
2015-12-11 00:00:00,  563.725440,   23.991433,    0.674414
2015-12-12 00:00:00,  566.075520,   23.851219,    0.678100
2015-12-13 00:00:00,  568.425600,   24.658646,    0.679132
2015-12-14 00:00:00,  570.775680,   24.649498,    0.679493
2015-12-15 00:00:00,  573.125760,   24.996539,    0.681210
2015-12-16 00:00:00,  575.475840,   25.361156,    0.685621
2015-12-17 00:00:00,  577.825920,   25.553191,    0.687648
2015-12-18 00:00:00,  580.029120,   25.214772,    0.687047
2015-12-19 00:00:00,  582.232320,   23.954279,    0.688569
2015-12-20 00:00:00,  584.582400,   24.426055,    0.689426
2015-12-21 00:00:00,  586.785600,   25.189456,    0.691513
2015-12-22 00:00:00,  588.988800,   25.461251,    0.691944
2015-12-23 00:00:00,  591.192000,   26.780625,    0.694723
2015-12-24 00:00:00,  593.248320,   25.219903,    0.699221
2015-12-25 00:00:00,  595.304640,   24.845793,    0.699062
2015-12-26 00:00:00,  597.360960,   25.189899,    0.700742
2015-12-27 00:00:00,  599.417280,   25.427532,    0.700597
2015-12-28 00:00:00,  601.473600,   27.242000,    0.705861
2015-12-29 00:00:00,  603.529920,   26.995449,    0.708589
2015-12-30 00:00:00,  605.586240,   25.691653,    0.707051
2015-12-31 00:00:00,  607.495680,   26.067914,    0.708471
2016-01-01 00:00:00,  608.817600,   26.199164,    0.711314
2016-01-02 00:00:00,  610.286400,   27.089233,    0.713259
2016-01-03 00:00:00,  612.195840,   27.923329,    0.716284
2016-01-04 00:00:00,  613.958400,   27.887079,    0.718629
2016-01-05 00:00:00,  615.867840,   28.915455,    0.718923
2016-01-06 00:00:00,  617.777280,   29.580894,    0.720422
2016-01-07 00:00:00,  619.539840,   30.318629,    0.726790
2016-01-08 00:00:00,  621.302400,   28.931700,    0.729147
2016-01-09 00:00:00,  622.918080,   29.323831,    0.727000
2016-01-10 00:00:00,  624.533760,   29.602899,    0.729542
2016-01-11 00:00:00,  626.296320,   29.400766,    0.731518
2016-01-12 00:00:00,  627.912000,   27.473314,    0.729789
2016-01-13 00:00:00,  629.380800,   26.985854,    0.732467
2016-01-14 00:00:00,  630.849600,   26.635908,    0.731791
2016-01-15 00:00:00,  632.465280,   27.240703,    0.732913
2016-01-16 00:00:00,  634.080960,   27.313104,    0.733436
2016-01-17 00:00:00,  635.402880,   26.129558,    0.734909
2016-01-18 00:00:00,  636.724800,   25.310524,    0.734368
2016-01-19 00:00:00,  638.193600,   24.482623,    0.726385
2016-01-20 00:00:00,  639.515520,   24.981844,    0.727270
2016-01-21 00:00:00,  640.837440,   24.088465,    0.727188
2016-01-22 00:00:00,  642.159360,   25.421003,    0.729022
2016-01-23 00:00:00,  643.334400,   25.881819,    0.729129
2016-01-24 00:00:00,  644.509440,   27.690854,    0.732754
2016-01-25 00:00:00,  645.684480,   28.875185,    0.734548
2016-01-26 00:00:00,  646.712640,   28.353986,    0.736866
2016-01-27 00:00:00,  647.740800,   27.674110,    0.739336
2016-01-28 00:00:00,  648.768960,   27.321042,    0.740996
2016-01-29 00:00:00,  649.797120,   27.265180,    0.742203
2016-01-30 00:00:00,  650.825280,   25.624128,    0.724087
2016-01-31 00:00:00,  651.706560,   24.163238,    0.724128
2016-02-01 00:00:00,  652.294080,   23.637750,    0.721759
2016-02-02 00:00:00,  652.881600,   24.187536,    0.721306
2016-02-03 00:00:00,  653.762880,   24.675575,    0.721865
2016-02-04 00:00:00,  654.497280,   24.689439,    0.722422
2016-02-05 00:00:00,  655.084800,   25.760742,    0.724777
2016-02-06 00:00:00,  655.819200,   26.695231,    0.728982
2016-02-07 00:00:00,  656.553600,   27.795192,    0.730926
2016-02-08 00:00:00,  657.141120,   28.019265,    0.732064
2016-02-09 00:00:00,  657.728640,   28.808862,    0.736952
2016-02-10 00:00:00,  658.169280,   29.081854,    0.736819
2016-02-11 00:00:00,  658.609920,   29.900729,    0.741408
2016-02-12 00:00:00,  659.050560,   28.002196,    0.742831
2016-02-13 00:00:00,  659.344320,   26.889253,    0.743703
2016-02-14 00:00:00,  659.784960,   26.187250,    0.742367
2016-02-15 00:00:00,  660.078720,   26.267562,    0.744153
2016-02-16 00:00:00,  660.225600,   26.014233,    0.744038
2016-02-17 00:00:00,  660.519360,   26.891756,    0.748413
2016-02-18 00:00:00,  660.666240,   26.280748,    0.750716
2016-02-19 00:00:00,  660.813120,   25.168248,    0.751876
2016-02-20 00:00:00,  660.960000,   26.000212,    0.750478
2016-02-21 00:00:00,  660.960000,   26.631962,    0.752200
2016-02-22 00:00:00,  660.960000,   25.800551,    0.747065
2016-02-23 00:00:00,  660.960000,   25.016191,    0.746200
2016-02-24 00:00:00,  660.813120,   24.088162,    0.744445
2016-02-25 00:00:00,  660.666240,   23.921234,    0.743775
2016-02-26 00:00:00,  660.519360,   24.750131,    0.745511
2016-02-27 00:00:00,  660.225600,   25.780529,    0.746160
2016-02-28 00:00:00,  659.931840,   26.419819,    0.748295
2016-02-29 00:00:00,  659.638080,   26.263045,    0.750247
2016-03-01 00:00:00,  659.050560,   25.366645,    0.751907
2016-03-02 00:00:00,  658.316160,   25.343496,    0.753202
2016-03-03 00:00:00,  657.728640,   24.788525,    0.754587
2016-03-04 00:00:00,  657.141120,   24.937081,    0.755185
2016-03-05 00:00:00,  656.553600,   25.007445,    0.755014
2016-03-06 00:00:00,  655.966080,   25.005874,    0.756311
2016-03-07 00:00:00,  655.378560,   25.564220,    0.759135
2016-03-08 00:00:00,  654.644160,   26.307693,    0.760833
2016-03-09 00:00:00,  653.909760,   27.304558,    0.762566
2016-03-10 00:00:00,  653.175360,   26.182590,    0.763844
2016-03-11 00:00:00,  652.294080,   26.067736,    0.765568
2016-03-12 00:00:00,  651.412800,   26.402014,    0.767541
2016-03-13 00:00:00,  650.531520,   26.802672,    0.769198
2016-03-14 00:00:00,  649.503360,   26.540625,    0.769795
2016-03-15 00:00:00,  648.475200,   27.031468,    0.773224
2016-03-16 00:00:00,  647.447040,   25.220588,    0.773249
2016-03-17 00:00:00,  646.418880,   24.519325,    0.770144
2016-03-18 00:00:00,  645.390720,   24.917126,    0.771470
2016-03-19 00:00:00,  644.215680,   25.000259,    0.772751
2016-03-20 00:00:00,  643.040640,   25.799871,    0.773859
2016-03-21 00:00:00,  641.718720,   25.695658,    0.775398
2016-03-22 00:00:00,  640.396800,   25.200103,    0.776945
2016-03-23 00:00:00,  639.221760,   23.414658,    0.747100
2016-03-24 00:00:00,  637.899840,   23.278304,    0.747236
2016-03-25 00:00:00,  636.431040,   23.685359,    0.747339
2016-03-26 00:00:00,  634.962240,   23.174175,    0.740102
2016-03-27 00:00:00,  633.493440,   22.990955,    0.738821
2016-03-28 00:00:00,  632.024640,   23.174708,    0.737497
2016-03-29 00:00:00,  630.555840,   23.492145,    0.737954
2016-03-30 00:00:00,  629.087040,   23.666167,    0.738074
2016-03-31 00:00:00,  627.471360,   24.097791,    0.740146
2016-04-01 00:00:00,  626.296320,   23.602923,    0.740585
2016-04-02 00:00:00,  625.121280,   24.236836,    0.741461
2016-04-03 00:00:00,  623.358720,   24.243073,    0.741399
2016-04-04 00:00:00,  621.596160,   23.613024,    0.742965
2016-04-05 00:00:00,  619.833600,   22.410698,    0.742489
2016-04-06 00:00:00,  618.071040,   22.092799,    0.742618
2016-04-07 00:00:00,  616.308480,   21.868032,    0.743159
2016-04-08 00:00:00,  614.545920,   21.629658,    0.743727
2016-04-09 00:00:00,  612.783360,   20.942557,    0.741321
2016-04-10 00:00:00,  610.873920,   21.186293,    0.739965
2016-04-11 00:00:00,  608.964480,   20.836487,    0.737879
2016-04-12 00:00:00,  607.055040,   21.227984,    0.738353
2016-04-13 00:00:00,  604.998720,   21.372930,    0.738669
2016-04-14 00:00:00,  602.942400,   21.479988,    0.739248
2016-04-15 00:00:00,  600.886080,   21.381508,    0.739225
2016-04-16 00:00:00,  598.829760,   21.330105,    0.740037
2016-04-17 00:00:00,  596.773440,   21.268474,    0.736220
2016-04-18 00:00:00,  594.717120,   21.143604,    0.721347
2016-04-19 00:00:00,  592.660800,   21.468792,    0.729322
2016-04-20 00:00:00,  590.457600,   21.661665,    0.730364
2016-04-21 00:00:00,  588.254400,   21.567398,    0.730995
2016-04-22 00:00:00,  586.198080,   21.203956,    0.732442
2016-04-23 00:00:00,  583.994880,   21.254073,    0.733277
2016-04-24 00:00:00,  581.644800,   20.960230,    0.733540
2016-04-25 00:00:00,  579.441600,   20.734431,    0.721847
2016-04-26 00:00:00,  577.238400,   19.676354,    0.725131
2016-04-27 00:00:00,  574.888320,   19.396699,    0.723770
2016-04-28 00:00:00,  572.538240,   18.943452,    0.722363
2016-04-29 00:00:00,  570.188160,   18.836718,    0.722265
2016-04-30 00:00:00,  567.838080,   18.515602,    0.722691
2016-05-01 00:00:00,  565.047360,   18.536232,    0.722853
2016-05-02 00:00:00,  562.109760,   18.917460,    0.723538
2016-05-03 00:00:00,  559.612800,   18.907445,    0.724017
2016-05-04 00:00:00,  557.262720,   18.881604,    0.724421
2016-05-05 00:00:00,  554.912640,   18.946711,    0.724443
2016-05-06 00:00:00,  552.415680,   18.698759,    0.719056
2016-05-07 00:00:00,  549.918720,   17.904108,    0.719101
2016-05-08 00:00:00,  547.568640,   17.748559,    0.720178
2016-05-09 00:00:00,  545.071680,   17.979014,    0.720522
2016-05-10 00:00:00,  542.574720,   18.033153,    0.720560
2016-05-11 00:00:00,  540.077760,   18.086326,    0.721163
2016-05-12 00:00:00,  537.580800,   17.898614,    0.721158
2016-05-13 00:00:00,  535.083840,   18.202370,    0.722019
2016-05-14 00:00:00,  532.586880,   18.419942,    0.722516
2016-05-15 00:00:00,  530.089920,   17.996479,    0.722164
2016-05-16 00:00:00,  527.592960,   18.185909,    0.722826
2016-05-17 00:00:00,  525.096000,   17.857959,    0.722951
2016-05-18 00:00:00,  522.599040,   17.906230,    0.722931
2016-05-19 00:00:00,  520.102080,   17.788644,    0.716701
2016-05-20 00:00:00,  517.458240,   17.796431,    0.720441
2016-05-21 00:00:00,  514.961280,   16.843420,    0.717228
2016-05-22 00:00:00,  512.464320,   16.580971,    0.721873
2016-05-23 00:00:00,  509.967360,   16.733296,    0.736329
2016-05-24 00:00:00,  507.470400,   16.758650,    0.731953
2016-05-25 00:00:00,  504.826560,   16.653957,    0.731417
2016-05-26 00:00:00,  502.329600,   16.485230,    0.729218
2016-05-27 00:00:00,  499.832640,   16.427811,    0.729618
2016-05-28 00:00:00,  497.335680,   16.378962,    0.726563
2016-05-29 00:00:00,  494.838720,   16.430308,    0.726747
2016-05-30 00:00:00,  492.341760,   16.363356,    0.727066
2016-05-31 00:00:00,  489.844800,   16.245101,    0.727582
2016-06-01 00:00:00,  488.082240,   16.242151,    0.728158
2016-06-02 00:00:00,  486.319680,   15.880031,    0.728230
2016-06-03 00:00:00,  483.822720,   16.050015,    0.728458
2016-06-04 00:00:00,  481.325760,   15.895418,    0.727920
2016-06-05 00:00:00,  478.828800,   15.808194,    0.728365
2016-06-06 00:00:00,  476.478720,   15.443641,    0.724218
2016-06-07 00:00:00,  473.981760,   14.938630,    0.720996
2016-06-08 00:00:00,  471.484800,   14.732834,    0.720309
2016-06-09 00:00:00,  469.134720,   14.544878,    0.718995
2016-06-10 00:00:00,  466.784640,   14.822962,    0.718198
2016-06-11 00:00:00,  464.434560,   14.621879,    0.718501
2016-06-12 00:00:00,  462.084480,   14.650319,    0.718851
2016-06-13 00:00:00,  459.734400,   14.738254,    0.708918
2016-06-14 00:00:00,  457.384320,   14.655015,    0.704049
2016-06-15 00:00:00,  455.034240,   14.731214,    0.699185
2016-06-16 00:00:00,  452.684160,   14.854216,    0.699691
2016-06-17 00:00:00,  450.334080,   14.640513,    0.699856
2016-06-18 00:00:00,  448.130880,   14.477630,    0.700036
2016-06-19 00:00:00,  445.927680,   14.463505,    0.699963
2016-06-20 00:00:00,  443.577600,   14.460704,    0.700174
2016-06-21 00:00:00,  441.374400,   14.534859,    0.700308
2016-06-22 00:00:00,  439.318080,   14.407202,    0.700412
2016-06-23 00:00:00,  437.114880,   14.555121,    0.700514
2016-06-24 00:00:00,  434.911680,   14.381857,    0.700848
2016-06-25 00:00:00,  432.855360,   14.323393,    0.697473
2016-06-26 00:00:00,  430.799040,   14.204368,    0.697803
2016-06-27 00:00:00,  428.742720,   14.056296,    0.698310
2016-06-28 00:00:00,  426.686400,   14.026214,    0.698236
2016-06-29 00:00:00,  424.630080,   14.198694,    0.698550
2016-06-30 00:00:00,  422.573760,   14.150977,    0.698622
2016-07-01 00:00:00,  420.223680,   14.117422,    0.698815
2016-07-02 00:00:00,  417.873600,   14.042565,    0.699016
2016-07-03 00:00:00,  415.964160,   13.789871,    0.699368
2016-07-04 00:00:00,  414.201600,   13.533325,    0.699676
2016-07-05 00:00:00,  412.292160,   13.344711,    0.699991
2016-07-06 00:00:00,  410.382720,   13.233012,    0.700223
2016-07-07 00:00:00,  408.620160,   13.252401,    0.700404
2016-07-08 00:00:00,  406.857600,   13.289639,    0.697770
2016-07-09 00:00:00,  405.241920,   12.885952,    0.692144
2016-07-10 00:00:00,  403.626240,   12.883645,    0.689768
2016-07-11 00:00:00,  401.863680,   12.938991,    0.688186
2016-07-12 00:00:00,  400.248000,   12.870841,    0.686588
2016-07-13 00:00:00,  398.779200,   12.602469,    0.686985
2016-07-14 00:00:00,  397.163520,   12.525012,    0.687377
2016-07-15 00:00:00,  395.547840,   12.903798,    0.687542
2016-07-16 00:00:00,  394.079040,   13.253561,    0.686905
2016-07-17 00:00:00,  392.757120,   13.402345,    0.686320
2016-07-18 00:00:00,  391.435200,   13.521971,    0.686324
2016-07-19 00:00:00,  389.966400,   13.377574,    0.686349
2016-07-20 00:00:00,  388.644480,   13.279638,    0.686678
2016-07-21 00:00:00,  387.322560,   13.197238,    0.683718
2016-07-22 00:00:00,  386.000640,   13.209026,    0.683722
2016-07-23 00:00:00,  384.825600,   13.064680,    0.683346
2016-07-24 00:00:00,  383.650560,   13.010676,    0.683582
2016-07-25 00:00:00,  382.475520,   13.132443,    0.683587
2016-07-26 00:00:00,  381.447360,   13.357664,    0.683642
2016-07-27 00:00:00,  380.419200,   13.634777,    0.683718
2016-07-28 00:00:00,  379.391040,   13.918718,    0.684713
2016-07-29 00:00:00,  378.362880,   14.303459,    0.683202
2016-07-30 00:00:00,  377.334720,   14.142519,    0.683735
2016-07-31 00:00:00,  376.453440,   13.762466,    0.683374
2016-08-01 00:00:00,  375.865920,   13.711993,    0.683477
2016-08-02 00:00:00,  375.278400,   13.574418,    0.684041
2016-08-03 00:00:00,  374.397120,   13.007969,    0.683338
2016-08-04 00:00:00,  373.662720,   12.919300,    0.670331
2016-08-05 00:00:00,  372.928320,   13.027886,    0.677481
2016-08-06 00:00:00,  372.193920,   13.185127,    0.674870
2016-08-07 00:00:00,  371.606400,   13.082115,    0.673992
2016-08-08 00:00:00,  371.018880,   12.832224,    0.672649
2016-08-09 00:00:00,  370.431360,   12.809196,    0.672251
2016-08-10 00:00:00,  369.990720,   12.932907,    0.671705
2016-08-11 00:00:00,  369.550080,   13.104589,    0.670637
2016-08-12 00:00:00,  369.109440,   13.288342,    0.670730
2016-08-13 00:00:00,  368.815680,   13.543275,    0.670779
2016-08-14 00:00:00,  368.375040,   13.955873,    0.671506
2016-08-15 00:00:00,  368.081280,   14.063366,    0.664297
2016-08-16 00:00:00,  367.934400,   14.736524,    0.665234
2016-08-17 00:00:00,  367.640640,   13.669119,    0.660514
2016-08-18 00:00:00,  367.493760,   13.573187,    0.661187
2016-08-19 00:00:00,  367.346880,   13.397866,    0.655192
2016-08-20 00:00:00,  367.200000,   13.641529,    0.658201
2016-08-21 00:00:00,  367.200000,   13.383548,    0.658824
2016-08-22 00:00:00,  367.200000,   13.521639,    0.659944
2016-08-23 00:00:00,  367.200000,   13.461661,    0.659953
2016-08-24 00:00:00,  367.346880,   13.890666,    0.660514
2016-08-25 00:00:00,  367.493760,   14.176678,    0.661138
2016-08-26 00:00:00,  367.640640,   14.074871,    0.655337
2016-08-27 00:00:00,  367.934400,   13.947961,    0.650778
2016-08-28 00:00:00,  368.228160,   13.741048,    0.649518
2016-08-29 00:00:00,  368.521920,   14.041795,    0.647490
2016-08-30 00:00:00,  368.815680,   14.303399,    0.647493
2016-08-31 00:00:00,  369.256320,   14.413159,    0.642133
2016-09-01 00:00:00,  369.550080,   14.459385,    0.641736
2016-09-02 00:00:00,  369.843840,   14.751088,    0.641695
2016-09-03 00:00:00,  370.431360,   15.035579,    0.641707
2016-09-04 00:00:00,  371.018880,   16.094111,    0.642588
2016-09-05 00:00:00,  371.606400,   16.544119,    0.642948
2016-09-06 00:00:00,  372.193920,   16.558136,    0.643352
2016-09-07 00:00:00,  372.781440,   15.929538,    0.640425
2016-09-08 00:00:00,  373.515840,   15.619364,    0.640702
2016-09-09 00:00:00,  374.250240,   15.849313,    0.640701
2016-09-10 00:00:00,  374.984640,   16.762784,    0.641385
2016-09-11 00:00:00,  375.865920,   16.095353,    0.642882
2016-09-12 00:00:00,  376.747200,   15.691953,    0.643047
2016-09-13 00:00:00,  377.628480,   16.073413,    0.644005
2016-09-14 00:00:00,  378.656640,   16.349121,    0.644364
2016-09-15 00:00:00,  379.684800,   15.702917,    0.641965
2016-09-16 00:00:00,  380.712960,   16.235456,    0.643078
2016-09-17 00:00:00,  381.741120,   16.062718,    0.643164
2016-09-18 00:00:00,  382.769280,   15.541649,    0.639055
2016-09-19 00:00:00,  383.944320,   15.346390,    0.638634
2016-09-20 00:00:00,  385.119360,   15.579112,    0.638655
2016-09-21 00:00:00,  386.441280,   16.162458,    0.638713
2016-09-22 00:00:00,  387.763200,   16.296292,    0.634375
2016-09-23 00:00:00,  389.085120,   15.679246,    0.636077
2016-09-24 00:00:00,  390.407040,   15.719517,    0.635759
2016-09-25 00:00:00,  391.728960,   16.172142,    0.629732
2016-09-26 00:00:00,  393.197760,   16.216155,    0.625325
2016-09-27 00:00:00,  394.666560,   15.545522,    0.618117
2016-09-28 00:00:00,  396.135360,   15.742331,    0.620195
2016-09-29 00:00:00,  397.604160,   15.527203,    0.620067
2016-09-30 00:00:00,  399.219840,   16.395873,    0.620680
2016-10-01 00:00:00,  401.129280,   15.427161,    0.619646
2016-10-02 00:00:00,  403.038720,   15.643063,    0.621368
2016-10-03 00:00:00,  404.801280,   15.594232,    0.620636
2016-10-04 00:00:00,  406.563840,   16.467922,    0.621145
2016-10-05 00:00:00,  408.326400,   17.772462,    0.621654
2016-10-06 00:00:00,  410.088960,   18.610730,    0.622008
2016-10-07 00:00:00,  411.851520,   18.925871,    0.622141
2016-10-08 00:00:00,  413.614080,   18.465596,    0.617814
2016-10-09 00:00:00,  415.523520,   17.936049,    0.619594
2016-10-10 00:00:00,  417.432960,   18.409573,    0.620157
2016-10-11 00:00:00,  419.342400,   19.411123,    0.620921
2016-10-12 00:00:00,  421.251840,   18.979429,    0.621358
2016-10-13 00:00:00,  423.161280,   19.384455,    0.621377
2016-10-14 00:00:00,  425.217600,   20.086413,    0.622833
2016-10-15 00:00:00,  427.273920,   18.727723,    0.623836
2016-10-16 00:00:00,  429.330240,   18.692014,    0.623796
2016-10-17 00:00:00,  431.386560,   19.663708,    0.626206
2016-10-18 00:00:00,  433.442880,   19.596128,    0.626631
2016-10-19 00:00:00,  435.499200,   19.458562,    0.625349
2016-10-20 00:00:00,  437.702400,   19.000315,    0.626804
2016-10-21 00:00:00,  439.905600,   19.602312,    0.627514
2016-10-22 00:00:00,  442.108800,   19.070049,    0.627877
2016-10-23 00:00:00,  444.312000,   21.107807,    0.630121
2016-10-24 00:00:00,  446.515200,   21.250748,    0.631596
2016-10-25 00:00:00,  448.865280,   20.852341,    0.631635
2016-10-26 00:00:00,  451.068480,   22.184942,    0.633398
2016-10-27 00:00:00,  453.271680,   22.058255,    0.633181
2016-10-28 00:00:00,  455.621760,   22.315485,    0.634285
2016-10-29 00:00:00,  457.971840,   21.548510,    0.635686
2016-10-30 00:00:00,  460.321920,   21.215529,    0.636818
2016-10-31 00:00:00,  462.672000,   20.780926,    0.637432
2016-11-01 00:00:00,  464.434560,   21.167541,    0.638305
2016-11-02 00:00:00,  466.197120,   22.001839,    0.639815
2016-11-03 00:00:00,  468.547200,   21.760010,    0.640010
2016-11-04 00:00:00,  470.897280,   23.428134,    0.642683
2016-11-05 00:00:00,  473.247360,   23.718342,    0.642785
2016-11-06 00:00:00,  475.744320,   23.708426,    0.646132
2016-11-07 00:00:00,  478.241280,   22.712228,    0.646805
2016-11-08 00:00:00,  480.591360,   22.519165,    0.648585
2016-11-09 00:00:00,  483.088320,   22.849259,    0.650704
2016-11-10 00:00:00,  485.585280,   21.956253,    0.649833
2016-11-11 00:00:00,  488.082240,   22.004092,    0.650784
2016-11-12 00:00:00,  490.579200,   22.737391,    0.652323
2016-11-13 00:00:00,  493.076160,   23.352541,    0.653184
2016-11-14 00:00:00,  495.573120,   23.085991,    0.653590
2016-11-15 00:00:00,  498.070080,   24.674259,    0.656185
2016-11-16 00:00:00,  500.567040,   22.340307,    0.628727
2016-11-17 00:00:00,  503.064000,   22.823730,    0.630458
2016-11-18 00:00:00,  505.560960,   23.854864,    0.631828
2016-11-19 00:00:00,  508.057920,   24.180001,    0.633626
2016-11-20 00:00:00,  510.701760,   22.973058,    0.635481
2016-11-21 00:00:00,  513.198720,   21.879474,    0.636603
2016-11-22 00:00:00,  515.695680,   22.331030,    0.637315
2016-11-23 00:00:00,  518.192640,   23.872327,    0.639122
2016-11-24 00:00:00,  520.689600,   24.579515,    0.640923
2016-11-25 00:00:00,  523.333440,   25.187797,    0.642576
2016-11-26 00:00:00,  525.830400,   25.382350,    0.642596
2016-11-27 00:00:00,  528.327360,   26.201613,    0.646673
2016-11-28 00:00:00,  530.824320,   25.941886,    0.648727
2016-11-29 00:00:00,  533.321280,   24.979787,    0.650302
2016-11-30 00:00:00,  535.818240,   25.108972,    0.651719
2016-12-01 00:00:00,  538.902720,   24.534319,    0.653364
2016-12-02 00:00:00,  541.987200,   24.782292,    0.654624
2016-12-03 00:00:00,  544.337280,   24.016140,    0.655451
2016-12-04 00:00:00,  546.834240,   23.910515,    0.657563
2016-12-05 00:00:00,  549.331200,   23.940057,    0.659644
2016-12-06 00:00:00,  551.681280,   24.647359,    0.660991
2016-12-07 00:00:00,  554.178240,   24.084396,    0.663097
2016-12-08 00:00:00,  556.675200,   24.509559,    0.664535
2016-12-09 00:00:00,  559.025280,   25.000091,    0.665605
2016-12-10 00:00:00,  561.375360,   26.525996,    0.666967
2016-12-11 00:00:00,  563.725440,   26.051452,    0.668743
2016-12-12 00:00:00,  566.075520,   25.779978,    0.669220
2016-12-13 00:00:00,  568.425600,   25.670705,    0.670971
2016-12-14 00:00:00,  570.775680,   26.527453,    0.672822
2016-12-15 00:00:00,  573.125760,   26.415982,    0.674457
2016-12-16 00:00:00,  575.475840,   25.930138,    0.676827
2016-12-17 00:00:00,  577.825920,   25.659619,    0.678202
2016-12-18 00:00:00,  580.029120,   24.971881,    0.679851
2016-12-19 00:00:00,  582.232320,   25.170552,    0.679937
2016-12-20 00:00:00,  584.582400,   25.199305,    0.680104
2016-12-21 00:00:00,  586.785600,   25.581484,    0.682315
2016-12-22 00:00:00,  588.988800,   26.039586,    0.687103
2016-12-23 00:00:00,  591.192000,   26.528591,    0.689188
2016-12-24 00:00:00,  593.248320,   26.018997,    0.691417
2016-12-25 00:00:00,  595.304640,   25.915457,    0.693044
2016-12-26 00:00:00,  597.360960,   26.062115,    0.694688
2016-12-27 00:00:00,  599.417280,   24.286402,    0.694790
2016-12-28 00:00:00,  601.473600,   24.003810,    0.694590
2016-12-29 00:00:00,  603.529920,   24.474043,    0.696015
2016-12-30 00:00:00,  605.586240,   24.069108,    0.697860
2016-12-31 00:00:00,  607.495680,   24.522036,    0.699230
2017-01-01 00:00:00,  608.817600,   24.658395,    0.699279
2017-01-02 00:00:00,  610.286400,   25.677849,    0.700233
2017-01-03 00:00:00,  612.195840,   25.969486,    0.700625
2017-01-04 00:00:00,  613.958400,   28.366663,    0.704655
2017-01-05 00:00:00,  615.867840,   28.247533,    0.706827
2017-01-06 00:00:00,  617.777280,   28.561110,    0.709595
2017-01-07 00:00:00,  619.539840,   27.801290,    0.711945
2017-01-08 00:00:00,  621.302400,   27.606587,    0.712795
2017-01-09 00:00:00,  622.918080,   27.397813,    0.715250
2017-01-10 00:00:00,  624.533760,   26.057202,    0.715130
2017-01-11 00:00:00,  626.296320,   25.530428,    0.717729
2017-01-12 00:00:00,  627.912000,   25.529789,    0.718723
2017-01-13 00:00:00,  629.380800,   26.334205,    0.720453
2017-01-14 00:00:00,  630.849600,   26.404244,    0.722994
2017-01-15 00:00:00,  632.465280,   25.813703,    0.725227
2017-01-16 00:00:00,  634.080960,   25.497920,    0.723737
2017-01-17 00:00:00,  635.402880,   25.890286,    0.725806
2017-01-18 00:00:00,  636.724800,   27.795844,    0.729593
2017-01-19 00:00:00,  638.193600,   28.916683,    0.731760
2017-01-20 00:00:00,  639.515520,   28.022176,    0.734462
2017-01-21 00:00:00,  640.837440,   26.883389,    0.735615
2017-01-22 00:00:00,  642.159360,   26.819057,    0.734193
2017-01-23 00:00:00,  643.334400,   27.323046,    0.736559
2017-01-24 00:00:00,  644.509440,   27.518154,    0.736768
2017-01-25 00:00:00,  645.684480,   27.838100,    0.740528
2017-01-26 00:00:00,  646.712640,   27.837696,    0.741349
2017-01-27 00:00:00,  647.740800,   27.913515,    0.742491
2017-01-28 00:00:00,  648.768960,   28.009123,    0.744149
2017-01-29 00:00:00,  649.797120,   27.990713,    0.746300
2017-01-30 00:00:00,  650.825280,   26.590693,    0.747923
2017-01-31 00:00:00,  651.706560,   26.222477,    0.745749
2017-02-01 00:00:00,  652.294080,   26.209250,    0.747302
2017-02-02 00:00:00,  652.881600,   24.836479,    0.745405
2017-02-03 00:00:00,  653.762880,   24.235625,    0.747498
2017-02-04 00:00:00,  654.497280,   23.853767,    0.745947
2017-02-05 00:00:00,  655.084800,   24.235336,    0.746179
2017-02-06 00:00:00,  655.819200,   23.784180,    0.746906
2017-02-07 00:00:00,  656.553600,   25.178436,    0.748193
2017-02-08 00:00:00,  657.141120,   25.420842,    0.749504
2017-02-09 00:00:00,  657.728640,   26.762364,    0.750605
2017-02-10 00:00:00,  658.169280,   23.491016,    0.689521
2017-02-11 00:00:00,  658.609920,   23.441522,    0.672104
2017-02-12 00:00:00,  659.050560,   24.055740,    0.676740
2017-02-13 00:00:00,  659.344320,   25.023847,    0.716306
2017-02-14 00:00:00,  659.784960,   25.518487,    0.719506
2017-02-15 00:00:00,  660.078720,   26.154716,    0.725096
2017-02-16 00:00:00,  660.225600,   25.618175,    0.721090
2017-02-17 00:00:00,  660.519360,   25.040665,    0.721037
2017-02-18 00:00:00,  660.666240,   25.526803,    0.720497
2017-02-19 00:00:00,  660.813120,   25.965267,    0.725412
2017-02-20 00:00:00,  660.960000,   25.247235,    0.725653
2017-02-21 00:00:00,  660.960000,   24.706804,    0.720770
2017-02-22 00:00:00,  660.960000,   24.899090,    0.720389
2017-02-23 00:00:00,  660.960000,   24.873665,    0.721791
2017-02-24 00:00:00,  660.813120,   24.695133,    0.722137
2017-02-25 00:00:00,  660.666240,   26.637634,    0.726618
2017-02-26 00:00:00,  660.519360,   25.759874,    0.726971
2017-02-27 00:00:00,  660.225600,   25.794109,    0.729660
2017-02-28 00:00:00,  659.931840,   25.531017,    0.732260
2017-03-01 00:00:00,  659.197440,   25.519628,    0.734742
2017-03-02 00:00:00,  658.316160,   26.099868,    0.734976
2017-03-03 00:00:00,  657.728640,   25.924500,    0.740942
2017-03-04 00:00:00,  657.141120,   24.202479,    0.737369
2017-03-05 00:00:00,  656.553600,   23.627017,    0.735753
2017-03-06 00:00:00,  655.966080,   23.607105,    0.736816
2017-03-07 00:00:00,  655.378560,   24.410766,    0.738949
2017-03-08 00:00:00,  654.644160,   23.976454,    0.739389
2017-03-09 00:00:00,  653.909760,   23.828851,    0.740658
2017-03-10 00:00:00,  653.175360,   23.862591,    0.741925
2017-03-11 00:00:00,  652.294080,   24.137390,    0.743684
2017-03-12 00:00:00,  651.412800,   24.821215,    0.745806
2017-03-13 00:00:00,  650.531520,   25.271606,    0.746233
2017-03-14 00:00:00,  649.503360,   25.685504,    0.747053
2017-03-15 00:00:00,  648.475200,   25.945332,    0.750393
2017-03-16 00:00:00,  647.447040,   24.372622,    0.751100
2017-03-17 00:00:00,  646.418880,   23.865575,    0.750509
2017-03-18 00:00:00,  645.390720,   23.339250,    0.750196
2017-03-19 00:00:00,  644.215680,   22.540676,    0.750334
2017-03-20 00:00:00,  643.040640,   23.064390,    0.749905
2017-03-21 00:00:00,  641.718720,   23.328291,    0.750367
2017-03-22 00:00:00,  640.396800,   24.274205,    0.710285
2017-03-23 00:00:00,  639.221760,   24.195501,    0.710992
2017-03-24 00:00:00,  637.899840,   24.702816,    0.711798
2017-03-25 00:00:00,  636.431040,   24.865342,    0.715701
2017-03-26 00:00:00,  634.962240,   24.121526,    0.718227
2017-03-27 00:00:00,  633.493440,   23.647809,    0.722992
2017-03-28 00:00:00,  632.024640,   23.187237,    0.728339
2017-03-29 00:00:00,  630.555840,   23.324998,    0.730544
2017-03-30 00:00:00,  629.087040,   23.261399,    0.731549
2017-03-31 00:00:00,  627.471360,   23.089485,    0.733045
2017-04-01 00:00:00,  626.296320,   23.253865,    0.733527
2017-04-02 00:00:00,  625.121280,   23.452639,    0.734807
2017-04-03 00:00:00,  623.358720,   22.428660,    0.736130
2017-04-04 00:00:00,  621.596160,   21.740267,    0.735647
2017-04-05 00:00:00,  619.833600,   21.660867,    0.735590
2017-04-06 00:00:00,  618.071040,   21.601185,    0.736114
2017-04-07 00:00:00,  616.308480,   22.237763,    0.736644
2017-04-08 00:00:00,  614.545920,   22.256513,    0.737230
2017-04-09 00:00:00,  612.783360,   22.046466,    0.738344
2017-04-10 00:00:00,  610.873920,   21.676589,    0.739182
2017-04-11 00:00:00,  608.964480,   21.567544,    0.737769
2017-04-12 00:00:00,  607.055040,   20.413063,    0.737483
2017-04-13 00:00:00,  604.998720,   19.994282,    0.731258
2017-04-14 00:00:00,  602.942400,   19.569482,    0.730849
2017-04-15 00:00:00,  600.886080,   20.127927,    0.730182
2017-04-16 00:00:00,  598.829760,   20.895800,    0.730792
2017-04-17 00:00:00,  596.773440,   20.955079,    0.731317
2017-04-18 00:00:00,  594.717120,   21.402881,    0.731952
2017-04-19 00:00:00,  592.660800,   21.671189,    0.732482
2017-04-20 00:00:00,  590.457600,   21.735293,    0.732669
2017-04-21 00:00:00,  588.254400,   21.888156,    0.734222
2017-04-22 00:00:00,  586.198080,   20.767656,    0.734853
2017-04-23 00:00:00,  583.994880,   20.252618,    0.734973
2017-04-24 00:00:00,  581.644800,   19.963440,    0.735111
2017-04-25 00:00:00,  579.441600,   19.715705,    0.734487
2017-04-26 00:00:00,  577.238400,   19.915248,    0.735264
2017-04-27 00:00:00,  574.888320,   19.978856,    0.735782
2017-04-28 00:00:00,  572.538240,   19.802759,    0.735504
2017-04-29 00:00:00,  570.188160,   19.698565,    0.736246
2017-04-30 00:00:00,  567.838080,   19.888922,    0.736793
2017-05-01 00:00:00,  565.047360,   19.400372,    0.736888
2017-05-02 00:00:00,  562.109760,   19.596830,    0.737254
2017-05-03 00:00:00,  559.612800,   19.068099,    0.737111
2017-05-04 00:00:00,  557.262720,   18.857398,    0.737544
2017-05-05 00:00:00,  554.912640,   18.808556,    0.737866
2017-05-06 00:00:00,  552.415680,   18.725699,    0.738427
2017-05-07 00:00:00,  549.918720,   18.997333,    0.738684
2017-05-08 00:00:00,  547.568640,   18.623399,    0.738552
2017-05-09 00:00:00,  545.071680,   18.341996,    0.739034
2017-05-10 00:00:00,  542.574720,   18.004342,    0.739515
2017-05-11 00:00:00,  540.077760,   18.035133,    0.740513
2017-05-12 00:00:00,  537.580800,   18.251850,    0.740943
2017-05-13 00:00:00,  535.083840,   17.313833,    0.734239
2017-05-14 00:00:00,  532.586880,   17.073198,    0.737733
2017-05-15 00:00:00,  530.089920,   17.129168,    0.739848
2017-05-16 00:00:00,  527.592960,   17.010531,    0.740311
2017-05-17 00:00:00,  525.096000,   16.969750,    0.741718
2017-05-18 00:00:00,  522.599040,   16.647342,    0.742051
2017-05-19 00:00:00,  520.102080,   16.732038,    0.742046
2017-05-20 00:00:00,  517.458240,   17.104013,    0.742395
2017-05-21 00:00:00,  514.961280,   16.822218,    0.742744
2017-05-22 00:00:00,  512.464320,   17.054879,    0.728927
2017-05-23 00:00:00,  509.967360,   16.434497,    0.734462
2017-05-24 00:00:00,  507.470400,   16.601363,    0.737636
2017-05-25 00:00:00,  504.826560,   16.394716,    0.738268
2017-05-26 00:00:00,  502.329600,   16.235041,    0.750955
2017-05-27 00:00:00,  499.832640,   16.083523,    0.747846
2017-05-28 00:00:00,  497.335680,   16.164208,    0.748011
2017-05-29 00:00:00,  494.838720,   16.108656,    0.748409
2017-05-30 00:00:00,  492.341760,   16.111522,    0.748578
2017-05-31 00:00:00,  489.844800,   16.182855,    0.748771
2017-06-01 00:00:00,  488.082240,   16.392572,    0.746651
2017-06-02 00:00:00,  486.319680,   16.077806,    0.747945
2017-06-03 00:00:00,  483.822720,   16.064755,    0.748147
2017-06-04 00:00:00,  481.325760,   15.748889,    0.748502
2017-06-05 00:00:00,  478.828800,   15.812771,    0.748481
2017-06-06 00:00:00,  476.478720,   16.112271,    0.748746
2017-06-07 00:00:00,  473.981760,   16.065204,    0.749448
2017-06-08 00:00:00,  471.484800,   15.468881,    0.749378
2017-06-09 00:00:00,  469.134720,   15.221080,    0.749899
2017-06-10 00:00:00,  466.784640,   15.223073,    0.749956
2017-06-11 00:00:00,  464.434560,   14.893631,    0.750522
2017-06-12 00:00:00,  462.084480,   14.917216,    0.750502
2017-06-13 00:00:00,  459.734400,   14.952354,    0.751014
2017-06-14 00:00:00,  457.384320,   14.958598,    0.741725
2017-06-15 00:00:00,  455.034240,   14.821586,    0.733640
2017-06-16 00:00:00,  452.684160,   14.933453,    0.738104
2017-06-17 00:00:00,  450.334080,   14.975233,    0.738239
2017-06-18 00:00:00,  448.130880,   14.969306,    0.738324
2017-06-19 00:00:00,  445.927680,   15.124382,    0.738325
2017-06-20 00:00:00,  443.577600,   15.266312,    0.738743
2017-06-21 00:00:00,  441.374400,   15.317848,    0.739000
2017-06-22 00:00:00,  439.318080,   15.385715,    0.739174
2017-06-23 00:00:00,  437.114880,   15.057377,    0.725635
2017-06-24 00:00:00,  434.911680,   14.880689,    0.722278
2017-06-25 00:00:00,  432.855360,   14.753377,    0.725350
2017-06-26 00:00:00,  430.799040,   14.499528,    0.725665
2017-06-27 00:00:00,  428.742720,   14.007855,    0.724234
2017-06-28 00:00:00,  426.686400,   14.074836,    0.724331
2017-06-29 00:00:00,  424.630080,   13.933326,    0.724661
2017-06-30 00:00:00,  422.573760,   13.885477,    0.725034
2017-07-01 00:00:00,  420.223680,   13.712187,    0.725280
2017-07-02 00:00:00,  417.873600,   13.653978,    0.721061
2017-07-03 00:00:00,  415.964160,   13.613564,    0.716698
2017-07-04 00:00:00,  414.201600,   13.358302,    0.712105
2017-07-05 00:00:00,  412.292160,   13.255895,    0.712306
2017-07-06 00:00:00,  410.382720,   13.138351,    0.712522
2017-07-07 00:00:00,  408.620160,   13.087256,    0.712868
2017-07-08 00:00:00,  406.857600,   12.889008,    0.704541
2017-07-09 00:00:00,  405.241920,   12.500176,    0.698344
2017-07-10 00:00:00,  403.626240,   12.524428,    0.694641
2017-07-11 00:00:00,  401.863680,   12.684941,    0.690982
2017-07-12 00:00:00,  400.248000,   12.439231,    0.689406
2017-07-13 00:00:00,  398.779200,   12.423629,    0.689081
2017-07-14 00:00:00,  397.163520,   12.559713,    0.689002
2017-07-15 00:00:00,  395.547840,   12.628130,    0.689138
2017-07-16 00:00:00,  394.079040,   12.562403,    0.686940
2017-07-17 00:00:00,  392.757120,   12.557665,    0.687050
2017-07-18 00:00:00,  391.435200,   12.480022,    0.687031
2017-07-19 00:00:00,  389.966400,   12.709561,    0.686493
2017-07-20 00:00:00,  388.644480,   12.564338,    0.686850
2017-07-21 00:00:00,  387.322560,   12.564552,    0.687078
2017-07-22 00:00:00,  386.000640,   12.742717,    0.687405
2017-07-23 00:00:00,  384.825600,   12.836748,    0.687671
2017-07-24 00:00:00,  383.650560,   12.990700,    0.688071
2017-07-25 00:00:00,  382.475520,   13.054472,    0.687945
2017-07-26 00:00:00,  381.447360,   13.513482,    0.687123
2017-07-27 00:00:00,  380.419200,   13.605572,    0.687087
2017-07-28 00:00:00,  379.391040,   14.090668,    0.683823
2017-07-29 00:00:00,  378.362880,   13.764115,    0.682080
2017-07-30 00:00:00,  377.334720,   13.507944,    0.682055
2017-07-31 00:00:00,  376.453440,   13.757244,    0.682261
2017-08-01 00:00:00,  375.865920,   13.934867,    0.682526
2017-08-02 00:00:00,  375.278400,   14.494106,    0.678025
2017-08-03 00:00:00,  374.397120,   14.189826,    0.673316
2017-08-04 00:00:00,  373.662720,   14.258898,    0.673750
2017-08-05 00:00:00,  372.928320,   14.448478,    0.674102
2017-08-06 00:00:00,  372.193920,   14.602694,    0.674074
2017-08-07 00:00:00,  371.606400,   14.698176,    0.674774
2017-08-08 00:00:00,  371.018880,   14.769479,    0.675321
2017-08-09 00:00:00,  370.431360,   14.442734,    0.675779
2017-08-10 00:00:00,  369.990720,   14.097137,    0.659855
2017-08-11 00:00:00,  369.550080,   13.557672,    0.650200
2017-08-12 00:00:00,  369.109440,   13.673242,    0.638838
2017-08-13 00:00:00,  368.815680,   13.687796,    0.641743
2017-08-14 00:00:00,  368.375040,   13.741862,    0.640622
2017-08-15 00:00:00,  368.081280,   13.897851,    0.640650
2017-08-16 00:00:00,  367.934400,   13.921770,    0.641105
2017-08-17 00:00:00,  367.640640,   13.866192,    0.641029
2017-08-18 00:00:00,  367.493760,   13.583165,    0.642359
2017-08-19 00:00:00,  367.346880,   13.478503,    0.643044
2017-08-20 00:00:00,  367.200000,   13.569110,    0.642887
2017-08-21 00:00:00,  367.200000,   14.142919,    0.636903
2017-08-22 00:00:00,  367.200000,   14.353253,    0.635912
2017-08-23 00:00:00,  367.200000,   14.072109,    0.636271
2017-08-24 00:00:00,  367.346880,   14.921342,    0.636411
2017-08-25 00:00:00,  367.493760,   15.063909,    0.637029
2017-08-26 00:00:00,  367.640640,   14.625684,    0.637091
2017-08-27 00:00:00,  367.934400,   14.690342,    0.637591
2017-08-28 00:00:00,  368.228160,   14.896656,    0.637634
2017-08-29 00:00:00,  368.521920,   15.081657,    0.637674
2017-08-30 00:00:00,  368.815680,   15.181189,    0.637699
2017-08-31 00:00:00,  369.256320,   15.514739,    0.633672
2017-09-01 00:00:00,  369.550080,   15.263505,    0.631538
2017-09-02 00:00:00,  369.843840,   15.068580,    0.632559
2017-09-03 00:00:00,  370.431360,   15.021448,    0.632722
2017-09-04 00:00:00,  371.018880,   15.311714,    0.632720
2017-09-05 00:00:00,  371.606400,   15.666338,    0.632714
2017-09-06 00:00:00,  372.193920,   15.945130,    0.632712
2017-09-07 00:00:00,  372.781440,   16.602075,    0.623666
2017-09-08 00:00:00,  373.515840,   15.869254,    0.624494
2017-09-09 00:00:00,  374.250240,   15.724570,    0.622729
2017-09-10 00:00:00,  374.984640,   15.735671,    0.623226
2017-09-11 00:00:00,  375.865920,   15.882734,    0.625467
2017-09-12 00:00:00,  376.747200,   15.825255,    0.623003
2017-09-13 00:00:00,  377.628480,   15.920372,    0.623622
2017-09-14 00:00:00,  378.656640,   16.511565,    0.624627
2017-09-15 00:00:00,  379.684800,   16.167954,    0.626976
2017-09-16 00:00:00,  380.712960,   16.415561,    0.627750
2017-09-17 00:00:00,  381.741120,   16.172317,    0.628556
2017-09-18 00:00:00,  382.769280,   16.287834,    0.630188
2017-09-19 00:00:00,  383.944320,   16.334294,    0.629838
2017-09-20 00:00:00,  385.119360,   16.604288,    0.630896
2017-09-21 00:00:00,  386.441280,   17.493199,    0.631764
2017-09-22 00:00:00,  387.763200,   18.802581,    0.633277
2017-09-23 00:00:00,  389.085120,   18.341340,    0.633311
2017-09-24 00:00:00,  390.407040,   18.598442,    0.633091
2017-09-25 00:00:00,  391.728960,   19.058875,    0.592630
2017-09-26 00:00:00,  393.197760,   19.423223,    0.605711
2017-09-27 00:00:00,  394.666560,   19.804270,    0.624438
2017-09-28 00:00:00,  396.135360,   19.971158,    0.625764
2017-09-29 00:00:00,  397.604160,   20.049401,    0.627038
2017-09-30 00:00:00,  399.219840,   20.132745,    0.628740
2017-10-01 00:00:00,  401.129280,   21.030589,    0.630231
2017-10-02 00:00:00,  403.038720,   20.560028,    0.631579
2017-10-03 00:00:00,  404.801280,   20.390681,    0.631712
2017-10-04 00:00:00,  406.563840,   21.691404,    0.633593
2017-10-05 00:00:00,  408.326400,   20.538223,    0.634483
2017-10-06 00:00:00,  410.088960,   20.405231,    0.635645
2017-10-07 00:00:00,  411.851520,   20.140240,    0.636016
2017-10-08 00:00:00,  413.614080,   20.422742,    0.637162
2017-10-09 00:00:00,  415.523520,   21.674620,    0.638554
2017-10-10 00:00:00,  417.432960,   20.224171,    0.640646
2017-10-11 00:00:00,  419.342400,   20.096558,    0.641470
2017-10-12 00:00:00,  421.251840,   19.904444,    0.640961
2017-10-13 00:00:00,  423.161280,   19.991637,    0.641731
2017-10-14 00:00:00,  425.217600,   19.847826,    0.643523
2017-10-15 00:00:00,  427.273920,   19.372123,    0.643520
2017-10-16 00:00:00,  429.330240,   19.271437,    0.644587
2017-10-17 00:00:00,  431.386560,   21.141204,    0.646732
2017-10-18 00:00:00,  433.442880,   20.952955,    0.646935
2017-10-19 00:00:00,  435.499200,   21.578857,    0.646947
2017-10-20 00:00:00,  437.702400,   21.342588,    0.642339
2017-10-21 00:00:00,  439.905600,   21.308827,    0.644308
2017-10-22 00:00:00,  442.108800,   21.559381,    0.645829
2017-10-23 00:00:00,  444.312000,   21.254001,    0.646593
2017-10-24 00:00:00,  446.515200,   21.324995,    0.648227
2017-10-25 00:00:00,  448.865280,   21.666466,    0.649594
2017-10-26 00:00:00,  451.068480,   22.714976,    0.650696
2017-10-27 00:00:00,  453.271680,   21.748603,    0.652013
2017-10-28 00:00:00,  455.621760,   20.553532,    0.653244
2017-10-29 00:00:00,  457.971840,   20.810939,    0.654164
2017-10-30 00:00:00,  460.321920,   21.345683,    0.655154
2017-10-31 00:00:00,  462.672000,   21.605970,    0.656660
2017-11-01 00:00:00,  464.434560,   21.715865,    0.656997
2017-11-02 00:00:00,  466.197120,   22.031956,    0.658937
2017-11-03 00:00:00,  468.547200,   22.788561,    0.660871
2017-11-04 00:00:00,  470.897280,   22.997810,    0.664002
2017-11-05 00:00:00,  473.247360,   22.565245,    0.664431
2017-11-06 00:00:00,  475.744320,   23.037500,    0.665781
2017-11-07 00:00:00,  478.241280,   22.613880,    0.666837
2017-11-08 00:00:00,  480.591360,   23.907736,    0.667901
2017-11-09 00:00:00,  483.088320,   23.477757,    0.668447
2017-11-10 00:00:00,  485.585280,   22.612591,    0.666998
2017-11-11 00:00:00,  488.082240,   22.191534,    0.667963
2017-11-12 00:00:00,  490.579200,   21.732838,    0.669364
2017-11-13 00:00:00,  493.076160,   21.729570,    0.669736
2017-11-14 00:00:00,  495.573120,   21.889932,    0.671531
2017-11-15 00:00:00,  498.070080,   21.762692,    0.669113
2017-11-16 00:00:00,  500.567040,   22.834062,    0.670437
2017-11-17 00:00:00,  503.064000,   22.973497,    0.670857
2017-11-18 00:00:00,  505.560960,   23.759911,    0.673043
2017-11-19 00:00:00,  508.057920,   24.892967,    0.677055
2017-11-20 00:00:00,  510.701760,   24.931021,    0.677351
2017-11-21 00:00:00,  513.198720,   25.282385,    0.678324
2017-11-22 00:00:00,  515.695680,   25.110155,    0.680125
2017-11-23 00:00:00,  518.192640,   24.281929,    0.682626
2017-11-24 00:00:00,  520.689600,   24.509384,    0.683905
2017-11-25 00:00:00,  523.333440,   24.331703,    0.685180
2017-11-26 00:00:00,  525.830400,   24.687184,    0.687280
2017-11-27 00:00:00,  528.327360,   24.562966,    0.688649
2017-11-28 00:00:00,  530.824320,   24.911676,    0.690947
2017-11-29 00:00:00,  533.321280,   24.599524,    0.691266
2017-11-30 00:00:00,  535.818240,   25.871775,    0.695560
2017-12-01 00:00:00,  538.902720,   23.819005,    0.695382
2017-12-02 00:00:00,  541.987200,   23.139859,    0.697632
2017-12-03 00:00:00,  544.337280,   22.753687,    0.698841
2017-12-04 00:00:00,  546.834240,   23.225540,    0.697562
2017-12-05 00:00:00,  549.331200,   22.944338,    0.697716
2017-12-06 00:00:00,  551.681280,   22.211766,    0.697381
2017-12-07 00:00:00,  554.178240,   23.035844,    0.696271
2017-12-08 00:00:00,  556.675200,   22.637173,    0.697449
2017-12-09 00:00:00,  559.025280,   22.562906,    0.696269
2017-12-10 00:00:00,  561.375360,   23.055086,    0.696623
2017-12-11 00:00:00,  563.725440,   23.945233,    0.698604
2017-12-12 00:00:00,  566.075520,   23.948132,    0.698899
2017-12-13 00:00:00,  568.425600,   24.204331,    0.703670
2017-12-14 00:00:00,  570.775680,   23.779366,    0.705196
2017-12-15 00:00:00,  573.125760,   24.100465,    0.706491
2017-12-16 00:00:00,  575.475840,   24.439101,    0.709080
2017-12-17 00:00:00,  577.825920,   24.669057,    0.711182
2017-12-18 00:00:00,  580.029120,   24.743159,    0.714036
2017-12-19 00:00:00,  582.232320,   24.139195,    0.714811
2017-12-20 00:00:00,  584.582400,   22.138734,    0.711242
2017-12-21 00:00:00,  586.785600,   22.314942,    0.709892
2017-12-22 00:00:00,  588.988800,   22.498810,    0.710664
2017-12-23 00:00:00,  591.192000,   23.184315,    0.711594
2017-12-24 00:00:00,  593.248320,   25.686762,    0.712263
2017-12-25 00:00:00,  595.304640,   27.062405,    0.714825
2017-12-26 00:00:00,  597.360960,   27.026940,    0.718657
2017-12-27 00:00:00,  599.417280,   26.954603,    0.721742
2017-12-28 00:00:00,  601.473600,   26.580956,    0.723898
2017-12-29 00:00:00,  603.529920,   26.669355,    0.726269
2017-12-30 00:00:00,  605.586240,   26.715292,    0.728877
2017-12-31 00:00:00,  607.495680,   26.093544,    0.732004
2018-01-01 00:00:00,  608.817600,   26.290149,    0.732556
2018-01-02 00:00:00,  610.286400,   27.302952,    0.735702
2018-01-03 00:00:00,  612.195840,   27.204168,    0.735578
2018-01-04 00:00:00,  613.958400,   28.746358,    0.737841
2018-01-05 00:00:00,  615.867840,   27.792887,    0.726320
2018-01-06 00:00:00,  617.777280,   27.552384,    0.730342
2018-01-07 00:00:00,  619.539840,   26.920415,    0.732765
2018-01-08 00:00:00,  621.302400,   27.058023,    0.734698
2018-01-09 00:00:00,  622.918080,   27.582260,    0.737168
2018-01-10 00:00:00,  624.533760,   27.660130,    0.740231
2018-01-11 00:00:00,  626.296320,   27.309343,    0.740398
2018-01-12 00:00:00,  627.912000,   27.664736,    0.745015
2018-01-13 00:00:00,  629.380800,   27.588107,    0.747657
2018-01-14 00:00:00,  630.849600,   26.797129,    0.749279
2018-01-15 00:00:00,  632.465280,   26.245375,    0.748100
2018-01-16 00:00:00,  634.080960,   25.208016,    0.672683
2018-01-17 00:00:00,  635.402880,   25.213716,    0.653442
2018-01-18 00:00:00,  636.724800,   26.359617,    0.694093
2018-01-19 00:00:00,  638.193600,   26.388569,    0.696397
2018-01-20 00:00:00,  639.515520,   26.013476,    0.698413
2018-01-21 00:00:00,  640.837440,   25.573106,    0.699342
2018-01-22 00:00:00,  642.159360,   25.557774,    0.700722
2018-01-23 00:00:00,  643.334400,   25.306095,    0.702377
2018-01-24 00:00:00,  644.509440,   23.826391,    0.697256
2018-01-25 00:00:00,  645.684480,   24.424831,    0.699319
2018-01-26 00:00:00,  646.712640,   23.904177,    0.699313
2018-01-27 00:00:00,  647.740800,   25.441590,    0.701221
2018-01-28 00:00:00,  648.768960,   26.433792,    0.701391
2018-01-29 00:00:00,  649.797120,   26.796127,    0.701479
2018-01-30 00:00:00,  650.825280,   27.330802,    0.701810
2018-01-31 00:00:00,  651.706560,   27.263039,    0.706180
2018-02-01 00:00:00,  652.294080,   26.713466,    0.707991
2018-02-02 00:00:00,  652.881600,   26.178093,    0.707820
2018-02-03 00:00:00,  653.762880,   26.990892,    0.711678
2018-02-04 00:00:00,  654.497280,   27.049090,    0.714279
2018-02-05 00:00:00,  655.084800,   25.674344,    0.716710
2018-02-06 00:00:00,  655.819200,   24.573266,    0.715743
2018-02-07 00:00:00,  656.553600,   24.161985,    0.717787
2018-02-08 00:00:00,  657.141120,   26.676271,    0.721076
2018-02-09 00:00:00,  657.728640,   26.655488,    0.721095
2018-02-10 00:00:00,  658.169280,   27.229056,    0.723147
2018-02-11 00:00:00,  658.609920,   26.905380,    0.728930
2018-02-12 00:00:00,  659.050560,   25.969985,    0.729165
2018-02-13 00:00:00,  659.344320,   25.303076,    0.730918
2018-02-14 00:00:00,  659.784960,   25.855927,    0.732972
2018-02-15 00:00:00,  660.078720,   27.771564,    0.737260
2018-02-16 00:00:00,  660.225600,   27.894289,    0.738786
2018-02-17 00:00:00,  660.519360,   27.278323,    0.739672
2018-02-18 00:00:00,  660.666240,   27.270236,    0.741561
2018-02-19 00:00:00,  660.813120,   27.660145,    0.745382
2018-02-20 00:00:00,  660.960000,   25.525973,    0.744525
2018-02-21 00:00:00,  660.960000,   25.468742,    0.742632
2018-02-22 00:00:00,  660.960000,   26.283793,    0.744799
2018-02-23 00:00:00,  660.960000,   26.526836,    0.747497
2018-02-24 00:00:00,  660.813120,   26.925907,    0.747697
2018-02-25 00:00:00,  660.666240,   29.229092,    0.752111
2018-02-26 00:00:00,  660.519360,   29.148556,    0.751578
2018-02-27 00:00:00,  660.225600,   29.582410,    0.753384
2018-02-28 00:00:00,  659.931840,   30.310313,    0.757656
2018-03-01 00:00:00,  659.197440,   28.814534,    0.760075
2018-03-02 00:00:00,  658.316160,   28.551861,    0.762466
2018-03-03 00:00:00,  657.728640,   28.163177,    0.762604
2018-03-04 00:00:00,  657.141120,   27.951491,    0.762849
2018-03-05 00:00:00,  656.553600,   27.586865,    0.766520
2018-03-06 00:00:00,  655.966080,   26.639641,    0.767343
2018-03-07 00:00:00,  655.378560,   26.056821,    0.766599
2018-03-08 00:00:00,  654.644160,   25.468712,    0.768248
2018-03-09 00:00:00,  653.909760,   25.399089,    0.765771
2018-03-10 00:00:00,  653.175360,   25.485223,    0.764055
2018-03-11 00:00:00,  652.294080,   25.266849,    0.764666
2018-03-12 00:00:00,  651.412800,   24.373310,    0.765604
2018-03-13 00:00:00,  650.531520,   24.310303,    0.764771
2018-03-14 00:00:00,  649.503360,   24.921129,    0.765322
2018-03-15 00:00:00,  648.475200,   24.543048,    0.767678
2018-03-16 00:00:00,  647.447040,   24.205412,    0.767373
2018-03-17 00:00:00,  646.418880,   25.406208,    0.770025
2018-03-18 00:00:00,  645.390720,   26.195554,    0.771554
2018-03-19 00:00:00,  644.215680,   25.337401,    0.773616
2018-03-20 00:00:00,  643.040640,   24.378954,    0.774315
2018-03-21 00:00:00,  641.718720,   24.543410,    0.772924
2018-03-22 00:00:00,  640.396800,   24.244169,    0.773402
2018-03-23 00:00:00,  639.221760,   24.820048,    0.773543
2018-03-24 00:00:00,  637.899840,   25.921922,    0.777926
2018-03-25 00:00:00,  636.431040,   26.168460,    0.779562
2018-03-26 00:00:00,  634.962240,   25.756950,    0.780035
2018-03-27 00:00:00,  633.493440,   26.204037,    0.782637
2018-03-28 00:00:00,  632.024640,   25.866821,    0.783569
2018-03-29 00:00:00,  630.555840,   25.466891,    0.784619
2018-03-30 00:00:00,  629.087040,   24.865402,    0.783689
2018-03-31 00:00:00,  627.471360,   24.641699,    0.785139
2018-04-01 00:00:00,  626.296320,   24.729600,    0.786549
2018-04-02 00:00:00,  625.121280,   24.250232,    0.787788
2018-04-03 00:00:00,  623.358720,   23.743465,    0.785109
2018-04-04 00:00:00,  621.596160,   23.793914,    0.787568
2018-04-05 00:00:00,  619.833600,   23.564133,    0.786759
2018-04-06 00:00:00,  618.071040,   24.011584,    0.788512
2018-04-07 00:00:00,  616.308480,   23.034137,    0.787281
2018-04-08 00:00:00,  614.545920,   22.617404,    0.785772
2018-04-09 00:00:00,  612.783360,   21.717866,    0.783768
2018-04-10 00:00:00,  610.873920,   21.228609,    0.779561
2018-04-11 00:00:00,  608.964480,   21.551176,    0.766135
2018-04-12 00:00:00,  607.055040,   21.353580,    0.768956
2018-04-13 00:00:00,  604.998720,   21.907372,    0.769482
2018-04-14 00:00:00,  602.942400,   22.028455,    0.770447
2018-04-15 00:00:00,  600.886080,   21.891129,    0.771486
2018-04-16 00:00:00,  598.829760,   21.642768,    0.771560
2018-04-17 00:00:00,  596.773440,   21.415001,    0.772349
2018-04-18 00:00:00,  594.717120,   21.040343,    0.771398
2018-04-19 00:00:00,  592.660800,   20.867683,    0.772403
2018-04-20 00:00:00,  590.457600,   20.518844,    0.773007
2018-04-21 00:00:00,  588.254400,   20.546811,    0.772786
2018-04-22 00:00:00,  586.198080,   20.784488,    0.773587
2018-04-23 00:00:00,  583.994880,   21.968630,    0.774634
2018-04-24 00:00:00,  581.644800,   22.294535,    0.775731
2018-04-25 00:00:00,  579.441600,   22.241125,    0.775836
2018-04-26 00:00:00,  577.238400,   22.410745,    0.771215
2018-04-27 00:00:00,  574.888320,   20.847170,    0.769498
2018-04-28 00:00:00,  572.538240,   20.068673,    0.769487
2018-04-29 00:00:00,  570.188160,   20.002059,    0.769960
2018-04-30 00:00:00,  567.838080,   19.868381,    0.769454
2018-05-01 00:00:00,  565.047360,   20.046552,    0.769773
2018-05-02 00:00:00,  562.109760,   20.103602,    0.770274
2018-05-03 00:00:00,  559.612800,   20.205797,    0.770852
2018-05-04 00:00:00,  557.262720,   20.357916,    0.771661
2018-05-05 00:00:00,  554.912640,   19.936018,    0.771947
2018-05-06 00:00:00,  552.415680,   19.528080,    0.772285
2018-05-07 00:00:00,  549.918720,   19.194602,    0.771636
2018-05-08 00:00:00,  547.568640,   18.957652,    0.771522
2018-05-09 00:00:00,  545.071680,   18.846150,    0.772331
2018-05-10 00:00:00,  542.574720,   19.002037,    0.771901
2018-05-11 00:00:00,  540.077760,   18.743036,    0.772465
2018-05-12 00:00:00,  537.580800,   18.479367,    0.772100
2018-05-13 00:00:00,  535.083840,   18.120429,    0.772168
2018-05-14 00:00:00,  532.586880,   17.849339,    0.772635
2018-05-15 00:00:00,  530.089920,   17.375955,    0.771853
2018-05-16 00:00:00,  527.592960,   17.436133,    0.769474
2018-05-17 00:00:00,  525.096000,   17.404211,    0.769709
2018-05-18 00:00:00,  522.599040,   17.666171,    0.764718
2018-05-19 00:00:00,  520.102080,   17.637199,    0.765253
2018-05-20 00:00:00,  517.458240,   17.220614,    0.759557
2018-05-21 00:00:00,  514.961280,   17.128385,    0.760586
2018-05-22 00:00:00,  512.464320,   17.156400,    0.760506
2018-05-23 00:00:00,  509.967360,   17.265796,    0.760829
2018-05-24 00:00:00,  507.470400,   17.107487,    0.761612
2018-05-25 00:00:00,  504.826560,   16.738094,    0.761467
2018-05-26 00:00:00,  502.329600,   16.800073,    0.755676
2018-05-27 00:00:00,  499.832640,   16.761222,    0.748874
2018-05-28 00:00:00,  497.335680,   16.710032,    0.750202
2018-05-29 00:00:00,  494.838720,   16.712488,    0.754323
2018-05-30 00:00:00,  492.341760,   16.844520,    0.753632
2018-05-31 00:00:00,  489.844800,   17.003775,    0.753813
2018-06-01 00:00:00,  488.082240,   17.010916,    0.747371
2018-06-02 00:00:00,  486.319680,   16.884949,    0.747291
2018-06-03 00:00:00,  483.822720,   16.852078,    0.749877
2018-06-04 00:00:00,  481.325760,   16.321919,    0.751585
2018-06-05 00:00:00,  478.828800,   16.244950,    0.766185
2018-06-06 00:00:00,  476.478720,   16.131011,    0.766636
2018-06-07 00:00:00,  473.981760,   15.960274,    0.766679
2018-06-08 00:00:00,  471.484800,   15.734828,    0.766854
2018-06-09 00:00:00,  469.134720,   15.558538,    0.767177
2018-06-10 00:00:00,  466.784640,   15.278837,    0.767636
2018-06-11 00:00:00,  464.434560,   14.967260,    0.764972
2018-06-12 00:00:00,  462.084480,   14.784586,    0.762274
2018-06-13 00:00:00,  459.734400,   14.368891,    0.762895
2018-06-14 00:00:00,  457.384320,   14.072263,    0.761589
2018-06-15 00:00:00,  455.034240,   14.139068,    0.759906
2018-06-16 00:00:00,  452.684160,   14.248473,    0.760074
2018-06-17 00:00:00,  450.334080,   14.226068,    0.760252
2018-06-18 00:00:00,  448.130880,   14.242234,    0.759064
2018-06-19 00:00:00,  445.927680,   14.356629,    0.759295
2018-06-20 00:00:00,  443.577600,   14.541326,    0.759236
2018-06-21 00:00:00,  441.374400,   14.618560,    0.758743
2018-06-22 00:00:00,  439.318080,   14.727361,    0.758123
2018-06-23 00:00:00,  437.114880,   15.063753,    0.758198
2018-06-24 00:00:00,  434.911680,   15.289256,    0.743929
2018-06-25 00:00:00,  432.855360,   15.434487,    0.748090
2018-06-26 00:00:00,  430.799040,   15.343800,    0.747539
2018-06-27 00:00:00,  428.742720,   15.213987,    0.748603
2018-06-28 00:00:00,  426.686400,   14.976245,    0.733921
2018-06-29 00:00:00,  424.630080,   14.961377,    0.722875
2018-06-30 00:00:00,  422.573760,   14.622412,    0.722471
2018-07-01 00:00:00,  420.223680,   14.443685,    0.722147
2018-07-02 00:00:00,  417.873600,   14.123496,    0.721214
2018-07-03 00:00:00,  415.964160,   13.937221,    0.719775
2018-07-04 00:00:00,  414.201600,   13.875584,    0.713264
2018-07-05 00:00:00,  412.292160,   13.788991,    0.707123
2018-07-06 00:00:00,  410.382720,   13.744013,    0.707318
2018-07-07 00:00:00,  408.620160,   13.636449,    0.707705
2018-07-08 00:00:00,  406.857600,   13.468764,    0.707884
2018-07-09 00:00:00,  405.241920,   13.396189,    0.708110
2018-07-10 00:00:00,  403.626240,   13.134689,    0.708096
2018-07-11 00:00:00,  401.863680,   12.907120,    0.704754
2018-07-12 00:00:00,  400.248000,   13.523253,    0.705072
2018-07-13 00:00:00,  398.779200,   13.276238,    0.705132
2018-07-14 00:00:00,  397.163520,   14.066090,    0.705419
2018-07-15 00:00:00,  395.547840,   13.710392,    0.700401
2018-07-16 00:00:00,  394.079040,   13.699471,    0.700029
2018-07-17 00:00:00,  392.757120,   13.625159,    0.699704
2018-07-18 00:00:00,  391.435200,   13.401155,    0.700423
2018-07-19 00:00:00,  389.966400,   14.217731,    0.700348
2018-07-20 00:00:00,  388.644480,   13.781849,    0.683939
2018-07-21 00:00:00,  387.322560,   13.717555,    0.685193
2018-07-22 00:00:00,  386.000640,   13.703491,    0.677372
2018-07-23 00:00:00,  384.825600,   13.672635,    0.678063
2018-07-24 00:00:00,  383.650560,   14.051813,    0.678076
2018-07-25 00:00:00,  382.475520,   13.739046,    0.678686
2018-07-26 00:00:00,  381.447360,   13.877177,    0.679244
2018-07-27 00:00:00,  380.419200,   14.278076,    0.672111
2018-07-28 00:00:00,  379.391040,   14.711493,    0.666788
2018-07-29 00:00:00,  378.362880,   14.589411,    0.667974
2018-07-30 00:00:00,  377.334720,   14.814287,    0.665157
2018-07-31 00:00:00,  376.453440,   14.965103,    0.662874
2018-08-01 00:00:00,  375.865920,   15.231653,    0.660256
2018-08-02 00:00:00,  375.278400,   15.130958,    0.658053
2018-08-03 00:00:00,  374.397120,   14.807410,    0.658603
2018-08-04 00:00:00,  373.662720,   14.744542,    0.658925
2018-08-05 00:00:00,  372.928320,   14.863381,    0.659786
2018-08-06 00:00:00,  372.193920,   14.721370,    0.660677
2018-08-07 00:00:00,  371.606400,   14.739354,    0.659083
2018-08-08 00:00:00,  371.018880,   14.805395,    0.659829
2018-08-09 00:00:00,  370.431360,   14.724416,    0.659990
2018-08-10 00:00:00,  369.990720,   14.756846,    0.660320
2018-08-11 00:00:00,  369.550080,   14.797018,    0.660580
2018-08-12 00:00:00,  369.109440,   14.806299,    0.660838
2018-08-13 00:00:00,  368.815680,   16.170977,    0.633835
2018-08-14 00:00:00,  368.375040,   15.529055,    0.642497
2018-08-15 00:00:00,  368.081280,   14.988737,    0.642383
2018-08-16 00:00:00,  367.934400,   14.629560,    0.642644
2018-08-17 00:00:00,  367.640640,   14.949486,    0.643294
2018-08-18 00:00:00,  367.493760,   14.887078,    0.643364
2018-08-19 00:00:00,  367.346880,   14.937665,    0.643715
2018-08-20 00:00:00,  367.200000,   16.182301,    0.644096
2018-08-21 00:00:00,  367.200000,   17.204620,    0.632102
2018-08-22 00:00:00,  367.200000,   17.386148,    0.630820
2018-08-23 00:00:00,  367.200000,   16.920948,    0.630334
2018-08-24 00:00:00,  367.346880,   16.496046,    0.630860
2018-08-25 00:00:00,  367.493760,   16.170608,    0.631125
2018-08-26 00:00:00,  367.640640,   16.418324,    0.631574
2018-08-27 00:00:00,  367.934400,   16.688279,    0.631995
2018-08-28 00:00:00,  368.228160,   16.997438,    0.631967
2018-08-29 00:00:00,  368.521920,   17.127662,    0.632983
2018-08-30 00:00:00,  368.815680,   17.532758,    0.632974
2018-08-31 00:00:00,  369.256320,   17.940826,    0.633078
2018-09-01 00:00:00,  369.550080,   19.151012,    0.631981
2018-09-02 00:00:00,  369.843840,   17.694821,    0.630926
2018-09-03 00:00:00,  370.431360,   17.005654,    0.631577
2018-09-04 00:00:00,  371.018880,   16.991617,    0.631852
2018-09-05 00:00:00,  371.606400,   16.765921,    0.632964
2018-09-06 00:00:00,  372.193920,   16.705531,    0.633511
2018-09-07 00:00:00,  372.781440,   16.587124,    0.634285
2018-09-08 00:00:00,  373.515840,   16.520266,    0.635279
2018-09-09 00:00:00,  374.250240,   16.464567,    0.635739
2018-09-10 00:00:00,  374.984640,   16.957545,    0.636423
2018-09-11 00:00:00,  375.865920,   17.244582,    0.637032
2018-09-12 00:00:00,  376.747200,   18.638098,    0.638394
2018-09-13 00:00:00,  377.628480,   18.527112,    0.638449
2018-09-14 00:00:00,  378.656640,   18.976189,    0.639049
2018-09-15 00:00:00,  379.684800,   19.208372,    0.638876
2018-09-16 00:00:00,  380.712960,   19.898010,    0.641290
2018-09-17 00:00:00,  381.741120,   19.319660,    0.636856
2018-09-18 00:00:00,  382.769280,   17.813524,    0.623041
2018-09-19 00:00:00,  383.944320,   17.568274,    0.625070
2018-09-20 00:00:00,  385.119360,   18.173579,    0.625802
2018-09-21 00:00:00,  386.441280,   17.219182,    0.620060
2018-09-22 00:00:00,  387.763200,   16.871879,    0.620832
2018-09-23 00:00:00,  389.085120,   17.189919,    0.621602
2018-09-24 00:00:00,  390.407040,   17.346955,    0.622121
2018-09-25 00:00:00,  391.728960,   17.672881,    0.622072
2018-09-26 00:00:00,  393.197760,   17.757805,    0.623465
2018-09-27 00:00:00,  394.666560,   16.628848,    0.615912
2018-09-28 00:00:00,  396.135360,   16.716379,    0.616072
2018-09-29 00:00:00,  397.604160,   18.199650,    0.617302
2018-09-30 00:00:00,  399.219840,   17.843226,    0.618100
2018-10-01 00:00:00,  401.129280,   17.833978,    0.618220
2018-10-02 00:00:00,  403.038720,   19.190355,    0.609927
2018-10-03 00:00:00,  404.801280,   19.239071,    0.612384
2018-10-04 00:00:00,  406.563840,   19.569920,    0.612679
2018-10-05 00:00:00,  408.326400,   19.790582,    0.613366
2018-10-06 00:00:00,  410.088960,   20.182100,    0.613941
2018-10-07 00:00:00,  411.851520,   20.694809,    0.614011
2018-10-08 00:00:00,  413.614080,   21.149746,    0.614131
2018-10-09 00:00:00,  415.523520,   21.990277,    0.617592
2018-10-10 00:00:00,  417.432960,   21.349561,    0.617963
2018-10-11 00:00:00,  419.342400,   23.255038,    0.620143
2018-10-12 00:00:00,  421.251840,   23.120839,    0.621372
2018-10-13 00:00:00,  423.161280,   21.816582,    0.622852
2018-10-14 00:00:00,  425.217600,   21.671910,    0.623633
2018-10-15 00:00:00,  427.273920,   22.557814,    0.624762
2018-10-16 00:00:00,  429.330240,   22.170163,    0.625387
2018-10-17 00:00:00,  431.386560,   22.822756,    0.627548
2018-10-18 00:00:00,  433.442880,   21.781540,    0.618958
2018-10-19 00:00:00,  435.499200,   21.519640,    0.620602
2018-10-20 00:00:00,  437.702400,   21.596154,    0.621890
2018-10-21 00:00:00,  439.905600,   21.675908,    0.622137
2018-10-22 00:00:00,  442.108800,   22.028087,    0.623717
2018-10-23 00:00:00,  444.312000,   22.024922,    0.624541
2018-10-24 00:00:00,  446.515200,   21.480613,    0.625121
2018-10-25 00:00:00,  448.865280,   21.119397,    0.618862
2018-10-26 00:00:00,  451.068480,   21.375012,    0.619093
2018-10-27 00:00:00,  453.271680,   22.487030,    0.620303
2018-10-28 00:00:00,  455.621760,   22.361461,    0.621471
2018-10-29 00:00:00,  457.971840,   21.969877,    0.622202
2018-10-30 00:00:00,  460.321920,   22.555320,    0.623593
2018-10-31 00:00:00,  462.672000,   22.386626,    0.624997
2018-11-01 00:00:00,  464.434560,   24.044341,    0.628035
2018-11-02 00:00:00,  466.197120,   23.812151,    0.628535
2018-11-03 00:00:00,  468.547200,   24.204318,    0.628122
2018-11-04 00:00:00,  470.897280,   24.730479,    0.627923
2018-11-05 00:00:00,  473.247360,   22.939498,    0.617930
2018-11-06 00:00:00,  475.744320,   23.360115,    0.607395
2018-11-07 00:00:00,  478.241280,   22.256716,    0.611953
2018-11-08 00:00:00,  480.591360,   20.870375,    0.609887
2018-11-09 00:00:00,  483.088320,   21.229277,    0.611686
2018-11-10 00:00:00,  485.585280,   22.174308,    0.612855
2018-11-11 00:00:00,  488.082240,   22.956945,    0.615072
2018-11-12 00:00:00,  490.579200,   22.969773,    0.615339
2018-11-13 00:00:00,  493.076160,   23.309140,    0.616968
2018-11-14 00:00:00,  495.573120,   23.871861,    0.619755
2018-11-15 00:00:00,  498.070080,   23.586042,    0.620997
2018-11-16 00:00:00,  500.567040,   23.425404,    0.620851
2018-11-17 00:00:00,  503.064000,   23.552747,    0.621536
2018-11-18 00:00:00,  505.560960,   23.557443,    0.623311
2018-11-19 00:00:00,  508.057920,   23.319533,    0.624802
2018-11-20 00:00:00,  510.701760,   23.522657,    0.626969
2018-11-21 00:00:00,  513.198720,   23.916375,    0.628412
2018-11-22 00:00:00,  515.695680,   24.690775,    0.630010
2018-11-23 00:00:00,  518.192640,   24.593490,    0.630963
2018-11-24 00:00:00,  520.689600,   24.862194,    0.633467
2018-11-25 00:00:00,  523.333440,   25.490671,    0.636267
2018-11-26 00:00:00,  525.830400,   23.843705,    0.637865
2018-11-27 00:00:00,  528.327360,   23.013587,    0.638942
2018-11-28 00:00:00,  530.824320,   22.909668,    0.639917
2018-11-29 00:00:00,  533.321280,   22.730114,    0.641677
2018-11-30 00:00:00,  535.818240,   23.106592,    0.643717
2018-12-01 00:00:00,  538.902720,   22.510498,    0.643675
2018-12-02 00:00:00,  541.987200,   23.507491,    0.646219
2018-12-03 00:00:00,  544.337280,   24.670547,    0.649952
2018-12-04 00:00:00,  546.834240,   24.665638,    0.650780
2018-12-05 00:00:00,  549.331200,   26.422746,    0.653368
2018-12-06 00:00:00,  551.681280,   24.824999,    0.632568
2018-12-07 00:00:00,  554.178240,   24.913097,    0.632135
2018-12-08 00:00:00,  556.675200,   24.329468,    0.633511
2018-12-09 00:00:00,  559.025280,   24.935227,    0.635422
2018-12-10 00:00:00,  561.375360,   25.013311,    0.635706
2018-12-11 00:00:00,  563.725440,   26.445106,    0.639160
2018-12-12 00:00:00,  566.075520,   23.557952,    0.591352
2018-12-13 00:00:00,  568.425600,   22.492645,    0.596530
2018-12-14 00:00:00,  570.775680,   22.795552,    0.596919
2018-12-15 00:00:00,  573.125760,   23.468050,    0.599280
2018-12-16 00:00:00,  575.475840,   24.446774,    0.600275
2018-12-17 00:00:00,  577.825920,   24.672374,    0.600408
2018-12-18 00:00:00,  580.029120,   25.872460,    0.603770
2018-12-19 00:00:00,  582.232320,   25.877727,    0.605907
2018-12-20 00:00:00,  584.582400,   25.696483,    0.606130
2018-12-21 00:00:00,  586.785600,   26.570275,    0.609957
2018-12-22 00:00:00,  588.988800,   26.455859,    0.611979
2018-12-23 00:00:00,  591.192000,   26.146730,    0.613778
2018-12-24 00:00:00,  593.248320,   26.310166,    0.615947
2018-12-25 00:00:00,  595.304640,   26.179595,    0.618346
2018-12-26 00:00:00,  597.360960,   26.450510,    0.619997
2018-12-27 00:00:00,  599.417280,   26.438454,    0.621929
2018-12-28 00:00:00,  601.473600,   26.226217,    0.622429
2018-12-29 00:00:00,  603.529920,   26.768280,    0.624548
2018-12-30 00:00:00,  605.586240,   28.130634,    0.628634
2018-12-31 00:00:00,  607.495680,   27.702069,    0.631449
2019-01-01 00:00:00,  608.817600,   27.174267,    0.632595
2019-01-02 00:00:00,  610.286400,   27.008978,    0.635123
2019-01-03 00:00:00,  612.195840,   26.410501,    0.637163
2019-01-04 00:00:00,  613.958400,   25.939567,    0.636886
2019-01-05 00:00:00,  615.867840,   27.214538,    0.640403
2019-01-06 00:00:00,  617.777280,   26.156783,    0.641941
2019-01-07 00:00:00,  619.539840,   25.349981,    0.643730
2019-01-08 00:00:00,  621.302400,   25.220017,    0.645421
2019-01-09 00:00:00,  622.918080,   25.167207,    0.645940
2019-01-10 00:00:00,  624.533760,   25.730177,    0.647473
2019-01-11 00:00:00,  626.296320,   25.815697,    0.648231
2019-01-12 00:00:00,  627.912000,   27.021653,    0.651322
2019-01-13 00:00:00,  629.380800,   26.987557,    0.652108
2019-01-14 00:00:00,  630.849600,   28.050643,    0.654052
2019-01-15 00:00:00,  632.465280,   29.224555,    0.656820
2019-01-16 00:00:00,  634.080960,   27.343584,    0.659116
2019-01-17 00:00:00,  635.402880,   26.912517,    0.661165
2019-01-18 00:00:00,  636.724800,   27.297332,    0.662872
2019-01-19 00:00:00,  638.193600,   28.576832,    0.664568
2019-01-20 00:00:00,  639.515520,   29.014236,    0.663049
2019-01-21 00:00:00,  640.837440,   29.344259,    0.664695
2019-01-22 00:00:00,  642.159360,   29.567451,    0.669374
2019-01-23 00:00:00,  643.334400,   28.835382,    0.671254
2019-01-24 00:00:00,  644.509440,   29.478881,    0.671794
2019-01-25 00:00:00,  645.684480,   29.036093,    0.672668
2019-01-26 00:00:00,  646.712640,   29.362553,    0.670172
2019-01-27 00:00:00,  647.740800,   30.196154,    0.672783
2019-01-28 00:00:00,  648.768960,   31.034754,    0.676925
2019-01-29 00:00:00,  649.797120,   28.427610,    0.679092
2019-01-30 00:00:00,  650.825280,   27.299450,    0.680759
2019-01-31 00:00:00,  651.706560,   26.834081,    0.679700
2019-02-01 00:00:00,  652.294080,   27.093076,    0.682485
2019-02-02 00:00:00,  652.881600,   27.112056,    0.677505
2019-02-03 00:00:00,  653.762880,   26.306831,    0.680417
2019-02-04 00:00:00,  654.497280,   25.295361,    0.682256
2019-02-05 00:00:00,  655.084800,   25.149867,    0.682472
2019-02-06 00:00:00,  655.819200,   25.351576,    0.684418
2019-02-07 00:00:00,  656.553600,   25.617104,    0.686322
2019-02-08 00:00:00,  657.141120,   25.550707,    0.687042
2019-02-09 00:00:00,  657.728640,   25.306248,    0.689143
2019-02-10 00:00:00,  658.169280,   28.017133,    0.692912
2019-02-11 00:00:00,  658.609920,   27.907435,    0.695175
2019-02-12 00:00:00,  659.050560,   27.198956,    0.697510
2019-02-13 00:00:00,  659.344320,   27.123324,    0.696708
2019-02-14 00:00:00,  659.784960,   27.574392,    0.698555
2019-02-15 00:00:00,  660.078720,   27.239897,    0.699930
2019-02-16 00:00:00,  660.225600,   27.042637,    0.700562
2019-02-17 00:00:00,  660.519360,   27.068496,    0.702351
2019-02-18 00:00:00,  660.666240,   26.971787,    0.703769
2019-02-19 00:00:00,  660.813120,   27.158897,    0.705128
2019-02-20 00:00:00,  660.960000,   26.973065,    0.706149
2019-02-21 00:00:00,  660.960000,   27.370100,    0.705491
2019-02-22 00:00:00,  660.960000,   28.429342,    0.707291
2019-02-23 00:00:00,  660.960000,   27.849472,    0.709849
2019-02-24 00:00:00,  660.813120,   26.933036,    0.710483
2019-02-25 00:00:00,  660.666240,   26.287432,    0.711088
2019-02-26 00:00:00,  660.519360,   25.549489,    0.712111
2019-02-27 00:00:00,  660.225600,   25.476537,    0.712332
2019-02-28 00:00:00,  659.931840,   25.170415,    0.713704
2019-03-01 00:00:00,  659.197440,   24.935411,    0.715069
2019-03-02 00:00:00,  658.316160,   24.308952,    0.713034
2019-03-03 00:00:00,  657.728640,   24.354372,    0.715137
2019-03-04 00:00:00,  657.141120,   24.418270,    0.716234
2019-03-05 00:00:00,  656.553600,   24.472074,    0.716178
2019-03-06 00:00:00,  655.966080,   25.600172,    0.717590
2019-03-07 00:00:00,  655.378560,   25.839509,    0.719716
2019-03-08 00:00:00,  654.644160,   25.765842,    0.721756
2019-03-09 00:00:00,  653.909760,   25.373072,    0.721325
2019-03-10 00:00:00,  653.175360,   26.077037,    0.722980
2019-03-11 00:00:00,  652.294080,   26.224602,    0.723243
2019-03-12 00:00:00,  651.412800,   27.105122,    0.725697
2019-03-13 00:00:00,  650.531520,   27.209954,    0.727277
2019-03-14 00:00:00,  649.503360,   26.076213,    0.728636
2019-03-15 00:00:00,  648.475200,   25.185879,    0.728832
2019-03-16 00:00:00,  647.447040,   24.591791,    0.730363
2019-03-17 00:00:00,  646.418880,   24.281314,    0.730535
2019-03-18 00:00:00,  645.390720,   24.047391,    0.730367
2019-03-19 00:00:00,  644.215680,   24.645230,    0.732449
2019-03-20 00:00:00,  643.040640,   24.286958,    0.734178
2019-03-21 00:00:00,  641.718720,   23.849327,    0.734234
2019-03-22 00:00:00,  640.396800,   23.689079,    0.735714
2019-03-23 00:00:00,  639.221760,   23.346357,    0.735223
2019-03-24 00:00:00,  637.899840,   23.285901,    0.736085
2019-03-25 00:00:00,  636.431040,   23.596625,    0.736631
2019-03-26 00:00:00,  634.962240,   23.283971,    0.736966
2019-03-27 00:00:00,  633.493440,   23.613308,    0.738081
2019-03-28 00:00:00,  632.024640,   23.701303,    0.738827
2019-03-29 00:00:00,  630.555840,   23.749101,    0.739646
2019-03-30 00:00:00,  629.087040,   23.863134,    0.740803
2019-03-31 00:00:00,  627.471360,   22.805679,    0.740287
2019-04-01 00:00:00,  626.296320,   22.694076,    0.740821
2019-04-02 00:00:00,  625.121280,   22.377653,    0.741283
2019-04-03 00:00:00,  623.358720,   22.035927,    0.739727
2019-04-04 00:00:00,  621.596160,   22.314520,    0.740316
2019-04-05 00:00:00,  619.833600,   22.256740,    0.740647
2019-04-06 00:00:00,  618.071040,   21.568815,    0.741111
2019-04-07 00:00:00,  616.308480,   21.029198,    0.740670
2019-04-08 00:00:00,  614.545920,   21.589984,    0.741435
2019-04-09 00:00:00,  612.783360,   22.059020,    0.741948
2019-04-10 00:00:00,  610.873920,   22.120680,    0.742110
2019-04-11 00:00:00,  608.964480,   22.554554,    0.742623
2019-04-12 00:00:00,  607.055040,   22.913203,    0.743998
2019-04-13 00:00:00,  604.998720,   22.886825,    0.745245
2019-04-14 00:00:00,  602.942400,   22.742968,    0.746183
2019-04-15 00:00:00,  600.886080,   22.774693,    0.746576
2019-04-16 00:00:00,  598.829760,   22.822818,    0.746489
2019-04-17 00:00:00,  596.773440,   23.319319,    0.747936
2019-04-18 00:00:00,  594.717120,   22.672949,    0.748618
2019-04-19 00:00:00,  592.660800,   21.810754,    0.747867
2019-04-20 00:00:00,  590.457600,   21.538431,    0.747799
2019-04-21 00:00:00,  588.254400,   21.155141,    0.747796
2019-04-22 00:00:00,  586.198080,   20.971784,    0.747607
2019-04-23 00:00:00,  583.994880,   20.913698,    0.746081
2019-04-24 00:00:00,  581.644800,   20.759411,    0.746164
2019-04-25 00:00:00,  579.441600,   20.096429,    0.745695
2019-04-26 00:00:00,  577.238400,   19.622380,    0.745955
2019-04-27 00:00:00,  574.888320,   19.824956,    0.745423
2019-04-28 00:00:00,  572.538240,   19.775201,    0.746978
2019-04-29 00:00:00,  570.188160,   19.103440,    0.746353
2019-04-30 00:00:00,  567.838080,   19.407107,    0.741843
2019-05-01 00:00:00,  565.047360,   19.567191,    0.742949
2019-05-02 00:00:00,  562.109760,   19.262382,    0.744392
2019-05-03 00:00:00,  559.612800,   19.296166,    0.745265
2019-05-04 00:00:00,  557.262720,   19.535437,    0.745412
2019-05-05 00:00:00,  554.912640,   19.349695,    0.714953
2019-05-06 00:00:00,  552.415680,   19.499267,    0.718685
2019-05-07 00:00:00,  549.918720,   19.057761,    0.718093
2019-05-08 00:00:00,  547.568640,   18.392099,    0.717466
2019-05-09 00:00:00,  545.071680,   17.963649,    0.720558
2019-05-10 00:00:00,  542.574720,   18.167557,    0.719877
2019-05-11 00:00:00,  540.077760,   18.409970,    0.708936
2019-05-12 00:00:00,  537.580800,   18.301914,    0.712029
2019-05-13 00:00:00,  535.083840,   18.497774,    0.716267
2019-05-14 00:00:00,  532.586880,   18.114060,    0.716240
2019-05-15 00:00:00,  530.089920,   18.553132,    0.716442
2019-05-16 00:00:00,  527.592960,   18.559892,    0.717081
2019-05-17 00:00:00,  525.096000,   18.456578,    0.716935
2019-05-18 00:00:00,  522.599040,   18.196086,    0.717239
2019-05-19 00:00:00,  520.102080,   18.315311,    0.717483
2019-05-20 00:00:00,  517.458240,   18.312621,    0.717509
2019-05-21 00:00:00,  514.961280,   18.268901,    0.718282
2019-05-22 00:00:00,  512.464320,   18.254131,    0.718871
2019-05-23 00:00:00,  509.967360,   17.841737,    0.719540
2019-05-24 00:00:00,  507.470400,   17.685722,    0.720898
2019-05-25 00:00:00,  504.826560,   17.545831,    0.723643
2019-05-26 00:00:00,  502.329600,   17.094326,    0.725203
2019-05-27 00:00:00,  499.832640,   16.801506,    0.727242
2019-05-28 00:00:00,  497.335680,   16.935661,    0.731251
2019-05-29 00:00:00,  494.838720,   16.944725,    0.731494
2019-05-30 00:00:00,  492.341760,   16.777803,    0.732771
2019-05-31 00:00:00,  489.844800,   16.678811,    0.734927
2019-06-01 00:00:00,  488.082240,   16.450981,    0.750010
2019-06-02 00:00:00,  486.319680,   16.714193,    0.750591
2019-06-03 00:00:00,  483.822720,   16.743955,    0.750422
2019-06-04 00:00:00,  481.325760,   16.259678,    0.751063
2019-06-05 00:00:00,  478.828800,   16.180604,    0.751628
2019-06-06 00:00:00,  476.478720,   16.042621,    0.752193
2019-06-07 00:00:00,  473.981760,   15.624741,    0.750843
2019-06-08 00:00:00,  471.484800,   15.571009,    0.731825
2019-06-09 00:00:00,  469.134720,   15.717104,    0.728165
2019-06-10 00:00:00,  466.784640,   15.966680,    0.728412
2019-06-11 00:00:00,  464.434560,   15.825314,    0.726735
2019-06-12 00:00:00,  462.084480,   15.535343,    0.725969
2019-06-13 00:00:00,  459.734400,   15.334098,    0.722023
2019-06-14 00:00:00,  457.384320,   14.998362,    0.721071
2019-06-15 00:00:00,  455.034240,   14.756186,    0.717331
2019-06-16 00:00:00,  452.684160,   14.813884,    0.717488
2019-06-17 00:00:00,  450.334080,   14.898430,    0.717590
2019-06-18 00:00:00,  448.130880,   15.220978,    0.717813
2019-06-19 00:00:00,  445.927680,   15.416557,    0.718091
2019-06-20 00:00:00,  443.577600,   15.760762,    0.715050
2019-06-21 00:00:00,  441.374400,   14.927762,    0.714449
2019-06-22 00:00:00,  439.318080,   14.943942,    0.714803
2019-06-23 00:00:00,  437.114880,   14.878315,    0.715013
2019-06-24 00:00:00,  434.911680,   14.576313,    0.705510
2019-06-25 00:00:00,  432.855360,   14.575147,    0.696422
2019-06-26 00:00:00,  430.799040,   14.128347,    0.696122
2019-06-27 00:00:00,  428.742720,   13.929467,    0.692744
2019-06-28 00:00:00,  426.686400,   14.001729,    0.691639
2019-06-29 00:00:00,  424.630080,   14.001108,    0.691277
2019-06-30 00:00:00,  422.573760,   14.019101,    0.691500
2019-07-01 00:00:00,  420.223680,   14.447412,    0.691840
2019-07-02 00:00:00,  417.873600,   14.161339,    0.691977
2019-07-03 00:00:00,  415.964160,   14.063820,    0.692051
2019-07-04 00:00:00,  414.201600,   14.092387,    0.692318
2019-07-05 00:00:00,  412.292160,   13.972258,    0.692640
2019-07-06 00:00:00,  410.382720,   13.774206,    0.680056
2019-07-07 00:00:00,  408.620160,   13.925391,    0.666682
2019-07-08 00:00:00,  406.857600,   13.918996,    0.666895
2019-07-09 00:00:00,  405.241920,   13.875181,    0.667471
2019-07-10 00:00:00,  403.626240,   13.708074,    0.667612
2019-07-11 00:00:00,  401.863680,   13.457281,    0.659510
2019-07-12 00:00:00,  400.248000,   13.279761,    0.659752
2019-07-13 00:00:00,  398.779200,   13.134282,    0.659873
2019-07-14 00:00:00,  397.163520,   13.145569,    0.660113
2019-07-15 00:00:00,  395.547840,   13.527774,    0.660326
2019-07-16 00:00:00,  394.079040,   13.424028,    0.660477
2019-07-17 00:00:00,  392.757120,   13.297171,    0.657219
2019-07-18 00:00:00,  391.435200,   13.325821,    0.657336
2019-07-19 00:00:00,  389.966400,   13.453639,    0.657932
2019-07-20 00:00:00,  388.644480,   13.189046,    0.657952
2019-07-21 00:00:00,  387.322560,   13.196880,    0.652182
2019-07-22 00:00:00,  386.000640,   13.144400,    0.644606
2019-07-23 00:00:00,  384.825600,   14.034824,    0.644980
2019-07-24 00:00:00,  383.650560,   13.471314,    0.651585
2019-07-25 00:00:00,  382.475520,   13.352219,    0.651800
2019-07-26 00:00:00,  381.447360,   13.207417,    0.652079
2019-07-27 00:00:00,  380.419200,   13.218848,    0.652207
2019-07-28 00:00:00,  379.391040,   13.318133,    0.652473
2019-07-29 00:00:00,  378.362880,   13.286279,    0.652711
2019-07-30 00:00:00,  377.334720,   13.479141,    0.653093
2019-07-31 00:00:00,  376.453440,   13.417402,    0.653375
2019-08-01 00:00:00,  375.865920,   13.597838,    0.649172
2019-08-02 00:00:00,  375.278400,   13.771252,    0.646770
2019-08-03 00:00:00,  374.397120,   13.748905,    0.645723
2019-08-04 00:00:00,  373.662720,   13.954495,    0.644890
2019-08-05 00:00:00,  372.928320,   14.006666,    0.642018
2019-08-06 00:00:00,  372.193920,   14.677219,    0.642291
2019-08-07 00:00:00,  371.606400,   14.820816,    0.640483
2019-08-08 00:00:00,  371.018880,   14.704704,    0.636540
2019-08-09 00:00:00,  370.431360,   14.517425,    0.637052
2019-08-10 00:00:00,  369.990720,   14.547886,    0.637141
2019-08-11 00:00:00,  369.550080,   14.547980,    0.637519
2019-08-12 00:00:00,  369.109440,   14.804301,    0.637567
2019-08-13 00:00:00,  368.815680,   15.259613,    0.617792
2019-08-14 00:00:00,  368.375040,   14.775490,    0.620556
2019-08-15 00:00:00,  368.081280,   14.818611,    0.621628
2019-08-16 00:00:00,  367.934400,   14.855359,    0.620200
2019-08-17 00:00:00,  367.640640,   15.045241,    0.620248
2019-08-18 00:00:00,  367.493760,   15.173996,    0.620351
2019-08-19 00:00:00,  367.346880,   15.025529,    0.621168
2019-08-20 00:00:00,  367.200000,   15.218668,    0.621217
2019-08-21 00:00:00,  367.200000,   15.441177,    0.621261
2019-08-22 00:00:00,  367.200000,   16.505021,    0.618935
2019-08-23 00:00:00,  367.200000,   15.595468,    0.619662
2019-08-24 00:00:00,  367.346880,   15.742317,    0.618835
2019-08-25 00:00:00,  367.493760,   15.405089,    0.619768
2019-08-26 00:00:00,  367.640640,   15.394114,    0.620118
2019-08-27 00:00:00,  367.934400,   16.462770,    0.620715
2019-08-28 00:00:00,  368.228160,   16.423624,    0.620762
2019-08-29 00:00:00,  368.521920,   16.737870,    0.621351
2019-08-30 00:00:00,  368.815680,   16.723442,    0.621428
2019-08-31 00:00:00,  369.256320,   16.967622,    0.621842
2019-09-01 00:00:00,  369.550080,   17.107469,    0.618726
2019-09-02 00:00:00,  369.843840,   17.451172,    0.619824
2019-09-03 00:00:00,  370.431360,   17.654856,    0.620323
2019-09-04 00:00:00,  371.018880,   16.624237,    0.615156
2019-09-05 00:00:00,  371.606400,   15.347941,    0.612511
2019-09-06 00:00:00,  372.193920,   14.921430,    0.613952
2019-09-07 00:00:00,  372.781440,   15.085932,    0.615039
2019-09-08 00:00:00,  373.515840,   15.703296,    0.615819
2019-09-09 00:00:00,  374.250240,   16.188684,    0.616202
2019-09-10 00:00:00,  374.984640,   16.138813,    0.616649
2019-09-11 00:00:00,  375.865920,   16.438599,    0.616648
2019-09-12 00:00:00,  376.747200,   16.770801,    0.616658
2019-09-13 00:00:00,  377.628480,   18.094708,    0.618663
2019-09-14 00:00:00,  378.656640,   17.879503,    0.618999
2019-09-15 00:00:00,  379.684800,   18.492178,    0.619751
2019-09-16 00:00:00,  380.712960,   18.793665,    0.620650
2019-09-17 00:00:00,  381.741120,   18.576333,    0.620868
2019-09-18 00:00:00,  382.769280,   19.728753,    0.621846
2019-09-19 00:00:00,  383.944320,   19.312985,    0.608110
2019-09-20 00:00:00,  385.119360,   20.105571,    0.609320
2019-09-21 00:00:00,  386.441280,   19.605504,    0.610850
2019-09-22 00:00:00,  387.763200,   17.668914,    0.610654
2019-09-23 00:00:00,  389.085120,   16.810037,    0.610654
2019-09-24 00:00:00,  390.407040,   16.998260,    0.611337
2019-09-25 00:00:00,  391.728960,   17.293507,    0.611986
2019-09-26 00:00:00,  393.197760,   17.140743,    0.606536
2019-09-27 00:00:00,  394.666560,   16.390297,    0.605529
2019-09-28 00:00:00,  396.135360,   15.682162,    0.603923
2019-09-29 00:00:00,  397.604160,   15.942024,    0.604038
2019-09-30 00:00:00,  399.219840,   16.687195,    0.604642
2019-10-01 00:00:00,  401.129280,   17.536671,    0.605434
2019-10-02 00:00:00,  403.038720,   18.056374,    0.605980
2019-10-03 00:00:00,  404.801280,   19.779932,    0.607912
2019-10-04 00:00:00,  406.563840,   19.265379,    0.608451
2019-10-05 00:00:00,  408.326400,   20.042285,    0.609665
2019-10-06 00:00:00,  410.088960,   20.078141,    0.610870
2019-10-07 00:00:00,  411.851520,   20.481678,    0.612010
2019-10-08 00:00:00,  413.614080,   20.614891,    0.613043
2019-10-09 00:00:00,  415.523520,   20.921219,    0.614299
2019-10-10 00:00:00,  417.432960,   20.772611,    0.614321
2019-10-11 00:00:00,  419.342400,   20.947867,    0.616019
2019-10-12 00:00:00,  421.251840,   20.970345,    0.618627
2019-10-13 00:00:00,  423.161280,   21.396311,    0.619203
2019-10-14 00:00:00,  425.217600,   20.519850,    0.618496
2019-10-15 00:00:00,  427.273920,   19.873993,    0.619380
2019-10-16 00:00:00,  429.330240,   20.039512,    0.620067
2019-10-17 00:00:00,  431.386560,   20.198869,    0.620484
2019-10-18 00:00:00,  433.442880,   21.278010,    0.621635
2019-10-19 00:00:00,  435.499200,   21.634570,    0.621730
2019-10-20 00:00:00,  437.702400,   22.407506,    0.623699
2019-10-21 00:00:00,  439.905600,   22.979510,    0.625001
2019-10-22 00:00:00,  442.108800,   23.123601,    0.625276
2019-10-23 00:00:00,  444.312000,   22.361136,    0.625990
2019-10-24 00:00:00,  446.515200,   21.807947,    0.627206
2019-10-25 00:00:00,  448.865280,   21.951712,    0.628698
2019-10-26 00:00:00,  451.068480,   21.989729,    0.630062
2019-10-27 00:00:00,  453.271680,   22.157878,    0.631384
2019-10-28 00:00:00,  455.621760,   22.938190,    0.632905
2019-10-29 00:00:00,  457.971840,   23.774251,    0.634238
2019-10-30 00:00:00,  460.321920,   23.568274,    0.635358
2019-10-31 00:00:00,  462.672000,   22.495213,    0.636660
2019-11-01 00:00:00,  464.434560,   21.530765,    0.637428
2019-11-02 00:00:00,  466.197120,   21.213093,    0.637738
2019-11-03 00:00:00,  468.547200,   22.087949,    0.638843
2019-11-04 00:00:00,  470.897280,   21.585999,    0.639882
2019-11-05 00:00:00,  473.247360,   20.135440,    0.632784
2019-11-06 00:00:00,  475.744320,   19.505618,    0.630407
2019-11-07 00:00:00,  478.241280,   20.192518,    0.631064
2019-11-08 00:00:00,  480.591360,   21.385850,    0.632690
2019-11-09 00:00:00,  483.088320,   21.700365,    0.633520
2019-11-10 00:00:00,  485.585280,   22.170309,    0.633701
2019-11-11 00:00:00,  488.082240,   23.038594,    0.636582
2019-11-12 00:00:00,  490.579200,   22.404437,    0.637773
2019-11-13 00:00:00,  493.076160,   22.491302,    0.639117
2019-11-14 00:00:00,  495.573120,   22.414151,    0.640297
2019-11-15 00:00:00,  498.070080,   22.848587,    0.641656
2019-11-16 00:00:00,  500.567040,   23.567558,    0.643527
2019-11-17 00:00:00,  503.064000,   24.105937,    0.645315
2019-11-18 00:00:00,  505.560960,   24.242994,    0.645588
2019-11-19 00:00:00,  508.057920,   24.125571,    0.648850
2019-11-20 00:00:00,  510.701760,   24.572861,    0.649360
2019-11-21 00:00:00,  513.198720,   24.642835,    0.651088
2019-11-22 00:00:00,  515.695680,   25.238736,    0.652859
2019-11-23 00:00:00,  518.192640,   26.212986,    0.654121
2019-11-24 00:00:00,  520.689600,   25.402872,    0.655890
2019-11-25 00:00:00,  523.333440,   24.530558,    0.656720
2019-11-26 00:00:00,  525.830400,   25.036675,    0.657675
2019-11-27 00:00:00,  528.327360,   25.283438,    0.657790
2019-11-28 00:00:00,  530.824320,   25.110140,    0.660612
2019-11-29 00:00:00,  533.321280,   21.824713,    0.650602
2019-11-30 00:00:00,  535.818240,   20.066954,    0.647454
2019-12-01 00:00:00,  538.902720,   20.047427,    0.648883
2019-12-02 00:00:00,  541.987200,   21.211035,    0.650055
2019-12-03 00:00:00,  544.337280,   21.795117,    0.650980
2019-12-04 00:00:00,  546.834240,   23.435210,    0.653053
2019-12-05 00:00:00,  549.331200,   23.568938,    0.653858
2019-12-06 00:00:00,  551.681280,   24.289347,    0.653811
2019-12-07 00:00:00,  554.178240,   25.235190,    0.659170
2019-12-08 00:00:00,  556.675200,   24.071695,    0.659669
2019-12-09 00:00:00,  559.025280,   24.192579,    0.659791
2019-12-10 00:00:00,  561.375360,   24.414045,    0.660487
2019-12-11 00:00:00,  563.725440,   25.438860,    0.662421
2019-12-12 00:00:00,  566.075520,   26.972979,    0.664114
2019-12-13 00:00:00,  568.425600,   26.088062,    0.659159
2019-12-14 00:00:00,  570.775680,   25.202407,    0.652731
2019-12-15 00:00:00,  573.125760,   25.089348,    0.655580
2019-12-16 00:00:00,  575.475840,   25.520715,    0.658025
2019-12-17 00:00:00,  577.825920,   26.092022,    0.659320
2019-12-18 00:00:00,  580.029120,   26.846669,    0.661499
2019-12-19 00:00:00,  582.232320,   25.591754,    0.662470
2019-12-20 00:00:00,  584.582400,   25.593813,    0.664377
2019-12-21 00:00:00,  586.785600,   26.385631,    0.666408
2019-12-22 00:00:00,  588.988800,   25.856784,    0.668387
2019-12-23 00:00:00,  591.192000,   25.961026,    0.669844
2019-12-24 00:00:00,  593.248320,   26.142277,    0.671996
2019-12-25 00:00:00,  595.304640,   26.260284,    0.672001
2019-12-26 00:00:00,  597.360960,   27.341011,    0.675843
2019-12-27 00:00:00,  599.417280,   27.407340,    0.678442
2019-12-28 00:00:00,  601.473600,   27.533592,    0.678692
2019-12-29 00:00:00,  603.529920,   29.355349,    0.682076
2019-12-30 00:00:00,  605.586240,   29.315814,    0.684523
2019-12-31 00:00:00,  607.495680,   29.217748,    0.684917
2020-01-01 00:00:00,  608.817600,   31.270916,    0.690070
2020-01-02 00:00:00,  610.286400,   30.180144,    0.691691
2020-01-03 00:00:00,  612.195840,   29.823320,    0.693186
2020-01-04 00:00:00,  613.958400,   27.963985,    0.693738
2020-01-05 00:00:00,  590.206680,   27.171668,    0.695333
