time,temp,salt
2009-12-31 25:00:00,   24.524047,    0.535733
2010-01-01 25:00:00,   24.663310,    0.539787
2010-01-02 25:00:00,   24.801369,    0.540452
2010-01-03 25:00:00,   26.238060,    0.542785
2010-01-04 25:00:00,   26.033092,    0.544584
2010-01-05 25:00:00,   26.855719,    0.545234
2010-01-06 25:00:00,   27.709698,    0.547216
2010-01-07 25:00:00,   27.195615,    0.548191
2010-01-08 25:00:00,   27.406420,    0.549599
2010-01-09 25:00:00,   27.240560,    0.551126
2010-01-10 25:00:00,   26.090728,    0.552255
2010-01-11 25:00:00,   25.554427,    0.552279
2010-01-12 25:00:00,   25.598623,    0.553172
2010-01-13 25:00:00,   26.389124,    0.554562
2010-01-14 25:00:00,   26.549070,    0.556454
2010-01-15 25:00:00,   25.901370,    0.557216
2010-01-16 25:00:00,   26.716589,    0.558578
2010-01-17 25:00:00,   27.236362,    0.558492
2010-01-18 25:00:00,   28.235428,    0.562129
2010-01-19 25:00:00,   28.937701,    0.563348
2010-01-20 25:00:00,   28.095592,    0.565349
2010-01-21 25:00:00,   26.957064,    0.566561
2010-01-22 25:00:00,   27.061015,    0.566420
2010-01-23 25:00:00,   27.346692,    0.567849
2010-01-24 25:00:00,   28.010257,    0.569589
2010-01-25 25:00:00,   27.796415,    0.570566
2010-01-26 25:00:00,   28.000960,    0.572252
2010-01-27 25:00:00,   28.035420,    0.574177
2010-01-28 25:00:00,   28.100374,    0.575876
2010-01-29 25:00:00,   27.925153,    0.576413
2010-01-30 25:00:00,   26.707923,    0.577224
2010-01-31 25:00:00,   26.373147,    0.577621
2010-02-01 25:00:00,   26.426648,    0.579158
2010-02-02 25:00:00,   25.137756,    0.579210
2010-02-03 25:00:00,   24.528732,    0.579938
2010-02-04 25:00:00,   24.145185,    0.580818
2010-02-05 25:00:00,   24.530919,    0.581593
2010-02-06 25:00:00,   24.057243,    0.582069
2010-02-07 25:00:00,   25.259926,    0.582974
2010-02-08 25:00:00,   25.449076,    0.583835
2010-02-09 25:00:00,   26.558104,    0.584629
2010-02-10 25:00:00,   25.966884,    0.585572
2010-02-11 25:00:00,   26.622973,    0.586875
2010-02-12 25:00:00,   26.585064,    0.588172
2010-02-13 25:00:00,   27.168973,    0.589585
2010-02-14 25:00:00,   27.317883,    0.590615
2010-02-15 25:00:00,   26.976709,    0.592031
2010-02-16 25:00:00,   26.446560,    0.592497
2010-02-17 25:00:00,   27.096272,    0.592772
2010-02-18 25:00:00,   28.243528,    0.594281
2010-02-19 25:00:00,   26.573010,    0.594860
2010-02-20 25:00:00,   25.938133,    0.595300
2010-02-21 25:00:00,   25.449564,    0.595840
2010-02-22 25:00:00,   25.794886,    0.596865
2010-02-23 25:00:00,   25.549240,    0.597967
2010-02-24 25:00:00,   26.129840,    0.598893
2010-02-25 25:00:00,   26.889780,    0.600613
2010-02-26 25:00:00,   26.983023,    0.603004
2010-02-27 25:00:00,   27.152245,    0.604715
2010-02-28 25:00:00,   26.893261,    0.606224
2010-03-01 25:00:00,   27.052677,    0.607453
2010-03-02 25:00:00,   27.315896,    0.608629
2010-03-03 25:00:00,   26.421177,    0.609749
2010-03-04 25:00:00,   24.989092,    0.608368
2010-03-05 25:00:00,   24.621204,    0.608299
2010-03-06 25:00:00,   25.015856,    0.609035
2010-03-07 25:00:00,   25.244305,    0.609888
2010-03-08 25:00:00,   25.253933,    0.611030
2010-03-09 25:00:00,   25.429472,    0.612323
2010-03-10 25:00:00,   25.307977,    0.613403
2010-03-11 25:00:00,   25.504851,    0.613289
2010-03-12 25:00:00,   26.375153,    0.616107
2010-03-13 25:00:00,   25.973346,    0.616281
2010-03-14 25:00:00,   26.892172,    0.616458
2010-03-15 25:00:00,   26.232027,    0.617564
2010-03-16 25:00:00,   24.982830,    0.618028
2010-03-17 25:00:00,   24.564305,    0.617391
2010-03-18 25:00:00,   24.034473,    0.617972
2010-03-19 25:00:00,   23.317258,    0.616375
2010-03-20 25:00:00,   23.856017,    0.616216
2010-03-21 25:00:00,   24.495051,    0.617182
2010-03-22 25:00:00,   24.698551,    0.578906
2010-03-23 25:00:00,   25.012553,    0.579868
2010-03-24 25:00:00,   25.637137,    0.581628
2010-03-25 25:00:00,   25.177207,    0.589160
2010-03-26 25:00:00,   25.153604,    0.592809
2010-03-27 25:00:00,   24.124009,    0.595367
2010-03-28 25:00:00,   23.741524,    0.599117
2010-03-29 25:00:00,   23.847254,    0.600709
2010-03-30 25:00:00,   23.869169,    0.601600
2010-03-31 25:00:00,   23.598281,    0.602427
2010-04-01 25:00:00,   23.789365,    0.603126
2010-04-02 25:00:00,   23.902340,    0.604117
2010-04-03 25:00:00,   22.956282,    0.604586
2010-04-04 25:00:00,   22.359745,    0.604864
2010-04-05 25:00:00,   22.812975,    0.605347
2010-04-06 25:00:00,   22.206136,    0.605277
2010-04-07 25:00:00,   22.582285,    0.605592
2010-04-08 25:00:00,   22.972963,    0.606544
2010-04-09 25:00:00,   22.475058,    0.606841
2010-04-10 25:00:00,   22.205218,    0.607558
2010-04-11 25:00:00,   22.656800,    0.607816
2010-04-12 25:00:00,   21.114120,    0.607461
2010-04-13 25:00:00,   20.694752,    0.603369
2010-04-14 25:00:00,   20.224955,    0.602711
2010-04-15 25:00:00,   20.665913,    0.602453
2010-04-16 25:00:00,   21.085917,    0.601967
2010-04-17 25:00:00,   21.335477,    0.602467
2010-04-18 25:00:00,   21.919403,    0.602990
2010-04-19 25:00:00,   22.140053,    0.603535
2010-04-20 25:00:00,   22.588357,    0.604149
2010-04-21 25:00:00,   22.173496,    0.604633
2010-04-22 25:00:00,   21.131961,    0.605095
2010-04-23 25:00:00,   20.710881,    0.605438
2010-04-24 25:00:00,   20.588008,    0.605586
2010-04-25 25:00:00,   20.324676,    0.605501
2010-04-26 25:00:00,   20.469293,    0.606166
2010-04-27 25:00:00,   20.370225,    0.606293
2010-04-28 25:00:00,   20.569944,    0.606693
2010-04-29 25:00:00,   20.222399,    0.606869
2010-04-30 25:00:00,   20.312958,    0.607183
2010-05-01 25:00:00,   19.850054,    0.607018
2010-05-02 25:00:00,   20.124422,    0.607811
2010-05-03 25:00:00,   19.556661,    0.607832
2010-05-04 25:00:00,   19.357286,    0.608507
2010-05-05 25:00:00,   19.346521,    0.609176
2010-05-06 25:00:00,   19.278443,    0.609779
2010-05-07 25:00:00,   19.228991,    0.609835
2010-05-08 25:00:00,   19.395523,    0.610204
2010-05-09 25:00:00,   18.840063,    0.613721
2010-05-10 25:00:00,   18.552531,    0.615162
2010-05-11 25:00:00,   18.597228,    0.617381
2010-05-12 25:00:00,   18.575289,    0.617685
2010-05-13 25:00:00,   17.951492,    0.613495
2010-05-14 25:00:00,   17.762666,    0.618728
2010-05-15 25:00:00,   17.816852,    0.621242
2010-05-16 25:00:00,   17.664988,    0.623824
2010-05-17 25:00:00,   17.641881,    0.626559
2010-05-18 25:00:00,   17.354927,    0.629320
2010-05-19 25:00:00,   17.851273,    0.631817
2010-05-20 25:00:00,   18.234508,    0.632040
2010-05-21 25:00:00,   17.522857,    0.632455
2010-05-22 25:00:00,   17.634921,    0.620849
2010-05-23 25:00:00,   17.097974,    0.643635
2010-05-24 25:00:00,   17.276470,    0.641770
2010-05-25 25:00:00,   16.986255,    0.642147
2010-05-26 25:00:00,   16.777657,    0.639403
2010-05-27 25:00:00,   16.587354,    0.636836
2010-05-28 25:00:00,   17.035279,    0.637364
2010-05-29 25:00:00,   16.565235,    0.637528
2010-05-30 25:00:00,   16.972801,    0.637998
2010-05-31 25:00:00,   16.735630,    0.631858
2010-06-01 25:00:00,   16.795414,    0.637486
2010-06-02 25:00:00,   16.687595,    0.637704
2010-06-03 25:00:00,   16.884319,    0.638161
2010-06-04 25:00:00,   16.134934,    0.638092
2010-06-05 25:00:00,   16.234291,    0.638321
2010-06-06 25:00:00,   16.684862,    0.638881
2010-06-07 25:00:00,   16.341676,    0.639077
2010-06-08 25:00:00,   15.802956,    0.639176
2010-06-09 25:00:00,   15.544739,    0.639692
2010-06-10 25:00:00,   15.726764,    0.640119
2010-06-11 25:00:00,   15.198697,    0.640374
2010-06-12 25:00:00,   15.621630,    0.640870
2010-06-13 25:00:00,   15.216407,    0.640959
2010-06-14 25:00:00,   15.664081,    0.633139
2010-06-15 25:00:00,   15.080007,    0.626925
2010-06-16 25:00:00,   15.478477,    0.630180
2010-06-17 25:00:00,   15.200613,    0.629918
2010-06-18 25:00:00,   15.724536,    0.630010
2010-06-19 25:00:00,   15.918139,    0.630430
2010-06-20 25:00:00,   15.764237,    0.630760
2010-06-21 25:00:00,   15.835079,    0.630591
2010-06-22 25:00:00,   15.341066,    0.630870
2010-06-23 25:00:00,   15.196351,    0.625425
2010-06-24 25:00:00,   15.076569,    0.625982
2010-06-25 25:00:00,   14.960921,    0.626260
2010-06-26 25:00:00,   14.725600,    0.626637
2010-06-27 25:00:00,   14.243700,    0.625409
2010-06-28 25:00:00,   14.537896,    0.625885
2010-06-29 25:00:00,   14.164109,    0.625913
2010-06-30 25:00:00,   14.098575,    0.626265
2010-07-01 25:00:00,   13.929446,    0.626541
2010-07-02 25:00:00,   13.872832,    0.622944
2010-07-03 25:00:00,   13.818264,    0.623124
2010-07-04 25:00:00,   13.716243,    0.623384
2010-07-05 25:00:00,   13.867052,    0.623582
2010-07-06 25:00:00,   13.587379,    0.623769
2010-07-07 25:00:00,   13.334218,    0.623894
2010-07-08 25:00:00,   13.132555,    0.619284
2010-07-09 25:00:00,   12.744224,    0.616380
2010-07-10 25:00:00,   12.751298,    0.613241
2010-07-11 25:00:00,   12.877762,    0.609884
2010-07-12 25:00:00,   12.619958,    0.608336
2010-07-13 25:00:00,   12.970016,    0.607650
2010-07-14 25:00:00,   13.409962,    0.607467
2010-07-15 25:00:00,   12.783029,    0.608241
2010-07-16 25:00:00,   12.714329,    0.606416
2010-07-17 25:00:00,   12.849348,    0.606096
2010-07-18 25:00:00,   13.091628,    0.606579
2010-07-19 25:00:00,   13.249236,    0.606337
2010-07-20 25:00:00,   13.315392,    0.606726
2010-07-21 25:00:00,   13.597912,    0.606926
2010-07-22 25:00:00,   13.650564,    0.607197
2010-07-23 25:00:00,   13.743033,    0.607480
2010-07-24 25:00:00,   13.135338,    0.607474
2010-07-25 25:00:00,   13.138592,    0.607429
2010-07-26 25:00:00,   13.480917,    0.606879
2010-07-27 25:00:00,   13.988089,    0.605107
2010-07-28 25:00:00,   14.028601,    0.604111
2010-07-29 25:00:00,   13.765542,    0.603007
2010-07-30 25:00:00,   13.760785,    0.603131
2010-07-31 25:00:00,   14.411572,    0.603153
2010-08-01 25:00:00,   14.755038,    0.603393
2010-08-02 25:00:00,   14.571223,    0.603782
2010-08-03 25:00:00,   15.107245,    0.604158
2010-08-04 25:00:00,   15.279851,    0.604440
2010-08-05 25:00:00,   15.212909,    0.604405
2010-08-06 25:00:00,   15.213497,    0.605014
2010-08-07 25:00:00,   15.285587,    0.605335
2010-08-08 25:00:00,   15.016450,    0.605720
2010-08-09 25:00:00,   14.751914,    0.605863
2010-08-10 25:00:00,   14.176515,    0.605780
2010-08-11 25:00:00,   13.651159,    0.606016
2010-08-12 25:00:00,   13.601500,    0.596565
2010-08-13 25:00:00,   13.620924,    0.594487
2010-08-14 25:00:00,   14.341691,    0.591742
2010-08-15 25:00:00,   14.857318,    0.592593
2010-08-16 25:00:00,   14.171659,    0.592382
2010-08-17 25:00:00,   13.819667,    0.591785
2010-08-18 25:00:00,   13.627495,    0.591482
2010-08-19 25:00:00,   14.482627,    0.592102
2010-08-20 25:00:00,   14.107863,    0.584948
2010-08-21 25:00:00,   13.991490,    0.587888
2010-08-22 25:00:00,   14.264696,    0.586961
2010-08-23 25:00:00,   15.177527,    0.587049
2010-08-24 25:00:00,   15.159514,    0.587197
2010-08-25 25:00:00,   15.139743,    0.587725
2010-08-26 25:00:00,   15.534083,    0.588233
2010-08-27 25:00:00,   16.048261,    0.588764
2010-08-28 25:00:00,   16.017475,    0.588801
2010-08-29 25:00:00,   17.350560,    0.589565
2010-08-30 25:00:00,   17.299406,    0.589886
2010-08-31 25:00:00,   15.829803,    0.581022
2010-09-01 25:00:00,   15.387062,    0.582404
2010-09-02 25:00:00,   15.203114,    0.583156
2010-09-03 25:00:00,   16.200184,    0.583369
2010-09-04 25:00:00,   17.199152,    0.582473
2010-09-05 25:00:00,   17.637803,    0.583811
2010-09-06 25:00:00,   17.882170,    0.584205
2010-09-07 25:00:00,   16.757409,    0.574602
2010-09-08 25:00:00,   15.975947,    0.575529
2010-09-09 25:00:00,   16.086758,    0.574754
2010-09-10 25:00:00,   16.788258,    0.575355
2010-09-11 25:00:00,   16.301816,    0.575114
2010-09-12 25:00:00,   16.025202,    0.571859
2010-09-13 25:00:00,   16.233315,    0.572689
2010-09-14 25:00:00,   16.554491,    0.573308
2010-09-15 25:00:00,   16.445741,    0.575671
2010-09-16 25:00:00,   16.991283,    0.577279
2010-09-17 25:00:00,   17.190310,    0.577724
2010-09-18 25:00:00,   16.448992,    0.578371
2010-09-19 25:00:00,   17.294789,    0.579190
2010-09-20 25:00:00,   17.879408,    0.579786
2010-09-21 25:00:00,   18.607431,    0.580969
2010-09-22 25:00:00,   18.753489,    0.581190
2010-09-23 25:00:00,   19.850688,    0.581936
2010-09-24 25:00:00,   20.302209,    0.581981
2010-09-25 25:00:00,   20.711540,    0.582937
2010-09-26 25:00:00,   20.764900,    0.584233
2010-09-27 25:00:00,   20.888807,    0.585144
2010-09-28 25:00:00,   20.975373,    0.586206
2010-09-29 25:00:00,   20.798715,    0.587326
2010-09-30 25:00:00,   20.564693,    0.588506
2010-10-01 25:00:00,   21.310235,    0.588917
2010-10-02 25:00:00,   20.709304,    0.589941
2010-10-03 25:00:00,   21.578451,    0.590784
2010-10-04 25:00:00,   21.832375,    0.591935
2010-10-05 25:00:00,   20.597600,    0.591728
2010-10-06 25:00:00,   20.465120,    0.592383
2010-10-07 25:00:00,   20.714690,    0.593160
2010-10-08 25:00:00,   21.881004,    0.594722
2010-10-09 25:00:00,   22.334476,    0.595628
2010-10-10 25:00:00,   20.336821,    0.596573
2010-10-11 25:00:00,   20.258037,    0.597862
2010-10-12 25:00:00,   20.354319,    0.598667
2010-10-13 25:00:00,   20.265586,    0.598370
2010-10-14 25:00:00,   20.080743,    0.599736
2010-10-15 25:00:00,   20.244966,    0.600455
2010-10-16 25:00:00,   20.684646,    0.601561
2010-10-17 25:00:00,   21.368981,    0.602581
2010-10-18 25:00:00,   22.327505,    0.603673
2010-10-19 25:00:00,   24.068760,    0.604525
2010-10-20 25:00:00,   21.544780,    0.598194
2010-10-21 25:00:00,   21.458239,    0.599940
2010-10-22 25:00:00,   21.743839,    0.601612
2010-10-23 25:00:00,   21.513720,    0.602416
2010-10-24 25:00:00,   21.525526,    0.603734
2010-10-25 25:00:00,   21.784871,    0.604853
2010-10-26 25:00:00,   22.977060,    0.606078
2010-10-27 25:00:00,   21.790703,    0.607048
2010-10-28 25:00:00,   20.685777,    0.608139
2010-10-29 25:00:00,   20.970038,    0.609073
2010-10-30 25:00:00,   21.212318,    0.609461
2010-10-31 25:00:00,   21.532714,    0.610815
2010-11-01 25:00:00,   22.248352,    0.612752
2010-11-02 25:00:00,   23.177733,    0.614960
2010-11-03 25:00:00,   24.485846,    0.617047
2010-11-04 25:00:00,   23.149133,    0.617678
2010-11-05 25:00:00,   22.707753,    0.618751
2010-11-06 25:00:00,   23.175446,    0.620299
2010-11-07 25:00:00,   22.804659,    0.621453
2010-11-08 25:00:00,   24.185761,    0.621941
2010-11-09 25:00:00,   23.585284,    0.622294
2010-11-10 25:00:00,   22.721481,    0.621246
2010-11-11 25:00:00,   22.325800,    0.622700
2010-11-12 25:00:00,   21.865006,    0.623087
2010-11-13 25:00:00,   21.858261,    0.623199
2010-11-14 25:00:00,   21.777297,    0.623415
2010-11-15 25:00:00,   22.160199,    0.624067
2010-11-16 25:00:00,   22.768044,    0.625371
2010-11-17 25:00:00,   23.945564,    0.626973
2010-11-18 25:00:00,   24.787660,    0.628845
2010-11-19 25:00:00,   25.205544,    0.631502
2010-11-20 25:00:00,   25.803200,    0.632548
2010-11-21 25:00:00,   25.727795,    0.632171
2010-11-22 25:00:00,   25.357436,    0.634421
2010-11-23 25:00:00,   24.492110,    0.635851
2010-11-24 25:00:00,   24.687958,    0.637249
2010-11-25 25:00:00,   24.622229,    0.639157
2010-11-26 25:00:00,   24.811673,    0.641078
2010-11-27 25:00:00,   24.344333,    0.640124
2010-11-28 25:00:00,   24.756370,    0.640434
2010-11-29 25:00:00,   25.583173,    0.643668
2010-11-30 25:00:00,   25.931873,    0.645433
2010-12-01 25:00:00,   23.940902,    0.646372
2010-12-02 25:00:00,   23.275841,    0.647594
2010-12-03 25:00:00,   22.911177,    0.648326
2010-12-04 25:00:00,   23.576655,    0.649514
2010-12-05 25:00:00,   23.128435,    0.649427
2010-12-06 25:00:00,   22.337442,    0.648507
2010-12-07 25:00:00,   23.179284,    0.648220
2010-12-08 25:00:00,   22.796313,    0.649977
2010-12-09 25:00:00,   22.900045,    0.650944
2010-12-10 25:00:00,   23.469015,    0.652638
2010-12-11 25:00:00,   23.827820,    0.653894
2010-12-12 25:00:00,   25.050860,    0.656120
2010-12-13 25:00:00,   24.308814,    0.658505
2010-12-14 25:00:00,   23.979039,    0.660442
2010-12-15 25:00:00,   24.246417,    0.661753
2010-12-16 25:00:00,   24.419754,    0.663508
2010-12-17 25:00:00,   24.780234,    0.665649
2010-12-18 25:00:00,   24.857106,    0.668409
2010-12-19 25:00:00,   24.262093,    0.669905
2010-12-20 25:00:00,   22.209378,    0.663288
2010-12-21 25:00:00,   22.495894,    0.664390
2010-12-22 25:00:00,   22.620145,    0.664870
2010-12-23 25:00:00,   23.242510,    0.665601
2010-12-24 25:00:00,   26.255618,    0.666477
2010-12-25 25:00:00,   27.463481,    0.669523
2010-12-26 25:00:00,   27.186799,    0.672877
2010-12-27 25:00:00,   26.899633,    0.674434
2010-12-28 25:00:00,   26.639298,    0.676708
2010-12-29 25:00:00,   26.704478,    0.678590
2010-12-30 25:00:00,   26.714301,    0.680053
2010-12-31 25:00:00,   26.132990,    0.681514
2011-01-01 25:00:00,   26.480348,    0.683293
2011-01-02 25:00:00,   26.881926,    0.684650
2011-01-03 25:00:00,   27.042904,    0.684523
2011-01-04 25:00:00,   28.461142,    0.685801
2011-01-05 25:00:00,   27.674849,    0.677074
2011-01-06 25:00:00,   27.612041,    0.679139
2011-01-07 25:00:00,   27.068457,    0.680565
2011-01-08 25:00:00,   27.214096,    0.682567
2011-01-09 25:00:00,   27.782528,    0.684919
2011-01-10 25:00:00,   27.855367,    0.687243
2011-01-11 25:00:00,   28.055606,    0.689015
2011-01-12 25:00:00,   27.486010,    0.688166
2011-01-13 25:00:00,   27.657377,    0.690123
2011-01-14 25:00:00,   26.932118,    0.691817
2011-01-15 25:00:00,   26.464928,    0.693683
2011-01-16 25:00:00,   27.008050,    0.693780
2011-01-17 25:00:00,   27.139246,    0.695478
2011-01-18 25:00:00,   27.170952,    0.696182
2011-01-19 25:00:00,   27.071052,    0.698017
2011-01-20 25:00:00,   26.677904,    0.698188
2011-01-21 25:00:00,   26.230746,    0.699007
2011-01-22 25:00:00,   26.091781,    0.699092
2011-01-23 25:00:00,   25.802131,    0.700124
2011-01-24 25:00:00,   24.286252,    0.691467
2011-01-25 25:00:00,   24.893152,    0.690143
2011-01-26 25:00:00,   25.127225,    0.691418
2011-01-27 25:00:00,   26.755997,    0.693021
2011-01-28 25:00:00,   28.173927,    0.693809
2011-01-29 25:00:00,   29.232628,    0.695386
2011-01-30 25:00:00,   29.921517,    0.698266
2011-01-31 25:00:00,   27.754885,    0.697936
2011-02-01 25:00:00,   26.970898,    0.698484
2011-02-02 25:00:00,   27.230719,    0.700397
2011-02-03 25:00:00,   27.445114,    0.701975
2011-02-04 25:00:00,   27.423197,    0.704142
2011-02-05 25:00:00,   26.087560,    0.704992
2011-02-06 25:00:00,   25.214439,    0.706164
2011-02-07 25:00:00,   26.145437,    0.705244
2011-02-08 25:00:00,   27.134483,    0.706562
2011-02-09 25:00:00,   28.372725,    0.708597
2011-02-10 25:00:00,   28.287822,    0.711085
2011-02-11 25:00:00,   27.215293,    0.712958
2011-02-12 25:00:00,   26.532843,    0.714553
2011-02-13 25:00:00,   27.010839,    0.716010
2011-02-14 25:00:00,   27.312778,    0.716609
2011-02-15 25:00:00,   27.879805,    0.718536
2011-02-16 25:00:00,   28.238591,    0.720631
2011-02-17 25:00:00,   27.985839,    0.722665
2011-02-18 25:00:00,   28.512433,    0.723799
2011-02-19 25:00:00,   28.050869,    0.725991
2011-02-20 25:00:00,   26.055647,    0.723142
2011-02-21 25:00:00,   27.566357,    0.725238
2011-02-22 25:00:00,   27.437646,    0.727742
2011-02-23 25:00:00,   27.873363,    0.728474
2011-02-24 25:00:00,   28.304050,    0.729894
2011-02-25 25:00:00,   29.466801,    0.731200
2011-02-26 25:00:00,   30.927137,    0.732846
2011-02-27 25:00:00,   30.842313,    0.735228
2011-02-28 25:00:00,   30.689029,    0.737461
2011-03-01 25:00:00,   29.160082,    0.738135
2011-03-02 25:00:00,   28.932863,    0.740735
2011-03-03 25:00:00,   28.655514,    0.740438
2011-03-04 25:00:00,   28.896153,    0.741646
2011-03-05 25:00:00,   28.052201,    0.742318
2011-03-06 25:00:00,   27.148234,    0.740951
2011-03-07 25:00:00,   26.572407,    0.739246
2011-03-08 25:00:00,   26.026683,    0.739681
2011-03-09 25:00:00,   25.994438,    0.741064
2011-03-10 25:00:00,   26.245792,    0.742257
2011-03-11 25:00:00,   25.828764,    0.742717
2011-03-12 25:00:00,   24.898077,    0.739829
2011-03-13 25:00:00,   24.648545,    0.737577
2011-03-14 25:00:00,   25.389066,    0.738193
2011-03-15 25:00:00,   25.032496,    0.740220
2011-03-16 25:00:00,   25.357295,    0.741722
2011-03-17 25:00:00,   25.885541,    0.742404
2011-03-18 25:00:00,   26.394214,    0.743565
2011-03-19 25:00:00,   25.669016,    0.745492
2011-03-20 25:00:00,   24.793676,    0.745591
2011-03-21 25:00:00,   24.830023,    0.743500
2011-03-22 25:00:00,   25.597793,    0.744821
2011-03-23 25:00:00,   25.936215,    0.746233
2011-03-24 25:00:00,   26.262564,    0.748022
2011-03-25 25:00:00,   26.308499,    0.748803
2011-03-26 25:00:00,   26.287948,    0.750397
2011-03-27 25:00:00,   26.552431,    0.751878
2011-03-28 25:00:00,   26.115899,    0.752558
2011-03-29 25:00:00,   25.669052,    0.751783
2011-03-30 25:00:00,   25.541708,    0.751826
2011-03-31 25:00:00,   25.343372,    0.752478
2011-04-01 25:00:00,   25.090042,    0.753924
2011-04-02 25:00:00,   24.677471,    0.752630
2011-04-03 25:00:00,   24.532231,    0.753415
2011-04-04 25:00:00,   24.230984,    0.753984
2011-04-05 25:00:00,   24.681044,    0.754416
2011-04-06 25:00:00,   24.450860,    0.754977
2011-04-07 25:00:00,   23.454099,    0.752525
2011-04-08 25:00:00,   23.070489,    0.751584
2011-04-09 25:00:00,   22.240760,    0.749244
2011-04-10 25:00:00,   21.727610,    0.741960
2011-04-11 25:00:00,   21.877821,    0.728024
2011-04-12 25:00:00,   21.692121,    0.732862
2011-04-13 25:00:00,   22.153435,    0.733128
2011-04-14 25:00:00,   22.375112,    0.734121
2011-04-15 25:00:00,   22.128447,    0.734755
2011-04-16 25:00:00,   22.304791,    0.735412
2011-04-17 25:00:00,   21.673367,    0.735236
2011-04-18 25:00:00,   21.435626,    0.735213
2011-04-19 25:00:00,   21.222022,    0.734577
2011-04-20 25:00:00,   20.898317,    0.734966
2011-04-21 25:00:00,   21.143540,    0.735871
2011-04-22 25:00:00,   21.731402,    0.735746
2011-04-23 25:00:00,   22.163120,    0.736174
2011-04-24 25:00:00,   22.420208,    0.737162
2011-04-25 25:00:00,   22.738188,    0.737175
2011-04-26 25:00:00,   22.546731,    0.732512
2011-04-27 25:00:00,   21.098500,    0.731245
2011-04-28 25:00:00,   20.411697,    0.730428
2011-04-29 25:00:00,   20.357522,    0.730317
2011-04-30 25:00:00,   20.319384,    0.730516
2011-05-01 25:00:00,   20.364304,    0.730515
2011-05-02 25:00:00,   20.543172,    0.731088
2011-05-03 25:00:00,   20.657991,    0.731785
2011-05-04 25:00:00,   20.689648,    0.732331
2011-05-05 25:00:00,   20.290617,    0.732442
2011-05-06 25:00:00,   19.874712,    0.731914
2011-05-07 25:00:00,   19.587771,    0.731049
2011-05-08 25:00:00,   19.546706,    0.729823
2011-05-09 25:00:00,   19.181545,    0.730465
2011-05-10 25:00:00,   19.340591,    0.730765
2011-05-11 25:00:00,   19.099980,    0.731133
2011-05-12 25:00:00,   18.860358,    0.730966
2011-05-13 25:00:00,   18.527391,    0.730652
2011-05-14 25:00:00,   18.190600,    0.730704
2011-05-15 25:00:00,   17.792081,    0.729824
2011-05-16 25:00:00,   17.925254,    0.727562
2011-05-17 25:00:00,   17.905205,    0.727266
2011-05-18 25:00:00,   18.267304,    0.723521
2011-05-19 25:00:00,   18.106728,    0.723588
2011-05-20 25:00:00,   17.545097,    0.717884
2011-05-21 25:00:00,   17.453600,    0.718916
2011-05-22 25:00:00,   17.656693,    0.719248
2011-05-23 25:00:00,   18.011833,    0.719433
2011-05-24 25:00:00,   17.421080,    0.719694
2011-05-25 25:00:00,   17.085533,    0.719749
2011-05-26 25:00:00,   17.085224,    0.721130
2011-05-27 25:00:00,   17.235913,    0.722205
2011-05-28 25:00:00,   17.440628,    0.722432
2011-05-29 25:00:00,   16.986392,    0.728784
2011-05-30 25:00:00,   17.094968,    0.727878
2011-05-31 25:00:00,   17.292451,    0.717135
2011-06-01 25:00:00,   17.313234,    0.695394
2011-06-02 25:00:00,   17.129146,    0.696433
2011-06-03 25:00:00,   17.102461,    0.703320
2011-06-04 25:00:00,   16.605646,    0.710479
2011-06-05 25:00:00,   16.518791,    0.719991
2011-06-06 25:00:00,   16.375654,    0.720389
2011-06-07 25:00:00,   16.221355,    0.720531
2011-06-08 25:00:00,   15.991554,    0.720716
2011-06-09 25:00:00,   15.824522,    0.721082
2011-06-10 25:00:00,   15.540256,    0.721560
2011-06-11 25:00:00,   15.231951,    0.722130
2011-06-12 25:00:00,   15.050479,    0.722632
2011-06-13 25:00:00,   14.644753,    0.723275
2011-06-14 25:00:00,   14.337755,    0.722076
2011-06-15 25:00:00,   14.383155,    0.720523
2011-06-16 25:00:00,   14.846653,    0.720760
2011-06-17 25:00:00,   14.425245,    0.720929
2011-06-18 25:00:00,   14.450188,    0.719825
2011-06-19 25:00:00,   14.539721,    0.720079
2011-06-20 25:00:00,   14.710360,    0.720055
2011-06-21 25:00:00,   15.112076,    0.720240
2011-06-22 25:00:00,   14.824628,    0.720176
2011-06-23 25:00:00,   15.024663,    0.719938
2011-06-24 25:00:00,   15.268700,    0.712890
2011-06-25 25:00:00,   15.409163,    0.711264
2011-06-26 25:00:00,   15.766254,    0.704531
2011-06-27 25:00:00,   15.354541,    0.701350
2011-06-28 25:00:00,   15.115236,    0.694595
2011-06-29 25:00:00,   15.238724,    0.679402
2011-06-30 25:00:00,   14.761029,    0.683304
2011-07-01 25:00:00,   14.567184,    0.683020
2011-07-02 25:00:00,   14.238448,    0.679619
2011-07-03 25:00:00,   14.049577,    0.675797
2011-07-04 25:00:00,   14.099943,    0.675499
2011-07-05 25:00:00,   14.248776,    0.674939
2011-07-06 25:00:00,   14.191943,    0.675151
2011-07-07 25:00:00,   13.680852,    0.675172
2011-07-08 25:00:00,   13.503528,    0.675327
2011-07-09 25:00:00,   13.475919,    0.675647
2011-07-10 25:00:00,   13.170943,    0.675590
2011-07-11 25:00:00,   12.940789,    0.672367
2011-07-12 25:00:00,   13.461810,    0.672666
2011-07-13 25:00:00,   14.079842,    0.672714
2011-07-14 25:00:00,   14.252180,    0.673059
2011-07-15 25:00:00,   13.700358,    0.668219
2011-07-16 25:00:00,   14.169970,    0.668846
2011-07-17 25:00:00,   13.935085,    0.669146
2011-07-18 25:00:00,   14.056821,    0.669341
2011-07-19 25:00:00,   14.368879,    0.669249
2011-07-20 25:00:00,   13.934760,    0.649132
2011-07-21 25:00:00,   13.987470,    0.649498
2011-07-22 25:00:00,   13.829375,    0.634139
2011-07-23 25:00:00,   14.070698,    0.628077
2011-07-24 25:00:00,   14.155860,    0.630212
2011-07-25 25:00:00,   13.977815,    0.627108
2011-07-26 25:00:00,   14.501802,    0.629720
2011-07-27 25:00:00,   14.568570,    0.622563
2011-07-28 25:00:00,   15.028739,    0.617707
2011-07-29 25:00:00,   14.780970,    0.619362
2011-07-30 25:00:00,   15.033228,    0.616384
2011-07-31 25:00:00,   15.017454,    0.616663
2011-08-01 25:00:00,   15.250759,    0.612780
2011-08-02 25:00:00,   15.256466,    0.607024
2011-08-03 25:00:00,   14.877188,    0.607778
2011-08-04 25:00:00,   15.157199,    0.608227
2011-08-05 25:00:00,   14.861541,    0.608755
2011-08-06 25:00:00,   14.529195,    0.610337
2011-08-07 25:00:00,   15.387651,    0.609860
2011-08-08 25:00:00,   14.719175,    0.609979
2011-08-09 25:00:00,   15.203748,    0.610455
2011-08-10 25:00:00,   15.247353,    0.610777
2011-08-11 25:00:00,   15.245422,    0.611172
2011-08-12 25:00:00,   15.692656,    0.610887
2011-08-13 25:00:00,   16.041639,    0.582518
2011-08-14 25:00:00,   15.524813,    0.594096
2011-08-15 25:00:00,   14.928328,    0.595417
2011-08-16 25:00:00,   14.570068,    0.596116
2011-08-17 25:00:00,   14.898478,    0.596466
2011-08-18 25:00:00,   15.248216,    0.596947
2011-08-19 25:00:00,   15.985196,    0.596841
2011-08-20 25:00:00,   16.750625,    0.597192
2011-08-21 25:00:00,   17.204326,    0.585904
2011-08-22 25:00:00,   17.353942,    0.584850
2011-08-23 25:00:00,   16.845760,    0.583494
2011-08-24 25:00:00,   16.459567,    0.582778
2011-08-25 25:00:00,   16.780942,    0.583463
2011-08-26 25:00:00,   17.273901,    0.583435
2011-08-27 25:00:00,   17.548853,    0.584362
2011-08-28 25:00:00,   17.700830,    0.584959
2011-08-29 25:00:00,   18.101127,    0.584763
2011-08-30 25:00:00,   19.003305,    0.585644
2011-08-31 25:00:00,   19.652428,    0.585759
2011-09-01 25:00:00,   19.362092,    0.583675
2011-09-02 25:00:00,   17.681029,    0.582677
2011-09-03 25:00:00,   16.983846,    0.583222
2011-09-04 25:00:00,   16.966217,    0.583687
2011-09-05 25:00:00,   16.713632,    0.584778
2011-09-06 25:00:00,   16.683165,    0.585719
2011-09-07 25:00:00,   16.563524,    0.586479
2011-09-08 25:00:00,   16.640526,    0.587332
2011-09-09 25:00:00,   17.290484,    0.588113
2011-09-10 25:00:00,   17.460635,    0.588676
2011-09-11 25:00:00,   18.158244,    0.589234
2011-09-12 25:00:00,   18.803700,    0.590049
2011-09-13 25:00:00,   19.443177,    0.590796
2011-09-14 25:00:00,   20.261836,    0.590849
2011-09-15 25:00:00,   20.497090,    0.591777
2011-09-16 25:00:00,   19.903342,    0.592510
2011-09-17 25:00:00,   19.257149,    0.588579
2011-09-18 25:00:00,   17.812519,    0.575597
2011-09-19 25:00:00,   17.456598,    0.576084
2011-09-20 25:00:00,   18.130146,    0.575445
2011-09-21 25:00:00,   17.197867,    0.570220
2011-09-22 25:00:00,   16.839283,    0.571051
2011-09-23 25:00:00,   17.989148,    0.571892
2011-09-24 25:00:00,   18.659915,    0.573225
2011-09-25 25:00:00,   18.967496,    0.573513
2011-09-26 25:00:00,   17.747883,    0.573557
2011-09-27 25:00:00,   16.597630,    0.566660
2011-09-28 25:00:00,   17.680826,    0.566831
2011-09-29 25:00:00,   18.062832,    0.567853
2011-09-30 25:00:00,   17.844960,    0.568714
2011-10-01 25:00:00,   20.123864,    0.569371
2011-10-02 25:00:00,   19.295688,    0.560885
2011-10-03 25:00:00,   19.397386,    0.562972
2011-10-04 25:00:00,   20.383845,    0.563907
2011-10-05 25:00:00,   20.761256,    0.564585
2011-10-06 25:00:00,   21.546619,    0.565574
2011-10-07 25:00:00,   22.367479,    0.566392
2011-10-08 25:00:00,   23.069996,    0.567284
2011-10-09 25:00:00,   22.049614,    0.568193
2011-10-10 25:00:00,   22.695315,    0.569532
2011-10-11 25:00:00,   22.961463,    0.570042
2011-10-12 25:00:00,   23.066706,    0.571231
2011-10-13 25:00:00,   21.748472,    0.572506
2011-10-14 25:00:00,   21.679149,    0.573621
2011-10-15 25:00:00,   22.375791,    0.574248
2011-10-16 25:00:00,   22.936080,    0.575992
2011-10-17 25:00:00,   22.859666,    0.577032
2011-10-18 25:00:00,   21.817999,    0.569391
2011-10-19 25:00:00,   21.567780,    0.571162
2011-10-20 25:00:00,   21.487041,    0.572527
2011-10-21 25:00:00,   22.125694,    0.573572
2011-10-22 25:00:00,   21.821638,    0.573964
2011-10-23 25:00:00,   21.959745,    0.574919
2011-10-24 25:00:00,   21.435630,    0.575504
2011-10-25 25:00:00,   21.429095,    0.570338
2011-10-26 25:00:00,   21.603484,    0.570390
2011-10-27 25:00:00,   22.560054,    0.571500
2011-10-28 25:00:00,   22.308754,    0.572704
2011-10-29 25:00:00,   22.726014,    0.574375
2011-10-30 25:00:00,   22.935018,    0.575708
2011-10-31 25:00:00,   23.465672,    0.577380
2011-11-01 25:00:00,   24.196659,    0.578737
2011-11-02 25:00:00,   24.707591,    0.579283
2011-11-03 25:00:00,   24.923357,    0.576344
2011-11-04 25:00:00,   24.766110,    0.578608
2011-11-05 25:00:00,   22.849181,    0.569588
2011-11-06 25:00:00,   23.339511,    0.559866
2011-11-07 25:00:00,   22.253518,    0.562970
2011-11-08 25:00:00,   20.828795,    0.561920
2011-11-09 25:00:00,   21.861571,    0.564453
2011-11-10 25:00:00,   22.965055,    0.564598
2011-11-11 25:00:00,   22.598679,    0.566111
2011-11-12 25:00:00,   23.475076,    0.567646
2011-11-13 25:00:00,   23.912406,    0.569338
2011-11-14 25:00:00,   23.799288,    0.570280
2011-11-15 25:00:00,   23.697277,    0.572123
2011-11-16 25:00:00,   24.323602,    0.573346
2011-11-17 25:00:00,   23.653866,    0.572705
2011-11-18 25:00:00,   23.651261,    0.574207
2011-11-19 25:00:00,   23.355277,    0.575577
2011-11-20 25:00:00,   23.474131,    0.577321
2011-11-21 25:00:00,   23.990417,    0.579130
2011-11-22 25:00:00,   24.808215,    0.580581
2011-11-23 25:00:00,   25.562125,    0.583475
2011-11-24 25:00:00,   25.394432,    0.585169
2011-11-25 25:00:00,   25.511108,    0.586495
2011-11-26 25:00:00,   23.784629,    0.587605
2011-11-27 25:00:00,   22.984038,    0.588857
2011-11-28 25:00:00,   22.931196,    0.590285
2011-11-29 25:00:00,   22.714796,    0.591991
2011-11-30 25:00:00,   22.707986,    0.593115
2011-12-01 25:00:00,   23.730744,    0.596113
2011-12-02 25:00:00,   24.309568,    0.597960
2011-12-03 25:00:00,   25.119155,    0.600152
2011-12-04 25:00:00,   25.341300,    0.600552
2011-12-05 25:00:00,   26.391463,    0.602478
2011-12-06 25:00:00,   24.881854,    0.583517
2011-12-07 25:00:00,   24.981282,    0.582273
2011-12-08 25:00:00,   24.357766,    0.583488
2011-12-09 25:00:00,   25.050756,    0.584172
2011-12-10 25:00:00,   25.905334,    0.586162
2011-12-11 25:00:00,   26.352343,    0.587514
2011-12-12 25:00:00,   23.482583,    0.546900
2011-12-13 25:00:00,   22.412729,    0.551685
2011-12-14 25:00:00,   23.408718,    0.552602
2011-12-15 25:00:00,   23.209362,    0.553361
2011-12-16 25:00:00,   24.225611,    0.554594
2011-12-17 25:00:00,   25.351948,    0.555799
2011-12-18 25:00:00,   25.765753,    0.557599
2011-12-19 25:00:00,   25.762567,    0.559267
2011-12-20 25:00:00,   26.158288,    0.560418
2011-12-21 25:00:00,   26.537489,    0.562292
2011-12-22 25:00:00,   26.388703,    0.563929
2011-12-23 25:00:00,   26.142996,    0.565997
2011-12-24 25:00:00,   26.279465,    0.567826
2011-12-25 25:00:00,   26.012458,    0.569224
2011-12-26 25:00:00,   26.219787,    0.571024
2011-12-27 25:00:00,   26.503257,    0.573400
2011-12-28 25:00:00,   26.746484,    0.575316
2011-12-29 25:00:00,   27.901948,    0.577136
2011-12-30 25:00:00,   28.217986,    0.579400
2011-12-31 25:00:00,   27.697588,    0.581282
2012-01-01 25:00:00,   27.195194,    0.582867
2012-01-02 25:00:00,   26.914947,    0.584632
2012-01-03 25:00:00,   26.268365,    0.586649
2012-01-04 25:00:00,   26.572963,    0.588307
2012-01-05 25:00:00,   27.098894,    0.589784
2012-01-06 25:00:00,   26.148179,    0.591718
2012-01-07 25:00:00,   25.251970,    0.593032
2012-01-08 25:00:00,   24.993657,    0.594403
2012-01-09 25:00:00,   25.435204,    0.596116
2012-01-10 25:00:00,   26.112691,    0.597942
2012-01-11 25:00:00,   26.536684,    0.600059
2012-01-12 25:00:00,   27.089693,    0.601162
2012-01-13 25:00:00,   28.218707,    0.603337
2012-01-14 25:00:00,   28.839594,    0.603718
2012-01-15 25:00:00,   29.321433,    0.606020
2012-01-16 25:00:00,   27.357615,    0.608099
2012-01-17 25:00:00,   26.932367,    0.609737
2012-01-18 25:00:00,   27.367718,    0.612371
2012-01-19 25:00:00,   28.595130,    0.613925
2012-01-20 25:00:00,   29.468349,    0.614088
2012-01-21 25:00:00,   30.407090,    0.615620
2012-01-22 25:00:00,   29.398012,    0.617181
2012-01-23 25:00:00,   28.713685,    0.618832
2012-01-24 25:00:00,   29.828828,    0.619045
2012-01-25 25:00:00,   30.052902,    0.613767
2012-01-26 25:00:00,   30.250840,    0.620099
2012-01-27 25:00:00,   30.906273,    0.621939
2012-01-28 25:00:00,   31.001733,    0.624724
2012-01-29 25:00:00,   28.275171,    0.626707
2012-01-30 25:00:00,   27.125971,    0.627226
2012-01-31 25:00:00,   27.642246,    0.628940
2012-02-01 25:00:00,   27.275008,    0.630298
2012-02-02 25:00:00,   26.972601,    0.624776
2012-02-03 25:00:00,   26.192228,    0.627487
2012-02-04 25:00:00,   25.153530,    0.629211
2012-02-05 25:00:00,   25.098261,    0.630470
2012-02-06 25:00:00,   25.321863,    0.632534
2012-02-07 25:00:00,   25.518911,    0.634043
2012-02-08 25:00:00,   25.916207,    0.636376
2012-02-09 25:00:00,   26.675522,    0.638419
2012-02-10 25:00:00,   28.189473,    0.640603
2012-02-11 25:00:00,   27.883741,    0.643037
2012-02-12 25:00:00,   27.002028,    0.643569
2012-02-13 25:00:00,   27.547509,    0.644749
2012-02-14 25:00:00,   27.647224,    0.646708
2012-02-15 25:00:00,   27.190664,    0.648529
2012-02-16 25:00:00,   26.958004,    0.648968
2012-02-17 25:00:00,   26.989553,    0.650731
2012-02-18 25:00:00,   26.892589,    0.652103
2012-02-19 25:00:00,   27.076428,    0.653893
2012-02-20 25:00:00,   27.064918,    0.655890
2012-02-21 25:00:00,   27.912155,    0.657705
2012-02-22 25:00:00,   28.784658,    0.659458
2012-02-23 25:00:00,   27.810907,    0.661416
2012-02-24 25:00:00,   26.908161,    0.662055
2012-02-25 25:00:00,   26.183409,    0.661955
2012-02-26 25:00:00,   25.432089,    0.663388
2012-02-27 25:00:00,   25.349069,    0.663885
2012-02-28 25:00:00,   25.027750,    0.665423
2012-02-29 25:00:00,   24.753839,    0.665369
2012-03-01 25:00:00,   24.373355,    0.667046
2012-03-02 25:00:00,   24.127073,    0.667709
2012-03-03 25:00:00,   24.323491,    0.669457
2012-03-04 25:00:00,   25.318128,    0.670534
2012-03-05 25:00:00,   26.609404,    0.672535
2012-03-06 25:00:00,   26.388910,    0.674673
2012-03-07 25:00:00,   25.770279,    0.676547
2012-03-08 25:00:00,   25.316392,    0.675862
2012-03-09 25:00:00,   25.870462,    0.677292
2012-03-10 25:00:00,   26.826431,    0.679349
2012-03-11 25:00:00,   27.099213,    0.681002
2012-03-12 25:00:00,   27.105271,    0.683119
2012-03-13 25:00:00,   25.936567,    0.683922
2012-03-14 25:00:00,   25.038050,    0.683935
2012-03-15 25:00:00,   24.436526,    0.684651
2012-03-16 25:00:00,   24.216191,    0.685278
2012-03-17 25:00:00,   24.217488,    0.685746
2012-03-18 25:00:00,   24.492840,    0.686874
2012-03-19 25:00:00,   24.143415,    0.688284
2012-03-20 25:00:00,   23.719051,    0.688998
2012-03-21 25:00:00,   23.613254,    0.689684
2012-03-22 25:00:00,   23.236363,    0.690366
2012-03-23 25:00:00,   23.211318,    0.691532
2012-03-24 25:00:00,   23.545908,    0.692242
2012-03-25 25:00:00,   23.212556,    0.692397
2012-03-26 25:00:00,   23.523865,    0.693450
2012-03-27 25:00:00,   23.704203,    0.694298
2012-03-28 25:00:00,   23.688569,    0.695005
2012-03-29 25:00:00,   23.843254,    0.696268
2012-03-30 25:00:00,   22.713593,    0.695841
2012-03-31 25:00:00,   22.583708,    0.696272
2012-04-01 25:00:00,   22.263525,    0.696676
2012-04-02 25:00:00,   21.939016,    0.695338
2012-04-03 25:00:00,   22.199270,    0.695821
2012-04-04 25:00:00,   22.180107,    0.695963
2012-04-05 25:00:00,   21.490687,    0.696254
2012-04-06 25:00:00,   20.947757,    0.696424
2012-04-07 25:00:00,   21.519068,    0.696485
2012-04-08 25:00:00,   22.323009,    0.697186
2012-04-09 25:00:00,   22.564002,    0.697232
2012-04-10 25:00:00,   23.033502,    0.697758
2012-04-11 25:00:00,   23.088897,    0.699883
2012-04-12 25:00:00,   22.672672,    0.699679
2012-04-13 25:00:00,   22.665758,    0.700917
2012-04-14 25:00:00,   22.919412,    0.701848
2012-04-15 25:00:00,   23.125550,    0.702517
2012-04-16 25:00:00,   23.275302,    0.703158
2012-04-17 25:00:00,   22.583130,    0.703524
2012-04-18 25:00:00,   21.691604,    0.702071
2012-04-19 25:00:00,   21.446405,    0.702517
2012-04-20 25:00:00,   21.048072,    0.702196
2012-04-21 25:00:00,   20.863584,    0.702177
2012-04-22 25:00:00,   20.833086,    0.700934
2012-04-23 25:00:00,   20.706543,    0.701443
2012-04-24 25:00:00,   20.003531,    0.701716
2012-04-25 25:00:00,   19.510779,    0.701798
2012-04-26 25:00:00,   20.200491,    0.701867
2012-04-27 25:00:00,   19.697538,    0.703288
2012-04-28 25:00:00,   18.996119,    0.702858
2012-04-29 25:00:00,   19.291210,    0.699352
2012-04-30 25:00:00,   19.497030,    0.700314
2012-05-01 25:00:00,   19.147180,    0.701264
2012-05-02 25:00:00,   19.178207,    0.702419
2012-05-03 25:00:00,   19.442304,    0.702580
2012-05-04 25:00:00,   19.274852,    0.673636
2012-05-05 25:00:00,   19.489032,    0.671105
2012-05-06 25:00:00,   19.016155,    0.664611
2012-05-07 25:00:00,   18.310878,    0.667030
2012-05-08 25:00:00,   17.828917,    0.671715
2012-05-09 25:00:00,   18.254935,    0.666223
2012-05-10 25:00:00,   18.420795,    0.661802
2012-05-11 25:00:00,   18.307381,    0.664828
2012-05-12 25:00:00,   18.345176,    0.668893
2012-05-13 25:00:00,   17.913087,    0.668770
2012-05-14 25:00:00,   18.499618,    0.669521
2012-05-15 25:00:00,   18.436854,    0.669873
2012-05-16 25:00:00,   18.575890,    0.670238
2012-05-17 25:00:00,   18.131851,    0.670216
2012-05-18 25:00:00,   18.221626,    0.670390
2012-05-19 25:00:00,   18.368430,    0.670894
2012-05-20 25:00:00,   18.013193,    0.671041
2012-05-21 25:00:00,   17.948803,    0.671431
2012-05-22 25:00:00,   17.685087,    0.672530
2012-05-23 25:00:00,   17.487110,    0.673991
2012-05-24 25:00:00,   17.305310,    0.677292
2012-05-25 25:00:00,   16.836539,    0.679299
2012-05-26 25:00:00,   16.552004,    0.681887
2012-05-27 25:00:00,   16.934903,    0.684822
2012-05-28 25:00:00,   17.066674,    0.685200
2012-05-29 25:00:00,   16.546810,    0.686000
2012-05-30 25:00:00,   16.440879,    0.690818
2012-05-31 25:00:00,   16.211073,    0.687545
2012-06-01 25:00:00,   16.464700,    0.676349
2012-06-02 25:00:00,   16.931547,    0.677430
2012-06-03 25:00:00,   15.979595,    0.686899
2012-06-04 25:00:00,   16.002100,    0.713175
2012-06-05 25:00:00,   15.860449,    0.713723
2012-06-06 25:00:00,   15.434547,    0.712456
2012-06-07 25:00:00,   15.383887,    0.699996
2012-06-08 25:00:00,   16.026184,    0.701112
2012-06-09 25:00:00,   16.314837,    0.701388
2012-06-10 25:00:00,   15.659190,    0.699752
2012-06-11 25:00:00,   15.394755,    0.699023
2012-06-12 25:00:00,   15.212873,    0.695217
2012-06-13 25:00:00,   14.894923,    0.694312
2012-06-14 25:00:00,   14.663822,    0.690718
2012-06-15 25:00:00,   15.089040,    0.690832
2012-06-16 25:00:00,   15.089472,    0.691145
2012-06-17 25:00:00,   15.155594,    0.691192
2012-06-18 25:00:00,   15.220017,    0.691403
2012-06-19 25:00:00,   15.500161,    0.689344
2012-06-20 25:00:00,   14.876029,    0.688197
2012-06-21 25:00:00,   15.096459,    0.688692
2012-06-22 25:00:00,   15.089834,    0.688854
2012-06-23 25:00:00,   14.516595,    0.689019
2012-06-24 25:00:00,   14.463568,    0.689249
2012-06-25 25:00:00,   14.048487,    0.688961
2012-06-26 25:00:00,   13.865823,    0.685667
2012-06-27 25:00:00,   13.942797,    0.684592
2012-06-28 25:00:00,   13.941249,    0.684221
2012-06-29 25:00:00,   14.658316,    0.684503
2012-06-30 25:00:00,   14.518895,    0.684965
2012-07-01 25:00:00,   14.641644,    0.685246
2012-07-02 25:00:00,   14.647274,    0.685406
2012-07-03 25:00:00,   14.311888,    0.685914
2012-07-04 25:00:00,   14.227192,    0.686076
2012-07-05 25:00:00,   13.741153,    0.686052
2012-07-06 25:00:00,   13.857366,    0.684540
2012-07-07 25:00:00,   14.366671,    0.684900
2012-07-08 25:00:00,   13.856733,    0.685143
2012-07-09 25:00:00,   13.686938,    0.685518
2012-07-10 25:00:00,   13.436042,    0.677100
2012-07-11 25:00:00,   13.270150,    0.677339
2012-07-12 25:00:00,   13.427760,    0.677742
2012-07-13 25:00:00,   13.157924,    0.677708
2012-07-14 25:00:00,   13.683047,    0.677965
2012-07-15 25:00:00,   13.598139,    0.678101
2012-07-16 25:00:00,   13.411578,    0.673516
2012-07-17 25:00:00,   13.650887,    0.674233
2012-07-18 25:00:00,   13.502207,    0.674345
2012-07-19 25:00:00,   13.739532,    0.674760
2012-07-20 25:00:00,   13.853112,    0.675031
2012-07-21 25:00:00,   14.234884,    0.675278
2012-07-22 25:00:00,   14.239884,    0.675389
2012-07-23 25:00:00,   13.477305,    0.675656
2012-07-24 25:00:00,   13.639961,    0.676411
2012-07-25 25:00:00,   13.434599,    0.676224
2012-07-26 25:00:00,   14.038453,    0.676585
2012-07-27 25:00:00,   14.053089,    0.676851
2012-07-28 25:00:00,   14.132356,    0.677246
2012-07-29 25:00:00,   13.708987,    0.677383
2012-07-30 25:00:00,   13.763571,    0.677581
2012-07-31 25:00:00,   14.079398,    0.670225
2012-08-01 25:00:00,   14.107118,    0.666195
2012-08-02 25:00:00,   13.859751,    0.667696
2012-08-03 25:00:00,   14.033286,    0.667270
2012-08-04 25:00:00,   14.768142,    0.664801
2012-08-05 25:00:00,   14.910453,    0.665141
2012-08-06 25:00:00,   14.954484,    0.663016
2012-08-07 25:00:00,   14.817804,    0.658627
2012-08-08 25:00:00,   15.345346,    0.656202
2012-08-09 25:00:00,   15.371427,    0.653783
2012-08-10 25:00:00,   15.632616,    0.653658
2012-08-11 25:00:00,   16.067686,    0.654120
2012-08-12 25:00:00,   15.363169,    0.632317
2012-08-13 25:00:00,   15.474460,    0.635961
2012-08-14 25:00:00,   15.208802,    0.634317
2012-08-15 25:00:00,   15.686889,    0.635060
2012-08-16 25:00:00,   16.044575,    0.636018
2012-08-17 25:00:00,   15.549554,    0.636278
2012-08-18 25:00:00,   16.245202,    0.636787
2012-08-19 25:00:00,   16.128689,    0.636753
2012-08-20 25:00:00,   17.082106,    0.637039
2012-08-21 25:00:00,   16.551352,    0.634076
2012-08-22 25:00:00,   15.652436,    0.635425
2012-08-23 25:00:00,   15.839760,    0.635779
2012-08-24 25:00:00,   15.747399,    0.636152
2012-08-25 25:00:00,   16.893009,    0.636783
2012-08-26 25:00:00,   16.641624,    0.636862
2012-08-27 25:00:00,   17.053341,    0.637118
2012-08-28 25:00:00,   16.878560,    0.637514
2012-08-29 25:00:00,   17.631078,    0.638133
2012-08-30 25:00:00,   18.064437,    0.637938
2012-08-31 25:00:00,   17.186700,    0.634737
2012-09-01 25:00:00,   17.667150,    0.635879
2012-09-02 25:00:00,   17.870787,    0.636492
2012-09-03 25:00:00,   16.707653,    0.630820
2012-09-04 25:00:00,   15.433529,    0.629449
2012-09-05 25:00:00,   15.020360,    0.627537
2012-09-06 25:00:00,   15.364296,    0.624877
2012-09-07 25:00:00,   15.827025,    0.625629
2012-09-08 25:00:00,   16.283746,    0.626081
2012-09-09 25:00:00,   17.248023,    0.626193
2012-09-10 25:00:00,   18.424420,    0.626926
2012-09-11 25:00:00,   18.688584,    0.627412
2012-09-12 25:00:00,   17.926924,    0.627947
2012-09-13 25:00:00,   17.664937,    0.628204
2012-09-14 25:00:00,   17.898500,    0.628551
2012-09-15 25:00:00,   18.442773,    0.629271
2012-09-16 25:00:00,   19.379815,    0.630402
2012-09-17 25:00:00,   19.477884,    0.630593
2012-09-18 25:00:00,   19.713460,    0.617703
2012-09-19 25:00:00,   20.006681,    0.618260
2012-09-20 25:00:00,   19.605684,    0.619756
2012-09-21 25:00:00,   17.852615,    0.620261
2012-09-22 25:00:00,   17.027206,    0.620631
2012-09-23 25:00:00,   17.293311,    0.621230
2012-09-24 25:00:00,   17.235811,    0.621907
2012-09-25 25:00:00,   17.212497,    0.618070
2012-09-26 25:00:00,   16.582845,    0.616146
2012-09-27 25:00:00,   15.875821,    0.615786
2012-09-28 25:00:00,   17.132824,    0.616599
2012-09-29 25:00:00,   18.165283,    0.617729
2012-09-30 25:00:00,   18.947631,    0.618320
2012-10-01 25:00:00,   19.847856,    0.619688
2012-10-02 25:00:00,   19.914389,    0.620008
2012-10-03 25:00:00,   19.735570,    0.621591
2012-10-04 25:00:00,   20.015892,    0.621838
2012-10-05 25:00:00,   19.555969,    0.621678
2012-10-06 25:00:00,   20.248312,    0.622701
2012-10-07 25:00:00,   20.350463,    0.623560
2012-10-08 25:00:00,   20.830303,    0.624911
2012-10-09 25:00:00,   20.975317,    0.625305
2012-10-10 25:00:00,   21.168243,    0.627229
2012-10-11 25:00:00,   21.043321,    0.629093
2012-10-12 25:00:00,   21.482957,    0.629917
2012-10-13 25:00:00,   20.572277,    0.629221
2012-10-14 25:00:00,   19.978732,    0.630266
2012-10-15 25:00:00,   20.170941,    0.631029
2012-10-16 25:00:00,   20.387576,    0.631648
2012-10-17 25:00:00,   21.331508,    0.632813
2012-10-18 25:00:00,   22.845370,    0.632752
2012-10-19 25:00:00,   22.592524,    0.635150
2012-10-20 25:00:00,   23.026113,    0.635886
2012-10-21 25:00:00,   23.879969,    0.637310
2012-10-22 25:00:00,   22.491109,    0.637544
2012-10-23 25:00:00,   21.953448,    0.638670
2012-10-24 25:00:00,   21.650864,    0.637725
2012-10-25 25:00:00,   21.814390,    0.639157
2012-10-26 25:00:00,   22.038647,    0.640433
2012-10-27 25:00:00,   22.814788,    0.641897
2012-10-28 25:00:00,   23.856201,    0.643506
2012-10-29 25:00:00,   23.606039,    0.644673
2012-10-30 25:00:00,   22.560668,    0.645725
2012-10-31 25:00:00,   21.663470,    0.646858
2012-11-01 25:00:00,   21.366353,    0.647368
2012-11-02 25:00:00,   22.196574,    0.648425
2012-11-03 25:00:00,   21.691292,    0.649559
2012-11-04 25:00:00,   20.299423,    0.643285
2012-11-05 25:00:00,   19.723894,    0.642037
2012-11-06 25:00:00,   20.704039,    0.643063
2012-11-07 25:00:00,   21.648166,    0.644839
2012-11-08 25:00:00,   21.781070,    0.645396
2012-11-09 25:00:00,   23.144793,    0.646992
2012-11-10 25:00:00,   22.954681,    0.647886
2012-11-11 25:00:00,   22.502075,    0.649211
2012-11-12 25:00:00,   22.594221,    0.650352
2012-11-13 25:00:00,   22.504105,    0.651516
2012-11-14 25:00:00,   22.963696,    0.653304
2012-11-15 25:00:00,   23.570226,    0.655018
2012-11-16 25:00:00,   24.037301,    0.656407
2012-11-17 25:00:00,   24.870952,    0.658217
2012-11-18 25:00:00,   24.241899,    0.660018
2012-11-19 25:00:00,   24.803633,    0.661612
2012-11-20 25:00:00,   24.814758,    0.663570
2012-11-21 25:00:00,   25.355020,    0.665548
2012-11-22 25:00:00,   25.980107,    0.665553
2012-11-23 25:00:00,   25.218013,    0.666057
2012-11-24 25:00:00,   24.482383,    0.666101
2012-11-25 25:00:00,   25.173357,    0.668050
2012-11-26 25:00:00,   26.093873,    0.669510
2012-11-27 25:00:00,   25.260357,    0.671379
2012-11-28 25:00:00,   21.958717,    0.661566
2012-11-29 25:00:00,   20.202144,    0.658695
2012-11-30 25:00:00,   20.227358,    0.659910
2012-12-01 25:00:00,   21.091441,    0.660900
2012-12-02 25:00:00,   22.013082,    0.662319
2012-12-03 25:00:00,   23.351480,    0.664166
2012-12-04 25:00:00,   24.563517,    0.665125
2012-12-05 25:00:00,   25.888496,    0.669047
2012-12-06 25:00:00,   25.254700,    0.670108
2012-12-07 25:00:00,   24.244613,    0.671489
2012-12-08 25:00:00,   24.622667,    0.672796
2012-12-09 25:00:00,   25.088437,    0.674961
2012-12-10 25:00:00,   26.631053,    0.677377
2012-12-11 25:00:00,   27.165892,    0.676715
2012-12-12 25:00:00,   25.924537,    0.671946
2012-12-13 25:00:00,   24.888850,    0.653567
2012-12-14 25:00:00,   24.660935,    0.646129
2012-12-15 25:00:00,   25.146445,    0.648862
2012-12-16 25:00:00,   25.820743,    0.650291
2012-12-17 25:00:00,   26.590822,    0.652197
2012-12-18 25:00:00,   25.378625,    0.653886
2012-12-19 25:00:00,   25.394147,    0.655868
2012-12-20 25:00:00,   25.944763,    0.657156
2012-12-21 25:00:00,   25.589175,    0.659112
2012-12-22 25:00:00,   25.713057,    0.660811
2012-12-23 25:00:00,   25.900095,    0.662533
2012-12-24 25:00:00,   26.609795,    0.664316
2012-12-25 25:00:00,   27.248607,    0.666176
2012-12-26 25:00:00,   27.334716,    0.669122
2012-12-27 25:00:00,   28.509047,    0.670986
2012-12-28 25:00:00,   29.107751,    0.672043
2012-12-29 25:00:00,   29.076135,    0.673755
2012-12-30 25:00:00,   30.214133,    0.676780
2012-12-31 25:00:00,   31.159535,    0.679834
2013-01-01 25:00:00,   29.947220,    0.680648
2013-01-02 25:00:00,   29.595518,    0.682586
2013-01-03 25:00:00,   27.760518,    0.683843
2013-01-04 25:00:00,   26.752738,    0.685232
2013-01-05 25:00:00,   27.429721,    0.687233
2013-01-06 25:00:00,   26.895605,    0.688228
2013-01-07 25:00:00,   26.573510,    0.688157
2013-01-08 25:00:00,   27.573180,    0.689157
2013-01-09 25:00:00,   26.472089,    0.691464
2013-01-10 25:00:00,   26.013120,    0.692346
2013-01-11 25:00:00,   25.863361,    0.693296
2013-01-12 25:00:00,   25.908541,    0.694416
2013-01-13 25:00:00,   25.158520,    0.695339
2013-01-14 25:00:00,   27.071785,    0.696439
2013-01-15 25:00:00,   28.959592,    0.696998
2013-01-16 25:00:00,   26.172313,    0.699652
2013-01-17 25:00:00,   24.524947,    0.700621
2013-01-18 25:00:00,   24.691260,    0.700662
2013-01-19 25:00:00,   25.355650,    0.702341
2013-01-20 25:00:00,   26.171222,    0.704370
2013-01-21 25:00:00,   25.901274,    0.706819
2013-01-22 25:00:00,   26.522590,    0.709580
2013-01-23 25:00:00,   25.675842,    0.711296
2013-01-24 25:00:00,   25.213934,    0.713090
2013-01-25 25:00:00,   25.455506,    0.714278
2013-01-26 25:00:00,   26.081717,    0.716569
2013-01-27 25:00:00,   26.576454,    0.719203
2013-01-28 25:00:00,   26.159457,    0.719397
2013-01-29 25:00:00,   26.355245,    0.721556
2013-01-30 25:00:00,   26.386771,    0.723389
2013-01-31 25:00:00,   26.552726,    0.725507
2013-02-01 25:00:00,   26.442517,    0.726825
2013-02-02 25:00:00,   27.680796,    0.729487
2013-02-03 25:00:00,   28.319605,    0.731370
2013-02-04 25:00:00,   28.215517,    0.733537
2013-02-05 25:00:00,   26.920782,    0.734331
2013-02-06 25:00:00,   25.929483,    0.734609
2013-02-07 25:00:00,   25.823913,    0.734737
2013-02-08 25:00:00,   26.233461,    0.736326
2013-02-09 25:00:00,   26.477452,    0.738142
2013-02-10 25:00:00,   26.851099,    0.740972
2013-02-11 25:00:00,   26.839530,    0.743255
2013-02-12 25:00:00,   27.751673,    0.745261
2013-02-13 25:00:00,   28.754886,    0.747617
2013-02-14 25:00:00,   27.401558,    0.749352
2013-02-15 25:00:00,   27.569222,    0.750513
2013-02-16 25:00:00,   27.861967,    0.752817
2013-02-17 25:00:00,   25.510812,    0.750668
2013-02-18 25:00:00,   25.508994,    0.749874
2013-02-19 25:00:00,   25.544657,    0.751589
2013-02-20 25:00:00,   26.589824,    0.753116
2013-02-21 25:00:00,   27.414055,    0.755053
2013-02-22 25:00:00,   25.327392,    0.755977
2013-02-23 25:00:00,   25.080194,    0.756138
2013-02-24 25:00:00,   25.040403,    0.757423
2013-02-25 25:00:00,   25.415011,    0.758728
2013-02-26 25:00:00,   26.302457,    0.760219
2013-02-27 25:00:00,   26.612638,    0.762726
2013-02-28 25:00:00,   26.400627,    0.764832
2013-03-01 25:00:00,   26.399843,    0.766367
2013-03-02 25:00:00,   27.003428,    0.768506
2013-03-03 25:00:00,   28.133876,    0.769856
2013-03-04 25:00:00,   27.183421,    0.769937
2013-03-05 25:00:00,   26.959324,    0.771609
2013-03-06 25:00:00,   26.413605,    0.772343
2013-03-07 25:00:00,   26.252973,    0.772116
2013-03-08 25:00:00,   26.171970,    0.773771
2013-03-09 25:00:00,   26.469935,    0.775193
2013-03-10 25:00:00,   25.252685,    0.775532
2013-03-11 25:00:00,   24.452003,    0.774724
2013-03-12 25:00:00,   23.837614,    0.773334
2013-03-13 25:00:00,   24.186806,    0.771085
2013-03-14 25:00:00,   22.740713,    0.766568
2013-03-15 25:00:00,   23.504414,    0.767346
2013-03-16 25:00:00,   24.054501,    0.754552
2013-03-17 25:00:00,   25.190751,    0.764770
2013-03-18 25:00:00,   25.592115,    0.765640
2013-03-19 25:00:00,   25.526478,    0.766996
2013-03-20 25:00:00,   23.956279,    0.768466
2013-03-21 25:00:00,   23.060269,    0.769275
2013-03-22 25:00:00,   22.963361,    0.768424
2013-03-23 25:00:00,   23.215645,    0.768896
2013-03-24 25:00:00,   23.371151,    0.770519
2013-03-25 25:00:00,   22.767591,    0.757299
2013-03-26 25:00:00,   21.373418,    0.727895
2013-03-27 25:00:00,   21.778910,    0.728065
2013-03-28 25:00:00,   21.754394,    0.727872
2013-03-29 25:00:00,   22.262576,    0.728892
2013-03-30 25:00:00,   22.543863,    0.729874
2013-03-31 25:00:00,   22.851240,    0.731244
2013-04-01 25:00:00,   23.333311,    0.732644
2013-04-02 25:00:00,   23.429806,    0.734076
2013-04-03 25:00:00,   23.565292,    0.734262
2013-04-04 25:00:00,   25.001517,    0.735338
2013-04-05 25:00:00,   24.803595,    0.736522
2013-04-06 25:00:00,   24.003268,    0.737468
2013-04-07 25:00:00,   24.078526,    0.738294
2013-04-08 25:00:00,   25.217859,    0.739726
2013-04-09 25:00:00,   25.586774,    0.740051
2013-04-10 25:00:00,   25.979901,    0.741418
2013-04-11 25:00:00,   25.117464,    0.742279
2013-04-12 25:00:00,   23.799316,    0.738797
2013-04-13 25:00:00,   23.555051,    0.739109
2013-04-14 25:00:00,   24.038924,    0.739613
2013-04-15 25:00:00,   24.071233,    0.740214
2013-04-16 25:00:00,   24.215482,    0.740651
2013-04-17 25:00:00,   24.454397,    0.740456
2013-04-18 25:00:00,   24.399791,    0.741428
2013-04-19 25:00:00,   23.509797,    0.723202
2013-04-20 25:00:00,   22.498650,    0.725492
2013-04-21 25:00:00,   21.634879,    0.725919
2013-04-22 25:00:00,   21.979988,    0.724460
2013-04-23 25:00:00,   22.146985,    0.725130
2013-04-24 25:00:00,   21.481080,    0.725231
2013-04-25 25:00:00,   21.234078,    0.725524
2013-04-26 25:00:00,   21.707398,    0.726145
2013-04-27 25:00:00,   21.477747,    0.726496
2013-04-28 25:00:00,   21.091280,    0.726896
2013-04-29 25:00:00,   20.660341,    0.727199
2013-04-30 25:00:00,   20.916077,    0.727555
2013-05-01 25:00:00,   20.712289,    0.711849
2013-05-02 25:00:00,   20.343919,    0.716397
2013-05-03 25:00:00,   20.389533,    0.717221
2013-05-04 25:00:00,   20.578868,    0.717677
2013-05-05 25:00:00,   20.570421,    0.717574
2013-05-06 25:00:00,   20.761882,    0.718483
2013-05-07 25:00:00,   19.926710,    0.711833
2013-05-08 25:00:00,   19.060740,    0.698224
2013-05-09 25:00:00,   18.089947,    0.683907
2013-05-10 25:00:00,   17.581786,    0.673004
2013-05-11 25:00:00,   17.355249,    0.673505
2013-05-12 25:00:00,   17.678797,    0.675885
2013-05-13 25:00:00,   17.230077,    0.676259
2013-05-14 25:00:00,   17.179911,    0.678491
2013-05-15 25:00:00,   17.418750,    0.679202
2013-05-16 25:00:00,   16.930998,    0.674192
2013-05-17 25:00:00,   17.012060,    0.675253
2013-05-18 25:00:00,   16.851376,    0.675453
2013-05-19 25:00:00,   17.151675,    0.677757
2013-05-20 25:00:00,   16.510529,    0.664199
2013-05-21 25:00:00,   17.031985,    0.672072
2013-05-22 25:00:00,   17.312162,    0.672363
2013-05-23 25:00:00,   16.604776,    0.672757
2013-05-24 25:00:00,   16.633738,    0.676045
2013-05-25 25:00:00,   16.617472,    0.681387
2013-05-26 25:00:00,   16.942553,    0.681093
2013-05-27 25:00:00,   17.081135,    0.674525
2013-05-28 25:00:00,   17.128860,    0.675107
2013-05-29 25:00:00,   16.444587,    0.696611
2013-05-30 25:00:00,   15.946240,    0.697294
2013-05-31 25:00:00,   15.751581,    0.697888
2013-06-01 25:00:00,   15.432446,    0.697988
2013-06-02 25:00:00,   15.314145,    0.698315
2013-06-03 25:00:00,   15.590195,    0.698860
2013-06-04 25:00:00,   15.327717,    0.698958
2013-06-05 25:00:00,   15.302099,    0.698175
2013-06-06 25:00:00,   15.670794,    0.698664
2013-06-07 25:00:00,   15.271022,    0.698687
2013-06-08 25:00:00,   15.386166,    0.698951
2013-06-09 25:00:00,   15.698410,    0.698806
2013-06-10 25:00:00,   15.808236,    0.699245
2013-06-11 25:00:00,   15.387665,    0.699389
2013-06-12 25:00:00,   15.282279,    0.699959
2013-06-13 25:00:00,   15.598700,    0.700483
2013-06-14 25:00:00,   14.933798,    0.700482
2013-06-15 25:00:00,   15.449456,    0.701076
2013-06-16 25:00:00,   15.646111,    0.697491
2013-06-17 25:00:00,   15.157665,    0.699737
2013-06-18 25:00:00,   15.087346,    0.699750
2013-06-19 25:00:00,   15.119804,    0.699801
2013-06-20 25:00:00,   15.325703,    0.700032
2013-06-21 25:00:00,   14.653966,    0.700192
2013-06-22 25:00:00,   14.433533,    0.700559
2013-06-23 25:00:00,   14.151342,    0.695650
2013-06-24 25:00:00,   14.284998,    0.695968
2013-06-25 25:00:00,   14.392125,    0.696199
2013-06-26 25:00:00,   14.695176,    0.696627
2013-06-27 25:00:00,   14.973317,    0.696540
2013-06-28 25:00:00,   14.834280,    0.696959
2013-06-29 25:00:00,   15.041790,    0.697171
2013-06-30 25:00:00,   15.000341,    0.697379
2013-07-01 25:00:00,   15.050493,    0.697280
2013-07-02 25:00:00,   15.058926,    0.697941
2013-07-03 25:00:00,   14.488596,    0.696279
2013-07-04 25:00:00,   14.418469,    0.696629
2013-07-05 25:00:00,   14.491315,    0.697037
2013-07-06 25:00:00,   14.029127,    0.697140
2013-07-07 25:00:00,   14.104130,    0.697588
2013-07-08 25:00:00,   14.261244,    0.697783
2013-07-09 25:00:00,   13.649467,    0.692738
2013-07-10 25:00:00,   13.964307,    0.693094
2013-07-11 25:00:00,   14.139892,    0.678214
2013-07-12 25:00:00,   14.719685,    0.655973
2013-07-13 25:00:00,   14.335538,    0.667604
2013-07-14 25:00:00,   14.557602,    0.669722
2013-07-15 25:00:00,   14.833303,    0.671555
2013-07-16 25:00:00,   14.285777,    0.673615
2013-07-17 25:00:00,   13.750380,    0.674815
2013-07-18 25:00:00,   13.749719,    0.675670
2013-07-19 25:00:00,   13.663425,    0.679171
2013-07-20 25:00:00,   13.594918,    0.679471
2013-07-21 25:00:00,   13.571127,    0.679862
2013-07-22 25:00:00,   13.209817,    0.679958
2013-07-23 25:00:00,   13.162346,    0.669909
2013-07-24 25:00:00,   13.448930,    0.668370
2013-07-25 25:00:00,   13.562447,    0.666918
2013-07-26 25:00:00,   13.264633,    0.653442
2013-07-27 25:00:00,   13.300466,    0.650762
2013-07-28 25:00:00,   13.420208,    0.650937
2013-07-29 25:00:00,   13.672365,    0.650184
2013-07-30 25:00:00,   13.626570,    0.650191
2013-07-31 25:00:00,   14.172134,    0.649533
2013-08-01 25:00:00,   14.569632,    0.649347
2013-08-02 25:00:00,   14.978395,    0.647968
2013-08-03 25:00:00,   15.977880,    0.648325
2013-08-04 25:00:00,   16.036586,    0.648803
2013-08-05 25:00:00,   16.690802,    0.646044
2013-08-06 25:00:00,   17.042811,    0.645190
2013-08-07 25:00:00,   17.384278,    0.630712
2013-08-08 25:00:00,   16.937304,    0.630467
2013-08-09 25:00:00,   16.936743,    0.630838
2013-08-10 25:00:00,   16.774883,    0.621665
2013-08-11 25:00:00,   16.273320,    0.619263
2013-08-12 25:00:00,   16.034664,    0.622636
2013-08-13 25:00:00,   15.782442,    0.617295
2013-08-14 25:00:00,   15.458499,    0.619889
2013-08-15 25:00:00,   14.724121,    0.616392
2013-08-16 25:00:00,   14.320997,    0.617104
2013-08-17 25:00:00,   14.996179,    0.618949
2013-08-18 25:00:00,   15.138944,    0.619222
2013-08-19 25:00:00,   15.383124,    0.619578
2013-08-20 25:00:00,   15.591960,    0.619476
2013-08-21 25:00:00,   16.137477,    0.618759
2013-08-22 25:00:00,   16.713105,    0.619467
2013-08-23 25:00:00,   16.941116,    0.619356
2013-08-24 25:00:00,   17.557667,    0.620483
2013-08-25 25:00:00,   16.644428,    0.610696
2013-08-26 25:00:00,   16.161014,    0.604914
2013-08-27 25:00:00,   15.512111,    0.596333
2013-08-28 25:00:00,   15.767450,    0.594179
2013-08-29 25:00:00,   15.942880,    0.590480
2013-08-30 25:00:00,   16.185736,    0.586826
2013-08-31 25:00:00,   16.629576,    0.586595
2013-09-01 25:00:00,   17.680550,    0.587149
2013-09-02 25:00:00,   18.867589,    0.587555
2013-09-03 25:00:00,   17.416949,    0.585599
2013-09-04 25:00:00,   17.527379,    0.587187
2013-09-05 25:00:00,   17.782786,    0.587688
2013-09-06 25:00:00,   18.051209,    0.588098
2013-09-07 25:00:00,   17.674777,    0.588083
2013-09-08 25:00:00,   18.379491,    0.587892
2013-09-09 25:00:00,   19.361640,    0.588929
2013-09-10 25:00:00,   18.517466,    0.589052
2013-09-11 25:00:00,   17.198848,    0.575733
2013-09-12 25:00:00,   17.104381,    0.577242
2013-09-13 25:00:00,   17.014650,    0.576038
2013-09-14 25:00:00,   15.929638,    0.570358
2013-09-15 25:00:00,   16.707345,    0.564464
2013-09-16 25:00:00,   15.585638,    0.551267
2013-09-17 25:00:00,   15.734375,    0.554428
2013-09-18 25:00:00,   15.716817,    0.552391
2013-09-19 25:00:00,   15.816627,    0.553004
2013-09-20 25:00:00,   15.952356,    0.552369
2013-09-21 25:00:00,   16.860565,    0.552732
2013-09-22 25:00:00,   16.489801,    0.545981
2013-09-23 25:00:00,   16.675253,    0.546289
2013-09-24 25:00:00,   16.447035,    0.544887
2013-09-25 25:00:00,   17.241100,    0.546000
2013-09-26 25:00:00,   16.846357,    0.544489
2013-09-27 25:00:00,   18.253908,    0.545472
2013-09-28 25:00:00,   18.166141,    0.546157
2013-09-29 25:00:00,   17.380686,    0.529950
2013-09-30 25:00:00,   17.780429,    0.527373
2013-10-01 25:00:00,   18.494413,    0.525451
2013-10-02 25:00:00,   19.297665,    0.523045
2013-10-03 25:00:00,   20.018756,    0.524196
2013-10-04 25:00:00,   20.656304,    0.524589
2013-10-05 25:00:00,   20.483210,    0.519741
2013-10-06 25:00:00,   21.012566,    0.522459
2013-10-07 25:00:00,   21.220156,    0.523274
2013-10-08 25:00:00,   20.970500,    0.522955
2013-10-09 25:00:00,   20.869213,    0.516033
2013-10-10 25:00:00,   21.771293,    0.518078
2013-10-11 25:00:00,   19.817900,    0.519037
2013-10-12 25:00:00,   19.541435,    0.521254
2013-10-13 25:00:00,   19.750372,    0.522241
2013-10-14 25:00:00,   20.474996,    0.523411
2013-10-15 25:00:00,   20.364535,    0.524023
2013-10-16 25:00:00,   20.448471,    0.524349
2013-10-17 25:00:00,   21.594458,    0.524408
2013-10-18 25:00:00,   22.051949,    0.526079
2013-10-19 25:00:00,   20.105976,    0.517725
2013-10-20 25:00:00,   19.518306,    0.510597
2013-10-21 25:00:00,   19.988685,    0.512729
2013-10-22 25:00:00,   20.256858,    0.514162
2013-10-23 25:00:00,   20.571753,    0.516779
2013-10-24 25:00:00,   20.700490,    0.518397
2013-10-25 25:00:00,   21.439037,    0.518321
2013-10-26 25:00:00,   22.372470,    0.519338
2013-10-27 25:00:00,   23.182034,    0.520228
2013-10-28 25:00:00,   23.637400,    0.521467
2013-10-29 25:00:00,   24.435899,    0.523054
2013-10-30 25:00:00,   26.010053,    0.524583
2013-10-31 25:00:00,   24.586900,    0.525339
2013-11-01 25:00:00,   24.340452,    0.526770
2013-11-02 25:00:00,   24.028899,    0.528363
2013-11-03 25:00:00,   24.815216,    0.529712
2013-11-04 25:00:00,   25.139508,    0.531071
2013-11-05 25:00:00,   23.670952,    0.531930
2013-11-06 25:00:00,   22.764505,    0.532199
2013-11-07 25:00:00,   23.008007,    0.533072
2013-11-08 25:00:00,   23.426487,    0.534641
2013-11-09 25:00:00,   24.197439,    0.535811
2013-11-10 25:00:00,   24.986640,    0.537441
2013-11-11 25:00:00,   25.168043,    0.538835
2013-11-12 25:00:00,   24.126073,    0.540617
2013-11-13 25:00:00,   23.517529,    0.541700
2013-11-14 25:00:00,   24.255926,    0.543586
2013-11-15 25:00:00,   24.565533,    0.545240
2013-11-16 25:00:00,   25.328945,    0.546215
2013-11-17 25:00:00,   26.621399,    0.547465
2013-11-18 25:00:00,   24.821882,    0.549295
2013-11-19 25:00:00,   23.808390,    0.550451
2013-11-20 25:00:00,   23.729418,    0.552402
2013-11-21 25:00:00,   24.219786,    0.553356
2013-11-22 25:00:00,   25.076998,    0.554709
2013-11-23 25:00:00,   26.304060,    0.556273
2013-11-24 25:00:00,   24.727090,    0.557427
2013-11-25 25:00:00,   24.648211,    0.559115
2013-11-26 25:00:00,   24.843096,    0.560449
2013-11-27 25:00:00,   24.795346,    0.559914
2013-11-28 25:00:00,   25.429576,    0.561720
2013-11-29 25:00:00,   23.654764,    0.561992
2013-11-30 25:00:00,   23.678503,    0.563029
2013-12-01 25:00:00,   24.625687,    0.564155
2013-12-02 25:00:00,   24.345678,    0.565722
2013-12-03 25:00:00,   23.312313,    0.567214
2013-12-04 25:00:00,   24.270436,    0.569040
2013-12-05 25:00:00,   24.308098,    0.568818
2013-12-06 25:00:00,   25.045531,    0.572268
2013-12-07 25:00:00,   24.477394,    0.573693
2013-12-08 25:00:00,   23.836660,    0.575403
2013-12-09 25:00:00,   23.957100,    0.575768
2013-12-10 25:00:00,   24.305587,    0.577135
2013-12-11 25:00:00,   25.017077,    0.578857
2013-12-12 25:00:00,   25.789210,    0.580209
2013-12-13 25:00:00,   27.091938,    0.582130
2013-12-14 25:00:00,   27.753497,    0.583561
2013-12-15 25:00:00,   29.018953,    0.584902
2013-12-16 25:00:00,   29.404293,    0.587356
2013-12-17 25:00:00,   28.812268,    0.588131
2013-12-18 25:00:00,   26.700122,    0.589521
2013-12-19 25:00:00,   25.592768,    0.589971
2013-12-20 25:00:00,   25.149231,    0.591319
2013-12-21 25:00:00,   25.177468,    0.592643
2013-12-22 25:00:00,   25.334981,    0.594365
2013-12-23 25:00:00,   26.245520,    0.595808
2013-12-24 25:00:00,   26.652651,    0.597403
2013-12-25 25:00:00,   26.569929,    0.599621
2013-12-26 25:00:00,   26.911541,    0.601115
2013-12-27 25:00:00,   26.219163,    0.601817
2013-12-28 25:00:00,   26.231947,    0.603039
2013-12-29 25:00:00,   25.984268,    0.605453
2013-12-30 25:00:00,   26.737927,    0.607180
2013-12-31 25:00:00,   26.045186,    0.608617
2014-01-01 25:00:00,   26.362611,    0.610434
2014-01-02 25:00:00,   26.107275,    0.611445
2014-01-03 25:00:00,   25.340491,    0.613267
2014-01-04 25:00:00,   24.730868,    0.612683
2014-01-05 25:00:00,   25.504151,    0.614309
2014-01-06 25:00:00,   26.781754,    0.616038
2014-01-07 25:00:00,   26.780032,    0.618297
2014-01-08 25:00:00,   26.422099,    0.620082
2014-01-09 25:00:00,   26.265869,    0.622263
2014-01-10 25:00:00,   26.919543,    0.622971
2014-01-11 25:00:00,   28.315269,    0.626224
2014-01-12 25:00:00,   28.690933,    0.628556
2014-01-13 25:00:00,   27.015724,    0.630143
2014-01-14 25:00:00,   26.699687,    0.631668
2014-01-15 25:00:00,   26.560045,    0.633383
2014-01-16 25:00:00,   25.514682,    0.633389
2014-01-17 25:00:00,   25.867149,    0.633553
2014-01-18 25:00:00,   26.696772,    0.634949
2014-01-19 25:00:00,   27.175727,    0.637633
2014-01-20 25:00:00,   27.446579,    0.639928
2014-01-21 25:00:00,   27.717637,    0.642561
2014-01-22 25:00:00,   28.080227,    0.644450
2014-01-23 25:00:00,   28.429777,    0.647616
2014-01-24 25:00:00,   27.958556,    0.649563
2014-01-25 25:00:00,   27.373076,    0.647334
2014-01-26 25:00:00,   27.522317,    0.648825
2014-01-27 25:00:00,   26.083221,    0.650287
2014-01-28 25:00:00,   26.053214,    0.650908
2014-01-29 25:00:00,   26.123794,    0.652393
2014-01-30 25:00:00,   26.982744,    0.653938
2014-01-31 25:00:00,   26.735280,    0.656139
2014-02-01 25:00:00,   26.030452,    0.657521
2014-02-02 25:00:00,   26.057717,    0.657970
2014-02-03 25:00:00,   26.601637,    0.657999
2014-02-04 25:00:00,   27.161077,    0.659902
2014-02-05 25:00:00,   26.986021,    0.661521
2014-02-06 25:00:00,   26.997995,    0.663159
2014-02-07 25:00:00,   25.867949,    0.664397
2014-02-08 25:00:00,   25.246622,    0.664175
2014-02-09 25:00:00,   25.083526,    0.665301
2014-02-10 25:00:00,   24.518258,    0.666146
2014-02-11 25:00:00,   25.301805,    0.666077
2014-02-12 25:00:00,   25.675545,    0.667373
2014-02-13 25:00:00,   26.152732,    0.667807
2014-02-14 25:00:00,   27.159372,    0.669336
2014-02-15 25:00:00,   27.341999,    0.671097
2014-02-16 25:00:00,   26.077340,    0.672440
2014-02-17 25:00:00,   26.353022,    0.673499
2014-02-18 25:00:00,   26.287215,    0.675037
2014-02-19 25:00:00,   26.387780,    0.676067
2014-02-20 25:00:00,   26.685437,    0.677606
2014-02-21 25:00:00,   26.525360,    0.678681
2014-02-22 25:00:00,   26.615277,    0.680608
2014-02-23 25:00:00,   27.356429,    0.682132
2014-02-24 25:00:00,   27.184531,    0.683642
2014-02-25 25:00:00,   26.785505,    0.684908
2014-02-26 25:00:00,   26.443004,    0.685910
2014-02-27 25:00:00,   26.007034,    0.685582
2014-02-28 25:00:00,   26.259514,    0.686573
2014-03-01 25:00:00,   26.974761,    0.688377
2014-03-02 25:00:00,   27.145841,    0.689754
2014-03-03 25:00:00,   26.084592,    0.690243
2014-03-04 25:00:00,   25.538286,    0.691066
2014-03-05 25:00:00,   25.236156,    0.689841
2014-03-06 25:00:00,   25.973519,    0.690948
2014-03-07 25:00:00,   26.344107,    0.692915
2014-03-08 25:00:00,   25.135360,    0.693598
2014-03-09 25:00:00,   24.827553,    0.694394
2014-03-10 25:00:00,   24.225201,    0.694051
2014-03-11 25:00:00,   24.381987,    0.693051
2014-03-12 25:00:00,   24.916830,    0.694193
2014-03-13 25:00:00,   24.454788,    0.695167
2014-03-14 25:00:00,   23.508332,    0.695889
2014-03-15 25:00:00,   23.420304,    0.696149
2014-03-16 25:00:00,   23.943004,    0.696955
2014-03-17 25:00:00,   23.504785,    0.697053
2014-03-18 25:00:00,   24.042497,    0.697649
2014-03-19 25:00:00,   24.377816,    0.699078
2014-03-20 25:00:00,   24.176856,    0.700529
2014-03-21 25:00:00,   24.146122,    0.700849
2014-03-22 25:00:00,   24.386355,    0.702721
2014-03-23 25:00:00,   24.802645,    0.704275
2014-03-24 25:00:00,   24.231971,    0.704473
2014-03-25 25:00:00,   23.520080,    0.700194
2014-03-26 25:00:00,   23.643916,    0.700111
2014-03-27 25:00:00,   24.086751,    0.700690
2014-03-28 25:00:00,   25.000960,    0.701604
2014-03-29 25:00:00,   23.159180,    0.698447
2014-03-30 25:00:00,   22.381843,    0.698214
2014-03-31 25:00:00,   22.016756,    0.696695
2014-04-01 25:00:00,   21.709865,    0.696471
2014-04-02 25:00:00,   21.601117,    0.697152
2014-04-03 25:00:00,   21.617027,    0.696648
2014-04-04 25:00:00,   21.005121,    0.696809
2014-04-05 25:00:00,   21.489510,    0.696720
2014-04-06 25:00:00,   22.063192,    0.697487
2014-04-07 25:00:00,   22.153695,    0.698477
2014-04-08 25:00:00,   22.712977,    0.698539
2014-04-09 25:00:00,   22.910404,    0.699422
2014-04-10 25:00:00,   22.456341,    0.700959
2014-04-11 25:00:00,   23.282832,    0.701409
2014-04-12 25:00:00,   24.098096,    0.702482
2014-04-13 25:00:00,   24.449192,    0.703076
2014-04-14 25:00:00,   25.021306,    0.703868
2014-04-15 25:00:00,   24.673433,    0.704643
2014-04-16 25:00:00,   23.993648,    0.705365
2014-04-17 25:00:00,   23.457776,    0.705618
2014-04-18 25:00:00,   22.778270,    0.705900
2014-04-19 25:00:00,   22.111280,    0.705810
2014-04-20 25:00:00,   21.626133,    0.705691
2014-04-21 25:00:00,   21.338532,    0.705821
2014-04-22 25:00:00,   21.203527,    0.705129
2014-04-23 25:00:00,   20.975416,    0.705560
2014-04-24 25:00:00,   20.359615,    0.705498
2014-04-25 25:00:00,   20.731160,    0.705455
2014-04-26 25:00:00,   20.248065,    0.701113
2014-04-27 25:00:00,   20.387558,    0.701473
2014-04-28 25:00:00,   19.590900,    0.701817
2014-04-29 25:00:00,   19.564046,    0.701852
2014-04-30 25:00:00,   19.538807,    0.701987
2014-05-01 25:00:00,   19.117314,    0.702255
2014-05-02 25:00:00,   18.937884,    0.702568
2014-05-03 25:00:00,   19.410162,    0.702759
2014-05-04 25:00:00,   18.864871,    0.703079
2014-05-05 25:00:00,   18.512777,    0.702161
2014-05-06 25:00:00,   19.145387,    0.702229
2014-05-07 25:00:00,   18.758368,    0.681932
2014-05-08 25:00:00,   17.979421,    0.690819
2014-05-09 25:00:00,   18.296655,    0.690638
2014-05-10 25:00:00,   18.826007,    0.687641
2014-05-11 25:00:00,   18.933227,    0.688659
2014-05-12 25:00:00,   18.401263,    0.689352
2014-05-13 25:00:00,   18.634084,    0.689898
2014-05-14 25:00:00,   18.332443,    0.690219
2014-05-15 25:00:00,   18.679591,    0.689141
2014-05-16 25:00:00,   18.811671,    0.688489
2014-05-17 25:00:00,   19.101126,    0.680021
2014-05-18 25:00:00,   18.689894,    0.684674
2014-05-19 25:00:00,   19.009103,    0.684913
2014-05-20 25:00:00,   18.831728,    0.682575
2014-05-21 25:00:00,   18.838001,    0.683079
2014-05-22 25:00:00,   18.635661,    0.683763
2014-05-23 25:00:00,   18.249179,    0.678351
2014-05-24 25:00:00,   17.641545,    0.678574
2014-05-25 25:00:00,   17.423085,    0.678365
2014-05-26 25:00:00,   17.425970,    0.678982
2014-05-27 25:00:00,   17.437363,    0.675445
2014-05-28 25:00:00,   17.216211,    0.676916
2014-05-29 25:00:00,   17.658268,    0.678908
2014-05-30 25:00:00,   17.187569,    0.679234
2014-05-31 25:00:00,   16.576242,    0.687188
2014-06-01 25:00:00,   17.058782,    0.689926
2014-06-02 25:00:00,   17.593356,    0.690063
2014-06-03 25:00:00,   16.939036,    0.690264
2014-06-04 25:00:00,   17.114670,    0.690270
2014-06-05 25:00:00,   16.887223,    0.691684
2014-06-06 25:00:00,   16.549158,    0.695793
2014-06-07 25:00:00,   16.210973,    0.719961
2014-06-08 25:00:00,   15.952554,    0.720360
2014-06-09 25:00:00,   16.168882,    0.719731
2014-06-10 25:00:00,   15.763322,    0.717759
2014-06-11 25:00:00,   15.772629,    0.718291
2014-06-12 25:00:00,   15.695648,    0.718515
2014-06-13 25:00:00,   15.506751,    0.718680
2014-06-14 25:00:00,   15.514702,    0.718982
2014-06-15 25:00:00,   15.454408,    0.719284
2014-06-16 25:00:00,   15.119071,    0.719407
2014-06-17 25:00:00,   14.614133,    0.707681
2014-06-18 25:00:00,   14.529955,    0.707086
2014-06-19 25:00:00,   14.619327,    0.696216
2014-06-20 25:00:00,   14.660777,    0.686232
2014-06-21 25:00:00,   14.499824,    0.676840
2014-06-22 25:00:00,   14.149658,    0.676677
2014-06-23 25:00:00,   14.518791,    0.677283
2014-06-24 25:00:00,   14.473536,    0.677305
2014-06-25 25:00:00,   14.393245,    0.677515
2014-06-26 25:00:00,   14.016453,    0.677405
2014-06-27 25:00:00,   14.321349,    0.678089
2014-06-28 25:00:00,   14.065330,    0.678168
2014-06-29 25:00:00,   13.424383,    0.678290
2014-06-30 25:00:00,   13.318601,    0.678628
2014-07-01 25:00:00,   13.674242,    0.678794
2014-07-02 25:00:00,   13.810354,    0.674646
2014-07-03 25:00:00,   13.753355,    0.673584
2014-07-04 25:00:00,   13.589310,    0.671551
2014-07-05 25:00:00,   14.226309,    0.671703
2014-07-06 25:00:00,   14.066197,    0.668228
2014-07-07 25:00:00,   13.634064,    0.668653
2014-07-08 25:00:00,   13.379179,    0.667693
2014-07-09 25:00:00,   13.523322,    0.668024
2014-07-10 25:00:00,   13.742471,    0.668151
2014-07-11 25:00:00,   14.245447,    0.668406
2014-07-12 25:00:00,   13.844406,    0.668671
2014-07-13 25:00:00,   13.408314,    0.668713
2014-07-14 25:00:00,   13.405054,    0.663254
2014-07-15 25:00:00,   13.508949,    0.663476
2014-07-16 25:00:00,   14.228212,    0.664064
2014-07-17 25:00:00,   13.795182,    0.664300
2014-07-18 25:00:00,   14.257960,    0.664554
2014-07-19 25:00:00,   13.489044,    0.662916
2014-07-20 25:00:00,   14.103717,    0.655895
2014-07-21 25:00:00,   13.638017,    0.656997
2014-07-22 25:00:00,   13.510206,    0.653992
2014-07-23 25:00:00,   13.496745,    0.650917
2014-07-24 25:00:00,   14.170542,    0.647733
2014-07-25 25:00:00,   13.886416,    0.647786
2014-07-26 25:00:00,   13.977920,    0.646245
2014-07-27 25:00:00,   14.076377,    0.646461
2014-07-28 25:00:00,   14.252692,    0.646679
2014-07-29 25:00:00,   14.469910,    0.646633
2014-07-30 25:00:00,   14.607403,    0.646714
2014-07-31 25:00:00,   14.659763,    0.647384
2014-08-01 25:00:00,   14.746175,    0.647489
2014-08-02 25:00:00,   14.533719,    0.647574
2014-08-03 25:00:00,   15.286271,    0.648064
2014-08-04 25:00:00,   15.247693,    0.648536
2014-08-05 25:00:00,   15.110721,    0.648658
2014-08-06 25:00:00,   15.298160,    0.649022
2014-08-07 25:00:00,   15.163809,    0.648249
2014-08-08 25:00:00,   16.018852,    0.648585
2014-08-09 25:00:00,   16.170970,    0.649056
2014-08-10 25:00:00,   16.013511,    0.649012
2014-08-11 25:00:00,   16.285089,    0.649387
2014-08-12 25:00:00,   15.698238,    0.650098
2014-08-13 25:00:00,   15.723413,    0.650817
2014-08-14 25:00:00,   15.437848,    0.651311
2014-08-15 25:00:00,   15.780214,    0.651198
2014-08-16 25:00:00,   17.286322,    0.651211
2014-08-17 25:00:00,   17.023528,    0.643445
2014-08-18 25:00:00,   16.684485,    0.642411
2014-08-19 25:00:00,   17.459809,    0.642548
2014-08-20 25:00:00,   17.233628,    0.642084
2014-08-21 25:00:00,   17.360442,    0.641933
2014-08-22 25:00:00,   17.467064,    0.643036
2014-08-23 25:00:00,   17.457144,    0.643355
2014-08-24 25:00:00,   17.627521,    0.643619
2014-08-25 25:00:00,   18.270832,    0.644006
2014-08-26 25:00:00,   17.928811,    0.644463
2014-08-27 25:00:00,   18.670546,    0.644589
2014-08-28 25:00:00,   18.496859,    0.645356
2014-08-29 25:00:00,   18.160746,    0.605276
2014-08-30 25:00:00,   17.566321,    0.606493
2014-08-31 25:00:00,   17.202246,    0.601303
2014-09-01 25:00:00,   17.649847,    0.600193
2014-09-02 25:00:00,   17.225648,    0.599762
2014-09-03 25:00:00,   17.631408,    0.600633
2014-09-04 25:00:00,   17.661095,    0.602167
2014-09-05 25:00:00,   19.064718,    0.602805
2014-09-06 25:00:00,   18.096492,    0.599419
2014-09-07 25:00:00,   17.354955,    0.602192
2014-09-08 25:00:00,   16.243048,    0.606655
2014-09-09 25:00:00,   16.358560,    0.609599
2014-09-10 25:00:00,   17.390730,    0.610031
2014-09-11 25:00:00,   18.080616,    0.610047
2014-09-12 25:00:00,   18.884901,    0.611062
2014-09-13 25:00:00,   19.263537,    0.612008
2014-09-14 25:00:00,   19.832482,    0.612939
2014-09-15 25:00:00,   19.297767,    0.613203
2014-09-16 25:00:00,   19.798603,    0.614140
2014-09-17 25:00:00,   19.179440,    0.613479
2014-09-18 25:00:00,   20.060314,    0.614210
2014-09-19 25:00:00,   21.276338,    0.615113
2014-09-20 25:00:00,   21.540974,    0.616519
2014-09-21 25:00:00,   19.177619,    0.601759
2014-09-22 25:00:00,   19.036720,    0.599342
2014-09-23 25:00:00,   18.778451,    0.587896
2014-09-24 25:00:00,   19.979584,    0.578061
2014-09-25 25:00:00,   20.539851,    0.578897
2014-09-26 25:00:00,   20.313078,    0.579954
2014-09-27 25:00:00,   18.235380,    0.579212
2014-09-28 25:00:00,   17.639726,    0.580981
2014-09-29 25:00:00,   18.240834,    0.581627
2014-09-30 25:00:00,   19.500182,    0.582417
2014-10-01 25:00:00,   20.383832,    0.583575
2014-10-02 25:00:00,   21.127978,    0.584544
2014-10-03 25:00:00,   22.420162,    0.585847
2014-10-04 25:00:00,   23.046891,    0.586729
2014-10-05 25:00:00,   20.258454,    0.584959
2014-10-06 25:00:00,   20.674405,    0.585930
2014-10-07 25:00:00,   21.240912,    0.586687
2014-10-08 25:00:00,   21.981137,    0.587696
2014-10-09 25:00:00,   21.867915,    0.588598
2014-10-10 25:00:00,   21.965629,    0.589796
2014-10-11 25:00:00,   21.534830,    0.590600
2014-10-12 25:00:00,   21.199211,    0.591739
2014-10-13 25:00:00,   21.377317,    0.592081
2014-10-14 25:00:00,   22.139339,    0.593411
2014-10-15 25:00:00,   23.351928,    0.595040
2014-10-16 25:00:00,   23.896769,    0.596318
2014-10-17 25:00:00,   24.153692,    0.594771
2014-10-18 25:00:00,   22.048157,    0.581825
2014-10-19 25:00:00,   20.600786,    0.583711
2014-10-20 25:00:00,   20.630325,    0.584337
2014-10-21 25:00:00,   21.875852,    0.585498
2014-10-22 25:00:00,   22.321348,    0.586440
2014-10-23 25:00:00,   22.709797,    0.587461
2014-10-24 25:00:00,   23.248367,    0.588210
2014-10-25 25:00:00,   22.665043,    0.589319
2014-10-26 25:00:00,   22.586994,    0.590673
2014-10-27 25:00:00,   22.793720,    0.591808
2014-10-28 25:00:00,   22.506946,    0.592524
2014-10-29 25:00:00,   22.448605,    0.593837
2014-10-30 25:00:00,   21.950790,    0.594949
2014-10-31 25:00:00,   22.188688,    0.596101
2014-11-01 25:00:00,   22.962787,    0.597364
2014-11-02 25:00:00,   22.621447,    0.598503
2014-11-03 25:00:00,   22.426806,    0.600000
2014-11-04 25:00:00,   22.754064,    0.600929
2014-11-05 25:00:00,   23.183756,    0.602858
2014-11-06 25:00:00,   21.934502,    0.602512
2014-11-07 25:00:00,   21.826651,    0.604047
2014-11-08 25:00:00,   21.970002,    0.604826
2014-11-09 25:00:00,   23.707856,    0.605922
2014-11-10 25:00:00,   22.982310,    0.607199
2014-11-11 25:00:00,   23.730409,    0.608909
2014-11-12 25:00:00,   22.732518,    0.609548
2014-11-13 25:00:00,   21.523262,    0.610888
2014-11-14 25:00:00,   21.283577,    0.611547
2014-11-15 25:00:00,   22.034907,    0.613321
2014-11-16 25:00:00,   22.458650,    0.614282
2014-11-17 25:00:00,   24.399362,    0.615198
2014-11-18 25:00:00,   24.349484,    0.616533
2014-11-19 25:00:00,   24.802971,    0.617878
2014-11-20 25:00:00,   24.424236,    0.616934
2014-11-21 25:00:00,   24.065233,    0.618360
2014-11-22 25:00:00,   23.848432,    0.619408
2014-11-23 25:00:00,   23.125907,    0.621057
2014-11-24 25:00:00,   23.101002,    0.621397
2014-11-25 25:00:00,   23.816602,    0.623628
2014-11-26 25:00:00,   23.043723,    0.612603
2014-11-27 25:00:00,   23.639965,    0.611785
2014-11-28 25:00:00,   24.110391,    0.613329
2014-11-29 25:00:00,   24.798577,    0.614896
2014-11-30 25:00:00,   25.106481,    0.617131
2014-12-01 25:00:00,   24.132428,    0.618056
2014-12-02 25:00:00,   24.173458,    0.619584
2014-12-03 25:00:00,   24.457424,    0.621098
2014-12-04 25:00:00,   24.552379,    0.623057
2014-12-05 25:00:00,   23.232650,    0.623686
2014-12-06 25:00:00,   24.636090,    0.625232
2014-12-07 25:00:00,   25.097409,    0.626863
2014-12-08 25:00:00,   23.871931,    0.628408
2014-12-09 25:00:00,   23.051995,    0.630040
2014-12-10 25:00:00,   23.408120,    0.630950
2014-12-11 25:00:00,   24.704404,    0.632742
2014-12-12 25:00:00,   23.870898,    0.635221
2014-12-13 25:00:00,   23.611754,    0.637092
2014-12-14 25:00:00,   23.618751,    0.638191
2014-12-15 25:00:00,   23.547971,    0.639479
2014-12-16 25:00:00,   23.941449,    0.640697
2014-12-17 25:00:00,   23.678844,    0.642637
2014-12-18 25:00:00,   24.334591,    0.643466
2014-12-19 25:00:00,   25.279723,    0.645081
2014-12-20 25:00:00,   25.105418,    0.647783
2014-12-21 25:00:00,   24.850637,    0.648275
2014-12-22 25:00:00,   25.441086,    0.650238
2014-12-23 25:00:00,   25.368089,    0.652133
2014-12-24 25:00:00,   25.200695,    0.653941
2014-12-25 25:00:00,   25.588636,    0.655937
2014-12-26 25:00:00,   25.584115,    0.657066
2014-12-27 25:00:00,   26.449398,    0.659309
2014-12-28 25:00:00,   26.206542,    0.661520
2014-12-29 25:00:00,   27.064439,    0.663648
2014-12-30 25:00:00,   27.307694,    0.666083
2014-12-31 25:00:00,   26.787554,    0.667811
2015-01-01 25:00:00,   26.732356,    0.669858
2015-01-02 25:00:00,   25.073140,    0.668917
2015-01-03 25:00:00,   25.302238,    0.671363
2015-01-04 25:00:00,   25.751412,    0.672184
2015-01-05 25:00:00,   28.042231,    0.673492
2015-01-06 25:00:00,   27.757085,    0.677158
2015-01-07 25:00:00,   26.538563,    0.678284
2015-01-08 25:00:00,   25.794557,    0.679920
2015-01-09 25:00:00,   25.314217,    0.680828
2015-01-10 25:00:00,   25.850758,    0.683069
2015-01-11 25:00:00,   25.690767,    0.683610
2015-01-12 25:00:00,   26.751313,    0.685734
2015-01-13 25:00:00,   27.384027,    0.687448
2015-01-14 25:00:00,   28.074401,    0.689956
2015-01-15 25:00:00,   26.889075,    0.691683
2015-01-16 25:00:00,   26.974657,    0.693489
2015-01-17 25:00:00,   27.329762,    0.695017
2015-01-18 25:00:00,   28.674623,    0.696933
2015-01-19 25:00:00,   29.043192,    0.699069
2015-01-20 25:00:00,   30.198176,    0.701276
2015-01-21 25:00:00,   28.540615,    0.702422
2015-01-22 25:00:00,   26.581724,    0.702544
2015-01-23 25:00:00,   26.079942,    0.702805
2015-01-24 25:00:00,   25.451991,    0.704540
2015-01-25 25:00:00,   25.878671,    0.706062
2015-01-26 25:00:00,   26.236391,    0.707534
2015-01-27 25:00:00,   26.632396,    0.709055
2015-01-28 25:00:00,   28.385383,    0.711191
2015-01-29 25:00:00,   28.596032,    0.713302
2015-01-30 25:00:00,   29.039948,    0.715357
2015-01-31 25:00:00,   27.551236,    0.716416
2015-02-01 25:00:00,   27.556394,    0.718318
2015-02-02 25:00:00,   27.604695,    0.706313
2015-02-03 25:00:00,   28.105209,    0.713153
2015-02-04 25:00:00,   29.124064,    0.714665
2015-02-05 25:00:00,   29.041366,    0.716397
2015-02-06 25:00:00,   27.895263,    0.718280
2015-02-07 25:00:00,   27.943370,    0.718760
2015-02-08 25:00:00,   29.060420,    0.720756
2015-02-09 25:00:00,   28.585767,    0.722307
2015-02-10 25:00:00,   28.266112,    0.723767
2015-02-11 25:00:00,   28.582371,    0.724699
2015-02-12 25:00:00,   27.911651,    0.725449
2015-02-13 25:00:00,   27.163151,    0.725465
2015-02-14 25:00:00,   25.908133,    0.723391
2015-02-15 25:00:00,   25.904359,    0.722283
2015-02-16 25:00:00,   25.852946,    0.722392
2015-02-17 25:00:00,   25.578692,    0.723259
2015-02-18 25:00:00,   26.731426,    0.724104
2015-02-19 25:00:00,   26.531234,    0.726007
2015-02-20 25:00:00,   26.086568,    0.727244
2015-02-21 25:00:00,   25.932611,    0.727708
2015-02-22 25:00:00,   25.443932,    0.729087
2015-02-23 25:00:00,   26.250660,    0.729344
2015-02-24 25:00:00,   27.288658,    0.730545
2015-02-25 25:00:00,   28.080195,    0.731520
2015-02-26 25:00:00,   29.007595,    0.732892
2015-02-27 25:00:00,   27.304288,    0.735046
2015-02-28 25:00:00,   26.646958,    0.735957
2015-03-01 25:00:00,   26.038847,    0.737431
2015-03-02 25:00:00,   25.490587,    0.736476
2015-03-03 25:00:00,   25.481814,    0.736659
2015-03-04 25:00:00,   25.974870,    0.738102
2015-03-05 25:00:00,   26.273301,    0.739518
2015-03-06 25:00:00,   26.464476,    0.740478
2015-03-07 25:00:00,   26.524078,    0.741883
2015-03-08 25:00:00,   26.510544,    0.743269
2015-03-09 25:00:00,   26.546566,    0.744334
2015-03-10 25:00:00,   26.368613,    0.745804
2015-03-11 25:00:00,   26.408274,    0.746679
2015-03-12 25:00:00,   27.012098,    0.747644
2015-03-13 25:00:00,   25.788518,    0.746614
2015-03-14 25:00:00,   25.064725,    0.734349
2015-03-15 25:00:00,   25.389181,    0.734553
2015-03-16 25:00:00,   25.193666,    0.735269
2015-03-17 25:00:00,   25.086933,    0.735973
2015-03-18 25:00:00,   24.454080,    0.732683
2015-03-19 25:00:00,   24.401033,    0.731991
2015-03-20 25:00:00,   24.468459,    0.732709
2015-03-21 25:00:00,   23.902814,    0.733856
2015-03-22 25:00:00,   23.140865,    0.731979
2015-03-23 25:00:00,   22.796290,    0.731525
2015-03-24 25:00:00,   22.397437,    0.731973
2015-03-25 25:00:00,   22.373731,    0.732815
2015-03-26 25:00:00,   22.708800,    0.732017
2015-03-27 25:00:00,   23.007181,    0.732992
2015-03-28 25:00:00,   23.218144,    0.734194
2015-03-29 25:00:00,   23.803800,    0.734909
2015-03-30 25:00:00,   22.965197,    0.735371
2015-03-31 25:00:00,   23.101902,    0.735976
2015-04-01 25:00:00,   22.923832,    0.736533
2015-04-02 25:00:00,   22.734958,    0.736907
2015-04-03 25:00:00,   23.094339,    0.737675
2015-04-04 25:00:00,   22.683961,    0.738474
2015-04-05 25:00:00,   22.803905,    0.739398
2015-04-06 25:00:00,   21.701770,    0.736628
2015-04-07 25:00:00,   20.787661,    0.725412
2015-04-08 25:00:00,   20.616400,    0.725198
2015-04-09 25:00:00,   20.422126,    0.709527
2015-04-10 25:00:00,   20.645209,    0.707804
2015-04-11 25:00:00,   20.677337,    0.705189
2015-04-12 25:00:00,   20.274302,    0.701060
2015-04-13 25:00:00,   20.969983,    0.701548
2015-04-14 25:00:00,   20.599032,    0.702804
2015-04-15 25:00:00,   20.107233,    0.703311
2015-04-16 25:00:00,   20.503033,    0.704357
2015-04-17 25:00:00,   20.437822,    0.704558
2015-04-18 25:00:00,   20.607265,    0.705550
2015-04-19 25:00:00,   20.430849,    0.705897
2015-04-20 25:00:00,   20.927523,    0.706770
2015-04-21 25:00:00,   20.866067,    0.707338
2015-04-22 25:00:00,   21.104639,    0.708298
2015-04-23 25:00:00,   20.523747,    0.709035
2015-04-24 25:00:00,   19.594756,    0.708653
2015-04-25 25:00:00,   19.486210,    0.709513
2015-04-26 25:00:00,   19.311346,    0.710333
2015-04-27 25:00:00,   19.130538,    0.711173
2015-04-28 25:00:00,   19.139736,    0.711679
2015-04-29 25:00:00,   19.381519,    0.712499
2015-04-30 25:00:00,   18.917317,    0.708487
2015-05-01 25:00:00,   18.882875,    0.709683
2015-05-02 25:00:00,   18.558037,    0.711453
2015-05-03 25:00:00,   18.347967,    0.710377
2015-05-04 25:00:00,   17.602899,    0.712194
2015-05-05 25:00:00,   17.501689,    0.713843
2015-05-06 25:00:00,   17.654304,    0.714118
2015-05-07 25:00:00,   17.837645,    0.714672
2015-05-08 25:00:00,   17.771417,    0.714841
2015-05-09 25:00:00,   18.167049,    0.715178
2015-05-10 25:00:00,   18.201603,    0.715517
2015-05-11 25:00:00,   18.598718,    0.716327
2015-05-12 25:00:00,   18.214756,    0.716827
2015-05-13 25:00:00,   17.845175,    0.717151
2015-05-14 25:00:00,   17.709195,    0.717306
2015-05-15 25:00:00,   17.281529,    0.719168
2015-05-16 25:00:00,   16.707790,    0.723203
2015-05-17 25:00:00,   16.525343,    0.718078
2015-05-18 25:00:00,   16.409077,    0.716190
2015-05-19 25:00:00,   16.164428,    0.712334
2015-05-20 25:00:00,   15.939729,    0.710288
2015-05-21 25:00:00,   15.773606,    0.710753
2015-05-22 25:00:00,   16.035671,    0.711240
2015-05-23 25:00:00,   16.239590,    0.711080
2015-05-24 25:00:00,   16.526392,    0.711653
2015-05-25 25:00:00,   16.826880,    0.711923
2015-05-26 25:00:00,   16.524565,    0.712219
2015-05-27 25:00:00,   16.303589,    0.712706
2015-05-28 25:00:00,   15.975381,    0.712935
2015-05-29 25:00:00,   15.850129,    0.713146
2015-05-30 25:00:00,   16.028208,    0.713491
2015-05-31 25:00:00,   16.011024,    0.713629
2015-06-01 25:00:00,   15.287559,    0.713900
2015-06-02 25:00:00,   15.335587,    0.710723
2015-06-03 25:00:00,   15.620292,    0.710921
2015-06-04 25:00:00,   15.996961,    0.711061
2015-06-05 25:00:00,   16.741492,    0.711103
2015-06-06 25:00:00,   16.720047,    0.709713
2015-06-07 25:00:00,   17.026092,    0.709979
2015-06-08 25:00:00,   16.661572,    0.710588
2015-06-09 25:00:00,   16.360544,    0.711276
2015-06-10 25:00:00,   16.457705,    0.711750
2015-06-11 25:00:00,   16.084069,    0.711738
2015-06-12 25:00:00,   16.115252,    0.701417
2015-06-13 25:00:00,   15.801603,    0.705874
2015-06-14 25:00:00,   15.729767,    0.708654
2015-06-15 25:00:00,   15.762114,    0.708997
2015-06-16 25:00:00,   15.343136,    0.709044
2015-06-17 25:00:00,   15.117018,    0.709560
2015-06-18 25:00:00,   15.220314,    0.700263
2015-06-19 25:00:00,   15.514766,    0.688182
2015-06-20 25:00:00,   16.046927,    0.687597
2015-06-21 25:00:00,   15.214374,    0.682780
2015-06-22 25:00:00,   14.852825,    0.686656
2015-06-23 25:00:00,   14.901200,    0.687113
2015-06-24 25:00:00,   14.648362,    0.687321
2015-06-25 25:00:00,   15.139506,    0.687642
2015-06-26 25:00:00,   14.847546,    0.687940
2015-06-27 25:00:00,   14.624824,    0.687879
2015-06-28 25:00:00,   14.531207,    0.688199
2015-06-29 25:00:00,   14.811080,    0.688565
2015-06-30 25:00:00,   14.525848,    0.688635
2015-07-01 25:00:00,   14.486159,    0.687318
2015-07-02 25:00:00,   14.677825,    0.688550
2015-07-03 25:00:00,   15.457795,    0.688464
2015-07-04 25:00:00,   16.273978,    0.688891
2015-07-05 25:00:00,   15.919373,    0.688902
2015-07-06 25:00:00,   15.272589,    0.688929
2015-07-07 25:00:00,   15.148652,    0.687315
2015-07-08 25:00:00,   14.594125,    0.688024
2015-07-09 25:00:00,   14.574503,    0.688661
2015-07-10 25:00:00,   14.551005,    0.686257
2015-07-11 25:00:00,   14.464068,    0.687695
2015-07-12 25:00:00,   14.293985,    0.687974
2015-07-13 25:00:00,   14.092835,    0.688199
2015-07-14 25:00:00,   13.966941,    0.688203
2015-07-15 25:00:00,   13.934877,    0.688432
2015-07-16 25:00:00,   13.732447,    0.688827
2015-07-17 25:00:00,   13.642360,    0.689182
2015-07-18 25:00:00,   14.197410,    0.683131
2015-07-19 25:00:00,   13.830259,    0.685046
2015-07-20 25:00:00,   13.973471,    0.683598
2015-07-21 25:00:00,   14.334403,    0.674284
2015-07-22 25:00:00,   13.864637,    0.665224
2015-07-23 25:00:00,   13.859010,    0.663882
2015-07-24 25:00:00,   14.434182,    0.664357
2015-07-25 25:00:00,   14.423830,    0.664555
2015-07-26 25:00:00,   14.607710,    0.664517
2015-07-27 25:00:00,   14.389314,    0.665176
2015-07-28 25:00:00,   13.905973,    0.663339
2015-07-29 25:00:00,   14.260849,    0.663439
2015-07-30 25:00:00,   14.226960,    0.654069
2015-07-31 25:00:00,   15.585426,    0.654788
2015-08-01 25:00:00,   14.512196,    0.655123
2015-08-02 25:00:00,   14.842878,    0.655692
2015-08-03 25:00:00,   14.970320,    0.655942
2015-08-04 25:00:00,   14.429503,    0.655904
2015-08-05 25:00:00,   14.305616,    0.656348
2015-08-06 25:00:00,   14.197239,    0.656976
2015-08-07 25:00:00,   14.248098,    0.652443
2015-08-08 25:00:00,   13.802270,    0.654372
2015-08-09 25:00:00,   13.863003,    0.651455
2015-08-10 25:00:00,   13.864867,    0.652946
2015-08-11 25:00:00,   14.023887,    0.653233
2015-08-12 25:00:00,   14.417852,    0.653257
2015-08-13 25:00:00,   15.107243,    0.653934
2015-08-14 25:00:00,   15.500949,    0.653979
2015-08-15 25:00:00,   16.285305,    0.654398
2015-08-16 25:00:00,   16.998504,    0.655016
2015-08-17 25:00:00,   17.080182,    0.653636
2015-08-18 25:00:00,   16.900337,    0.654804
2015-08-19 25:00:00,   15.706034,    0.651904
2015-08-20 25:00:00,   15.553017,    0.651727
2015-08-21 25:00:00,   14.776954,    0.644516
2015-08-22 25:00:00,   14.496059,    0.643080
2015-08-23 25:00:00,   14.940123,    0.642954
2015-08-24 25:00:00,   14.855700,    0.642304
2015-08-25 25:00:00,   15.469866,    0.643125
2015-08-26 25:00:00,   15.639465,    0.643530
2015-08-27 25:00:00,   16.389575,    0.644078
2015-08-28 25:00:00,   16.321714,    0.633934
2015-08-29 25:00:00,   16.624094,    0.603037
2015-08-30 25:00:00,   16.439695,    0.614792
2015-08-31 25:00:00,   15.513933,    0.617277
2015-09-01 25:00:00,   15.412762,    0.617668
2015-09-02 25:00:00,   15.362077,    0.618256
2015-09-03 25:00:00,   16.144327,    0.618875
2015-09-04 25:00:00,   15.993082,    0.612368
2015-09-05 25:00:00,   16.036624,    0.613563
2015-09-06 25:00:00,   16.524949,    0.614390
2015-09-07 25:00:00,   17.188556,    0.614776
2015-09-08 25:00:00,   18.204445,    0.614984
2015-09-09 25:00:00,   18.564985,    0.616407
2015-09-10 25:00:00,   17.195666,    0.615222
2015-09-11 25:00:00,   17.617952,    0.614846
2015-09-12 25:00:00,   16.969707,    0.610826
2015-09-13 25:00:00,   16.860943,    0.612440
2015-09-14 25:00:00,   16.618691,    0.613219
2015-09-15 25:00:00,   17.009798,    0.614054
2015-09-16 25:00:00,   16.903949,    0.614195
2015-09-17 25:00:00,   17.826218,    0.614338
2015-09-18 25:00:00,   17.867875,    0.615053
2015-09-19 25:00:00,   18.031194,    0.616137
2015-09-20 25:00:00,   17.809568,    0.616630
2015-09-21 25:00:00,   18.857687,    0.617771
2015-09-22 25:00:00,   19.032875,    0.618893
2015-09-23 25:00:00,   19.339642,    0.619491
2015-09-24 25:00:00,   20.304147,    0.620433
2015-09-25 25:00:00,   20.602168,    0.621467
2015-09-26 25:00:00,   20.381525,    0.622076
2015-09-27 25:00:00,   20.777372,    0.623437
2015-09-28 25:00:00,   21.675045,    0.624420
2015-09-29 25:00:00,   22.084869,    0.625526
2015-09-30 25:00:00,   22.951554,    0.625590
2015-10-01 25:00:00,   23.652782,    0.627255
2015-10-02 25:00:00,   23.247781,    0.627631
2015-10-03 25:00:00,   23.814982,    0.628663
2015-10-04 25:00:00,   22.181721,    0.628714
2015-10-05 25:00:00,   20.214334,    0.629214
2015-10-06 25:00:00,   20.770974,    0.630036
2015-10-07 25:00:00,   20.798688,    0.631165
2015-10-08 25:00:00,   21.370906,    0.632303
2015-10-09 25:00:00,   22.398214,    0.633180
2015-10-10 25:00:00,   23.084074,    0.634174
2015-10-11 25:00:00,   23.590313,    0.635406
2015-10-12 25:00:00,   24.534004,    0.636475
2015-10-13 25:00:00,   24.752231,    0.637192
2015-10-14 25:00:00,   22.670551,    0.636476
2015-10-15 25:00:00,   22.385499,    0.638355
2015-10-16 25:00:00,   22.511176,    0.639345
2015-10-17 25:00:00,   22.823825,    0.640528
2015-10-18 25:00:00,   22.025692,    0.635460
2015-10-19 25:00:00,   22.248739,    0.636270
2015-10-20 25:00:00,   22.772892,    0.637144
2015-10-21 25:00:00,   23.937346,    0.638442
2015-10-22 25:00:00,   23.533577,    0.639583
2015-10-23 25:00:00,   23.165615,    0.640777
2015-10-24 25:00:00,   22.828466,    0.642000
2015-10-25 25:00:00,   23.098632,    0.643131
2015-10-26 25:00:00,   23.627598,    0.643680
2015-10-27 25:00:00,   23.087626,    0.644790
2015-10-28 25:00:00,   24.809301,    0.645877
2015-10-29 25:00:00,   25.935499,    0.647161
2015-10-30 25:00:00,   25.182978,    0.648137
2015-10-31 25:00:00,   25.346732,    0.649443
2015-11-01 25:00:00,   25.728051,    0.644546
2015-11-02 25:00:00,   25.438047,    0.627995
2015-11-03 25:00:00,   25.676795,    0.627972
2015-11-04 25:00:00,   25.973710,    0.628285
2015-11-05 25:00:00,   25.576931,    0.629121
2015-11-06 25:00:00,   24.046569,    0.630099
2015-11-07 25:00:00,   22.794641,    0.632321
2015-11-08 25:00:00,   23.144171,    0.634052
2015-11-09 25:00:00,   24.196542,    0.635816
2015-11-10 25:00:00,   24.817018,    0.637509
2015-11-11 25:00:00,   25.246097,    0.639182
2015-11-12 25:00:00,   25.611571,    0.640970
2015-11-13 25:00:00,   26.620041,    0.643537
2015-11-14 25:00:00,   27.828706,    0.645666
2015-11-15 25:00:00,   27.354127,    0.648145
2015-11-16 25:00:00,   27.808121,    0.649582
2015-11-17 25:00:00,   25.777762,    0.649592
2015-11-18 25:00:00,   24.238597,    0.650223
2015-11-19 25:00:00,   23.803018,    0.650981
2015-11-20 25:00:00,   23.933050,    0.650955
2015-11-21 25:00:00,   24.478578,    0.652820
2015-11-22 25:00:00,   25.347315,    0.655305
2015-11-23 25:00:00,   26.327458,    0.657180
2015-11-24 25:00:00,   24.944412,    0.659426
2015-11-25 25:00:00,   24.576293,    0.661015
2015-11-26 25:00:00,   24.581041,    0.662516
2015-11-27 25:00:00,   25.420248,    0.664463
2015-11-28 25:00:00,   25.210551,    0.666346
2015-11-29 25:00:00,   24.307644,    0.667983
2015-11-30 25:00:00,   23.608885,    0.668538
2015-12-01 25:00:00,   24.232819,    0.668549
2015-12-02 25:00:00,   25.191847,    0.671216
2015-12-03 25:00:00,   25.515822,    0.672759
2015-12-04 25:00:00,   23.926546,    0.674303
2015-12-05 25:00:00,   22.131432,    0.667518
2015-12-06 25:00:00,   21.711267,    0.666830
2015-12-07 25:00:00,   22.330751,    0.668352
2015-12-08 25:00:00,   23.724119,    0.670400
2015-12-09 25:00:00,   23.972157,    0.672232
2015-12-10 25:00:00,   24.053404,    0.674092
2015-12-11 25:00:00,   24.654461,    0.676825
2015-12-12 25:00:00,   23.852218,    0.678112
2015-12-13 25:00:00,   24.660320,    0.679138
2015-12-14 25:00:00,   25.188839,    0.681667
2015-12-15 25:00:00,   25.739563,    0.683646
2015-12-16 25:00:00,   25.362650,    0.685630
2015-12-17 25:00:00,   25.553196,    0.687649
2015-12-18 25:00:00,   25.214772,    0.687047
2015-12-19 25:00:00,   23.954279,    0.688569
2015-12-20 25:00:00,   24.426066,    0.689426
2015-12-21 25:00:00,   25.189463,    0.691513
2015-12-22 25:00:00,   26.978493,    0.694779
2015-12-23 25:00:00,   27.609192,    0.697844
2015-12-24 25:00:00,   25.219910,    0.699221
2015-12-25 25:00:00,   24.845793,    0.699062
2015-12-26 25:00:00,   25.192828,    0.700749
2015-12-27 25:00:00,   26.614002,    0.703497
2015-12-28 25:00:00,   27.247982,    0.705875
2015-12-29 25:00:00,   26.999209,    0.708611
2015-12-30 25:00:00,   25.691653,    0.707051
2015-12-31 25:00:00,   26.067923,    0.708471
2016-01-01 25:00:00,   26.199164,    0.711314
2016-01-02 25:00:00,   27.093751,    0.713265
2016-01-03 25:00:00,   27.928923,    0.716298
2016-01-04 25:00:00,   27.891414,    0.718649
2016-01-05 25:00:00,   29.523226,    0.721216
2016-01-06 25:00:00,   30.491371,    0.723363
2016-01-07 25:00:00,   30.325755,    0.726831
2016-01-08 25:00:00,   28.933627,    0.729194
2016-01-09 25:00:00,   29.323853,    0.727000
2016-01-10 25:00:00,   29.604639,    0.729549
2016-01-11 25:00:00,   29.401696,    0.731526
2016-01-12 25:00:00,   27.473314,    0.729789
2016-01-13 25:00:00,   26.985857,    0.732467
2016-01-14 25:00:00,   26.637785,    0.731796
2016-01-15 25:00:00,   27.245510,    0.732918
2016-01-16 25:00:00,   28.464643,    0.735122
2016-01-17 25:00:00,   26.129558,    0.734909
2016-01-18 25:00:00,   25.310524,    0.734368
2016-01-19 25:00:00,   24.482623,    0.726385
2016-01-20 25:00:00,   24.983258,    0.727273
2016-01-21 25:00:00,   24.088465,    0.727188
2016-01-22 25:00:00,   25.423495,    0.729026
2016-01-23 25:00:00,   26.891078,    0.731484
2016-01-24 25:00:00,   27.699490,    0.732771
2016-01-25 25:00:00,   28.884179,    0.734566
2016-01-26 25:00:00,   28.353986,    0.736866
2016-01-27 25:00:00,   27.674110,    0.739336
2016-01-28 25:00:00,   27.322926,    0.741003
2016-01-29 25:00:00,   27.266171,    0.742207
2016-01-30 25:00:00,   25.624128,    0.724087
2016-01-31 25:00:00,   24.163238,    0.724128
2016-02-01 25:00:00,   23.637750,    0.721759
2016-02-02 25:00:00,   24.189869,    0.721312
2016-02-03 25:00:00,   24.675588,    0.721865
2016-02-04 25:00:00,   25.633099,    0.724727
2016-02-05 25:00:00,   26.663640,    0.727383
2016-02-06 25:00:00,   26.697241,    0.728992
2016-02-07 25:00:00,   27.800863,    0.730934
2016-02-08 25:00:00,   28.019265,    0.732064
2016-02-09 25:00:00,   28.814377,    0.736974
2016-02-10 25:00:00,   30.010623,    0.739430
2016-02-11 25:00:00,   29.906420,    0.741444
2016-02-12 25:00:00,   28.002216,    0.742832
2016-02-13 25:00:00,   26.889264,    0.743703
2016-02-14 25:00:00,   26.187250,    0.742367
2016-02-15 25:00:00,   26.270042,    0.744161
2016-02-16 25:00:00,   27.019377,    0.746076
2016-02-17 25:00:00,   26.895393,    0.748425
2016-02-18 25:00:00,   26.280754,    0.750716
2016-02-19 25:00:00,   25.168248,    0.751876
2016-02-20 25:00:00,   26.004093,    0.750483
2016-02-21 25:00:00,   26.636523,    0.752209
2016-02-22 25:00:00,   25.800558,    0.747065
2016-02-23 25:00:00,   25.016191,    0.746200
2016-02-24 25:00:00,   24.088162,    0.744445
2016-02-25 25:00:00,   23.921234,    0.743775
2016-02-26 25:00:00,   24.753082,    0.745515
2016-02-27 25:00:00,   26.317313,    0.746710
2016-02-28 25:00:00,   26.424169,    0.748301
2016-02-29 25:00:00,   26.265750,    0.750258
2016-03-01 25:00:00,   25.366651,    0.751907
2016-03-02 25:00:00,   25.343501,    0.753202
2016-03-03 25:00:00,   24.788525,    0.754587
2016-03-04 25:00:00,   24.939088,    0.755189
2016-03-05 25:00:00,   25.562496,    0.757168
2016-03-06 25:00:00,   25.905338,    0.758271
2016-03-07 25:00:00,   25.564225,    0.759135
2016-03-08 25:00:00,   26.307693,    0.760833
2016-03-09 25:00:00,   27.304558,    0.762566
2016-03-10 25:00:00,   26.182598,    0.763844
2016-03-11 25:00:00,   26.067738,    0.765568
2016-03-12 25:00:00,   26.404813,    0.767547
2016-03-13 25:00:00,   26.802676,    0.769198
2016-03-14 25:00:00,   27.533536,    0.771439
2016-03-15 25:00:00,   27.033688,    0.773236
2016-03-16 25:00:00,   25.220588,    0.773249
2016-03-17 25:00:00,   24.519325,    0.770144
2016-03-18 25:00:00,   24.919852,    0.771474
2016-03-19 25:00:00,   25.000268,    0.772751
2016-03-20 25:00:00,   25.799876,    0.773859
2016-03-21 25:00:00,   25.695668,    0.775398
2016-03-22 25:00:00,   25.200103,    0.776945
2016-03-23 25:00:00,   23.414658,    0.747100
2016-03-24 25:00:00,   23.278306,    0.747236
2016-03-25 25:00:00,   23.685360,    0.747339
2016-03-26 25:00:00,   23.174175,    0.740102
2016-03-27 25:00:00,   22.990955,    0.738821
2016-03-28 25:00:00,   23.176096,    0.737499
2016-03-29 25:00:00,   23.492147,    0.737954
2016-03-30 25:00:00,   24.351888,    0.739301
2016-03-31 25:00:00,   24.099534,    0.740150
2016-04-01 25:00:00,   23.602926,    0.740585
2016-04-02 25:00:00,   24.239218,    0.741463
2016-04-03 25:00:00,   25.015551,    0.742546
2016-04-04 25:00:00,   23.613024,    0.742965
2016-04-05 25:00:00,   22.410698,    0.742489
2016-04-06 25:00:00,   22.092800,    0.742618
2016-04-07 25:00:00,   21.868565,    0.743161
2016-04-08 25:00:00,   21.630379,    0.743729
2016-04-09 25:00:00,   20.942557,    0.741321
2016-04-10 25:00:00,   21.456281,    0.738861
2016-04-11 25:00:00,   20.836487,    0.737879
2016-04-12 25:00:00,   21.229103,    0.738353
2016-04-13 25:00:00,   21.373326,    0.738670
2016-04-14 25:00:00,   21.479991,    0.739248
2016-04-15 25:00:00,   21.860879,    0.740335
2016-04-16 25:00:00,   22.067826,    0.740746
2016-04-17 25:00:00,   21.268476,    0.736220
2016-04-18 25:00:00,   21.143766,    0.721310
2016-04-19 25:00:00,   21.468796,    0.729322
2016-04-20 25:00:00,   21.662576,    0.730366
2016-04-21 25:00:00,   21.567400,    0.730995
2016-04-22 25:00:00,   21.203957,    0.732442
2016-04-23 25:00:00,   21.254075,    0.733277
2016-04-24 25:00:00,   21.151408,    0.733538
2016-04-25 25:00:00,   20.734431,    0.721847
2016-04-26 25:00:00,   19.676354,    0.725131
2016-04-27 25:00:00,   19.396699,    0.723770
2016-04-28 25:00:00,   18.943452,    0.722363
2016-04-29 25:00:00,   18.836718,    0.722265
2016-04-30 25:00:00,   18.515602,    0.722691
2016-05-01 25:00:00,   18.824843,    0.723255
2016-05-02 25:00:00,   18.918671,    0.723538
2016-05-03 25:00:00,   18.908376,    0.724019
2016-05-04 25:00:00,   18.881607,    0.724421
2016-05-05 25:00:00,   19.370210,    0.725052
2016-05-06 25:00:00,   18.698759,    0.719056
2016-05-07 25:00:00,   17.904108,    0.719101
2016-05-08 25:00:00,   17.748559,    0.720178
2016-05-09 25:00:00,   17.979581,    0.720523
2016-05-10 25:00:00,   18.208106,    0.721087
2016-05-11 25:00:00,   18.086329,    0.721163
2016-05-12 25:00:00,   18.371100,    0.721208
2016-05-13 25:00:00,   18.202370,    0.722019
2016-05-14 25:00:00,   18.420781,    0.722517
2016-05-15 25:00:00,   17.996479,    0.722164
2016-05-16 25:00:00,   18.186494,    0.722827
2016-05-17 25:00:00,   17.857960,    0.722951
2016-05-18 25:00:00,   18.013937,    0.723158
2016-05-19 25:00:00,   17.788792,    0.716683
2016-05-20 25:00:00,   17.796431,    0.720441
2016-05-21 25:00:00,   16.843420,    0.717228
2016-05-22 25:00:00,   16.580971,    0.721873
2016-05-23 25:00:00,   16.733296,    0.736329
2016-05-24 25:00:00,   16.758650,    0.731953
2016-05-25 25:00:00,   16.653957,    0.731417
2016-05-26 25:00:00,   16.485230,    0.729218
2016-05-27 25:00:00,   16.427811,    0.729618
2016-05-28 25:00:00,   16.378962,    0.726563
2016-05-29 25:00:00,   16.522952,    0.727099
2016-05-30 25:00:00,   16.472826,    0.727523
2016-05-31 25:00:00,   16.245340,    0.727583
2016-06-01 25:00:00,   16.242601,    0.728159
2016-06-02 25:00:00,   15.880031,    0.728230
2016-06-03 25:00:00,   16.050015,    0.728458
2016-06-04 25:00:00,   15.895418,    0.727920
2016-06-05 25:00:00,   15.808194,    0.728365
2016-06-06 25:00:00,   15.443641,    0.724218
2016-06-07 25:00:00,   14.938630,    0.720996
2016-06-08 25:00:00,   14.732834,    0.720309
2016-06-09 25:00:00,   14.544878,    0.718995
2016-06-10 25:00:00,   14.822962,    0.718198
2016-06-11 25:00:00,   14.621879,    0.718501
2016-06-12 25:00:00,   14.650319,    0.718851
2016-06-13 25:00:00,   14.738254,    0.708918
2016-06-14 25:00:00,   14.655015,    0.704049
2016-06-15 25:00:00,   15.163082,    0.699194
2016-06-16 25:00:00,   14.854507,    0.699692
2016-06-17 25:00:00,   14.640513,    0.699856
2016-06-18 25:00:00,   14.477630,    0.700036
2016-06-19 25:00:00,   14.463505,    0.699963
2016-06-20 25:00:00,   14.460704,    0.700174
2016-06-21 25:00:00,   14.805603,    0.700763
2016-06-22 25:00:00,   14.407202,    0.700412
2016-06-23 25:00:00,   14.864912,    0.701004
2016-06-24 25:00:00,   14.381857,    0.700848
2016-06-25 25:00:00,   14.323393,    0.697473
2016-06-26 25:00:00,   14.268252,    0.698231
2016-06-27 25:00:00,   14.056296,    0.698310
2016-06-28 25:00:00,   14.026214,    0.698236
2016-06-29 25:00:00,   14.198694,    0.698550
2016-06-30 25:00:00,   14.712841,    0.698944
2016-07-01 25:00:00,   14.496992,    0.699152
2016-07-02 25:00:00,   14.492844,    0.699427
2016-07-03 25:00:00,   13.789871,    0.699368
2016-07-04 25:00:00,   13.533325,    0.699676
2016-07-05 25:00:00,   13.344711,    0.699991
2016-07-06 25:00:00,   13.233012,    0.700223
2016-07-07 25:00:00,   13.252401,    0.700404
2016-07-08 25:00:00,   13.289639,    0.697770
2016-07-09 25:00:00,   12.885952,    0.692144
2016-07-10 25:00:00,   12.883645,    0.689768
2016-07-11 25:00:00,   12.938991,    0.688186
2016-07-12 25:00:00,   12.977450,    0.686996
2016-07-13 25:00:00,   12.602469,    0.686985
2016-07-14 25:00:00,   12.525012,    0.687377
2016-07-15 25:00:00,   12.913078,    0.687542
2016-07-16 25:00:00,   13.260875,    0.686712
2016-07-17 25:00:00,   13.402345,    0.686320
2016-07-18 25:00:00,   13.521971,    0.686324
2016-07-19 25:00:00,   13.869576,    0.686619
2016-07-20 25:00:00,   13.279638,    0.686678
2016-07-21 25:00:00,   13.197238,    0.683718
2016-07-22 25:00:00,   13.763234,    0.684169
2016-07-23 25:00:00,   13.064680,    0.683346
2016-07-24 25:00:00,   13.622432,    0.683980
2016-07-25 25:00:00,   13.745221,    0.684228
2016-07-26 25:00:00,   13.999114,    0.684263
2016-07-27 25:00:00,   14.431078,    0.684981
2016-07-28 25:00:00,   14.742905,    0.684817
2016-07-29 25:00:00,   14.303459,    0.683202
2016-07-30 25:00:00,   14.142519,    0.683735
2016-07-31 25:00:00,   13.762466,    0.683374
2016-08-01 25:00:00,   14.119638,    0.683925
2016-08-02 25:00:00,   13.574418,    0.684041
2016-08-03 25:00:00,   13.007969,    0.683338
2016-08-04 25:00:00,   12.919300,    0.670331
2016-08-05 25:00:00,   13.596100,    0.677489
2016-08-06 25:00:00,   13.185127,    0.674870
2016-08-07 25:00:00,   13.082115,    0.673992
2016-08-08 25:00:00,   12.832224,    0.672649
2016-08-09 25:00:00,   12.809196,    0.672251
2016-08-10 25:00:00,   12.932907,    0.671705
2016-08-11 25:00:00,   13.104589,    0.670637
2016-08-12 25:00:00,   14.112912,    0.670740
2016-08-13 25:00:00,   14.403319,    0.671525
2016-08-14 25:00:00,   14.979680,    0.671859
2016-08-15 25:00:00,   14.063366,    0.664297
2016-08-16 25:00:00,   14.738419,    0.665235
2016-08-17 25:00:00,   13.669119,    0.660514
2016-08-18 25:00:00,   13.573188,    0.661187
2016-08-19 25:00:00,   13.398034,    0.655180
2016-08-20 25:00:00,   13.641529,    0.658201
2016-08-21 25:00:00,   13.383548,    0.658824
2016-08-22 25:00:00,   13.521639,    0.659944
2016-08-23 25:00:00,   14.209688,    0.660610
2016-08-24 25:00:00,   14.292714,    0.660895
2016-08-25 25:00:00,   14.176679,    0.661138
2016-08-26 25:00:00,   14.074871,    0.655337
2016-08-27 25:00:00,   13.947961,    0.650778
2016-08-28 25:00:00,   13.741048,    0.649518
2016-08-29 25:00:00,   14.908159,    0.647511
2016-08-30 25:00:00,   15.326563,    0.648603
2016-08-31 25:00:00,   14.413159,    0.642133
2016-09-01 25:00:00,   15.392070,    0.638317
2016-09-02 25:00:00,   15.541552,    0.641588
2016-09-03 25:00:00,   16.063664,    0.641749
2016-09-04 25:00:00,   16.095221,    0.642589
2016-09-05 25:00:00,   16.544133,    0.642948
2016-09-06 25:00:00,   16.558140,    0.643352
2016-09-07 25:00:00,   15.929538,    0.640425
2016-09-08 25:00:00,   16.756296,    0.640728
2016-09-09 25:00:00,   17.340221,    0.642089
2016-09-10 25:00:00,   17.476455,    0.642122
2016-09-11 25:00:00,   16.095355,    0.642882
2016-09-12 25:00:00,   15.691953,    0.643047
2016-09-13 25:00:00,   16.074247,    0.644006
2016-09-14 25:00:00,   16.349126,    0.644364
2016-09-15 25:00:00,   15.702917,    0.641965
2016-09-16 25:00:00,   16.237183,    0.643079
2016-09-17 25:00:00,   16.725640,    0.643706
2016-09-18 25:00:00,   15.541649,    0.639055
2016-09-19 25:00:00,   15.346390,    0.638634
2016-09-20 25:00:00,   16.650201,    0.638691
2016-09-21 25:00:00,   17.593666,    0.639221
2016-09-22 25:00:00,   16.298623,    0.634363
2016-09-23 25:00:00,   15.679247,    0.636077
2016-09-24 25:00:00,   16.599309,    0.636285
2016-09-25 25:00:00,   16.456889,    0.630650
2016-09-26 25:00:00,   16.216155,    0.625325
2016-09-27 25:00:00,   15.545522,    0.618117
2016-09-28 25:00:00,   15.742709,    0.620196
2016-09-29 25:00:00,   16.882171,    0.620138
2016-09-30 25:00:00,   16.395874,    0.620680
2016-10-01 25:00:00,   15.427161,    0.619646
2016-10-02 25:00:00,   15.643064,    0.621368
2016-10-03 25:00:00,   15.594527,    0.620635
2016-10-04 25:00:00,   16.467922,    0.621145
2016-10-05 25:00:00,   17.773041,    0.621655
2016-10-06 25:00:00,   18.611827,    0.622008
2016-10-07 25:00:00,   19.665124,    0.622624
2016-10-08 25:00:00,   18.465603,    0.617814
2016-10-09 25:00:00,   17.936934,    0.619596
2016-10-10 25:00:00,   18.409573,    0.620157
2016-10-11 25:00:00,   19.411128,    0.620921
2016-10-12 25:00:00,   21.158523,    0.622425
2016-10-13 25:00:00,   21.512605,    0.623532
2016-10-14 25:00:00,   20.088204,    0.622835
2016-10-15 25:00:00,   18.727723,    0.623836
2016-10-16 25:00:00,   19.797954,    0.624883
2016-10-17 25:00:00,   19.665673,    0.626212
2016-10-18 25:00:00,   19.596133,    0.626631
2016-10-19 25:00:00,   19.459309,    0.625346
2016-10-20 25:00:00,   19.000316,    0.626804
2016-10-21 25:00:00,   19.602321,    0.627514
2016-10-22 25:00:00,   20.734707,    0.629095
2016-10-23 25:00:00,   21.112605,    0.630125
2016-10-24 25:00:00,   21.254794,    0.631604
2016-10-25 25:00:00,   21.240165,    0.632622
2016-10-26 25:00:00,   22.189915,    0.633408
2016-10-27 25:00:00,   22.985210,    0.635061
2016-10-28 25:00:00,   23.363760,    0.636290
2016-10-29 25:00:00,   21.548521,    0.635686
2016-10-30 25:00:00,   21.215533,    0.636818
2016-10-31 25:00:00,   20.780928,    0.637432
2016-11-01 25:00:00,   21.167544,    0.638305
2016-11-02 25:00:00,   22.005147,    0.639819
2016-11-03 25:00:00,   22.557158,    0.641456
2016-11-04 25:00:00,   23.433312,    0.642691
2016-11-05 25:00:00,   24.985876,    0.644470
2016-11-06 25:00:00,   23.712200,    0.646147
2016-11-07 25:00:00,   22.712238,    0.646805
2016-11-08 25:00:00,   22.519173,    0.648585
2016-11-09 25:00:00,   22.850548,    0.650707
2016-11-10 25:00:00,   21.956257,    0.649833
2016-11-11 25:00:00,   22.005226,    0.650788
2016-11-12 25:00:00,   22.739001,    0.652327
2016-11-13 25:00:00,   23.353974,    0.653186
2016-11-14 25:00:00,   24.737950,    0.655597
2016-11-15 25:00:00,   25.351274,    0.657405
2016-11-16 25:00:00,   22.340307,    0.628727
2016-11-17 25:00:00,   22.825091,    0.630461
2016-11-18 25:00:00,   23.859085,    0.631831
2016-11-19 25:00:00,   24.183921,    0.633634
2016-11-20 25:00:00,   22.973064,    0.635481
2016-11-21 25:00:00,   21.879474,    0.636603
2016-11-22 25:00:00,   22.331030,    0.637315
2016-11-23 25:00:00,   23.875357,    0.639124
2016-11-24 25:00:00,   24.582241,    0.640927
2016-11-25 25:00:00,   25.188702,    0.642579
2016-11-26 25:00:00,   26.283670,    0.644794
2016-11-27 25:00:00,   26.203302,    0.646679
2016-11-28 25:00:00,   25.944354,    0.648741
2016-11-29 25:00:00,   24.979794,    0.650302
2016-11-30 25:00:00,   25.108978,    0.651719
2016-12-01 25:00:00,   24.534326,    0.653364
2016-12-02 25:00:00,   24.783895,    0.654630
2016-12-03 25:00:00,   24.016142,    0.655451
2016-12-04 25:00:00,   23.911328,    0.657567
2016-12-05 25:00:00,   23.941796,    0.659650
2016-12-06 25:00:00,   24.650266,    0.660995
2016-12-07 25:00:00,   24.084399,    0.663097
2016-12-08 25:00:00,   24.512465,    0.664540
2016-12-09 25:00:00,   25.000098,    0.665605
2016-12-10 25:00:00,   26.530026,    0.666971
2016-12-11 25:00:00,   26.054055,    0.668751
2016-12-12 25:00:00,   25.779987,    0.669220
2016-12-13 25:00:00,   25.670713,    0.670971
2016-12-14 25:00:00,   26.530908,    0.672827
2016-12-15 25:00:00,   26.415994,    0.674457
2016-12-16 25:00:00,   25.930143,    0.676827
2016-12-17 25:00:00,   25.661633,    0.678207
2016-12-18 25:00:00,   24.971884,    0.679851
2016-12-19 25:00:00,   25.170557,    0.679937
2016-12-20 25:00:00,   26.051833,    0.682492
2016-12-21 25:00:00,   27.380886,    0.684829
2016-12-22 25:00:00,   26.041744,    0.687114
2016-12-23 25:00:00,   26.531185,    0.689194
2016-12-24 25:00:00,   26.019005,    0.691417
2016-12-25 25:00:00,   25.915460,    0.693044
2016-12-26 25:00:00,   26.062122,    0.694688
2016-12-27 25:00:00,   24.286402,    0.694790
2016-12-28 25:00:00,   24.003811,    0.694590
2016-12-29 25:00:00,   24.476837,    0.696022
2016-12-30 25:00:00,   24.069111,    0.697861
2016-12-31 25:00:00,   24.524978,    0.699238
2017-01-01 25:00:00,   24.658395,    0.699279
2017-01-02 25:00:00,   25.677854,    0.700233
2017-01-03 25:00:00,   27.287472,    0.702757
2017-01-04 25:00:00,   28.370527,    0.704660
2017-01-05 25:00:00,   28.252621,    0.706843
2017-01-06 25:00:00,   28.562715,    0.709603
2017-01-07 25:00:00,   27.801296,    0.711945
2017-01-08 25:00:00,   27.606596,    0.712795
2017-01-09 25:00:00,   27.397821,    0.715250
2017-01-10 25:00:00,   26.057202,    0.715130
2017-01-11 25:00:00,   25.530428,    0.717729
2017-01-12 25:00:00,   25.531289,    0.718730
2017-01-13 25:00:00,   26.337735,    0.720459
2017-01-14 25:00:00,   26.406586,    0.723001
2017-01-15 25:00:00,   25.813707,    0.725227
2017-01-16 25:00:00,   26.618223,    0.725936
2017-01-17 25:00:00,   26.939829,    0.726007
2017-01-18 25:00:00,   27.795844,    0.729593
2017-01-19 25:00:00,   28.916683,    0.731760
2017-01-20 25:00:00,   28.022176,    0.734462
2017-01-21 25:00:00,   26.883398,    0.735615
2017-01-22 25:00:00,   26.819057,    0.734193
2017-01-23 25:00:00,   27.325738,    0.736564
2017-01-24 25:00:00,   28.062675,    0.738831
2017-01-25 25:00:00,   27.838100,    0.740528
2017-01-26 25:00:00,   27.837696,    0.741349
2017-01-27 25:00:00,   27.913515,    0.742491
2017-01-28 25:00:00,   28.009123,    0.744149
2017-01-29 25:00:00,   27.993026,    0.746306
2017-01-30 25:00:00,   26.590693,    0.747923
2017-01-31 25:00:00,   26.222477,    0.745749
2017-02-01 25:00:00,   26.209254,    0.747302
2017-02-02 25:00:00,   24.836479,    0.745405
2017-02-03 25:00:00,   24.235625,    0.747498
2017-02-04 25:00:00,   23.853767,    0.745947
2017-02-05 25:00:00,   24.237827,    0.746182
2017-02-06 25:00:00,   23.784182,    0.746906
2017-02-07 25:00:00,   25.181367,    0.748196
2017-02-08 25:00:00,   25.420842,    0.749504
2017-02-09 25:00:00,   26.765555,    0.750608
2017-02-10 25:00:00,   25.815382,    0.751403
2017-02-11 25:00:00,   24.195606,    0.694956
2017-02-12 25:00:00,   25.602930,    0.726541
2017-02-13 25:00:00,   26.107331,    0.722511
2017-02-14 25:00:00,   26.712071,    0.724301
2017-02-15 25:00:00,   26.157608,    0.725170
2017-02-16 25:00:00,   25.619705,    0.721100
2017-02-17 25:00:00,   26.614747,    0.722571
2017-02-18 25:00:00,   27.708840,    0.724191
2017-02-19 25:00:00,   25.966681,    0.725434
2017-02-20 25:00:00,   25.248359,    0.725722
2017-02-21 25:00:00,   24.706806,    0.720770
2017-02-22 25:00:00,   24.899090,    0.720389
2017-02-23 25:00:00,   24.873667,    0.721791
2017-02-24 25:00:00,   25.893818,    0.724090
2017-02-25 25:00:00,   26.642303,    0.726627
2017-02-26 25:00:00,   26.781705,    0.730273
2017-02-27 25:00:00,   26.795222,    0.732415
2017-02-28 25:00:00,   26.480303,    0.734700
2017-03-01 25:00:00,   26.619579,    0.736999
2017-03-02 25:00:00,   26.928138,    0.738980
2017-03-03 25:00:00,   25.925707,    0.740964
2017-03-04 25:00:00,   24.202479,    0.737369
2017-03-05 25:00:00,   23.871424,    0.737602
2017-03-06 25:00:00,   24.324646,    0.738008
2017-03-07 25:00:00,   24.410771,    0.738949
2017-03-08 25:00:00,   24.843637,    0.741131
2017-03-09 25:00:00,   24.993249,    0.742245
2017-03-10 25:00:00,   24.810950,    0.743611
2017-03-11 25:00:00,   25.381208,    0.745411
2017-03-12 25:00:00,   26.148707,    0.747806
2017-03-13 25:00:00,   25.741372,    0.748281
2017-03-14 25:00:00,   26.806634,    0.748508
2017-03-15 25:00:00,   25.947551,    0.750407
2017-03-16 25:00:00,   24.372625,    0.751100
2017-03-17 25:00:00,   23.865575,    0.750509
2017-03-18 25:00:00,   23.339251,    0.750196
2017-03-19 25:00:00,   22.540676,    0.750334
2017-03-20 25:00:00,   23.064390,    0.749905
2017-03-21 25:00:00,   24.555328,    0.751826
2017-03-22 25:00:00,   24.276506,    0.710213
2017-03-23 25:00:00,   24.977866,    0.710779
2017-03-24 25:00:00,   25.573279,    0.712892
2017-03-25 25:00:00,   24.867394,    0.715663
2017-03-26 25:00:00,   24.813775,    0.719121
2017-03-27 25:00:00,   23.647811,    0.722992
2017-03-28 25:00:00,   23.187237,    0.728339
2017-03-29 25:00:00,   23.326461,    0.730545
2017-03-30 25:00:00,   23.262847,    0.731551
2017-03-31 25:00:00,   23.090562,    0.733048
2017-04-01 25:00:00,   23.253872,    0.733527
2017-04-02 25:00:00,   23.452645,    0.734807
2017-04-03 25:00:00,   22.428660,    0.736130
2017-04-04 25:00:00,   21.740267,    0.735647
2017-04-05 25:00:00,   22.253361,    0.736213
2017-04-06 25:00:00,   21.601186,    0.736114
2017-04-07 25:00:00,   22.239876,    0.736646
2017-04-08 25:00:00,   22.256513,    0.737230
2017-04-09 25:00:00,   22.046466,    0.738344
2017-04-10 25:00:00,   21.676590,    0.739182
2017-04-11 25:00:00,   22.202569,    0.738771
2017-04-12 25:00:00,   20.413063,    0.737483
2017-04-13 25:00:00,   19.994282,    0.731258
2017-04-14 25:00:00,   19.569482,    0.730849
2017-04-15 25:00:00,   20.128485,    0.730183
2017-04-16 25:00:00,   20.898464,    0.730793
2017-04-17 25:00:00,   20.956533,    0.731319
2017-04-18 25:00:00,   21.402891,    0.731952
2017-04-19 25:00:00,   21.671195,    0.732482
2017-04-20 25:00:00,   22.357049,    0.733446
2017-04-21 25:00:00,   21.888160,    0.734222
2017-04-22 25:00:00,   20.767656,    0.734853
2017-04-23 25:00:00,   20.252618,    0.734973
2017-04-24 25:00:00,   19.963440,    0.735111
2017-04-25 25:00:00,   19.715705,    0.734487
2017-04-26 25:00:00,   19.915248,    0.735264
2017-04-27 25:00:00,   19.979891,    0.735783
2017-04-28 25:00:00,   20.109769,    0.736180
2017-04-29 25:00:00,   19.698565,    0.736246
2017-04-30 25:00:00,   19.889718,    0.736794
2017-05-01 25:00:00,   19.400372,    0.736888
2017-05-02 25:00:00,   19.596834,    0.737254
2017-05-03 25:00:00,   19.068099,    0.737111
2017-05-04 25:00:00,   18.857398,    0.737544
2017-05-05 25:00:00,   18.808556,    0.737866
2017-05-06 25:00:00,   18.725701,    0.738427
2017-05-07 25:00:00,   18.998621,    0.738685
2017-05-08 25:00:00,   18.623399,    0.738552
2017-05-09 25:00:00,   18.341996,    0.739034
2017-05-10 25:00:00,   18.004342,    0.739515
2017-05-11 25:00:00,   18.035683,    0.740515
2017-05-12 25:00:00,   18.252988,    0.740945
2017-05-13 25:00:00,   17.313833,    0.734239
2017-05-14 25:00:00,   17.073198,    0.737733
2017-05-15 25:00:00,   17.129732,    0.739849
2017-05-16 25:00:00,   17.010783,    0.740312
2017-05-17 25:00:00,   16.970494,    0.741720
2017-05-18 25:00:00,   16.647478,    0.742051
2017-05-19 25:00:00,   17.401136,    0.742536
2017-05-20 25:00:00,   17.618018,    0.742407
2017-05-21 25:00:00,   16.822218,    0.742744
2017-05-22 25:00:00,   17.054879,    0.728927
2017-05-23 25:00:00,   16.434497,    0.734462
2017-05-24 25:00:00,   16.601363,    0.737636
2017-05-25 25:00:00,   16.394717,    0.738268
2017-05-26 25:00:00,   16.235041,    0.750955
2017-05-27 25:00:00,   16.083523,    0.747846
2017-05-28 25:00:00,   16.595497,    0.748332
2017-05-29 25:00:00,   16.108656,    0.748409
2017-05-30 25:00:00,   16.563509,    0.748872
2017-05-31 25:00:00,   16.360563,    0.742781
2017-06-01 25:00:00,   16.393422,    0.746652
2017-06-02 25:00:00,   16.303533,    0.748193
2017-06-03 25:00:00,   16.529004,    0.748655
2017-06-04 25:00:00,   15.748889,    0.748502
2017-06-05 25:00:00,   15.908475,    0.748676
2017-06-06 25:00:00,   16.378020,    0.749200
2017-06-07 25:00:00,   16.065713,    0.749450
2017-06-08 25:00:00,   15.468881,    0.749378
2017-06-09 25:00:00,   15.221080,    0.749899
2017-06-10 25:00:00,   15.416879,    0.750281
2017-06-11 25:00:00,   14.893631,    0.750522
2017-06-12 25:00:00,   15.340757,    0.750974
2017-06-13 25:00:00,   14.952354,    0.751014
2017-06-14 25:00:00,   15.390782,    0.742050
2017-06-15 25:00:00,   14.821586,    0.733640
2017-06-16 25:00:00,   15.239887,    0.738414
2017-06-17 25:00:00,   14.975318,    0.738239
2017-06-18 25:00:00,   15.635195,    0.738357
2017-06-19 25:00:00,   15.772514,    0.738860
2017-06-20 25:00:00,   15.589786,    0.739116
2017-06-21 25:00:00,   15.683436,    0.739005
2017-06-22 25:00:00,   15.385715,    0.739174
2017-06-23 25:00:00,   15.057377,    0.725635
2017-06-24 25:00:00,   14.880689,    0.722278
2017-06-25 25:00:00,   14.753547,    0.725351
2017-06-26 25:00:00,   14.499528,    0.725665
2017-06-27 25:00:00,   14.007855,    0.724234
2017-06-28 25:00:00,   14.382806,    0.724770
2017-06-29 25:00:00,   13.933326,    0.724661
2017-06-30 25:00:00,   13.885715,    0.725034
2017-07-01 25:00:00,   13.712311,    0.725281
2017-07-02 25:00:00,   13.654175,    0.721062
2017-07-03 25:00:00,   13.613773,    0.716699
2017-07-04 25:00:00,   13.472096,    0.712418
2017-07-05 25:00:00,   13.605693,    0.712586
2017-07-06 25:00:00,   13.369236,    0.712810
2017-07-07 25:00:00,   13.087256,    0.712868
2017-07-08 25:00:00,   12.889008,    0.704541
2017-07-09 25:00:00,   12.500176,    0.698344
2017-07-10 25:00:00,   12.524428,    0.694641
2017-07-11 25:00:00,   12.684941,    0.690982
2017-07-12 25:00:00,   12.439231,    0.689406
2017-07-13 25:00:00,   12.912275,    0.688978
2017-07-14 25:00:00,   13.540751,    0.688484
2017-07-15 25:00:00,   12.628130,    0.689138
2017-07-16 25:00:00,   12.562403,    0.686940
2017-07-17 25:00:00,   12.689773,    0.686568
2017-07-18 25:00:00,   13.049666,    0.685943
2017-07-19 25:00:00,   13.094472,    0.686784
2017-07-20 25:00:00,   13.235527,    0.687212
2017-07-21 25:00:00,   13.560936,    0.687477
2017-07-22 25:00:00,   13.546802,    0.687751
2017-07-23 25:00:00,   13.647009,    0.688093
2017-07-24 25:00:00,   12.990700,    0.688071
2017-07-25 25:00:00,   13.054472,    0.687945
2017-07-26 25:00:00,   13.513482,    0.687123
2017-07-27 25:00:00,   14.043002,    0.684928
2017-07-28 25:00:00,   14.091161,    0.683821
2017-07-29 25:00:00,   13.764116,    0.682080
2017-07-30 25:00:00,   13.906536,    0.682278
2017-07-31 25:00:00,   14.567883,    0.682298
2017-08-01 25:00:00,   14.963583,    0.682989
2017-08-02 25:00:00,   14.712886,    0.678211
2017-08-03 25:00:00,   15.051314,    0.673706
2017-08-04 25:00:00,   15.290950,    0.674108
2017-08-05 25:00:00,   15.207051,    0.674164
2017-08-06 25:00:00,   15.253545,    0.674980
2017-08-07 25:00:00,   15.252727,    0.675266
2017-08-08 25:00:00,   14.942548,    0.675770
2017-08-09 25:00:00,   14.782987,    0.676436
2017-08-10 25:00:00,   14.097137,    0.659855
2017-08-11 25:00:00,   13.557672,    0.650200
2017-08-12 25:00:00,   13.673242,    0.638838
2017-08-13 25:00:00,   13.687796,    0.641743
2017-08-14 25:00:00,   14.361983,    0.640939
2017-08-15 25:00:00,   14.694826,    0.641451
2017-08-16 25:00:00,   14.166816,    0.641357
2017-08-17 25:00:00,   13.866192,    0.641029
2017-08-18 25:00:00,   13.583165,    0.642359
2017-08-19 25:00:00,   14.247377,    0.643559
2017-08-20 25:00:00,   13.969163,    0.636189
2017-08-21 25:00:00,   14.142920,    0.636903
2017-08-22 25:00:00,   14.353405,    0.635912
2017-08-23 25:00:00,   14.954601,    0.636277
2017-08-24 25:00:00,   14.923170,    0.636411
2017-08-25 25:00:00,   15.065074,    0.637030
2017-08-26 25:00:00,   15.424291,    0.637584
2017-08-27 25:00:00,   15.836834,    0.638167
2017-08-28 25:00:00,   16.310319,    0.638210
2017-08-29 25:00:00,   17.178216,    0.639052
2017-08-30 25:00:00,   17.157940,    0.639382
2017-08-31 25:00:00,   15.874820,    0.628029
2017-09-01 25:00:00,   15.263508,    0.631538
2017-09-02 25:00:00,   15.068581,    0.632559
2017-09-03 25:00:00,   16.169539,    0.632721
2017-09-04 25:00:00,   17.280722,    0.632251
2017-09-05 25:00:00,   17.584852,    0.633270
2017-09-06 25:00:00,   17.829293,    0.633822
2017-09-07 25:00:00,   16.602080,    0.623666
2017-09-08 25:00:00,   15.869254,    0.624494
2017-09-09 25:00:00,   16.007533,    0.623221
2017-09-10 25:00:00,   16.792896,    0.623961
2017-09-11 25:00:00,   15.882734,    0.625467
2017-09-12 25:00:00,   15.825256,    0.623003
2017-09-13 25:00:00,   15.920372,    0.623622
2017-09-14 25:00:00,   16.513327,    0.624628
2017-09-15 25:00:00,   16.167954,    0.626976
2017-09-16 25:00:00,   16.693997,    0.628682
2017-09-17 25:00:00,   17.361371,    0.629623
2017-09-18 25:00:00,   16.288299,    0.630190
2017-09-19 25:00:00,   17.075442,    0.630769
2017-09-20 25:00:00,   17.834643,    0.631602
2017-09-21 25:00:00,   18.316450,    0.632722
2017-09-22 25:00:00,   18.805870,    0.633281
2017-09-23 25:00:00,   20.001828,    0.634357
2017-09-24 25:00:00,   20.639833,    0.635024
2017-09-25 25:00:00,   20.768261,    0.632709
2017-09-26 25:00:00,   20.572789,    0.627613
2017-09-27 25:00:00,   20.757776,    0.624835
2017-09-28 25:00:00,   20.795853,    0.626692
2017-09-29 25:00:00,   20.677143,    0.628248
2017-09-30 25:00:00,   20.426132,    0.629768
2017-10-01 25:00:00,   21.037242,    0.630231
2017-10-02 25:00:00,   20.564771,    0.631582
2017-10-03 25:00:00,   21.552418,    0.632498
2017-10-04 25:00:00,   21.694661,    0.633597
2017-10-05 25:00:00,   20.538229,    0.634483
2017-10-06 25:00:00,   20.406864,    0.635648
2017-10-07 25:00:00,   21.025989,    0.636996
2017-10-08 25:00:00,   22.044540,    0.638601
2017-10-09 25:00:00,   22.343852,    0.639590
2017-10-10 25:00:00,   20.224177,    0.640646
2017-10-11 25:00:00,   20.097404,    0.641473
2017-10-12 25:00:00,   19.904444,    0.640961
2017-10-13 25:00:00,   19.991637,    0.641731
2017-10-14 25:00:00,   19.848674,    0.643527
2017-10-15 25:00:00,   20.000480,    0.644851
2017-10-16 25:00:00,   20.538512,    0.646066
2017-10-17 25:00:00,   21.145418,    0.646735
2017-10-18 25:00:00,   22.289879,    0.648082
2017-10-19 25:00:00,   23.997127,    0.649109
2017-10-20 25:00:00,   21.345228,    0.642334
2017-10-21 25:00:00,   21.310317,    0.644312
2017-10-22 25:00:00,   21.561354,    0.645833
2017-10-23 25:00:00,   21.254001,    0.646593
2017-10-24 25:00:00,   21.324999,    0.648227
2017-10-25 25:00:00,   21.666471,    0.649594
2017-10-26 25:00:00,   22.718294,    0.650698
2017-10-27 25:00:00,   21.748607,    0.652013
2017-10-28 25:00:00,   20.553532,    0.653244
2017-10-29 25:00:00,   20.812387,    0.654168
2017-10-30 25:00:00,   21.348801,    0.655156
2017-10-31 25:00:00,   21.607934,    0.656663
2017-11-01 25:00:00,   22.222517,    0.659165
2017-11-02 25:00:00,   22.915659,    0.660763
2017-11-03 25:00:00,   24.140503,    0.662496
2017-11-04 25:00:00,   22.999505,    0.664012
2017-11-05 25:00:00,   22.566113,    0.664434
2017-11-06 25:00:00,   23.038958,    0.665784
2017-11-07 25:00:00,   22.614748,    0.666841
2017-11-08 25:00:00,   23.912007,    0.667904
2017-11-09 25:00:00,   23.479723,    0.668452
2017-11-10 25:00:00,   22.612598,    0.666998
2017-11-11 25:00:00,   22.191534,    0.667963
2017-11-12 25:00:00,   21.732838,    0.669364
2017-11-13 25:00:00,   21.729570,    0.669736
2017-11-14 25:00:00,   21.889938,    0.671531
2017-11-15 25:00:00,   21.762692,    0.669113
2017-11-16 25:00:00,   22.837419,    0.670440
2017-11-17 25:00:00,   24.063242,    0.672828
2017-11-18 25:00:00,   24.995353,    0.675034
2017-11-19 25:00:00,   24.897254,    0.677066
2017-11-20 25:00:00,   25.662106,    0.678894
2017-11-21 25:00:00,   25.709821,    0.679227
2017-11-22 25:00:00,   25.110175,    0.680126
2017-11-23 25:00:00,   24.281938,    0.682626
2017-11-24 25:00:00,   24.511344,    0.683910
2017-11-25 25:00:00,   24.331710,    0.685180
2017-11-26 25:00:00,   24.689250,    0.687287
2017-11-27 25:00:00,   24.562974,    0.688649
2017-11-28 25:00:00,   24.911679,    0.690947
2017-11-29 25:00:00,   25.550974,    0.693904
2017-11-30 25:00:00,   25.875294,    0.695571
2017-12-01 25:00:00,   23.819005,    0.695382
2017-12-02 25:00:00,   23.139859,    0.697632
2017-12-03 25:00:00,   22.753688,    0.698841
2017-12-04 25:00:00,   23.225545,    0.697562
2017-12-05 25:00:00,   22.944593,    0.697718
2017-12-06 25:00:00,   22.211766,    0.697381
2017-12-07 25:00:00,   23.038446,    0.696275
2017-12-08 25:00:00,   22.637173,    0.697449
2017-12-09 25:00:00,   22.562906,    0.696269
2017-12-10 25:00:00,   23.055089,    0.696623
2017-12-11 25:00:00,   23.948528,    0.698609
2017-12-12 25:00:00,   25.054252,    0.701436
2017-12-13 25:00:00,   24.204336,    0.703670
2017-12-14 25:00:00,   23.779369,    0.705196
2017-12-15 25:00:00,   24.100469,    0.706491
2017-12-16 25:00:00,   24.441459,    0.709086
2017-12-17 25:00:00,   24.669062,    0.711182
2017-12-18 25:00:00,   24.745442,    0.714043
2017-12-19 25:00:00,   24.140502,    0.714816
2017-12-20 25:00:00,   22.138734,    0.711242
2017-12-21 25:00:00,   22.314946,    0.709892
2017-12-22 25:00:00,   22.498814,    0.710664
2017-12-23 25:00:00,   23.184320,    0.711594
2017-12-24 25:00:00,   25.692289,    0.712265
2017-12-25 25:00:00,   27.067117,    0.714833
2017-12-26 25:00:00,   27.029793,    0.718665
2017-12-27 25:00:00,   26.956503,    0.721749
2017-12-28 25:00:00,   26.580961,    0.723898
2017-12-29 25:00:00,   26.669361,    0.726269
2017-12-30 25:00:00,   26.715297,    0.728877
2017-12-31 25:00:00,   26.093554,    0.732004
2018-01-01 25:00:00,   26.290149,    0.732556
2018-01-02 25:00:00,   27.302952,    0.735702
2018-01-03 25:00:00,   27.208361,    0.735584
2018-01-04 25:00:00,   28.753917,    0.737854
2018-01-05 25:00:00,   27.795798,    0.726294
2018-01-06 25:00:00,   27.553494,    0.730348
2018-01-07 25:00:00,   26.920426,    0.732765
2018-01-08 25:00:00,   27.058023,    0.734698
2018-01-09 25:00:00,   27.585488,    0.737174
2018-01-10 25:00:00,   27.663446,    0.740241
2018-01-11 25:00:00,   27.943459,    0.743369
2018-01-12 25:00:00,   27.664736,    0.745015
2018-01-13 25:00:00,   27.588119,    0.747657
2018-01-14 25:00:00,   26.797129,    0.749279
2018-01-15 25:00:00,   26.245375,    0.748100
2018-01-16 25:00:00,   26.784087,    0.748945
2018-01-17 25:00:00,   26.517258,    0.725811
2018-01-18 25:00:00,   26.360771,    0.694094
2018-01-19 25:00:00,   26.389675,    0.696402
2018-01-20 25:00:00,   26.014693,    0.698416
2018-01-21 25:00:00,   25.573107,    0.699342
2018-01-22 25:00:00,   25.558122,    0.700724
2018-01-23 25:00:00,   25.306438,    0.702379
2018-01-24 25:00:00,   23.826391,    0.697256
2018-01-25 25:00:00,   24.425986,    0.699321
2018-01-26 25:00:00,   24.828967,    0.701250
2018-01-27 25:00:00,   25.441590,    0.701221
2018-01-28 25:00:00,   27.255114,    0.702085
2018-01-29 25:00:00,   28.694259,    0.703911
2018-01-30 25:00:00,   29.280410,    0.706216
2018-01-31 25:00:00,   27.265473,    0.706190
2018-02-01 25:00:00,   26.714620,    0.707995
2018-02-02 25:00:00,   26.995949,    0.710418
2018-02-03 25:00:00,   26.992997,    0.711681
2018-02-04 25:00:00,   27.050590,    0.714284
2018-02-05 25:00:00,   25.674346,    0.716710
2018-02-06 25:00:00,   24.801702,    0.718145
2018-02-07 25:00:00,   25.928566,    0.720162
2018-02-08 25:00:00,   26.680336,    0.721081
2018-02-09 25:00:00,   28.070996,    0.723442
2018-02-10 25:00:00,   28.064718,    0.726943
2018-02-11 25:00:00,   26.906810,    0.728936
2018-02-12 25:00:00,   26.203851,    0.731848
2018-02-13 25:00:00,   26.613503,    0.732993
2018-02-14 25:00:00,   27.486303,    0.734861
2018-02-15 25:00:00,   27.775219,    0.737270
2018-02-16 25:00:00,   27.900370,    0.738807
2018-02-17 25:00:00,   27.627080,    0.741609
2018-02-18 25:00:00,   28.141822,    0.743217
2018-02-19 25:00:00,   27.663656,    0.745415
2018-02-20 25:00:00,   25.525977,    0.744525
2018-02-21 25:00:00,   27.291775,    0.744555
2018-02-22 25:00:00,   27.265640,    0.748081
2018-02-23 25:00:00,   28.076796,    0.749502
2018-02-24 25:00:00,   28.260510,    0.751347
2018-02-25 25:00:00,   29.235168,    0.752123
2018-02-26 25:00:00,   30.752662,    0.753912
2018-02-27 25:00:00,   30.618324,    0.756066
2018-02-28 25:00:00,   30.316980,    0.757682
2018-03-01 25:00:00,   28.815010,    0.760081
2018-03-02 25:00:00,   28.553311,    0.762472
2018-03-03 25:00:00,   28.165194,    0.762610
2018-03-04 25:00:00,   28.569889,    0.764883
2018-03-05 25:00:00,   27.586868,    0.766520
2018-03-06 25:00:00,   26.639644,    0.767343
2018-03-07 25:00:00,   26.056822,    0.766599
2018-03-08 25:00:00,   25.468713,    0.768248
2018-03-09 25:00:00,   25.399089,    0.765771
2018-03-10 25:00:00,   25.485223,    0.764055
2018-03-11 25:00:00,   25.266850,    0.764666
2018-03-12 25:00:00,   24.373310,    0.765604
2018-03-13 25:00:00,   24.311650,    0.764774
2018-03-14 25:00:00,   24.924280,    0.765323
2018-03-15 25:00:00,   24.543054,    0.767679
2018-03-16 25:00:00,   24.984433,    0.769378
2018-03-17 25:00:00,   25.408397,    0.770028
2018-03-18 25:00:00,   26.198722,    0.771558
2018-03-19 25:00:00,   25.337408,    0.773616
2018-03-20 25:00:00,   24.378954,    0.774315
2018-03-21 25:00:00,   24.545970,    0.772927
2018-03-22 25:00:00,   25.397953,    0.774508
2018-03-23 25:00:00,   25.830829,    0.776596
2018-03-24 25:00:00,   25.925585,    0.777938
2018-03-25 25:00:00,   26.169971,    0.779564
2018-03-26 25:00:00,   26.131635,    0.781989
2018-03-27 25:00:00,   26.206871,    0.782653
2018-03-28 25:00:00,   25.867845,    0.783574
2018-03-29 25:00:00,   25.467791,    0.784623
2018-03-30 25:00:00,   25.313541,    0.785351
2018-03-31 25:00:00,   25.174892,    0.786633
2018-04-01 25:00:00,   24.730672,    0.786552
2018-04-02 25:00:00,   24.251359,    0.787793
2018-04-03 25:00:00,   24.149388,    0.786713
2018-04-04 25:00:00,   23.795356,    0.787573
2018-04-05 25:00:00,   24.326925,    0.788145
2018-04-06 25:00:00,   24.011591,    0.788512
2018-04-07 25:00:00,   23.034137,    0.787281
2018-04-08 25:00:00,   22.617404,    0.785772
2018-04-09 25:00:00,   21.717866,    0.783768
2018-04-10 25:00:00,   21.228609,    0.779561
2018-04-11 25:00:00,   21.551729,    0.766137
2018-04-12 25:00:00,   21.354483,    0.768959
2018-04-13 25:00:00,   21.909810,    0.769484
2018-04-14 25:00:00,   22.030125,    0.770449
2018-04-15 25:00:00,   21.892799,    0.771489
2018-04-16 25:00:00,   22.029994,    0.772136
2018-04-17 25:00:00,   21.415003,    0.772349
2018-04-18 25:00:00,   21.040343,    0.771398
2018-04-19 25:00:00,   20.867683,    0.772403
2018-04-20 25:00:00,   20.518844,    0.773007
2018-04-21 25:00:00,   20.811861,    0.774316
2018-04-22 25:00:00,   21.491210,    0.774156
2018-04-23 25:00:00,   21.970575,    0.774636
2018-04-24 25:00:00,   22.296166,    0.775734
2018-04-25 25:00:00,   22.800417,    0.776657
2018-04-26 25:00:00,   22.412545,    0.771209
2018-04-27 25:00:00,   20.847170,    0.769498
2018-04-28 25:00:00,   20.068673,    0.769487
2018-04-29 25:00:00,   20.002060,    0.769960
2018-04-30 25:00:00,   19.868381,    0.769454
2018-05-01 25:00:00,   20.046554,    0.769773
2018-05-02 25:00:00,   20.103602,    0.770274
2018-05-03 25:00:00,   20.205797,    0.770852
2018-05-04 25:00:00,   20.359336,    0.771663
2018-05-05 25:00:00,   19.936018,    0.771947
2018-05-06 25:00:00,   19.528080,    0.772285
2018-05-07 25:00:00,   19.194602,    0.771636
2018-05-08 25:00:00,   19.224289,    0.771546
2018-05-09 25:00:00,   18.846150,    0.772331
2018-05-10 25:00:00,   19.002527,    0.771903
2018-05-11 25:00:00,   18.743537,    0.772467
2018-05-12 25:00:00,   18.480117,    0.772102
2018-05-13 25:00:00,   18.120430,    0.772168
2018-05-14 25:00:00,   17.849340,    0.772635
2018-05-15 25:00:00,   17.375955,    0.771853
2018-05-16 25:00:00,   17.537718,    0.769483
2018-05-17 25:00:00,   17.558093,    0.748529
2018-05-18 25:00:00,   17.945290,    0.765303
2018-05-19 25:00:00,   17.637199,    0.765253
2018-05-20 25:00:00,   17.220614,    0.759557
2018-05-21 25:00:00,   17.128586,    0.760587
2018-05-22 25:00:00,   17.350850,    0.760985
2018-05-23 25:00:00,   17.507252,    0.760835
2018-05-24 25:00:00,   17.107718,    0.761613
2018-05-25 25:00:00,   16.738094,    0.761467
2018-05-26 25:00:00,   16.800330,    0.755677
2018-05-27 25:00:00,   16.944797,    0.749348
2018-05-28 25:00:00,   17.181716,    0.750557
2018-05-29 25:00:00,   16.712488,    0.754323
2018-05-30 25:00:00,   16.844520,    0.753632
2018-05-31 25:00:00,   17.003775,    0.753813
2018-06-01 25:00:00,   17.010916,    0.747371
2018-06-02 25:00:00,   16.884949,    0.747291
2018-06-03 25:00:00,   16.852411,    0.749877
2018-06-04 25:00:00,   16.321919,    0.751585
2018-06-05 25:00:00,   16.244951,    0.766185
2018-06-06 25:00:00,   16.131281,    0.766637
2018-06-07 25:00:00,   15.960274,    0.766679
2018-06-08 25:00:00,   15.734828,    0.766854
2018-06-09 25:00:00,   15.558538,    0.767177
2018-06-10 25:00:00,   15.278837,    0.767636
2018-06-11 25:00:00,   14.967260,    0.764972
2018-06-12 25:00:00,   14.784586,    0.762274
2018-06-13 25:00:00,   14.368891,    0.762895
2018-06-14 25:00:00,   14.072263,    0.761589
2018-06-15 25:00:00,   14.139068,    0.759906
2018-06-16 25:00:00,   14.663892,    0.760119
2018-06-17 25:00:00,   14.226189,    0.760252
2018-06-18 25:00:00,   14.242234,    0.759064
2018-06-19 25:00:00,   14.356629,    0.759295
2018-06-20 25:00:00,   14.541326,    0.759236
2018-06-21 25:00:00,   14.993936,    0.758915
2018-06-22 25:00:00,   14.727361,    0.758123
2018-06-23 25:00:00,   15.070365,    0.757271
2018-06-24 25:00:00,   15.289256,    0.743929
2018-06-25 25:00:00,   15.485056,    0.746103
2018-06-26 25:00:00,   15.668658,    0.747976
2018-06-27 25:00:00,   15.213987,    0.748603
2018-06-28 25:00:00,   14.976245,    0.733921
2018-06-29 25:00:00,   15.113531,    0.720970
2018-06-30 25:00:00,   14.622412,    0.722471
2018-07-01 25:00:00,   14.443685,    0.722147
2018-07-02 25:00:00,   14.123496,    0.721214
2018-07-03 25:00:00,   13.937221,    0.719775
2018-07-04 25:00:00,   14.023522,    0.713608
2018-07-05 25:00:00,   14.168296,    0.707466
2018-07-06 25:00:00,   14.129094,    0.707721
2018-07-07 25:00:00,   13.636537,    0.707705
2018-07-08 25:00:00,   13.468764,    0.707884
2018-07-09 25:00:00,   13.396189,    0.708110
2018-07-10 25:00:00,   13.134689,    0.708096
2018-07-11 25:00:00,   12.907120,    0.704754
2018-07-12 25:00:00,   13.523528,    0.705072
2018-07-13 25:00:00,   14.232516,    0.705364
2018-07-14 25:00:00,   14.066090,    0.705419
2018-07-15 25:00:00,   13.710392,    0.700401
2018-07-16 25:00:00,   14.149365,    0.700412
2018-07-17 25:00:00,   13.928619,    0.700148
2018-07-18 25:00:00,   14.162687,    0.700729
2018-07-19 25:00:00,   14.218689,    0.700348
2018-07-20 25:00:00,   13.781849,    0.683939
2018-07-21 25:00:00,   13.877214,    0.683824
2018-07-22 25:00:00,   13.703491,    0.677372
2018-07-23 25:00:00,   13.975104,    0.678232
2018-07-24 25:00:00,   14.051813,    0.678076
2018-07-25 25:00:00,   13.739046,    0.678686
2018-07-26 25:00:00,   14.428594,    0.679535
2018-07-27 25:00:00,   14.278076,    0.672111
2018-07-28 25:00:00,   14.711493,    0.666788
2018-07-29 25:00:00,   14.589411,    0.667974
2018-07-30 25:00:00,   14.814287,    0.665157
2018-07-31 25:00:00,   14.965103,    0.662874
2018-08-01 25:00:00,   15.231653,    0.660256
2018-08-02 25:00:00,   15.130958,    0.658053
2018-08-03 25:00:00,   14.807410,    0.658603
2018-08-04 25:00:00,   15.197112,    0.659326
2018-08-05 25:00:00,   14.863807,    0.659787
2018-08-06 25:00:00,   14.721371,    0.660677
2018-08-07 25:00:00,   15.328300,    0.659097
2018-08-08 25:00:00,   14.805395,    0.659829
2018-08-09 25:00:00,   15.290216,    0.660450
2018-08-10 25:00:00,   15.271719,    0.660725
2018-08-11 25:00:00,   15.252944,    0.661168
2018-08-12 25:00:00,   15.763777,    0.660863
2018-08-13 25:00:00,   16.171312,    0.633783
2018-08-14 25:00:00,   15.529055,    0.642497
2018-08-15 25:00:00,   14.988737,    0.642383
2018-08-16 25:00:00,   14.629561,    0.642644
2018-08-17 25:00:00,   14.949942,    0.643294
2018-08-18 25:00:00,   15.293405,    0.643911
2018-08-19 25:00:00,   15.771893,    0.643736
2018-08-20 25:00:00,   17.026810,    0.644265
2018-08-21 25:00:00,   17.204623,    0.632102
2018-08-22 25:00:00,   17.386347,    0.630821
2018-08-23 25:00:00,   16.920954,    0.630334
2018-08-24 25:00:00,   16.496046,    0.630860
2018-08-25 25:00:00,   16.836685,    0.631631
2018-08-26 25:00:00,   17.414159,    0.631658
2018-08-27 25:00:00,   17.621449,    0.632682
2018-08-28 25:00:00,   17.658625,    0.633274
2018-08-29 25:00:00,   18.029101,    0.633033
2018-08-30 25:00:00,   19.046595,    0.634193
2018-08-31 25:00:00,   19.664401,    0.634450
2018-09-01 25:00:00,   19.153834,    0.631978
2018-09-02 25:00:00,   17.694827,    0.630926
2018-09-03 25:00:00,   17.005655,    0.631577
2018-09-04 25:00:00,   16.992336,    0.631853
2018-09-05 25:00:00,   16.766310,    0.632965
2018-09-06 25:00:00,   16.705535,    0.633511
2018-09-07 25:00:00,   16.587125,    0.634285
2018-09-08 25:00:00,   16.520267,    0.635279
2018-09-09 25:00:00,   17.261517,    0.636322
2018-09-10 25:00:00,   17.607516,    0.636971
2018-09-11 25:00:00,   18.370700,    0.637828
2018-09-12 25:00:00,   18.639368,    0.638395
2018-09-13 25:00:00,   19.302140,    0.639187
2018-09-14 25:00:00,   20.710621,    0.639947
2018-09-15 25:00:00,   20.619890,    0.640569
2018-09-16 25:00:00,   19.901547,    0.641298
2018-09-17 25:00:00,   19.323587,    0.636854
2018-09-18 25:00:00,   17.813524,    0.623041
2018-09-19 25:00:00,   17.569174,    0.625071
2018-09-20 25:00:00,   18.174710,    0.625803
2018-09-21 25:00:00,   17.219182,    0.620060
2018-09-22 25:00:00,   16.871879,    0.620832
2018-09-23 25:00:00,   17.962982,    0.621619
2018-09-24 25:00:00,   18.693585,    0.623041
2018-09-25 25:00:00,   19.239857,    0.623728
2018-09-26 25:00:00,   17.757810,    0.623465
2018-09-27 25:00:00,   16.628848,    0.615912
2018-09-28 25:00:00,   17.652559,    0.616088
2018-09-29 25:00:00,   18.204186,    0.617305
2018-09-30 25:00:00,   17.843230,    0.618100
2018-10-01 25:00:00,   18.898969,    0.618241
2018-10-02 25:00:00,   19.194141,    0.609907
2018-10-03 25:00:00,   19.239080,    0.612384
2018-10-04 25:00:00,   20.267621,    0.613450
2018-10-05 25:00:00,   20.616411,    0.613450
2018-10-06 25:00:00,   21.606278,    0.615038
2018-10-07 25:00:00,   22.407095,    0.616025
2018-10-08 25:00:00,   23.076774,    0.617030
2018-10-09 25:00:00,   21.994302,    0.617599
2018-10-10 25:00:00,   22.780324,    0.619155
2018-10-11 25:00:00,   23.261119,    0.620150
2018-10-12 25:00:00,   23.125522,    0.621382
2018-10-13 25:00:00,   21.818958,    0.622862
2018-10-14 25:00:00,   21.673512,    0.623636
2018-10-15 25:00:00,   22.560965,    0.624765
2018-10-16 25:00:00,   22.967319,    0.626388
2018-10-17 25:00:00,   22.824661,    0.627555
2018-10-18 25:00:00,   21.781548,    0.618957
2018-10-19 25:00:00,   21.519646,    0.620602
2018-10-20 25:00:00,   21.596154,    0.621890
2018-10-21 25:00:00,   22.571264,    0.623521
2018-10-22 25:00:00,   22.029568,    0.623720
2018-10-23 25:00:00,   22.024925,    0.624541
2018-10-24 25:00:00,   21.480615,    0.625121
2018-10-25 25:00:00,   21.477578,    0.619325
2018-10-26 25:00:00,   21.629388,    0.619344
2018-10-27 25:00:00,   22.488177,    0.620305
2018-10-28 25:00:00,   22.361471,    0.621471
2018-10-29 25:00:00,   22.966867,    0.623764
2018-10-30 25:00:00,   23.137254,    0.625256
2018-10-31 25:00:00,   23.604105,    0.627019
2018-11-01 25:00:00,   24.048025,    0.628037
2018-11-02 25:00:00,   25.379173,    0.624049
2018-11-03 25:00:00,   24.927212,    0.625656
2018-11-04 25:00:00,   24.732873,    0.627923
2018-11-05 25:00:00,   22.939504,    0.617930
2018-11-06 25:00:00,   23.361837,    0.607358
2018-11-07 25:00:00,   22.256721,    0.611953
2018-11-08 25:00:00,   20.870375,    0.609887
2018-11-09 25:00:00,   21.839298,    0.612847
2018-11-10 25:00:00,   22.903025,    0.613007
2018-11-11 25:00:00,   22.956959,    0.615072
2018-11-12 25:00:00,   23.804886,    0.616955
2018-11-13 25:00:00,   23.914646,    0.618388
2018-11-14 25:00:00,   23.873167,    0.619760
2018-11-15 25:00:00,   23.586054,    0.620997
2018-11-16 25:00:00,   24.272808,    0.622325
2018-11-17 25:00:00,   23.553653,    0.621538
2018-11-18 25:00:00,   23.558559,    0.623315
2018-11-19 25:00:00,   23.319541,    0.624802
2018-11-20 25:00:00,   23.524292,    0.626973
2018-11-21 25:00:00,   23.916384,    0.628413
2018-11-22 25:00:00,   24.693104,    0.630012
2018-11-23 25:00:00,   25.586950,    0.632874
2018-11-24 25:00:00,   25.408870,    0.635192
2018-11-25 25:00:00,   25.493375,    0.636277
2018-11-26 25:00:00,   23.843711,    0.637866
2018-11-27 25:00:00,   23.013587,    0.638942
2018-11-28 25:00:00,   22.910854,    0.639920
2018-11-29 25:00:00,   22.730116,    0.641677
2018-11-30 25:00:00,   23.108617,    0.643721
2018-12-01 25:00:00,   23.650454,    0.646076
2018-12-02 25:00:00,   24.380219,    0.648583
2018-12-03 25:00:00,   24.674093,    0.649955
2018-12-04 25:00:00,   25.649797,    0.651056
2018-12-05 25:00:00,   26.428533,    0.653376
2018-12-06 25:00:00,   24.825011,    0.632568
2018-12-07 25:00:00,   24.913104,    0.632135
2018-12-08 25:00:00,   24.329474,    0.633511
2018-12-09 25:00:00,   24.937538,    0.635425
2018-12-10 25:00:00,   25.907734,    0.637489
2018-12-11 25:00:00,   26.449004,    0.639165
2018-12-12 25:00:00,   23.557952,    0.591352
2018-12-13 25:00:00,   22.492645,    0.596530
2018-12-14 25:00:00,   24.420069,    0.598230
2018-12-15 25:00:00,   23.470163,    0.599286
2018-12-16 25:00:00,   24.450285,    0.600277
2018-12-17 25:00:00,   25.616959,    0.602068
2018-12-18 25:00:00,   25.876208,    0.603775
2018-12-19 25:00:00,   25.879605,    0.605914
2018-12-20 25:00:00,   26.409464,    0.608182
2018-12-21 25:00:00,   26.572903,    0.609965
2018-12-22 25:00:00,   26.459195,    0.611995
2018-12-23 25:00:00,   26.147823,    0.613783
2018-12-24 25:00:00,   26.312004,    0.615952
2018-12-25 25:00:00,   26.180964,    0.618352
2018-12-26 25:00:00,   26.453840,    0.620003
2018-12-27 25:00:00,   26.441453,    0.621933
2018-12-28 25:00:00,   26.838807,    0.624467
2018-12-29 25:00:00,   27.905256,    0.626411
2018-12-30 25:00:00,   28.135065,    0.628645
2018-12-31 25:00:00,   27.703961,    0.631468
2019-01-01 25:00:00,   27.174278,    0.632595
2019-01-02 25:00:00,   27.008987,    0.635123
2019-01-03 25:00:00,   26.410506,    0.637163
2019-01-04 25:00:00,   26.878422,    0.639110
2019-01-05 25:00:00,   27.218218,    0.640412
2019-01-06 25:00:00,   26.156789,    0.641942
2019-01-07 25:00:00,   25.349981,    0.643730
2019-01-08 25:00:00,   25.220020,    0.645421
2019-01-09 25:00:00,   25.167207,    0.645940
2019-01-10 25:00:00,   25.730183,    0.647473
2019-01-11 25:00:00,   26.726903,    0.650845
2019-01-12 25:00:00,   27.021659,    0.651322
2019-01-13 25:00:00,   28.303947,    0.653869
2019-01-14 25:00:00,   29.026276,    0.654296
2019-01-15 25:00:00,   29.229648,    0.656832
2019-01-16 25:00:00,   27.343590,    0.659116
2019-01-17 25:00:00,   26.912522,    0.661165
2019-01-18 25:00:00,   27.301206,    0.662879
2019-01-19 25:00:00,   28.580062,    0.664572
2019-01-20 25:00:00,   29.576145,    0.664939
2019-01-21 25:00:00,   30.513057,    0.667094
2019-01-22 25:00:00,   29.570242,    0.669395
2019-01-23 25:00:00,   28.836638,    0.671262
2019-01-24 25:00:00,   29.482225,    0.671794
2019-01-25 25:00:00,   29.858601,    0.672707
2019-01-26 25:00:00,   30.366155,    0.672947
2019-01-27 25:00:00,   31.002883,    0.675063
2019-01-28 25:00:00,   31.039102,    0.676945
2019-01-29 25:00:00,   28.427610,    0.679092
2019-01-30 25:00:00,   27.299452,    0.680759
2019-01-31 25:00:00,   27.780524,    0.682161
2019-02-01 25:00:00,   27.359840,    0.683765
2019-02-02 25:00:00,   27.113473,    0.677493
2019-02-03 25:00:00,   26.306831,    0.680417
2019-02-04 25:00:00,   25.295361,    0.682256
2019-02-05 25:00:00,   25.149867,    0.682472
2019-02-06 25:00:00,   25.351584,    0.684418
2019-02-07 25:00:00,   25.617112,    0.686322
2019-02-08 25:00:00,   26.113187,    0.689546
2019-02-09 25:00:00,   26.744724,    0.691158
2019-02-10 25:00:00,   28.017133,    0.692912
2019-02-11 25:00:00,   27.911559,    0.695187
2019-02-12 25:00:00,   27.200370,    0.697526
2019-02-13 25:00:00,   27.737266,    0.698856
2019-02-14 25:00:00,   27.574404,    0.698555
2019-02-15 25:00:00,   27.239900,    0.699930
2019-02-16 25:00:00,   27.042644,    0.700562
2019-02-17 25:00:00,   27.069966,    0.702356
2019-02-18 25:00:00,   26.973260,    0.703774
2019-02-19 25:00:00,   27.158897,    0.705128
2019-02-20 25:00:00,   26.973065,    0.706149
2019-02-21 25:00:00,   28.092493,    0.707417
2019-02-22 25:00:00,   28.725249,    0.708425
2019-02-23 25:00:00,   27.849472,    0.709849
2019-02-24 25:00:00,   26.933036,    0.710483
2019-02-25 25:00:00,   26.287434,    0.711088
2019-02-26 25:00:00,   25.549489,    0.712111
2019-02-27 25:00:00,   25.476539,    0.712332
2019-02-28 25:00:00,   25.171325,    0.713708
2019-03-01 25:00:00,   24.935414,    0.715069
2019-03-02 25:00:00,   24.647884,    0.715132
2019-03-03 25:00:00,   24.354372,    0.715137
2019-03-04 25:00:00,   24.420310,    0.716237
2019-03-05 25:00:00,   25.608033,    0.717670
2019-03-06 25:00:00,   26.302790,    0.717819
2019-03-07 25:00:00,   26.480786,    0.721393
2019-03-08 25:00:00,   25.765855,    0.721757
2019-03-09 25:00:00,   25.373072,    0.721325
2019-03-10 25:00:00,   26.081574,    0.722983
2019-03-11 25:00:00,   26.967782,    0.724823
2019-03-12 25:00:00,   27.105122,    0.725697
2019-03-13 25:00:00,   27.209954,    0.727277
2019-03-14 25:00:00,   26.076213,    0.728636
2019-03-15 25:00:00,   25.185879,    0.728832
2019-03-16 25:00:00,   24.591791,    0.730363
2019-03-17 25:00:00,   24.282152,    0.730539
2019-03-18 25:00:00,   24.473769,    0.731924
2019-03-19 25:00:00,   24.645240,    0.732449
2019-03-20 25:00:00,   24.286958,    0.734178
2019-03-21 25:00:00,   23.849327,    0.734234
2019-03-22 25:00:00,   23.689858,    0.735718
2019-03-23 25:00:00,   23.346357,    0.735223
2019-03-24 25:00:00,   23.287073,    0.736089
2019-03-25 25:00:00,   23.596625,    0.736631
2019-03-26 25:00:00,   23.283971,    0.736966
2019-03-27 25:00:00,   23.615144,    0.738084
2019-03-28 25:00:00,   23.701310,    0.738827
2019-03-29 25:00:00,   23.749101,    0.739646
2019-03-30 25:00:00,   23.863134,    0.740803
2019-03-31 25:00:00,   22.805679,    0.740287
2019-04-01 25:00:00,   22.694711,    0.740822
2019-04-02 25:00:00,   22.377653,    0.741283
2019-04-03 25:00:00,   22.035927,    0.739727
2019-04-04 25:00:00,   22.314522,    0.740316
2019-04-05 25:00:00,   22.256740,    0.740647
2019-04-06 25:00:00,   21.568815,    0.741111
2019-04-07 25:00:00,   21.029198,    0.740670
2019-04-08 25:00:00,   21.589984,    0.741435
2019-04-09 25:00:00,   22.059027,    0.741948
2019-04-10 25:00:00,   22.637237,    0.742123
2019-04-11 25:00:00,   23.128828,    0.742711
2019-04-12 25:00:00,   23.162397,    0.744984
2019-04-13 25:00:00,   22.888250,    0.745248
2019-04-14 25:00:00,   22.742968,    0.746183
2019-04-15 25:00:00,   22.774693,    0.746576
2019-04-16 25:00:00,   23.158821,    0.747426
2019-04-17 25:00:00,   23.319319,    0.747936
2019-04-18 25:00:00,   22.672953,    0.748618
2019-04-19 25:00:00,   21.810754,    0.747867
2019-04-20 25:00:00,   21.538431,    0.747799
2019-04-21 25:00:00,   21.155141,    0.747796
2019-04-22 25:00:00,   20.971784,    0.747607
2019-04-23 25:00:00,   20.913698,    0.746081
2019-04-24 25:00:00,   20.759999,    0.746166
2019-04-25 25:00:00,   20.096429,    0.745695
2019-04-26 25:00:00,   19.622380,    0.745955
2019-04-27 25:00:00,   20.294990,    0.745438
2019-04-28 25:00:00,   19.775548,    0.746982
2019-04-29 25:00:00,   19.103440,    0.746353
2019-04-30 25:00:00,   19.407107,    0.741843
2019-05-01 25:00:00,   19.567191,    0.742949
2019-05-02 25:00:00,   19.262382,    0.744392
2019-05-03 25:00:00,   19.296166,    0.745265
2019-05-04 25:00:00,   19.535437,    0.745412
2019-05-05 25:00:00,   19.349695,    0.714953
2019-05-06 25:00:00,   19.499267,    0.718685
2019-05-07 25:00:00,   19.057761,    0.718093
2019-05-08 25:00:00,   18.392099,    0.717466
2019-05-09 25:00:00,   17.963649,    0.720558
2019-05-10 25:00:00,   18.387844,    0.713896
2019-05-11 25:00:00,   18.607566,    0.709748
2019-05-12 25:00:00,   18.431467,    0.712706
2019-05-13 25:00:00,   18.498607,    0.716269
2019-05-14 25:00:00,   18.114060,    0.716240
2019-05-15 25:00:00,   18.677701,    0.716728
2019-05-16 25:00:00,   18.560520,    0.717083
2019-05-17 25:00:00,   18.734499,    0.717471
2019-05-18 25:00:00,   18.300204,    0.717435
2019-05-19 25:00:00,   18.315311,    0.717483
2019-05-20 25:00:00,   18.559722,    0.718066
2019-05-21 25:00:00,   18.268903,    0.718282
2019-05-22 25:00:00,   18.254133,    0.718871
2019-05-23 25:00:00,   17.841737,    0.719540
2019-05-24 25:00:00,   17.685723,    0.720898
2019-05-25 25:00:00,   17.546208,    0.723646
2019-05-26 25:00:00,   17.094326,    0.725203
2019-05-27 25:00:00,   16.801506,    0.727242
2019-05-28 25:00:00,   17.184503,    0.731673
2019-05-29 25:00:00,   17.301661,    0.732108
2019-05-30 25:00:00,   16.777803,    0.732771
2019-05-31 25:00:00,   16.678811,    0.734927
2019-06-01 25:00:00,   16.450981,    0.750010
2019-06-02 25:00:00,   16.714709,    0.750592
2019-06-03 25:00:00,   17.177822,    0.750782
2019-06-04 25:00:00,   16.259678,    0.751063
2019-06-05 25:00:00,   16.180604,    0.751628
2019-06-06 25:00:00,   16.042621,    0.752193
2019-06-07 25:00:00,   15.624741,    0.750843
2019-06-08 25:00:00,   15.571009,    0.731825
2019-06-09 25:00:00,   16.242567,    0.728172
2019-06-10 25:00:00,   16.640326,    0.728918
2019-06-11 25:00:00,   15.825314,    0.726735
2019-06-12 25:00:00,   15.535343,    0.725969
2019-06-13 25:00:00,   15.334098,    0.722023
2019-06-14 25:00:00,   14.998362,    0.721071
2019-06-15 25:00:00,   14.756186,    0.717331
2019-06-16 25:00:00,   15.206268,    0.717514
2019-06-17 25:00:00,   15.128123,    0.717754
2019-06-18 25:00:00,   15.220978,    0.717813
2019-06-19 25:00:00,   15.416557,    0.718091
2019-06-20 25:00:00,   15.761618,    0.715051
2019-06-21 25:00:00,   14.927762,    0.714449
2019-06-22 25:00:00,   15.129436,    0.715132
2019-06-23 25:00:00,   15.122148,    0.715281
2019-06-24 25:00:00,   14.576313,    0.705510
2019-06-25 25:00:00,   14.575147,    0.696422
2019-06-26 25:00:00,   14.128347,    0.696122
2019-06-27 25:00:00,   13.929467,    0.692744
2019-06-28 25:00:00,   14.001729,    0.691639
2019-06-29 25:00:00,   14.001108,    0.691277
2019-06-30 25:00:00,   14.875160,    0.691747
2019-07-01 25:00:00,   14.504376,    0.691998
2019-07-02 25:00:00,   14.630457,    0.692311
2019-07-03 25:00:00,   14.687150,    0.692394
2019-07-04 25:00:00,   14.316537,    0.692930
2019-07-05 25:00:00,   14.247842,    0.693115
2019-07-06 25:00:00,   13.774206,    0.680056
2019-07-07 25:00:00,   13.925391,    0.666682
2019-07-08 25:00:00,   14.364944,    0.667166
2019-07-09 25:00:00,   13.875181,    0.667471
2019-07-10 25:00:00,   13.708074,    0.667612
2019-07-11 25:00:00,   13.457281,    0.659510
2019-07-12 25:00:00,   13.279761,    0.659752
2019-07-13 25:00:00,   13.398550,    0.660125
2019-07-14 25:00:00,   13.145569,    0.660113
2019-07-15 25:00:00,   13.658924,    0.660361
2019-07-16 25:00:00,   13.424028,    0.660477
2019-07-17 25:00:00,   13.297171,    0.657219
2019-07-18 25:00:00,   13.582739,    0.657765
2019-07-19 25:00:00,   13.453640,    0.657932
2019-07-20 25:00:00,   13.638357,    0.658204
2019-07-21 25:00:00,   13.750105,    0.652474
2019-07-22 25:00:00,   14.110858,    0.644906
2019-07-23 25:00:00,   14.382163,    0.645194
2019-07-24 25:00:00,   13.471314,    0.651585
2019-07-25 25:00:00,   13.610757,    0.652298
2019-07-26 25:00:00,   13.384544,    0.652212
2019-07-27 25:00:00,   14.019072,    0.652530
2019-07-28 25:00:00,   13.943760,    0.652820
2019-07-29 25:00:00,   13.994207,    0.653138
2019-07-30 25:00:00,   13.479141,    0.653093
2019-07-31 25:00:00,   13.417402,    0.653375
2019-08-01 25:00:00,   13.597838,    0.649172
2019-08-02 25:00:00,   13.771252,    0.646770
2019-08-03 25:00:00,   13.748905,    0.645723
2019-08-04 25:00:00,   13.954495,    0.644890
2019-08-05 25:00:00,   14.828014,    0.642003
2019-08-06 25:00:00,   14.677583,    0.642292
2019-08-07 25:00:00,   14.820816,    0.640483
2019-08-08 25:00:00,   14.704706,    0.636540
2019-08-09 25:00:00,   15.133849,    0.636978
2019-08-10 25:00:00,   15.260260,    0.637741
2019-08-11 25:00:00,   15.799907,    0.638004
2019-08-12 25:00:00,   15.919391,    0.637971
2019-08-13 25:00:00,   15.259615,    0.617792
2019-08-14 25:00:00,   15.400541,    0.620876
2019-08-15 25:00:00,   15.132215,    0.619294
2019-08-16 25:00:00,   15.762077,    0.620667
2019-08-17 25:00:00,   15.916246,    0.621144
2019-08-18 25:00:00,   15.455145,    0.621445
2019-08-19 25:00:00,   16.122077,    0.621639
2019-08-20 25:00:00,   16.076552,    0.621611
2019-08-21 25:00:00,   17.058996,    0.621893
2019-08-22 25:00:00,   16.505027,    0.618935
2019-08-23 25:00:00,   15.595468,    0.619662
2019-08-24 25:00:00,   15.749767,    0.619885
2019-08-25 25:00:00,   15.636164,    0.620079
2019-08-26 25:00:00,   16.677720,    0.620646
2019-08-27 25:00:00,   16.462775,    0.620715
2019-08-28 25:00:00,   16.946553,    0.620985
2019-08-29 25:00:00,   16.738798,    0.621352
2019-08-30 25:00:00,   17.440954,    0.621958
2019-08-31 25:00:00,   17.823214,    0.621852
2019-09-01 25:00:00,   17.108414,    0.618718
2019-09-02 25:00:00,   17.452332,    0.619824
2019-09-03 25:00:00,   17.655650,    0.620323
2019-09-04 25:00:00,   16.624237,    0.615156
2019-09-05 25:00:00,   15.347941,    0.612511
2019-09-06 25:00:00,   14.921430,    0.613952
2019-09-07 25:00:00,   15.085932,    0.615039
2019-09-08 25:00:00,   15.705306,    0.615820
2019-09-09 25:00:00,   16.298995,    0.616559
2019-09-10 25:00:00,   17.195471,    0.616671
2019-09-11 25:00:00,   18.355247,    0.617455
2019-09-12 25:00:00,   18.606383,    0.617978
2019-09-13 25:00:00,   18.097579,    0.618666
2019-09-14 25:00:00,   17.879506,    0.618999
2019-09-15 25:00:00,   18.494588,    0.619753
2019-09-16 25:00:00,   18.795682,    0.620652
2019-09-17 25:00:00,   19.675357,    0.622178
2019-09-18 25:00:00,   19.731688,    0.621846
2019-09-19 25:00:00,   19.774448,    0.608639
2019-09-20 25:00:00,   20.107659,    0.609321
2019-09-21 25:00:00,   19.606258,    0.610850
2019-09-22 25:00:00,   17.668914,    0.610654
2019-09-23 25:00:00,   16.810037,    0.610654
2019-09-24 25:00:00,   16.998260,    0.611337
2019-09-25 25:00:00,   17.294858,    0.611987
2019-09-26 25:00:00,   17.140746,    0.606536
2019-09-27 25:00:00,   16.390297,    0.605529
2019-09-28 25:00:00,   15.682162,    0.603923
2019-09-29 25:00:00,   16.977522,    0.604655
2019-09-30 25:00:00,   17.786375,    0.605537
2019-10-01 25:00:00,   18.800208,    0.606235
2019-10-02 25:00:00,   19.914513,    0.608084
2019-10-03 25:00:00,   19.785515,    0.607918
2019-10-04 25:00:00,   19.710858,    0.609322
2019-10-05 25:00:00,   20.045236,    0.609669
2019-10-06 25:00:00,   20.080362,    0.610874
2019-10-07 25:00:00,   20.485033,    0.612013
2019-10-08 25:00:00,   20.616949,    0.613046
2019-10-09 25:00:00,   20.923960,    0.614303
2019-10-10 25:00:00,   21.451463,    0.615615
2019-10-11 25:00:00,   21.276303,    0.617471
2019-10-12 25:00:00,   20.972455,    0.618631
2019-10-13 25:00:00,   21.398066,    0.619208
2019-10-14 25:00:00,   20.519858,    0.618496
2019-10-15 25:00:00,   19.873995,    0.619380
2019-10-16 25:00:00,   20.040461,    0.620069
2019-10-17 25:00:00,   20.198878,    0.620484
2019-10-18 25:00:00,   21.280252,    0.621637
2019-10-19 25:00:00,   22.580035,    0.621814
2019-10-20 25:00:00,   22.411412,    0.623707
2019-10-21 25:00:00,   22.983898,    0.625013
2019-10-22 25:00:00,   23.805535,    0.626627
2019-10-23 25:00:00,   22.364638,    0.626006
2019-10-24 25:00:00,   21.808920,    0.627211
2019-10-25 25:00:00,   21.953623,    0.628702
2019-10-26 25:00:00,   21.991700,    0.630067
2019-10-27 25:00:00,   22.157887,    0.631384
2019-10-28 25:00:00,   22.941784,    0.632909
2019-10-29 25:00:00,   23.778289,    0.634242
2019-10-30 25:00:00,   23.572003,    0.635369
2019-10-31 25:00:00,   22.497007,    0.636678
2019-11-01 25:00:00,   21.530770,    0.637428
2019-11-02 25:00:00,   21.213737,    0.637740
2019-11-03 25:00:00,   22.090547,    0.638847
2019-11-04 25:00:00,   21.586005,    0.639882
2019-11-05 25:00:00,   20.135440,    0.632784
2019-11-06 25:00:00,   19.505618,    0.630407
2019-11-07 25:00:00,   20.192522,    0.631064
2019-11-08 25:00:00,   21.388025,    0.632693
2019-11-09 25:00:00,   21.700375,    0.633520
2019-11-10 25:00:00,   23.018779,    0.635090
2019-11-11 25:00:00,   23.041956,    0.636589
2019-11-12 25:00:00,   22.404446,    0.637773
2019-11-13 25:00:00,   22.493198,    0.639120
2019-11-14 25:00:00,   22.414156,    0.640297
2019-11-15 25:00:00,   22.848593,    0.641656
2019-11-16 25:00:00,   23.569519,    0.643531
2019-11-17 25:00:00,   24.109511,    0.645320
2019-11-18 25:00:00,   24.945715,    0.647697
2019-11-19 25:00:00,   24.125584,    0.648850
2019-11-20 25:00:00,   24.572872,    0.649360
2019-11-21 25:00:00,   24.642838,    0.651088
2019-11-22 25:00:00,   25.241577,    0.652864
2019-11-23 25:00:00,   26.212997,    0.654121
2019-11-24 25:00:00,   25.402878,    0.655890
2019-11-25 25:00:00,   24.530567,    0.656721
2019-11-26 25:00:00,   25.036682,    0.657675
2019-11-27 25:00:00,   26.329847,    0.659742
2019-11-28 25:00:00,   25.110150,    0.660612
2019-11-29 25:00:00,   21.824713,    0.650602
2019-11-30 25:00:00,   20.066954,    0.647454
2019-12-01 25:00:00,   20.047429,    0.648883
2019-12-02 25:00:00,   21.214620,    0.650059
2019-12-03 25:00:00,   21.795117,    0.650980
2019-12-04 25:00:00,   23.438865,    0.653057
2019-12-05 25:00:00,   25.096893,    0.653980
2019-12-06 25:00:00,   26.023015,    0.658511
2019-12-07 25:00:00,   25.238542,    0.659183
2019-12-08 25:00:00,   24.071704,    0.659669
2019-12-09 25:00:00,   24.192586,    0.659791
2019-12-10 25:00:00,   25.230871,    0.662264
2019-12-11 25:00:00,   26.570203,    0.664732
2019-12-12 25:00:00,   26.980140,    0.664123
2019-12-13 25:00:00,   26.091343,    0.659154
2019-12-14 25:00:00,   25.202418,    0.652731
2019-12-15 25:00:00,   25.089354,    0.655580
2019-12-16 25:00:00,   25.522195,    0.658029
2019-12-17 25:00:00,   26.094495,    0.659323
2019-12-18 25:00:00,   26.849905,    0.661504
2019-12-19 25:00:00,   25.591763,    0.662470
2019-12-20 25:00:00,   25.593821,    0.664377
2019-12-21 25:00:00,   26.389870,    0.666414
2019-12-22 25:00:00,   25.856787,    0.668387
2019-12-23 25:00:00,   25.963227,    0.669849
2019-12-24 25:00:00,   26.143776,    0.672002
2019-12-25 25:00:00,   26.916015,    0.674611
2019-12-26 25:00:00,   27.341025,    0.675843
2019-12-27 25:00:00,   27.407352,    0.678442
2019-12-28 25:00:00,   28.792865,    0.680851
2019-12-29 25:00:00,   29.361331,    0.682087
2019-12-30 25:00:00,   29.319618,    0.684542
2019-12-31 25:00:00,   30.311977,    0.687440
2020-01-01 25:00:00,   31.270916,    0.690070
2020-01-02 25:00:00,   30.184674,    0.691729
2020-01-03 25:00:00,   29.824968,    0.693197
2020-01-04 25:00:00,   27.963997,    0.693738
2020-01-05 23:00:00,   27.171672,    0.695333
2020-01-05 25:00:00,   27.171672,    0.695333
