time,flow,temp,salt
2009-12-31 00:00:00,    0.000000,-9999.000000,-9999.000000
2010-01-01 00:00:00,    0.000000,-9999.000000,-9999.000000
2010-01-02 00:00:00,    0.000000,-9999.000000,-9999.000000
2010-01-03 00:00:00,    0.000000,-9999.000000,-9999.000000
2010-01-04 00:00:00,    0.000000,-9999.000000,-9999.000000
2010-01-05 00:00:00,    0.000000,-9999.000000,-9999.000000
2010-01-06 00:00:00,    0.000000,-9999.000000,-9999.000000
2010-01-07 00:00:00,    0.000000,-9999.000000,-9999.000000
2010-01-08 00:00:00,    0.000000,-9999.000000,-9999.000000
2010-01-09 00:00:00,    0.000000,-9999.000000,-9999.000000
2010-01-10 00:00:00,    0.000000,-9999.000000,-9999.000000
2010-01-11 00:00:00,    0.000000,-9999.000000,-9999.000000
2010-01-12 00:00:00,    0.000000,-9999.000000,-9999.000000
2010-01-13 00:00:00,    0.000000,-9999.000000,-9999.000000
2010-01-14 00:00:00,    0.000000,-9999.000000,-9999.000000
2010-01-15 00:00:00,    0.000000,-9999.000000,-9999.000000
2010-01-16 00:00:00,    0.000000,-9999.000000,-9999.000000
2010-01-17 00:00:00,    0.000000,-9999.000000,-9999.000000
2010-01-18 00:00:00,    0.000000,-9999.000000,-9999.000000
2010-01-19 00:00:00,    0.000000,-9999.000000,-9999.000000
2010-01-20 00:00:00,    0.000000,-9999.000000,-9999.000000
2010-01-21 00:00:00,    0.000000,-9999.000000,-9999.000000
2010-01-22 00:00:00,    0.000000,-9999.000000,-9999.000000
2010-01-23 00:00:00,    0.000000,-9999.000000,-9999.000000
2010-01-24 00:00:00,    0.000000,-9999.000000,-9999.000000
2010-01-25 00:00:00,    0.000000,-9999.000000,-9999.000000
2010-01-26 00:00:00,    0.000000,-9999.000000,-9999.000000
2010-01-27 00:00:00,    0.000000,-9999.000000,-9999.000000
2010-01-28 00:00:00,    0.000000,-9999.000000,-9999.000000
2010-01-29 00:00:00,    0.000000,-9999.000000,-9999.000000
2010-01-30 00:00:00,    0.000000,-9999.000000,-9999.000000
2010-01-31 00:00:00,    0.000000,-9999.000000,-9999.000000
2010-02-01 00:00:00,    0.000000,-9999.000000,-9999.000000
2010-02-02 00:00:00,    0.000000,-9999.000000,-9999.000000
2010-02-03 00:00:00,    0.000000,-9999.000000,-9999.000000
2010-02-04 00:00:00,    0.000000,-9999.000000,-9999.000000
2010-02-05 00:00:00,    0.000000,-9999.000000,-9999.000000
2010-02-06 00:00:00,    0.000000,-9999.000000,-9999.000000
2010-02-07 00:00:00,    0.000000,-9999.000000,-9999.000000
2010-02-08 00:00:00,    0.000000,-9999.000000,-9999.000000
2010-02-09 00:00:00,    0.000000,-9999.000000,-9999.000000
2010-02-10 00:00:00,    0.000000,-9999.000000,-9999.000000
2010-02-11 00:00:00,    0.000000,-9999.000000,-9999.000000
2010-02-12 00:00:00,    0.000000,-9999.000000,-9999.000000
2010-02-13 00:00:00,    0.000000,-9999.000000,-9999.000000
2010-02-14 00:00:00,    0.000000,-9999.000000,-9999.000000
2010-02-15 00:00:00,    0.000000,-9999.000000,-9999.000000
2010-02-16 00:00:00,    0.000000,-9999.000000,-9999.000000
2010-02-17 00:00:00,    0.000000,-9999.000000,-9999.000000
2010-02-18 00:00:00,    0.000000,-9999.000000,-9999.000000
2010-02-19 00:00:00,    0.000000,-9999.000000,-9999.000000
2010-02-20 00:00:00,    0.000000,-9999.000000,-9999.000000
2010-02-21 00:00:00,    0.000000,-9999.000000,-9999.000000
2010-02-22 00:00:00,    0.000000,-9999.000000,-9999.000000
2010-02-23 00:00:00,    0.000000,-9999.000000,-9999.000000
2010-02-24 00:00:00,    0.000000,-9999.000000,-9999.000000
2010-02-25 00:00:00,    0.000000,-9999.000000,-9999.000000
2010-02-26 00:00:00,    0.000000,-9999.000000,-9999.000000
2010-02-27 00:00:00,    0.000000,-9999.000000,-9999.000000
2010-02-28 00:00:00,    0.000000,-9999.000000,-9999.000000
2010-03-01 00:00:00,    0.000000,-9999.000000,-9999.000000
2010-03-02 00:00:00,    0.000000,-9999.000000,-9999.000000
2010-03-03 00:00:00,    0.000000,-9999.000000,-9999.000000
2010-03-04 00:00:00,    0.000000,-9999.000000,-9999.000000
2010-03-05 00:00:00,    0.000000,-9999.000000,-9999.000000
2010-03-06 00:00:00,    0.000000,-9999.000000,-9999.000000
2010-03-07 00:00:00,    0.000000,-9999.000000,-9999.000000
2010-03-08 00:00:00,    0.000000,-9999.000000,-9999.000000
2010-03-09 00:00:00,    0.000000,-9999.000000,-9999.000000
2010-03-10 00:00:00,    0.000000,-9999.000000,-9999.000000
2010-03-11 00:00:00,    0.000000,-9999.000000,-9999.000000
2010-03-12 00:00:00,    0.000000,-9999.000000,-9999.000000
2010-03-13 00:00:00,    0.000000,-9999.000000,-9999.000000
2010-03-14 00:00:00,    0.000000,-9999.000000,-9999.000000
2010-03-15 00:00:00,    0.000000,-9999.000000,-9999.000000
2010-03-16 00:00:00,    0.000000,-9999.000000,-9999.000000
2010-03-17 00:00:00,    0.000000,-9999.000000,-9999.000000
2010-03-18 00:00:00,    0.000000,-9999.000000,-9999.000000
2010-03-19 00:00:00,    0.000000,-9999.000000,-9999.000000
2010-03-20 00:00:00,    0.000000,-9999.000000,-9999.000000
2010-03-21 00:00:00,    0.000000,-9999.000000,-9999.000000
2010-03-22 00:00:00,    0.000000,-9999.000000,-9999.000000
2010-03-23 00:00:00,    0.000000,-9999.000000,-9999.000000
2010-03-24 00:00:00,    0.000000,-9999.000000,-9999.000000
2010-03-25 00:00:00,    0.000000,-9999.000000,-9999.000000
2010-03-26 00:00:00,    0.000000,-9999.000000,-9999.000000
2010-03-27 00:00:00,    0.000000,-9999.000000,-9999.000000
2010-03-28 00:00:00,    0.000000,-9999.000000,-9999.000000
2010-03-29 00:00:00,    0.000000,-9999.000000,-9999.000000
2010-03-30 00:00:00,    0.000000,-9999.000000,-9999.000000
2010-03-31 00:00:00,    0.000000,-9999.000000,-9999.000000
2010-04-01 00:00:00,    0.000000,-9999.000000,-9999.000000
2010-04-02 00:00:00,    0.000000,-9999.000000,-9999.000000
2010-04-03 00:00:00,    0.000000,-9999.000000,-9999.000000
2010-04-04 00:00:00,    0.000000,-9999.000000,-9999.000000
2010-04-05 00:00:00,    0.000000,-9999.000000,-9999.000000
2010-04-06 00:00:00,    0.000000,-9999.000000,-9999.000000
2010-04-07 00:00:00,    0.000000,-9999.000000,-9999.000000
2010-04-08 00:00:00,    0.000000,-9999.000000,-9999.000000
2010-04-09 00:00:00,    0.000000,-9999.000000,-9999.000000
2010-04-10 00:00:00,    0.000000,-9999.000000,-9999.000000
2010-04-11 00:00:00,    0.000000,-9999.000000,-9999.000000
2010-04-12 00:00:00,    0.000000,-9999.000000,-9999.000000
2010-04-13 00:00:00,    0.000000,-9999.000000,-9999.000000
2010-04-14 00:00:00,    0.000000,-9999.000000,-9999.000000
2010-04-15 00:00:00,    0.000000,-9999.000000,-9999.000000
2010-04-16 00:00:00,    0.000000,-9999.000000,-9999.000000
2010-04-17 00:00:00,    0.000000,-9999.000000,-9999.000000
2010-04-18 00:00:00,    0.000000,-9999.000000,-9999.000000
2010-04-19 00:00:00,    0.000000,-9999.000000,-9999.000000
2010-04-20 00:00:00,    0.000000,-9999.000000,-9999.000000
2010-04-21 00:00:00,    0.000000,-9999.000000,-9999.000000
2010-04-22 00:00:00,    0.000000,-9999.000000,-9999.000000
2010-04-23 00:00:00,    0.000000,-9999.000000,-9999.000000
2010-04-24 00:00:00,    0.000000,-9999.000000,-9999.000000
2010-04-25 00:00:00,    0.000000,-9999.000000,-9999.000000
2010-04-26 00:00:00,    0.000000,-9999.000000,-9999.000000
2010-04-27 00:00:00,    0.000000,-9999.000000,-9999.000000
2010-04-28 00:00:00,    0.000000,-9999.000000,-9999.000000
2010-04-29 00:00:00,    0.000000,-9999.000000,-9999.000000
2010-04-30 00:00:00,    0.000000,-9999.000000,-9999.000000
2010-05-01 00:00:00,    0.000000,-9999.000000,-9999.000000
2010-05-02 00:00:00,    0.000000,-9999.000000,-9999.000000
2010-05-03 00:00:00,    0.000000,-9999.000000,-9999.000000
2010-05-04 00:00:00,    0.000000,-9999.000000,-9999.000000
2010-05-05 00:00:00,    0.000000,-9999.000000,-9999.000000
2010-05-06 00:00:00,    0.000000,-9999.000000,-9999.000000
2010-05-07 00:00:00,    0.000000,-9999.000000,-9999.000000
2010-05-08 00:00:00,    0.000000,-9999.000000,-9999.000000
2010-05-09 00:00:00,    0.000000,-9999.000000,-9999.000000
2010-05-10 00:00:00,    0.000000,-9999.000000,-9999.000000
2010-05-11 00:00:00,    0.000000,-9999.000000,-9999.000000
2010-05-12 00:00:00,    0.000000,-9999.000000,-9999.000000
2010-05-13 00:00:00,    0.000000,-9999.000000,-9999.000000
2010-05-14 00:00:00,    0.000000,-9999.000000,-9999.000000
2010-05-15 00:00:00,    0.000000,-9999.000000,-9999.000000
2010-05-16 00:00:00,    0.000000,-9999.000000,-9999.000000
2010-05-17 00:00:00,    0.000000,-9999.000000,-9999.000000
2010-05-18 00:00:00,    0.000000,-9999.000000,-9999.000000
2010-05-19 00:00:00,    0.000000,-9999.000000,-9999.000000
2010-05-20 00:00:00,    0.000000,-9999.000000,-9999.000000
2010-05-21 00:00:00,    0.000000,-9999.000000,-9999.000000
2010-05-22 00:00:00,    0.000000,-9999.000000,-9999.000000
2010-05-23 00:00:00,    0.000000,-9999.000000,-9999.000000
2010-05-24 00:00:00,    0.000000,-9999.000000,-9999.000000
2010-05-25 00:00:00,    0.000000,-9999.000000,-9999.000000
2010-05-26 00:00:00,    0.000000,-9999.000000,-9999.000000
2010-05-27 00:00:00,    0.000000,-9999.000000,-9999.000000
2010-05-28 00:00:00,    0.000000,-9999.000000,-9999.000000
2010-05-29 00:00:00,    0.000000,-9999.000000,-9999.000000
2010-05-30 00:00:00,    0.000000,-9999.000000,-9999.000000
2010-05-31 00:00:00,    0.000000,-9999.000000,-9999.000000
2010-06-01 00:00:00,    0.000000,-9999.000000,-9999.000000
2010-06-02 00:00:00,    0.000000,-9999.000000,-9999.000000
2010-06-03 00:00:00,    0.000000,-9999.000000,-9999.000000
2010-06-04 00:00:00,    0.000000,-9999.000000,-9999.000000
2010-06-05 00:00:00,    0.000000,-9999.000000,-9999.000000
2010-06-06 00:00:00,    0.000000,-9999.000000,-9999.000000
2010-06-07 00:00:00,    0.000000,-9999.000000,-9999.000000
2010-06-08 00:00:00,    0.000000,-9999.000000,-9999.000000
2010-06-09 00:00:00,    0.000000,-9999.000000,-9999.000000
2010-06-10 00:00:00,    0.000000,-9999.000000,-9999.000000
2010-06-11 00:00:00,    0.000000,-9999.000000,-9999.000000
2010-06-12 00:00:00,    0.000000,-9999.000000,-9999.000000
2010-06-13 00:00:00,    0.000000,-9999.000000,-9999.000000
2010-06-14 00:00:00,    0.000000,-9999.000000,-9999.000000
2010-06-15 00:00:00,    0.000000,-9999.000000,-9999.000000
2010-06-16 00:00:00,    0.000000,-9999.000000,-9999.000000
2010-06-17 00:00:00,    0.000000,-9999.000000,-9999.000000
2010-06-18 00:00:00,    0.000000,-9999.000000,-9999.000000
2010-06-19 00:00:00,    0.000000,-9999.000000,-9999.000000
2010-06-20 00:00:00,    0.000000,-9999.000000,-9999.000000
2010-06-21 00:00:00,    0.000000,-9999.000000,-9999.000000
2010-06-22 00:00:00,    0.000000,-9999.000000,-9999.000000
2010-06-23 00:00:00,    0.000000,-9999.000000,-9999.000000
2010-06-24 00:00:00,    0.000000,-9999.000000,-9999.000000
2010-06-25 00:00:00,    0.000000,-9999.000000,-9999.000000
2010-06-26 00:00:00,    0.000000,-9999.000000,-9999.000000
2010-06-27 00:00:00,    0.000000,-9999.000000,-9999.000000
2010-06-28 00:00:00,    0.000000,-9999.000000,-9999.000000
2010-06-29 00:00:00,    0.000000,-9999.000000,-9999.000000
2010-06-30 00:00:00,    0.000000,-9999.000000,-9999.000000
2010-07-01 00:00:00,    0.000000,-9999.000000,-9999.000000
2010-07-02 00:00:00,    0.000000,-9999.000000,-9999.000000
2010-07-03 00:00:00,    0.000000,-9999.000000,-9999.000000
2010-07-04 00:00:00,    0.000000,-9999.000000,-9999.000000
2010-07-05 00:00:00,    0.000000,-9999.000000,-9999.000000
2010-07-06 00:00:00,    0.000000,-9999.000000,-9999.000000
2010-07-07 00:00:00,    0.000000,-9999.000000,-9999.000000
2010-07-08 00:00:00,    0.000000,-9999.000000,-9999.000000
2010-07-09 00:00:00,    0.000000,-9999.000000,-9999.000000
2010-07-10 00:00:00,    0.000000,-9999.000000,-9999.000000
2010-07-11 00:00:00,    0.000000,-9999.000000,-9999.000000
2010-07-12 00:00:00,    0.000000,-9999.000000,-9999.000000
2010-07-13 00:00:00,    0.000000,-9999.000000,-9999.000000
2010-07-14 00:00:00,    0.000000,-9999.000000,-9999.000000
2010-07-15 00:00:00,    0.000000,-9999.000000,-9999.000000
2010-07-16 00:00:00,    8.242130,   16.063524,    1.492080
2010-07-17 00:00:00,   10.174535,   14.762372,    1.214855
2010-07-18 00:00:00,   12.948495,   15.461807,    1.363914
2010-07-19 00:00:00,   14.244547,   15.755408,    1.429070
2010-07-20 00:00:00,   15.157477,   15.936552,    1.469085
2010-07-21 00:00:00,   16.022983,   16.149567,    1.515879
2010-07-22 00:00:00,   16.719700,   15.982284,    1.484200
2010-07-23 00:00:00,   17.365828,   16.119296,    1.513546
2010-07-24 00:00:00,   17.363174,   16.399351,    1.571008
2010-07-25 00:00:00,   17.797164,   16.420874,    1.576852
2010-07-26 00:00:00,   23.303054,   16.417749,    1.577619
2010-07-27 00:00:00,   30.223934,   16.388687,    1.573263
2010-07-28 00:00:00,   39.099986,   16.351094,    1.567017
2010-07-29 00:00:00,   63.220225,   16.440689,    1.585397
2010-07-30 00:00:00,   63.928420,   16.406801,    1.579378
2010-07-31 00:00:00,   66.202459,   16.372876,    1.573232
2010-08-01 00:00:00,   66.756550,   16.344311,    1.567997
2010-08-02 00:00:00,   66.070798,   16.331376,    1.565728
2010-08-03 00:00:00,   66.498647,   16.393665,    1.578293
2010-08-04 00:00:00,   66.472213,   16.359853,    1.571962
2010-08-05 00:00:00,   67.637555,   16.379521,    1.576416
2010-08-06 00:00:00,   67.330521,   16.380080,    1.577205
2010-08-07 00:00:00,   67.163570,   16.367420,    1.575343
2010-08-08 00:00:00,   66.084810,   16.360470,    1.574409
2010-08-09 00:00:00,   63.723109,   16.344541,    1.571689
2010-08-10 00:00:00,   55.862960,   16.408137,    1.584378
2010-08-11 00:00:00,   45.787017,   16.393299,    1.581765
2010-08-12 00:00:00,  209.077129,   16.367362,    1.576964
2010-08-13 00:00:00,  237.761553,   16.383756,    1.580391
2010-08-14 00:00:00,  237.492542,   16.389204,    1.581776
2010-08-15 00:00:00,  235.360122,   16.395156,    1.583234
2010-08-16 00:00:00,  231.976040,   16.440280,    1.592417
2010-08-17 00:00:00,  242.602281,   16.432991,    1.591256
2010-08-18 00:00:00,  251.462413,   16.423808,    1.589668
2010-08-19 00:00:00,  248.422641,   16.414244,    1.587927
2010-08-20 00:00:00,  292.420606,   16.413486,    1.587823
2010-08-21 00:00:00,  306.465201,   16.407416,    1.586711
2010-08-22 00:00:00,  320.484675,   16.427097,    1.590717
2010-08-23 00:00:00,  322.053598,   16.486139,    1.602386
2010-08-24 00:00:00,  315.432432,   16.486509,    1.602602
2010-08-25 00:00:00,  308.649242,   16.475468,    1.600507
2010-08-26 00:00:00,  303.641581,   16.495744,    1.604420
2010-08-27 00:00:00,  298.907589,   16.490126,    1.603207
2010-08-28 00:00:00,  296.093460,   16.505489,    1.606320
2010-08-29 00:00:00,  294.461235,   16.515597,    1.608361
2010-08-30 00:00:00,  294.147653,   16.569032,    1.618613
2010-08-31 00:00:00,  367.841827,   16.568898,    1.618524
2010-09-01 00:00:00,  355.623068,   16.567924,    1.618207
2010-09-02 00:00:00,  348.025945,   16.572534,    1.618912
2010-09-03 00:00:00,  352.602730,   16.586342,    1.621615
2010-09-04 00:00:00,  349.107237,   16.596214,    1.623491
2010-09-05 00:00:00,  342.966335,   16.648727,    1.633360
2010-09-06 00:00:00,  339.462248,   16.649516,    1.633346
2010-09-07 00:00:00,  420.750795,   16.651338,    1.633471
2010-09-08 00:00:00,  417.602927,   16.660665,    1.635030
2010-09-09 00:00:00,  429.388400,   16.655587,    1.633642
2010-09-10 00:00:00,  422.365798,   16.650904,    1.632273
2010-09-11 00:00:00,  418.631801,   16.664315,    1.634763
2010-09-12 00:00:00,  447.079205,   16.722838,    1.645604
2010-09-13 00:00:00,  436.034229,   16.730056,    1.646779
2010-09-14 00:00:00,  424.813229,   16.734115,    1.647291
2010-09-15 00:00:00,  414.294443,   16.734034,    1.646932
2010-09-16 00:00:00,  393.950120,   16.745599,    1.648821
2010-09-17 00:00:00,  378.426469,   16.743266,    1.647883
2010-09-18 00:00:00,  363.731904,   16.742044,    1.647052
2010-09-19 00:00:00,  348.629683,   16.740508,    1.646141
2010-09-20 00:00:00,  336.675840,   16.738745,    1.645163
2010-09-21 00:00:00,  325.795437,   16.736827,    1.644129
2010-09-22 00:00:00,  317.552125,   16.801943,    1.656023
2010-09-23 00:00:00,  309.672222,   16.812182,    1.657699
2010-09-24 00:00:00,  306.644996,   16.825582,    1.659931
2010-09-25 00:00:00,  299.379637,   16.830402,    1.660451
2010-09-26 00:00:00,  286.559306,   16.837430,    1.661352
2010-09-27 00:00:00,  275.230731,   16.848182,    1.662958
2010-09-28 00:00:00,  259.228557,   16.852599,    1.663263
2010-09-29 00:00:00,  244.748742,   16.854615,    1.663047
2010-09-30 00:00:00,  231.549666,   16.856668,    1.662798
2010-10-01 00:00:00,  224.109776,   16.859462,    1.662621
2010-10-02 00:00:00,  209.036842,   16.960440,    1.680099
2010-10-03 00:00:00,  202.953230,   16.963080,    1.679855
2010-10-04 00:00:00,  191.654918,   16.965716,    1.679589
2010-10-05 00:00:00,  179.312007,   16.968321,    1.679294
2010-10-06 00:00:00,  164.013733,   16.906187,    1.667295
2010-10-07 00:00:00,  152.046295,   16.922672,    1.670021
2010-10-08 00:00:00,  141.136636,   16.938038,    1.672485
2010-10-09 00:00:00,  131.686076,   16.949228,    1.674092
2010-10-10 00:00:00,  111.436112,   17.070638,    1.695216
2010-10-11 00:00:00,  100.585497,   17.077372,    1.695817
2010-10-12 00:00:00,   91.090357,   17.102006,    1.699981
2010-10-13 00:00:00,   80.580233,   17.097234,    1.698238
2010-10-14 00:00:00,   66.004081,   17.044234,    1.688502
2010-10-15 00:00:00,   54.074409,   17.047549,    1.688248
2010-10-16 00:00:00,   46.182996,   17.050790,    1.687972
2010-10-17 00:00:00,   41.220604,   17.054060,    1.687696
2010-10-18 00:00:00,   36.873527,   17.195938,    1.712009
2010-10-19 00:00:00,   36.192484,   17.200995,    1.712045
2010-10-20 00:00:00,   57.066198,   17.206061,    1.712073
2010-10-21 00:00:00,   48.014511,   17.211187,    1.712104
2010-10-22 00:00:00,   39.489036,   17.216338,    1.712130
2010-10-23 00:00:00,   30.801962,   17.221526,    1.712153
2010-10-24 00:00:00,   21.791711,   17.226653,    1.712153
2010-10-25 00:00:00,   15.721629,   17.231750,    1.712136
2010-10-26 00:00:00,   12.544407,   17.236837,    1.712107
2010-10-27 00:00:00,    8.677129,   17.241938,    1.712071
2010-10-28 00:00:00,    1.403406,   17.247079,    1.712035
2010-10-29 00:00:00,    0.000000,-9999.000000,-9999.000000
2010-10-30 00:00:00,    0.000000,-9999.000000,-9999.000000
2010-10-31 00:00:00,    0.000000,-9999.000000,-9999.000000
2010-11-01 00:00:00,    0.000000,-9999.000000,-9999.000000
2010-11-02 00:00:00,    0.000000,-9999.000000,-9999.000000
2010-11-03 00:00:00,    0.000000,-9999.000000,-9999.000000
2010-11-04 00:00:00,    0.000000,-9999.000000,-9999.000000
2010-11-05 00:00:00,    0.000000,-9999.000000,-9999.000000
2010-11-06 00:00:00,    0.000000,-9999.000000,-9999.000000
2010-11-07 00:00:00,    0.000000,-9999.000000,-9999.000000
2010-11-08 00:00:00,    0.000000,-9999.000000,-9999.000000
2010-11-09 00:00:00,    0.000000,-9999.000000,-9999.000000
2010-11-10 00:00:00,    0.000000,-9999.000000,-9999.000000
2010-11-11 00:00:00,    0.000000,-9999.000000,-9999.000000
2010-11-12 00:00:00,    0.000000,-9999.000000,-9999.000000
2010-11-13 00:00:00,    0.000000,-9999.000000,-9999.000000
2010-11-14 00:00:00,    0.000000,-9999.000000,-9999.000000
2010-11-15 00:00:00,    0.000000,-9999.000000,-9999.000000
2010-11-16 00:00:00,    0.000000,-9999.000000,-9999.000000
2010-11-17 00:00:00,    0.000000,-9999.000000,-9999.000000
2010-11-18 00:00:00,    0.000000,-9999.000000,-9999.000000
2010-11-19 00:00:00,    0.000000,-9999.000000,-9999.000000
2010-11-20 00:00:00,    0.000000,-9999.000000,-9999.000000
2010-11-21 00:00:00,    0.000000,-9999.000000,-9999.000000
2010-11-22 00:00:00,    0.000000,-9999.000000,-9999.000000
2010-11-23 00:00:00,    0.000000,-9999.000000,-9999.000000
2010-11-24 00:00:00,    0.000000,-9999.000000,-9999.000000
2010-11-25 00:00:00,    0.000000,-9999.000000,-9999.000000
2010-11-26 00:00:00,    0.000000,-9999.000000,-9999.000000
2010-11-27 00:00:00,    0.000000,-9999.000000,-9999.000000
2010-11-28 00:00:00,    0.000000,-9999.000000,-9999.000000
2010-11-29 00:00:00,    0.000000,-9999.000000,-9999.000000
2010-11-30 00:00:00,    0.000000,-9999.000000,-9999.000000
2010-12-01 00:00:00,    0.000000,-9999.000000,-9999.000000
2010-12-02 00:00:00,    0.000000,-9999.000000,-9999.000000
2010-12-03 00:00:00,    0.000000,-9999.000000,-9999.000000
2010-12-04 00:00:00,    0.000000,-9999.000000,-9999.000000
2010-12-05 00:00:00,    0.000000,-9999.000000,-9999.000000
2010-12-06 00:00:00,    0.000000,-9999.000000,-9999.000000
2010-12-07 00:00:00,    0.000000,-9999.000000,-9999.000000
2010-12-08 00:00:00,    0.000000,-9999.000000,-9999.000000
2010-12-09 00:00:00,    0.000000,-9999.000000,-9999.000000
2010-12-10 00:00:00,    0.000000,-9999.000000,-9999.000000
2010-12-11 00:00:00,    0.000000,-9999.000000,-9999.000000
2010-12-12 00:00:00,    0.000000,-9999.000000,-9999.000000
2010-12-13 00:00:00,    0.000000,-9999.000000,-9999.000000
2010-12-14 00:00:00,    0.000000,-9999.000000,-9999.000000
2010-12-15 00:00:00,    0.000000,-9999.000000,-9999.000000
2010-12-16 00:00:00,    0.000000,-9999.000000,-9999.000000
2010-12-17 00:00:00,    0.000000,-9999.000000,-9999.000000
2010-12-18 00:00:00,    0.000000,-9999.000000,-9999.000000
2010-12-19 00:00:00,    0.000000,-9999.000000,-9999.000000
2010-12-20 00:00:00,    0.000000,-9999.000000,-9999.000000
2010-12-21 00:00:00,    0.000000,-9999.000000,-9999.000000
2010-12-22 00:00:00,    0.000000,-9999.000000,-9999.000000
2010-12-23 00:00:00,    0.000000,-9999.000000,-9999.000000
2010-12-24 00:00:00,    0.000000,-9999.000000,-9999.000000
2010-12-25 00:00:00,    0.000000,-9999.000000,-9999.000000
2010-12-26 00:00:00,    0.000000,-9999.000000,-9999.000000
2010-12-27 00:00:00,    0.000000,-9999.000000,-9999.000000
2010-12-28 00:00:00,    0.000000,-9999.000000,-9999.000000
2010-12-29 00:00:00,    0.000000,-9999.000000,-9999.000000
2010-12-30 00:00:00,    0.000000,-9999.000000,-9999.000000
2010-12-31 00:00:00,    0.000000,-9999.000000,-9999.000000
2011-01-01 00:00:00,    0.000000,-9999.000000,-9999.000000
2011-01-02 00:00:00,    0.000000,-9999.000000,-9999.000000
2011-01-03 00:00:00,    0.000000,-9999.000000,-9999.000000
2011-01-04 00:00:00,    0.000000,-9999.000000,-9999.000000
2011-01-05 00:00:00,    0.000000,-9999.000000,-9999.000000
2011-01-06 00:00:00,    0.000000,-9999.000000,-9999.000000
2011-01-07 00:00:00,    0.000000,-9999.000000,-9999.000000
2011-01-08 00:00:00,    0.000000,-9999.000000,-9999.000000
2011-01-09 00:00:00,    0.000000,-9999.000000,-9999.000000
2011-01-10 00:00:00,    0.000000,-9999.000000,-9999.000000
2011-01-11 00:00:00,    0.000000,-9999.000000,-9999.000000
2011-01-12 00:00:00,    0.000000,-9999.000000,-9999.000000
2011-01-13 00:00:00,    0.000000,-9999.000000,-9999.000000
2011-01-14 00:00:00,    0.000000,-9999.000000,-9999.000000
2011-01-15 00:00:00,    0.000000,-9999.000000,-9999.000000
2011-01-16 00:00:00,    0.000000,-9999.000000,-9999.000000
2011-01-17 00:00:00,    0.000000,-9999.000000,-9999.000000
2011-01-18 00:00:00,    0.000000,-9999.000000,-9999.000000
2011-01-19 00:00:00,    0.000000,-9999.000000,-9999.000000
2011-01-20 00:00:00,    0.000000,-9999.000000,-9999.000000
2011-01-21 00:00:00,    0.000000,-9999.000000,-9999.000000
2011-01-22 00:00:00,    0.000000,-9999.000000,-9999.000000
2011-01-23 00:00:00,    0.000000,-9999.000000,-9999.000000
2011-01-24 00:00:00,    0.000000,-9999.000000,-9999.000000
2011-01-25 00:00:00,    0.000000,-9999.000000,-9999.000000
2011-01-26 00:00:00,    0.000000,-9999.000000,-9999.000000
2011-01-27 00:00:00,    0.000000,-9999.000000,-9999.000000
2011-01-28 00:00:00,    0.000000,-9999.000000,-9999.000000
2011-01-29 00:00:00,    0.000000,-9999.000000,-9999.000000
2011-01-30 00:00:00,    0.000000,-9999.000000,-9999.000000
2011-01-31 00:00:00,    0.000000,-9999.000000,-9999.000000
2011-02-01 00:00:00,    0.000000,-9999.000000,-9999.000000
2011-02-02 00:00:00,    0.000000,-9999.000000,-9999.000000
2011-02-03 00:00:00,    0.000000,-9999.000000,-9999.000000
2011-02-04 00:00:00,    0.000000,-9999.000000,-9999.000000
2011-02-05 00:00:00,    0.000000,-9999.000000,-9999.000000
2011-02-06 00:00:00,    0.000000,-9999.000000,-9999.000000
2011-02-07 00:00:00,    0.000000,-9999.000000,-9999.000000
2011-02-08 00:00:00,    0.000000,-9999.000000,-9999.000000
2011-02-09 00:00:00,    0.000000,-9999.000000,-9999.000000
2011-02-10 00:00:00,    0.000000,-9999.000000,-9999.000000
2011-02-11 00:00:00,    0.000000,-9999.000000,-9999.000000
2011-02-12 00:00:00,    0.000000,-9999.000000,-9999.000000
2011-02-13 00:00:00,    0.000000,-9999.000000,-9999.000000
2011-02-14 00:00:00,    0.000000,-9999.000000,-9999.000000
2011-02-15 00:00:00,    0.000000,-9999.000000,-9999.000000
2011-02-16 00:00:00,    0.000000,-9999.000000,-9999.000000
2011-02-17 00:00:00,    0.000000,-9999.000000,-9999.000000
2011-02-18 00:00:00,    0.000000,-9999.000000,-9999.000000
2011-02-19 00:00:00,    0.000000,-9999.000000,-9999.000000
2011-02-20 00:00:00,    0.000000,-9999.000000,-9999.000000
2011-02-21 00:00:00,    0.000000,-9999.000000,-9999.000000
2011-02-22 00:00:00,    0.000000,-9999.000000,-9999.000000
2011-02-23 00:00:00,    0.000000,-9999.000000,-9999.000000
2011-02-24 00:00:00,    0.000000,-9999.000000,-9999.000000
2011-02-25 00:00:00,    0.000000,-9999.000000,-9999.000000
2011-02-26 00:00:00,    0.000000,-9999.000000,-9999.000000
2011-02-27 00:00:00,    0.000000,-9999.000000,-9999.000000
2011-02-28 00:00:00,    0.000000,-9999.000000,-9999.000000
2011-03-01 00:00:00,    0.000000,-9999.000000,-9999.000000
2011-03-02 00:00:00,    0.000000,-9999.000000,-9999.000000
2011-03-03 00:00:00,    0.000000,-9999.000000,-9999.000000
2011-03-04 00:00:00,    0.000000,-9999.000000,-9999.000000
2011-03-05 00:00:00,    0.000000,-9999.000000,-9999.000000
2011-03-06 00:00:00,    0.000000,-9999.000000,-9999.000000
2011-03-07 00:00:00,    0.000000,-9999.000000,-9999.000000
2011-03-08 00:00:00,    0.000000,-9999.000000,-9999.000000
2011-03-09 00:00:00,    0.000000,-9999.000000,-9999.000000
2011-03-10 00:00:00,    0.000000,-9999.000000,-9999.000000
2011-03-11 00:00:00,    0.000000,-9999.000000,-9999.000000
2011-03-12 00:00:00,    0.000000,-9999.000000,-9999.000000
2011-03-13 00:00:00,    0.000000,-9999.000000,-9999.000000
2011-03-14 00:00:00,    0.000000,-9999.000000,-9999.000000
2011-03-15 00:00:00,    0.000000,-9999.000000,-9999.000000
2011-03-16 00:00:00,    0.000000,-9999.000000,-9999.000000
2011-03-17 00:00:00,    0.000000,-9999.000000,-9999.000000
2011-03-18 00:00:00,    0.000000,-9999.000000,-9999.000000
2011-03-19 00:00:00,    0.000000,-9999.000000,-9999.000000
2011-03-20 00:00:00,    0.000000,-9999.000000,-9999.000000
2011-03-21 00:00:00,    0.000000,-9999.000000,-9999.000000
2011-03-22 00:00:00,    0.000000,-9999.000000,-9999.000000
2011-03-23 00:00:00,    0.000000,-9999.000000,-9999.000000
2011-03-24 00:00:00,    0.000000,-9999.000000,-9999.000000
2011-03-25 00:00:00,    0.000000,-9999.000000,-9999.000000
2011-03-26 00:00:00,    0.000000,-9999.000000,-9999.000000
2011-03-27 00:00:00,    0.000000,-9999.000000,-9999.000000
2011-03-28 00:00:00,    0.000000,-9999.000000,-9999.000000
2011-03-29 00:00:00,    0.000000,-9999.000000,-9999.000000
2011-03-30 00:00:00,    0.000000,-9999.000000,-9999.000000
2011-03-31 00:00:00,    0.000000,-9999.000000,-9999.000000
2011-04-01 00:00:00,    0.000000,-9999.000000,-9999.000000
2011-04-02 00:00:00,    0.000000,-9999.000000,-9999.000000
2011-04-03 00:00:00,    0.000000,-9999.000000,-9999.000000
2011-04-04 00:00:00,    0.000000,-9999.000000,-9999.000000
2011-04-05 00:00:00,    0.000000,-9999.000000,-9999.000000
2011-04-06 00:00:00,    0.000000,-9999.000000,-9999.000000
2011-04-07 00:00:00,    0.000000,-9999.000000,-9999.000000
2011-04-08 00:00:00,    0.000000,-9999.000000,-9999.000000
2011-04-09 00:00:00,    0.000000,-9999.000000,-9999.000000
2011-04-10 00:00:00,    0.000000,-9999.000000,-9999.000000
2011-04-11 00:00:00,    0.000000,-9999.000000,-9999.000000
2011-04-12 00:00:00,    0.000000,-9999.000000,-9999.000000
2011-04-13 00:00:00,    0.000000,-9999.000000,-9999.000000
2011-04-14 00:00:00,    0.000000,-9999.000000,-9999.000000
2011-04-15 00:00:00,    0.000000,-9999.000000,-9999.000000
2011-04-16 00:00:00,    0.000000,-9999.000000,-9999.000000
2011-04-17 00:00:00,    0.000000,-9999.000000,-9999.000000
2011-04-18 00:00:00,    0.000000,-9999.000000,-9999.000000
2011-04-19 00:00:00,    0.000000,-9999.000000,-9999.000000
2011-04-20 00:00:00,    0.000000,-9999.000000,-9999.000000
2011-04-21 00:00:00,    0.000000,-9999.000000,-9999.000000
2011-04-22 00:00:00,    0.000000,-9999.000000,-9999.000000
2011-04-23 00:00:00,    0.000000,-9999.000000,-9999.000000
2011-04-24 00:00:00,    0.000000,-9999.000000,-9999.000000
2011-04-25 00:00:00,    0.000000,-9999.000000,-9999.000000
2011-04-26 00:00:00,    0.000000,-9999.000000,-9999.000000
2011-04-27 00:00:00,    0.000000,-9999.000000,-9999.000000
2011-04-28 00:00:00,    0.000000,-9999.000000,-9999.000000
2011-04-29 00:00:00,    0.000000,-9999.000000,-9999.000000
2011-04-30 00:00:00,    0.000000,-9999.000000,-9999.000000
2011-05-01 00:00:00,    0.000000,-9999.000000,-9999.000000
2011-05-02 00:00:00,    0.000000,-9999.000000,-9999.000000
2011-05-03 00:00:00,    0.000000,-9999.000000,-9999.000000
2011-05-04 00:00:00,    0.000000,-9999.000000,-9999.000000
2011-05-05 00:00:00,    0.000000,-9999.000000,-9999.000000
2011-05-06 00:00:00,    0.000000,-9999.000000,-9999.000000
2011-05-07 00:00:00,    0.000000,-9999.000000,-9999.000000
2011-05-08 00:00:00,    0.000000,-9999.000000,-9999.000000
2011-05-09 00:00:00,    0.000000,-9999.000000,-9999.000000
2011-05-10 00:00:00,    0.000000,-9999.000000,-9999.000000
2011-05-11 00:00:00,    0.000000,-9999.000000,-9999.000000
2011-05-12 00:00:00,    0.000000,-9999.000000,-9999.000000
2011-05-13 00:00:00,    0.000000,-9999.000000,-9999.000000
2011-05-14 00:00:00,    0.000000,-9999.000000,-9999.000000
2011-05-15 00:00:00,    0.000000,-9999.000000,-9999.000000
2011-05-16 00:00:00,    0.000000,-9999.000000,-9999.000000
2011-05-17 00:00:00,    0.000000,-9999.000000,-9999.000000
2011-05-18 00:00:00,    0.000000,-9999.000000,-9999.000000
2011-05-19 00:00:00,    0.000000,-9999.000000,-9999.000000
2011-05-20 00:00:00,    0.000000,-9999.000000,-9999.000000
2011-05-21 00:00:00,    0.000000,-9999.000000,-9999.000000
2011-05-22 00:00:00,    0.000000,-9999.000000,-9999.000000
2011-05-23 00:00:00,    0.000000,-9999.000000,-9999.000000
2011-05-24 00:00:00,    0.000000,-9999.000000,-9999.000000
2011-05-25 00:00:00,    0.000000,-9999.000000,-9999.000000
2011-05-26 00:00:00,    0.000000,-9999.000000,-9999.000000
2011-05-27 00:00:00,    0.000000,-9999.000000,-9999.000000
2011-05-28 00:00:00,    0.000000,-9999.000000,-9999.000000
2011-05-29 00:00:00,    0.000000,-9999.000000,-9999.000000
2011-05-30 00:00:00,    0.000000,-9999.000000,-9999.000000
2011-05-31 00:00:00,    0.000000,-9999.000000,-9999.000000
2011-06-01 00:00:00,    0.000000,-9999.000000,-9999.000000
2011-06-02 00:00:00,    0.000000,-9999.000000,-9999.000000
2011-06-03 00:00:00,    0.000000,-9999.000000,-9999.000000
2011-06-04 00:00:00,    0.000000,-9999.000000,-9999.000000
2011-06-05 00:00:00,    0.000000,-9999.000000,-9999.000000
2011-06-06 00:00:00,    0.000000,-9999.000000,-9999.000000
2011-06-07 00:00:00,    0.000000,-9999.000000,-9999.000000
2011-06-08 00:00:00,    0.000000,-9999.000000,-9999.000000
2011-06-09 00:00:00,    0.000000,-9999.000000,-9999.000000
2011-06-10 00:00:00,    0.000000,-9999.000000,-9999.000000
2011-06-11 00:00:00,    0.000000,-9999.000000,-9999.000000
2011-06-12 00:00:00,    0.000000,-9999.000000,-9999.000000
2011-06-13 00:00:00,    0.000000,-9999.000000,-9999.000000
2011-06-14 00:00:00,    0.000000,-9999.000000,-9999.000000
2011-06-15 00:00:00,    0.000000,-9999.000000,-9999.000000
2011-06-16 00:00:00,    0.000000,-9999.000000,-9999.000000
2011-06-17 00:00:00,    0.000000,-9999.000000,-9999.000000
2011-06-18 00:00:00,    0.000000,-9999.000000,-9999.000000
2011-06-19 00:00:00,    0.000000,-9999.000000,-9999.000000
2011-06-20 00:00:00,    0.000000,-9999.000000,-9999.000000
2011-06-21 00:00:00,    0.000000,-9999.000000,-9999.000000
2011-06-22 00:00:00,    0.000000,-9999.000000,-9999.000000
2011-06-23 00:00:00,    0.000000,-9999.000000,-9999.000000
2011-06-24 00:00:00,    0.000000,-9999.000000,-9999.000000
2011-06-25 00:00:00,    0.000000,-9999.000000,-9999.000000
2011-06-26 00:00:00,    0.000000,-9999.000000,-9999.000000
2011-06-27 00:00:00,    0.000000,-9999.000000,-9999.000000
2011-06-28 00:00:00,    0.000000,-9999.000000,-9999.000000
2011-06-29 00:00:00,    0.000000,-9999.000000,-9999.000000
2011-06-30 00:00:00,    0.000000,-9999.000000,-9999.000000
2011-07-01 00:00:00,    0.000000,-9999.000000,-9999.000000
2011-07-02 00:00:00,    0.000000,-9999.000000,-9999.000000
2011-07-03 00:00:00,    0.000000,-9999.000000,-9999.000000
2011-07-04 00:00:00,    0.000000,-9999.000000,-9999.000000
2011-07-05 00:00:00,    0.000000,-9999.000000,-9999.000000
2011-07-06 00:00:00,    0.000000,-9999.000000,-9999.000000
2011-07-07 00:00:00,    0.000000,-9999.000000,-9999.000000
2011-07-08 00:00:00,    0.000000,-9999.000000,-9999.000000
2011-07-09 00:00:00,    0.000000,-9999.000000,-9999.000000
2011-07-10 00:00:00,    0.000000,-9999.000000,-9999.000000
2011-07-11 00:00:00,    0.000000,-9999.000000,-9999.000000
2011-07-12 00:00:00,    0.000000,-9999.000000,-9999.000000
2011-07-13 00:00:00,    0.000000,-9999.000000,-9999.000000
2011-07-14 00:00:00,    0.000000,-9999.000000,-9999.000000
2011-07-15 00:00:00,    0.000000,-9999.000000,-9999.000000
2011-07-16 00:00:00,    0.000000,-9999.000000,-9999.000000
2011-07-17 00:00:00,    0.000000,-9999.000000,-9999.000000
2011-07-18 00:00:00,    0.000000,-9999.000000,-9999.000000
2011-07-19 00:00:00,    0.000000,-9999.000000,-9999.000000
2011-07-20 00:00:00,    0.000000,-9999.000000,-9999.000000
2011-07-21 00:00:00,    0.000000,-9999.000000,-9999.000000
2011-07-22 00:00:00,    0.000000,-9999.000000,-9999.000000
2011-07-23 00:00:00,    0.000000,-9999.000000,-9999.000000
2011-07-24 00:00:00,    0.000000,-9999.000000,-9999.000000
2011-07-25 00:00:00,    0.000000,-9999.000000,-9999.000000
2011-07-26 00:00:00,    0.000000,-9999.000000,-9999.000000
2011-07-27 00:00:00,   17.980477,   15.326249,    1.453067
2011-07-28 00:00:00,   56.748386,   15.373552,    1.460099
2011-07-29 00:00:00,   54.553070,   15.104943,    1.420111
2011-07-30 00:00:00,   79.147297,   15.106296,    1.420300
2011-07-31 00:00:00,  102.926997,   15.108366,    1.420599
2011-08-01 00:00:00,  126.724855,   15.338404,    1.454830
2011-08-02 00:00:00,  168.194042,   15.112840,    1.421254
2011-08-03 00:00:00,  162.095939,   15.118536,    1.422071
2011-08-04 00:00:00,  160.749556,   15.182784,    1.431622
2011-08-05 00:00:00,  156.515485,   15.188885,    1.432494
2011-08-06 00:00:00,  146.900045,   15.257343,    1.442675
2011-08-07 00:00:00,  159.224114,   15.263786,    1.443611
2011-08-08 00:00:00,  155.012631,   15.269966,    1.444488
2011-08-09 00:00:00,  152.779209,   15.276022,    1.445320
2011-08-10 00:00:00,  152.281390,   15.284592,    1.446585
2011-08-11 00:00:00,  150.710592,   15.292424,    1.447724
2011-08-12 00:00:00,  149.707982,   15.299849,    1.448782
2011-08-13 00:00:00,  317.427748,   15.307040,    1.449783
2011-08-14 00:00:00,  321.843705,   15.314100,    1.450742
2011-08-15 00:00:00,  350.892210,   15.321088,    1.451668
2011-08-16 00:00:00,  357.824462,   15.399735,    1.463384
2011-08-17 00:00:00,  355.034233,   15.408387,    1.464644
2011-08-18 00:00:00,  350.785033,   15.416503,    1.465804
2011-08-19 00:00:00,  347.467123,   15.424289,    1.466895
2011-08-20 00:00:00,  347.988871,   15.431875,    1.467936
2011-08-21 00:00:00,  453.797167,   15.439336,    1.468939
2011-08-22 00:00:00,  466.027839,   15.446728,    1.469915
2011-08-23 00:00:00,  464.099889,   15.454092,    1.470868
2011-08-24 00:00:00,  456.143077,   15.533546,    1.482734
2011-08-25 00:00:00,  448.407233,   15.543208,    1.484143
2011-08-26 00:00:00,  443.347792,   15.552212,    1.485430
2011-08-27 00:00:00,  436.694964,   15.560826,    1.486638
2011-08-28 00:00:00,  431.159550,   15.569203,    1.487792
2011-08-29 00:00:00,  425.662104,   15.577438,    1.488907
2011-08-30 00:00:00,  421.005524,   15.585602,    1.489996
2011-08-31 00:00:00,  417.898667,   15.593738,    1.491066
2011-09-01 00:00:00,  429.676545,   15.601301,    1.492037
2011-09-02 00:00:00,  426.769740,   15.608831,    1.492989
2011-09-03 00:00:00,  415.280879,   15.616912,    1.494012
2011-09-04 00:00:00,  409.005661,   15.630299,    1.496007
2011-09-05 00:00:00,  395.985416,   15.569556,    1.486825
2011-09-06 00:00:00,  385.395903,   15.581147,    1.488486
2011-09-07 00:00:00,  372.531119,   15.592177,    1.490038
2011-09-08 00:00:00,  361.460449,   15.738276,    1.511913
2011-09-09 00:00:00,  351.539371,   15.747856,    1.513221
2011-09-10 00:00:00,  342.173477,   15.757364,    1.514504
2011-09-11 00:00:00,  334.269079,   15.766845,    1.515770
2011-09-12 00:00:00,  325.149529,   15.776334,    1.517025
2011-09-13 00:00:00,  318.428674,   15.785855,    1.518274
2011-09-14 00:00:00,  314.022334,   15.795426,    1.519521
2011-09-15 00:00:00,  309.649138,   15.805065,    1.520768
2011-09-16 00:00:00,  296.784174,   15.814783,    1.522019
2011-09-17 00:00:00,  320.255175,   15.824603,    1.523277
2011-09-18 00:00:00,  444.967345,   15.834528,    1.524544
2011-09-19 00:00:00,  428.573124,   15.850660,    1.526966
2011-09-20 00:00:00,  416.393246,   15.865056,    1.529092
2011-09-21 00:00:00,  466.599260,   15.878518,    1.531047
2011-09-22 00:00:00,  461.583252,   15.891422,    1.532891
2011-09-23 00:00:00,  453.464397,   15.830389,    1.523471
2011-09-24 00:00:00,  444.143679,   15.842639,    1.525161
2011-09-25 00:00:00,  435.081685,   15.994825,    1.548148
2011-09-26 00:00:00,  422.770755,   16.006792,    1.549784
2011-09-27 00:00:00,  500.943227,   16.018772,    1.551412
2011-09-28 00:00:00,  491.807524,   16.030786,    1.553036
2011-09-29 00:00:00,  477.964948,   16.042852,    1.554660
2011-09-30 00:00:00,  462.318479,   16.054983,    1.556286
2011-10-01 00:00:00,  454.439304,   16.068876,    1.558170
2011-10-02 00:00:00,  519.868234,   16.082924,    1.560072
2011-10-03 00:00:00,  501.574300,   16.095450,    1.561738
2011-10-04 00:00:00,  489.246346,   16.108086,    1.563417
2011-10-05 00:00:00,  481.389347,   16.120830,    1.565106
2011-10-06 00:00:00,  468.680584,   16.133683,    1.566808
2011-10-07 00:00:00,  458.906280,   16.146645,    1.568522
2011-10-08 00:00:00,  450.803659,   16.159717,    1.570248
2011-10-09 00:00:00,  432.377910,   16.172902,    1.571988
2011-10-10 00:00:00,  412.582099,   16.186204,    1.573742
2011-10-11 00:00:00,  398.548900,   16.199637,    1.575513
2011-10-12 00:00:00,  384.361725,   16.213196,    1.577300
2011-10-13 00:00:00,  357.133859,   16.226878,    1.579104
2011-10-14 00:00:00,  343.527373,   16.240674,    1.580922
2011-10-15 00:00:00,  333.730767,   16.254588,    1.582755
2011-10-16 00:00:00,  311.098768,   16.268622,    1.584605
2011-10-17 00:00:00,  299.670516,   16.282775,    1.586470
2011-10-18 00:00:00,  350.745198,   16.297049,    1.588352
2011-10-19 00:00:00,  328.584512,   16.311445,    1.590252
2011-10-20 00:00:00,  310.264194,   16.325960,    1.592168
2011-10-21 00:00:00,  294.592554,   16.340593,    1.594100
2011-10-22 00:00:00,  288.912690,   16.355354,    1.596051
2011-10-23 00:00:00,  276.759427,   16.370238,    1.598021
2011-10-24 00:00:00,  265.345782,   16.385247,    1.600010
2011-10-25 00:00:00,  313.199058,   16.400374,    1.602019
2011-10-26 00:00:00,  314.291812,   16.415623,    1.604047
2011-10-27 00:00:00,  302.991226,   16.430979,    1.606093
2011-10-28 00:00:00,  287.884142,   16.446438,    1.608154
2011-10-29 00:00:00,  267.071655,   16.461996,    1.610231
2011-10-30 00:00:00,  248.027318,   16.477646,    1.612322
2011-10-31 00:00:00,  228.903761,   16.493808,    1.614495
2011-11-01 00:00:00,  211.747354,   16.507128,    1.616243
2011-11-02 00:00:00,  220.424216,   16.592046,    1.629208
2011-11-03 00:00:00,  217.312427,   16.608485,    1.631432
2011-11-04 00:00:00,  202.818228,   16.626055,    1.633856
2011-11-05 00:00:00,  268.005690,   16.643564,    1.636270
2011-11-06 00:00:00,  328.890448,   16.661026,    1.638677
2011-11-07 00:00:00,  308.066557,   16.678467,    1.641080
2011-11-08 00:00:00,  322.567116,   16.695888,    1.643478
2011-11-09 00:00:00,  309.098526,   16.713299,    1.645874
2011-11-10 00:00:00,  300.241568,   16.730702,    1.648267
2011-11-11 00:00:00,  280.231991,   16.748099,    1.650658
2011-11-12 00:00:00,  263.393354,   16.765492,    1.653046
2011-11-13 00:00:00,  247.623679,   16.782889,    1.655434
2011-11-14 00:00:00,  232.602795,   16.800293,    1.657822
2011-11-15 00:00:00,  210.797144,   16.817708,    1.660211
2011-11-16 00:00:00,  198.897790,   16.835133,    1.662600
2011-11-17 00:00:00,  197.015677,   16.852560,    1.664989
2011-11-18 00:00:00,  178.290536,   16.869989,    1.667378
2011-11-19 00:00:00,  158.458386,   16.887421,    1.669765
2011-11-20 00:00:00,  140.505538,   16.904854,    1.672151
2011-11-21 00:00:00,  126.057683,   16.922292,    1.674538
2011-11-22 00:00:00,  112.158873,   16.939732,    1.676924
2011-11-23 00:00:00,   93.006490,   16.957169,    1.679309
2011-11-24 00:00:00,   75.781012,   16.974598,    1.681693
2011-11-25 00:00:00,   67.575966,   16.992014,    1.684074
2011-11-26 00:00:00,   47.847782,   17.009416,    1.686453
2011-11-27 00:00:00,   34.205194,   17.026800,    1.688827
2011-11-28 00:00:00,   25.452825,   17.044173,    1.691200
2011-11-29 00:00:00,   14.879738,   17.061530,    1.693570
2011-11-30 00:00:00,    6.897020,   17.078865,    1.695936
2011-12-01 00:00:00,    0.721540,   17.098647,    1.698672
2011-12-02 00:00:00,    0.000000,-9999.000000,-9999.000000
2011-12-03 00:00:00,    0.000000,-9999.000000,-9999.000000
2011-12-04 00:00:00,    0.000000,-9999.000000,-9999.000000
2011-12-05 00:00:00,    0.000000,-9999.000000,-9999.000000
2011-12-06 00:00:00,   15.567495,   17.187505,    1.710830
2011-12-07 00:00:00,   21.753041,   17.204649,    1.713168
2011-12-08 00:00:00,   18.095199,   17.221740,    1.715499
2011-12-09 00:00:00,   14.331176,   17.238772,    1.717820
2011-12-10 00:00:00,    9.313753,   17.255747,    1.720133
2011-12-11 00:00:00,    4.754317,   17.272660,    1.722437
2011-12-12 00:00:00,  284.367406,   17.372025,    1.737812
2011-12-13 00:00:00,  271.797285,   17.389791,    1.740291
2011-12-14 00:00:00,  262.596155,   17.407135,    1.742692
2011-12-15 00:00:00,  252.250349,   17.424304,    1.745061
2011-12-16 00:00:00,  237.589440,   17.441326,    1.747407
2011-12-17 00:00:00,  226.363577,   17.458286,    1.749744
2011-12-18 00:00:00,  208.129141,   17.475143,    1.752065
2011-12-19 00:00:00,  188.744483,   17.492057,    1.754402
2011-12-20 00:00:00,  171.792961,   17.508883,    1.756728
2011-12-21 00:00:00,  155.486153,   17.525578,    1.759032
2011-12-22 00:00:00,  136.674838,   17.541886,    1.761265
2011-12-23 00:00:00,  115.589423,   17.558396,    1.763544
2011-12-24 00:00:00,   98.357884,   17.574844,    1.765816
2011-12-25 00:00:00,   79.534577,   17.591151,    1.768066
2011-12-26 00:00:00,   64.148859,   17.606968,    1.770226
2011-12-27 00:00:00,   48.461880,   17.622380,    1.772310
2011-12-28 00:00:00,   36.106253,   17.637697,    1.774380
2011-12-29 00:00:00,   26.718780,   17.652909,    1.776436
2011-12-30 00:00:00,   19.379802,   17.668018,    1.778477
2011-12-31 00:00:00,   11.573892,   17.682948,    1.780489
2012-01-01 00:00:00,    4.149325,   17.695152,    1.782087
2012-01-02 00:00:00,    0.000000,-9999.000000,-9999.000000
2012-01-03 00:00:00,    0.000000,-9999.000000,-9999.000000
2012-01-04 00:00:00,    0.000000,-9999.000000,-9999.000000
2012-01-05 00:00:00,    0.000000,-9999.000000,-9999.000000
2012-01-06 00:00:00,    0.000000,-9999.000000,-9999.000000
2012-01-07 00:00:00,    0.000000,-9999.000000,-9999.000000
2012-01-08 00:00:00,    0.000000,-9999.000000,-9999.000000
2012-01-09 00:00:00,    0.000000,-9999.000000,-9999.000000
2012-01-10 00:00:00,    0.000000,-9999.000000,-9999.000000
2012-01-11 00:00:00,    0.000000,-9999.000000,-9999.000000
2012-01-12 00:00:00,    0.000000,-9999.000000,-9999.000000
2012-01-13 00:00:00,    0.000000,-9999.000000,-9999.000000
2012-01-14 00:00:00,    0.000000,-9999.000000,-9999.000000
2012-01-15 00:00:00,    0.000000,-9999.000000,-9999.000000
2012-01-16 00:00:00,    0.000000,-9999.000000,-9999.000000
2012-01-17 00:00:00,    0.000000,-9999.000000,-9999.000000
2012-01-18 00:00:00,    0.000000,-9999.000000,-9999.000000
2012-01-19 00:00:00,    0.000000,-9999.000000,-9999.000000
2012-01-20 00:00:00,    0.000000,-9999.000000,-9999.000000
2012-01-21 00:00:00,    0.000000,-9999.000000,-9999.000000
2012-01-22 00:00:00,    0.000000,-9999.000000,-9999.000000
2012-01-23 00:00:00,    0.000000,-9999.000000,-9999.000000
2012-01-24 00:00:00,    0.000000,-9999.000000,-9999.000000
2012-01-25 00:00:00,    0.000000,-9999.000000,-9999.000000
2012-01-26 00:00:00,    0.000000,-9999.000000,-9999.000000
2012-01-27 00:00:00,    0.000000,-9999.000000,-9999.000000
2012-01-28 00:00:00,    0.000000,-9999.000000,-9999.000000
2012-01-29 00:00:00,    0.000000,-9999.000000,-9999.000000
2012-01-30 00:00:00,    0.000000,-9999.000000,-9999.000000
2012-01-31 00:00:00,    0.000000,-9999.000000,-9999.000000
2012-02-01 00:00:00,    0.000000,-9999.000000,-9999.000000
2012-02-02 00:00:00,    0.000000,-9999.000000,-9999.000000
2012-02-03 00:00:00,    0.000000,-9999.000000,-9999.000000
2012-02-04 00:00:00,    0.000000,-9999.000000,-9999.000000
2012-02-05 00:00:00,    0.000000,-9999.000000,-9999.000000
2012-02-06 00:00:00,    0.000000,-9999.000000,-9999.000000
2012-02-07 00:00:00,    0.000000,-9999.000000,-9999.000000
2012-02-08 00:00:00,    0.000000,-9999.000000,-9999.000000
2012-02-09 00:00:00,    0.000000,-9999.000000,-9999.000000
2012-02-10 00:00:00,    0.000000,-9999.000000,-9999.000000
2012-02-11 00:00:00,    0.000000,-9999.000000,-9999.000000
2012-02-12 00:00:00,    0.000000,-9999.000000,-9999.000000
2012-02-13 00:00:00,    0.000000,-9999.000000,-9999.000000
2012-02-14 00:00:00,    0.000000,-9999.000000,-9999.000000
2012-02-15 00:00:00,    0.000000,-9999.000000,-9999.000000
2012-02-16 00:00:00,    0.000000,-9999.000000,-9999.000000
2012-02-17 00:00:00,    0.000000,-9999.000000,-9999.000000
2012-02-18 00:00:00,    0.000000,-9999.000000,-9999.000000
2012-02-19 00:00:00,    0.000000,-9999.000000,-9999.000000
2012-02-20 00:00:00,    0.000000,-9999.000000,-9999.000000
2012-02-21 00:00:00,    0.000000,-9999.000000,-9999.000000
2012-02-22 00:00:00,    0.000000,-9999.000000,-9999.000000
2012-02-23 00:00:00,    0.000000,-9999.000000,-9999.000000
2012-02-24 00:00:00,    0.000000,-9999.000000,-9999.000000
2012-02-25 00:00:00,    0.000000,-9999.000000,-9999.000000
2012-02-26 00:00:00,    0.000000,-9999.000000,-9999.000000
2012-02-27 00:00:00,    0.000000,-9999.000000,-9999.000000
2012-02-28 00:00:00,    0.000000,-9999.000000,-9999.000000
2012-02-29 00:00:00,    0.000000,-9999.000000,-9999.000000
2012-03-01 00:00:00,    0.000000,-9999.000000,-9999.000000
2012-03-02 00:00:00,    0.000000,-9999.000000,-9999.000000
2012-03-03 00:00:00,    0.000000,-9999.000000,-9999.000000
2012-03-04 00:00:00,    0.000000,-9999.000000,-9999.000000
2012-03-05 00:00:00,    0.000000,-9999.000000,-9999.000000
2012-03-06 00:00:00,    0.000000,-9999.000000,-9999.000000
2012-03-07 00:00:00,    0.000000,-9999.000000,-9999.000000
2012-03-08 00:00:00,    0.000000,-9999.000000,-9999.000000
2012-03-09 00:00:00,    0.000000,-9999.000000,-9999.000000
2012-03-10 00:00:00,    0.000000,-9999.000000,-9999.000000
2012-03-11 00:00:00,    0.000000,-9999.000000,-9999.000000
2012-03-12 00:00:00,    0.000000,-9999.000000,-9999.000000
2012-03-13 00:00:00,    0.000000,-9999.000000,-9999.000000
2012-03-14 00:00:00,    0.000000,-9999.000000,-9999.000000
2012-03-15 00:00:00,    0.000000,-9999.000000,-9999.000000
2012-03-16 00:00:00,    0.000000,-9999.000000,-9999.000000
2012-03-17 00:00:00,    0.000000,-9999.000000,-9999.000000
2012-03-18 00:00:00,    0.000000,-9999.000000,-9999.000000
2012-03-19 00:00:00,    0.000000,-9999.000000,-9999.000000
2012-03-20 00:00:00,    0.000000,-9999.000000,-9999.000000
2012-03-21 00:00:00,    0.000000,-9999.000000,-9999.000000
2012-03-22 00:00:00,    0.000000,-9999.000000,-9999.000000
2012-03-23 00:00:00,    0.000000,-9999.000000,-9999.000000
2012-03-24 00:00:00,    0.000000,-9999.000000,-9999.000000
2012-03-25 00:00:00,    0.000000,-9999.000000,-9999.000000
2012-03-26 00:00:00,    0.000000,-9999.000000,-9999.000000
2012-03-27 00:00:00,    0.000000,-9999.000000,-9999.000000
2012-03-28 00:00:00,    0.000000,-9999.000000,-9999.000000
2012-03-29 00:00:00,    0.000000,-9999.000000,-9999.000000
2012-03-30 00:00:00,    0.000000,-9999.000000,-9999.000000
2012-03-31 00:00:00,    0.000000,-9999.000000,-9999.000000
2012-04-01 00:00:00,    0.000000,-9999.000000,-9999.000000
2012-04-02 00:00:00,    0.000000,-9999.000000,-9999.000000
2012-04-03 00:00:00,    0.000000,-9999.000000,-9999.000000
2012-04-04 00:00:00,    0.000000,-9999.000000,-9999.000000
2012-04-05 00:00:00,    0.000000,-9999.000000,-9999.000000
2012-04-06 00:00:00,    0.000000,-9999.000000,-9999.000000
2012-04-07 00:00:00,    0.000000,-9999.000000,-9999.000000
2012-04-08 00:00:00,    0.000000,-9999.000000,-9999.000000
2012-04-09 00:00:00,    0.000000,-9999.000000,-9999.000000
2012-04-10 00:00:00,    0.000000,-9999.000000,-9999.000000
2012-04-11 00:00:00,    0.000000,-9999.000000,-9999.000000
2012-04-12 00:00:00,    0.000000,-9999.000000,-9999.000000
2012-04-13 00:00:00,    0.000000,-9999.000000,-9999.000000
2012-04-14 00:00:00,    0.000000,-9999.000000,-9999.000000
2012-04-15 00:00:00,    0.000000,-9999.000000,-9999.000000
2012-04-16 00:00:00,    0.000000,-9999.000000,-9999.000000
2012-04-17 00:00:00,    0.000000,-9999.000000,-9999.000000
2012-04-18 00:00:00,    0.000000,-9999.000000,-9999.000000
2012-04-19 00:00:00,    0.000000,-9999.000000,-9999.000000
2012-04-20 00:00:00,    0.000000,-9999.000000,-9999.000000
2012-04-21 00:00:00,    0.000000,-9999.000000,-9999.000000
2012-04-22 00:00:00,    0.000000,-9999.000000,-9999.000000
2012-04-23 00:00:00,    0.000000,-9999.000000,-9999.000000
2012-04-24 00:00:00,    0.000000,-9999.000000,-9999.000000
2012-04-25 00:00:00,    0.000000,-9999.000000,-9999.000000
2012-04-26 00:00:00,    0.000000,-9999.000000,-9999.000000
2012-04-27 00:00:00,    0.000000,-9999.000000,-9999.000000
2012-04-28 00:00:00,    0.000000,-9999.000000,-9999.000000
2012-04-29 00:00:00,    0.000000,-9999.000000,-9999.000000
2012-04-30 00:00:00,    0.000000,-9999.000000,-9999.000000
2012-05-01 00:00:00,    0.000000,-9999.000000,-9999.000000
2012-05-02 00:00:00,    0.000000,-9999.000000,-9999.000000
2012-05-03 00:00:00,    0.000000,-9999.000000,-9999.000000
2012-05-04 00:00:00,    0.000000,-9999.000000,-9999.000000
2012-05-05 00:00:00,    0.000000,-9999.000000,-9999.000000
2012-05-06 00:00:00,    0.000000,-9999.000000,-9999.000000
2012-05-07 00:00:00,    0.000000,-9999.000000,-9999.000000
2012-05-08 00:00:00,    0.000000,-9999.000000,-9999.000000
2012-05-09 00:00:00,    0.000000,-9999.000000,-9999.000000
2012-05-10 00:00:00,    0.000000,-9999.000000,-9999.000000
2012-05-11 00:00:00,    0.000000,-9999.000000,-9999.000000
2012-05-12 00:00:00,    0.000000,-9999.000000,-9999.000000
2012-05-13 00:00:00,    0.000000,-9999.000000,-9999.000000
2012-05-14 00:00:00,    0.000000,-9999.000000,-9999.000000
2012-05-15 00:00:00,    0.000000,-9999.000000,-9999.000000
2012-05-16 00:00:00,    0.000000,-9999.000000,-9999.000000
2012-05-17 00:00:00,    0.000000,-9999.000000,-9999.000000
2012-05-18 00:00:00,    0.000000,-9999.000000,-9999.000000
2012-05-19 00:00:00,    0.000000,-9999.000000,-9999.000000
2012-05-20 00:00:00,    0.000000,-9999.000000,-9999.000000
2012-05-21 00:00:00,    0.000000,-9999.000000,-9999.000000
2012-05-22 00:00:00,    0.000000,-9999.000000,-9999.000000
2012-05-23 00:00:00,    0.000000,-9999.000000,-9999.000000
2012-05-24 00:00:00,    0.000000,-9999.000000,-9999.000000
2012-05-25 00:00:00,    0.000000,-9999.000000,-9999.000000
2012-05-26 00:00:00,    0.000000,-9999.000000,-9999.000000
2012-05-27 00:00:00,    0.000000,-9999.000000,-9999.000000
2012-05-28 00:00:00,    0.000000,-9999.000000,-9999.000000
2012-05-29 00:00:00,    0.000000,-9999.000000,-9999.000000
2012-05-30 00:00:00,    0.000000,-9999.000000,-9999.000000
2012-05-31 00:00:00,    0.000000,-9999.000000,-9999.000000
2012-06-01 00:00:00,    0.000000,-9999.000000,-9999.000000
2012-06-02 00:00:00,    0.000000,-9999.000000,-9999.000000
2012-06-03 00:00:00,    0.000000,-9999.000000,-9999.000000
2012-06-04 00:00:00,    0.000000,-9999.000000,-9999.000000
2012-06-05 00:00:00,    0.000000,-9999.000000,-9999.000000
2012-06-06 00:00:00,    0.000000,-9999.000000,-9999.000000
2012-06-07 00:00:00,    0.000000,-9999.000000,-9999.000000
2012-06-08 00:00:00,    0.000000,-9999.000000,-9999.000000
2012-06-09 00:00:00,    0.000000,-9999.000000,-9999.000000
2012-06-10 00:00:00,    0.000000,-9999.000000,-9999.000000
2012-06-11 00:00:00,    0.000000,-9999.000000,-9999.000000
2012-06-12 00:00:00,   22.482388,   17.087154,    1.559219
2012-06-13 00:00:00,   30.729802,   16.838498,    1.556500
2012-06-14 00:00:00,   74.764050,   16.659145,    1.549713
2012-06-15 00:00:00,   77.528227,   16.554363,    1.548426
2012-06-16 00:00:00,   81.071651,   17.030792,    1.646481
2012-06-17 00:00:00,   83.508047,   17.122047,    1.666661
2012-06-18 00:00:00,   84.721141,   17.174168,    1.678894
2012-06-19 00:00:00,  108.912990,   17.190476,    1.683989
2012-06-20 00:00:00,  139.758618,   17.320968,    1.712226
2012-06-21 00:00:00,  139.996101,   17.292179,    1.707927
2012-06-22 00:00:00,  141.265599,   17.233535,    1.697366
2012-06-23 00:00:00,  141.317921,   16.377655,    1.533939
2012-06-24 00:00:00,  139.105631,   16.231655,    1.533003
2012-06-25 00:00:00,  143.268141,   16.018331,    1.531713
2012-06-26 00:00:00,  202.031594,   16.082553,    1.556585
2012-06-27 00:00:00,  225.078803,   16.134610,    1.553461
2012-06-28 00:00:00,  232.169538,   16.070504,    1.551927
2012-06-29 00:00:00,  234.029381,   16.030513,    1.550040
2012-06-30 00:00:00,  233.949672,   16.006787,    1.546415
2012-07-01 00:00:00,  234.295850,   15.953407,    1.538224
2012-07-02 00:00:00,  234.466957,   15.986918,    1.543408
2012-07-03 00:00:00,  230.384569,   15.952301,    1.544320
2012-07-04 00:00:00,  227.035898,   15.861669,    1.543329
2012-07-05 00:00:00,  221.574138,   15.843629,    1.542625
2012-07-06 00:00:00,  249.953016,   15.889219,    1.539493
2012-07-07 00:00:00,  251.726232,   15.834300,    1.538210
2012-07-08 00:00:00,  246.693006,   15.842217,    1.537437
2012-07-09 00:00:00,  242.832004,   15.672725,    1.536276
2012-07-10 00:00:00,  426.379330,   15.574817,    1.523676
2012-07-11 00:00:00,  421.764152,   15.448537,    1.522760
2012-07-12 00:00:00,  419.096772,   15.281683,    1.521690
2012-07-13 00:00:00,  418.256518,   15.244079,    1.520732
2012-07-14 00:00:00,  417.006574,   15.197773,    1.519778
2012-07-15 00:00:00,  413.016551,   15.043712,    1.502598
2012-07-16 00:00:00,  489.929294,   15.135575,    1.512467
2012-07-17 00:00:00,  484.007513,   15.131319,    1.511786
2012-07-18 00:00:00,  479.406974,   15.127298,    1.511124
2012-07-19 00:00:00,  475.520792,   15.174839,    1.516087
2012-07-20 00:00:00,  471.578749,   15.171167,    1.515473
2012-07-21 00:00:00,  467.234989,   15.167605,    1.514870
2012-07-22 00:00:00,  462.511089,   15.163966,    1.514236
2012-07-23 00:00:00,  473.364837,   15.163669,    1.513551
2012-07-24 00:00:00,  464.323700,   15.278122,    1.507201
2012-07-25 00:00:00,  462.790200,   15.229779,    1.506733
2012-07-26 00:00:00,  459.771229,   15.134319,    1.506107
2012-07-27 00:00:00,  455.541584,   15.027346,    1.494266
2012-07-28 00:00:00,  449.387251,   14.994898,    1.490562
2012-07-29 00:00:00,  440.227723,   15.030235,    1.494256
2012-07-30 00:00:00,  427.967698,   15.263608,    1.504855
2012-07-31 00:00:00,  534.011589,   15.385026,    1.498213
2012-08-01 00:00:00,  572.063256,   15.429861,    1.496673
2012-08-02 00:00:00,  597.289367,   15.377133,    1.489548
2012-08-03 00:00:00,  611.306403,   15.531230,    1.492258
2012-08-04 00:00:00,  667.031662,   15.650243,    1.488835
2012-08-05 00:00:00,  657.948192,   15.650450,    1.488885
2012-08-06 00:00:00,  678.114999,   15.494740,    1.464363
2012-08-07 00:00:00,  712.253151,   15.496171,    1.464595
2012-08-08 00:00:00,  713.668072,   15.497661,    1.464834
2012-08-09 00:00:00,  701.768396,   15.499220,    1.465082
2012-08-10 00:00:00,  690.328986,   15.500859,    1.465339
2012-08-11 00:00:00,  683.424689,   15.503265,    1.465724
2012-08-12 00:00:00,  934.782795,   15.505602,    1.466098
2012-08-13 00:00:00,  914.582574,   15.507922,    1.466469
2012-08-14 00:00:00,  921.802474,   15.510291,    1.466842
2012-08-15 00:00:00,  907.904101,   15.512720,    1.467221
2012-08-16 00:00:00,  892.455657,   15.515231,    1.467609
2012-08-17 00:00:00,  879.638876,   15.517832,    1.468007
2012-08-18 00:00:00,  866.300726,   15.686619,    1.494652
2012-08-19 00:00:00,  855.953257,   15.689106,    1.495044
2012-08-20 00:00:00,  878.165340,   15.691645,    1.495442
2012-08-21 00:00:00,  869.479887,   15.694280,    1.495851
2012-08-22 00:00:00,  843.448554,   15.697031,    1.496275
2012-08-23 00:00:00,  831.405917,   15.699923,    1.496717
2012-08-24 00:00:00,  820.533796,   15.702962,    1.497178
2012-08-25 00:00:00,  808.326799,   15.706156,    1.497660
2012-08-26 00:00:00,  795.805764,   15.709522,    1.498164
2012-08-27 00:00:00,  786.705083,   15.755999,    1.505494
2012-08-28 00:00:00,  769.180061,   15.760330,    1.506166
2012-08-29 00:00:00,  756.574462,   15.764700,    1.506839
2012-08-30 00:00:00,  745.711490,   15.769164,    1.507523
2012-08-31 00:00:00,  768.423210,   15.773754,    1.508222
2012-09-01 00:00:00,  751.459639,   15.777834,    1.508842
2012-09-02 00:00:00,  738.601572,   15.782015,    1.509473
2012-09-03 00:00:00,  796.157842,   15.786938,    1.510214
2012-09-04 00:00:00,  844.624914,   15.792027,    1.510979
2012-09-05 00:00:00,  841.689270,   15.797294,    1.511768
2012-09-06 00:00:00,  823.188146,   15.802736,    1.512582
2012-09-07 00:00:00,  802.587529,   15.808369,    1.513422
2012-09-08 00:00:00,  781.632768,   15.814191,    1.514287
2012-09-09 00:00:00,  766.273067,   15.821466,    1.515408
2012-09-10 00:00:00,  759.971058,   15.828593,    1.516502
2012-09-11 00:00:00,  747.185718,   15.835707,    1.517590
2012-09-12 00:00:00,  722.475659,   15.842884,    1.518683
2012-09-13 00:00:00,  701.849123,   15.850167,    1.519788
2012-09-14 00:00:00,  683.986416,   15.857577,    1.520908
2012-09-15 00:00:00,  665.568441,   15.865128,    1.522046
2012-09-16 00:00:00,  643.629934,   15.872831,    1.523206
2012-09-17 00:00:00,  631.031853,   15.880694,    1.524386
2012-09-18 00:00:00,  759.767117,   15.888719,    1.525590
2012-09-19 00:00:00,  742.457059,   15.896912,    1.526817
2012-09-20 00:00:00,  709.846435,   15.905278,    1.528068
2012-09-21 00:00:00,  701.523832,   15.913820,    1.529344
2012-09-22 00:00:00,  684.147799,   15.922533,    1.530645
2012-09-23 00:00:00,  666.904860,   15.931429,    1.531972
2012-09-24 00:00:00,  653.635280,   15.987134,    1.540649
2012-09-25 00:00:00,  705.134032,   15.996647,    1.542063
2012-09-26 00:00:00,  717.921067,   16.006364,    1.543507
2012-09-27 00:00:00,  734.121169,   16.016280,    1.544981
2012-09-28 00:00:00,  719.305465,   16.026398,    1.546483
2012-09-29 00:00:00,  704.047441,   16.036721,    1.548015
2012-09-30 00:00:00,  688.676508,   16.047241,    1.549575
2012-10-01 00:00:00,  658.116033,   16.059832,    1.551447
2012-10-02 00:00:00,  648.472540,   16.072680,    1.553357
2012-10-03 00:00:00,  620.050295,   16.083897,    1.555020
2012-10-04 00:00:00,  607.152963,   16.095311,    1.556711
2012-10-05 00:00:00,  584.355463,   16.106918,    1.558431
2012-10-06 00:00:00,  562.737196,   16.118721,    1.560178
2012-10-07 00:00:00,  545.759570,   16.130713,    1.561953
2012-10-08 00:00:00,  526.292273,   16.142891,    1.563756
2012-10-09 00:00:00,  508.265744,   16.155260,    1.565586
2012-10-10 00:00:00,  478.823865,   16.167815,    1.567444
2012-10-11 00:00:00,  442.212034,   16.180557,    1.569328
2012-10-12 00:00:00,  430.705832,   16.193479,    1.571239
2012-10-13 00:00:00,  422.186334,   16.206578,    1.573177
2012-10-14 00:00:00,  399.525318,   16.219854,    1.575141
2012-10-15 00:00:00,  389.525055,   16.233310,    1.577131
2012-10-16 00:00:00,  379.128158,   16.246942,    1.579148
2012-10-17 00:00:00,  364.879493,   16.260751,    1.581189
2012-10-18 00:00:00,  356.750083,   16.274738,    1.583256
2012-10-19 00:00:00,  344.676021,   16.288894,    1.585348
2012-10-20 00:00:00,  331.503155,   16.303212,    1.587464
2012-10-21 00:00:00,  319.417319,   16.317702,    1.589605
2012-10-22 00:00:00,  305.438252,   16.332353,    1.591769
2012-10-23 00:00:00,  278.819193,   16.347155,    1.593956
2012-10-24 00:00:00,  259.982136,   16.362126,    1.596166
2012-10-25 00:00:00,  238.839471,   16.377252,    1.598400
2012-10-26 00:00:00,  219.644230,   16.192258,    1.569443
2012-10-27 00:00:00,  201.170488,   16.205736,    1.571422
2012-10-28 00:00:00,  191.604660,   16.219347,    1.573421
2012-10-29 00:00:00,  183.705089,   16.233084,    1.575438
2012-10-30 00:00:00,  166.707996,   16.246939,    1.577474
2012-10-31 00:00:00,  147.783181,   16.260918,    1.579527
2012-11-01 00:00:00,  136.826012,   16.272249,    1.581179
2012-11-02 00:00:00,  130.281783,   16.283639,    1.582839
2012-11-03 00:00:00,  120.681452,   16.297862,    1.584926
2012-11-04 00:00:00,  145.411017,   16.312197,    1.587031
2012-11-05 00:00:00,  148.227079,   16.326645,    1.589152
2012-11-06 00:00:00,  141.421770,   16.341207,    1.591289
2012-11-07 00:00:00,  132.331401,   16.355883,    1.593441
2012-11-08 00:00:00,  121.500333,   16.370674,    1.595609
2012-11-09 00:00:00,  115.381614,   16.385569,    1.597791
2012-11-10 00:00:00,  103.730738,   16.400562,    1.599988
2012-11-11 00:00:00,   89.108561,   16.415652,    1.602198
2012-11-12 00:00:00,   78.350008,   16.430838,    1.604421
2012-11-13 00:00:00,   69.024510,   16.446112,    1.606657
2012-11-14 00:00:00,   59.736124,   16.461472,    1.608904
2012-11-15 00:00:00,   50.581277,   16.476921,    1.611164
2012-11-16 00:00:00,   41.265197,   16.492454,    1.613435
2012-11-17 00:00:00,   33.817949,   16.508064,    1.615717
2012-11-18 00:00:00,   23.744792,   16.523749,    1.618009
2012-11-19 00:00:00,   18.758815,   16.539501,    1.620310
2012-11-20 00:00:00,   11.538587,   16.555320,    1.622621
2012-11-21 00:00:00,    6.234796,   16.571205,    1.624940
2012-11-22 00:00:00,    3.257709,   16.587151,    1.627267
2012-11-23 00:00:00,    0.503598,   16.665068,    1.639213
2012-11-24 00:00:00,    0.000000,-9999.000000,-9999.000000
2012-11-25 00:00:00,    0.000000,-9999.000000,-9999.000000
2012-11-26 00:00:00,    0.000000,-9999.000000,-9999.000000
2012-11-27 00:00:00,    0.000000,-9999.000000,-9999.000000
2012-11-28 00:00:00,    0.000000,-9999.000000,-9999.000000
2012-11-29 00:00:00,    0.000000,-9999.000000,-9999.000000
2012-11-30 00:00:00,    0.000000,-9999.000000,-9999.000000
2012-12-01 00:00:00,    0.000000,-9999.000000,-9999.000000
2012-12-02 00:00:00,    0.000000,-9999.000000,-9999.000000
2012-12-03 00:00:00,    0.000000,-9999.000000,-9999.000000
2012-12-04 00:00:00,    0.000000,-9999.000000,-9999.000000
2012-12-05 00:00:00,    0.000000,-9999.000000,-9999.000000
2012-12-06 00:00:00,    0.000000,-9999.000000,-9999.000000
2012-12-07 00:00:00,    0.000000,-9999.000000,-9999.000000
2012-12-08 00:00:00,    0.000000,-9999.000000,-9999.000000
2012-12-09 00:00:00,    0.000000,-9999.000000,-9999.000000
2012-12-10 00:00:00,    0.000000,-9999.000000,-9999.000000
2012-12-11 00:00:00,    0.000000,-9999.000000,-9999.000000
2012-12-12 00:00:00,    0.000000,-9999.000000,-9999.000000
2012-12-13 00:00:00,    0.000000,-9999.000000,-9999.000000
2012-12-14 00:00:00,    0.000000,-9999.000000,-9999.000000
2012-12-15 00:00:00,    0.000000,-9999.000000,-9999.000000
2012-12-16 00:00:00,    0.000000,-9999.000000,-9999.000000
2012-12-17 00:00:00,    0.000000,-9999.000000,-9999.000000
2012-12-18 00:00:00,    0.000000,-9999.000000,-9999.000000
2012-12-19 00:00:00,    0.000000,-9999.000000,-9999.000000
2012-12-20 00:00:00,    0.000000,-9999.000000,-9999.000000
2012-12-21 00:00:00,    0.000000,-9999.000000,-9999.000000
2012-12-22 00:00:00,    0.000000,-9999.000000,-9999.000000
2012-12-23 00:00:00,    0.000000,-9999.000000,-9999.000000
2012-12-24 00:00:00,    0.000000,-9999.000000,-9999.000000
2012-12-25 00:00:00,    0.000000,-9999.000000,-9999.000000
2012-12-26 00:00:00,    0.000000,-9999.000000,-9999.000000
2012-12-27 00:00:00,    0.000000,-9999.000000,-9999.000000
2012-12-28 00:00:00,    0.000000,-9999.000000,-9999.000000
2012-12-29 00:00:00,    0.000000,-9999.000000,-9999.000000
2012-12-30 00:00:00,    0.000000,-9999.000000,-9999.000000
2012-12-31 00:00:00,    0.000000,-9999.000000,-9999.000000
2013-01-01 00:00:00,    0.000000,-9999.000000,-9999.000000
2013-01-02 00:00:00,    0.000000,-9999.000000,-9999.000000
2013-01-03 00:00:00,    0.000000,-9999.000000,-9999.000000
2013-01-04 00:00:00,    0.000000,-9999.000000,-9999.000000
2013-01-05 00:00:00,    0.000000,-9999.000000,-9999.000000
2013-01-06 00:00:00,    0.000000,-9999.000000,-9999.000000
2013-01-07 00:00:00,    0.000000,-9999.000000,-9999.000000
2013-01-08 00:00:00,    0.000000,-9999.000000,-9999.000000
2013-01-09 00:00:00,    0.000000,-9999.000000,-9999.000000
2013-01-10 00:00:00,    0.000000,-9999.000000,-9999.000000
2013-01-11 00:00:00,    0.000000,-9999.000000,-9999.000000
2013-01-12 00:00:00,    0.000000,-9999.000000,-9999.000000
2013-01-13 00:00:00,    0.000000,-9999.000000,-9999.000000
2013-01-14 00:00:00,    0.000000,-9999.000000,-9999.000000
2013-01-15 00:00:00,    0.000000,-9999.000000,-9999.000000
2013-01-16 00:00:00,    0.000000,-9999.000000,-9999.000000
2013-01-17 00:00:00,    0.000000,-9999.000000,-9999.000000
2013-01-18 00:00:00,    0.000000,-9999.000000,-9999.000000
2013-01-19 00:00:00,    0.000000,-9999.000000,-9999.000000
2013-01-20 00:00:00,    0.000000,-9999.000000,-9999.000000
2013-01-21 00:00:00,    0.000000,-9999.000000,-9999.000000
2013-01-22 00:00:00,    0.000000,-9999.000000,-9999.000000
2013-01-23 00:00:00,    0.000000,-9999.000000,-9999.000000
2013-01-24 00:00:00,    0.000000,-9999.000000,-9999.000000
2013-01-25 00:00:00,    0.000000,-9999.000000,-9999.000000
2013-01-26 00:00:00,    0.000000,-9999.000000,-9999.000000
2013-01-27 00:00:00,    0.000000,-9999.000000,-9999.000000
2013-01-28 00:00:00,    0.000000,-9999.000000,-9999.000000
2013-01-29 00:00:00,    0.000000,-9999.000000,-9999.000000
2013-01-30 00:00:00,    0.000000,-9999.000000,-9999.000000
2013-01-31 00:00:00,    0.000000,-9999.000000,-9999.000000
2013-02-01 00:00:00,    0.000000,-9999.000000,-9999.000000
2013-02-02 00:00:00,    0.000000,-9999.000000,-9999.000000
2013-02-03 00:00:00,    0.000000,-9999.000000,-9999.000000
2013-02-04 00:00:00,    0.000000,-9999.000000,-9999.000000
2013-02-05 00:00:00,    0.000000,-9999.000000,-9999.000000
2013-02-06 00:00:00,    0.000000,-9999.000000,-9999.000000
2013-02-07 00:00:00,    0.000000,-9999.000000,-9999.000000
2013-02-08 00:00:00,    0.000000,-9999.000000,-9999.000000
2013-02-09 00:00:00,    0.000000,-9999.000000,-9999.000000
2013-02-10 00:00:00,    0.000000,-9999.000000,-9999.000000
2013-02-11 00:00:00,    0.000000,-9999.000000,-9999.000000
2013-02-12 00:00:00,    0.000000,-9999.000000,-9999.000000
2013-02-13 00:00:00,    0.000000,-9999.000000,-9999.000000
2013-02-14 00:00:00,    0.000000,-9999.000000,-9999.000000
2013-02-15 00:00:00,    0.000000,-9999.000000,-9999.000000
2013-02-16 00:00:00,    0.000000,-9999.000000,-9999.000000
2013-02-17 00:00:00,    0.000000,-9999.000000,-9999.000000
2013-02-18 00:00:00,    0.000000,-9999.000000,-9999.000000
2013-02-19 00:00:00,    0.000000,-9999.000000,-9999.000000
2013-02-20 00:00:00,    0.000000,-9999.000000,-9999.000000
2013-02-21 00:00:00,    0.000000,-9999.000000,-9999.000000
2013-02-22 00:00:00,    0.000000,-9999.000000,-9999.000000
2013-02-23 00:00:00,    0.000000,-9999.000000,-9999.000000
2013-02-24 00:00:00,    0.000000,-9999.000000,-9999.000000
2013-02-25 00:00:00,    0.000000,-9999.000000,-9999.000000
2013-02-26 00:00:00,    0.000000,-9999.000000,-9999.000000
2013-02-27 00:00:00,    0.000000,-9999.000000,-9999.000000
2013-02-28 00:00:00,    0.000000,-9999.000000,-9999.000000
2013-03-01 00:00:00,    0.000000,-9999.000000,-9999.000000
2013-03-02 00:00:00,    0.000000,-9999.000000,-9999.000000
2013-03-03 00:00:00,    0.000000,-9999.000000,-9999.000000
2013-03-04 00:00:00,    0.000000,-9999.000000,-9999.000000
2013-03-05 00:00:00,    0.000000,-9999.000000,-9999.000000
2013-03-06 00:00:00,    0.000000,-9999.000000,-9999.000000
2013-03-07 00:00:00,    0.000000,-9999.000000,-9999.000000
2013-03-08 00:00:00,    0.000000,-9999.000000,-9999.000000
2013-03-09 00:00:00,    0.000000,-9999.000000,-9999.000000
2013-03-10 00:00:00,    0.000000,-9999.000000,-9999.000000
2013-03-11 00:00:00,    0.000000,-9999.000000,-9999.000000
2013-03-12 00:00:00,    0.000000,-9999.000000,-9999.000000
2013-03-13 00:00:00,    0.000000,-9999.000000,-9999.000000
2013-03-14 00:00:00,    0.000000,-9999.000000,-9999.000000
2013-03-15 00:00:00,    0.000000,-9999.000000,-9999.000000
2013-03-16 00:00:00,    0.000000,-9999.000000,-9999.000000
2013-03-17 00:00:00,    0.000000,-9999.000000,-9999.000000
2013-03-18 00:00:00,    0.000000,-9999.000000,-9999.000000
2013-03-19 00:00:00,    0.000000,-9999.000000,-9999.000000
2013-03-20 00:00:00,    0.000000,-9999.000000,-9999.000000
2013-03-21 00:00:00,    0.000000,-9999.000000,-9999.000000
2013-03-22 00:00:00,    0.000000,-9999.000000,-9999.000000
2013-03-23 00:00:00,    0.000000,-9999.000000,-9999.000000
2013-03-24 00:00:00,    0.000000,-9999.000000,-9999.000000
2013-03-25 00:00:00,    0.000000,-9999.000000,-9999.000000
2013-03-26 00:00:00,    0.000000,-9999.000000,-9999.000000
2013-03-27 00:00:00,    0.000000,-9999.000000,-9999.000000
2013-03-28 00:00:00,    0.000000,-9999.000000,-9999.000000
2013-03-29 00:00:00,    0.000000,-9999.000000,-9999.000000
2013-03-30 00:00:00,    0.000000,-9999.000000,-9999.000000
2013-03-31 00:00:00,    0.000000,-9999.000000,-9999.000000
2013-04-01 00:00:00,    0.000000,-9999.000000,-9999.000000
2013-04-02 00:00:00,    0.000000,-9999.000000,-9999.000000
2013-04-03 00:00:00,    0.000000,-9999.000000,-9999.000000
2013-04-04 00:00:00,    0.000000,-9999.000000,-9999.000000
2013-04-05 00:00:00,    0.000000,-9999.000000,-9999.000000
2013-04-06 00:00:00,    0.000000,-9999.000000,-9999.000000
2013-04-07 00:00:00,    0.000000,-9999.000000,-9999.000000
2013-04-08 00:00:00,    0.000000,-9999.000000,-9999.000000
2013-04-09 00:00:00,    0.000000,-9999.000000,-9999.000000
2013-04-10 00:00:00,    0.000000,-9999.000000,-9999.000000
2013-04-11 00:00:00,    0.000000,-9999.000000,-9999.000000
2013-04-12 00:00:00,    0.000000,-9999.000000,-9999.000000
2013-04-13 00:00:00,    0.000000,-9999.000000,-9999.000000
2013-04-14 00:00:00,    0.000000,-9999.000000,-9999.000000
2013-04-15 00:00:00,    0.000000,-9999.000000,-9999.000000
2013-04-16 00:00:00,    0.000000,-9999.000000,-9999.000000
2013-04-17 00:00:00,    0.000000,-9999.000000,-9999.000000
2013-04-18 00:00:00,    0.000000,-9999.000000,-9999.000000
2013-04-19 00:00:00,    0.000000,-9999.000000,-9999.000000
2013-04-20 00:00:00,    0.000000,-9999.000000,-9999.000000
2013-04-21 00:00:00,    0.000000,-9999.000000,-9999.000000
2013-04-22 00:00:00,    0.000000,-9999.000000,-9999.000000
2013-04-23 00:00:00,    0.000000,-9999.000000,-9999.000000
2013-04-24 00:00:00,    0.000000,-9999.000000,-9999.000000
2013-04-25 00:00:00,    0.000000,-9999.000000,-9999.000000
2013-04-26 00:00:00,    0.000000,-9999.000000,-9999.000000
2013-04-27 00:00:00,    0.000000,-9999.000000,-9999.000000
2013-04-28 00:00:00,    0.000000,-9999.000000,-9999.000000
2013-04-29 00:00:00,    0.000000,-9999.000000,-9999.000000
2013-04-30 00:00:00,    0.000000,-9999.000000,-9999.000000
2013-05-01 00:00:00,    0.000000,-9999.000000,-9999.000000
2013-05-02 00:00:00,    0.000000,-9999.000000,-9999.000000
2013-05-03 00:00:00,    0.000000,-9999.000000,-9999.000000
2013-05-04 00:00:00,    0.000000,-9999.000000,-9999.000000
2013-05-05 00:00:00,    0.000000,-9999.000000,-9999.000000
2013-05-06 00:00:00,    0.000000,-9999.000000,-9999.000000
2013-05-07 00:00:00,    0.000000,-9999.000000,-9999.000000
2013-05-08 00:00:00,    0.000000,-9999.000000,-9999.000000
2013-05-09 00:00:00,    0.000000,-9999.000000,-9999.000000
2013-05-10 00:00:00,    0.000000,-9999.000000,-9999.000000
2013-05-11 00:00:00,    0.000000,-9999.000000,-9999.000000
2013-05-12 00:00:00,    0.000000,-9999.000000,-9999.000000
2013-05-13 00:00:00,    0.000000,-9999.000000,-9999.000000
2013-05-14 00:00:00,    0.000000,-9999.000000,-9999.000000
2013-05-15 00:00:00,    0.000000,-9999.000000,-9999.000000
2013-05-16 00:00:00,    0.000000,-9999.000000,-9999.000000
2013-05-17 00:00:00,    0.000000,-9999.000000,-9999.000000
2013-05-18 00:00:00,    0.000000,-9999.000000,-9999.000000
2013-05-19 00:00:00,    0.000000,-9999.000000,-9999.000000
2013-05-20 00:00:00,    0.000000,-9999.000000,-9999.000000
2013-05-21 00:00:00,    0.000000,-9999.000000,-9999.000000
2013-05-22 00:00:00,    0.000000,-9999.000000,-9999.000000
2013-05-23 00:00:00,    0.000000,-9999.000000,-9999.000000
2013-05-24 00:00:00,    0.000000,-9999.000000,-9999.000000
2013-05-25 00:00:00,    0.000000,-9999.000000,-9999.000000
2013-05-26 00:00:00,   10.999882,   18.302774,    1.876948
2013-05-27 00:00:00,   11.911489,   18.290423,    1.875044
2013-05-28 00:00:00,   16.123563,   18.191550,    1.856600
2013-05-29 00:00:00,   25.388092,   18.185035,    1.855676
2013-05-30 00:00:00,  158.728326,   18.178220,    1.854687
2013-05-31 00:00:00,  157.050368,   18.171199,    1.853649
2013-06-01 00:00:00,  156.053415,   18.167709,    1.853227
2013-06-02 00:00:00,  155.323940,   17.250602,    1.649421
2013-06-03 00:00:00,  155.800772,   17.138577,    1.648016
2013-06-04 00:00:00,  158.446353,   17.132629,    1.646807
2013-06-05 00:00:00,  174.383389,   17.240464,    1.675340
2013-06-06 00:00:00,  175.961592,   17.242110,    1.673605
2013-06-07 00:00:00,  177.002287,   17.267147,    1.671982
2013-06-08 00:00:00,  178.095468,   17.169861,    1.670145
2013-06-09 00:00:00,  187.289968,   17.252406,    1.684037
2013-06-10 00:00:00,  187.729917,   17.470945,    1.726812
2013-06-11 00:00:00,  186.133372,   17.728943,    1.779494
2013-06-12 00:00:00,  182.018163,   17.087995,    1.663211
2013-06-13 00:00:00,  179.710786,   16.977459,    1.661822
2013-06-14 00:00:00,  177.391269,   16.961416,    1.660624
2013-06-15 00:00:00,  178.313819,   16.827919,    1.658909
2013-06-16 00:00:00,  191.000932,   16.803262,    1.657371
2013-06-17 00:00:00,  189.536170,   16.780718,    1.653838
2013-06-18 00:00:00,  192.917144,   16.756048,    1.653504
2013-06-19 00:00:00,  193.473558,   16.696397,    1.651822
2013-06-20 00:00:00,  194.901325,   16.639090,    1.650394
2013-06-21 00:00:00,  190.499505,   16.634125,    1.649312
2013-06-22 00:00:00,  184.008105,   16.485758,    1.648262
2013-06-23 00:00:00,  273.123592,   16.305082,    1.639965
2013-06-24 00:00:00,  270.137425,   16.392400,    1.638727
2013-06-25 00:00:00,  268.685974,   16.453277,    1.637412
2013-06-26 00:00:00,  269.461960,   16.376558,    1.635943
2013-06-27 00:00:00,  270.381351,   16.349270,    1.634627
2013-06-28 00:00:00,  271.963757,   16.259132,    1.622779
2013-06-29 00:00:00,  272.509078,   16.324010,    1.631994
2013-06-30 00:00:00,  272.176800,   16.290750,    1.630771
2013-07-01 00:00:00,  271.680607,   16.238074,    1.629286
2013-07-02 00:00:00,  268.604281,   16.148065,    1.618060
2013-07-03 00:00:00,  288.990137,   16.118392,    1.614238
2013-07-04 00:00:00,  292.677974,   16.258621,    1.631000
2013-07-05 00:00:00,  291.015366,   16.116291,    1.622710
2013-07-06 00:00:00,  283.788165,   16.024442,    1.622104
2013-07-07 00:00:00,  281.069878,   15.829896,    1.621015
2013-07-08 00:00:00,  279.662533,   15.715459,    1.620088
2013-07-09 00:00:00,  385.151236,   15.736929,    1.611997
2013-07-10 00:00:00,  384.974262,   15.647935,    1.610886
2013-07-11 00:00:00,  409.022137,   15.601211,    1.606317
2013-07-12 00:00:00,  408.537512,   15.520370,    1.598781
2013-07-13 00:00:00,  432.708063,   15.589225,    1.604488
2013-07-14 00:00:00,  434.618637,   15.550455,    1.600733
2013-07-15 00:00:00,  452.689214,   15.423423,    1.589358
2013-07-16 00:00:00,  478.841597,   15.426526,    1.589336
2013-07-17 00:00:00,  478.006638,   15.489917,    1.593968
2013-07-18 00:00:00,  474.883693,   15.761262,    1.614738
2013-07-19 00:00:00,  468.635350,   15.617318,    1.596005
2013-07-20 00:00:00,  461.244965,   15.528567,    1.595490
2013-07-21 00:00:00,  455.276548,   15.448624,    1.594996
2013-07-22 00:00:00,  442.479400,   15.376023,    1.594914
2013-07-23 00:00:00,  609.781856,   15.344435,    1.584119
2013-07-24 00:00:00,  722.671825,   15.352281,    1.577590
2013-07-25 00:00:00,  726.119072,   15.538244,    1.575802
2013-07-26 00:00:00, 1071.594914,   15.408550,    1.557826
2013-07-27 00:00:00, 1182.731024,   15.464402,    1.551410
2013-07-28 00:00:00, 1165.318566,   15.414458,    1.550807
2013-07-29 00:00:00, 1178.635290,   15.475048,    1.549775
2013-07-30 00:00:00, 1167.141757,   15.463929,    1.548358
2013-07-31 00:00:00, 1180.668275,   15.645742,    1.546743
2013-08-01 00:00:00, 1181.964401,   15.632866,    1.545126
2013-08-02 00:00:00, 1167.240633,   15.607071,    1.538808
2013-08-03 00:00:00, 1151.480433,   15.601939,    1.536302
2013-08-04 00:00:00, 1137.882198,   15.630882,    1.539439
2013-08-05 00:00:00, 1160.925085,   15.760003,    1.553766
2013-08-06 00:00:00, 1159.542957,   15.700249,    1.544740
2013-08-07 00:00:00, 1282.708354,   15.774244,    1.552549
2013-08-08 00:00:00, 1257.488318,   15.779058,    1.552975
2013-08-09 00:00:00, 1237.335650,   15.686092,    1.540488
2013-08-10 00:00:00, 1325.880925,   15.690508,    1.540892
2013-08-11 00:00:00, 1354.515399,   15.694911,    1.541306
2013-08-12 00:00:00, 1320.017414,   15.743110,    1.547149
2013-08-13 00:00:00, 1393.723908,   15.746886,    1.547501
2013-08-14 00:00:00, 1362.299621,   15.674413,    1.537681
2013-08-15 00:00:00, 1426.804505,   15.677970,    1.537976
2013-08-16 00:00:00, 1438.502276,   15.681685,    1.538295
2013-08-17 00:00:00, 1407.505429,   15.685540,    1.538637
2013-08-18 00:00:00, 1384.103840,   15.689519,    1.538998
2013-08-19 00:00:00, 1361.912891,   15.693613,    1.539376
2013-08-20 00:00:00, 1343.467772,   15.697817,    1.539771
2013-08-21 00:00:00, 1328.910053,   15.702126,    1.540182
2013-08-22 00:00:00, 1305.788972,   15.706541,    1.540608
2013-08-23 00:00:00, 1282.448827,   15.711056,    1.541048
2013-08-24 00:00:00, 1258.599614,   15.715674,    1.541502
2013-08-25 00:00:00, 1350.484033,   15.720394,    1.541971
2013-08-26 00:00:00, 1418.762861,   15.725213,    1.542454
2013-08-27 00:00:00, 1524.115194,   15.769034,    1.547947
2013-08-28 00:00:00, 1601.978235,   15.775258,    1.548712
2013-08-29 00:00:00, 1598.221677,   15.781291,    1.549440
2013-08-30 00:00:00, 1588.698492,   15.787237,    1.550148
2013-08-31 00:00:00, 1586.794127,   15.793161,    1.550848
2013-09-01 00:00:00, 1559.723432,   15.798661,    1.551481
2013-09-02 00:00:00, 1537.941136,   15.804160,    1.552111
2013-09-03 00:00:00, 1538.967607,   15.810113,    1.552802
2013-09-04 00:00:00, 1485.623626,   15.816142,    1.553502
2013-09-05 00:00:00, 1449.915250,   15.822263,    1.554212
2013-09-06 00:00:00, 1416.405009,   15.828478,    1.554934
2013-09-07 00:00:00, 1390.481408,   15.834795,    1.555668
2013-09-08 00:00:00, 1367.359375,   15.841213,    1.556416
2013-09-09 00:00:00, 1340.170262,   15.847741,    1.557177
2013-09-10 00:00:00, 1315.227894,   15.854382,    1.557952
2013-09-11 00:00:00, 1513.359694,   15.861133,    1.558743
2013-09-12 00:00:00, 1481.408134,   15.868000,    1.559549
2013-09-13 00:00:00, 1475.580530,   15.874987,    1.560371
2013-09-14 00:00:00, 1776.012207,   15.882094,    1.561210
2013-09-15 00:00:00, 1724.247253,   15.889323,    1.562065
2013-09-16 00:00:00, 1861.015314,   15.896683,    1.562937
2013-09-17 00:00:00, 1808.818174,   15.904165,    1.563827
2013-09-18 00:00:00, 1813.542734,   15.911777,    1.564735
2013-09-19 00:00:00, 1768.639041,   15.919522,    1.565660
2013-09-20 00:00:00, 1749.350227,   15.927414,    1.566603
2013-09-21 00:00:00, 1714.434715,   15.935474,    1.567562
2013-09-22 00:00:00, 1823.843174,   15.986511,    1.574301
2013-09-23 00:00:00, 1812.196766,   15.996863,    1.575687
2013-09-24 00:00:00, 1808.463389,   16.007017,    1.577029
2013-09-25 00:00:00, 1747.059374,   16.017109,    1.578345
2013-09-26 00:00:00, 1726.393263,   16.027221,    1.579647
2013-09-27 00:00:00, 1685.130614,   16.037401,    1.580942
2013-09-28 00:00:00, 1637.552299,   16.047690,    1.582236
2013-09-29 00:00:00, 1875.705097,   16.058110,    1.583531
2013-09-30 00:00:00, 1906.492916,   16.116914,    1.591428
2013-10-01 00:00:00, 1862.129317,   16.131059,    1.593368
2013-10-02 00:00:00, 1819.268827,   16.145027,    1.595261
2013-10-03 00:00:00, 1774.553430,   16.157541,    1.596923
2013-10-04 00:00:00, 1736.849097,   16.170040,    1.598565
2013-10-05 00:00:00, 1767.068047,   16.182572,    1.600197
2013-10-06 00:00:00, 1710.958431,   16.195177,    1.601823
2013-10-07 00:00:00, 1661.368818,   16.207878,    1.603449
2013-10-08 00:00:00, 1631.374022,   16.220688,    1.605078
2013-10-09 00:00:00, 1698.432590,   16.236624,    1.607302
2013-10-10 00:00:00, 1650.416367,   16.251863,    1.609400
2013-10-11 00:00:00, 1587.052213,   16.266741,    1.611424
2013-10-12 00:00:00, 1524.508685,   16.334672,    1.620686
2013-10-13 00:00:00, 1473.985267,   16.349472,    1.622669
2013-10-14 00:00:00, 1429.726709,   16.364267,    1.624637
2013-10-15 00:00:00, 1398.491420,   16.379088,    1.626597
2013-10-16 00:00:00, 1368.800759,   16.393954,    1.628552
2013-10-17 00:00:00, 1338.626791,   16.408887,    1.630506
2013-10-18 00:00:00, 1305.139058,   16.423900,    1.632462
2013-10-19 00:00:00, 1398.003463,   16.438997,    1.634421
2013-10-20 00:00:00, 1507.183321,   16.454184,    1.636384
2013-10-21 00:00:00, 1462.147973,   16.469467,    1.638353
2013-10-22 00:00:00, 1413.720206,   16.484850,    1.640328
2013-10-23 00:00:00, 1350.245207,   16.500333,    1.642310
2013-10-24 00:00:00, 1287.032892,   16.515916,    1.644300
2013-10-25 00:00:00, 1261.051076,   16.535747,    1.647128
2013-10-26 00:00:00, 1232.685274,   16.554525,    1.649765
2013-10-27 00:00:00, 1199.747931,   16.572728,    1.652289
2013-10-28 00:00:00, 1158.870456,   16.590591,    1.654742
2013-10-29 00:00:00, 1118.090410,   16.608241,    1.657145
2013-10-30 00:00:00, 1084.971830,   16.625755,    1.659515
2013-10-31 00:00:00, 1049.941017,   16.707916,    1.671046
2013-11-01 00:00:00, 1000.789193,   16.722400,    1.672945
2013-11-02 00:00:00,  949.770852,   16.736823,    1.674826
2013-11-03 00:00:00,  904.837343,   16.754275,    1.677149
2013-11-04 00:00:00,  872.535630,   16.771756,    1.679470
2013-11-05 00:00:00,  830.222910,   16.789271,    1.681791
2013-11-06 00:00:00,  795.709884,   16.806820,    1.684111
2013-11-07 00:00:00,  763.223616,   16.824407,    1.686431
2013-11-08 00:00:00,  724.514632,   16.842029,    1.688752
2013-11-09 00:00:00,  691.987846,   16.859688,    1.691073
2013-11-10 00:00:00,  656.904449,   16.877382,    1.693395
2013-11-11 00:00:00,  630.639958,   16.895113,    1.695718
2013-11-12 00:00:00,  581.833073,   16.912885,    1.698044
2013-11-13 00:00:00,  538.105754,   16.930695,    1.700373
2013-11-14 00:00:00,  504.443715,   16.948539,    1.702704
2013-11-15 00:00:00,  463.163544,   16.966411,    1.705036
2013-11-16 00:00:00,  437.380149,   16.984310,    1.707369
2013-11-17 00:00:00,  425.362216,   17.002235,    1.709703
2013-11-18 00:00:00,  382.708847,   17.020182,    1.712038
2013-11-19 00:00:00,  341.236797,   17.038154,    1.714376
2013-11-20 00:00:00,  305.589516,   17.056149,    1.716715
2013-11-21 00:00:00,  281.897807,   17.074157,    1.719054
2013-11-22 00:00:00,  267.988364,   17.092173,    1.721392
2013-11-23 00:00:00,  256.709550,   17.110195,    1.723730
2013-11-24 00:00:00,  235.106003,   17.128223,    1.726068
2013-11-25 00:00:00,  214.784479,   17.146250,    1.728404
2013-11-26 00:00:00,  195.472632,   17.164282,    1.730740
2013-11-27 00:00:00,  177.670659,   17.182316,    1.733075
2013-11-28 00:00:00,  159.642963,   17.200339,    1.735408
2013-11-29 00:00:00,  142.702808,   17.218348,    1.737738
2013-11-30 00:00:00,  127.795886,   17.236335,    1.740065
2013-12-01 00:00:00,  118.002264,   17.256718,    1.742750
2013-12-02 00:00:00,  103.028801,   17.277121,    1.745437
2013-12-03 00:00:00,   76.752976,   17.295134,    1.747767
2013-12-04 00:00:00,   63.588817,   17.313116,    1.750091
2013-12-05 00:00:00,   50.359737,   17.331055,    1.752409
2013-12-06 00:00:00,   41.005736,   17.348948,    1.754720
2013-12-07 00:00:00,   27.541431,   17.366795,    1.757024
2013-12-08 00:00:00,   15.396772,   17.384593,    1.759321
2013-12-09 00:00:00,    8.516531,   17.402337,    1.761610
2013-12-10 00:00:00,    2.296256,   17.495765,    1.775290
2013-12-11 00:00:00,    0.000000,-9999.000000,-9999.000000
2013-12-12 00:00:00,    0.000000,-9999.000000,-9999.000000
2013-12-13 00:00:00,    0.000000,-9999.000000,-9999.000000
2013-12-14 00:00:00,    0.000000,-9999.000000,-9999.000000
2013-12-15 00:00:00,    0.000000,-9999.000000,-9999.000000
2013-12-16 00:00:00,    0.000000,-9999.000000,-9999.000000
2013-12-17 00:00:00,    0.000000,-9999.000000,-9999.000000
2013-12-18 00:00:00,    0.000000,-9999.000000,-9999.000000
2013-12-19 00:00:00,    0.000000,-9999.000000,-9999.000000
2013-12-20 00:00:00,    0.000000,-9999.000000,-9999.000000
2013-12-21 00:00:00,    0.000000,-9999.000000,-9999.000000
2013-12-22 00:00:00,    0.000000,-9999.000000,-9999.000000
2013-12-23 00:00:00,    0.000000,-9999.000000,-9999.000000
2013-12-24 00:00:00,    0.000000,-9999.000000,-9999.000000
2013-12-25 00:00:00,    0.000000,-9999.000000,-9999.000000
2013-12-26 00:00:00,    0.000000,-9999.000000,-9999.000000
2013-12-27 00:00:00,    0.000000,-9999.000000,-9999.000000
2013-12-28 00:00:00,    0.000000,-9999.000000,-9999.000000
2013-12-29 00:00:00,    0.000000,-9999.000000,-9999.000000
2013-12-30 00:00:00,    0.000000,-9999.000000,-9999.000000
2013-12-31 00:00:00,    0.000000,-9999.000000,-9999.000000
2014-01-01 00:00:00,    0.000000,-9999.000000,-9999.000000
2014-01-02 00:00:00,    0.000000,-9999.000000,-9999.000000
2014-01-03 00:00:00,    0.000000,-9999.000000,-9999.000000
2014-01-04 00:00:00,    0.000000,-9999.000000,-9999.000000
2014-01-05 00:00:00,    0.000000,-9999.000000,-9999.000000
2014-01-06 00:00:00,    0.000000,-9999.000000,-9999.000000
2014-01-07 00:00:00,    0.000000,-9999.000000,-9999.000000
2014-01-08 00:00:00,    0.000000,-9999.000000,-9999.000000
2014-01-09 00:00:00,    0.000000,-9999.000000,-9999.000000
2014-01-10 00:00:00,    0.000000,-9999.000000,-9999.000000
2014-01-11 00:00:00,    0.000000,-9999.000000,-9999.000000
2014-01-12 00:00:00,    0.000000,-9999.000000,-9999.000000
2014-01-13 00:00:00,    0.000000,-9999.000000,-9999.000000
2014-01-14 00:00:00,    0.000000,-9999.000000,-9999.000000
2014-01-15 00:00:00,    0.000000,-9999.000000,-9999.000000
2014-01-16 00:00:00,    0.000000,-9999.000000,-9999.000000
2014-01-17 00:00:00,    0.000000,-9999.000000,-9999.000000
2014-01-18 00:00:00,    0.000000,-9999.000000,-9999.000000
2014-01-19 00:00:00,    0.000000,-9999.000000,-9999.000000
2014-01-20 00:00:00,    0.000000,-9999.000000,-9999.000000
2014-01-21 00:00:00,    0.000000,-9999.000000,-9999.000000
2014-01-22 00:00:00,    0.000000,-9999.000000,-9999.000000
2014-01-23 00:00:00,    0.000000,-9999.000000,-9999.000000
2014-01-24 00:00:00,    0.000000,-9999.000000,-9999.000000
2014-01-25 00:00:00,    0.000000,-9999.000000,-9999.000000
2014-01-26 00:00:00,    0.000000,-9999.000000,-9999.000000
2014-01-27 00:00:00,    0.000000,-9999.000000,-9999.000000
2014-01-28 00:00:00,    0.000000,-9999.000000,-9999.000000
2014-01-29 00:00:00,    0.000000,-9999.000000,-9999.000000
2014-01-30 00:00:00,    0.000000,-9999.000000,-9999.000000
2014-01-31 00:00:00,    0.000000,-9999.000000,-9999.000000
2014-02-01 00:00:00,    0.000000,-9999.000000,-9999.000000
2014-02-02 00:00:00,    0.000000,-9999.000000,-9999.000000
2014-02-03 00:00:00,    0.000000,-9999.000000,-9999.000000
2014-02-04 00:00:00,    0.000000,-9999.000000,-9999.000000
2014-02-05 00:00:00,    0.000000,-9999.000000,-9999.000000
2014-02-06 00:00:00,    0.000000,-9999.000000,-9999.000000
2014-02-07 00:00:00,    0.000000,-9999.000000,-9999.000000
2014-02-08 00:00:00,    0.000000,-9999.000000,-9999.000000
2014-02-09 00:00:00,    0.000000,-9999.000000,-9999.000000
2014-02-10 00:00:00,    0.000000,-9999.000000,-9999.000000
2014-02-11 00:00:00,    0.000000,-9999.000000,-9999.000000
2014-02-12 00:00:00,    0.000000,-9999.000000,-9999.000000
2014-02-13 00:00:00,    0.000000,-9999.000000,-9999.000000
2014-02-14 00:00:00,    0.000000,-9999.000000,-9999.000000
2014-02-15 00:00:00,    0.000000,-9999.000000,-9999.000000
2014-02-16 00:00:00,    0.000000,-9999.000000,-9999.000000
2014-02-17 00:00:00,    0.000000,-9999.000000,-9999.000000
2014-02-18 00:00:00,    0.000000,-9999.000000,-9999.000000
2014-02-19 00:00:00,    0.000000,-9999.000000,-9999.000000
2014-02-20 00:00:00,    0.000000,-9999.000000,-9999.000000
2014-02-21 00:00:00,    0.000000,-9999.000000,-9999.000000
2014-02-22 00:00:00,    0.000000,-9999.000000,-9999.000000
2014-02-23 00:00:00,    0.000000,-9999.000000,-9999.000000
2014-02-24 00:00:00,    0.000000,-9999.000000,-9999.000000
2014-02-25 00:00:00,    0.000000,-9999.000000,-9999.000000
2014-02-26 00:00:00,    0.000000,-9999.000000,-9999.000000
2014-02-27 00:00:00,    0.000000,-9999.000000,-9999.000000
2014-02-28 00:00:00,    0.000000,-9999.000000,-9999.000000
2014-03-01 00:00:00,    0.000000,-9999.000000,-9999.000000
2014-03-02 00:00:00,    0.000000,-9999.000000,-9999.000000
2014-03-03 00:00:00,    0.000000,-9999.000000,-9999.000000
2014-03-04 00:00:00,    0.000000,-9999.000000,-9999.000000
2014-03-05 00:00:00,    0.000000,-9999.000000,-9999.000000
2014-03-06 00:00:00,    0.000000,-9999.000000,-9999.000000
2014-03-07 00:00:00,    0.000000,-9999.000000,-9999.000000
2014-03-08 00:00:00,    0.000000,-9999.000000,-9999.000000
2014-03-09 00:00:00,    0.000000,-9999.000000,-9999.000000
2014-03-10 00:00:00,    0.000000,-9999.000000,-9999.000000
2014-03-11 00:00:00,    0.000000,-9999.000000,-9999.000000
2014-03-12 00:00:00,    0.000000,-9999.000000,-9999.000000
2014-03-13 00:00:00,    0.000000,-9999.000000,-9999.000000
2014-03-14 00:00:00,    0.000000,-9999.000000,-9999.000000
2014-03-15 00:00:00,    0.000000,-9999.000000,-9999.000000
2014-03-16 00:00:00,    0.000000,-9999.000000,-9999.000000
2014-03-17 00:00:00,    0.000000,-9999.000000,-9999.000000
2014-03-18 00:00:00,    0.000000,-9999.000000,-9999.000000
2014-03-19 00:00:00,    0.000000,-9999.000000,-9999.000000
2014-03-20 00:00:00,    0.000000,-9999.000000,-9999.000000
2014-03-21 00:00:00,    0.000000,-9999.000000,-9999.000000
2014-03-22 00:00:00,    0.000000,-9999.000000,-9999.000000
2014-03-23 00:00:00,    0.000000,-9999.000000,-9999.000000
2014-03-24 00:00:00,    0.000000,-9999.000000,-9999.000000
2014-03-25 00:00:00,    0.000000,-9999.000000,-9999.000000
2014-03-26 00:00:00,    0.000000,-9999.000000,-9999.000000
2014-03-27 00:00:00,    0.000000,-9999.000000,-9999.000000
2014-03-28 00:00:00,    0.000000,-9999.000000,-9999.000000
2014-03-29 00:00:00,    0.000000,-9999.000000,-9999.000000
2014-03-30 00:00:00,    0.000000,-9999.000000,-9999.000000
2014-03-31 00:00:00,    0.000000,-9999.000000,-9999.000000
2014-04-01 00:00:00,    0.000000,-9999.000000,-9999.000000
2014-04-02 00:00:00,    0.000000,-9999.000000,-9999.000000
2014-04-03 00:00:00,    0.000000,-9999.000000,-9999.000000
2014-04-04 00:00:00,    0.000000,-9999.000000,-9999.000000
2014-04-05 00:00:00,    0.000000,-9999.000000,-9999.000000
2014-04-06 00:00:00,    0.000000,-9999.000000,-9999.000000
2014-04-07 00:00:00,    0.000000,-9999.000000,-9999.000000
2014-04-08 00:00:00,    0.000000,-9999.000000,-9999.000000
2014-04-09 00:00:00,    0.000000,-9999.000000,-9999.000000
2014-04-10 00:00:00,    0.000000,-9999.000000,-9999.000000
2014-04-11 00:00:00,    0.000000,-9999.000000,-9999.000000
2014-04-12 00:00:00,    0.000000,-9999.000000,-9999.000000
2014-04-13 00:00:00,    0.000000,-9999.000000,-9999.000000
2014-04-14 00:00:00,    0.000000,-9999.000000,-9999.000000
2014-04-15 00:00:00,    0.000000,-9999.000000,-9999.000000
2014-04-16 00:00:00,    0.000000,-9999.000000,-9999.000000
2014-04-17 00:00:00,    0.000000,-9999.000000,-9999.000000
2014-04-18 00:00:00,    0.000000,-9999.000000,-9999.000000
2014-04-19 00:00:00,    0.000000,-9999.000000,-9999.000000
2014-04-20 00:00:00,    0.000000,-9999.000000,-9999.000000
2014-04-21 00:00:00,    0.000000,-9999.000000,-9999.000000
2014-04-22 00:00:00,    0.000000,-9999.000000,-9999.000000
2014-04-23 00:00:00,    0.000000,-9999.000000,-9999.000000
2014-04-24 00:00:00,    0.000000,-9999.000000,-9999.000000
2014-04-25 00:00:00,    0.000000,-9999.000000,-9999.000000
2014-04-26 00:00:00,    0.000000,-9999.000000,-9999.000000
2014-04-27 00:00:00,    0.000000,-9999.000000,-9999.000000
2014-04-28 00:00:00,    0.000000,-9999.000000,-9999.000000
2014-04-29 00:00:00,    0.000000,-9999.000000,-9999.000000
2014-04-30 00:00:00,    0.000000,-9999.000000,-9999.000000
2014-05-01 00:00:00,    0.000000,-9999.000000,-9999.000000
2014-05-02 00:00:00,    0.000000,-9999.000000,-9999.000000
2014-05-03 00:00:00,    0.000000,-9999.000000,-9999.000000
2014-05-04 00:00:00,    0.000000,-9999.000000,-9999.000000
2014-05-05 00:00:00,    0.000000,-9999.000000,-9999.000000
2014-05-06 00:00:00,    0.000000,-9999.000000,-9999.000000
2014-05-07 00:00:00,    0.000000,-9999.000000,-9999.000000
2014-05-08 00:00:00,    0.000000,-9999.000000,-9999.000000
2014-05-09 00:00:00,    0.000000,-9999.000000,-9999.000000
2014-05-10 00:00:00,    0.000000,-9999.000000,-9999.000000
2014-05-11 00:00:00,    0.000000,-9999.000000,-9999.000000
2014-05-12 00:00:00,    0.000000,-9999.000000,-9999.000000
2014-05-13 00:00:00,    0.000000,-9999.000000,-9999.000000
2014-05-14 00:00:00,    0.000000,-9999.000000,-9999.000000
2014-05-15 00:00:00,    0.000000,-9999.000000,-9999.000000
2014-05-16 00:00:00,    0.000000,-9999.000000,-9999.000000
2014-05-17 00:00:00,    0.000000,-9999.000000,-9999.000000
2014-05-18 00:00:00,    0.000000,-9999.000000,-9999.000000
2014-05-19 00:00:00,    0.000000,-9999.000000,-9999.000000
2014-05-20 00:00:00,    0.000000,-9999.000000,-9999.000000
2014-05-21 00:00:00,    0.000000,-9999.000000,-9999.000000
2014-05-22 00:00:00,    0.000000,-9999.000000,-9999.000000
2014-05-23 00:00:00,    0.000000,-9999.000000,-9999.000000
2014-05-24 00:00:00,    0.000000,-9999.000000,-9999.000000
2014-05-25 00:00:00,    0.000000,-9999.000000,-9999.000000
2014-05-26 00:00:00,    0.000000,-9999.000000,-9999.000000
2014-05-27 00:00:00,    0.000000,-9999.000000,-9999.000000
2014-05-28 00:00:00,    0.000000,-9999.000000,-9999.000000
2014-05-29 00:00:00,    0.000000,-9999.000000,-9999.000000
2014-05-30 00:00:00,    0.000000,-9999.000000,-9999.000000
2014-05-31 00:00:00,    0.000000,-9999.000000,-9999.000000
2014-06-01 00:00:00,    0.000000,-9999.000000,-9999.000000
2014-06-02 00:00:00,    0.000000,-9999.000000,-9999.000000
2014-06-03 00:00:00,    0.000000,-9999.000000,-9999.000000
2014-06-04 00:00:00,    0.000000,-9999.000000,-9999.000000
2014-06-05 00:00:00,    0.000000,-9999.000000,-9999.000000
2014-06-06 00:00:00,    0.000000,-9999.000000,-9999.000000
2014-06-07 00:00:00,    0.000000,-9999.000000,-9999.000000
2014-06-08 00:00:00,    0.000000,-9999.000000,-9999.000000
2014-06-09 00:00:00,    0.000000,-9999.000000,-9999.000000
2014-06-10 00:00:00,    0.000000,-9999.000000,-9999.000000
2014-06-11 00:00:00,    0.000000,-9999.000000,-9999.000000
2014-06-12 00:00:00,    0.000000,-9999.000000,-9999.000000
2014-06-13 00:00:00,    0.000000,-9999.000000,-9999.000000
2014-06-14 00:00:00,    0.000000,-9999.000000,-9999.000000
2014-06-15 00:00:00,    0.000000,-9999.000000,-9999.000000
2014-06-16 00:00:00,    0.000000,-9999.000000,-9999.000000
2014-06-17 00:00:00,    0.000000,-9999.000000,-9999.000000
2014-06-18 00:00:00,    0.000000,-9999.000000,-9999.000000
2014-06-19 00:00:00,    0.000000,-9999.000000,-9999.000000
2014-06-20 00:00:00,    0.000000,-9999.000000,-9999.000000
2014-06-21 00:00:00,    0.000000,-9999.000000,-9999.000000
2014-06-22 00:00:00,    0.000000,-9999.000000,-9999.000000
2014-06-23 00:00:00,    0.000000,-9999.000000,-9999.000000
2014-06-24 00:00:00,    0.000000,-9999.000000,-9999.000000
2014-06-25 00:00:00,    0.000000,-9999.000000,-9999.000000
2014-06-26 00:00:00,    0.000000,-9999.000000,-9999.000000
2014-06-27 00:00:00,    0.000000,-9999.000000,-9999.000000
2014-06-28 00:00:00,    0.000000,-9999.000000,-9999.000000
2014-06-29 00:00:00,    0.000000,-9999.000000,-9999.000000
2014-06-30 00:00:00,    0.000000,-9999.000000,-9999.000000
2014-07-01 00:00:00,    0.000000,-9999.000000,-9999.000000
2014-07-02 00:00:00,    0.000000,-9999.000000,-9999.000000
2014-07-03 00:00:00,    0.000000,-9999.000000,-9999.000000
2014-07-04 00:00:00,    0.000000,-9999.000000,-9999.000000
2014-07-05 00:00:00,    0.000000,-9999.000000,-9999.000000
2014-07-06 00:00:00,    0.000000,-9999.000000,-9999.000000
2014-07-07 00:00:00,    0.000000,-9999.000000,-9999.000000
2014-07-08 00:00:00,    0.000000,-9999.000000,-9999.000000
2014-07-09 00:00:00,    0.000000,-9999.000000,-9999.000000
2014-07-10 00:00:00,    0.000000,-9999.000000,-9999.000000
2014-07-11 00:00:00,    0.000000,-9999.000000,-9999.000000
2014-07-12 00:00:00,    0.000000,-9999.000000,-9999.000000
2014-07-13 00:00:00,    0.000000,-9999.000000,-9999.000000
2014-07-14 00:00:00,    6.152412,   15.467386,    1.634683
2014-07-15 00:00:00,    6.378644,   15.540716,    1.634232
2014-07-16 00:00:00,    6.824848,   15.471418,    1.633622
2014-07-17 00:00:00,    7.253905,   15.511133,    1.635806
2014-07-18 00:00:00,    7.448142,   15.378257,    1.632831
2014-07-19 00:00:00,   17.769400,   15.394659,    1.632584
2014-07-20 00:00:00,   44.396029,   15.406122,    1.628721
2014-07-21 00:00:00,   94.017611,   15.581673,    1.618969
2014-07-22 00:00:00,  140.306407,   15.478931,    1.613376
2014-07-23 00:00:00,  141.357352,   15.380331,    1.612890
2014-07-24 00:00:00,  145.832724,   15.407451,    1.612240
2014-07-25 00:00:00,  150.829132,   15.750198,    1.611656
2014-07-26 00:00:00,  180.563235,   15.950591,    1.619866
2014-07-27 00:00:00,  178.670874,   15.909040,    1.619323
2014-07-28 00:00:00,  177.282124,   16.136243,    1.619079
2014-07-29 00:00:00,  180.860936,   16.112948,    1.618237
2014-07-30 00:00:00,  182.061407,   16.379180,    1.617776
2014-07-31 00:00:00,  177.368694,   16.248743,    1.617361
2014-08-01 00:00:00,  174.125573,   16.116796,    1.617387
2014-08-02 00:00:00,  173.939600,   16.083971,    1.613923
2014-08-03 00:00:00,  173.180694,   16.061184,    1.617093
2014-08-04 00:00:00,  169.715109,   16.057894,    1.616924
2014-08-05 00:00:00,  166.836060,   16.056381,    1.616896
2014-08-06 00:00:00,  162.478439,   16.022772,    1.613570
2014-08-07 00:00:00,  171.824330,   16.021620,    1.613330
2014-08-08 00:00:00,  173.502494,   16.043598,    1.615275
2014-08-09 00:00:00,  171.728175,   16.042627,    1.615064
2014-08-10 00:00:00,  170.542438,   16.041845,    1.614877
2014-08-11 00:00:00,  166.859151,   16.041233,    1.614713
2014-08-12 00:00:00,  156.890848,   16.040798,    1.614572
2014-08-13 00:00:00,  144.844515,   16.040504,    1.614456
2014-08-14 00:00:00,  137.158910,   16.040418,    1.614363
2014-08-15 00:00:00,  137.605538,   16.040468,    1.614295
2014-08-16 00:00:00,  138.437934,   16.040729,    1.614251
2014-08-17 00:00:00,  188.261895,   16.041326,    1.614256
2014-08-18 00:00:00,  203.831756,   16.042058,    1.614281
2014-08-19 00:00:00,  205.211407,   16.042976,    1.614327
2014-08-20 00:00:00,  209.439868,   16.068477,    1.616644
2014-08-21 00:00:00,  211.596306,   16.069788,    1.616749
2014-08-22 00:00:00,  203.869665,   16.071300,    1.616877
2014-08-23 00:00:00,  202.253306,   16.098215,    1.619352
2014-08-24 00:00:00,  199.677479,   16.100171,    1.619547
2014-08-25 00:00:00,  199.162190,   16.102323,    1.619766
2014-08-26 00:00:00,  196.418096,   16.104681,    1.620010
2014-08-27 00:00:00,  194.910110,   16.107233,    1.620281
2014-08-28 00:00:00,  192.712823,   16.110181,    1.620610
2014-08-29 00:00:00,  571.695638,   16.113277,    1.620960
2014-08-30 00:00:00,  568.814271,   16.116539,    1.621334
2014-08-31 00:00:00,  570.624277,   16.119991,    1.621732
2014-09-01 00:00:00,  558.507355,   16.123033,    1.622069
2014-09-02 00:00:00,  556.910450,   16.126235,    1.622423
2014-09-03 00:00:00,  545.617113,   16.130190,    1.622884
2014-09-04 00:00:00,  531.169991,   15.997646,    1.610531
2014-09-05 00:00:00,  525.254560,   16.001837,    1.610998
2014-09-06 00:00:00,  550.352386,   16.006120,    1.611477
2014-09-07 00:00:00,  540.309452,   16.010505,    1.611970
2014-09-08 00:00:00,  560.054908,   16.015014,    1.612477
2014-09-09 00:00:00,  546.246858,   16.019653,    1.613001
2014-09-10 00:00:00,  536.985924,   16.024421,    1.613541
2014-09-11 00:00:00,  530.387163,   16.029340,    1.614098
2014-09-12 00:00:00,  520.319248,   16.034404,    1.614673
2014-09-13 00:00:00,  505.869489,   16.039614,    1.615266
2014-09-14 00:00:00,  495.059809,   16.044977,    1.615878
2014-09-15 00:00:00,  479.967670,   16.050899,    1.616584
2014-09-16 00:00:00,  464.692836,   16.056856,    1.617295
2014-09-17 00:00:00,  451.566632,   16.062900,    1.618015
2014-09-18 00:00:00,  439.697365,   16.069049,    1.618748
2014-09-19 00:00:00,  431.243563,   16.075315,    1.619495
2014-09-20 00:00:00,  410.580614,   16.081708,    1.620260
2014-09-21 00:00:00,  546.116380,   16.088233,    1.621041
2014-09-22 00:00:00,  586.699913,   16.094869,    1.621840
2014-09-23 00:00:00,  577.908145,   16.125805,    1.625159
2014-09-24 00:00:00,  568.110480,   16.132955,    1.626032
2014-09-25 00:00:00,  556.131399,   16.140273,    1.626925
2014-09-26 00:00:00,  537.024633,   16.147741,    1.627839
2014-09-27 00:00:00,  527.741790,   16.155361,    1.628774
2014-09-28 00:00:00,  514.668358,   16.163124,    1.629730
2014-09-29 00:00:00,  503.985275,   16.171043,    1.630707
2014-09-30 00:00:00,  494.062910,   16.179128,    1.631706
2014-10-01 00:00:00,  478.561897,   16.188600,    1.632899
2014-10-02 00:00:00,  463.984752,   16.198277,    1.634121
2014-10-03 00:00:00,  450.757090,   16.206930,    1.635196
2014-10-04 00:00:00,  439.915770,   16.215744,    1.636293
2014-10-05 00:00:00,  426.033920,   16.224716,    1.637412
2014-10-06 00:00:00,  410.604594,   16.234515,    1.638683
2014-10-07 00:00:00,  400.218755,   16.244304,    1.639947
2014-10-08 00:00:00,  388.606848,   16.254147,    1.641217
2014-10-09 00:00:00,  370.945288,   16.264077,    1.642496
2014-10-10 00:00:00,  353.044678,   16.274116,    1.643789
2014-10-11 00:00:00,  341.007349,   16.284274,    1.645097
2014-10-12 00:00:00,  326.808186,   16.294546,    1.646423
2014-10-13 00:00:00,  308.383069,   16.304950,    1.647765
2014-10-14 00:00:00,  293.798111,   16.315502,    1.649127
2014-10-15 00:00:00,  277.451901,   16.326191,    1.650507
2014-10-16 00:00:00,  262.921446,   16.337019,    1.651906
2014-10-17 00:00:00,  265.999439,   16.347984,    1.653325
2014-10-18 00:00:00,  363.897844,   16.359087,    1.654762
2014-10-19 00:00:00,  344.667182,   16.370307,    1.656220
2014-10-20 00:00:00,  339.960688,   16.381666,    1.657697
2014-10-21 00:00:00,  328.954066,   16.393172,    1.659193
2014-10-22 00:00:00,  312.063585,   16.404830,    1.660709
2014-10-23 00:00:00,  300.075093,   16.416626,    1.662244
2014-10-24 00:00:00,  290.074838,   16.465700,    1.668302
2014-10-25 00:00:00,  276.061403,   16.478193,    1.669942
2014-10-26 00:00:00,  258.890750,   16.490819,    1.671602
2014-10-27 00:00:00,  241.823478,   16.503592,    1.673282
2014-10-28 00:00:00,  230.697019,   16.516510,    1.674982
2014-10-29 00:00:00,  216.800363,   16.529549,    1.676701
2014-10-30 00:00:00,  200.738481,   16.542720,    1.678438
2014-10-31 00:00:00,  183.003324,   16.556018,    1.680194
2014-11-01 00:00:00,  167.920146,   16.566821,    1.681586
2014-11-02 00:00:00,  159.900701,   16.577695,    1.682988
2014-11-03 00:00:00,  142.738138,   16.591259,    1.684781
2014-11-04 00:00:00,  130.910403,   16.604960,    1.686592
2014-11-05 00:00:00,  117.866235,   16.618785,    1.688419
2014-11-06 00:00:00,  111.048117,   16.632729,    1.690263
2014-11-07 00:00:00,   95.499151,   16.646762,    1.692123
2014-11-08 00:00:00,   83.623972,   16.660927,    1.693998
2014-11-09 00:00:00,   78.008902,   16.675209,    1.695890
2014-11-10 00:00:00,   71.844565,   16.689596,    1.697796
2014-11-11 00:00:00,   64.283580,   16.704060,    1.699716
2014-11-12 00:00:00,   51.588982,   16.718645,    1.701651
2014-11-13 00:00:00,   33.203024,   16.733330,    1.703599
2014-11-14 00:00:00,   24.865010,   16.748113,    1.705561
2014-11-15 00:00:00,   18.106460,   16.762993,    1.707535
2014-11-16 00:00:00,   14.417618,   16.777960,    1.709522
2014-11-17 00:00:00,   13.438661,   16.793006,    1.711520
2014-11-18 00:00:00,   10.532708,   16.808142,    1.713530
2014-11-19 00:00:00,    8.183148,   16.823340,    1.715551
2014-11-20 00:00:00,    8.857476,   16.838617,    1.717582
2014-11-21 00:00:00,    4.520086,   16.853963,    1.719622
2014-11-22 00:00:00,    1.258756,   16.869376,    1.721672
2014-11-23 00:00:00,    0.000000,-9999.000000,-9999.000000
2014-11-24 00:00:00,    0.000000,-9999.000000,-9999.000000
2014-11-25 00:00:00,    0.000000,-9999.000000,-9999.000000
2014-11-26 00:00:00,    0.866810,   17.351665,    1.785748
2014-11-27 00:00:00,    7.334243,   17.371120,    1.788446
2014-11-28 00:00:00,    4.616888,   17.390596,    1.791146
2014-11-29 00:00:00,    1.508992,   17.410102,    1.793848
2014-11-30 00:00:00,    0.000000,-9999.000000,-9999.000000
2014-12-01 00:00:00,    0.000000,-9999.000000,-9999.000000
2014-12-02 00:00:00,    0.000000,-9999.000000,-9999.000000
2014-12-03 00:00:00,    0.000000,-9999.000000,-9999.000000
2014-12-04 00:00:00,    0.000000,-9999.000000,-9999.000000
2014-12-05 00:00:00,    0.000000,-9999.000000,-9999.000000
2014-12-06 00:00:00,    0.000000,-9999.000000,-9999.000000
2014-12-07 00:00:00,    0.000000,-9999.000000,-9999.000000
2014-12-08 00:00:00,    0.000000,-9999.000000,-9999.000000
2014-12-09 00:00:00,    0.000000,-9999.000000,-9999.000000
2014-12-10 00:00:00,    0.000000,-9999.000000,-9999.000000
2014-12-11 00:00:00,    0.000000,-9999.000000,-9999.000000
2014-12-12 00:00:00,    0.000000,-9999.000000,-9999.000000
2014-12-13 00:00:00,    0.000000,-9999.000000,-9999.000000
2014-12-14 00:00:00,    0.000000,-9999.000000,-9999.000000
2014-12-15 00:00:00,    0.000000,-9999.000000,-9999.000000
2014-12-16 00:00:00,    0.000000,-9999.000000,-9999.000000
2014-12-17 00:00:00,    0.000000,-9999.000000,-9999.000000
2014-12-18 00:00:00,    0.000000,-9999.000000,-9999.000000
2014-12-19 00:00:00,    0.000000,-9999.000000,-9999.000000
2014-12-20 00:00:00,    0.000000,-9999.000000,-9999.000000
2014-12-21 00:00:00,    0.000000,-9999.000000,-9999.000000
2014-12-22 00:00:00,    0.000000,-9999.000000,-9999.000000
2014-12-23 00:00:00,    0.000000,-9999.000000,-9999.000000
2014-12-24 00:00:00,    0.000000,-9999.000000,-9999.000000
2014-12-25 00:00:00,    0.000000,-9999.000000,-9999.000000
2014-12-26 00:00:00,    0.000000,-9999.000000,-9999.000000
2014-12-27 00:00:00,    0.000000,-9999.000000,-9999.000000
2014-12-28 00:00:00,    0.000000,-9999.000000,-9999.000000
2014-12-29 00:00:00,    0.000000,-9999.000000,-9999.000000
2014-12-30 00:00:00,    0.000000,-9999.000000,-9999.000000
2014-12-31 00:00:00,    0.000000,-9999.000000,-9999.000000
2015-01-01 00:00:00,    0.000000,-9999.000000,-9999.000000
2015-01-02 00:00:00,    0.000000,-9999.000000,-9999.000000
2015-01-03 00:00:00,    0.000000,-9999.000000,-9999.000000
2015-01-04 00:00:00,    0.000000,-9999.000000,-9999.000000
2015-01-05 00:00:00,    0.000000,-9999.000000,-9999.000000
2015-01-06 00:00:00,    0.000000,-9999.000000,-9999.000000
2015-01-07 00:00:00,    0.000000,-9999.000000,-9999.000000
2015-01-08 00:00:00,    0.000000,-9999.000000,-9999.000000
2015-01-09 00:00:00,    0.000000,-9999.000000,-9999.000000
2015-01-10 00:00:00,    0.000000,-9999.000000,-9999.000000
2015-01-11 00:00:00,    0.000000,-9999.000000,-9999.000000
2015-01-12 00:00:00,    0.000000,-9999.000000,-9999.000000
2015-01-13 00:00:00,    0.000000,-9999.000000,-9999.000000
2015-01-14 00:00:00,    0.000000,-9999.000000,-9999.000000
2015-01-15 00:00:00,    0.000000,-9999.000000,-9999.000000
2015-01-16 00:00:00,    0.000000,-9999.000000,-9999.000000
2015-01-17 00:00:00,    0.000000,-9999.000000,-9999.000000
2015-01-18 00:00:00,    0.000000,-9999.000000,-9999.000000
2015-01-19 00:00:00,    0.000000,-9999.000000,-9999.000000
2015-01-20 00:00:00,    0.000000,-9999.000000,-9999.000000
2015-01-21 00:00:00,    0.000000,-9999.000000,-9999.000000
2015-01-22 00:00:00,    0.000000,-9999.000000,-9999.000000
2015-01-23 00:00:00,    0.000000,-9999.000000,-9999.000000
2015-01-24 00:00:00,    0.000000,-9999.000000,-9999.000000
2015-01-25 00:00:00,    0.000000,-9999.000000,-9999.000000
2015-01-26 00:00:00,    0.000000,-9999.000000,-9999.000000
2015-01-27 00:00:00,    0.000000,-9999.000000,-9999.000000
2015-01-28 00:00:00,    0.000000,-9999.000000,-9999.000000
2015-01-29 00:00:00,    0.000000,-9999.000000,-9999.000000
2015-01-30 00:00:00,    0.000000,-9999.000000,-9999.000000
2015-01-31 00:00:00,    0.000000,-9999.000000,-9999.000000
2015-02-01 00:00:00,    0.000000,-9999.000000,-9999.000000
2015-02-02 00:00:00,    0.000000,-9999.000000,-9999.000000
2015-02-03 00:00:00,    0.000000,-9999.000000,-9999.000000
2015-02-04 00:00:00,    0.000000,-9999.000000,-9999.000000
2015-02-05 00:00:00,    0.000000,-9999.000000,-9999.000000
2015-02-06 00:00:00,    0.000000,-9999.000000,-9999.000000
2015-02-07 00:00:00,    0.000000,-9999.000000,-9999.000000
2015-02-08 00:00:00,    0.000000,-9999.000000,-9999.000000
2015-02-09 00:00:00,    0.000000,-9999.000000,-9999.000000
2015-02-10 00:00:00,    0.000000,-9999.000000,-9999.000000
2015-02-11 00:00:00,    0.000000,-9999.000000,-9999.000000
2015-02-12 00:00:00,    0.000000,-9999.000000,-9999.000000
2015-02-13 00:00:00,    0.000000,-9999.000000,-9999.000000
2015-02-14 00:00:00,    0.000000,-9999.000000,-9999.000000
2015-02-15 00:00:00,    0.000000,-9999.000000,-9999.000000
2015-02-16 00:00:00,    0.000000,-9999.000000,-9999.000000
2015-02-17 00:00:00,    0.000000,-9999.000000,-9999.000000
2015-02-18 00:00:00,    0.000000,-9999.000000,-9999.000000
2015-02-19 00:00:00,    0.000000,-9999.000000,-9999.000000
2015-02-20 00:00:00,    0.000000,-9999.000000,-9999.000000
2015-02-21 00:00:00,    0.000000,-9999.000000,-9999.000000
2015-02-22 00:00:00,    0.000000,-9999.000000,-9999.000000
2015-02-23 00:00:00,    0.000000,-9999.000000,-9999.000000
2015-02-24 00:00:00,    0.000000,-9999.000000,-9999.000000
2015-02-25 00:00:00,    0.000000,-9999.000000,-9999.000000
2015-02-26 00:00:00,    0.000000,-9999.000000,-9999.000000
2015-02-27 00:00:00,    0.000000,-9999.000000,-9999.000000
2015-02-28 00:00:00,    0.000000,-9999.000000,-9999.000000
2015-03-01 00:00:00,    0.000000,-9999.000000,-9999.000000
2015-03-02 00:00:00,    0.000000,-9999.000000,-9999.000000
2015-03-03 00:00:00,    0.000000,-9999.000000,-9999.000000
2015-03-04 00:00:00,    0.000000,-9999.000000,-9999.000000
2015-03-05 00:00:00,    0.000000,-9999.000000,-9999.000000
2015-03-06 00:00:00,    0.000000,-9999.000000,-9999.000000
2015-03-07 00:00:00,    0.000000,-9999.000000,-9999.000000
2015-03-08 00:00:00,    0.000000,-9999.000000,-9999.000000
2015-03-09 00:00:00,    0.000000,-9999.000000,-9999.000000
2015-03-10 00:00:00,    0.000000,-9999.000000,-9999.000000
2015-03-11 00:00:00,    0.000000,-9999.000000,-9999.000000
2015-03-12 00:00:00,    0.000000,-9999.000000,-9999.000000
2015-03-13 00:00:00,    0.000000,-9999.000000,-9999.000000
2015-03-14 00:00:00,    0.000000,-9999.000000,-9999.000000
2015-03-15 00:00:00,    0.000000,-9999.000000,-9999.000000
2015-03-16 00:00:00,    0.000000,-9999.000000,-9999.000000
2015-03-17 00:00:00,    0.000000,-9999.000000,-9999.000000
2015-03-18 00:00:00,    0.000000,-9999.000000,-9999.000000
2015-03-19 00:00:00,    0.000000,-9999.000000,-9999.000000
2015-03-20 00:00:00,    0.000000,-9999.000000,-9999.000000
2015-03-21 00:00:00,    0.000000,-9999.000000,-9999.000000
2015-03-22 00:00:00,    0.000000,-9999.000000,-9999.000000
2015-03-23 00:00:00,    0.000000,-9999.000000,-9999.000000
2015-03-24 00:00:00,    0.000000,-9999.000000,-9999.000000
2015-03-25 00:00:00,    0.000000,-9999.000000,-9999.000000
2015-03-26 00:00:00,    0.000000,-9999.000000,-9999.000000
2015-03-27 00:00:00,    0.000000,-9999.000000,-9999.000000
2015-03-28 00:00:00,    0.000000,-9999.000000,-9999.000000
2015-03-29 00:00:00,    0.000000,-9999.000000,-9999.000000
2015-03-30 00:00:00,    0.000000,-9999.000000,-9999.000000
2015-03-31 00:00:00,    0.000000,-9999.000000,-9999.000000
2015-04-01 00:00:00,    0.000000,-9999.000000,-9999.000000
2015-04-02 00:00:00,    0.000000,-9999.000000,-9999.000000
2015-04-03 00:00:00,    0.000000,-9999.000000,-9999.000000
2015-04-04 00:00:00,    0.000000,-9999.000000,-9999.000000
2015-04-05 00:00:00,    0.000000,-9999.000000,-9999.000000
2015-04-06 00:00:00,    0.000000,-9999.000000,-9999.000000
2015-04-07 00:00:00,    0.000000,-9999.000000,-9999.000000
2015-04-08 00:00:00,    0.000000,-9999.000000,-9999.000000
2015-04-09 00:00:00,    0.000000,-9999.000000,-9999.000000
2015-04-10 00:00:00,    0.000000,-9999.000000,-9999.000000
2015-04-11 00:00:00,    0.000000,-9999.000000,-9999.000000
2015-04-12 00:00:00,    0.000000,-9999.000000,-9999.000000
2015-04-13 00:00:00,    0.000000,-9999.000000,-9999.000000
2015-04-14 00:00:00,    0.000000,-9999.000000,-9999.000000
2015-04-15 00:00:00,    0.000000,-9999.000000,-9999.000000
2015-04-16 00:00:00,    0.000000,-9999.000000,-9999.000000
2015-04-17 00:00:00,    0.000000,-9999.000000,-9999.000000
2015-04-18 00:00:00,    0.000000,-9999.000000,-9999.000000
2015-04-19 00:00:00,    0.000000,-9999.000000,-9999.000000
2015-04-20 00:00:00,    0.000000,-9999.000000,-9999.000000
2015-04-21 00:00:00,    0.000000,-9999.000000,-9999.000000
2015-04-22 00:00:00,    0.000000,-9999.000000,-9999.000000
2015-04-23 00:00:00,    0.000000,-9999.000000,-9999.000000
2015-04-24 00:00:00,    0.000000,-9999.000000,-9999.000000
2015-04-25 00:00:00,    0.000000,-9999.000000,-9999.000000
2015-04-26 00:00:00,    0.000000,-9999.000000,-9999.000000
2015-04-27 00:00:00,    0.000000,-9999.000000,-9999.000000
2015-04-28 00:00:00,    0.000000,-9999.000000,-9999.000000
2015-04-29 00:00:00,    0.000000,-9999.000000,-9999.000000
2015-04-30 00:00:00,    0.000000,-9999.000000,-9999.000000
2015-05-01 00:00:00,    0.000000,-9999.000000,-9999.000000
2015-05-02 00:00:00,    0.000000,-9999.000000,-9999.000000
2015-05-03 00:00:00,    0.000000,-9999.000000,-9999.000000
2015-05-04 00:00:00,    0.000000,-9999.000000,-9999.000000
2015-05-05 00:00:00,    0.000000,-9999.000000,-9999.000000
2015-05-06 00:00:00,    0.000000,-9999.000000,-9999.000000
2015-05-07 00:00:00,    0.000000,-9999.000000,-9999.000000
2015-05-08 00:00:00,    0.000000,-9999.000000,-9999.000000
2015-05-09 00:00:00,    0.000000,-9999.000000,-9999.000000
2015-05-10 00:00:00,    0.000000,-9999.000000,-9999.000000
2015-05-11 00:00:00,    0.000000,-9999.000000,-9999.000000
2015-05-12 00:00:00,    0.000000,-9999.000000,-9999.000000
2015-05-13 00:00:00,    0.000000,-9999.000000,-9999.000000
2015-05-14 00:00:00,    0.000000,-9999.000000,-9999.000000
2015-05-15 00:00:00,    0.000000,-9999.000000,-9999.000000
2015-05-16 00:00:00,    0.000000,-9999.000000,-9999.000000
2015-05-17 00:00:00,    0.000000,-9999.000000,-9999.000000
2015-05-18 00:00:00,    0.000000,-9999.000000,-9999.000000
2015-05-19 00:00:00,    0.000000,-9999.000000,-9999.000000
2015-05-20 00:00:00,    0.000000,-9999.000000,-9999.000000
2015-05-21 00:00:00,    0.000000,-9999.000000,-9999.000000
2015-05-22 00:00:00,    0.000000,-9999.000000,-9999.000000
2015-05-23 00:00:00,    0.000000,-9999.000000,-9999.000000
2015-05-24 00:00:00,    0.000000,-9999.000000,-9999.000000
2015-05-25 00:00:00,    0.000000,-9999.000000,-9999.000000
2015-05-26 00:00:00,    0.000000,-9999.000000,-9999.000000
2015-05-27 00:00:00,    0.000000,-9999.000000,-9999.000000
2015-05-28 00:00:00,    0.000000,-9999.000000,-9999.000000
2015-05-29 00:00:00,    0.000000,-9999.000000,-9999.000000
2015-05-30 00:00:00,    0.000000,-9999.000000,-9999.000000
2015-05-31 00:00:00,    0.000000,-9999.000000,-9999.000000
2015-06-01 00:00:00,    0.000000,-9999.000000,-9999.000000
2015-06-02 00:00:00,    0.000000,-9999.000000,-9999.000000
2015-06-03 00:00:00,    0.000000,-9999.000000,-9999.000000
2015-06-04 00:00:00,    0.000000,-9999.000000,-9999.000000
2015-06-05 00:00:00,    0.000000,-9999.000000,-9999.000000
2015-06-06 00:00:00,    0.000000,-9999.000000,-9999.000000
2015-06-07 00:00:00,    0.000000,-9999.000000,-9999.000000
2015-06-08 00:00:00,    0.000000,-9999.000000,-9999.000000
2015-06-09 00:00:00,    0.000000,-9999.000000,-9999.000000
2015-06-10 00:00:00,    0.000000,-9999.000000,-9999.000000
2015-06-11 00:00:00,    0.000000,-9999.000000,-9999.000000
2015-06-12 00:00:00,    0.000000,-9999.000000,-9999.000000
2015-06-13 00:00:00,    0.000000,-9999.000000,-9999.000000
2015-06-14 00:00:00,    0.000000,-9999.000000,-9999.000000
2015-06-15 00:00:00,    0.000000,-9999.000000,-9999.000000
2015-06-16 00:00:00,    0.000000,-9999.000000,-9999.000000
2015-06-17 00:00:00,    0.000000,-9999.000000,-9999.000000
2015-06-18 00:00:00,    6.098631,   16.952423,    1.757522
2015-06-19 00:00:00,  104.322932,   17.085800,    1.743843
2015-06-20 00:00:00,  113.277204,   17.292695,    1.740029
2015-06-21 00:00:00,  182.491931,   17.106997,    1.744050
2015-06-22 00:00:00,  202.948820,   16.867222,    1.740671
2015-06-23 00:00:00,  202.221652,   16.687165,    1.739284
2015-06-24 00:00:00,  201.793954,   16.601963,    1.738102
2015-06-25 00:00:00,  202.165000,   16.477342,    1.736927
2015-06-26 00:00:00,  203.200825,   16.367181,    1.728627
2015-06-27 00:00:00,  202.856890,   16.438502,    1.734521
2015-06-28 00:00:00,  200.464218,   16.387862,    1.733454
2015-06-29 00:00:00,  199.717056,   16.320024,    1.732470
2015-06-30 00:00:00,  199.139504,   16.302196,    1.731457
2015-07-01 00:00:00,  206.521645,   16.242883,    1.727211
2015-07-02 00:00:00,  207.223657,   16.313799,    1.730110
2015-07-03 00:00:00,  211.672545,   16.189919,    1.721285
2015-07-04 00:00:00,  214.132284,   16.183904,    1.720360
2015-07-05 00:00:00,  217.829643,   16.178015,    1.719454
2015-07-06 00:00:00,  218.845821,   16.172168,    1.718566
2015-07-07 00:00:00,  235.762741,   16.166485,    1.717697
2015-07-08 00:00:00,  226.435708,   16.160949,    1.716847
2015-07-09 00:00:00,  225.807359,   16.217601,    1.720049
2015-07-10 00:00:00,  240.785032,   16.182426,    1.717735
2015-07-11 00:00:00,  239.702301,   16.172991,    1.717108
2015-07-12 00:00:00,  237.413020,   16.041496,    1.716382
2015-07-13 00:00:00,  234.799951,   15.909364,    1.715746
2015-07-14 00:00:00,  232.379129,   15.800300,    1.715083
2015-07-15 00:00:00,  230.260787,   15.779623,    1.714456
2015-07-16 00:00:00,  220.690013,   15.751140,    1.714465
2015-07-17 00:00:00,  232.547179,   15.652002,    1.714106
2015-07-18 00:00:00,  237.474515,   15.655945,    1.713373
2015-07-19 00:00:00,  303.236755,   15.789090,    1.705720
2015-07-20 00:00:00,  334.105442,   15.894918,    1.702582
2015-07-21 00:00:00,  341.062009,   15.763938,    1.701568
2015-07-22 00:00:00,  372.517303,   15.760258,    1.698179
2015-07-23 00:00:00,  404.654985,   15.693494,    1.695210
2015-07-24 00:00:00,  400.133631,   15.603151,    1.694545
2015-07-25 00:00:00,  398.255946,   15.565375,    1.693069
2015-07-26 00:00:00,  396.375017,   15.533177,    1.691807
2015-07-27 00:00:00,  389.307247,   15.530535,    1.691288
2015-07-28 00:00:00,  417.178201,   15.528078,    1.690789
2015-07-29 00:00:00,  418.880611,   15.605857,    1.691983
2015-07-30 00:00:00,  538.860739,   15.605798,    1.691510
2015-07-31 00:00:00,  575.340980,   15.463622,    1.688048
2015-08-01 00:00:00,  561.324759,   15.626073,    1.690915
2015-08-02 00:00:00,  552.742413,   15.524747,    1.688347
2015-08-03 00:00:00,  545.411367,   15.531942,    1.688075
2015-08-04 00:00:00,  536.797616,   15.538906,    1.687811
2015-08-05 00:00:00,  526.713395,   15.545685,    1.687557
2015-08-06 00:00:00,  518.602366,   15.552306,    1.687311
2015-08-07 00:00:00,  564.148498,   15.558787,    1.687077
2015-08-08 00:00:00,  628.440912,   15.659693,    1.670778
2015-08-09 00:00:00,  663.776547,   15.517570,    1.668773
2015-08-10 00:00:00,  656.652940,   15.705250,    1.667785
2015-08-11 00:00:00,  648.393621,   15.625994,    1.667594
2015-08-12 00:00:00,  642.574373,   15.611176,    1.667584
2015-08-13 00:00:00,  638.055462,   15.582122,    1.666628
2015-08-14 00:00:00,  631.132052,   15.582007,    1.666475
2015-08-15 00:00:00,  624.723038,   15.530347,    1.664989
2015-08-16 00:00:00,  618.816698,   15.529329,    1.664854
2015-08-17 00:00:00,  626.030355,   15.530134,    1.664787
2015-08-18 00:00:00,  610.268291,   15.530978,    1.664740
2015-08-19 00:00:00,  626.036770,   15.532133,    1.664714
2015-08-20 00:00:00,  618.676438,   15.533322,    1.664708
2015-08-21 00:00:00,  697.021687,   15.534766,    1.664722
2015-08-22 00:00:00,  779.038684,   15.536248,    1.664757
2015-08-23 00:00:00,  765.179466,   15.538025,    1.664812
2015-08-24 00:00:00,  748.440943,   15.540053,    1.664893
2015-08-25 00:00:00,  731.533718,   15.542283,    1.664994
2015-08-26 00:00:00,  718.064328,   15.544709,    1.665116
2015-08-27 00:00:00,  703.287414,   15.547250,    1.665257
2015-08-28 00:00:00,  944.196205,   15.550019,    1.665419
2015-08-29 00:00:00, 1118.923954,   15.552804,    1.665601
2015-08-30 00:00:00, 1089.960625,   15.555818,    1.665804
2015-08-31 00:00:00, 1097.280385,   15.583779,    1.666710
2015-09-01 00:00:00, 1070.785208,   15.586675,    1.666904
2015-09-02 00:00:00, 1050.457296,   15.589790,    1.667114
2015-09-03 00:00:00, 1028.130487,   15.593589,    1.667412
2015-09-04 00:00:00, 1094.495002,   15.597639,    1.667731
2015-09-05 00:00:00, 1065.913472,   15.601826,    1.668070
2015-09-06 00:00:00, 1040.452261,   15.634379,    1.669279
2015-09-07 00:00:00, 1021.015049,   15.639138,    1.669688
2015-09-08 00:00:00, 1001.613967,   15.644102,    1.670120
2015-09-09 00:00:00,  974.243399,   15.649272,    1.670574
2015-09-10 00:00:00,  962.566742,   15.654653,    1.671050
2015-09-11 00:00:00,  947.299225,   15.660246,    1.671563
2015-09-12 00:00:00,  973.311412,   15.666070,    1.672098
2015-09-13 00:00:00,  947.292895,   15.672050,    1.672654
2015-09-14 00:00:00,  933.695392,   15.708496,    1.674300
2015-09-15 00:00:00,  909.325735,   15.715030,    1.674931
2015-09-16 00:00:00,  886.577229,   15.721817,    1.675586
2015-09-17 00:00:00,  867.028974,   15.728944,    1.676286
2015-09-18 00:00:00,  847.492341,   15.736245,    1.677007
2015-09-19 00:00:00,  813.566376,   15.743729,    1.677752
2015-09-20 00:00:00,  786.147270,   15.751409,    1.678520
2015-09-21 00:00:00,  764.848052,   15.759296,    1.679313
2015-09-22 00:00:00,  732.071359,   15.767390,    1.680129
2015-09-23 00:00:00,  705.753890,   15.775692,    1.680971
2015-09-24 00:00:00,  682.167002,   15.784205,    1.681836
2015-09-25 00:00:00,  664.074932,   15.792922,    1.682727
2015-09-26 00:00:00,  640.793624,   15.801838,    1.683643
2015-09-27 00:00:00,  614.541017,   15.848479,    1.686371
2015-09-28 00:00:00,  598.108768,   15.858247,    1.687417
2015-09-29 00:00:00,  582.444118,   15.868198,    1.688486
2015-09-30 00:00:00,  570.684193,   15.878334,    1.689580
2015-10-01 00:00:00,  557.160590,   15.890484,    1.690931
2015-10-02 00:00:00,  548.781430,   15.902900,    1.692315
2015-10-03 00:00:00,  537.627843,   15.913705,    1.693498
2015-10-04 00:00:00,  516.620893,   15.924727,    1.694708
2015-10-05 00:00:00,  478.539558,   15.935926,    1.695943
2015-10-06 00:00:00,  459.573674,   15.947343,    1.697204
2015-10-07 00:00:00,  432.497913,   15.959008,    1.698492
2015-10-08 00:00:00,  415.138511,   15.970874,    1.699805
2015-10-09 00:00:00,  403.900449,   15.982950,    1.701144
2015-10-10 00:00:00,  393.840360,   15.995229,    1.702510
2015-10-11 00:00:00,  380.004923,   16.007695,    1.703901
2015-10-12 00:00:00,  367.522276,   16.020357,    1.705318
2015-10-13 00:00:00,  353.107989,   16.033524,    1.706822
2015-10-14 00:00:00,  341.525846,   16.046799,    1.708340
2015-10-15 00:00:00,  317.646363,   16.060180,    1.709877
2015-10-16 00:00:00,  302.925522,   16.073758,    1.711435
2015-10-17 00:00:00,  287.566822,   16.087503,    1.713015
2015-10-18 00:00:00,  314.695557,   16.101425,    1.714617
2015-10-19 00:00:00,  299.018035,   16.115489,    1.716241
2015-10-20 00:00:00,  287.131749,   16.129744,    1.717889
2015-10-21 00:00:00,  277.683019,   16.144182,    1.719560
2015-10-22 00:00:00,  267.313632,   16.158792,    1.721254
2015-10-23 00:00:00,  248.172323,   16.173535,    1.722971
2015-10-24 00:00:00,  231.624633,   16.188466,    1.724711
2015-10-25 00:00:00,  215.371973,   16.254255,    1.730251
2015-10-26 00:00:00,  205.330378,   16.270023,    1.732117
2015-10-27 00:00:00,  196.894563,   16.285973,    1.734006
2015-10-28 00:00:00,  192.330923,   16.302046,    1.735917
2015-10-29 00:00:00,  186.968249,   16.318319,    1.737851
2015-10-30 00:00:00,  178.133435,   16.334751,    1.739807
2015-10-31 00:00:00,  166.376730,   16.351306,    1.741784
2015-11-01 00:00:00,  186.741298,   16.364204,    1.743269
2015-11-02 00:00:00,  289.037063,   16.377199,    1.744766
2015-11-03 00:00:00,  272.201232,   16.394638,    1.746893
2015-11-04 00:00:00,  255.959902,   16.412099,    1.749020
2015-11-05 00:00:00,  246.963102,   16.429618,    1.751154
2015-11-06 00:00:00,  239.943028,   16.447187,    1.753298
2015-11-07 00:00:00,  214.085810,   16.464838,    1.755455
2015-11-08 00:00:00,  196.027021,   16.482596,    1.757624
2015-11-09 00:00:00,  182.927467,   16.500485,    1.759807
2015-11-10 00:00:00,  170.670385,   16.518474,    1.762005
2015-11-11 00:00:00,  159.625555,   16.536562,    1.764216
2015-11-12 00:00:00,  146.002565,   16.554753,    1.766441
2015-11-13 00:00:00,  129.626767,   16.573035,    1.768679
2015-11-14 00:00:00,  117.161213,   16.591421,    1.770930
2015-11-15 00:00:00,  102.170581,   16.609899,    1.773195
2015-11-16 00:00:00,   91.130335,   16.628467,    1.775471
2015-11-17 00:00:00,   77.176826,   16.647123,    1.777759
2015-11-18 00:00:00,   57.756799,   16.665821,    1.780058
2015-11-19 00:00:00,   42.428721,   16.684615,    1.782368
2015-11-20 00:00:00,   33.393251,   16.703499,    1.784688
2015-11-21 00:00:00,   22.397533,   16.722452,    1.787018
2015-11-22 00:00:00,   14.164885,   16.741472,    1.789356
2015-11-23 00:00:00,   11.239166,   16.760550,    1.791702
2015-11-24 00:00:00,    2.122614,   16.779674,    1.794056
2015-11-25 00:00:00,    0.000000,-9999.000000,-9999.000000
2015-11-26 00:00:00,    0.000000,-9999.000000,-9999.000000
2015-11-27 00:00:00,    0.000000,-9999.000000,-9999.000000
2015-11-28 00:00:00,    0.000000,-9999.000000,-9999.000000
2015-11-29 00:00:00,    0.000000,-9999.000000,-9999.000000
2015-11-30 00:00:00,    0.000000,-9999.000000,-9999.000000
2015-12-01 00:00:00,    0.000000,-9999.000000,-9999.000000
2015-12-02 00:00:00,    0.000000,-9999.000000,-9999.000000
2015-12-03 00:00:00,    0.000000,-9999.000000,-9999.000000
2015-12-04 00:00:00,    0.000000,-9999.000000,-9999.000000
2015-12-05 00:00:00,    0.000000,-9999.000000,-9999.000000
2015-12-06 00:00:00,    0.000000,-9999.000000,-9999.000000
2015-12-07 00:00:00,    0.000000,-9999.000000,-9999.000000
2015-12-08 00:00:00,    0.000000,-9999.000000,-9999.000000
2015-12-09 00:00:00,    0.000000,-9999.000000,-9999.000000
2015-12-10 00:00:00,    0.000000,-9999.000000,-9999.000000
2015-12-11 00:00:00,    0.000000,-9999.000000,-9999.000000
2015-12-12 00:00:00,    0.000000,-9999.000000,-9999.000000
2015-12-13 00:00:00,    0.000000,-9999.000000,-9999.000000
2015-12-14 00:00:00,    0.000000,-9999.000000,-9999.000000
2015-12-15 00:00:00,    0.000000,-9999.000000,-9999.000000
2015-12-16 00:00:00,    0.000000,-9999.000000,-9999.000000
2015-12-17 00:00:00,    0.000000,-9999.000000,-9999.000000
2015-12-18 00:00:00,    0.000000,-9999.000000,-9999.000000
2015-12-19 00:00:00,    0.000000,-9999.000000,-9999.000000
2015-12-20 00:00:00,    0.000000,-9999.000000,-9999.000000
2015-12-21 00:00:00,    0.000000,-9999.000000,-9999.000000
2015-12-22 00:00:00,    0.000000,-9999.000000,-9999.000000
2015-12-23 00:00:00,    0.000000,-9999.000000,-9999.000000
2015-12-24 00:00:00,    0.000000,-9999.000000,-9999.000000
2015-12-25 00:00:00,    0.000000,-9999.000000,-9999.000000
2015-12-26 00:00:00,    0.000000,-9999.000000,-9999.000000
2015-12-27 00:00:00,    0.000000,-9999.000000,-9999.000000
2015-12-28 00:00:00,    0.000000,-9999.000000,-9999.000000
2015-12-29 00:00:00,    0.000000,-9999.000000,-9999.000000
2015-12-30 00:00:00,    0.000000,-9999.000000,-9999.000000
2015-12-31 00:00:00,    0.000000,-9999.000000,-9999.000000
2016-01-01 00:00:00,    0.000000,-9999.000000,-9999.000000
2016-01-02 00:00:00,    0.000000,-9999.000000,-9999.000000
2016-01-03 00:00:00,    0.000000,-9999.000000,-9999.000000
2016-01-04 00:00:00,    0.000000,-9999.000000,-9999.000000
2016-01-05 00:00:00,    0.000000,-9999.000000,-9999.000000
2016-01-06 00:00:00,    0.000000,-9999.000000,-9999.000000
2016-01-07 00:00:00,    0.000000,-9999.000000,-9999.000000
2016-01-08 00:00:00,    0.000000,-9999.000000,-9999.000000
2016-01-09 00:00:00,    0.000000,-9999.000000,-9999.000000
2016-01-10 00:00:00,    0.000000,-9999.000000,-9999.000000
2016-01-11 00:00:00,    0.000000,-9999.000000,-9999.000000
2016-01-12 00:00:00,    0.000000,-9999.000000,-9999.000000
2016-01-13 00:00:00,    0.000000,-9999.000000,-9999.000000
2016-01-14 00:00:00,    0.000000,-9999.000000,-9999.000000
2016-01-15 00:00:00,    0.000000,-9999.000000,-9999.000000
2016-01-16 00:00:00,    0.000000,-9999.000000,-9999.000000
2016-01-17 00:00:00,    0.000000,-9999.000000,-9999.000000
2016-01-18 00:00:00,    0.000000,-9999.000000,-9999.000000
2016-01-19 00:00:00,    0.000000,-9999.000000,-9999.000000
2016-01-20 00:00:00,    0.000000,-9999.000000,-9999.000000
2016-01-21 00:00:00,    0.000000,-9999.000000,-9999.000000
2016-01-22 00:00:00,    0.000000,-9999.000000,-9999.000000
2016-01-23 00:00:00,    0.000000,-9999.000000,-9999.000000
2016-01-24 00:00:00,    0.000000,-9999.000000,-9999.000000
2016-01-25 00:00:00,    0.000000,-9999.000000,-9999.000000
2016-01-26 00:00:00,    0.000000,-9999.000000,-9999.000000
2016-01-27 00:00:00,    0.000000,-9999.000000,-9999.000000
2016-01-28 00:00:00,    0.000000,-9999.000000,-9999.000000
2016-01-29 00:00:00,    0.000000,-9999.000000,-9999.000000
2016-01-30 00:00:00,    0.000000,-9999.000000,-9999.000000
2016-01-31 00:00:00,    0.000000,-9999.000000,-9999.000000
2016-02-01 00:00:00,    0.000000,-9999.000000,-9999.000000
2016-02-02 00:00:00,    0.000000,-9999.000000,-9999.000000
2016-02-03 00:00:00,    0.000000,-9999.000000,-9999.000000
2016-02-04 00:00:00,    0.000000,-9999.000000,-9999.000000
2016-02-05 00:00:00,    0.000000,-9999.000000,-9999.000000
2016-02-06 00:00:00,    0.000000,-9999.000000,-9999.000000
2016-02-07 00:00:00,    0.000000,-9999.000000,-9999.000000
2016-02-08 00:00:00,    0.000000,-9999.000000,-9999.000000
2016-02-09 00:00:00,    0.000000,-9999.000000,-9999.000000
2016-02-10 00:00:00,    0.000000,-9999.000000,-9999.000000
2016-02-11 00:00:00,    0.000000,-9999.000000,-9999.000000
2016-02-12 00:00:00,    0.000000,-9999.000000,-9999.000000
2016-02-13 00:00:00,    0.000000,-9999.000000,-9999.000000
2016-02-14 00:00:00,    0.000000,-9999.000000,-9999.000000
2016-02-15 00:00:00,    0.000000,-9999.000000,-9999.000000
2016-02-16 00:00:00,    0.000000,-9999.000000,-9999.000000
2016-02-17 00:00:00,    0.000000,-9999.000000,-9999.000000
2016-02-18 00:00:00,    0.000000,-9999.000000,-9999.000000
2016-02-19 00:00:00,    0.000000,-9999.000000,-9999.000000
2016-02-20 00:00:00,    0.000000,-9999.000000,-9999.000000
2016-02-21 00:00:00,    0.000000,-9999.000000,-9999.000000
2016-02-22 00:00:00,    0.000000,-9999.000000,-9999.000000
2016-02-23 00:00:00,    0.000000,-9999.000000,-9999.000000
2016-02-24 00:00:00,    0.000000,-9999.000000,-9999.000000
2016-02-25 00:00:00,    0.000000,-9999.000000,-9999.000000
2016-02-26 00:00:00,    0.000000,-9999.000000,-9999.000000
2016-02-27 00:00:00,    0.000000,-9999.000000,-9999.000000
2016-02-28 00:00:00,    0.000000,-9999.000000,-9999.000000
2016-02-29 00:00:00,    0.000000,-9999.000000,-9999.000000
2016-03-01 00:00:00,    0.000000,-9999.000000,-9999.000000
2016-03-02 00:00:00,    0.000000,-9999.000000,-9999.000000
2016-03-03 00:00:00,    0.000000,-9999.000000,-9999.000000
2016-03-04 00:00:00,    0.000000,-9999.000000,-9999.000000
2016-03-05 00:00:00,    0.000000,-9999.000000,-9999.000000
2016-03-06 00:00:00,    0.000000,-9999.000000,-9999.000000
2016-03-07 00:00:00,    0.000000,-9999.000000,-9999.000000
2016-03-08 00:00:00,    0.000000,-9999.000000,-9999.000000
2016-03-09 00:00:00,    0.000000,-9999.000000,-9999.000000
2016-03-10 00:00:00,    0.000000,-9999.000000,-9999.000000
2016-03-11 00:00:00,    0.000000,-9999.000000,-9999.000000
2016-03-12 00:00:00,    0.000000,-9999.000000,-9999.000000
2016-03-13 00:00:00,    0.000000,-9999.000000,-9999.000000
2016-03-14 00:00:00,    0.000000,-9999.000000,-9999.000000
2016-03-15 00:00:00,    0.000000,-9999.000000,-9999.000000
2016-03-16 00:00:00,    0.000000,-9999.000000,-9999.000000
2016-03-17 00:00:00,    0.000000,-9999.000000,-9999.000000
2016-03-18 00:00:00,    0.000000,-9999.000000,-9999.000000
2016-03-19 00:00:00,    0.000000,-9999.000000,-9999.000000
2016-03-20 00:00:00,    0.000000,-9999.000000,-9999.000000
2016-03-21 00:00:00,    0.000000,-9999.000000,-9999.000000
2016-03-22 00:00:00,    0.000000,-9999.000000,-9999.000000
2016-03-23 00:00:00,    0.000000,-9999.000000,-9999.000000
2016-03-24 00:00:00,    0.000000,-9999.000000,-9999.000000
2016-03-25 00:00:00,    0.000000,-9999.000000,-9999.000000
2016-03-26 00:00:00,    0.000000,-9999.000000,-9999.000000
2016-03-27 00:00:00,    0.000000,-9999.000000,-9999.000000
2016-03-28 00:00:00,    0.000000,-9999.000000,-9999.000000
2016-03-29 00:00:00,    0.000000,-9999.000000,-9999.000000
2016-03-30 00:00:00,    0.000000,-9999.000000,-9999.000000
2016-03-31 00:00:00,    0.000000,-9999.000000,-9999.000000
2016-04-01 00:00:00,    0.000000,-9999.000000,-9999.000000
2016-04-02 00:00:00,    0.000000,-9999.000000,-9999.000000
2016-04-03 00:00:00,    0.000000,-9999.000000,-9999.000000
2016-04-04 00:00:00,    0.000000,-9999.000000,-9999.000000
2016-04-05 00:00:00,    0.000000,-9999.000000,-9999.000000
2016-04-06 00:00:00,    0.000000,-9999.000000,-9999.000000
2016-04-07 00:00:00,    0.000000,-9999.000000,-9999.000000
2016-04-08 00:00:00,    0.000000,-9999.000000,-9999.000000
2016-04-09 00:00:00,    0.000000,-9999.000000,-9999.000000
2016-04-10 00:00:00,    0.000000,-9999.000000,-9999.000000
2016-04-11 00:00:00,    0.000000,-9999.000000,-9999.000000
2016-04-12 00:00:00,    0.000000,-9999.000000,-9999.000000
2016-04-13 00:00:00,    0.000000,-9999.000000,-9999.000000
2016-04-14 00:00:00,    0.000000,-9999.000000,-9999.000000
2016-04-15 00:00:00,    0.000000,-9999.000000,-9999.000000
2016-04-16 00:00:00,    0.000000,-9999.000000,-9999.000000
2016-04-17 00:00:00,    0.000000,-9999.000000,-9999.000000
2016-04-18 00:00:00,    0.000000,-9999.000000,-9999.000000
2016-04-19 00:00:00,    0.000000,-9999.000000,-9999.000000
2016-04-20 00:00:00,    0.000000,-9999.000000,-9999.000000
2016-04-21 00:00:00,    0.000000,-9999.000000,-9999.000000
2016-04-22 00:00:00,    0.000000,-9999.000000,-9999.000000
2016-04-23 00:00:00,    0.000000,-9999.000000,-9999.000000
2016-04-24 00:00:00,    0.000000,-9999.000000,-9999.000000
2016-04-25 00:00:00,    0.000000,-9999.000000,-9999.000000
2016-04-26 00:00:00,    0.000000,-9999.000000,-9999.000000
2016-04-27 00:00:00,    0.000000,-9999.000000,-9999.000000
2016-04-28 00:00:00,    0.000000,-9999.000000,-9999.000000
2016-04-29 00:00:00,    0.000000,-9999.000000,-9999.000000
2016-04-30 00:00:00,    0.000000,-9999.000000,-9999.000000
2016-05-01 00:00:00,    0.000000,-9999.000000,-9999.000000
2016-05-02 00:00:00,    0.000000,-9999.000000,-9999.000000
2016-05-03 00:00:00,    0.000000,-9999.000000,-9999.000000
2016-05-04 00:00:00,    0.000000,-9999.000000,-9999.000000
2016-05-05 00:00:00,    0.000000,-9999.000000,-9999.000000
2016-05-06 00:00:00,    0.000000,-9999.000000,-9999.000000
2016-05-07 00:00:00,    0.000000,-9999.000000,-9999.000000
2016-05-08 00:00:00,    0.000000,-9999.000000,-9999.000000
2016-05-09 00:00:00,    0.000000,-9999.000000,-9999.000000
2016-05-10 00:00:00,    0.000000,-9999.000000,-9999.000000
2016-05-11 00:00:00,    0.000000,-9999.000000,-9999.000000
2016-05-12 00:00:00,    0.000000,-9999.000000,-9999.000000
2016-05-13 00:00:00,    0.000000,-9999.000000,-9999.000000
2016-05-14 00:00:00,    0.000000,-9999.000000,-9999.000000
2016-05-15 00:00:00,    0.000000,-9999.000000,-9999.000000
2016-05-16 00:00:00,    0.000000,-9999.000000,-9999.000000
2016-05-17 00:00:00,    0.000000,-9999.000000,-9999.000000
2016-05-18 00:00:00,    0.000000,-9999.000000,-9999.000000
2016-05-19 00:00:00,    0.000000,-9999.000000,-9999.000000
2016-05-20 00:00:00,    0.000000,-9999.000000,-9999.000000
2016-05-21 00:00:00,    0.000000,-9999.000000,-9999.000000
2016-05-22 00:00:00,    0.000000,-9999.000000,-9999.000000
2016-05-23 00:00:00,    0.000000,-9999.000000,-9999.000000
2016-05-24 00:00:00,    0.000000,-9999.000000,-9999.000000
2016-05-25 00:00:00,    0.000000,-9999.000000,-9999.000000
2016-05-26 00:00:00,    0.000000,-9999.000000,-9999.000000
2016-05-27 00:00:00,    0.000000,-9999.000000,-9999.000000
2016-05-28 00:00:00,    0.000000,-9999.000000,-9999.000000
2016-05-29 00:00:00,    0.000000,-9999.000000,-9999.000000
2016-05-30 00:00:00,    0.000000,-9999.000000,-9999.000000
2016-05-31 00:00:00,    0.000000,-9999.000000,-9999.000000
2016-06-01 00:00:00,    0.000000,-9999.000000,-9999.000000
2016-06-02 00:00:00,    0.000000,-9999.000000,-9999.000000
2016-06-03 00:00:00,    0.000000,-9999.000000,-9999.000000
2016-06-04 00:00:00,    0.000000,-9999.000000,-9999.000000
2016-06-05 00:00:00,    0.000000,-9999.000000,-9999.000000
2016-06-06 00:00:00,    1.228623,   17.208423,    1.828142
2016-06-07 00:00:00,   21.233730,   16.840641,    1.821408
2016-06-08 00:00:00,   19.922342,   16.616068,    1.820371
2016-06-09 00:00:00,   24.620670,   16.529181,    1.818897
2016-06-10 00:00:00,   37.024255,   16.503630,    1.816022
2016-06-11 00:00:00,   36.901017,   16.578337,    1.815198
2016-06-12 00:00:00,  135.402564,   16.592569,    1.814470
2016-06-13 00:00:00,  185.788995,   16.687128,    1.806205
2016-06-14 00:00:00,  187.588259,   16.682894,    1.804586
2016-06-15 00:00:00,  190.385734,   16.685160,    1.803133
2016-06-16 00:00:00,  192.377363,   16.639055,    1.799816
2016-06-17 00:00:00,  192.689212,   16.641677,    1.800292
2016-06-18 00:00:00,  189.684461,   16.575734,    1.799376
2016-06-19 00:00:00,  195.555203,   16.564254,    1.797622
2016-06-20 00:00:00,  197.192469,   16.561910,    1.796293
2016-06-21 00:00:00,  197.855042,   16.457302,    1.794881
2016-06-22 00:00:00,  200.632406,   16.494999,    1.793529
2016-06-23 00:00:00,  201.244719,   16.413065,    1.792121
2016-06-24 00:00:00,  199.343346,   16.384317,    1.791069
2016-06-25 00:00:00,  260.352661,   16.338924,    1.786808
2016-06-26 00:00:00,  258.354399,   16.212802,    1.783584
2016-06-27 00:00:00,  250.853690,   16.169789,    1.783037
2016-06-28 00:00:00,  255.836614,   16.149821,    1.781504
2016-06-29 00:00:00,  254.501047,   16.071467,    1.780319
2016-06-30 00:00:00,  255.257978,   16.067100,    1.779159
2016-07-01 00:00:00,  255.060907,   16.025892,    1.777982
2016-07-02 00:00:00,  253.838444,   15.971045,    1.776726
2016-07-03 00:00:00,  251.151706,   15.927770,    1.776066
2016-07-04 00:00:00,  245.900723,   15.741818,    1.775378
2016-07-05 00:00:00,  240.577558,   15.601420,    1.774722
2016-07-06 00:00:00,  239.053549,   15.468350,    1.773756
2016-07-07 00:00:00,  239.451488,   15.527631,    1.772997
2016-07-08 00:00:00,  290.747216,   15.549096,    1.767707
2016-07-09 00:00:00,  407.154928,   15.274641,    1.757680
2016-07-10 00:00:00,  458.637874,   15.264339,    1.752852
2016-07-11 00:00:00,  457.014996,   15.174479,    1.751774
2016-07-12 00:00:00,  450.809871,   15.083100,    1.751104
2016-07-13 00:00:00,  442.412417,   15.010281,    1.750800
2016-07-14 00:00:00,  431.169115,   14.952923,    1.750425
2016-07-15 00:00:00,  430.031200,   15.212847,    1.749652
2016-07-16 00:00:00,  445.443863,   15.451772,    1.747989
2016-07-17 00:00:00,  455.649476,   15.553476,    1.745952
2016-07-18 00:00:00,  456.161092,   15.425561,    1.744746
2016-07-19 00:00:00,  453.195191,   15.390698,    1.744226
2016-07-20 00:00:00,  444.425805,   15.433868,    1.743988
2016-07-21 00:00:00,  510.399849,   15.379140,    1.738431
2016-07-22 00:00:00,  504.423244,   15.248215,    1.737641
2016-07-23 00:00:00,  511.107784,   15.180154,    1.736911
2016-07-24 00:00:00,  505.774800,   15.099072,    1.735941
2016-07-25 00:00:00,  503.524670,   15.027925,    1.735357
2016-07-26 00:00:00,  500.563658,   15.024529,    1.734785
2016-07-27 00:00:00,  495.931743,   15.021482,    1.734236
2016-07-28 00:00:00,  493.727680,   14.936376,    1.733972
2016-07-29 00:00:00,  508.292865,   14.934411,    1.733522
2016-07-30 00:00:00,  495.184666,   15.009013,    1.732772
2016-07-31 00:00:00,  490.636462,   15.020759,    1.732273
2016-08-01 00:00:00,  484.501793,   15.099944,    1.731517
2016-08-02 00:00:00,  472.109172,   14.994223,    1.732000
2016-08-03 00:00:00,  481.070897,   15.182093,    1.730667
2016-08-04 00:00:00,  647.481280,   15.167894,    1.729806
2016-08-05 00:00:00,  642.429954,   15.033861,    1.719297
2016-08-06 00:00:00,  703.782400,   14.969062,    1.719121
2016-08-07 00:00:00,  721.206821,   14.816510,    1.719356
2016-08-08 00:00:00,  741.496421,   15.058048,    1.710393
2016-08-09 00:00:00,  742.585785,   14.928253,    1.709782
2016-08-10 00:00:00,  753.435884,   14.957744,    1.708394
2016-08-11 00:00:00,  779.138059,   15.250272,    1.706060
2016-08-12 00:00:00,  770.375026,   15.126416,    1.705875
2016-08-13 00:00:00,  760.296907,   15.088014,    1.705676
2016-08-14 00:00:00,  748.632347,   15.068577,    1.705511
2016-08-15 00:00:00,  838.021576,   14.998811,    1.705418
2016-08-16 00:00:00,  827.151744,   14.999721,    1.705304
2016-08-17 00:00:00,  926.243152,   15.001000,    1.705209
2016-08-18 00:00:00,  905.095846,   15.072375,    1.705041
2016-08-19 00:00:00,  946.824581,   15.112688,    1.704922
2016-08-20 00:00:00,  944.758698,   15.114739,    1.704870
2016-08-21 00:00:00,  986.453745,   15.117230,    1.704841
2016-08-22 00:00:00,  962.052337,   15.067336,    1.704206
2016-08-23 00:00:00,  944.833337,   15.089313,    1.704096
2016-08-24 00:00:00,  925.230607,   15.062073,    1.702991
2016-08-25 00:00:00,  904.167989,   15.078149,    1.702609
2016-08-26 00:00:00,  973.897108,   15.266196,    1.702324
2016-08-27 00:00:00, 1120.103523,   15.278678,    1.702103
2016-08-28 00:00:00, 1091.905510,   15.288815,    1.695168
2016-08-29 00:00:00, 1073.741393,   15.138282,    1.694508
2016-08-30 00:00:00, 1057.326546,   15.149734,    1.694660
2016-08-31 00:00:00, 1138.184922,   15.161180,    1.694822
2016-09-01 00:00:00, 1117.775568,   15.172118,    1.694937
2016-09-02 00:00:00, 1100.236710,   15.183021,    1.695061
2016-09-03 00:00:00, 1079.607364,   15.194396,    1.695252
2016-09-04 00:00:00, 1060.247846,   15.205774,    1.695462
2016-09-05 00:00:00, 1038.072487,   15.217146,    1.695690
2016-09-06 00:00:00, 1015.737383,   15.228512,    1.695939
2016-09-07 00:00:00, 1026.347581,   15.173776,    1.695111
2016-09-08 00:00:00, 1001.404864,   15.184850,    1.695290
2016-09-09 00:00:00,  984.093579,   15.195915,    1.695503
2016-09-10 00:00:00,  969.165587,   15.206960,    1.695744
2016-09-11 00:00:00,  938.099935,   15.217991,    1.696013
2016-09-12 00:00:00,  906.199331,   15.229010,    1.696308
2016-09-13 00:00:00,  878.178019,   15.287802,    1.697300
2016-09-14 00:00:00,  857.536521,   15.298759,    1.697678
2016-09-15 00:00:00,  871.715332,   15.309739,    1.698081
2016-09-16 00:00:00,  847.722277,   15.320743,    1.698510
2016-09-17 00:00:00,  833.795814,   15.568791,    1.702724
2016-09-18 00:00:00,  890.778927,   15.579609,    1.703366
2016-09-19 00:00:00,  886.943658,   15.590608,    1.704053
2016-09-20 00:00:00,  874.044744,   15.601769,    1.704780
2016-09-21 00:00:00,  859.507610,   15.613087,    1.705544
2016-09-22 00:00:00,  896.192113,   15.624555,    1.706343
2016-09-23 00:00:00,  868.978806,   15.636160,    1.707176
2016-09-24 00:00:00,  860.420201,   15.644812,    1.707590
2016-09-25 00:00:00,  937.628967,   15.656310,    1.708428
2016-09-26 00:00:00,  922.311008,   15.668022,    1.709312
2016-09-27 00:00:00,  969.052450,   15.679918,    1.710236
2016-09-28 00:00:00,  936.840399,   15.691991,    1.711198
2016-09-29 00:00:00,  915.293374,   15.704240,    1.712195
2016-09-30 00:00:00,  899.356850,   15.472462,    1.705049
2016-10-01 00:00:00,  886.544909,   15.484638,    1.705914
2016-10-02 00:00:00,  856.362563,   15.497004,    1.706818
2016-10-03 00:00:00,  853.585510,   15.508208,    1.707599
2016-10-04 00:00:00,  844.521623,   15.519520,    1.708410
2016-10-05 00:00:00,  829.994468,   15.530968,    1.709250
2016-10-06 00:00:00,  818.942962,   15.542548,    1.710118
2016-10-07 00:00:00,  806.795881,   15.521034,    1.708757
2016-10-08 00:00:00,  843.625485,   15.871008,    1.723644
2016-10-09 00:00:00,  805.198078,   15.884722,    1.724975
2016-10-10 00:00:00,  783.436169,   15.898652,    1.726345
2016-10-11 00:00:00,  763.722207,   15.912795,    1.727752
2016-10-12 00:00:00,  736.675545,   15.927136,    1.729195
2016-10-13 00:00:00,  721.219120,   15.941667,    1.730672
2016-10-14 00:00:00,  701.829102,   15.956373,    1.732182
2016-10-15 00:00:00,  656.269764,   15.971258,    1.733725
2016-10-16 00:00:00,  637.258807,   15.953367,    1.732996
2016-10-17 00:00:00,  616.545648,   15.968000,    1.734503
2016-10-18 00:00:00,  592.365964,   15.982834,    1.736047
2016-10-19 00:00:00,  592.334035,   15.997888,    1.737625
2016-10-20 00:00:00,  560.911588,   16.013118,    1.739237
2016-10-21 00:00:00,  540.710683,   16.028563,    1.740881
2016-10-22 00:00:00,  517.218408,   16.044201,    1.742555
2016-10-23 00:00:00,  498.090178,   16.060023,    1.744260
2016-10-24 00:00:00,  477.633039,   16.076023,    1.745993
2016-10-25 00:00:00,  465.660595,   16.092185,    1.747755
2016-10-26 00:00:00,  454.614826,   16.108504,    1.749544
2016-10-27 00:00:00,  439.256690,   16.125012,    1.751359
2016-10-28 00:00:00,  423.787789,   16.141687,    1.753201
2016-10-29 00:00:00,  405.907449,   16.158522,    1.755068
2016-10-30 00:00:00,  378.600490,   16.175494,    1.756960
2016-10-31 00:00:00,  352.129189,   16.192648,    1.758876
2016-11-01 00:00:00,  333.644983,   16.206031,    1.760308
2016-11-02 00:00:00,  317.182602,   16.219508,    1.761755
2016-11-03 00:00:00,  299.098873,   16.237010,    1.763724
2016-11-04 00:00:00,  288.651733,   16.254657,    1.765716
2016-11-05 00:00:00,  276.486865,   16.272441,    1.767729
2016-11-06 00:00:00,  253.285538,   16.290368,    1.769762
2016-11-07 00:00:00,  227.251663,   16.308414,    1.771816
2016-11-08 00:00:00,  204.726474,   16.326605,    1.773890
2016-11-09 00:00:00,  187.885451,   16.344924,    1.775982
2016-11-10 00:00:00,  184.141435,   16.363357,    1.778093
2016-11-11 00:00:00,  166.798361,   16.381883,    1.780222
2016-11-12 00:00:00,  155.186573,   16.400544,    1.782368
2016-11-13 00:00:00,  144.507980,   16.419321,    1.784530
2016-11-14 00:00:00,  126.056977,   16.438210,    1.786708
2016-11-15 00:00:00,  113.966393,   16.457203,    1.788901
2016-11-16 00:00:00,  305.350655,   16.476282,    1.791108
2016-11-17 00:00:00,  285.681488,   16.495384,    1.793330
2016-11-18 00:00:00,  272.072105,   16.514645,    1.795564
2016-11-19 00:00:00,  255.470050,   16.533988,    1.797811
2016-11-20 00:00:00,  225.905985,   16.553408,    1.800070
2016-11-21 00:00:00,  209.061044,   16.572891,    1.802340
2016-11-22 00:00:00,  194.902434,   16.592415,    1.804620
2016-11-23 00:00:00,  182.873512,   16.612042,    1.806909
2016-11-24 00:00:00,  165.506051,   16.631728,    1.809208
2016-11-25 00:00:00,  149.213606,   16.651469,    1.811514
2016-11-26 00:00:00,  133.175990,   16.671261,    1.813828
2016-11-27 00:00:00,  117.999667,   16.765280,    1.822519
2016-11-28 00:00:00,  100.654069,   16.786460,    1.825101
2016-11-29 00:00:00,   80.104639,   16.807440,    1.827652
2016-11-30 00:00:00,   66.929994,   16.828289,    1.830182
2016-12-01 00:00:00,   52.834399,   16.852621,    1.833178
2016-12-02 00:00:00,   42.316557,   16.876905,    1.836168
2016-12-03 00:00:00,   34.293532,   16.897596,    1.838672
2016-12-04 00:00:00,   22.527080,   16.918209,    1.841170
2016-12-05 00:00:00,   12.802418,   16.938813,    1.843662
2016-12-06 00:00:00,    8.055891,   16.959380,    1.846148
2016-12-07 00:00:00,    1.294881,   16.979905,    1.848629
2016-12-08 00:00:00,    0.000000,-9999.000000,-9999.000000
2016-12-09 00:00:00,    0.000000,-9999.000000,-9999.000000
2016-12-10 00:00:00,    0.000000,-9999.000000,-9999.000000
2016-12-11 00:00:00,    0.000000,-9999.000000,-9999.000000
2016-12-12 00:00:00,    0.000000,-9999.000000,-9999.000000
2016-12-13 00:00:00,    0.000000,-9999.000000,-9999.000000
2016-12-14 00:00:00,    0.000000,-9999.000000,-9999.000000
2016-12-15 00:00:00,    0.000000,-9999.000000,-9999.000000
2016-12-16 00:00:00,    0.000000,-9999.000000,-9999.000000
2016-12-17 00:00:00,    0.000000,-9999.000000,-9999.000000
2016-12-18 00:00:00,    0.000000,-9999.000000,-9999.000000
2016-12-19 00:00:00,    0.000000,-9999.000000,-9999.000000
2016-12-20 00:00:00,    0.000000,-9999.000000,-9999.000000
2016-12-21 00:00:00,    0.000000,-9999.000000,-9999.000000
2016-12-22 00:00:00,    0.000000,-9999.000000,-9999.000000
2016-12-23 00:00:00,    0.000000,-9999.000000,-9999.000000
2016-12-24 00:00:00,    0.000000,-9999.000000,-9999.000000
2016-12-25 00:00:00,    0.000000,-9999.000000,-9999.000000
2016-12-26 00:00:00,    0.000000,-9999.000000,-9999.000000
2016-12-27 00:00:00,    0.000000,-9999.000000,-9999.000000
2016-12-28 00:00:00,    0.000000,-9999.000000,-9999.000000
2016-12-29 00:00:00,    0.000000,-9999.000000,-9999.000000
2016-12-30 00:00:00,    0.000000,-9999.000000,-9999.000000
2016-12-31 00:00:00,    0.000000,-9999.000000,-9999.000000
2017-01-01 00:00:00,    0.000000,-9999.000000,-9999.000000
2017-01-02 00:00:00,    0.000000,-9999.000000,-9999.000000
2017-01-03 00:00:00,    0.000000,-9999.000000,-9999.000000
2017-01-04 00:00:00,    0.000000,-9999.000000,-9999.000000
2017-01-05 00:00:00,    0.000000,-9999.000000,-9999.000000
2017-01-06 00:00:00,    0.000000,-9999.000000,-9999.000000
2017-01-07 00:00:00,    0.000000,-9999.000000,-9999.000000
2017-01-08 00:00:00,    0.000000,-9999.000000,-9999.000000
2017-01-09 00:00:00,    0.000000,-9999.000000,-9999.000000
2017-01-10 00:00:00,    0.000000,-9999.000000,-9999.000000
2017-01-11 00:00:00,    0.000000,-9999.000000,-9999.000000
2017-01-12 00:00:00,    0.000000,-9999.000000,-9999.000000
2017-01-13 00:00:00,    0.000000,-9999.000000,-9999.000000
2017-01-14 00:00:00,    0.000000,-9999.000000,-9999.000000
2017-01-15 00:00:00,    0.000000,-9999.000000,-9999.000000
2017-01-16 00:00:00,    0.000000,-9999.000000,-9999.000000
2017-01-17 00:00:00,    0.000000,-9999.000000,-9999.000000
2017-01-18 00:00:00,    0.000000,-9999.000000,-9999.000000
2017-01-19 00:00:00,    0.000000,-9999.000000,-9999.000000
2017-01-20 00:00:00,    0.000000,-9999.000000,-9999.000000
2017-01-21 00:00:00,    0.000000,-9999.000000,-9999.000000
2017-01-22 00:00:00,    0.000000,-9999.000000,-9999.000000
2017-01-23 00:00:00,    0.000000,-9999.000000,-9999.000000
2017-01-24 00:00:00,    0.000000,-9999.000000,-9999.000000
2017-01-25 00:00:00,    0.000000,-9999.000000,-9999.000000
2017-01-26 00:00:00,    0.000000,-9999.000000,-9999.000000
2017-01-27 00:00:00,    0.000000,-9999.000000,-9999.000000
2017-01-28 00:00:00,    0.000000,-9999.000000,-9999.000000
2017-01-29 00:00:00,    0.000000,-9999.000000,-9999.000000
2017-01-30 00:00:00,    0.000000,-9999.000000,-9999.000000
2017-01-31 00:00:00,    0.000000,-9999.000000,-9999.000000
2017-02-01 00:00:00,    0.000000,-9999.000000,-9999.000000
2017-02-02 00:00:00,    0.000000,-9999.000000,-9999.000000
2017-02-03 00:00:00,    0.000000,-9999.000000,-9999.000000
2017-02-04 00:00:00,    0.000000,-9999.000000,-9999.000000
2017-02-05 00:00:00,    0.000000,-9999.000000,-9999.000000
2017-02-06 00:00:00,    0.000000,-9999.000000,-9999.000000
2017-02-07 00:00:00,    0.000000,-9999.000000,-9999.000000
2017-02-08 00:00:00,    0.000000,-9999.000000,-9999.000000
2017-02-09 00:00:00,    0.000000,-9999.000000,-9999.000000
2017-02-10 00:00:00,    0.000000,-9999.000000,-9999.000000
2017-02-11 00:00:00,    0.000000,-9999.000000,-9999.000000
2017-02-12 00:00:00,    0.000000,-9999.000000,-9999.000000
2017-02-13 00:00:00,    0.000000,-9999.000000,-9999.000000
2017-02-14 00:00:00,    0.000000,-9999.000000,-9999.000000
2017-02-15 00:00:00,    0.000000,-9999.000000,-9999.000000
2017-02-16 00:00:00,    0.000000,-9999.000000,-9999.000000
2017-02-17 00:00:00,    0.000000,-9999.000000,-9999.000000
2017-02-18 00:00:00,    0.000000,-9999.000000,-9999.000000
2017-02-19 00:00:00,    0.000000,-9999.000000,-9999.000000
2017-02-20 00:00:00,    0.000000,-9999.000000,-9999.000000
2017-02-21 00:00:00,    0.000000,-9999.000000,-9999.000000
2017-02-22 00:00:00,    0.000000,-9999.000000,-9999.000000
2017-02-23 00:00:00,    0.000000,-9999.000000,-9999.000000
2017-02-24 00:00:00,    0.000000,-9999.000000,-9999.000000
2017-02-25 00:00:00,    0.000000,-9999.000000,-9999.000000
2017-02-26 00:00:00,    0.000000,-9999.000000,-9999.000000
2017-02-27 00:00:00,    0.000000,-9999.000000,-9999.000000
2017-02-28 00:00:00,    0.000000,-9999.000000,-9999.000000
2017-03-01 00:00:00,    0.000000,-9999.000000,-9999.000000
2017-03-02 00:00:00,    0.000000,-9999.000000,-9999.000000
2017-03-03 00:00:00,    0.000000,-9999.000000,-9999.000000
2017-03-04 00:00:00,    0.000000,-9999.000000,-9999.000000
2017-03-05 00:00:00,    0.000000,-9999.000000,-9999.000000
2017-03-06 00:00:00,    0.000000,-9999.000000,-9999.000000
2017-03-07 00:00:00,    0.000000,-9999.000000,-9999.000000
2017-03-08 00:00:00,    0.000000,-9999.000000,-9999.000000
2017-03-09 00:00:00,    0.000000,-9999.000000,-9999.000000
2017-03-10 00:00:00,    0.000000,-9999.000000,-9999.000000
2017-03-11 00:00:00,    0.000000,-9999.000000,-9999.000000
2017-03-12 00:00:00,    0.000000,-9999.000000,-9999.000000
2017-03-13 00:00:00,    0.000000,-9999.000000,-9999.000000
2017-03-14 00:00:00,    0.000000,-9999.000000,-9999.000000
2017-03-15 00:00:00,    0.000000,-9999.000000,-9999.000000
2017-03-16 00:00:00,    0.000000,-9999.000000,-9999.000000
2017-03-17 00:00:00,    0.000000,-9999.000000,-9999.000000
2017-03-18 00:00:00,    0.000000,-9999.000000,-9999.000000
2017-03-19 00:00:00,    0.000000,-9999.000000,-9999.000000
2017-03-20 00:00:00,    0.000000,-9999.000000,-9999.000000
2017-03-21 00:00:00,    0.000000,-9999.000000,-9999.000000
2017-03-22 00:00:00,    0.000000,-9999.000000,-9999.000000
2017-03-23 00:00:00,    0.000000,-9999.000000,-9999.000000
2017-03-24 00:00:00,    0.000000,-9999.000000,-9999.000000
2017-03-25 00:00:00,    0.000000,-9999.000000,-9999.000000
2017-03-26 00:00:00,    0.000000,-9999.000000,-9999.000000
2017-03-27 00:00:00,    0.000000,-9999.000000,-9999.000000
2017-03-28 00:00:00,    0.000000,-9999.000000,-9999.000000
2017-03-29 00:00:00,    0.000000,-9999.000000,-9999.000000
2017-03-30 00:00:00,    0.000000,-9999.000000,-9999.000000
2017-03-31 00:00:00,    0.000000,-9999.000000,-9999.000000
2017-04-01 00:00:00,    0.000000,-9999.000000,-9999.000000
2017-04-02 00:00:00,    0.000000,-9999.000000,-9999.000000
2017-04-03 00:00:00,    0.000000,-9999.000000,-9999.000000
2017-04-04 00:00:00,    0.000000,-9999.000000,-9999.000000
2017-04-05 00:00:00,    0.000000,-9999.000000,-9999.000000
2017-04-06 00:00:00,    0.000000,-9999.000000,-9999.000000
2017-04-07 00:00:00,    0.000000,-9999.000000,-9999.000000
2017-04-08 00:00:00,    0.000000,-9999.000000,-9999.000000
2017-04-09 00:00:00,    0.000000,-9999.000000,-9999.000000
2017-04-10 00:00:00,    0.000000,-9999.000000,-9999.000000
2017-04-11 00:00:00,    0.000000,-9999.000000,-9999.000000
2017-04-12 00:00:00,    0.000000,-9999.000000,-9999.000000
2017-04-13 00:00:00,    0.000000,-9999.000000,-9999.000000
2017-04-14 00:00:00,    0.000000,-9999.000000,-9999.000000
2017-04-15 00:00:00,    0.000000,-9999.000000,-9999.000000
2017-04-16 00:00:00,    0.000000,-9999.000000,-9999.000000
2017-04-17 00:00:00,    0.000000,-9999.000000,-9999.000000
2017-04-18 00:00:00,    0.000000,-9999.000000,-9999.000000
2017-04-19 00:00:00,    0.000000,-9999.000000,-9999.000000
2017-04-20 00:00:00,    0.000000,-9999.000000,-9999.000000
2017-04-21 00:00:00,    0.000000,-9999.000000,-9999.000000
2017-04-22 00:00:00,    0.000000,-9999.000000,-9999.000000
2017-04-23 00:00:00,    0.000000,-9999.000000,-9999.000000
2017-04-24 00:00:00,    0.000000,-9999.000000,-9999.000000
2017-04-25 00:00:00,    0.000000,-9999.000000,-9999.000000
2017-04-26 00:00:00,    0.000000,-9999.000000,-9999.000000
2017-04-27 00:00:00,    0.000000,-9999.000000,-9999.000000
2017-04-28 00:00:00,    0.000000,-9999.000000,-9999.000000
2017-04-29 00:00:00,    0.000000,-9999.000000,-9999.000000
2017-04-30 00:00:00,    0.000000,-9999.000000,-9999.000000
2017-05-01 00:00:00,    0.000000,-9999.000000,-9999.000000
2017-05-02 00:00:00,    0.000000,-9999.000000,-9999.000000
2017-05-03 00:00:00,    0.000000,-9999.000000,-9999.000000
2017-05-04 00:00:00,    0.000000,-9999.000000,-9999.000000
2017-05-05 00:00:00,    0.000000,-9999.000000,-9999.000000
2017-05-06 00:00:00,    0.000000,-9999.000000,-9999.000000
2017-05-07 00:00:00,    0.000000,-9999.000000,-9999.000000
2017-05-08 00:00:00,    0.000000,-9999.000000,-9999.000000
2017-05-09 00:00:00,    0.000000,-9999.000000,-9999.000000
2017-05-10 00:00:00,    0.000000,-9999.000000,-9999.000000
2017-05-11 00:00:00,    0.000000,-9999.000000,-9999.000000
2017-05-12 00:00:00,    0.000000,-9999.000000,-9999.000000
2017-05-13 00:00:00,    0.000000,-9999.000000,-9999.000000
2017-05-14 00:00:00,    0.000000,-9999.000000,-9999.000000
2017-05-15 00:00:00,    0.000000,-9999.000000,-9999.000000
2017-05-16 00:00:00,    0.000000,-9999.000000,-9999.000000
2017-05-17 00:00:00,    0.000000,-9999.000000,-9999.000000
2017-05-18 00:00:00,    0.000000,-9999.000000,-9999.000000
2017-05-19 00:00:00,    0.000000,-9999.000000,-9999.000000
2017-05-20 00:00:00,    0.000000,-9999.000000,-9999.000000
2017-05-21 00:00:00,    0.000000,-9999.000000,-9999.000000
2017-05-22 00:00:00,    0.000000,-9999.000000,-9999.000000
2017-05-23 00:00:00,    0.000000,-9999.000000,-9999.000000
2017-05-24 00:00:00,    0.000000,-9999.000000,-9999.000000
2017-05-25 00:00:00,    0.000000,-9999.000000,-9999.000000
2017-05-26 00:00:00,    0.000000,-9999.000000,-9999.000000
2017-05-27 00:00:00,    0.000000,-9999.000000,-9999.000000
2017-05-28 00:00:00,    0.000000,-9999.000000,-9999.000000
2017-05-29 00:00:00,    0.000000,-9999.000000,-9999.000000
2017-05-30 00:00:00,    0.000000,-9999.000000,-9999.000000
2017-05-31 00:00:00,    0.000000,-9999.000000,-9999.000000
2017-06-01 00:00:00,    0.000000,-9999.000000,-9999.000000
2017-06-02 00:00:00,    0.000000,-9999.000000,-9999.000000
2017-06-03 00:00:00,    0.000000,-9999.000000,-9999.000000
2017-06-04 00:00:00,    0.000000,-9999.000000,-9999.000000
2017-06-05 00:00:00,    0.000000,-9999.000000,-9999.000000
2017-06-06 00:00:00,    0.000000,-9999.000000,-9999.000000
2017-06-07 00:00:00,    0.000000,-9999.000000,-9999.000000
2017-06-08 00:00:00,    0.000000,-9999.000000,-9999.000000
2017-06-09 00:00:00,    0.000000,-9999.000000,-9999.000000
2017-06-10 00:00:00,    0.000000,-9999.000000,-9999.000000
2017-06-11 00:00:00,    0.000000,-9999.000000,-9999.000000
2017-06-12 00:00:00,    0.000000,-9999.000000,-9999.000000
2017-06-13 00:00:00,    0.000000,-9999.000000,-9999.000000
2017-06-14 00:00:00,    0.000000,-9999.000000,-9999.000000
2017-06-15 00:00:00,    0.000000,-9999.000000,-9999.000000
2017-06-16 00:00:00,    0.000000,-9999.000000,-9999.000000
2017-06-17 00:00:00,    0.000000,-9999.000000,-9999.000000
2017-06-18 00:00:00,    0.000000,-9999.000000,-9999.000000
2017-06-19 00:00:00,    0.000000,-9999.000000,-9999.000000
2017-06-20 00:00:00,    0.000000,-9999.000000,-9999.000000
2017-06-21 00:00:00,    0.000000,-9999.000000,-9999.000000
2017-06-22 00:00:00,    0.000000,-9999.000000,-9999.000000
2017-06-23 00:00:00,    0.000000,-9999.000000,-9999.000000
2017-06-24 00:00:00,    0.000000,-9999.000000,-9999.000000
2017-06-25 00:00:00,    0.000000,-9999.000000,-9999.000000
2017-06-26 00:00:00,    0.000000,-9999.000000,-9999.000000
2017-06-27 00:00:00,    0.000000,-9999.000000,-9999.000000
2017-06-28 00:00:00,    0.000000,-9999.000000,-9999.000000
2017-06-29 00:00:00,    0.000000,-9999.000000,-9999.000000
2017-06-30 00:00:00,    0.000000,-9999.000000,-9999.000000
2017-07-01 00:00:00,    0.000000,-9999.000000,-9999.000000
2017-07-02 00:00:00,    0.000000,-9999.000000,-9999.000000
2017-07-03 00:00:00,    0.000000,-9999.000000,-9999.000000
2017-07-04 00:00:00,    0.000000,-9999.000000,-9999.000000
2017-07-05 00:00:00,    0.000000,-9999.000000,-9999.000000
2017-07-06 00:00:00,    0.000000,-9999.000000,-9999.000000
2017-07-07 00:00:00,    0.000000,-9999.000000,-9999.000000
2017-07-08 00:00:00,    1.774488,   15.081246,    1.829710
2017-07-09 00:00:00,   23.498926,   14.793006,    1.822956
2017-07-10 00:00:00,   64.303287,   14.714914,    1.820573
2017-07-11 00:00:00,  115.761291,   14.941028,    1.808258
2017-07-12 00:00:00,  135.883208,   14.762975,    1.804873
2017-07-13 00:00:00,  148.045445,   14.688885,    1.803539
2017-07-14 00:00:00,  150.584920,   14.841333,    1.800591
2017-07-15 00:00:00,  150.394865,   14.836090,    1.799806
2017-07-16 00:00:00,  192.352548,   15.057850,    1.793584
2017-07-17 00:00:00,  195.810091,   14.946712,    1.792836
2017-07-18 00:00:00,  201.015106,   14.871659,    1.791928
2017-07-19 00:00:00,  202.260058,   14.764237,    1.792926
2017-07-20 00:00:00,  202.530926,   14.759973,    1.792242
2017-07-21 00:00:00,  202.631278,   14.850901,    1.789815
2017-07-22 00:00:00,  202.324407,   14.768550,    1.790664
2017-07-23 00:00:00,  201.905150,   14.764820,    1.790024
2017-07-24 00:00:00,  199.993343,   14.761312,    1.789405
2017-07-25 00:00:00,  199.203847,   14.662492,    1.790964
2017-07-26 00:00:00,  209.479179,   14.599536,    1.791952
2017-07-27 00:00:00,  221.389595,   14.608902,    1.791276
2017-07-28 00:00:00,  236.187269,   14.617859,    1.790622
2017-07-29 00:00:00,  275.079947,   14.610762,    1.790629
2017-07-30 00:00:00,  273.946195,   14.701752,    1.787913
2017-07-31 00:00:00,  275.298210,   14.711456,    1.787247
2017-08-01 00:00:00,  273.891630,   14.648003,    1.788989
2017-08-02 00:00:00,  270.576516,   14.658431,    1.788520
2017-08-03 00:00:00,  268.972935,   14.667608,    1.787983
2017-08-04 00:00:00,  266.662140,   14.676523,    1.787462
2017-08-05 00:00:00,  266.282416,   14.688425,    1.787137
2017-08-06 00:00:00,  263.590860,   14.696787,    1.786694
2017-08-07 00:00:00,  261.194715,   14.704927,    1.786261
2017-08-08 00:00:00,  257.397436,   14.712900,    1.785842
2017-08-09 00:00:00,  251.782525,   14.720744,    1.785436
2017-08-10 00:00:00,  237.200278,   14.728490,    1.785045
2017-08-11 00:00:00,  218.764593,   15.009588,    1.775698
2017-08-12 00:00:00,  444.548684,   15.478437,    1.761878
2017-08-13 00:00:00,  477.452780,   15.558209,    1.759181
2017-08-14 00:00:00,  473.819275,   15.503039,    1.759033
2017-08-15 00:00:00,  467.914749,   15.456540,    1.760540
2017-08-16 00:00:00,  460.555675,   15.398834,    1.762519
2017-08-17 00:00:00,  470.630867,   15.563303,    1.756429
2017-08-18 00:00:00,  478.398763,   15.515664,    1.757556
2017-08-19 00:00:00,  471.426159,   15.372017,    1.757568
2017-08-20 00:00:00,  521.533397,   15.340187,    1.758608
2017-08-21 00:00:00,  535.293144,   15.324595,    1.759132
2017-08-22 00:00:00,  548.625883,   15.265326,    1.761165
2017-08-23 00:00:00,  547.192237,   15.294153,    1.760221
2017-08-24 00:00:00,  536.109407,   15.296504,    1.760206
2017-08-25 00:00:00,  524.924891,   15.299034,    1.760206
2017-08-26 00:00:00,  515.921405,   15.301775,    1.760225
2017-08-27 00:00:00,  507.318798,   15.304740,    1.760265
2017-08-28 00:00:00,  501.218494,   15.307925,    1.760324
2017-08-29 00:00:00,  496.268988,   15.311293,    1.760403
2017-08-30 00:00:00,  493.018394,   15.314837,    1.760501
2017-08-31 00:00:00,  575.800074,   15.318480,    1.760619
2017-09-01 00:00:00,  558.737266,   15.321710,    1.760699
2017-09-02 00:00:00,  547.144343,   15.354854,    1.759862
2017-09-03 00:00:00,  549.626586,   15.359036,    1.760038
2017-09-04 00:00:00,  542.855155,   15.363472,    1.760235
2017-09-05 00:00:00,  532.946175,   15.368109,    1.760454
2017-09-06 00:00:00,  526.222763,   15.372979,    1.760694
2017-09-07 00:00:00,  615.947782,   15.377995,    1.760956
2017-09-08 00:00:00,  609.767302,   15.383181,    1.761239
2017-09-09 00:00:00,  620.250157,   15.388595,    1.761544
2017-09-10 00:00:00,  609.515448,   15.394181,    1.761870
2017-09-11 00:00:00,  602.320205,   15.400043,    1.762218
2017-09-12 00:00:00,  631.252141,   15.406049,    1.762588
2017-09-13 00:00:00,  616.259795,   15.412316,    1.762980
2017-09-14 00:00:00,  601.134525,   15.418824,    1.763393
2017-09-15 00:00:00,  586.672975,   15.425489,    1.763822
2017-09-16 00:00:00,  561.111670,   15.432355,    1.764274
2017-09-17 00:00:00,  540.977447,   15.439418,    1.764750
2017-09-18 00:00:00,  521.946358,   15.446690,    1.765248
2017-09-19 00:00:00,  502.962711,   15.454093,    1.765770
2017-09-20 00:00:00,  487.313798,   15.461784,    1.766315
2017-09-21 00:00:00,  472.902944,   15.469698,    1.766882
2017-09-22 00:00:00,  461.734165,   15.477840,    1.767472
2017-09-23 00:00:00,  450.916212,   15.486226,    1.768085
2017-09-24 00:00:00,  445.612151,   15.531448,    1.768325
2017-09-25 00:00:00,  435.342890,   15.540426,    1.769024
2017-09-26 00:00:00,  418.599862,   15.549643,    1.769747
2017-09-27 00:00:00,  403.788636,   15.559082,    1.770496
2017-09-28 00:00:00,  383.410330,   15.568759,    1.771269
2017-09-29 00:00:00,  365.057514,   15.578681,    1.772067
2017-09-30 00:00:00,  348.044788,   15.588790,    1.772890
2017-10-01 00:00:00,  337.899679,   15.600848,    1.773930
2017-10-02 00:00:00,  319.122961,   15.613202,    1.775002
2017-10-03 00:00:00,  310.721053,   15.624035,    1.775911
2017-10-04 00:00:00,  296.924236,   15.635099,    1.776844
2017-10-05 00:00:00,  281.632322,   15.646384,    1.777803
2017-10-06 00:00:00,  262.914344,   15.657831,    1.778787
2017-10-07 00:00:00,  248.048984,   15.669553,    1.779795
2017-10-08 00:00:00,  234.338658,   15.681495,    1.780829
2017-10-09 00:00:00,  222.997981,   15.693657,    1.781887
2017-10-10 00:00:00,  197.966557,   15.749410,    1.783442
2017-10-11 00:00:00,  183.956967,   15.762327,    1.784612
2017-10-12 00:00:00,  170.710970,   15.775500,    1.785815
2017-10-13 00:00:00,  156.601225,   15.788869,    1.787042
2017-10-14 00:00:00,  137.298637,   15.802430,    1.788295
2017-10-15 00:00:00,  121.381700,   15.816190,    1.789573
2017-10-16 00:00:00,  110.303714,   15.830147,    1.790875
2017-10-17 00:00:00,  102.957166,   15.844303,    1.792203
2017-10-18 00:00:00,   96.363733,   15.858656,    1.793555
2017-10-19 00:00:00,   95.071117,   15.873204,    1.794933
2017-10-20 00:00:00,  121.857692,   15.887944,    1.796334
2017-10-21 00:00:00,  109.249260,   15.902786,    1.797760
2017-10-22 00:00:00,   97.886582,   15.917897,    1.799210
2017-10-23 00:00:00,   85.553429,   15.933207,    1.800684
2017-10-24 00:00:00,   72.684442,   15.948707,    1.802182
2017-10-25 00:00:00,   62.881795,   15.964394,    1.803703
2017-10-26 00:00:00,   57.339228,   15.980263,    1.805247
2017-10-27 00:00:00,   50.343764,   15.996307,    1.806814
2017-10-28 00:00:00,   34.575112,   16.012449,    1.808403
2017-10-29 00:00:00,   26.962752,   16.028806,    1.810015
2017-10-30 00:00:00,   20.329304,   16.103803,    1.813793
2017-10-31 00:00:00,   13.219820,   16.121072,    1.815560
2017-11-01 00:00:00,    6.859089,   16.134605,    1.816877
2017-11-02 00:00:00,    1.931405,   16.148219,    1.818204
2017-11-03 00:00:00,    0.000000,-9999.000000,-9999.000000
2017-11-04 00:00:00,    0.000000,-9999.000000,-9999.000000
2017-11-05 00:00:00,    0.000000,-9999.000000,-9999.000000
2017-11-06 00:00:00,    0.000000,-9999.000000,-9999.000000
2017-11-07 00:00:00,    0.000000,-9999.000000,-9999.000000
2017-11-08 00:00:00,    0.000000,-9999.000000,-9999.000000
2017-11-09 00:00:00,    0.000000,-9999.000000,-9999.000000
2017-11-10 00:00:00,    0.000000,-9999.000000,-9999.000000
2017-11-11 00:00:00,    0.000000,-9999.000000,-9999.000000
2017-11-12 00:00:00,    0.000000,-9999.000000,-9999.000000
2017-11-13 00:00:00,    0.000000,-9999.000000,-9999.000000
2017-11-14 00:00:00,    0.000000,-9999.000000,-9999.000000
2017-11-15 00:00:00,    0.000000,-9999.000000,-9999.000000
2017-11-16 00:00:00,    0.000000,-9999.000000,-9999.000000
2017-11-17 00:00:00,    0.000000,-9999.000000,-9999.000000
2017-11-18 00:00:00,    0.000000,-9999.000000,-9999.000000
2017-11-19 00:00:00,    0.000000,-9999.000000,-9999.000000
2017-11-20 00:00:00,    0.000000,-9999.000000,-9999.000000
2017-11-21 00:00:00,    0.000000,-9999.000000,-9999.000000
2017-11-22 00:00:00,    0.000000,-9999.000000,-9999.000000
2017-11-23 00:00:00,    0.000000,-9999.000000,-9999.000000
2017-11-24 00:00:00,    0.000000,-9999.000000,-9999.000000
2017-11-25 00:00:00,    0.000000,-9999.000000,-9999.000000
2017-11-26 00:00:00,    0.000000,-9999.000000,-9999.000000
2017-11-27 00:00:00,    0.000000,-9999.000000,-9999.000000
2017-11-28 00:00:00,    0.000000,-9999.000000,-9999.000000
2017-11-29 00:00:00,    0.000000,-9999.000000,-9999.000000
2017-11-30 00:00:00,    0.000000,-9999.000000,-9999.000000
2017-12-01 00:00:00,    0.000000,-9999.000000,-9999.000000
2017-12-02 00:00:00,    0.000000,-9999.000000,-9999.000000
2017-12-03 00:00:00,    0.000000,-9999.000000,-9999.000000
2017-12-04 00:00:00,    0.000000,-9999.000000,-9999.000000
2017-12-05 00:00:00,    0.000000,-9999.000000,-9999.000000
2017-12-06 00:00:00,    0.000000,-9999.000000,-9999.000000
2017-12-07 00:00:00,    0.000000,-9999.000000,-9999.000000
2017-12-08 00:00:00,    0.000000,-9999.000000,-9999.000000
2017-12-09 00:00:00,    0.000000,-9999.000000,-9999.000000
2017-12-10 00:00:00,    0.000000,-9999.000000,-9999.000000
2017-12-11 00:00:00,    0.000000,-9999.000000,-9999.000000
2017-12-12 00:00:00,    0.000000,-9999.000000,-9999.000000
2017-12-13 00:00:00,    0.000000,-9999.000000,-9999.000000
2017-12-14 00:00:00,    0.000000,-9999.000000,-9999.000000
2017-12-15 00:00:00,    0.000000,-9999.000000,-9999.000000
2017-12-16 00:00:00,    0.000000,-9999.000000,-9999.000000
2017-12-17 00:00:00,    0.000000,-9999.000000,-9999.000000
2017-12-18 00:00:00,    0.000000,-9999.000000,-9999.000000
2017-12-19 00:00:00,    0.000000,-9999.000000,-9999.000000
2017-12-20 00:00:00,    0.000000,-9999.000000,-9999.000000
2017-12-21 00:00:00,    0.000000,-9999.000000,-9999.000000
2017-12-22 00:00:00,    0.000000,-9999.000000,-9999.000000
2017-12-23 00:00:00,    0.000000,-9999.000000,-9999.000000
2017-12-24 00:00:00,    0.000000,-9999.000000,-9999.000000
2017-12-25 00:00:00,    0.000000,-9999.000000,-9999.000000
2017-12-26 00:00:00,    0.000000,-9999.000000,-9999.000000
2017-12-27 00:00:00,    0.000000,-9999.000000,-9999.000000
2017-12-28 00:00:00,    0.000000,-9999.000000,-9999.000000
2017-12-29 00:00:00,    0.000000,-9999.000000,-9999.000000
2017-12-30 00:00:00,    0.000000,-9999.000000,-9999.000000
2017-12-31 00:00:00,    0.000000,-9999.000000,-9999.000000
2018-01-01 00:00:00,    0.000000,-9999.000000,-9999.000000
2018-01-02 00:00:00,    0.000000,-9999.000000,-9999.000000
2018-01-03 00:00:00,    0.000000,-9999.000000,-9999.000000
2018-01-04 00:00:00,    0.000000,-9999.000000,-9999.000000
2018-01-05 00:00:00,    0.000000,-9999.000000,-9999.000000
2018-01-06 00:00:00,    0.000000,-9999.000000,-9999.000000
2018-01-07 00:00:00,    0.000000,-9999.000000,-9999.000000
2018-01-08 00:00:00,    0.000000,-9999.000000,-9999.000000
2018-01-09 00:00:00,    0.000000,-9999.000000,-9999.000000
2018-01-10 00:00:00,    0.000000,-9999.000000,-9999.000000
2018-01-11 00:00:00,    0.000000,-9999.000000,-9999.000000
2018-01-12 00:00:00,    0.000000,-9999.000000,-9999.000000
2018-01-13 00:00:00,    0.000000,-9999.000000,-9999.000000
2018-01-14 00:00:00,    0.000000,-9999.000000,-9999.000000
2018-01-15 00:00:00,    0.000000,-9999.000000,-9999.000000
2018-01-16 00:00:00,    0.000000,-9999.000000,-9999.000000
2018-01-17 00:00:00,    0.000000,-9999.000000,-9999.000000
2018-01-18 00:00:00,    0.000000,-9999.000000,-9999.000000
2018-01-19 00:00:00,    0.000000,-9999.000000,-9999.000000
2018-01-20 00:00:00,    0.000000,-9999.000000,-9999.000000
2018-01-21 00:00:00,    0.000000,-9999.000000,-9999.000000
2018-01-22 00:00:00,    0.000000,-9999.000000,-9999.000000
2018-01-23 00:00:00,    0.000000,-9999.000000,-9999.000000
2018-01-24 00:00:00,    0.000000,-9999.000000,-9999.000000
2018-01-25 00:00:00,    0.000000,-9999.000000,-9999.000000
2018-01-26 00:00:00,    0.000000,-9999.000000,-9999.000000
2018-01-27 00:00:00,    0.000000,-9999.000000,-9999.000000
2018-01-28 00:00:00,    0.000000,-9999.000000,-9999.000000
2018-01-29 00:00:00,    0.000000,-9999.000000,-9999.000000
2018-01-30 00:00:00,    0.000000,-9999.000000,-9999.000000
2018-01-31 00:00:00,    0.000000,-9999.000000,-9999.000000
2018-02-01 00:00:00,    0.000000,-9999.000000,-9999.000000
2018-02-02 00:00:00,    0.000000,-9999.000000,-9999.000000
2018-02-03 00:00:00,    0.000000,-9999.000000,-9999.000000
2018-02-04 00:00:00,    0.000000,-9999.000000,-9999.000000
2018-02-05 00:00:00,    0.000000,-9999.000000,-9999.000000
2018-02-06 00:00:00,    0.000000,-9999.000000,-9999.000000
2018-02-07 00:00:00,    0.000000,-9999.000000,-9999.000000
2018-02-08 00:00:00,    0.000000,-9999.000000,-9999.000000
2018-02-09 00:00:00,    0.000000,-9999.000000,-9999.000000
2018-02-10 00:00:00,    0.000000,-9999.000000,-9999.000000
2018-02-11 00:00:00,    0.000000,-9999.000000,-9999.000000
2018-02-12 00:00:00,    0.000000,-9999.000000,-9999.000000
2018-02-13 00:00:00,    0.000000,-9999.000000,-9999.000000
2018-02-14 00:00:00,    0.000000,-9999.000000,-9999.000000
2018-02-15 00:00:00,    0.000000,-9999.000000,-9999.000000
2018-02-16 00:00:00,    0.000000,-9999.000000,-9999.000000
2018-02-17 00:00:00,    0.000000,-9999.000000,-9999.000000
2018-02-18 00:00:00,    0.000000,-9999.000000,-9999.000000
2018-02-19 00:00:00,    0.000000,-9999.000000,-9999.000000
2018-02-20 00:00:00,    0.000000,-9999.000000,-9999.000000
2018-02-21 00:00:00,    0.000000,-9999.000000,-9999.000000
2018-02-22 00:00:00,    0.000000,-9999.000000,-9999.000000
2018-02-23 00:00:00,    0.000000,-9999.000000,-9999.000000
2018-02-24 00:00:00,    0.000000,-9999.000000,-9999.000000
2018-02-25 00:00:00,    0.000000,-9999.000000,-9999.000000
2018-02-26 00:00:00,    0.000000,-9999.000000,-9999.000000
2018-02-27 00:00:00,    0.000000,-9999.000000,-9999.000000
2018-02-28 00:00:00,    0.000000,-9999.000000,-9999.000000
2018-03-01 00:00:00,    0.000000,-9999.000000,-9999.000000
2018-03-02 00:00:00,    0.000000,-9999.000000,-9999.000000
2018-03-03 00:00:00,    0.000000,-9999.000000,-9999.000000
2018-03-04 00:00:00,    0.000000,-9999.000000,-9999.000000
2018-03-05 00:00:00,    0.000000,-9999.000000,-9999.000000
2018-03-06 00:00:00,    0.000000,-9999.000000,-9999.000000
2018-03-07 00:00:00,    0.000000,-9999.000000,-9999.000000
2018-03-08 00:00:00,    0.000000,-9999.000000,-9999.000000
2018-03-09 00:00:00,    0.000000,-9999.000000,-9999.000000
2018-03-10 00:00:00,    0.000000,-9999.000000,-9999.000000
2018-03-11 00:00:00,    0.000000,-9999.000000,-9999.000000
2018-03-12 00:00:00,    0.000000,-9999.000000,-9999.000000
2018-03-13 00:00:00,    0.000000,-9999.000000,-9999.000000
2018-03-14 00:00:00,    0.000000,-9999.000000,-9999.000000
2018-03-15 00:00:00,    0.000000,-9999.000000,-9999.000000
2018-03-16 00:00:00,    0.000000,-9999.000000,-9999.000000
2018-03-17 00:00:00,    0.000000,-9999.000000,-9999.000000
2018-03-18 00:00:00,    0.000000,-9999.000000,-9999.000000
2018-03-19 00:00:00,    0.000000,-9999.000000,-9999.000000
2018-03-20 00:00:00,    0.000000,-9999.000000,-9999.000000
2018-03-21 00:00:00,    0.000000,-9999.000000,-9999.000000
2018-03-22 00:00:00,    0.000000,-9999.000000,-9999.000000
2018-03-23 00:00:00,    0.000000,-9999.000000,-9999.000000
2018-03-24 00:00:00,    0.000000,-9999.000000,-9999.000000
2018-03-25 00:00:00,    0.000000,-9999.000000,-9999.000000
2018-03-26 00:00:00,    0.000000,-9999.000000,-9999.000000
2018-03-27 00:00:00,    0.000000,-9999.000000,-9999.000000
2018-03-28 00:00:00,    0.000000,-9999.000000,-9999.000000
2018-03-29 00:00:00,    0.000000,-9999.000000,-9999.000000
2018-03-30 00:00:00,    0.000000,-9999.000000,-9999.000000
2018-03-31 00:00:00,    0.000000,-9999.000000,-9999.000000
2018-04-01 00:00:00,    0.000000,-9999.000000,-9999.000000
2018-04-02 00:00:00,    0.000000,-9999.000000,-9999.000000
2018-04-03 00:00:00,    0.000000,-9999.000000,-9999.000000
2018-04-04 00:00:00,    0.000000,-9999.000000,-9999.000000
2018-04-05 00:00:00,    0.000000,-9999.000000,-9999.000000
2018-04-06 00:00:00,    0.000000,-9999.000000,-9999.000000
2018-04-07 00:00:00,    0.000000,-9999.000000,-9999.000000
2018-04-08 00:00:00,    0.000000,-9999.000000,-9999.000000
2018-04-09 00:00:00,    0.000000,-9999.000000,-9999.000000
2018-04-10 00:00:00,    0.000000,-9999.000000,-9999.000000
2018-04-11 00:00:00,    0.000000,-9999.000000,-9999.000000
2018-04-12 00:00:00,    0.000000,-9999.000000,-9999.000000
2018-04-13 00:00:00,    0.000000,-9999.000000,-9999.000000
2018-04-14 00:00:00,    0.000000,-9999.000000,-9999.000000
2018-04-15 00:00:00,    0.000000,-9999.000000,-9999.000000
2018-04-16 00:00:00,    0.000000,-9999.000000,-9999.000000
2018-04-17 00:00:00,    0.000000,-9999.000000,-9999.000000
2018-04-18 00:00:00,    0.000000,-9999.000000,-9999.000000
2018-04-19 00:00:00,    0.000000,-9999.000000,-9999.000000
2018-04-20 00:00:00,    0.000000,-9999.000000,-9999.000000
2018-04-21 00:00:00,    0.000000,-9999.000000,-9999.000000
2018-04-22 00:00:00,    0.000000,-9999.000000,-9999.000000
2018-04-23 00:00:00,    0.000000,-9999.000000,-9999.000000
2018-04-24 00:00:00,    0.000000,-9999.000000,-9999.000000
2018-04-25 00:00:00,    0.000000,-9999.000000,-9999.000000
2018-04-26 00:00:00,    0.000000,-9999.000000,-9999.000000
2018-04-27 00:00:00,    0.000000,-9999.000000,-9999.000000
2018-04-28 00:00:00,    0.000000,-9999.000000,-9999.000000
2018-04-29 00:00:00,    0.000000,-9999.000000,-9999.000000
2018-04-30 00:00:00,    0.000000,-9999.000000,-9999.000000
2018-05-01 00:00:00,    0.000000,-9999.000000,-9999.000000
2018-05-02 00:00:00,    0.000000,-9999.000000,-9999.000000
2018-05-03 00:00:00,    0.000000,-9999.000000,-9999.000000
2018-05-04 00:00:00,    0.000000,-9999.000000,-9999.000000
2018-05-05 00:00:00,    0.000000,-9999.000000,-9999.000000
2018-05-06 00:00:00,    0.000000,-9999.000000,-9999.000000
2018-05-07 00:00:00,    0.000000,-9999.000000,-9999.000000
2018-05-08 00:00:00,    0.000000,-9999.000000,-9999.000000
2018-05-09 00:00:00,    0.000000,-9999.000000,-9999.000000
2018-05-10 00:00:00,    0.000000,-9999.000000,-9999.000000
2018-05-11 00:00:00,    0.000000,-9999.000000,-9999.000000
2018-05-12 00:00:00,    0.000000,-9999.000000,-9999.000000
2018-05-13 00:00:00,    0.000000,-9999.000000,-9999.000000
2018-05-14 00:00:00,    0.000000,-9999.000000,-9999.000000
2018-05-15 00:00:00,    0.000000,-9999.000000,-9999.000000
2018-05-16 00:00:00,    0.000000,-9999.000000,-9999.000000
2018-05-17 00:00:00,    0.000000,-9999.000000,-9999.000000
2018-05-18 00:00:00,    0.000000,-9999.000000,-9999.000000
2018-05-19 00:00:00,    0.000000,-9999.000000,-9999.000000
2018-05-20 00:00:00,    0.000000,-9999.000000,-9999.000000
2018-05-21 00:00:00,    0.000000,-9999.000000,-9999.000000
2018-05-22 00:00:00,    0.000000,-9999.000000,-9999.000000
2018-05-23 00:00:00,    0.000000,-9999.000000,-9999.000000
2018-05-24 00:00:00,    0.000000,-9999.000000,-9999.000000
2018-05-25 00:00:00,    0.000000,-9999.000000,-9999.000000
2018-05-26 00:00:00,    0.000000,-9999.000000,-9999.000000
2018-05-27 00:00:00,    0.000000,-9999.000000,-9999.000000
2018-05-28 00:00:00,    0.000000,-9999.000000,-9999.000000
2018-05-29 00:00:00,    0.000000,-9999.000000,-9999.000000
2018-05-30 00:00:00,    0.000000,-9999.000000,-9999.000000
2018-05-31 00:00:00,    0.000000,-9999.000000,-9999.000000
2018-06-01 00:00:00,    0.000000,-9999.000000,-9999.000000
2018-06-02 00:00:00,    0.000000,-9999.000000,-9999.000000
2018-06-03 00:00:00,    0.000000,-9999.000000,-9999.000000
2018-06-04 00:00:00,    0.000000,-9999.000000,-9999.000000
2018-06-05 00:00:00,    0.000000,-9999.000000,-9999.000000
2018-06-06 00:00:00,    0.000000,-9999.000000,-9999.000000
2018-06-07 00:00:00,    0.000000,-9999.000000,-9999.000000
2018-06-08 00:00:00,    0.000000,-9999.000000,-9999.000000
2018-06-09 00:00:00,    0.000000,-9999.000000,-9999.000000
2018-06-10 00:00:00,    0.000000,-9999.000000,-9999.000000
2018-06-11 00:00:00,    0.000000,-9999.000000,-9999.000000
2018-06-12 00:00:00,    0.000000,-9999.000000,-9999.000000
2018-06-13 00:00:00,    0.000000,-9999.000000,-9999.000000
2018-06-14 00:00:00,    0.000000,-9999.000000,-9999.000000
2018-06-15 00:00:00,    0.000000,-9999.000000,-9999.000000
2018-06-16 00:00:00,    0.000000,-9999.000000,-9999.000000
2018-06-17 00:00:00,    0.000000,-9999.000000,-9999.000000
2018-06-18 00:00:00,    0.000000,-9999.000000,-9999.000000
2018-06-19 00:00:00,    0.000000,-9999.000000,-9999.000000
2018-06-20 00:00:00,    0.000000,-9999.000000,-9999.000000
2018-06-21 00:00:00,    0.000000,-9999.000000,-9999.000000
2018-06-22 00:00:00,    0.000000,-9999.000000,-9999.000000
2018-06-23 00:00:00,    0.000000,-9999.000000,-9999.000000
2018-06-24 00:00:00,    0.000000,-9999.000000,-9999.000000
2018-06-25 00:00:00,    0.000000,-9999.000000,-9999.000000
2018-06-26 00:00:00,    0.000000,-9999.000000,-9999.000000
2018-06-27 00:00:00,    0.000000,-9999.000000,-9999.000000
2018-06-28 00:00:00,    0.000000,-9999.000000,-9999.000000
2018-06-29 00:00:00,    0.000000,-9999.000000,-9999.000000
2018-06-30 00:00:00,    0.000000,-9999.000000,-9999.000000
2018-07-01 00:00:00,    0.000000,-9999.000000,-9999.000000
2018-07-02 00:00:00,    0.000000,-9999.000000,-9999.000000
2018-07-03 00:00:00,    0.000000,-9999.000000,-9999.000000
2018-07-04 00:00:00,    0.000000,-9999.000000,-9999.000000
2018-07-05 00:00:00,    0.000000,-9999.000000,-9999.000000
2018-07-06 00:00:00,    0.000000,-9999.000000,-9999.000000
2018-07-07 00:00:00,    0.000000,-9999.000000,-9999.000000
2018-07-08 00:00:00,    0.000000,-9999.000000,-9999.000000
2018-07-09 00:00:00,    0.000000,-9999.000000,-9999.000000
2018-07-10 00:00:00,    0.000000,-9999.000000,-9999.000000
2018-07-11 00:00:00,    0.000000,-9999.000000,-9999.000000
2018-07-12 00:00:00,    0.000000,-9999.000000,-9999.000000
2018-07-13 00:00:00,    0.000000,-9999.000000,-9999.000000
2018-07-14 00:00:00,    0.000000,-9999.000000,-9999.000000
2018-07-15 00:00:00,    0.000000,-9999.000000,-9999.000000
2018-07-16 00:00:00,    0.000000,-9999.000000,-9999.000000
2018-07-17 00:00:00,    0.000000,-9999.000000,-9999.000000
2018-07-18 00:00:00,    0.000000,-9999.000000,-9999.000000
2018-07-19 00:00:00,    0.000000,-9999.000000,-9999.000000
2018-07-20 00:00:00,    0.000000,-9999.000000,-9999.000000
2018-07-21 00:00:00,    0.000000,-9999.000000,-9999.000000
2018-07-22 00:00:00,    0.000000,-9999.000000,-9999.000000
2018-07-23 00:00:00,    0.000000,-9999.000000,-9999.000000
2018-07-24 00:00:00,    0.000000,-9999.000000,-9999.000000
2018-07-25 00:00:00,    4.729614,   15.397216,    1.901063
2018-07-26 00:00:00,    7.512065,   15.131765,    1.924980
2018-07-27 00:00:00,   54.674668,   15.134107,    1.924170
2018-07-28 00:00:00,  104.709194,   15.136559,    1.923374
2018-07-29 00:00:00,  101.425557,   15.139192,    1.922590
2018-07-30 00:00:00,  130.253271,   15.142041,    1.921812
2018-07-31 00:00:00,  157.108583,   15.145096,    1.921041
2018-08-01 00:00:00,  183.338356,   15.149159,    1.920344
2018-08-02 00:00:00,  228.721545,   15.371443,    1.897143
2018-08-03 00:00:00,  221.057293,   15.372119,    1.896353
2018-08-04 00:00:00,  218.890549,   15.373150,    1.895586
2018-08-05 00:00:00,  213.564202,   15.374606,    1.894837
2018-08-06 00:00:00,  202.211022,   15.376534,    1.894102
2018-08-07 00:00:00,  215.284113,   15.433019,    1.887404
2018-08-08 00:00:00,  210.131702,   15.434794,    1.886661
2018-08-09 00:00:00,  207.074397,   15.437231,    1.885931
2018-08-10 00:00:00,  205.940603,   15.439627,    1.885164
2018-08-11 00:00:00,  203.667509,   15.442386,    1.884432
2018-08-12 00:00:00,  202.030583,   15.445520,    1.883727
2018-08-13 00:00:00,  382.546211,   15.449018,    1.883045
2018-08-14 00:00:00,  387.315839,   15.244261,    1.906073
2018-08-15 00:00:00,  417.821568,   15.252944,    1.905058
2018-08-16 00:00:00,  424.353131,   15.326805,    1.896509
2018-08-17 00:00:00,  420.580282,   15.338270,    1.895249
2018-08-18 00:00:00,  415.301043,   15.349767,    1.894038
2018-08-19 00:00:00,  410.946489,   15.361291,    1.892873
2018-08-20 00:00:00,  410.485002,   15.372840,    1.891751
2018-08-21 00:00:00,  520.459921,   15.384410,    1.890670
2018-08-22 00:00:00,  532.234001,   15.396000,    1.889626
2018-08-23 00:00:00,  529.519153,   15.407610,    1.888619
2018-08-24 00:00:00,  520.386878,   15.419233,    1.887647
2018-08-25 00:00:00,  511.456598,   15.482619,    1.880651
2018-08-26 00:00:00,  505.328514,   15.493784,    1.879821
2018-08-27 00:00:00,  497.631078,   15.504967,    1.879022
2018-08-28 00:00:00,  491.146279,   15.516169,    1.878254
2018-08-29 00:00:00,  484.722409,   15.527392,    1.877517
2018-08-30 00:00:00,  478.879377,   15.538635,    1.876810
2018-08-31 00:00:00,  474.774991,   15.549896,    1.876133
2018-09-01 00:00:00,  486.328112,   15.560661,    1.875439
2018-09-02 00:00:00,  482.802365,   15.571394,    1.874769
2018-09-03 00:00:00,  470.129744,   15.582604,    1.874168
2018-09-04 00:00:00,  462.779118,   15.593838,    1.873597
2018-09-05 00:00:00,  448.587182,   15.605097,    1.873055
2018-09-06 00:00:00,  436.681220,   15.616383,    1.872542
2018-09-07 00:00:00,  422.712872,   15.627697,    1.872058
2018-09-08 00:00:00,  410.742399,   15.639039,    1.871602
2018-09-09 00:00:00,  400.048349,   15.650412,    1.871176
2018-09-10 00:00:00,  389.784896,   15.618767,    1.876149
2018-09-11 00:00:00,  381.118458,   15.630778,    1.875757
2018-09-12 00:00:00,  371.126482,   15.642665,    1.875379
2018-09-13 00:00:00,  363.679443,   15.654475,    1.875018
2018-09-14 00:00:00,  358.442576,   15.666236,    1.874680
2018-09-15 00:00:00,  352.656244,   15.677969,    1.874364
2018-09-16 00:00:00,  337.748810,   15.689683,    1.874074
2018-09-17 00:00:00,  361.819282,   15.701392,    1.873809
2018-09-18 00:00:00,  490.647367,   15.713103,    1.873570
2018-09-19 00:00:00,  473.121254,   15.724826,    1.873357
2018-09-20 00:00:00,  460.137733,   15.736564,    1.873171
2018-09-21 00:00:00,  511.281399,   15.748327,    1.873012
2018-09-22 00:00:00,  505.497805,   15.760114,    1.872880
2018-09-23 00:00:00,  496.528969,   15.811171,    1.869528
2018-09-24 00:00:00,  486.472655,   15.823175,    1.869530
2018-09-25 00:00:00,  476.902809,   15.835222,    1.869560
2018-09-26 00:00:00,  464.146785,   15.847316,    1.869618
2018-09-27 00:00:00,  543.678809,   16.066287,    1.854677
2018-09-28 00:00:00,  533.671603,   16.079522,    1.855220
2018-09-29 00:00:00,  519.038576,   16.092832,    1.855789
2018-09-30 00:00:00,  502.750682,   16.106234,    1.856387
2018-10-01 00:00:00,  494.591851,   16.121634,    1.857219
2018-10-02 00:00:00,  561.806449,   16.137209,    1.858090
2018-10-03 00:00:00,  543.507526,   16.151050,    1.858793
2018-10-04 00:00:00,  530.851744,   16.165013,    1.859527
2018-10-05 00:00:00,  522.319475,   16.179100,    1.860291
2018-10-06 00:00:00,  509.303187,   16.193310,    1.861087
2018-10-07 00:00:00,  499.079489,   16.207649,    1.861914
2018-10-08 00:00:00,  490.278619,   16.221908,    1.862851
2018-10-09 00:00:00,  470.920837,   16.236554,    1.863737
2018-10-10 00:00:00,  450.138535,   16.251287,    1.864652
2018-10-11 00:00:00,  435.309345,   16.266130,    1.865597
2018-10-12 00:00:00,  420.143195,   16.281086,    1.866571
2018-10-13 00:00:00,  391.579748,   16.296152,    1.867575
2018-10-14 00:00:00,  376.768465,   16.311338,    1.868610
2018-10-15 00:00:00,  366.078081,   16.326644,    1.869673
2018-10-16 00:00:00,  342.159504,   16.342076,    1.870767
2018-10-17 00:00:00,  329.865245,   16.357633,    1.871889
2018-10-18 00:00:00,  381.911086,   16.373310,    1.873041
2018-10-19 00:00:00,  358.677692,   16.169567,    1.878793
2018-10-20 00:00:00,  339.182119,   16.183336,    1.879538
2018-10-21 00:00:00,  322.417740,   16.197197,    1.880311
2018-10-22 00:00:00,  315.982223,   16.211147,    1.881110
2018-10-23 00:00:00,  303.312725,   16.225167,    1.881934
2018-10-24 00:00:00,  290.966833,   16.239286,    1.882784
2018-10-25 00:00:00,  339.864941,   16.253489,    1.883658
2018-10-26 00:00:00,  340.597736,   16.267779,    1.884557
2018-10-27 00:00:00,  329.584839,   16.282154,    1.885480
2018-10-28 00:00:00,  313.715964,   16.296638,    1.886426
2018-10-29 00:00:00,  291.842365,   16.317833,    1.887250
2018-10-30 00:00:00,  271.175862,   16.332372,    1.888230
2018-10-31 00:00:00,  251.031868,   16.347025,    1.889238
2018-11-01 00:00:00,  233.504699,   16.359143,    1.889967
2018-11-02 00:00:00,  242.434589,   16.371302,    1.890712
2018-11-03 00:00:00,  239.106457,   16.386127,    1.891779
2018-11-04 00:00:00,  224.004966,   16.401025,    1.892869
2018-11-05 00:00:00,  290.718021,   16.416023,    1.893981
2018-11-06 00:00:00,  352.607280,   16.431084,    1.895115
2018-11-07 00:00:00,  330.852514,   16.446253,    1.896270
2018-11-08 00:00:00,  344.981809,   16.786778,    1.902932
2018-11-09 00:00:00,  330.803800,   16.805209,    1.904710
2018-11-10 00:00:00,  321.459094,   16.823747,    1.906512
2018-11-11 00:00:00,  301.776842,   16.842382,    1.908336
2018-11-12 00:00:00,  284.284442,   16.861109,    1.910180
2018-11-13 00:00:00,  267.868057,   16.879921,    1.912046
2018-11-14 00:00:00,  252.583113,   16.898802,    1.913930
2018-11-15 00:00:00,  228.861049,   16.917755,    1.915833
2018-11-16 00:00:00,  215.944782,   16.936795,    1.917754
2018-11-17 00:00:00,  213.412846,   16.955892,    1.919691
2018-11-18 00:00:00,  193.767291,   16.975037,    1.921645
2018-11-19 00:00:00,  173.604282,   16.994258,    1.923614
2018-11-20 00:00:00,  155.274128,   17.078955,    1.927939
2018-11-21 00:00:00,  140.471714,   17.098854,    1.930045
2018-11-22 00:00:00,  125.872889,   17.118796,    1.932163
2018-11-23 00:00:00,  105.937730,   17.138777,    1.934294
2018-11-24 00:00:00,   87.682102,   17.158791,    1.936435
2018-11-25 00:00:00,   79.431794,   17.178822,    1.938587
2018-11-26 00:00:00,   58.536720,   17.198869,    1.940749
2018-11-27 00:00:00,   43.687315,   17.218934,    1.942919
2018-11-28 00:00:00,   33.983072,   17.239012,    1.945097
2018-11-29 00:00:00,   22.065604,   17.150419,    1.941594
2018-11-30 00:00:00,   12.642511,   17.240231,    1.947092
2018-12-01 00:00:00,    4.075777,   17.263715,    1.949724
2018-12-02 00:00:00,    0.024881,   17.287151,    1.952348
2018-12-03 00:00:00,    0.000000,-9999.000000,-9999.000000
2018-12-04 00:00:00,    0.000000,-9999.000000,-9999.000000
2018-12-05 00:00:00,    0.000000,-9999.000000,-9999.000000
2018-12-06 00:00:00,   22.762250,   17.366594,    1.961025
2018-12-07 00:00:00,   29.991575,   17.386318,    1.963189
2018-12-08 00:00:00,   25.991329,   17.406015,    1.965350
2018-12-09 00:00:00,   21.525312,   17.425650,    1.967509
2018-12-10 00:00:00,   15.559139,   17.445262,    1.969666
2018-12-11 00:00:00,    9.863567,   17.464837,    1.971818
2018-12-12 00:00:00,  301.686203,   17.484343,    1.973966
2018-12-13 00:00:00,  288.558271,   17.503719,    1.976110
2018-12-14 00:00:00,  279.487337,   17.523033,    1.978247
2018-12-15 00:00:00,  269.118925,   17.542315,    1.980378
2018-12-16 00:00:00,  254.202753,   17.561488,    1.982501
2018-12-17 00:00:00,  243.040168,   17.580626,    1.984616
2018-12-18 00:00:00,  223.772045,   17.599672,    1.986722
2018-12-19 00:00:00,  203.858112,   17.618626,    1.988819
2018-12-20 00:00:00,  186.633998,   17.637486,    1.990904
2018-12-21 00:00:00,  169.231575,   17.656245,    1.992978
2018-12-22 00:00:00,  149.463984,   17.674898,    1.995040
2018-12-23 00:00:00,  127.431561,   17.693439,    1.997089
2018-12-24 00:00:00,  109.262978,   17.177154,    1.961935
2018-12-25 00:00:00,   90.074341,   17.192982,    1.963428
2018-12-26 00:00:00,   74.372274,   17.208751,    1.964914
2018-12-27 00:00:00,   57.713785,   17.224460,    1.966394
2018-12-28 00:00:00,   44.700799,   17.240097,    1.967866
2018-12-29 00:00:00,   34.853712,   17.255652,    1.969331
2018-12-30 00:00:00,   26.831845,   17.271149,    1.970786
2018-12-31 00:00:00,   17.818370,   17.286569,    1.972233
2019-01-01 00:00:00,    8.413790,   17.359732,    1.977836
2019-01-02 00:00:00,    1.668696,   17.372676,    1.978979
2019-01-03 00:00:00,    0.000000,-9999.000000,-9999.000000
2019-01-04 00:00:00,    0.000000,-9999.000000,-9999.000000
2019-01-05 00:00:00,    0.000000,-9999.000000,-9999.000000
2019-01-06 00:00:00,    0.000000,-9999.000000,-9999.000000
2019-01-07 00:00:00,    0.000000,-9999.000000,-9999.000000
2019-01-08 00:00:00,    0.000000,-9999.000000,-9999.000000
2019-01-09 00:00:00,    0.000000,-9999.000000,-9999.000000
2019-01-10 00:00:00,    0.000000,-9999.000000,-9999.000000
2019-01-11 00:00:00,    0.000000,-9999.000000,-9999.000000
2019-01-12 00:00:00,    0.000000,-9999.000000,-9999.000000
2019-01-13 00:00:00,    0.000000,-9999.000000,-9999.000000
2019-01-14 00:00:00,    0.000000,-9999.000000,-9999.000000
2019-01-15 00:00:00,    0.000000,-9999.000000,-9999.000000
2019-01-16 00:00:00,    0.000000,-9999.000000,-9999.000000
2019-01-17 00:00:00,    0.000000,-9999.000000,-9999.000000
2019-01-18 00:00:00,    0.000000,-9999.000000,-9999.000000
2019-01-19 00:00:00,    0.000000,-9999.000000,-9999.000000
2019-01-20 00:00:00,    0.000000,-9999.000000,-9999.000000
2019-01-21 00:00:00,    0.000000,-9999.000000,-9999.000000
2019-01-22 00:00:00,    0.000000,-9999.000000,-9999.000000
2019-01-23 00:00:00,    0.000000,-9999.000000,-9999.000000
2019-01-24 00:00:00,    0.000000,-9999.000000,-9999.000000
2019-01-25 00:00:00,    0.000000,-9999.000000,-9999.000000
2019-01-26 00:00:00,    0.000000,-9999.000000,-9999.000000
2019-01-27 00:00:00,    0.000000,-9999.000000,-9999.000000
2019-01-28 00:00:00,    0.000000,-9999.000000,-9999.000000
2019-01-29 00:00:00,    0.000000,-9999.000000,-9999.000000
2019-01-30 00:00:00,    0.000000,-9999.000000,-9999.000000
2019-01-31 00:00:00,    0.000000,-9999.000000,-9999.000000
2019-02-01 00:00:00,    0.000000,-9999.000000,-9999.000000
2019-02-02 00:00:00,    0.000000,-9999.000000,-9999.000000
2019-02-03 00:00:00,    0.000000,-9999.000000,-9999.000000
2019-02-04 00:00:00,    0.000000,-9999.000000,-9999.000000
2019-02-05 00:00:00,    0.000000,-9999.000000,-9999.000000
2019-02-06 00:00:00,    0.000000,-9999.000000,-9999.000000
2019-02-07 00:00:00,    0.000000,-9999.000000,-9999.000000
2019-02-08 00:00:00,    0.000000,-9999.000000,-9999.000000
2019-02-09 00:00:00,    0.000000,-9999.000000,-9999.000000
2019-02-10 00:00:00,    0.000000,-9999.000000,-9999.000000
2019-02-11 00:00:00,    0.000000,-9999.000000,-9999.000000
2019-02-12 00:00:00,    0.000000,-9999.000000,-9999.000000
2019-02-13 00:00:00,    0.000000,-9999.000000,-9999.000000
2019-02-14 00:00:00,    0.000000,-9999.000000,-9999.000000
2019-02-15 00:00:00,    0.000000,-9999.000000,-9999.000000
2019-02-16 00:00:00,    0.000000,-9999.000000,-9999.000000
2019-02-17 00:00:00,    0.000000,-9999.000000,-9999.000000
2019-02-18 00:00:00,    0.000000,-9999.000000,-9999.000000
2019-02-19 00:00:00,    0.000000,-9999.000000,-9999.000000
2019-02-20 00:00:00,    0.000000,-9999.000000,-9999.000000
2019-02-21 00:00:00,    0.000000,-9999.000000,-9999.000000
2019-02-22 00:00:00,    0.000000,-9999.000000,-9999.000000
2019-02-23 00:00:00,    0.000000,-9999.000000,-9999.000000
2019-02-24 00:00:00,    0.000000,-9999.000000,-9999.000000
2019-02-25 00:00:00,    0.000000,-9999.000000,-9999.000000
2019-02-26 00:00:00,    0.000000,-9999.000000,-9999.000000
2019-02-27 00:00:00,    0.000000,-9999.000000,-9999.000000
2019-02-28 00:00:00,    0.000000,-9999.000000,-9999.000000
2019-03-01 00:00:00,    0.000000,-9999.000000,-9999.000000
2019-03-02 00:00:00,    0.000000,-9999.000000,-9999.000000
2019-03-03 00:00:00,    0.000000,-9999.000000,-9999.000000
2019-03-04 00:00:00,    0.000000,-9999.000000,-9999.000000
2019-03-05 00:00:00,    0.000000,-9999.000000,-9999.000000
2019-03-06 00:00:00,    0.000000,-9999.000000,-9999.000000
2019-03-07 00:00:00,    0.000000,-9999.000000,-9999.000000
2019-03-08 00:00:00,    0.000000,-9999.000000,-9999.000000
2019-03-09 00:00:00,    0.000000,-9999.000000,-9999.000000
2019-03-10 00:00:00,    0.000000,-9999.000000,-9999.000000
2019-03-11 00:00:00,    0.000000,-9999.000000,-9999.000000
2019-03-12 00:00:00,    0.000000,-9999.000000,-9999.000000
2019-03-13 00:00:00,    0.000000,-9999.000000,-9999.000000
2019-03-14 00:00:00,    0.000000,-9999.000000,-9999.000000
2019-03-15 00:00:00,    0.000000,-9999.000000,-9999.000000
2019-03-16 00:00:00,    0.000000,-9999.000000,-9999.000000
2019-03-17 00:00:00,    0.000000,-9999.000000,-9999.000000
2019-03-18 00:00:00,    0.000000,-9999.000000,-9999.000000
2019-03-19 00:00:00,    0.000000,-9999.000000,-9999.000000
2019-03-20 00:00:00,    0.000000,-9999.000000,-9999.000000
2019-03-21 00:00:00,    0.000000,-9999.000000,-9999.000000
2019-03-22 00:00:00,    0.000000,-9999.000000,-9999.000000
2019-03-23 00:00:00,    0.000000,-9999.000000,-9999.000000
2019-03-24 00:00:00,    0.000000,-9999.000000,-9999.000000
2019-03-25 00:00:00,    0.000000,-9999.000000,-9999.000000
2019-03-26 00:00:00,    0.000000,-9999.000000,-9999.000000
2019-03-27 00:00:00,    0.000000,-9999.000000,-9999.000000
2019-03-28 00:00:00,    0.000000,-9999.000000,-9999.000000
2019-03-29 00:00:00,    0.000000,-9999.000000,-9999.000000
2019-03-30 00:00:00,    0.000000,-9999.000000,-9999.000000
2019-03-31 00:00:00,    0.000000,-9999.000000,-9999.000000
2019-04-01 00:00:00,    0.000000,-9999.000000,-9999.000000
2019-04-02 00:00:00,    0.000000,-9999.000000,-9999.000000
2019-04-03 00:00:00,    0.000000,-9999.000000,-9999.000000
2019-04-04 00:00:00,    0.000000,-9999.000000,-9999.000000
2019-04-05 00:00:00,    0.000000,-9999.000000,-9999.000000
2019-04-06 00:00:00,    0.000000,-9999.000000,-9999.000000
2019-04-07 00:00:00,    0.000000,-9999.000000,-9999.000000
2019-04-08 00:00:00,    0.000000,-9999.000000,-9999.000000
2019-04-09 00:00:00,    0.000000,-9999.000000,-9999.000000
2019-04-10 00:00:00,    0.000000,-9999.000000,-9999.000000
2019-04-11 00:00:00,    0.000000,-9999.000000,-9999.000000
2019-04-12 00:00:00,    0.000000,-9999.000000,-9999.000000
2019-04-13 00:00:00,    0.000000,-9999.000000,-9999.000000
2019-04-14 00:00:00,    0.000000,-9999.000000,-9999.000000
2019-04-15 00:00:00,    0.000000,-9999.000000,-9999.000000
2019-04-16 00:00:00,    0.000000,-9999.000000,-9999.000000
2019-04-17 00:00:00,    0.000000,-9999.000000,-9999.000000
2019-04-18 00:00:00,    0.000000,-9999.000000,-9999.000000
2019-04-19 00:00:00,    0.000000,-9999.000000,-9999.000000
2019-04-20 00:00:00,    0.000000,-9999.000000,-9999.000000
2019-04-21 00:00:00,    0.000000,-9999.000000,-9999.000000
2019-04-22 00:00:00,    0.000000,-9999.000000,-9999.000000
2019-04-23 00:00:00,    0.000000,-9999.000000,-9999.000000
2019-04-24 00:00:00,    0.000000,-9999.000000,-9999.000000
2019-04-25 00:00:00,    0.000000,-9999.000000,-9999.000000
2019-04-26 00:00:00,    0.000000,-9999.000000,-9999.000000
2019-04-27 00:00:00,    0.000000,-9999.000000,-9999.000000
2019-04-28 00:00:00,    0.000000,-9999.000000,-9999.000000
2019-04-29 00:00:00,    0.000000,-9999.000000,-9999.000000
2019-04-30 00:00:00,    0.000000,-9999.000000,-9999.000000
2019-05-01 00:00:00,    0.000000,-9999.000000,-9999.000000
2019-05-02 00:00:00,    0.000000,-9999.000000,-9999.000000
2019-05-03 00:00:00,    0.000000,-9999.000000,-9999.000000
2019-05-04 00:00:00,    0.000000,-9999.000000,-9999.000000
2019-05-05 00:00:00,    0.000000,-9999.000000,-9999.000000
2019-05-06 00:00:00,    0.000000,-9999.000000,-9999.000000
2019-05-07 00:00:00,    0.000000,-9999.000000,-9999.000000
2019-05-08 00:00:00,    0.000000,-9999.000000,-9999.000000
2019-05-09 00:00:00,    0.000000,-9999.000000,-9999.000000
2019-05-10 00:00:00,    0.000000,-9999.000000,-9999.000000
2019-05-11 00:00:00,    0.000000,-9999.000000,-9999.000000
2019-05-12 00:00:00,    0.000000,-9999.000000,-9999.000000
2019-05-13 00:00:00,    0.000000,-9999.000000,-9999.000000
2019-05-14 00:00:00,    0.000000,-9999.000000,-9999.000000
2019-05-15 00:00:00,    0.000000,-9999.000000,-9999.000000
2019-05-16 00:00:00,    0.000000,-9999.000000,-9999.000000
2019-05-17 00:00:00,    0.000000,-9999.000000,-9999.000000
2019-05-18 00:00:00,    0.000000,-9999.000000,-9999.000000
2019-05-19 00:00:00,    0.000000,-9999.000000,-9999.000000
2019-05-20 00:00:00,    0.000000,-9999.000000,-9999.000000
2019-05-21 00:00:00,    0.000000,-9999.000000,-9999.000000
2019-05-22 00:00:00,    0.000000,-9999.000000,-9999.000000
2019-05-23 00:00:00,    0.000000,-9999.000000,-9999.000000
2019-05-24 00:00:00,    0.000000,-9999.000000,-9999.000000
2019-05-25 00:00:00,    0.000000,-9999.000000,-9999.000000
2019-05-26 00:00:00,    0.000000,-9999.000000,-9999.000000
2019-05-27 00:00:00,    0.000000,-9999.000000,-9999.000000
2019-05-28 00:00:00,    0.000000,-9999.000000,-9999.000000
2019-05-29 00:00:00,    0.000000,-9999.000000,-9999.000000
2019-05-30 00:00:00,    0.000000,-9999.000000,-9999.000000
2019-05-31 00:00:00,    0.000000,-9999.000000,-9999.000000
2019-06-01 00:00:00,    0.000000,-9999.000000,-9999.000000
2019-06-02 00:00:00,    0.000000,-9999.000000,-9999.000000
2019-06-03 00:00:00,    0.000000,-9999.000000,-9999.000000
2019-06-04 00:00:00,    0.000000,-9999.000000,-9999.000000
2019-06-05 00:00:00,    0.000000,-9999.000000,-9999.000000
2019-06-06 00:00:00,    0.000000,-9999.000000,-9999.000000
2019-06-07 00:00:00,    0.000000,-9999.000000,-9999.000000
2019-06-08 00:00:00,    0.000000,-9999.000000,-9999.000000
2019-06-09 00:00:00,    0.000000,-9999.000000,-9999.000000
2019-06-10 00:00:00,    0.000000,-9999.000000,-9999.000000
2019-06-11 00:00:00,    0.000000,-9999.000000,-9999.000000
2019-06-12 00:00:00,    0.079322,   17.187682,    1.952923
2019-06-13 00:00:00,   24.260761,   17.069063,    1.944510
2019-06-14 00:00:00,   32.691621,   16.820469,    1.941703
2019-06-15 00:00:00,   77.400426,   16.641799,    1.933660
2019-06-16 00:00:00,   80.149911,   16.537171,    1.932709
2019-06-17 00:00:00,   83.681862,   16.631131,    1.927859
2019-06-18 00:00:00,   86.115288,   16.621823,    1.926589
2019-06-19 00:00:00,   87.296173,   16.585323,    1.926509
2019-06-20 00:00:00,  111.563309,   16.577298,    1.925314
2019-06-21 00:00:00,  142.581774,   16.569377,    1.924137
2019-06-22 00:00:00,  142.780587,   16.533825,    1.920706
2019-06-23 00:00:00,  144.002902,   16.447770,    1.920023
2019-06-24 00:00:00,  144.003964,   16.359210,    1.919371
2019-06-25 00:00:00,  141.725822,   16.215967,    1.918793
2019-06-26 00:00:00,  145.873813,   16.002221,    1.917726
2019-06-27 00:00:00,  204.929539,   16.064919,    1.902019
2019-06-28 00:00:00,  228.009635,   16.117614,    1.898845
2019-06-29 00:00:00,  235.140419,   16.053717,    1.897680
2019-06-30 00:00:00,  236.950280,   16.014283,    1.896061
2019-07-01 00:00:00,  236.790123,   15.944613,    1.897567
2019-07-02 00:00:00,  237.041365,   15.935041,    1.896315
2019-07-03 00:00:00,  237.166975,   15.927805,    1.895300
2019-07-04 00:00:00,  233.020318,   15.938356,    1.892175
2019-07-05 00:00:00,  229.609073,   15.847995,    1.891618
2019-07-06 00:00:00,  224.045476,   15.828875,    1.891400
2019-07-07 00:00:00,  252.505731,   15.873098,    1.888093
2019-07-08 00:00:00,  254.199684,   15.818404,    1.887141
2019-07-09 00:00:00,  249.107572,   15.827212,    1.886797
2019-07-10 00:00:00,  245.208951,   15.657811,    1.885969
2019-07-11 00:00:00,  429.107473,   15.560605,    1.870525
2019-07-12 00:00:00,  424.429225,   15.434960,    1.869956
2019-07-13 00:00:00,  421.696292,   15.268230,    1.869187
2019-07-14 00:00:00,  420.798377,   15.230961,    1.868538
2019-07-15 00:00:00,  419.495966,   15.185037,    1.867880
2019-07-16 00:00:00,  415.605829,   15.132215,    1.869403
2019-07-17 00:00:00,  492.695542,   15.177235,    1.866039
2019-07-18 00:00:00,  486.714947,   14.916843,    1.878867
2019-07-19 00:00:00,  482.046791,   14.918067,    1.878118
2019-07-20 00:00:00,  478.083766,   14.919306,    1.877383
2019-07-21 00:00:00,  474.069057,   15.159812,    1.858979
2019-07-22 00:00:00,  469.667094,   15.144558,    1.858554
2019-07-23 00:00:00,  464.895135,   15.073171,    1.861698
2019-07-24 00:00:00,  475.701983,   15.069641,    1.861082
2019-07-25 00:00:00,  466.594709,   15.272228,    1.856429
2019-07-26 00:00:00,  465.008528,   15.224046,    1.856197
2019-07-27 00:00:00,  461.961106,   15.128741,    1.855753
2019-07-28 00:00:00,  457.802238,   15.061025,    1.859229
2019-07-29 00:00:00,  451.613883,   15.058515,    1.858705
2019-07-30 00:00:00,  442.233068,   15.056221,    1.858200
2019-07-31 00:00:00,  429.885252,   15.364753,    1.855551
2019-08-01 00:00:00,  536.013910,   15.375278,    1.847252
2019-08-02 00:00:00,  574.017644,   15.421824,    1.845412
2019-08-03 00:00:00,  599.231270,   15.300933,    1.854014
2019-08-04 00:00:00,  613.223171,   15.523762,    1.839978
2019-08-05 00:00:00,  668.916405,   15.643328,    1.835798
2019-08-06 00:00:00,  659.687852,   15.597299,    1.839204
2019-08-07 00:00:00,  679.869500,   15.542397,    1.843505
2019-08-08 00:00:00,  714.285289,   15.645358,    1.834007
2019-08-09 00:00:00,  715.691624,   15.645003,    1.833577
2019-08-10 00:00:00,  703.664961,   15.644833,    1.833149
2019-08-11 00:00:00,  692.291622,   15.644907,    1.832746
2019-08-12 00:00:00,  685.929484,   15.645227,    1.832367
2019-08-13 00:00:00,  938.272467,   15.645787,    1.832012
2019-08-14 00:00:00,  918.257883,   15.646546,    1.831680
2019-08-15 00:00:00,  925.678877,   15.647568,    1.831369
2019-08-16 00:00:00,  911.747192,   15.648813,    1.831081
2019-08-17 00:00:00,  896.161372,   15.650301,    1.830815
2019-08-18 00:00:00,  883.223390,   15.652026,    1.830570
2019-08-19 00:00:00,  869.630082,   15.653976,    1.830344
2019-08-20 00:00:00,  859.137840,   15.656191,    1.830139
2019-08-21 00:00:00,  881.371452,   15.692998,    1.826609
2019-08-22 00:00:00,  872.894574,   15.695280,    1.826422
2019-08-23 00:00:00,  846.848761,   15.697797,    1.826262
2019-08-24 00:00:00,  834.808875,   15.700565,    1.826127
2019-08-25 00:00:00,  823.887299,   15.703570,    1.826017
2019-08-26 00:00:00,  811.663137,   15.706809,    1.825930
2019-08-27 00:00:00,  799.582848,   15.710309,    1.825865
2019-08-28 00:00:00,  790.847483,   15.714039,    1.825824
2019-08-29 00:00:00,  774.179693,   15.717991,    1.825804
2019-08-30 00:00:00,  761.664072,   15.722178,    1.825807
2019-08-31 00:00:00,  750.652268,   15.726599,    1.825832
2019-09-01 00:00:00,  773.414310,   15.730624,    1.825815
2019-09-02 00:00:00,  756.579612,   15.734790,    1.825815
2019-09-03 00:00:00,  743.735718,   15.739766,    1.825894
2019-09-04 00:00:00,  801.482075,   15.744958,    1.825995
2019-09-05 00:00:00,  849.542725,   15.750350,    1.826118
2019-09-06 00:00:00,  846.134275,   15.755967,    1.826264
2019-09-07 00:00:00,  827.629809,   15.761780,    1.826432
2019-09-08 00:00:00,  807.162810,   15.767834,    1.826623
2019-09-09 00:00:00,  786.023168,   15.774112,    1.826837
2019-09-10 00:00:00,  770.210648,   15.816378,    1.824072
2019-09-11 00:00:00,  763.638041,   15.787284,    1.827327
2019-09-12 00:00:00,  750.928905,   15.830214,    1.824690
2019-09-13 00:00:00,  726.640115,   15.801257,    1.827912
2019-09-14 00:00:00,  705.602017,   15.844931,    1.825408
2019-09-15 00:00:00,  687.618373,   15.852399,    1.825779
2019-09-16 00:00:00,  668.487342,   15.823802,    1.828959
2019-09-17 00:00:00,  646.238271,   15.868662,    1.826668
2019-09-18 00:00:00,  633.431668,   15.876786,    1.827117
2019-09-19 00:00:00,  762.450634,   15.885145,    1.827597
2019-09-20 00:00:00,  745.111016,   15.893734,    1.828107
2019-09-21 00:00:00,  712.065990,   15.865414,    1.831177
2019-09-22 00:00:00,  703.764220,   15.912465,    1.829270
2019-09-23 00:00:00,  686.276802,   15.921648,    1.829851
2019-09-24 00:00:00,  668.991495,   15.931082,    1.830463
2019-09-25 00:00:00,  655.744483,   15.940757,    1.831104
2019-09-26 00:00:00,  707.574633,   15.950647,    1.831775
2019-09-27 00:00:00,  720.379858,   15.960756,    1.832474
2019-09-28 00:00:00,  736.476609,   15.932125,    1.835314
2019-09-29 00:00:00,  721.836866,   15.982698,    1.834008
2019-09-30 00:00:00,  706.766263,   15.993408,    1.834777
2019-10-01 00:00:00,  691.473435,   16.006229,    1.835782
2019-10-02 00:00:00,  660.994805,   16.019335,    1.836825
2019-10-03 00:00:00,  651.267640,   16.030831,    1.837696
2019-10-04 00:00:00,  622.514822,   16.042515,    1.838596
2019-10-05 00:00:00,  609.625228,   16.054423,    1.839524
2019-10-06 00:00:00,  585.570683,   16.066537,    1.840479
2019-10-07 00:00:00,  562.541399,   16.078869,    1.841462
2019-10-08 00:00:00,  544.836414,   16.091403,    1.842472
2019-10-09 00:00:00,  524.096105,   16.104130,    1.843510
2019-10-10 00:00:00,  506.005623,   16.117064,    1.844575
2019-10-11 00:00:00,  477.237020,   16.130197,    1.845666
2019-10-12 00:00:00,  441.473656,   16.143527,    1.846784
2019-10-13 00:00:00,  430.381392,   16.157045,    1.847929
2019-10-14 00:00:00,  422.652826,   16.170739,    1.849101
2019-10-15 00:00:00,  400.533948,   16.184612,    1.850299
2019-10-16 00:00:00,  390.788168,   16.196709,    1.851605
2019-10-17 00:00:00,  380.718846,   16.210874,    1.852842
2019-10-18 00:00:00,  367.635338,   16.225254,    1.854109
2019-10-19 00:00:00,  360.392031,   16.239845,    1.855403
2019-10-20 00:00:00,  348.639290,   16.254618,    1.856724
2019-10-21 00:00:00,  335.280958,   16.269553,    1.858071
2019-10-22 00:00:00,  322.889506,   16.284684,    1.859443
2019-10-23 00:00:00,  308.473049,   16.299984,    1.860841
2019-10-24 00:00:00,  281.609163,   16.315430,    1.862264
2019-10-25 00:00:00,  261.952823,   16.331072,    1.863711
2019-10-26 00:00:00,  240.333354,   16.346877,    1.865182
2019-10-27 00:00:00,  220.594870,   16.362847,    1.866678
2019-10-28 00:00:00,  202.135419,   16.378975,    1.868197
2019-10-29 00:00:00,  192.479461,   16.395258,    1.869740
2019-10-30 00:00:00,  184.420735,   16.411685,    1.871305
2019-10-31 00:00:00,  167.336404,   16.428236,    1.872893
2019-11-01 00:00:00,  148.400308,   16.441191,    1.874059
2019-11-02 00:00:00,  137.502715,   16.454229,    1.875237
2019-11-03 00:00:00,  131.601827,   16.471092,    1.876876
2019-11-04 00:00:00,  121.919632,   16.488109,    1.878537
2019-11-05 00:00:00,  146.511677,   16.505238,    1.880218
2019-11-06 00:00:00,  149.155551,   16.522491,    1.881919
2019-11-07 00:00:00,  142.579264,   16.539873,    1.883641
2019-11-08 00:00:00,  133.154859,   16.557391,    1.885382
2019-11-09 00:00:00,  122.864256,   16.575049,    1.887142
2019-11-10 00:00:00,  116.911094,   16.592826,    1.888920
2019-11-11 00:00:00,  105.707407,   16.610709,    1.890717
2019-11-12 00:00:00,   90.949541,   16.628695,    1.892531
2019-11-13 00:00:00,   80.102453,   16.646794,    1.894362
2019-11-14 00:00:00,   70.605650,   16.664989,    1.896209
2019-11-15 00:00:00,   61.020548,   16.683270,    1.898072
2019-11-16 00:00:00,   52.251759,   16.701653,    1.899950
2019-11-17 00:00:00,   43.315261,   16.781243,    1.904073
2019-11-18 00:00:00,   35.848707,   16.800342,    1.906076
2019-11-19 00:00:00,   25.301622,   16.819520,    1.908092
2019-11-20 00:00:00,   20.248753,   16.838763,    1.910121
2019-11-21 00:00:00,   12.912633,   16.858070,    1.912162
2019-11-22 00:00:00,    7.455085,   16.877450,    1.914215
2019-11-23 00:00:00,    4.312546,   16.896887,    1.916279
2019-11-24 00:00:00,    1.181868,   16.916380,    1.918353
2019-11-25 00:00:00,    0.000000,-9999.000000,-9999.000000
2019-11-26 00:00:00,    0.000000,-9999.000000,-9999.000000
2019-11-27 00:00:00,    0.000000,-9999.000000,-9999.000000
2019-11-28 00:00:00,    0.000000,-9999.000000,-9999.000000
2019-11-29 00:00:00,    0.000000,-9999.000000,-9999.000000
2019-11-30 00:00:00,    0.000000,-9999.000000,-9999.000000
2019-12-01 00:00:00,    0.000000,-9999.000000,-9999.000000
2019-12-02 00:00:00,    0.000000,-9999.000000,-9999.000000
2019-12-03 00:00:00,    0.000000,-9999.000000,-9999.000000
2019-12-04 00:00:00,    0.000000,-9999.000000,-9999.000000
2019-12-05 00:00:00,    0.000000,-9999.000000,-9999.000000
2019-12-06 00:00:00,    0.000000,-9999.000000,-9999.000000
2019-12-07 00:00:00,    0.000000,-9999.000000,-9999.000000
2019-12-08 00:00:00,    0.000000,-9999.000000,-9999.000000
2019-12-09 00:00:00,    0.000000,-9999.000000,-9999.000000
2019-12-10 00:00:00,    0.000000,-9999.000000,-9999.000000
2019-12-11 00:00:00,    0.000000,-9999.000000,-9999.000000
2019-12-12 00:00:00,    0.000000,-9999.000000,-9999.000000
2019-12-13 00:00:00,    0.000000,-9999.000000,-9999.000000
2019-12-14 00:00:00,    0.000000,-9999.000000,-9999.000000
2019-12-15 00:00:00,    0.000000,-9999.000000,-9999.000000
2019-12-16 00:00:00,    0.000000,-9999.000000,-9999.000000
2019-12-17 00:00:00,    0.000000,-9999.000000,-9999.000000
2019-12-18 00:00:00,    0.000000,-9999.000000,-9999.000000
2019-12-19 00:00:00,    0.000000,-9999.000000,-9999.000000
2019-12-20 00:00:00,    0.000000,-9999.000000,-9999.000000
2019-12-21 00:00:00,    0.000000,-9999.000000,-9999.000000
2019-12-22 00:00:00,    0.000000,-9999.000000,-9999.000000
2019-12-23 00:00:00,    0.000000,-9999.000000,-9999.000000
2019-12-24 00:00:00,    0.000000,-9999.000000,-9999.000000
2019-12-25 00:00:00,    0.000000,-9999.000000,-9999.000000
2019-12-26 00:00:00,    0.000000,-9999.000000,-9999.000000
2019-12-27 00:00:00,    0.000000,-9999.000000,-9999.000000
2019-12-28 00:00:00,    0.000000,-9999.000000,-9999.000000
2019-12-29 00:00:00,    0.000000,-9999.000000,-9999.000000
2019-12-30 00:00:00,    0.000000,-9999.000000,-9999.000000
2019-12-31 00:00:00,    0.000000,-9999.000000,-9999.000000
2020-01-01 00:00:00,    0.000000,-9999.000000,-9999.000000
2020-01-02 00:00:00,    0.000000,-9999.000000,-9999.000000
2020-01-03 00:00:00,    0.000000,-9999.000000,-9999.000000
2020-01-04 00:00:00,    0.000000,-9999.000000,-9999.000000
2020-01-05 00:00:00,    0.000000,-9999.000000,-9999.000000
