time,temp,salt
2009-12-31 25:00:00,   24.586830,    0.862733
2010-01-01 25:00:00,   24.970065,    0.875137
2010-01-02 25:00:00,   25.267961,    0.876454
2010-01-03 25:00:00,   26.561361,    0.879449
2010-01-04 25:00:00,   26.482944,    0.883016
2010-01-05 25:00:00,   27.901540,    0.884768
2010-01-06 25:00:00,   28.391595,    0.887597
2010-01-07 25:00:00,   27.865420,    0.890324
2010-01-08 25:00:00,   27.852337,    0.891892
2010-01-09 25:00:00,   27.724885,    0.894125
2010-01-10 25:00:00,   26.536726,    0.896186
2010-01-11 25:00:00,   25.990050,    0.898460
2010-01-12 25:00:00,   25.957790,    0.900822
2010-01-13 25:00:00,   26.971769,    0.903851
2010-01-14 25:00:00,   27.140707,    0.906448
2010-01-15 25:00:00,   26.423601,    0.908156
2010-01-16 25:00:00,   26.804267,    0.910593
2010-01-17 25:00:00,   28.067029,    0.913877
2010-01-18 25:00:00,   28.728129,    0.918778
2010-01-19 25:00:00,   29.124529,    0.918966
2010-01-20 25:00:00,   28.496141,    0.921611
2010-01-21 25:00:00,   27.468890,    0.924461
2010-01-22 25:00:00,   27.614418,    0.925234
2010-01-23 25:00:00,   27.911791,    0.927797
2010-01-24 25:00:00,   28.562620,    0.930396
2010-01-25 25:00:00,   28.501297,    0.933277
2010-01-26 25:00:00,   28.610123,    0.935507
2010-01-27 25:00:00,   28.502621,    0.937351
2010-01-28 25:00:00,   28.644468,    0.940652
2010-01-29 25:00:00,   28.512978,    0.942245
2010-01-30 25:00:00,   27.308825,    0.944233
2010-01-31 25:00:00,   26.924123,    0.947055
2010-02-01 25:00:00,   27.018847,    0.949664
2010-02-02 25:00:00,   25.717728,    0.951014
2010-02-03 25:00:00,   25.018066,    0.952890
2010-02-04 25:00:00,   24.573847,    0.954262
2010-02-05 25:00:00,   24.855857,    0.955268
2010-02-06 25:00:00,   24.632292,    0.956492
2010-02-07 25:00:00,   26.080808,    0.958383
2010-02-08 25:00:00,   26.132241,    0.959438
2010-02-09 25:00:00,   27.417801,    0.960900
2010-02-10 25:00:00,   26.761526,    0.962233
2010-02-11 25:00:00,   27.511247,    0.964289
2010-02-12 25:00:00,   27.328652,    0.965700
2010-02-13 25:00:00,   27.822796,    0.968212
2010-02-14 25:00:00,   28.052886,    0.970167
2010-02-15 25:00:00,   27.679631,    0.971873
2010-02-16 25:00:00,   27.189862,    0.973444
2010-02-17 25:00:00,   28.048154,    0.976064
2010-02-18 25:00:00,   29.016939,    0.978460
2010-02-19 25:00:00,   27.348573,    0.979182
2010-02-20 25:00:00,   26.746610,    0.980286
2010-02-21 25:00:00,   26.233708,    0.981099
2010-02-22 25:00:00,   26.578465,    0.982376
2010-02-23 25:00:00,   26.267095,    0.983781
2010-02-24 25:00:00,   26.777978,    0.985297
2010-02-25 25:00:00,   27.521724,    0.988079
2010-02-26 25:00:00,   27.551532,    0.991462
2010-02-27 25:00:00,   27.829623,    0.995506
2010-02-28 25:00:00,   27.417050,    0.997602
2010-03-01 25:00:00,   27.551466,    1.000472
2010-03-02 25:00:00,   27.919496,    1.002662
2010-03-03 25:00:00,   27.106218,    1.004383
2010-03-04 25:00:00,   25.593542,    1.002502
2010-03-05 25:00:00,   25.096157,    1.002677
2010-03-06 25:00:00,   25.197018,    1.003241
2010-03-07 25:00:00,   25.929743,    1.005308
2010-03-08 25:00:00,   25.816361,    1.007141
2010-03-09 25:00:00,   25.863665,    1.008198
2010-03-10 25:00:00,   25.809040,    1.010003
2010-03-11 25:00:00,   26.195122,    1.012188
2010-03-12 25:00:00,   26.871488,    1.015314
2010-03-13 25:00:00,   26.551148,    1.015453
2010-03-14 25:00:00,   27.554858,    1.015734
2010-03-15 25:00:00,   26.891137,    1.017629
2010-03-16 25:00:00,   25.558640,    1.018824
2010-03-17 25:00:00,   25.115611,    1.018646
2010-03-18 25:00:00,   24.634316,    1.019950
2010-03-19 25:00:00,   23.956806,    1.018813
2010-03-20 25:00:00,   24.553669,    1.018870
2010-03-21 25:00:00,   25.629856,    1.021264
2010-03-22 25:00:00,   25.807380,    0.950606
2010-03-23 25:00:00,   26.126177,    0.963995
2010-03-24 25:00:00,   26.751982,    0.967021
2010-03-25 25:00:00,   26.090438,    0.973909
2010-03-26 25:00:00,   25.791433,    0.984321
2010-03-27 25:00:00,   24.995796,    0.989017
2010-03-28 25:00:00,   24.511823,    0.994884
2010-03-29 25:00:00,   24.568791,    0.997361
2010-03-30 25:00:00,   24.565885,    0.998760
2010-03-31 25:00:00,   24.319907,    1.000515
2010-04-01 25:00:00,   24.604462,    1.002296
2010-04-02 25:00:00,   24.659327,    1.003501
2010-04-03 25:00:00,   23.718181,    1.004374
2010-04-04 25:00:00,   23.112865,    1.004604
2010-04-05 25:00:00,   23.514521,    1.005514
2010-04-06 25:00:00,   22.962945,    1.005393
2010-04-07 25:00:00,   23.371761,    1.005844
2010-04-08 25:00:00,   23.600585,    1.006826
2010-04-09 25:00:00,   23.402580,    1.008209
2010-04-10 25:00:00,   23.043331,    1.009305
2010-04-11 25:00:00,   23.424380,    1.009546
2010-04-12 25:00:00,   21.928972,    1.009072
2010-04-13 25:00:00,   21.524808,    1.001666
2010-04-14 25:00:00,   21.145532,    1.000444
2010-04-15 25:00:00,   21.605564,    1.000571
2010-04-16 25:00:00,   22.355474,    1.001576
2010-04-17 25:00:00,   22.254644,    1.001959
2010-04-18 25:00:00,   22.646490,    1.002662
2010-04-19 25:00:00,   23.051643,    1.003400
2010-04-20 25:00:00,   23.555398,    1.004480
2010-04-21 25:00:00,   23.195263,    1.005340
2010-04-22 25:00:00,   22.166631,    1.006090
2010-04-23 25:00:00,   21.655475,    1.005770
2010-04-24 25:00:00,   21.485460,    1.006306
2010-04-25 25:00:00,   21.272496,    1.006295
2010-04-26 25:00:00,   21.386603,    1.007192
2010-04-27 25:00:00,   21.350637,    1.007554
2010-04-28 25:00:00,   21.448936,    1.008227
2010-04-29 25:00:00,   21.176630,    1.008416
2010-04-30 25:00:00,   21.196534,    1.008722
2010-05-01 25:00:00,   20.851680,    1.008851
2010-05-02 25:00:00,   21.020426,    1.008917
2010-05-03 25:00:00,   20.522073,    1.009125
2010-05-04 25:00:00,   20.234038,    1.008888
2010-05-05 25:00:00,   20.299324,    1.009028
2010-05-06 25:00:00,   20.072511,    1.009258
2010-05-07 25:00:00,   20.235262,    1.009475
2010-05-08 25:00:00,   20.064955,    1.009201
2010-05-09 25:00:00,   19.827993,    1.009469
2010-05-10 25:00:00,   19.487689,    1.009940
2010-05-11 25:00:00,   19.406595,    1.010218
2010-05-12 25:00:00,   19.441332,    1.010316
2010-05-13 25:00:00,   18.819943,    1.002792
2010-05-14 25:00:00,   18.601579,    1.003373
2010-05-15 25:00:00,   18.567951,    1.003919
2010-05-16 25:00:00,   18.410078,    1.004451
2010-05-17 25:00:00,   18.344631,    1.005042
2010-05-18 25:00:00,   18.039068,    1.005227
2010-05-19 25:00:00,   18.705377,    1.005609
2010-05-20 25:00:00,   18.758426,    1.005540
2010-05-21 25:00:00,   18.413338,    1.006498
2010-05-22 25:00:00,   18.680818,    0.985052
2010-05-23 25:00:00,   17.864543,    0.991884
2010-05-24 25:00:00,   17.932203,    0.995145
2010-05-25 25:00:00,   17.748195,    0.995728
2010-05-26 25:00:00,   17.678198,    0.989369
2010-05-27 25:00:00,   17.423546,    0.989182
2010-05-28 25:00:00,   17.866343,    0.991482
2010-05-29 25:00:00,   17.463664,    0.991650
2010-05-30 25:00:00,   17.720957,    0.992778
2010-05-31 25:00:00,   17.615793,    0.984870
2010-06-01 25:00:00,   17.635070,    0.990873
2010-06-02 25:00:00,   17.537257,    0.992500
2010-06-03 25:00:00,   17.674982,    0.993092
2010-06-04 25:00:00,   17.048768,    0.993082
2010-06-05 25:00:00,   17.190885,    0.995182
2010-06-06 25:00:00,   17.479771,    0.996180
2010-06-07 25:00:00,   17.208945,    0.996159
2010-06-08 25:00:00,   16.766558,    1.001467
2010-06-09 25:00:00,   16.529309,    1.012906
2010-06-10 25:00:00,   16.640301,    1.018519
2010-06-11 25:00:00,   16.210084,    1.025667
2010-06-12 25:00:00,   16.532927,    1.031544
2010-06-13 25:00:00,   16.254536,    1.032564
2010-06-14 25:00:00,   16.804941,    1.091870
2010-06-15 25:00:00,   16.398346,    1.085673
2010-06-16 25:00:00,   16.730704,    1.088727
2010-06-17 25:00:00,   16.456748,    1.089349
2010-06-18 25:00:00,   17.186936,    1.089650
2010-06-19 25:00:00,   17.166252,    1.089899
2010-06-20 25:00:00,   17.046666,    1.090453
2010-06-21 25:00:00,   17.181493,    1.090516
2010-06-22 25:00:00,   16.730502,    1.090137
2010-06-23 25:00:00,   16.612351,    1.079201
2010-06-24 25:00:00,   16.382040,    1.080310
2010-06-25 25:00:00,   16.241232,    1.083818
2010-06-26 25:00:00,   15.998492,    1.086140
2010-06-27 25:00:00,   15.588418,    1.086679
2010-06-28 25:00:00,   15.657908,    1.088231
2010-06-29 25:00:00,   15.485328,    1.088680
2010-06-30 25:00:00,   15.392460,    1.089285
2010-07-01 25:00:00,   15.229644,    1.089659
2010-07-02 25:00:00,   15.120606,    1.085823
2010-07-03 25:00:00,   15.037513,    1.087500
2010-07-04 25:00:00,   14.972740,    1.088036
2010-07-05 25:00:00,   15.096608,    1.089429
2010-07-06 25:00:00,   14.860191,    1.089724
2010-07-07 25:00:00,   14.760944,    1.090052
2010-07-08 25:00:00,   14.522700,    1.087445
2010-07-09 25:00:00,   14.161198,    1.083193
2010-07-10 25:00:00,   14.172319,    1.078461
2010-07-11 25:00:00,   14.346890,    1.073778
2010-07-12 25:00:00,   14.122007,    1.072079
2010-07-13 25:00:00,   14.414116,    1.071197
2010-07-14 25:00:00,   14.815454,    1.071036
2010-07-15 25:00:00,   14.277482,    1.071871
2010-07-16 25:00:00,   14.207551,    1.068958
2010-07-17 25:00:00,   14.262349,    1.069542
2010-07-18 25:00:00,   14.459312,    1.070039
2010-07-19 25:00:00,   14.619573,    1.069982
2010-07-20 25:00:00,   14.746183,    1.070555
2010-07-21 25:00:00,   15.012742,    1.070782
2010-07-22 25:00:00,   14.990223,    1.071308
2010-07-23 25:00:00,   14.916661,    1.071095
2010-07-24 25:00:00,   14.378161,    1.071514
2010-07-25 25:00:00,   14.437572,    1.071169
2010-07-26 25:00:00,   15.003385,    1.070316
2010-07-27 25:00:00,   15.279568,    1.068035
2010-07-28 25:00:00,   15.499729,    1.066014
2010-07-29 25:00:00,   15.231129,    1.063230
2010-07-30 25:00:00,   15.168686,    1.063639
2010-07-31 25:00:00,   15.865612,    1.063671
2010-08-01 25:00:00,   16.082728,    1.064481
2010-08-02 25:00:00,   15.990381,    1.064722
2010-08-03 25:00:00,   16.352100,    1.065480
2010-08-04 25:00:00,   16.391190,    1.065412
2010-08-05 25:00:00,   16.322565,    1.066045
2010-08-06 25:00:00,   16.311462,    1.066803
2010-08-07 25:00:00,   16.442931,    1.067506
2010-08-08 25:00:00,   16.136775,    1.068167
2010-08-09 25:00:00,   15.958217,    1.068469
2010-08-10 25:00:00,   15.409624,    1.068820
2010-08-11 25:00:00,   14.876718,    1.069884
2010-08-12 25:00:00,   14.889151,    1.054076
2010-08-13 25:00:00,   14.981521,    1.052648
2010-08-14 25:00:00,   15.518707,    1.052728
2010-08-15 25:00:00,   15.976163,    1.054168
2010-08-16 25:00:00,   15.417671,    1.053786
2010-08-17 25:00:00,   15.128798,    1.052870
2010-08-18 25:00:00,   14.927451,    1.053218
2010-08-19 25:00:00,   15.597477,    1.054631
2010-08-20 25:00:00,   15.059591,    1.048889
2010-08-21 25:00:00,   15.587588,    1.046742
2010-08-22 25:00:00,   15.622771,    1.046257
2010-08-23 25:00:00,   16.227090,    1.046414
2010-08-24 25:00:00,   16.210045,    1.046923
2010-08-25 25:00:00,   16.257778,    1.047955
2010-08-26 25:00:00,   16.578437,    1.048872
2010-08-27 25:00:00,   16.810036,    1.049505
2010-08-28 25:00:00,   17.127436,    1.049738
2010-08-29 25:00:00,   18.016097,    1.050704
2010-08-30 25:00:00,   18.119355,    1.051193
2010-08-31 25:00:00,   17.089077,    1.037017
2010-09-01 25:00:00,   16.650638,    1.039395
2010-09-02 25:00:00,   16.362679,    1.041590
2010-09-03 25:00:00,   18.000897,    1.039814
2010-09-04 25:00:00,   18.262550,    1.040604
2010-09-05 25:00:00,   18.496700,    1.042747
2010-09-06 25:00:00,   18.756812,    1.043145
2010-09-07 25:00:00,   17.711869,    1.030406
2010-09-08 25:00:00,   17.194554,    1.030320
2010-09-09 25:00:00,   17.199253,    1.029520
2010-09-10 25:00:00,   17.842408,    1.030764
2010-09-11 25:00:00,   17.198670,    1.031133
2010-09-12 25:00:00,   17.119725,    1.027268
2010-09-13 25:00:00,   17.246625,    1.028069
2010-09-14 25:00:00,   17.853390,    1.029731
2010-09-15 25:00:00,   17.370782,    1.032693
2010-09-16 25:00:00,   17.756486,    1.034886
2010-09-17 25:00:00,   18.200998,    1.036454
2010-09-18 25:00:00,   17.425034,    1.037758
2010-09-19 25:00:00,   18.272511,    1.039001
2010-09-20 25:00:00,   18.565992,    1.039536
2010-09-21 25:00:00,   19.183626,    1.041272
2010-09-22 25:00:00,   19.538599,    1.042161
2010-09-23 25:00:00,   20.450105,    1.043433
2010-09-24 25:00:00,   21.234963,    1.044453
2010-09-25 25:00:00,   21.619689,    1.045362
2010-09-26 25:00:00,   21.546603,    1.047166
2010-09-27 25:00:00,   21.373640,    1.047546
2010-09-28 25:00:00,   21.636099,    1.049554
2010-09-29 25:00:00,   21.347520,    1.051059
2010-09-30 25:00:00,   21.256924,    1.052696
2010-10-01 25:00:00,   22.105313,    1.054070
2010-10-02 25:00:00,   21.593282,    1.056274
2010-10-03 25:00:00,   22.268782,    1.057314
2010-10-04 25:00:00,   22.602871,    1.059481
2010-10-05 25:00:00,   21.561144,    1.059938
2010-10-06 25:00:00,   21.483647,    1.061814
2010-10-07 25:00:00,   21.953127,    1.063942
2010-10-08 25:00:00,   22.359457,    1.064119
2010-10-09 25:00:00,   23.407419,    1.069120
2010-10-10 25:00:00,   21.190342,    1.070353
2010-10-11 25:00:00,   21.000709,    1.071543
2010-10-12 25:00:00,   20.873599,    1.070182
2010-10-13 25:00:00,   21.058713,    1.071391
2010-10-14 25:00:00,   20.773206,    1.074109
2010-10-15 25:00:00,   20.865219,    1.076723
2010-10-16 25:00:00,   21.062005,    1.077508
2010-10-17 25:00:00,   21.822480,    1.079440
2010-10-18 25:00:00,   22.648752,    1.081324
2010-10-19 25:00:00,   23.875070,    1.081809
2010-10-20 25:00:00,   22.305297,    1.074215
2010-10-21 25:00:00,   22.209223,    1.077437
2010-10-22 25:00:00,   22.410347,    1.080011
2010-10-23 25:00:00,   22.235123,    1.081517
2010-10-24 25:00:00,   22.334802,    1.084144
2010-10-25 25:00:00,   22.518645,    1.085777
2010-10-26 25:00:00,   23.850582,    1.088062
2010-10-27 25:00:00,   22.750859,    1.089841
2010-10-28 25:00:00,   21.619807,    1.091880
2010-10-29 25:00:00,   21.736910,    1.092798
2010-10-30 25:00:00,   21.988971,    1.094331
2010-10-31 25:00:00,   22.384826,    1.097137
2010-11-01 25:00:00,   22.752302,    1.100132
2010-11-02 25:00:00,   23.678942,    1.104756
2010-11-03 25:00:00,   24.783287,    1.107916
2010-11-04 25:00:00,   23.798824,    1.109761
2010-11-05 25:00:00,   23.310873,    1.110777
2010-11-06 25:00:00,   23.803712,    1.113678
2010-11-07 25:00:00,   23.470018,    1.115354
2010-11-08 25:00:00,   24.269021,    1.115734
2010-11-09 25:00:00,   24.049242,    1.115732
2010-11-10 25:00:00,   23.537203,    1.113716
2010-11-11 25:00:00,   23.142883,    1.115696
2010-11-12 25:00:00,   22.708173,    1.118133
2010-11-13 25:00:00,   22.551914,    1.117027
2010-11-14 25:00:00,   22.620914,    1.118591
2010-11-15 25:00:00,   23.068382,    1.121331
2010-11-16 25:00:00,   23.558396,    1.123456
2010-11-17 25:00:00,   24.701961,    1.126636
2010-11-18 25:00:00,   25.510834,    1.130073
2010-11-19 25:00:00,   25.820484,    1.134159
2010-11-20 25:00:00,   26.198014,    1.135118
2010-11-21 25:00:00,   26.438049,    1.135640
2010-11-22 25:00:00,   26.199984,    1.138711
2010-11-23 25:00:00,   25.289812,    1.141090
2010-11-24 25:00:00,   25.464270,    1.143286
2010-11-25 25:00:00,   25.330127,    1.145445
2010-11-26 25:00:00,   25.612872,    1.149606
2010-11-27 25:00:00,   25.590126,    1.150703
2010-11-28 25:00:00,   25.786840,    1.153706
2010-11-29 25:00:00,   26.282686,    1.158929
2010-11-30 25:00:00,   26.269014,    1.158802
2010-12-01 25:00:00,   24.637465,    1.158416
2010-12-02 25:00:00,   23.969476,    1.160038
2010-12-03 25:00:00,   23.564845,    1.159169
2010-12-04 25:00:00,   24.025831,    1.160006
2010-12-05 25:00:00,   23.780702,    1.160120
2010-12-06 25:00:00,   23.124833,    1.159889
2010-12-07 25:00:00,   23.898243,    1.158353
2010-12-08 25:00:00,   23.544171,    1.160607
2010-12-09 25:00:00,   23.686507,    1.162363
2010-12-10 25:00:00,   23.912917,    1.163688
2010-12-11 25:00:00,   24.434338,    1.165739
2010-12-12 25:00:00,   25.790775,    1.169478
2010-12-13 25:00:00,   25.001068,    1.172570
2010-12-14 25:00:00,   24.627536,    1.175066
2010-12-15 25:00:00,   24.790079,    1.176370
2010-12-16 25:00:00,   25.170331,    1.179557
2010-12-17 25:00:00,   25.456645,    1.183431
2010-12-18 25:00:00,   25.336244,    1.186540
2010-12-19 25:00:00,   24.792855,    1.188444
2010-12-20 25:00:00,   22.896455,    1.179137
2010-12-21 25:00:00,   23.124121,    1.180243
2010-12-22 25:00:00,   23.293796,    1.181063
2010-12-23 25:00:00,   24.131171,    1.182290
2010-12-24 25:00:00,   27.203415,    1.183372
2010-12-25 25:00:00,   28.236560,    1.187716
2010-12-26 25:00:00,   27.705435,    1.193008
2010-12-27 25:00:00,   27.630273,    1.197011
2010-12-28 25:00:00,   27.345760,    1.201189
2010-12-29 25:00:00,   27.321970,    1.202974
2010-12-30 25:00:00,   27.413924,    1.206618
2010-12-31 25:00:00,   26.836323,    1.210273
2011-01-01 25:00:00,   27.082285,    1.212515
2011-01-02 25:00:00,   27.810053,    1.215916
2011-01-03 25:00:00,   27.803517,    1.215860
2011-01-04 25:00:00,   29.590237,    1.219066
2011-01-05 25:00:00,   28.627551,    1.203719
2011-01-06 25:00:00,   28.330648,    1.209538
2011-01-07 25:00:00,   27.658689,    1.212916
2011-01-08 25:00:00,   27.820314,    1.215944
2011-01-09 25:00:00,   28.322956,    1.219660
2011-01-10 25:00:00,   28.215636,    1.223396
2011-01-11 25:00:00,   28.437427,    1.227225
2011-01-12 25:00:00,   28.179145,    1.230457
2011-01-13 25:00:00,   28.181685,    1.233629
2011-01-14 25:00:00,   27.362980,    1.235887
2011-01-15 25:00:00,   26.895437,    1.236021
2011-01-16 25:00:00,   27.244402,    1.238297
2011-01-17 25:00:00,   27.728887,    1.241702
2011-01-18 25:00:00,   28.061072,    1.245335
2011-01-19 25:00:00,   27.582355,    1.242640
2011-01-20 25:00:00,   27.254322,    1.243529
2011-01-21 25:00:00,   26.827751,    1.244649
2011-01-22 25:00:00,   26.806169,    1.246165
2011-01-23 25:00:00,   26.544222,    1.246695
2011-01-24 25:00:00,   25.094252,    1.232253
2011-01-25 25:00:00,   25.610096,    1.235115
2011-01-26 25:00:00,   26.021206,    1.238229
2011-01-27 25:00:00,   27.382660,    1.240545
2011-01-28 25:00:00,   28.878157,    1.242060
2011-01-29 25:00:00,   30.064469,    1.244685
2011-01-30 25:00:00,   30.682075,    1.248968
2011-01-31 25:00:00,   28.602498,    1.249004
2011-02-01 25:00:00,   27.936988,    1.251965
2011-02-02 25:00:00,   28.045786,    1.254912
2011-02-03 25:00:00,   28.239649,    1.257986
2011-02-04 25:00:00,   28.163475,    1.261193
2011-02-05 25:00:00,   26.719365,    1.261171
2011-02-06 25:00:00,   25.719259,    1.261269
2011-02-07 25:00:00,   26.569392,    1.264839
2011-02-08 25:00:00,   27.576777,    1.266706
2011-02-09 25:00:00,   28.764778,    1.269776
2011-02-10 25:00:00,   28.783302,    1.274224
2011-02-11 25:00:00,   27.846085,    1.278423
2011-02-12 25:00:00,   27.126909,    1.280999
2011-02-13 25:00:00,   27.506568,    1.282072
2011-02-14 25:00:00,   28.335661,    1.284820
2011-02-15 25:00:00,   28.687468,    1.289071
2011-02-16 25:00:00,   28.930632,    1.292024
2011-02-17 25:00:00,   28.641299,    1.295820
2011-02-18 25:00:00,   29.180614,    1.299235
2011-02-19 25:00:00,   28.658783,    1.302053
2011-02-20 25:00:00,   26.793393,    1.297995
2011-02-21 25:00:00,   27.808820,    1.295503
2011-02-22 25:00:00,   27.923525,    1.300269
2011-02-23 25:00:00,   28.628285,    1.302162
2011-02-24 25:00:00,   28.808512,    1.304090
2011-02-25 25:00:00,   30.012987,    1.306503
2011-02-26 25:00:00,   31.409447,    1.308987
2011-02-27 25:00:00,   31.389790,    1.312899
2011-02-28 25:00:00,   31.296193,    1.317515
2011-03-01 25:00:00,   29.893581,    1.321858
2011-03-02 25:00:00,   29.487775,    1.321988
2011-03-03 25:00:00,   29.132186,    1.324629
2011-03-04 25:00:00,   29.442216,    1.326522
2011-03-05 25:00:00,   28.709422,    1.328239
2011-03-06 25:00:00,   27.825326,    1.327455
2011-03-07 25:00:00,   27.267314,    1.326914
2011-03-08 25:00:00,   26.719674,    1.328045
2011-03-09 25:00:00,   26.509260,    1.318262
2011-03-10 25:00:00,   26.833858,    1.315988
2011-03-11 25:00:00,   26.421030,    1.318595
2011-03-12 25:00:00,   25.577309,    1.317521
2011-03-13 25:00:00,   25.366861,    1.313225
2011-03-14 25:00:00,   26.126584,    1.314569
2011-03-15 25:00:00,   25.647004,    1.317976
2011-03-16 25:00:00,   25.982412,    1.320515
2011-03-17 25:00:00,   26.436337,    1.321158
2011-03-18 25:00:00,   27.192807,    1.323384
2011-03-19 25:00:00,   26.412113,    1.326413
2011-03-20 25:00:00,   25.543666,    1.328077
2011-03-21 25:00:00,   25.510451,    1.327077
2011-03-22 25:00:00,   26.352859,    1.329495
2011-03-23 25:00:00,   26.534517,    1.330877
2011-03-24 25:00:00,   26.951420,    1.334199
2011-03-25 25:00:00,   27.115436,    1.336448
2011-03-26 25:00:00,   27.040826,    1.339221
2011-03-27 25:00:00,   27.196069,    1.340458
2011-03-28 25:00:00,   26.864740,    1.342387
2011-03-29 25:00:00,   26.465286,    1.343248
2011-03-30 25:00:00,   26.100118,    1.340610
2011-03-31 25:00:00,   26.218868,    1.341550
2011-04-01 25:00:00,   25.758707,    1.342907
2011-04-02 25:00:00,   25.260769,    1.344191
2011-04-03 25:00:00,   25.120233,    1.341761
2011-04-04 25:00:00,   24.779152,    1.342718
2011-04-05 25:00:00,   25.096213,    1.342961
2011-04-06 25:00:00,   25.122932,    1.344308
2011-04-07 25:00:00,   24.103791,    1.340150
2011-04-08 25:00:00,   23.668408,    1.336741
2011-04-09 25:00:00,   22.847420,    1.331640
2011-04-10 25:00:00,   22.327381,    1.324642
2011-04-11 25:00:00,   22.615554,    1.305045
2011-04-12 25:00:00,   22.447965,    1.310120
2011-04-13 25:00:00,   23.022758,    1.310960
2011-04-14 25:00:00,   22.949624,    1.311640
2011-04-15 25:00:00,   22.853920,    1.313396
2011-04-16 25:00:00,   23.084857,    1.314943
2011-04-17 25:00:00,   22.596059,    1.314807
2011-04-18 25:00:00,   22.320844,    1.315893
2011-04-19 25:00:00,   22.095801,    1.315390
2011-04-20 25:00:00,   21.704466,    1.313060
2011-04-21 25:00:00,   21.799782,    1.310312
2011-04-22 25:00:00,   22.580583,    1.310476
2011-04-23 25:00:00,   22.950293,    1.310525
2011-04-24 25:00:00,   23.417809,    1.312058
2011-04-25 25:00:00,   23.815024,    1.313015
2011-04-26 25:00:00,   23.502299,    1.305826
2011-04-27 25:00:00,   22.163179,    1.304020
2011-04-28 25:00:00,   21.409674,    1.304287
2011-04-29 25:00:00,   21.299687,    1.304693
2011-04-30 25:00:00,   21.264803,    1.303571
2011-05-01 25:00:00,   21.303125,    1.303442
2011-05-02 25:00:00,   21.379104,    1.304174
2011-05-03 25:00:00,   21.382932,    1.304827
2011-05-04 25:00:00,   21.539098,    1.305812
2011-05-05 25:00:00,   21.198215,    1.306116
2011-05-06 25:00:00,   20.816336,    1.305553
2011-05-07 25:00:00,   20.490629,    1.302050
2011-05-08 25:00:00,   20.482122,    1.301856
2011-05-09 25:00:00,   20.180594,    1.302405
2011-05-10 25:00:00,   20.227898,    1.302613
2011-05-11 25:00:00,   19.987715,    1.301064
2011-05-12 25:00:00,   19.703338,    1.301447
2011-05-13 25:00:00,   19.430451,    1.300427
2011-05-14 25:00:00,   19.121467,    1.300508
2011-05-15 25:00:00,   18.740287,    1.298167
2011-05-16 25:00:00,   18.880843,    1.295214
2011-05-17 25:00:00,   18.902718,    1.294494
2011-05-18 25:00:00,   19.229047,    1.288743
2011-05-19 25:00:00,   18.986490,    1.288779
2011-05-20 25:00:00,   18.656158,    1.280047
2011-05-21 25:00:00,   18.508233,    1.281233
2011-05-22 25:00:00,   18.651928,    1.281591
2011-05-23 25:00:00,   19.022559,    1.282309
2011-05-24 25:00:00,   18.455104,    1.282547
2011-05-25 25:00:00,   18.150537,    1.282502
2011-05-26 25:00:00,   18.122764,    1.284524
2011-05-27 25:00:00,   18.235544,    1.285598
2011-05-28 25:00:00,   18.422032,    1.286063
2011-05-29 25:00:00,   18.191082,    1.284345
2011-05-30 25:00:00,   18.396538,    1.276268
2011-05-31 25:00:00,   18.526342,    1.276708
2011-06-01 25:00:00,   18.597891,    1.261266
2011-06-02 25:00:00,   18.423784,    1.265414
2011-06-03 25:00:00,   18.310272,    1.267888
2011-06-04 25:00:00,   17.768913,    1.271384
2011-06-05 25:00:00,   17.582603,    1.277926
2011-06-06 25:00:00,   17.431195,    1.283647
2011-06-07 25:00:00,   17.244727,    1.287493
2011-06-08 25:00:00,   17.103330,    1.291523
2011-06-09 25:00:00,   16.946745,    1.292855
2011-06-10 25:00:00,   16.699902,    1.303864
2011-06-11 25:00:00,   16.533518,    1.338999
2011-06-12 25:00:00,   16.486389,    1.371709
2011-06-13 25:00:00,   16.158148,    1.384292
2011-06-14 25:00:00,   15.903275,    1.383756
2011-06-15 25:00:00,   15.952297,    1.381511
2011-06-16 25:00:00,   16.337815,    1.382269
2011-06-17 25:00:00,   15.926638,    1.382116
2011-06-18 25:00:00,   16.012728,    1.380754
2011-06-19 25:00:00,   16.105722,    1.381245
2011-06-20 25:00:00,   16.253668,    1.381318
2011-06-21 25:00:00,   16.571544,    1.381605
2011-06-22 25:00:00,   16.450081,    1.381522
2011-06-23 25:00:00,   16.684617,    1.381062
2011-06-24 25:00:00,   16.788083,    1.366920
2011-06-25 25:00:00,   16.863891,    1.367097
2011-06-26 25:00:00,   16.995877,    1.369647
2011-06-27 25:00:00,   16.796842,    1.369661
2011-06-28 25:00:00,   16.658641,    1.353720
2011-06-29 25:00:00,   16.740568,    1.346154
2011-06-30 25:00:00,   16.351763,    1.342928
2011-07-01 25:00:00,   16.166829,    1.342651
2011-07-02 25:00:00,   15.866609,    1.341539
2011-07-03 25:00:00,   15.687135,    1.339590
2011-07-04 25:00:00,   15.682286,    1.340354
2011-07-05 25:00:00,   15.832242,    1.340968
2011-07-06 25:00:00,   15.569368,    1.341026
2011-07-07 25:00:00,   15.300998,    1.341419
2011-07-08 25:00:00,   15.152401,    1.341775
2011-07-09 25:00:00,   15.065146,    1.342226
2011-07-10 25:00:00,   14.848769,    1.342416
2011-07-11 25:00:00,   14.639931,    1.337477
2011-07-12 25:00:00,   15.093641,    1.337988
2011-07-13 25:00:00,   15.594440,    1.338107
2011-07-14 25:00:00,   15.883390,    1.338708
2011-07-15 25:00:00,   15.569692,    1.328858
2011-07-16 25:00:00,   15.890102,    1.330019
2011-07-17 25:00:00,   15.604427,    1.330758
2011-07-18 25:00:00,   15.795653,    1.331513
2011-07-19 25:00:00,   15.687181,    1.330879
2011-07-20 25:00:00,   15.387556,    1.271341
2011-07-21 25:00:00,   15.549087,    1.302003
2011-07-22 25:00:00,   15.385171,    1.281210
2011-07-23 25:00:00,   15.572325,    1.293371
2011-07-24 25:00:00,   15.563589,    1.296149
2011-07-25 25:00:00,   15.419204,    1.291541
2011-07-26 25:00:00,   16.014393,    1.291822
2011-07-27 25:00:00,   15.796109,    1.287386
2011-07-28 25:00:00,   16.274638,    1.278868
2011-07-29 25:00:00,   16.152094,    1.281978
2011-07-30 25:00:00,   16.431392,    1.277815
2011-07-31 25:00:00,   16.488828,    1.276954
2011-08-01 25:00:00,   16.659078,    1.276196
2011-08-02 25:00:00,   16.750878,    1.270989
2011-08-03 25:00:00,   16.437367,    1.272950
2011-08-04 25:00:00,   16.773556,    1.274445
2011-08-05 25:00:00,   16.316941,    1.274411
2011-08-06 25:00:00,   16.168964,    1.275895
2011-08-07 25:00:00,   16.969506,    1.274983
2011-08-08 25:00:00,   16.377939,    1.275496
2011-08-09 25:00:00,   16.637638,    1.276000
2011-08-10 25:00:00,   16.713871,    1.276936
2011-08-11 25:00:00,   16.633229,    1.277284
2011-08-12 25:00:00,   17.265407,    1.277154
2011-08-13 25:00:00,   17.558036,    1.229812
2011-08-14 25:00:00,   17.004406,    1.245173
2011-08-15 25:00:00,   16.449613,    1.253340
2011-08-16 25:00:00,   16.183505,    1.253021
2011-08-17 25:00:00,   16.409098,    1.253863
2011-08-18 25:00:00,   16.624548,    1.254704
2011-08-19 25:00:00,   17.273456,    1.254436
2011-08-20 25:00:00,   17.935719,    1.254951
2011-08-21 25:00:00,   18.346829,    1.231659
2011-08-22 25:00:00,   18.600271,    1.235694
2011-08-23 25:00:00,   18.197026,    1.234790
2011-08-24 25:00:00,   17.835761,    1.236241
2011-08-25 25:00:00,   18.137799,    1.237682
2011-08-26 25:00:00,   18.546818,    1.237540
2011-08-27 25:00:00,   18.747918,    1.239402
2011-08-28 25:00:00,   18.724648,    1.240161
2011-08-29 25:00:00,   19.407753,    1.240765
2011-08-30 25:00:00,   19.859918,    1.241331
2011-08-31 25:00:00,   20.730809,    1.242303
2011-09-01 25:00:00,   20.450321,    1.238311
2011-09-02 25:00:00,   18.971549,    1.237102
2011-09-03 25:00:00,   18.273163,    1.238259
2011-09-04 25:00:00,   18.228624,    1.238832
2011-09-05 25:00:00,   18.064874,    1.240705
2011-09-06 25:00:00,   18.032881,    1.241826
2011-09-07 25:00:00,   17.866372,    1.243169
2011-09-08 25:00:00,   17.869381,    1.244878
2011-09-09 25:00:00,   18.508180,    1.246389
2011-09-10 25:00:00,   18.735516,    1.247927
2011-09-11 25:00:00,   19.352020,    1.249198
2011-09-12 25:00:00,   19.776678,    1.250364
2011-09-13 25:00:00,   20.426893,    1.252141
2011-09-14 25:00:00,   20.961033,    1.252026
2011-09-15 25:00:00,   21.263979,    1.253475
2011-09-16 25:00:00,   20.870674,    1.254864
2011-09-17 25:00:00,   20.414171,    1.248663
2011-09-18 25:00:00,   19.186165,    1.225683
2011-09-19 25:00:00,   18.883382,    1.230030
2011-09-20 25:00:00,   19.402744,    1.231338
2011-09-21 25:00:00,   18.574782,    1.222506
2011-09-22 25:00:00,   18.205276,    1.223640
2011-09-23 25:00:00,   19.380821,    1.225505
2011-09-24 25:00:00,   19.488030,    1.226399
2011-09-25 25:00:00,   20.056873,    1.227562
2011-09-26 25:00:00,   18.949415,    1.227984
2011-09-27 25:00:00,   17.923884,    1.215288
2011-09-28 25:00:00,   18.882992,    1.216992
2011-09-29 25:00:00,   19.084539,    1.219295
2011-09-30 25:00:00,   18.949415,    1.221129
2011-10-01 25:00:00,   20.849967,    1.222143
2011-10-02 25:00:00,   20.321635,    1.206502
2011-10-03 25:00:00,   20.428786,    1.211041
2011-10-04 25:00:00,   21.272058,    1.212960
2011-10-05 25:00:00,   21.689087,    1.214566
2011-10-06 25:00:00,   22.291543,    1.216029
2011-10-07 25:00:00,   23.199975,    1.217767
2011-10-08 25:00:00,   23.935124,    1.219554
2011-10-09 25:00:00,   23.015093,    1.222241
2011-10-10 25:00:00,   23.600417,    1.224973
2011-10-11 25:00:00,   23.781041,    1.225741
2011-10-12 25:00:00,   23.823525,    1.228200
2011-10-13 25:00:00,   22.648116,    1.230991
2011-10-14 25:00:00,   22.648148,    1.233593
2011-10-15 25:00:00,   23.308959,    1.234868
2011-10-16 25:00:00,   23.887456,    1.238693
2011-10-17 25:00:00,   23.772588,    1.240993
2011-10-18 25:00:00,   22.761959,    1.227202
2011-10-19 25:00:00,   22.491458,    1.230387
2011-10-20 25:00:00,   22.478733,    1.232485
2011-10-21 25:00:00,   23.092879,    1.234621
2011-10-22 25:00:00,   22.791191,    1.235618
2011-10-23 25:00:00,   22.973045,    1.237846
2011-10-24 25:00:00,   22.379661,    1.238952
2011-10-25 25:00:00,   22.466622,    1.229349
2011-10-26 25:00:00,   22.576169,    1.229389
2011-10-27 25:00:00,   23.680347,    1.232249
2011-10-28 25:00:00,   23.154265,    1.233923
2011-10-29 25:00:00,   23.494896,    1.237299
2011-10-30 25:00:00,   23.599280,    1.240032
2011-10-31 25:00:00,   24.182800,    1.243857
2011-11-01 25:00:00,   24.915007,    1.246861
2011-11-02 25:00:00,   26.123308,    1.240902
2011-11-03 25:00:00,   25.753432,    1.243557
2011-11-04 25:00:00,   25.571050,    1.248029
2011-11-05 25:00:00,   23.808730,    1.230996
2011-11-06 25:00:00,   24.251506,    1.211993
2011-11-07 25:00:00,   23.219806,    1.219938
2011-11-08 25:00:00,   21.812692,    1.217423
2011-11-09 25:00:00,   22.783390,    1.221869
2011-11-10 25:00:00,   24.149306,    1.224153
2011-11-11 25:00:00,   23.979268,    1.227872
2011-11-12 25:00:00,   24.600042,    1.231268
2011-11-13 25:00:00,   24.750246,    1.234567
2011-11-14 25:00:00,   24.684945,    1.237484
2011-11-15 25:00:00,   24.069577,    1.236836
2011-11-16 25:00:00,   24.791652,    1.239621
2011-11-17 25:00:00,   24.349852,    1.238614
2011-11-18 25:00:00,   24.254368,    1.242197
2011-11-19 25:00:00,   24.029804,    1.244636
2011-11-20 25:00:00,   24.205707,    1.247991
2011-11-21 25:00:00,   24.342392,    1.249338
2011-11-22 25:00:00,   25.343345,    1.253093
2011-11-23 25:00:00,   26.120747,    1.259335
2011-11-24 25:00:00,   25.903869,    1.262959
2011-11-25 25:00:00,   26.197564,    1.267130
2011-11-26 25:00:00,   24.513293,    1.268817
2011-11-27 25:00:00,   23.681742,    1.268839
2011-11-28 25:00:00,   23.644720,    1.272162
2011-11-29 25:00:00,   23.404043,    1.275739
2011-11-30 25:00:00,   23.744025,    1.277703
2011-12-01 25:00:00,   24.258350,    1.283000
2011-12-02 25:00:00,   24.821001,    1.287272
2011-12-03 25:00:00,   25.632619,    1.292979
2011-12-04 25:00:00,   26.258632,    1.295070
2011-12-05 25:00:00,   27.121688,    1.300722
2011-12-06 25:00:00,   25.494206,    1.262761
2011-12-07 25:00:00,   25.752221,    1.259850
2011-12-08 25:00:00,   25.137380,    1.262967
2011-12-09 25:00:00,   25.627411,    1.267460
2011-12-10 25:00:00,   26.689030,    1.272003
2011-12-11 25:00:00,   26.923956,    1.274785
2011-12-12 25:00:00,   24.543297,    1.192298
2011-12-13 25:00:00,   23.519615,    1.200958
2011-12-14 25:00:00,   25.228897,    1.208411
2011-12-15 25:00:00,   24.465955,    1.211255
2011-12-16 25:00:00,   25.693015,    1.213983
2011-12-17 25:00:00,   26.609876,    1.217807
2011-12-18 25:00:00,   26.637942,    1.221407
2011-12-19 25:00:00,   26.553097,    1.225701
2011-12-20 25:00:00,   27.042359,    1.229479
2011-12-21 25:00:00,   27.230628,    1.232970
2011-12-22 25:00:00,   27.200312,    1.236965
2011-12-23 25:00:00,   26.862472,    1.240358
2011-12-24 25:00:00,   26.860781,    1.242108
2011-12-25 25:00:00,   26.834299,    1.247755
2011-12-26 25:00:00,   27.098237,    1.252158
2011-12-27 25:00:00,   27.189088,    1.257312
2011-12-28 25:00:00,   27.181046,    1.260262
2011-12-29 25:00:00,   28.578355,    1.266186
2011-12-30 25:00:00,   28.835790,    1.270206
2011-12-31 25:00:00,   28.419512,    1.274222
2012-01-01 25:00:00,   27.866557,    1.275337
2012-01-02 25:00:00,   27.678623,    1.278605
2012-01-03 25:00:00,   26.973362,    1.283125
2012-01-04 25:00:00,   27.396011,    1.286922
2012-01-05 25:00:00,   27.952712,    1.289048
2012-01-06 25:00:00,   26.847817,    1.292620
2012-01-07 25:00:00,   26.010430,    1.296618
2012-01-08 25:00:00,   25.862030,    1.299149
2012-01-09 25:00:00,   26.150608,    1.302322
2012-01-10 25:00:00,   26.724662,    1.305954
2012-01-11 25:00:00,   27.375785,    1.311667
2012-01-12 25:00:00,   28.324173,    1.316893
2012-01-13 25:00:00,   28.960701,    1.321840
2012-01-14 25:00:00,   29.760756,    1.323345
2012-01-15 25:00:00,   30.089972,    1.328573
2012-01-16 25:00:00,   27.963033,    1.331545
2012-01-17 25:00:00,   27.472028,    1.333612
2012-01-18 25:00:00,   27.573968,    1.333377
2012-01-19 25:00:00,   29.339747,    1.337598
2012-01-20 25:00:00,   29.853230,    1.337109
2012-01-21 25:00:00,   30.989505,    1.340422
2012-01-22 25:00:00,   30.148301,    1.344149
2012-01-23 25:00:00,   29.564568,    1.348836
2012-01-24 25:00:00,   30.661991,    1.348734
2012-01-25 25:00:00,   30.729871,    1.341187
2012-01-26 25:00:00,   30.992699,    1.351515
2012-01-27 25:00:00,   31.414277,    1.354489
2012-01-28 25:00:00,   31.642541,    1.359147
2012-01-29 25:00:00,   28.883915,    1.361057
2012-01-30 25:00:00,   27.672863,    1.362368
2012-01-31 25:00:00,   27.815544,    1.360993
2012-02-01 25:00:00,   27.728634,    1.364176
2012-02-02 25:00:00,   27.727204,    1.355518
2012-02-03 25:00:00,   27.044946,    1.359374
2012-02-04 25:00:00,   25.943591,    1.361550
2012-02-05 25:00:00,   25.784681,    1.360432
2012-02-06 25:00:00,   25.962851,    1.363287
2012-02-07 25:00:00,   26.119599,    1.366204
2012-02-08 25:00:00,   26.650133,    1.370400
2012-02-09 25:00:00,   27.179147,    1.372256
2012-02-10 25:00:00,   28.324052,    1.374244
2012-02-11 25:00:00,   28.460922,    1.377612
2012-02-12 25:00:00,   27.907626,    1.380680
2012-02-13 25:00:00,   28.360564,    1.383238
2012-02-14 25:00:00,   28.464167,    1.386245
2012-02-15 25:00:00,   28.101662,    1.389504
2012-02-16 25:00:00,   27.942466,    1.391728
2012-02-17 25:00:00,   27.924920,    1.395541
2012-02-18 25:00:00,   27.719910,    1.395835
2012-02-19 25:00:00,   27.611869,    1.393554
2012-02-20 25:00:00,   27.956625,    1.395492
2012-02-21 25:00:00,   28.811438,    1.398725
2012-02-22 25:00:00,   29.680294,    1.402262
2012-02-23 25:00:00,   28.651163,    1.404316
2012-02-24 25:00:00,   27.697411,    1.406627
2012-02-25 25:00:00,   27.009493,    1.408422
2012-02-26 25:00:00,   26.208405,    1.407774
2012-02-27 25:00:00,   25.835197,    1.399615
2012-02-28 25:00:00,   25.709409,    1.401436
2012-02-29 25:00:00,   25.572563,    1.405134
2012-03-01 25:00:00,   25.144554,    1.404305
2012-03-02 25:00:00,   25.084453,    1.405339
2012-03-03 25:00:00,   24.931420,    1.407497
2012-03-04 25:00:00,   25.755932,    1.409444
2012-03-05 25:00:00,   26.967032,    1.412837
2012-03-06 25:00:00,   26.610919,    1.416166
2012-03-07 25:00:00,   26.319321,    1.417814
2012-03-08 25:00:00,   26.097121,    1.419321
2012-03-09 25:00:00,   26.650648,    1.421238
2012-03-10 25:00:00,   27.151746,    1.422963
2012-03-11 25:00:00,   27.698292,    1.426192
2012-03-12 25:00:00,   27.890621,    1.429377
2012-03-13 25:00:00,   26.758822,    1.432852
2012-03-14 25:00:00,   25.802187,    1.432086
2012-03-15 25:00:00,   25.185455,    1.433128
2012-03-16 25:00:00,   24.859958,    1.436074
2012-03-17 25:00:00,   25.018948,    1.435409
2012-03-18 25:00:00,   25.151782,    1.436216
2012-03-19 25:00:00,   24.913357,    1.438827
2012-03-20 25:00:00,   24.534440,    1.441387
2012-03-21 25:00:00,   24.294127,    1.441785
2012-03-22 25:00:00,   23.937029,    1.443064
2012-03-23 25:00:00,   23.866999,    1.444767
2012-03-24 25:00:00,   24.204873,    1.446215
2012-03-25 25:00:00,   24.126683,    1.447370
2012-03-26 25:00:00,   24.312396,    1.449422
2012-03-27 25:00:00,   24.413918,    1.450898
2012-03-28 25:00:00,   24.590123,    1.452858
2012-03-29 25:00:00,   24.642283,    1.455053
2012-03-30 25:00:00,   23.547080,    1.454949
2012-03-31 25:00:00,   23.410022,    1.453842
2012-04-01 25:00:00,   23.161690,    1.454487
2012-04-02 25:00:00,   22.971084,    1.450694
2012-04-03 25:00:00,   23.304067,    1.451400
2012-04-04 25:00:00,   23.401105,    1.452182
2012-04-05 25:00:00,   22.613619,    1.452754
2012-04-06 25:00:00,   21.994931,    1.450842
2012-04-07 25:00:00,   22.476505,    1.448172
2012-04-08 25:00:00,   23.227939,    1.449506
2012-04-09 25:00:00,   23.524746,    1.449599
2012-04-10 25:00:00,   23.951185,    1.450593
2012-04-11 25:00:00,   23.751285,    1.454056
2012-04-12 25:00:00,   23.688222,    1.455227
2012-04-13 25:00:00,   23.573172,    1.456800
2012-04-14 25:00:00,   23.606736,    1.457771
2012-04-15 25:00:00,   23.813473,    1.459314
2012-04-16 25:00:00,   24.099049,    1.460727
2012-04-17 25:00:00,   23.480625,    1.461882
2012-04-18 25:00:00,   22.709530,    1.460494
2012-04-19 25:00:00,   22.416473,    1.460256
2012-04-20 25:00:00,   22.027273,    1.460626
2012-04-21 25:00:00,   21.818389,    1.458208
2012-04-22 25:00:00,   21.749485,    1.456119
2012-04-23 25:00:00,   21.554934,    1.455072
2012-04-24 25:00:00,   20.922162,    1.455653
2012-04-25 25:00:00,   20.448953,    1.453481
2012-04-26 25:00:00,   21.167033,    1.451079
2012-04-27 25:00:00,   20.530176,    1.453735
2012-04-28 25:00:00,   19.951011,    1.452347
2012-04-29 25:00:00,   20.316223,    1.446285
2012-04-30 25:00:00,   20.501044,    1.447792
2012-05-01 25:00:00,   20.196230,    1.449304
2012-05-02 25:00:00,   20.156716,    1.449422
2012-05-03 25:00:00,   20.860619,    1.449847
2012-05-04 25:00:00,   20.524330,    1.380960
2012-05-05 25:00:00,   20.750274,    1.392632
2012-05-06 25:00:00,   20.199624,    1.393427
2012-05-07 25:00:00,   19.574349,    1.402862
2012-05-08 25:00:00,   19.119694,    1.406676
2012-05-09 25:00:00,   19.569001,    1.393598
2012-05-10 25:00:00,   19.628486,    1.388823
2012-05-11 25:00:00,   19.537451,    1.394885
2012-05-12 25:00:00,   19.626155,    1.401156
2012-05-13 25:00:00,   19.182307,    1.401069
2012-05-14 25:00:00,   19.737912,    1.402040
2012-05-15 25:00:00,   19.649640,    1.402593
2012-05-16 25:00:00,   19.772323,    1.403163
2012-05-17 25:00:00,   19.323340,    1.402933
2012-05-18 25:00:00,   19.538969,    1.403475
2012-05-19 25:00:00,   19.636390,    1.404247
2012-05-20 25:00:00,   19.343613,    1.404647
2012-05-21 25:00:00,   19.092500,    1.404905
2012-05-22 25:00:00,   18.961655,    1.406368
2012-05-23 25:00:00,   18.784375,    1.408295
2012-05-24 25:00:00,   18.574842,    1.410205
2012-05-25 25:00:00,   18.139019,    1.412974
2012-05-26 25:00:00,   17.851938,    1.415891
2012-05-27 25:00:00,   18.216566,    1.420469
2012-05-28 25:00:00,   18.346323,    1.421151
2012-05-29 25:00:00,   17.849737,    1.422473
2012-05-30 25:00:00,   17.929065,    1.426501
2012-05-31 25:00:00,   17.583672,    1.468409
2012-06-01 25:00:00,   17.824117,    1.469047
2012-06-02 25:00:00,   18.241075,    1.469677
2012-06-03 25:00:00,   17.376481,    1.471281
2012-06-04 25:00:00,   17.345514,    1.473494
2012-06-05 25:00:00,   17.169023,    1.475900
2012-06-06 25:00:00,   16.754614,    1.480690
2012-06-07 25:00:00,   16.760031,    1.460500
2012-06-08 25:00:00,   17.281225,    1.463570
2012-06-09 25:00:00,   17.642903,    1.464731
2012-06-10 25:00:00,   17.085482,    1.460498
2012-06-11 25:00:00,   16.850908,    1.459544
2012-06-12 25:00:00,   16.707330,    1.453060
2012-06-13 25:00:00,   16.392934,    1.451616
2012-06-14 25:00:00,   16.171269,    1.445050
2012-06-15 25:00:00,   16.524196,    1.445288
2012-06-16 25:00:00,   16.446228,    1.445688
2012-06-17 25:00:00,   16.693480,    1.445913
2012-06-18 25:00:00,   16.945471,    1.446540
2012-06-19 25:00:00,   17.203849,    1.440607
2012-06-20 25:00:00,   16.382652,    1.438761
2012-06-21 25:00:00,   16.471097,    1.440234
2012-06-22 25:00:00,   16.443242,    1.441254
2012-06-23 25:00:00,   15.929923,    1.442178
2012-06-24 25:00:00,   15.864913,    1.442749
2012-06-25 25:00:00,   15.467982,    1.442401
2012-06-26 25:00:00,   15.303723,    1.436353
2012-06-27 25:00:00,   15.395103,    1.434399
2012-06-28 25:00:00,   15.379615,    1.433948
2012-06-29 25:00:00,   16.245359,    1.434843
2012-06-30 25:00:00,   15.792579,    1.435121
2012-07-01 25:00:00,   15.971672,    1.435785
2012-07-02 25:00:00,   15.990520,    1.436016
2012-07-03 25:00:00,   15.386018,    1.436278
2012-07-04 25:00:00,   15.519463,    1.437643
2012-07-05 25:00:00,   15.103984,    1.437561
2012-07-06 25:00:00,   15.182815,    1.435240
2012-07-07 25:00:00,   15.710259,    1.436018
2012-07-08 25:00:00,   15.142165,    1.436180
2012-07-09 25:00:00,   15.012786,    1.436735
2012-07-10 25:00:00,   14.795328,    1.421144
2012-07-11 25:00:00,   14.630143,    1.421623
2012-07-12 25:00:00,   14.756500,    1.422503
2012-07-13 25:00:00,   14.465043,    1.422319
2012-07-14 25:00:00,   14.781208,    1.422715
2012-07-15 25:00:00,   14.965590,    1.423095
2012-07-16 25:00:00,   14.804505,    1.414362
2012-07-17 25:00:00,   14.788603,    1.415195
2012-07-18 25:00:00,   14.794720,    1.416066
2012-07-19 25:00:00,   15.028970,    1.416956
2012-07-20 25:00:00,   15.107397,    1.417585
2012-07-21 25:00:00,   15.166775,    1.417253
2012-07-22 25:00:00,   15.331287,    1.418261
2012-07-23 25:00:00,   14.779422,    1.418855
2012-07-24 25:00:00,   14.735025,    1.419705
2012-07-25 25:00:00,   14.664339,    1.419959
2012-07-26 25:00:00,   15.196819,    1.420538
2012-07-27 25:00:00,   15.259851,    1.421327
2012-07-28 25:00:00,   15.379315,    1.422339
2012-07-29 25:00:00,   14.760254,    1.421851
2012-07-30 25:00:00,   14.705814,    1.422321
2012-07-31 25:00:00,   14.912948,    1.414278
2012-08-01 25:00:00,   15.075519,    1.409743
2012-08-02 25:00:00,   14.994619,    1.409347
2012-08-03 25:00:00,   15.174011,    1.408208
2012-08-04 25:00:00,   15.784796,    1.404069
2012-08-05 25:00:00,   15.705260,    1.404681
2012-08-06 25:00:00,   15.976506,    1.402028
2012-08-07 25:00:00,   15.963396,    1.395243
2012-08-08 25:00:00,   16.427048,    1.397510
2012-08-09 25:00:00,   16.479695,    1.398952
2012-08-10 25:00:00,   16.873614,    1.398330
2012-08-11 25:00:00,   17.682389,    1.400099
2012-08-12 25:00:00,   16.584285,    1.362071
2012-08-13 25:00:00,   16.662053,    1.367335
2012-08-14 25:00:00,   16.432423,    1.363562
2012-08-15 25:00:00,   16.979669,    1.366004
2012-08-16 25:00:00,   17.091191,    1.367102
2012-08-17 25:00:00,   16.604918,    1.367433
2012-08-18 25:00:00,   17.348192,    1.368574
2012-08-19 25:00:00,   17.302542,    1.368736
2012-08-20 25:00:00,   18.264123,    1.368661
2012-08-21 25:00:00,   17.766323,    1.363616
2012-08-22 25:00:00,   16.909770,    1.365418
2012-08-23 25:00:00,   16.969943,    1.366541
2012-08-24 25:00:00,   16.928059,    1.367377
2012-08-25 25:00:00,   17.602428,    1.367341
2012-08-26 25:00:00,   18.079180,    1.369218
2012-08-27 25:00:00,   18.274705,    1.369669
2012-08-28 25:00:00,   18.079466,    1.370718
2012-08-29 25:00:00,   18.338115,    1.371254
2012-08-30 25:00:00,   19.283496,    1.372407
2012-08-31 25:00:00,   18.254517,    1.366022
2012-09-01 25:00:00,   18.815252,    1.368215
2012-09-02 25:00:00,   18.772727,    1.368827
2012-09-03 25:00:00,   17.840509,    1.359059
2012-09-04 25:00:00,   16.647590,    1.355316
2012-09-05 25:00:00,   16.316753,    1.356923
2012-09-06 25:00:00,   16.575910,    1.359084
2012-09-07 25:00:00,   17.026401,    1.360628
2012-09-08 25:00:00,   17.805029,    1.362322
2012-09-09 25:00:00,   18.754487,    1.363647
2012-09-10 25:00:00,   19.398045,    1.363301
2012-09-11 25:00:00,   19.638507,    1.364319
2012-09-12 25:00:00,   19.399169,    1.367042
2012-09-13 25:00:00,   19.251742,    1.368602
2012-09-14 25:00:00,   19.249245,    1.368658
2012-09-15 25:00:00,   19.506477,    1.369960
2012-09-16 25:00:00,   20.505133,    1.372815
2012-09-17 25:00:00,   20.614318,    1.372921
2012-09-18 25:00:00,   20.900557,    1.348265
2012-09-19 25:00:00,   21.142339,    1.349689
2012-09-20 25:00:00,   20.724610,    1.352990
2012-09-21 25:00:00,   19.027399,    1.353738
2012-09-22 25:00:00,   18.120358,    1.354429
2012-09-23 25:00:00,   18.381556,    1.355964
2012-09-24 25:00:00,   18.423543,    1.356915
2012-09-25 25:00:00,   18.427930,    1.347558
2012-09-26 25:00:00,   17.717470,    1.345813
2012-09-27 25:00:00,   17.013169,    1.343102
2012-09-28 25:00:00,   18.069126,    1.344766
2012-09-29 25:00:00,   18.995559,    1.347177
2012-09-30 25:00:00,   19.832595,    1.348732
2012-10-01 25:00:00,   20.759026,    1.352957
2012-10-02 25:00:00,   20.928526,    1.353033
2012-10-03 25:00:00,   20.652623,    1.355847
2012-10-04 25:00:00,   20.984342,    1.357220
2012-10-05 25:00:00,   19.973659,    1.354757
2012-10-06 25:00:00,   21.025728,    1.357604
2012-10-07 25:00:00,   21.146896,    1.359562
2012-10-08 25:00:00,   21.533416,    1.362089
2012-10-09 25:00:00,   21.439961,    1.361963
2012-10-10 25:00:00,   21.615659,    1.365391
2012-10-11 25:00:00,   21.585890,    1.369739
2012-10-12 25:00:00,   22.163558,    1.370443
2012-10-13 25:00:00,   21.519053,    1.370411
2012-10-14 25:00:00,   20.934204,    1.372476
2012-10-15 25:00:00,   21.089246,    1.373734
2012-10-16 25:00:00,   21.229984,    1.374956
2012-10-17 25:00:00,   22.492648,    1.378185
2012-10-18 25:00:00,   23.843762,    1.380422
2012-10-19 25:00:00,   23.367951,    1.382698
2012-10-20 25:00:00,   23.555459,    1.383352
2012-10-21 25:00:00,   24.558795,    1.386485
2012-10-22 25:00:00,   23.275162,    1.387431
2012-10-23 25:00:00,   22.735424,    1.390261
2012-10-24 25:00:00,   22.737286,    1.393177
2012-10-25 25:00:00,   22.604853,    1.394235
2012-10-26 25:00:00,   22.726370,    1.396362
2012-10-27 25:00:00,   23.773561,    1.401963
2012-10-28 25:00:00,   23.997814,    1.402421
2012-10-29 25:00:00,   24.076355,    1.404847
2012-10-30 25:00:00,   23.190331,    1.407479
2012-10-31 25:00:00,   22.357284,    1.410200
2012-11-01 25:00:00,   22.180854,    1.411871
2012-11-02 25:00:00,   22.983916,    1.414409
2012-11-03 25:00:00,   22.508381,    1.416344
2012-11-04 25:00:00,   21.188897,    1.405130
2012-11-05 25:00:00,   20.587035,    1.401537
2012-11-06 25:00:00,   21.592209,    1.403861
2012-11-07 25:00:00,   22.189517,    1.406191
2012-11-08 25:00:00,   22.856626,    1.409793
2012-11-09 25:00:00,   24.080038,    1.413209
2012-11-10 25:00:00,   24.050993,    1.417469
2012-11-11 25:00:00,   23.239303,    1.419448
2012-11-12 25:00:00,   23.261848,    1.422160
2012-11-13 25:00:00,   23.168669,    1.423979
2012-11-14 25:00:00,   23.698851,    1.427512
2012-11-15 25:00:00,   24.338351,    1.431130
2012-11-16 25:00:00,   25.015764,    1.435936
2012-11-17 25:00:00,   25.701397,    1.440175
2012-11-18 25:00:00,   25.036678,    1.442602
2012-11-19 25:00:00,   25.499564,    1.445854
2012-11-20 25:00:00,   25.607196,    1.450048
2012-11-21 25:00:00,   25.948909,    1.452525
2012-11-22 25:00:00,   27.242214,    1.456262
2012-11-23 25:00:00,   26.057148,    1.458684
2012-11-24 25:00:00,   25.271898,    1.458721
2012-11-25 25:00:00,   25.756596,    1.462462
2012-11-26 25:00:00,   27.067904,    1.467170
2012-11-27 25:00:00,   25.925833,    1.469712
2012-11-28 25:00:00,   22.883760,    1.449746
2012-11-29 25:00:00,   21.039150,    1.440372
2012-11-30 25:00:00,   20.974694,    1.443910
2012-12-01 25:00:00,   21.752096,    1.445231
2012-12-02 25:00:00,   22.589305,    1.447940
2012-12-03 25:00:00,   24.178323,    1.452962
2012-12-04 25:00:00,   25.217323,    1.454419
2012-12-05 25:00:00,   26.584769,    1.462467
2012-12-06 25:00:00,   25.995814,    1.465344
2012-12-07 25:00:00,   24.908931,    1.467855
2012-12-08 25:00:00,   24.893234,    1.467667
2012-12-09 25:00:00,   25.529292,    1.471559
2012-12-10 25:00:00,   26.587137,    1.474778
2012-12-11 25:00:00,   27.714682,    1.474571
2012-12-12 25:00:00,   26.804333,    1.467685
2012-12-13 25:00:00,   25.985515,    1.457941
2012-12-14 25:00:00,   25.992599,    1.463243
2012-12-15 25:00:00,   26.282077,    1.466951
2012-12-16 25:00:00,   26.898606,    1.470340
2012-12-17 25:00:00,   27.642878,    1.475449
2012-12-18 25:00:00,   26.478297,    1.478831
2012-12-19 25:00:00,   26.476609,    1.482521
2012-12-20 25:00:00,   27.228711,    1.487223
2012-12-21 25:00:00,   26.623694,    1.490840
2012-12-22 25:00:00,   26.743561,    1.494507
2012-12-23 25:00:00,   26.922262,    1.497927
2012-12-24 25:00:00,   27.370495,    1.500060
2012-12-25 25:00:00,   28.101759,    1.505133
2012-12-26 25:00:00,   28.167680,    1.509712
2012-12-27 25:00:00,   29.195386,    1.512892
2012-12-28 25:00:00,   30.078692,    1.517160
2012-12-29 25:00:00,   29.846498,    1.520896
2012-12-30 25:00:00,   30.780851,    1.525455
2012-12-31 25:00:00,   31.458422,    1.529456
2013-01-01 25:00:00,   30.749511,    1.533760
2013-01-02 25:00:00,   30.411684,    1.536822
2013-01-03 25:00:00,   28.624883,    1.538305
2013-01-04 25:00:00,   27.591966,    1.536393
2013-01-05 25:00:00,   28.252470,    1.540218
2013-01-06 25:00:00,   27.708386,    1.541733
2013-01-07 25:00:00,   27.487463,    1.541553
2013-01-08 25:00:00,   28.127710,    1.538405
2013-01-09 25:00:00,   27.444062,    1.540931
2013-01-10 25:00:00,   27.087187,    1.545738
2013-01-11 25:00:00,   26.818191,    1.549268
2013-01-12 25:00:00,   27.237985,    1.553953
2013-01-13 25:00:00,   26.243716,    1.554025
2013-01-14 25:00:00,   28.047592,    1.554506
2013-01-15 25:00:00,   30.116908,    1.557274
2013-01-16 25:00:00,   27.296695,    1.559575
2013-01-17 25:00:00,   25.598523,    1.559116
2013-01-18 25:00:00,   25.571938,    1.556618
2013-01-19 25:00:00,   26.426899,    1.560906
2013-01-20 25:00:00,   27.220216,    1.565086
2013-01-21 25:00:00,   26.864608,    1.569775
2013-01-22 25:00:00,   27.157999,    1.571665
2013-01-23 25:00:00,   26.692768,    1.576104
2013-01-24 25:00:00,   26.230076,    1.579470
2013-01-25 25:00:00,   26.272198,    1.580846
2013-01-26 25:00:00,   26.882545,    1.584443
2013-01-27 25:00:00,   27.443261,    1.589382
2013-01-28 25:00:00,   27.219080,    1.592713
2013-01-29 25:00:00,   27.207282,    1.596603
2013-01-30 25:00:00,   27.254947,    1.601202
2013-01-31 25:00:00,   27.342000,    1.602302
2013-02-01 25:00:00,   27.304058,    1.604858
2013-02-02 25:00:00,   28.088753,    1.608702
2013-02-03 25:00:00,   28.873640,    1.612581
2013-02-04 25:00:00,   28.855397,    1.616696
2013-02-05 25:00:00,   27.632469,    1.617732
2013-02-06 25:00:00,   26.747345,    1.616663
2013-02-07 25:00:00,   26.616453,    1.615111
2013-02-08 25:00:00,   27.032911,    1.619313
2013-02-09 25:00:00,   27.444595,    1.623552
2013-02-10 25:00:00,   27.262195,    1.625527
2013-02-11 25:00:00,   27.461783,    1.630688
2013-02-12 25:00:00,   28.137682,    1.633306
2013-02-13 25:00:00,   29.407041,    1.637362
2013-02-14 25:00:00,   28.296637,    1.640266
2013-02-15 25:00:00,   28.304087,    1.641637
2013-02-16 25:00:00,   28.641647,    1.644051
2013-02-17 25:00:00,   26.574822,    1.641346
2013-02-18 25:00:00,   26.453325,    1.640664
2013-02-19 25:00:00,   26.297228,    1.641695
2013-02-20 25:00:00,   27.221875,    1.645250
2013-02-21 25:00:00,   28.012903,    1.648162
2013-02-22 25:00:00,   26.258326,    1.650719
2013-02-23 25:00:00,   25.930442,    1.650550
2013-02-24 25:00:00,   25.947840,    1.653156
2013-02-25 25:00:00,   26.184507,    1.654046
2013-02-26 25:00:00,   27.236630,    1.657631
2013-02-27 25:00:00,   26.987180,    1.659986
2013-02-28 25:00:00,   27.148250,    1.663334
2013-03-01 25:00:00,   27.302201,    1.666727
2013-03-02 25:00:00,   27.741684,    1.669874
2013-03-03 25:00:00,   28.550925,    1.671548
2013-03-04 25:00:00,   27.902288,    1.672448
2013-03-05 25:00:00,   27.660669,    1.674790
2013-03-06 25:00:00,   27.208407,    1.677823
2013-03-07 25:00:00,   26.956932,    1.677589
2013-03-08 25:00:00,   26.710651,    1.673984
2013-03-09 25:00:00,   27.216162,    1.675876
2013-03-10 25:00:00,   26.122468,    1.675785
2013-03-11 25:00:00,   25.434758,    1.676629
2013-03-12 25:00:00,   24.736288,    1.674119
2013-03-13 25:00:00,   24.987178,    1.669252
2013-03-14 25:00:00,   23.706785,    1.661233
2013-03-15 25:00:00,   24.469547,    1.662465
2013-03-16 25:00:00,   25.191134,    1.665802
2013-03-17 25:00:00,   25.952726,    1.667688
2013-03-18 25:00:00,   26.676567,    1.669749
2013-03-19 25:00:00,   26.485803,    1.671429
2013-03-20 25:00:00,   25.070208,    1.673606
2013-03-21 25:00:00,   24.144133,    1.673161
2013-03-22 25:00:00,   24.031819,    1.674158
2013-03-23 25:00:00,   24.434491,    1.676053
2013-03-24 25:00:00,   24.309483,    1.677719
2013-03-25 25:00:00,   23.813546,    1.656345
2013-03-26 25:00:00,   22.514192,    1.598189
2013-03-27 25:00:00,   22.797666,    1.596889
2013-03-28 25:00:00,   23.129731,    1.598474
2013-03-29 25:00:00,   23.203025,    1.599625
2013-03-30 25:00:00,   23.683861,    1.601759
2013-03-31 25:00:00,   23.697183,    1.603655
2013-04-01 25:00:00,   24.105099,    1.605892
2013-04-02 25:00:00,   24.178818,    1.608508
2013-04-03 25:00:00,   24.765299,    1.610306
2013-04-04 25:00:00,   25.782339,    1.612128
2013-04-05 25:00:00,   25.818897,    1.614501
2013-04-06 25:00:00,   25.133292,    1.617684
2013-04-07 25:00:00,   25.249137,    1.619804
2013-04-08 25:00:00,   25.929250,    1.622080
2013-04-09 25:00:00,   26.731893,    1.623538
2013-04-10 25:00:00,   26.765502,    1.625150
2013-04-11 25:00:00,   25.938471,    1.626079
2013-04-12 25:00:00,   24.784027,    1.619665
2013-04-13 25:00:00,   24.550989,    1.620014
2013-04-14 25:00:00,   25.019582,    1.621149
2013-04-15 25:00:00,   25.020774,    1.621686
2013-04-16 25:00:00,   25.168193,    1.622390
2013-04-17 25:00:00,   25.528986,    1.623302
2013-04-18 25:00:00,   25.350306,    1.624073
2013-04-19 25:00:00,   24.591819,    1.590074
2013-04-20 25:00:00,   23.588729,    1.594196
2013-04-21 25:00:00,   22.749962,    1.593739
2013-04-22 25:00:00,   23.053335,    1.591536
2013-04-23 25:00:00,   23.124182,    1.592077
2013-04-24 25:00:00,   22.589446,    1.592350
2013-04-25 25:00:00,   22.347173,    1.591408
2013-04-26 25:00:00,   22.758696,    1.592156
2013-04-27 25:00:00,   22.598677,    1.593027
2013-04-28 25:00:00,   22.283483,    1.593965
2013-04-29 25:00:00,   21.831769,    1.594036
2013-04-30 25:00:00,   22.073367,    1.593023
2013-05-01 25:00:00,   21.871832,    1.571998
2013-05-02 25:00:00,   21.653933,    1.571184
2013-05-03 25:00:00,   21.679179,    1.572162
2013-05-04 25:00:00,   21.834176,    1.572796
2013-05-05 25:00:00,   21.896662,    1.573035
2013-05-06 25:00:00,   21.970146,    1.573766
2013-05-07 25:00:00,   21.259007,    1.562343
2013-05-08 25:00:00,   20.460261,    1.534086
2013-05-09 25:00:00,   19.604310,    1.530633
2013-05-10 25:00:00,   19.118134,    1.530708
2013-05-11 25:00:00,   18.894784,    1.531772
2013-05-12 25:00:00,   19.050806,    1.532934
2013-05-13 25:00:00,   18.720999,    1.533415
2013-05-14 25:00:00,   18.643939,    1.534983
2013-05-15 25:00:00,   18.753962,    1.535906
2013-05-16 25:00:00,   18.530635,    1.523736
2013-05-17 25:00:00,   18.543906,    1.526292
2013-05-18 25:00:00,   18.349403,    1.526577
2013-05-19 25:00:00,   18.593590,    1.529904
2013-05-20 25:00:00,   18.033541,    1.495726
2013-05-21 25:00:00,   18.591936,    1.511401
2013-05-22 25:00:00,   18.715397,    1.512011
2013-05-23 25:00:00,   18.035092,    1.512775
2013-05-24 25:00:00,   18.003350,    1.514292
2013-05-25 25:00:00,   18.178007,    1.517552
2013-05-26 25:00:00,   18.220124,    1.517074
2013-05-27 25:00:00,   18.439824,    1.504335
2013-05-28 25:00:00,   18.483048,    1.504144
2013-05-29 25:00:00,   17.885171,    1.510699
2013-05-30 25:00:00,   17.304300,    1.497168
2013-05-31 25:00:00,   17.052935,    1.501722
2013-06-01 25:00:00,   16.921313,    1.549781
2013-06-02 25:00:00,   16.798908,    1.551953
2013-06-03 25:00:00,   16.894740,    1.552744
2013-06-04 25:00:00,   16.743053,    1.553150
2013-06-05 25:00:00,   16.744513,    1.551642
2013-06-06 25:00:00,   17.073876,    1.552604
2013-06-07 25:00:00,   16.695879,    1.552554
2013-06-08 25:00:00,   16.789126,    1.553042
2013-06-09 25:00:00,   17.148095,    1.552675
2013-06-10 25:00:00,   17.163353,    1.553355
2013-06-11 25:00:00,   16.813163,    1.553456
2013-06-12 25:00:00,   16.644012,    1.554756
2013-06-13 25:00:00,   16.662861,    1.555458
2013-06-14 25:00:00,   16.373808,    1.555957
2013-06-15 25:00:00,   16.752864,    1.557248
2013-06-16 25:00:00,   16.869536,    1.556564
2013-06-17 25:00:00,   16.331875,    1.555947
2013-06-18 25:00:00,   16.421239,    1.555876
2013-06-19 25:00:00,   16.255667,    1.556729
2013-06-20 25:00:00,   16.662777,    1.557583
2013-06-21 25:00:00,   16.017384,    1.557784
2013-06-22 25:00:00,   15.819027,    1.558685
2013-06-23 25:00:00,   15.577231,    1.549442
2013-06-24 25:00:00,   15.719249,    1.550014
2013-06-25 25:00:00,   15.822628,    1.550442
2013-06-26 25:00:00,   16.057771,    1.551377
2013-06-27 25:00:00,   16.472077,    1.551757
2013-06-28 25:00:00,   16.094732,    1.551714
2013-06-29 25:00:00,   16.396182,    1.552328
2013-06-30 25:00:00,   16.332098,    1.552769
2013-07-01 25:00:00,   16.441961,    1.552426
2013-07-02 25:00:00,   16.284510,    1.553732
2013-07-03 25:00:00,   15.845985,    1.550744
2013-07-04 25:00:00,   15.760688,    1.551006
2013-07-05 25:00:00,   15.804337,    1.552157
2013-07-06 25:00:00,   15.375121,    1.552274
2013-07-07 25:00:00,   15.400285,    1.553358
2013-07-08 25:00:00,   15.543332,    1.553870
2013-07-09 25:00:00,   15.009984,    1.543548
2013-07-10 25:00:00,   15.237832,    1.544100
2013-07-11 25:00:00,   15.609572,    1.543667
2013-07-12 25:00:00,   16.028438,    1.536195
2013-07-13 25:00:00,   15.564726,    1.537288
2013-07-14 25:00:00,   15.701690,    1.539148
2013-07-15 25:00:00,   15.945510,    1.537491
2013-07-16 25:00:00,   15.641097,    1.535846
2013-07-17 25:00:00,   15.239352,    1.535651
2013-07-18 25:00:00,   15.217505,    1.536295
2013-07-19 25:00:00,   15.099224,    1.536720
2013-07-20 25:00:00,   14.979312,    1.537200
2013-07-21 25:00:00,   14.971788,    1.538281
2013-07-22 25:00:00,   14.646006,    1.538388
2013-07-23 25:00:00,   14.614697,    1.524867
2013-07-24 25:00:00,   14.802743,    1.516128
2013-07-25 25:00:00,   14.901262,    1.515740
2013-07-26 25:00:00,   14.735853,    1.492546
2013-07-27 25:00:00,   14.821708,    1.484895
2013-07-28 25:00:00,   14.920066,    1.485192
2013-07-29 25:00:00,   15.214967,    1.482349
2013-07-30 25:00:00,   15.108061,    1.483645
2013-07-31 25:00:00,   15.540924,    1.482214
2013-08-01 25:00:00,   15.989223,    1.478960
2013-08-02 25:00:00,   16.173887,    1.479435
2013-08-03 25:00:00,   17.036318,    1.480105
2013-08-04 25:00:00,   16.309998,    1.481577
2013-08-05 25:00:00,   17.228619,    1.476027
2013-08-06 25:00:00,   17.505081,    1.476500
2013-08-07 25:00:00,   17.956397,    1.457039
2013-08-08 25:00:00,   17.861251,    1.461235
2013-08-09 25:00:00,   18.049849,    1.462422
2013-08-10 25:00:00,   17.910094,    1.447559
2013-08-11 25:00:00,   17.505948,    1.444350
2013-08-12 25:00:00,   17.466035,    1.447783
2013-08-13 25:00:00,   17.243690,    1.436461
2013-08-14 25:00:00,   16.974803,    1.441733
2013-08-15 25:00:00,   16.413472,    1.439565
2013-08-16 25:00:00,   16.070350,    1.440878
2013-08-17 25:00:00,   16.428073,    1.442895
2013-08-18 25:00:00,   16.485550,    1.443284
2013-08-19 25:00:00,   16.796374,    1.444092
2013-08-20 25:00:00,   17.402310,    1.443321
2013-08-21 25:00:00,   16.932770,    1.443082
2013-08-22 25:00:00,   17.419319,    1.443867
2013-08-23 25:00:00,   18.005052,    1.444878
2013-08-24 25:00:00,   18.109664,    1.445151
2013-08-25 25:00:00,   17.362872,    1.433863
2013-08-26 25:00:00,   17.255230,    1.423556
2013-08-27 25:00:00,   16.854427,    1.411244
2013-08-28 25:00:00,   17.117946,    1.406026
2013-08-29 25:00:00,   17.328577,    1.404359
2013-08-30 25:00:00,   17.501342,    1.406640
2013-08-31 25:00:00,   18.124658,    1.405301
2013-09-01 25:00:00,   19.074117,    1.405759
2013-09-02 25:00:00,   19.602789,    1.405596
2013-09-03 25:00:00,   18.929417,    1.402480
2013-09-04 25:00:00,   18.900446,    1.405368
2013-09-05 25:00:00,   19.005960,    1.406389
2013-09-06 25:00:00,   19.186802,    1.407044
2013-09-07 25:00:00,   18.951518,    1.407346
2013-09-08 25:00:00,   19.789291,    1.408134
2013-09-09 25:00:00,   20.338519,    1.409464
2013-09-10 25:00:00,   19.554479,    1.408959
2013-09-11 25:00:00,   18.551159,    1.385422
2013-09-12 25:00:00,   18.468297,    1.387060
2013-09-13 25:00:00,   18.359854,    1.385033
2013-09-14 25:00:00,   17.524176,    1.369213
2013-09-15 25:00:00,   18.152960,    1.371070
2013-09-16 25:00:00,   17.109250,    1.370011
2013-09-17 25:00:00,   17.158085,    1.372604
2013-09-18 25:00:00,   17.103450,    1.369485
2013-09-19 25:00:00,   17.294167,    1.370708
2013-09-20 25:00:00,   17.494958,    1.368822
2013-09-21 25:00:00,   18.017489,    1.369687
2013-09-22 25:00:00,   17.943035,    1.358445
2013-09-23 25:00:00,   18.300055,    1.357864
2013-09-24 25:00:00,   18.044044,    1.355230
2013-09-25 25:00:00,   18.713282,    1.357994
2013-09-26 25:00:00,   18.310863,    1.355084
2013-09-27 25:00:00,   19.469898,    1.355894
2013-09-28 25:00:00,   19.484476,    1.359155
2013-09-29 25:00:00,   18.840395,    1.323675
2013-09-30 25:00:00,   19.097696,    1.315797
2013-10-01 25:00:00,   19.824449,    1.320075
2013-10-02 25:00:00,   20.881543,    1.321427
2013-10-03 25:00:00,   21.504643,    1.322402
2013-10-04 25:00:00,   22.001139,    1.323469
2013-10-05 25:00:00,   21.913663,    1.312901
2013-10-06 25:00:00,   22.297012,    1.317428
2013-10-07 25:00:00,   22.493437,    1.319797
2013-10-08 25:00:00,   22.312081,    1.319619
2013-10-09 25:00:00,   22.086863,    1.304375
2013-10-10 25:00:00,   22.735629,    1.308593
2013-10-11 25:00:00,   20.864089,    1.312099
2013-10-12 25:00:00,   20.490353,    1.317122
2013-10-13 25:00:00,   20.711009,    1.319938
2013-10-14 25:00:00,   21.529225,    1.323103
2013-10-15 25:00:00,   21.543803,    1.323867
2013-10-16 25:00:00,   21.576451,    1.324562
2013-10-17 25:00:00,   22.936834,    1.326480
2013-10-18 25:00:00,   23.038188,    1.328500
2013-10-19 25:00:00,   21.164276,    1.310439
2013-10-20 25:00:00,   20.537870,    1.294668
2013-10-21 25:00:00,   20.963351,    1.299604
2013-10-22 25:00:00,   21.493938,    1.302922
2013-10-23 25:00:00,   21.453699,    1.306950
2013-10-24 25:00:00,   21.339799,    1.310410
2013-10-25 25:00:00,   22.534457,    1.311819
2013-10-26 25:00:00,   23.085478,    1.312784
2013-10-27 25:00:00,   23.852808,    1.314734
2013-10-28 25:00:00,   24.495720,    1.317823
2013-10-29 25:00:00,   25.237453,    1.321169
2013-10-30 25:00:00,   26.625450,    1.324506
2013-10-31 25:00:00,   25.379891,    1.326024
2013-11-01 25:00:00,   25.296716,    1.330099
2013-11-02 25:00:00,   24.914733,    1.334396
2013-11-03 25:00:00,   25.483660,    1.337417
2013-11-04 25:00:00,   25.906070,    1.340732
2013-11-05 25:00:00,   24.656654,    1.344195
2013-11-06 25:00:00,   23.857468,    1.346076
2013-11-07 25:00:00,   24.252126,    1.348321
2013-11-08 25:00:00,   24.307420,    1.351314
2013-11-09 25:00:00,   25.176254,    1.355703
2013-11-10 25:00:00,   25.816943,    1.359841
2013-11-11 25:00:00,   25.983700,    1.363263
2013-11-12 25:00:00,   24.992208,    1.367339
2013-11-13 25:00:00,   24.446496,    1.369400
2013-11-14 25:00:00,   24.933141,    1.373302
2013-11-15 25:00:00,   25.373639,    1.380169
2013-11-16 25:00:00,   26.436732,    1.382110
2013-11-17 25:00:00,   27.557539,    1.385542
2013-11-18 25:00:00,   25.458811,    1.390399
2013-11-19 25:00:00,   24.433343,    1.393079
2013-11-20 25:00:00,   24.232189,    1.395898
2013-11-21 25:00:00,   24.948791,    1.399043
2013-11-22 25:00:00,   25.802006,    1.402465
2013-11-23 25:00:00,   26.877135,    1.405621
2013-11-24 25:00:00,   25.534762,    1.409891
2013-11-25 25:00:00,   25.400843,    1.413753
2013-11-26 25:00:00,   25.562047,    1.417259
2013-11-27 25:00:00,   25.618154,    1.415125
2013-11-28 25:00:00,   26.320139,    1.420114
2013-11-29 25:00:00,   24.577798,    1.419609
2013-11-30 25:00:00,   24.496254,    1.420648
2013-12-01 25:00:00,   25.496869,    1.424582
2013-12-02 25:00:00,   25.119535,    1.427799
2013-12-03 25:00:00,   24.098512,    1.432312
2013-12-04 25:00:00,   24.890677,    1.436877
2013-12-05 25:00:00,   25.166651,    1.439555
2013-12-06 25:00:00,   25.684005,    1.444390
2013-12-07 25:00:00,   25.221657,    1.448882
2013-12-08 25:00:00,   24.575519,    1.452000
2013-12-09 25:00:00,   24.870030,    1.454863
2013-12-10 25:00:00,   25.093899,    1.459065
2013-12-11 25:00:00,   25.993458,    1.464909
2013-12-12 25:00:00,   26.730369,    1.469271
2013-12-13 25:00:00,   27.399861,    1.471986
2013-12-14 25:00:00,   28.486585,    1.476618
2013-12-15 25:00:00,   29.596220,    1.480267
2013-12-16 25:00:00,   29.813904,    1.485615
2013-12-17 25:00:00,   29.392640,    1.488682
2013-12-18 25:00:00,   27.355649,    1.490947
2013-12-19 25:00:00,   26.288212,    1.489972
2013-12-20 25:00:00,   25.809993,    1.492886
2013-12-21 25:00:00,   25.976693,    1.497180
2013-12-22 25:00:00,   25.944385,    1.500435
2013-12-23 25:00:00,   26.570694,    1.502718
2013-12-24 25:00:00,   27.198415,    1.506770
2013-12-25 25:00:00,   27.368147,    1.512272
2013-12-26 25:00:00,   27.607167,    1.516677
2013-12-27 25:00:00,   26.989803,    1.518360
2013-12-28 25:00:00,   27.036681,    1.521457
2013-12-29 25:00:00,   26.765020,    1.525372
2013-12-30 25:00:00,   27.508627,    1.528702
2013-12-31 25:00:00,   26.892361,    1.531966
2014-01-01 25:00:00,   27.111393,    1.535443
2014-01-02 25:00:00,   26.803241,    1.536680
2014-01-03 25:00:00,   25.996944,    1.535086
2014-01-04 25:00:00,   25.430011,    1.534294
2014-01-05 25:00:00,   26.121050,    1.536668
2014-01-06 25:00:00,   27.387682,    1.540130
2014-01-07 25:00:00,   27.490446,    1.543909
2014-01-08 25:00:00,   27.236625,    1.548130
2014-01-09 25:00:00,   27.041025,    1.550500
2014-01-10 25:00:00,   27.562971,    1.552920
2014-01-11 25:00:00,   28.837946,    1.556864
2014-01-12 25:00:00,   29.373392,    1.562045
2014-01-13 25:00:00,   27.789100,    1.564550
2014-01-14 25:00:00,   27.433443,    1.566592
2014-01-15 25:00:00,   27.311327,    1.569326
2014-01-16 25:00:00,   26.263653,    1.572455
2014-01-17 25:00:00,   26.514229,    1.571503
2014-01-18 25:00:00,   27.663494,    1.576653
2014-01-19 25:00:00,   27.847484,    1.581665
2014-01-20 25:00:00,   27.685312,    1.582196
2014-01-21 25:00:00,   28.369855,    1.586106
2014-01-22 25:00:00,   28.749068,    1.589861
2014-01-23 25:00:00,   29.116215,    1.596046
2014-01-24 25:00:00,   28.627618,    1.599739
2014-01-25 25:00:00,   28.356528,    1.599717
2014-01-26 25:00:00,   28.452474,    1.604116
2014-01-27 25:00:00,   26.965547,    1.603865
2014-01-28 25:00:00,   26.718191,    1.599197
2014-01-29 25:00:00,   26.772234,    1.601617
2014-01-30 25:00:00,   27.697282,    1.605892
2014-01-31 25:00:00,   27.563172,    1.611218
2014-02-01 25:00:00,   26.771934,    1.613616
2014-02-02 25:00:00,   26.646506,    1.614127
2014-02-03 25:00:00,   26.819929,    1.609379
2014-02-04 25:00:00,   27.533005,    1.614090
2014-02-05 25:00:00,   27.719317,    1.618754
2014-02-06 25:00:00,   27.734028,    1.622919
2014-02-07 25:00:00,   26.651231,    1.625590
2014-02-08 25:00:00,   25.973076,    1.628107
2014-02-09 25:00:00,   25.770734,    1.626571
2014-02-10 25:00:00,   25.343974,    1.628112
2014-02-11 25:00:00,   26.012884,    1.626380
2014-02-12 25:00:00,   26.332890,    1.629898
2014-02-13 25:00:00,   26.611541,    1.629337
2014-02-14 25:00:00,   27.871044,    1.633199
2014-02-15 25:00:00,   27.923791,    1.637121
2014-02-16 25:00:00,   26.753073,    1.638617
2014-02-17 25:00:00,   27.140456,    1.641588
2014-02-18 25:00:00,   26.969920,    1.644520
2014-02-19 25:00:00,   26.998878,    1.648392
2014-02-20 25:00:00,   27.285487,    1.651476
2014-02-21 25:00:00,   27.196280,    1.655145
2014-02-22 25:00:00,   27.324628,    1.659658
2014-02-23 25:00:00,   27.987299,    1.662742
2014-02-24 25:00:00,   27.892979,    1.667503
2014-02-25 25:00:00,   27.374751,    1.669158
2014-02-26 25:00:00,   27.004983,    1.667215
2014-02-27 25:00:00,   26.544979,    1.669773
2014-02-28 25:00:00,   26.713187,    1.672082
2014-03-01 25:00:00,   27.394813,    1.676204
2014-03-02 25:00:00,   27.624290,    1.679308
2014-03-03 25:00:00,   26.753953,    1.682057
2014-03-04 25:00:00,   26.184209,    1.681980
2014-03-05 25:00:00,   25.912833,    1.678334
2014-03-06 25:00:00,   26.098507,    1.679104
2014-03-07 25:00:00,   26.855129,    1.682853
2014-03-08 25:00:00,   25.914862,    1.685061
2014-03-09 25:00:00,   25.622318,    1.685432
2014-03-10 25:00:00,   25.020631,    1.680794
2014-03-11 25:00:00,   25.237640,    1.682772
2014-03-12 25:00:00,   25.627518,    1.684833
2014-03-13 25:00:00,   25.325493,    1.687193
2014-03-14 25:00:00,   24.367978,    1.685221
2014-03-15 25:00:00,   24.248695,    1.681122
2014-03-16 25:00:00,   24.661822,    1.681344
2014-03-17 25:00:00,   24.588108,    1.683287
2014-03-18 25:00:00,   24.991272,    1.685187
2014-03-19 25:00:00,   25.279142,    1.688741
2014-03-20 25:00:00,   25.009956,    1.693220
2014-03-21 25:00:00,   25.024207,    1.692311
2014-03-22 25:00:00,   25.105038,    1.696335
2014-03-23 25:00:00,   25.399680,    1.699156
2014-03-24 25:00:00,   25.092198,    1.701420
2014-03-25 25:00:00,   24.400375,    1.692165
2014-03-26 25:00:00,   24.491749,    1.692690
2014-03-27 25:00:00,   24.874599,    1.693993
2014-03-28 25:00:00,   25.667294,    1.695026
2014-03-29 25:00:00,   24.246763,    1.690101
2014-03-30 25:00:00,   23.437574,    1.683770
2014-03-31 25:00:00,   23.104165,    1.683204
2014-04-01 25:00:00,   22.752192,    1.678631
2014-04-02 25:00:00,   22.477367,    1.671964
2014-04-03 25:00:00,   22.576668,    1.669463
2014-04-04 25:00:00,   21.953412,    1.669316
2014-04-05 25:00:00,   22.773717,    1.668706
2014-04-06 25:00:00,   22.993036,    1.669954
2014-04-07 25:00:00,   23.105178,    1.672366
2014-04-08 25:00:00,   23.680444,    1.674578
2014-04-09 25:00:00,   23.954628,    1.677302
2014-04-10 25:00:00,   23.290254,    1.679197
2014-04-11 25:00:00,   23.827743,    1.679242
2014-04-12 25:00:00,   24.751605,    1.681098
2014-04-13 25:00:00,   25.319790,    1.683067
2014-04-14 25:00:00,   25.613188,    1.684161
2014-04-15 25:00:00,   25.478740,    1.686633
2014-04-16 25:00:00,   24.863235,    1.689124
2014-04-17 25:00:00,   24.292306,    1.688809
2014-04-18 25:00:00,   23.667461,    1.689714
2014-04-19 25:00:00,   23.028421,    1.689624
2014-04-20 25:00:00,   22.578205,    1.689476
2014-04-21 25:00:00,   22.246578,    1.688820
2014-04-22 25:00:00,   22.136216,    1.687018
2014-04-23 25:00:00,   21.891643,    1.683185
2014-04-24 25:00:00,   21.311042,    1.682182
2014-04-25 25:00:00,   21.734798,    1.678803
2014-04-26 25:00:00,   21.243691,    1.670020
2014-04-27 25:00:00,   21.315505,    1.665610
2014-04-28 25:00:00,   20.591440,    1.661629
2014-04-29 25:00:00,   20.543256,    1.662425
2014-04-30 25:00:00,   20.519961,    1.662518
2014-05-01 25:00:00,   20.130128,    1.662536
2014-05-02 25:00:00,   19.883746,    1.660520
2014-05-03 25:00:00,   20.241752,    1.660597
2014-05-04 25:00:00,   19.862574,    1.661244
2014-05-05 25:00:00,   19.585100,    1.659617
2014-05-06 25:00:00,   19.972131,    1.658711
2014-05-07 25:00:00,   19.957325,    1.619112
2014-05-08 25:00:00,   19.192366,    1.631443
2014-05-09 25:00:00,   19.310786,    1.631474
2014-05-10 25:00:00,   20.033112,    1.632594
2014-05-11 25:00:00,   19.669626,    1.632411
2014-05-12 25:00:00,   19.518167,    1.633054
2014-05-13 25:00:00,   19.711253,    1.633787
2014-05-14 25:00:00,   19.518767,    1.634236
2014-05-15 25:00:00,   19.754726,    1.632300
2014-05-16 25:00:00,   20.171804,    1.607705
2014-05-17 25:00:00,   20.279372,    1.613506
2014-05-18 25:00:00,   20.093956,    1.621334
2014-05-19 25:00:00,   20.334834,    1.621620
2014-05-20 25:00:00,   20.317690,    1.616248
2014-05-21 25:00:00,   20.256852,    1.617006
2014-05-22 25:00:00,   20.091608,    1.619772
2014-05-23 25:00:00,   19.682508,    1.607578
2014-05-24 25:00:00,   19.073182,    1.613059
2014-05-25 25:00:00,   18.856029,    1.616617
2014-05-26 25:00:00,   18.889044,    1.618500
2014-05-27 25:00:00,   18.840626,    1.613514
2014-05-28 25:00:00,   18.673873,    1.615329
2014-05-29 25:00:00,   18.997182,    1.616535
2014-05-30 25:00:00,   18.587628,    1.617742
2014-05-31 25:00:00,   18.059309,    1.623758
2014-06-01 25:00:00,   18.187789,    1.626109
2014-06-02 25:00:00,   18.890808,    1.626545
2014-06-03 25:00:00,   18.274408,    1.626883
2014-06-04 25:00:00,   18.516280,    1.627304
2014-06-05 25:00:00,   18.319930,    1.629174
2014-06-06 25:00:00,   17.978081,    1.631631
2014-06-07 25:00:00,   17.629700,    1.657814
2014-06-08 25:00:00,   17.410322,    1.667202
2014-06-09 25:00:00,   17.517056,    1.666558
2014-06-10 25:00:00,   17.251305,    1.662140
2014-06-11 25:00:00,   17.144505,    1.662593
2014-06-12 25:00:00,   17.101938,    1.663284
2014-06-13 25:00:00,   16.932720,    1.663677
2014-06-14 25:00:00,   16.915202,    1.664205
2014-06-15 25:00:00,   16.834142,    1.664706
2014-06-16 25:00:00,   16.552650,    1.664878
2014-06-17 25:00:00,   16.098345,    1.642553
2014-06-18 25:00:00,   16.020808,    1.641478
2014-06-19 25:00:00,   16.103321,    1.640637
2014-06-20 25:00:00,   16.129550,    1.640079
2014-06-21 25:00:00,   16.018881,    1.622122
2014-06-22 25:00:00,   15.700789,    1.621821
2014-06-23 25:00:00,   15.951142,    1.623028
2014-06-24 25:00:00,   15.940917,    1.623014
2014-06-25 25:00:00,   15.736447,    1.623222
2014-06-26 25:00:00,   15.552101,    1.623075
2014-06-27 25:00:00,   15.761689,    1.624381
2014-06-28 25:00:00,   15.551445,    1.624679
2014-06-29 25:00:00,   14.989357,    1.624862
2014-06-30 25:00:00,   14.877261,    1.625560
2014-07-01 25:00:00,   15.167752,    1.625796
2014-07-02 25:00:00,   15.326266,    1.617134
2014-07-03 25:00:00,   15.243897,    1.618350
2014-07-04 25:00:00,   15.094187,    1.617333
2014-07-05 25:00:00,   15.411883,    1.617416
2014-07-06 25:00:00,   15.467429,    1.612110
2014-07-07 25:00:00,   15.219894,    1.611170
2014-07-08 25:00:00,   14.980757,    1.609292
2014-07-09 25:00:00,   15.038961,    1.609853
2014-07-10 25:00:00,   15.233991,    1.610207
2014-07-11 25:00:00,   15.468903,    1.609998
2014-07-12 25:00:00,   15.363797,    1.611272
2014-07-13 25:00:00,   14.936524,    1.611093
2014-07-14 25:00:00,   14.940129,    1.599762
2014-07-15 25:00:00,   15.040893,    1.600158
2014-07-16 25:00:00,   15.656171,    1.601414
2014-07-17 25:00:00,   15.150808,    1.601227
2014-07-18 25:00:00,   15.637710,    1.602322
2014-07-19 25:00:00,   14.993049,    1.598786
2014-07-20 25:00:00,   15.548830,    1.583050
2014-07-21 25:00:00,   15.136113,    1.586282
2014-07-22 25:00:00,   15.013473,    1.580083
2014-07-23 25:00:00,   14.969000,    1.580308
2014-07-24 25:00:00,   15.544110,    1.580368
2014-07-25 25:00:00,   15.372062,    1.580114
2014-07-26 25:00:00,   15.469202,    1.576807
2014-07-27 25:00:00,   15.568208,    1.577207
2014-07-28 25:00:00,   15.739876,    1.577589
2014-07-29 25:00:00,   15.925299,    1.577424
2014-07-30 25:00:00,   16.088049,    1.577516
2014-07-31 25:00:00,   16.027183,    1.578520
2014-08-01 25:00:00,   16.085551,    1.579024
2014-08-02 25:00:00,   15.891829,    1.579065
2014-08-03 25:00:00,   16.637489,    1.580316
2014-08-04 25:00:00,   16.508126,    1.581079
2014-08-05 25:00:00,   16.324178,    1.581006
2014-08-06 25:00:00,   16.417413,    1.581624
2014-08-07 25:00:00,   16.447685,    1.580139
2014-08-08 25:00:00,   17.131749,    1.580211
2014-08-09 25:00:00,   17.394543,    1.582122
2014-08-10 25:00:00,   17.518420,    1.582473
2014-08-11 25:00:00,   17.463008,    1.582866
2014-08-12 25:00:00,   16.929166,    1.584399
2014-08-13 25:00:00,   16.912594,    1.586099
2014-08-14 25:00:00,   16.655073,    1.587330
2014-08-15 25:00:00,   16.921214,    1.587012
2014-08-16 25:00:00,   18.319833,    1.587082
2014-08-17 25:00:00,   18.225860,    1.569133
2014-08-18 25:00:00,   17.844466,    1.569570
2014-08-19 25:00:00,   18.625882,    1.569545
2014-08-20 25:00:00,   18.292850,    1.569004
2014-08-21 25:00:00,   18.472899,    1.569653
2014-08-22 25:00:00,   18.612382,    1.572732
2014-08-23 25:00:00,   18.562587,    1.573307
2014-08-24 25:00:00,   18.752815,    1.573614
2014-08-25 25:00:00,   19.293680,    1.574160
2014-08-26 25:00:00,   19.093291,    1.575129
2014-08-27 25:00:00,   19.854192,    1.576426
2014-08-28 25:00:00,   19.638818,    1.576844
2014-08-29 25:00:00,   19.555925,    1.470836
2014-08-30 25:00:00,   19.060501,    1.499225
2014-08-31 25:00:00,   18.696125,    1.498843
2014-09-01 25:00:00,   19.042225,    1.504304
2014-09-02 25:00:00,   18.594876,    1.503259
2014-09-03 25:00:00,   18.959232,    1.505056
2014-09-04 25:00:00,   18.910243,    1.507899
2014-09-05 25:00:00,   20.204023,    1.509102
2014-09-06 25:00:00,   19.571069,    1.501808
2014-09-07 25:00:00,   18.776576,    1.503783
2014-09-08 25:00:00,   17.679094,    1.515248
2014-09-09 25:00:00,   17.708534,    1.516570
2014-09-10 25:00:00,   18.682098,    1.517688
2014-09-11 25:00:00,   19.331090,    1.517820
2014-09-12 25:00:00,   20.191833,    1.521089
2014-09-13 25:00:00,   20.466908,    1.523214
2014-09-14 25:00:00,   20.849871,    1.524953
2014-09-15 25:00:00,   20.028408,    1.524579
2014-09-16 25:00:00,   20.746000,    1.526939
2014-09-17 25:00:00,   20.323600,    1.526562
2014-09-18 25:00:00,   21.031376,    1.528397
2014-09-19 25:00:00,   21.983297,    1.529992
2014-09-20 25:00:00,   22.636271,    1.534214
2014-09-21 25:00:00,   20.521833,    1.503738
2014-09-22 25:00:00,   20.266839,    1.496848
2014-09-23 25:00:00,   20.110643,    1.497909
2014-09-24 25:00:00,   21.087540,    1.498024
2014-09-25 25:00:00,   21.601052,    1.501451
2014-09-26 25:00:00,   21.476794,    1.503958
2014-09-27 25:00:00,   19.632481,    1.502555
2014-09-28 25:00:00,   19.059238,    1.504662
2014-09-29 25:00:00,   19.630917,    1.506480
2014-09-30 25:00:00,   20.703359,    1.508368
2014-10-01 25:00:00,   21.434322,    1.510974
2014-10-02 25:00:00,   22.325382,    1.513742
2014-10-03 25:00:00,   23.084338,    1.516190
2014-10-04 25:00:00,   23.995305,    1.519279
2014-10-05 25:00:00,   21.299931,    1.514916
2014-10-06 25:00:00,   21.610127,    1.518008
2014-10-07 25:00:00,   22.244562,    1.520015
2014-10-08 25:00:00,   22.918590,    1.522773
2014-10-09 25:00:00,   22.824990,    1.525586
2014-10-10 25:00:00,   22.786957,    1.527833
2014-10-11 25:00:00,   22.377371,    1.529537
2014-10-12 25:00:00,   22.058085,    1.531589
2014-10-13 25:00:00,   22.323942,    1.533431
2014-10-14 25:00:00,   22.951632,    1.536745
2014-10-15 25:00:00,   23.581384,    1.539270
2014-10-16 25:00:00,   24.569517,    1.542582
2014-10-17 25:00:00,   24.887397,    1.539905
2014-10-18 25:00:00,   23.006722,    1.512310
2014-10-19 25:00:00,   21.720038,    1.516626
2014-10-20 25:00:00,   21.816252,    1.517807
2014-10-21 25:00:00,   22.699578,    1.520104
2014-10-22 25:00:00,   23.601070,    1.523736
2014-10-23 25:00:00,   23.756247,    1.526635
2014-10-24 25:00:00,   24.184725,    1.529041
2014-10-25 25:00:00,   23.727179,    1.532602
2014-10-26 25:00:00,   23.571191,    1.535575
2014-10-27 25:00:00,   23.523384,    1.536339
2014-10-28 25:00:00,   23.518824,    1.539091
2014-10-29 25:00:00,   23.503149,    1.542073
2014-10-30 25:00:00,   23.014556,    1.544861
2014-10-31 25:00:00,   23.262752,    1.548520
2014-11-01 25:00:00,   24.131570,    1.552336
2014-11-02 25:00:00,   23.464117,    1.553441
2014-11-03 25:00:00,   23.355583,    1.557800
2014-11-04 25:00:00,   23.837157,    1.561272
2014-11-05 25:00:00,   23.941294,    1.564639
2014-11-06 25:00:00,   22.890756,    1.563361
2014-11-07 25:00:00,   22.763207,    1.566136
2014-11-08 25:00:00,   23.162977,    1.569747
2014-11-09 25:00:00,   24.681106,    1.571876
2014-11-10 25:00:00,   23.973693,    1.574713
2014-11-11 25:00:00,   24.443911,    1.577919
2014-11-12 25:00:00,   23.623477,    1.580678
2014-11-13 25:00:00,   22.420218,    1.583346
2014-11-14 25:00:00,   22.605066,    1.587556
2014-11-15 25:00:00,   23.053810,    1.591793
2014-11-16 25:00:00,   23.495142,    1.594240
2014-11-17 25:00:00,   25.304603,    1.596665
2014-11-18 25:00:00,   25.282601,    1.600414
2014-11-19 25:00:00,   25.701782,    1.604264
2014-11-20 25:00:00,   25.375189,    1.602879
2014-11-21 25:00:00,   24.954289,    1.605930
2014-11-22 25:00:00,   24.729981,    1.609614
2014-11-23 25:00:00,   23.941170,    1.612701
2014-11-24 25:00:00,   23.953257,    1.615024
2014-11-25 25:00:00,   24.347553,    1.619625
2014-11-26 25:00:00,   23.954085,    1.594980
2014-11-27 25:00:00,   24.387624,    1.592868
2014-11-28 25:00:00,   25.015564,    1.596811
2014-11-29 25:00:00,   25.853098,    1.602282
2014-11-30 25:00:00,   25.967090,    1.606546
2014-12-01 25:00:00,   25.123189,    1.610638
2014-12-02 25:00:00,   25.108586,    1.613967
2014-12-03 25:00:00,   25.322713,    1.618149
2014-12-04 25:00:00,   25.330907,    1.621702
2014-12-05 25:00:00,   24.138310,    1.623282
2014-12-06 25:00:00,   25.600936,    1.626733
2014-12-07 25:00:00,   25.909549,    1.630995
2014-12-08 25:00:00,   24.754078,    1.635708
2014-12-09 25:00:00,   23.857673,    1.637878
2014-12-10 25:00:00,   24.009420,    1.637337
2014-12-11 25:00:00,   25.105198,    1.639051
2014-12-12 25:00:00,   24.700419,    1.645789
2014-12-13 25:00:00,   24.429539,    1.651003
2014-12-14 25:00:00,   24.467055,    1.653499
2014-12-15 25:00:00,   24.374334,    1.656419
2014-12-16 25:00:00,   24.794625,    1.660639
2014-12-17 25:00:00,   24.463780,    1.663933
2014-12-18 25:00:00,   25.219609,    1.666741
2014-12-19 25:00:00,   26.474141,    1.671686
2014-12-20 25:00:00,   25.937031,    1.676942
2014-12-21 25:00:00,   25.707409,    1.677765
2014-12-22 25:00:00,   26.278121,    1.681545
2014-12-23 25:00:00,   25.754081,    1.679949
2014-12-24 25:00:00,   25.713725,    1.683592
2014-12-25 25:00:00,   26.110810,    1.686452
2014-12-26 25:00:00,   26.586450,    1.691244
2014-12-27 25:00:00,   27.035928,    1.694539
2014-12-28 25:00:00,   27.008837,    1.699962
2014-12-29 25:00:00,   27.642705,    1.702985
2014-12-30 25:00:00,   28.005868,    1.707550
2014-12-31 25:00:00,   27.547897,    1.711631
2015-01-01 25:00:00,   27.456334,    1.716034
2015-01-02 25:00:00,   25.959704,    1.715312
2015-01-03 25:00:00,   25.934328,    1.715296
2015-01-04 25:00:00,   26.767125,    1.718577
2015-01-05 25:00:00,   28.040108,    1.721857
2015-01-06 25:00:00,   28.312174,    1.726568
2015-01-07 25:00:00,   27.456332,    1.731679
2015-01-08 25:00:00,   26.593221,    1.736960
2015-01-09 25:00:00,   26.032170,    1.739450
2015-01-10 25:00:00,   26.477495,    1.741987
2015-01-11 25:00:00,   26.663949,    1.745258
2015-01-12 25:00:00,   27.381711,    1.749033
2015-01-13 25:00:00,   27.953115,    1.752296
2015-01-14 25:00:00,   28.697200,    1.757790
2015-01-15 25:00:00,   27.440470,    1.760680
2015-01-16 25:00:00,   27.538334,    1.764507
2015-01-17 25:00:00,   27.963479,    1.768506
2015-01-18 25:00:00,   29.258422,    1.772627
2015-01-19 25:00:00,   29.323417,    1.775064
2015-01-20 25:00:00,   30.368367,    1.775641
2015-01-21 25:00:00,   29.235874,    1.783761
2015-01-22 25:00:00,   27.329547,    1.784408
2015-01-23 25:00:00,   26.866674,    1.785113
2015-01-24 25:00:00,   26.241679,    1.783410
2015-01-25 25:00:00,   26.626117,    1.786119
2015-01-26 25:00:00,   26.550381,    1.786599
2015-01-27 25:00:00,   27.715610,    1.790056
2015-01-28 25:00:00,   28.832358,    1.796392
2015-01-29 25:00:00,   29.208245,    1.801505
2015-01-30 25:00:00,   29.417216,    1.807093
2015-01-31 25:00:00,   27.996243,    1.810481
2015-02-01 25:00:00,   27.898680,    1.813557
2015-02-02 25:00:00,   28.101781,    1.788784
2015-02-03 25:00:00,   28.526071,    1.805026
2015-02-04 25:00:00,   29.656573,    1.808970
2015-02-05 25:00:00,   29.616529,    1.813411
2015-02-06 25:00:00,   28.436249,    1.814561
2015-02-07 25:00:00,   28.548441,    1.816714
2015-02-08 25:00:00,   29.325516,    1.819529
2015-02-09 25:00:00,   29.314906,    1.824718
2015-02-10 25:00:00,   29.011074,    1.828878
2015-02-11 25:00:00,   29.288466,    1.832824
2015-02-12 25:00:00,   28.673030,    1.834681
2015-02-13 25:00:00,   27.944458,    1.833016
2015-02-14 25:00:00,   26.695838,    1.833215
2015-02-15 25:00:00,   26.535255,    1.831136
2015-02-16 25:00:00,   26.793125,    1.833743
2015-02-17 25:00:00,   26.357253,    1.835357
2015-02-18 25:00:00,   27.558627,    1.837852
2015-02-19 25:00:00,   27.284554,    1.842012
2015-02-20 25:00:00,   26.897256,    1.845742
2015-02-21 25:00:00,   26.675158,    1.846384
2015-02-22 25:00:00,   26.238398,    1.849545
2015-02-23 25:00:00,   26.968138,    1.844041
2015-02-24 25:00:00,   27.224618,    1.844267
2015-02-25 25:00:00,   28.289226,    1.846736
2015-02-26 25:00:00,   29.154875,    1.848794
2015-02-27 25:00:00,   27.945406,    1.853826
2015-02-28 25:00:00,   27.492368,    1.857745
2015-03-01 25:00:00,   26.807523,    1.859430
2015-03-02 25:00:00,   26.314303,    1.863212
2015-03-03 25:00:00,   26.555693,    1.866695
2015-03-04 25:00:00,   26.579134,    1.868194
2015-03-05 25:00:00,   26.822357,    1.871436
2015-03-06 25:00:00,   26.965177,    1.873924
2015-03-07 25:00:00,   27.380626,    1.878272
2015-03-08 25:00:00,   27.236013,    1.880777
2015-03-09 25:00:00,   27.309428,    1.883437
2015-03-10 25:00:00,   27.145835,    1.886917
2015-03-11 25:00:00,   27.122000,    1.887586
2015-03-12 25:00:00,   27.824806,    1.891487
2015-03-13 25:00:00,   26.502554,    1.888074
2015-03-14 25:00:00,   25.929085,    1.861620
2015-03-15 25:00:00,   26.439123,    1.860418
2015-03-16 25:00:00,   26.105588,    1.861783
2015-03-17 25:00:00,   26.030026,    1.862076
2015-03-18 25:00:00,   25.453534,    1.854711
2015-03-19 25:00:00,   25.363690,    1.852014
2015-03-20 25:00:00,   25.302996,    1.852801
2015-03-21 25:00:00,   24.871239,    1.854001
2015-03-22 25:00:00,   24.110059,    1.849981
2015-03-23 25:00:00,   23.614795,    1.845615
2015-03-24 25:00:00,   23.250786,    1.846686
2015-03-25 25:00:00,   23.172878,    1.841082
2015-03-26 25:00:00,   23.465683,    1.842935
2015-03-27 25:00:00,   23.630879,    1.844474
2015-03-28 25:00:00,   24.001500,    1.848168
2015-03-29 25:00:00,   24.575703,    1.849399
2015-03-30 25:00:00,   23.776044,    1.850233
2015-03-31 25:00:00,   23.898253,    1.851685
2015-04-01 25:00:00,   23.714136,    1.853282
2015-04-02 25:00:00,   23.538187,    1.854360
2015-04-03 25:00:00,   24.109042,    1.856666
2015-04-04 25:00:00,   23.545842,    1.858233
2015-04-05 25:00:00,   23.596335,    1.860535
2015-04-06 25:00:00,   22.591356,    1.851578
2015-04-07 25:00:00,   21.793623,    1.824400
2015-04-08 25:00:00,   21.700127,    1.823793
2015-04-09 25:00:00,   21.556966,    1.785775
2015-04-10 25:00:00,   21.897688,    1.785568
2015-04-11 25:00:00,   21.918748,    1.786104
2015-04-12 25:00:00,   21.588990,    1.784217
2015-04-13 25:00:00,   22.481115,    1.785689
2015-04-14 25:00:00,   21.723495,    1.785835
2015-04-15 25:00:00,   21.330907,    1.786788
2015-04-16 25:00:00,   21.534176,    1.787141
2015-04-17 25:00:00,   21.394558,    1.786926
2015-04-18 25:00:00,   21.664292,    1.789155
2015-04-19 25:00:00,   21.592237,    1.789638
2015-04-20 25:00:00,   22.037084,    1.791430
2015-04-21 25:00:00,   21.916159,    1.792449
2015-04-22 25:00:00,   21.951876,    1.793627
2015-04-23 25:00:00,   21.563036,    1.795935
2015-04-24 25:00:00,   20.701491,    1.793709
2015-04-25 25:00:00,   20.554061,    1.792309
2015-04-26 25:00:00,   20.383282,    1.791420
2015-04-27 25:00:00,   20.180477,    1.790750
2015-04-28 25:00:00,   20.151915,    1.789671
2015-04-29 25:00:00,   20.156952,    1.790794
2015-04-30 25:00:00,   20.053821,    1.782246
2015-05-01 25:00:00,   19.971767,    1.784828
2015-05-02 25:00:00,   19.759253,    1.786084
2015-05-03 25:00:00,   19.454008,    1.778800
2015-05-04 25:00:00,   18.760072,    1.778094
2015-05-05 25:00:00,   18.655255,    1.778914
2015-05-06 25:00:00,   18.730205,    1.778875
2015-05-07 25:00:00,   18.892859,    1.779908
2015-05-08 25:00:00,   18.803585,    1.780108
2015-05-09 25:00:00,   19.220384,    1.780633
2015-05-10 25:00:00,   19.374148,    1.781490
2015-05-11 25:00:00,   19.482718,    1.782621
2015-05-12 25:00:00,   19.266028,    1.783910
2015-05-13 25:00:00,   18.951474,    1.784919
2015-05-14 25:00:00,   18.858482,    1.785023
2015-05-15 25:00:00,   18.443782,    1.786427
2015-05-16 25:00:00,   17.931781,    1.766852
2015-05-17 25:00:00,   17.819379,    1.747204
2015-05-18 25:00:00,   17.722791,    1.746722
2015-05-19 25:00:00,   17.487524,    1.747390
2015-05-20 25:00:00,   17.273904,    1.748121
2015-05-21 25:00:00,   17.086413,    1.748908
2015-05-22 25:00:00,   17.355246,    1.750077
2015-05-23 25:00:00,   17.524930,    1.749439
2015-05-24 25:00:00,   17.811686,    1.750663
2015-05-25 25:00:00,   17.973950,    1.750517
2015-05-26 25:00:00,   17.767204,    1.751780
2015-05-27 25:00:00,   17.342270,    1.751493
2015-05-28 25:00:00,   17.195499,    1.752275
2015-05-29 25:00:00,   17.038964,    1.752418
2015-05-30 25:00:00,   17.355299,    1.753532
2015-05-31 25:00:00,   17.310812,    1.753485
2015-06-01 25:00:00,   16.650632,    1.753924
2015-06-02 25:00:00,   16.736203,    1.747170
2015-06-03 25:00:00,   17.055694,    1.747319
2015-06-04 25:00:00,   17.289987,    1.747425
2015-06-05 25:00:00,   18.093773,    1.747583
2015-06-06 25:00:00,   18.141960,    1.744205
2015-06-07 25:00:00,   18.330943,    1.744919
2015-06-08 25:00:00,   17.964776,    1.746630
2015-06-09 25:00:00,   17.669414,    1.748164
2015-06-10 25:00:00,   17.542379,    1.748931
2015-06-11 25:00:00,   17.493422,    1.749763
2015-06-12 25:00:00,   17.395242,    1.737257
2015-06-13 25:00:00,   17.221506,    1.738962
2015-06-14 25:00:00,   17.084276,    1.740489
2015-06-15 25:00:00,   17.009454,    1.741094
2015-06-16 25:00:00,   16.783311,    1.741762
2015-06-17 25:00:00,   16.561423,    1.742978
2015-06-18 25:00:00,   16.600047,    1.723875
2015-06-19 25:00:00,   16.810845,    1.707811
2015-06-20 25:00:00,   17.067291,    1.704449
2015-06-21 25:00:00,   16.701948,    1.694945
2015-06-22 25:00:00,   16.370992,    1.692337
2015-06-23 25:00:00,   16.373589,    1.693430
2015-06-24 25:00:00,   16.068519,    1.693292
2015-06-25 25:00:00,   16.308348,    1.693878
2015-06-26 25:00:00,   16.152587,    1.694202
2015-06-27 25:00:00,   16.054479,    1.694409
2015-06-28 25:00:00,   15.916057,    1.694911
2015-06-29 25:00:00,   16.261718,    1.696183
2015-06-30 25:00:00,   15.874068,    1.695813
2015-07-01 25:00:00,   15.874150,    1.693109
2015-07-02 25:00:00,   15.989658,    1.695654
2015-07-03 25:00:00,   16.640495,    1.695516
2015-07-04 25:00:00,   16.961060,    1.695959
2015-07-05 25:00:00,   16.816013,    1.695887
2015-07-06 25:00:00,   16.622407,    1.696335
2015-07-07 25:00:00,   16.596675,    1.692878
2015-07-08 25:00:00,   16.040911,    1.694907
2015-07-09 25:00:00,   15.925743,    1.696058
2015-07-10 25:00:00,   15.910536,    1.694480
2015-07-11 25:00:00,   15.845300,    1.695164
2015-07-12 25:00:00,   15.653855,    1.695727
2015-07-13 25:00:00,   15.456062,    1.696162
2015-07-14 25:00:00,   15.348094,    1.696078
2015-07-15 25:00:00,   15.321109,    1.696512
2015-07-16 25:00:00,   15.105564,    1.697430
2015-07-17 25:00:00,   15.002351,    1.698213
2015-07-18 25:00:00,   15.427345,    1.685533
2015-07-19 25:00:00,   15.190034,    1.688869
2015-07-20 25:00:00,   15.347177,    1.685643
2015-07-21 25:00:00,   15.580258,    1.684556
2015-07-22 25:00:00,   15.178009,    1.681691
2015-07-23 25:00:00,   15.169245,    1.678508
2015-07-24 25:00:00,   15.562742,    1.679356
2015-07-25 25:00:00,   15.593118,    1.679898
2015-07-26 25:00:00,   15.982057,    1.679509
2015-07-27 25:00:00,   15.583955,    1.681027
2015-07-28 25:00:00,   15.240991,    1.676818
2015-07-29 25:00:00,   15.811989,    1.676859
2015-07-30 25:00:00,   15.451533,    1.664912
2015-07-31 25:00:00,   16.368507,    1.661881
2015-08-01 25:00:00,   15.707910,    1.662803
2015-08-02 25:00:00,   16.102115,    1.664318
2015-08-03 25:00:00,   16.099596,    1.664280
2015-08-04 25:00:00,   15.638449,    1.664277
2015-08-05 25:00:00,   15.586201,    1.665148
2015-08-06 25:00:00,   15.378969,    1.665602
2015-08-07 25:00:00,   15.455855,    1.659244
2015-08-08 25:00:00,   15.143103,    1.656271
2015-08-09 25:00:00,   15.165230,    1.650197
2015-08-10 25:00:00,   15.212755,    1.653030
2015-08-11 25:00:00,   15.305928,    1.653485
2015-08-12 25:00:00,   16.100922,    1.653530
2015-08-13 25:00:00,   16.228881,    1.654502
2015-08-14 25:00:00,   16.945228,    1.655835
2015-08-15 25:00:00,   17.126511,    1.655838
2015-08-16 25:00:00,   17.921997,    1.657288
2015-08-17 25:00:00,   17.512084,    1.654007
2015-08-18 25:00:00,   17.702614,    1.655912
2015-08-19 25:00:00,   17.010796,    1.651106
2015-08-20 25:00:00,   16.914087,    1.650998
2015-08-21 25:00:00,   16.305148,    1.636782
2015-08-22 25:00:00,   16.324247,    1.624230
2015-08-23 25:00:00,   16.379122,    1.625557
2015-08-24 25:00:00,   16.475472,    1.627034
2015-08-25 25:00:00,   16.812520,    1.628850
2015-08-26 25:00:00,   16.930079,    1.629917
2015-08-27 25:00:00,   17.284326,    1.630755
2015-08-28 25:00:00,   17.921896,    1.533561
2015-08-29 25:00:00,   18.003605,    1.547282
2015-08-30 25:00:00,   17.440265,    1.583827
2015-08-31 25:00:00,   16.776381,    1.584132
2015-09-01 25:00:00,   16.706692,    1.586891
2015-09-02 25:00:00,   16.487183,    1.587586
2015-09-03 25:00:00,   17.366031,    1.589625
2015-09-04 25:00:00,   17.266850,    1.574762
2015-09-05 25:00:00,   17.322972,    1.576919
2015-09-06 25:00:00,   17.660309,    1.579351
2015-09-07 25:00:00,   18.162399,    1.580412
2015-09-08 25:00:00,   19.268973,    1.582338
2015-09-09 25:00:00,   18.918172,    1.583749
2015-09-10 25:00:00,   18.299729,    1.582548
2015-09-11 25:00:00,   18.742957,    1.582390
2015-09-12 25:00:00,   18.099455,    1.576207
2015-09-13 25:00:00,   18.611128,    1.578788
2015-09-14 25:00:00,   18.234149,    1.578442
2015-09-15 25:00:00,   18.250284,    1.580288
2015-09-16 25:00:00,   18.370194,    1.581426
2015-09-17 25:00:00,   19.182696,    1.583253
2015-09-18 25:00:00,   19.416742,    1.584319
2015-09-19 25:00:00,   19.291868,    1.587562
2015-09-20 25:00:00,   18.948445,    1.588582
2015-09-21 25:00:00,   19.876693,    1.591722
2015-09-22 25:00:00,   19.891583,    1.594837
2015-09-23 25:00:00,   20.614077,    1.597102
2015-09-24 25:00:00,   21.289301,    1.599949
2015-09-25 25:00:00,   21.422898,    1.602390
2015-09-26 25:00:00,   21.311509,    1.604437
2015-09-27 25:00:00,   21.567508,    1.607891
2015-09-28 25:00:00,   22.609792,    1.610666
2015-09-29 25:00:00,   22.886672,    1.612845
2015-09-30 25:00:00,   23.927769,    1.615661
2015-10-01 25:00:00,   24.605738,    1.618228
2015-10-02 25:00:00,   24.243831,    1.619717
2015-10-03 25:00:00,   24.752940,    1.622069
2015-10-04 25:00:00,   23.175938,    1.622223
2015-10-05 25:00:00,   21.147430,    1.623753
2015-10-06 25:00:00,   21.561555,    1.625294
2015-10-07 25:00:00,   21.683138,    1.629292
2015-10-08 25:00:00,   22.042568,    1.631606
2015-10-09 25:00:00,   23.530665,    1.634924
2015-10-10 25:00:00,   24.117493,    1.637889
2015-10-11 25:00:00,   24.402753,    1.640460
2015-10-12 25:00:00,   25.058360,    1.642306
2015-10-13 25:00:00,   25.609859,    1.646249
2015-10-14 25:00:00,   23.428561,    1.644266
2015-10-15 25:00:00,   23.038233,    1.647609
2015-10-16 25:00:00,   23.074259,    1.649598
2015-10-17 25:00:00,   23.470320,    1.653349
2015-10-18 25:00:00,   22.713201,    1.642169
2015-10-19 25:00:00,   23.111066,    1.646542
2015-10-20 25:00:00,   23.453462,    1.648202
2015-10-21 25:00:00,   24.547527,    1.651175
2015-10-22 25:00:00,   24.324516,    1.654512
2015-10-23 25:00:00,   23.974645,    1.657735
2015-10-24 25:00:00,   23.658075,    1.660913
2015-10-25 25:00:00,   23.914734,    1.664243
2015-10-26 25:00:00,   24.279951,    1.664362
2015-10-27 25:00:00,   23.829316,    1.666924
2015-10-28 25:00:00,   25.630808,    1.669508
2015-10-29 25:00:00,   26.770179,    1.672575
2015-10-30 25:00:00,   26.181759,    1.676237
2015-10-31 25:00:00,   26.253654,    1.681276
2015-11-01 25:00:00,   26.320852,    1.669045
2015-11-02 25:00:00,   26.144757,    1.633115
2015-11-03 25:00:00,   26.319622,    1.637789
2015-11-04 25:00:00,   26.647846,    1.643891
2015-11-05 25:00:00,   26.214789,    1.645559
2015-11-06 25:00:00,   24.843285,    1.645288
2015-11-07 25:00:00,   23.708643,    1.650100
2015-11-08 25:00:00,   24.045629,    1.653365
2015-11-09 25:00:00,   24.968253,    1.657378
2015-11-10 25:00:00,   25.456806,    1.661196
2015-11-11 25:00:00,   26.057585,    1.665688
2015-11-12 25:00:00,   26.452957,    1.670774
2015-11-13 25:00:00,   27.172125,    1.676023
2015-11-14 25:00:00,   28.404858,    1.682555
2015-11-15 25:00:00,   27.890380,    1.688100
2015-11-16 25:00:00,   28.398731,    1.692384
2015-11-17 25:00:00,   26.451857,    1.691394
2015-11-18 25:00:00,   24.906873,    1.693097
2015-11-19 25:00:00,   24.401653,    1.694561
2015-11-20 25:00:00,   24.598159,    1.698181
2015-11-21 25:00:00,   24.866898,    1.702564
2015-11-22 25:00:00,   26.019597,    1.709804
2015-11-23 25:00:00,   27.018072,    1.713787
2015-11-24 25:00:00,   25.574374,    1.718888
2015-11-25 25:00:00,   25.225004,    1.721431
2015-11-26 25:00:00,   25.295613,    1.726405
2015-11-27 25:00:00,   26.033233,    1.731486
2015-11-28 25:00:00,   25.838678,    1.735901
2015-11-29 25:00:00,   25.063476,    1.741920
2015-11-30 25:00:00,   24.354283,    1.744760
2015-12-01 25:00:00,   24.567960,    1.743051
2015-12-02 25:00:00,   25.324224,    1.747744
2015-12-03 25:00:00,   26.073149,    1.753264
2015-12-04 25:00:00,   24.725011,    1.757636
2015-12-05 25:00:00,   22.965569,    1.740333
2015-12-06 25:00:00,   22.580645,    1.737193
2015-12-07 25:00:00,   23.137386,    1.741364
2015-12-08 25:00:00,   24.448323,    1.745201
2015-12-09 25:00:00,   24.797044,    1.751082
2015-12-10 25:00:00,   24.783667,    1.756136
2015-12-11 25:00:00,   25.265397,    1.762472
2015-12-12 25:00:00,   24.655544,    1.765259
2015-12-13 25:00:00,   25.668207,    1.770016
2015-12-14 25:00:00,   25.934919,    1.774334
2015-12-15 25:00:00,   26.016503,    1.773720
2015-12-16 25:00:00,   26.084336,    1.778310
2015-12-17 25:00:00,   26.333207,    1.782100
2015-12-18 25:00:00,   26.152394,    1.786483
2015-12-19 25:00:00,   24.706849,    1.788186
2015-12-20 25:00:00,   25.128081,    1.788067
2015-12-21 25:00:00,   26.000513,    1.793784
2015-12-22 25:00:00,   27.579011,    1.800974
2015-12-23 25:00:00,   28.345291,    1.807116
2015-12-24 25:00:00,   25.840107,    1.808092
2015-12-25 25:00:00,   25.495993,    1.809954
2015-12-26 25:00:00,   25.729949,    1.812529
2015-12-27 25:00:00,   26.935614,    1.816852
2015-12-28 25:00:00,   27.805603,    1.823602
2015-12-29 25:00:00,   27.575849,    1.827975
2015-12-30 25:00:00,   26.523993,    1.831288
2015-12-31 25:00:00,   26.634400,    1.834098
2016-01-01 25:00:00,   26.756326,    1.839066
2016-01-02 25:00:00,   27.537858,    1.842518
2016-01-03 25:00:00,   28.588183,    1.849632
2016-01-04 25:00:00,   28.471700,    1.853687
2016-01-05 25:00:00,   30.046948,    1.858723
2016-01-06 25:00:00,   31.053672,    1.863384
2016-01-07 25:00:00,   30.861759,    1.869361
2016-01-08 25:00:00,   29.423107,    1.871965
2016-01-09 25:00:00,   30.059639,    1.876564
2016-01-10 25:00:00,   30.163427,    1.881246
2016-01-11 25:00:00,   29.935739,    1.884595
2016-01-12 25:00:00,   28.056198,    1.881659
2016-01-13 25:00:00,   27.356737,    1.881647
2016-01-14 25:00:00,   26.989080,    1.882047
2016-01-15 25:00:00,   27.743649,    1.885418
2016-01-16 25:00:00,   28.779517,    1.890527
2016-01-17 25:00:00,   26.651219,    1.890675
2016-01-18 25:00:00,   25.860245,    1.887549
2016-01-19 25:00:00,   25.080336,    1.868152
2016-01-20 25:00:00,   25.680357,    1.870474
2016-01-21 25:00:00,   24.847549,    1.871964
2016-01-22 25:00:00,   26.062475,    1.873954
2016-01-23 25:00:00,   27.554201,    1.879639
2016-01-24 25:00:00,   28.724002,    1.885492
2016-01-25 25:00:00,   29.833971,    1.890528
2016-01-26 25:00:00,   28.944437,    1.895019
2016-01-27 25:00:00,   28.115146,    1.897654
2016-01-28 25:00:00,   27.828332,    1.903265
2016-01-29 25:00:00,   27.915417,    1.907378
2016-01-30 25:00:00,   26.360442,    1.869303
2016-01-31 25:00:00,   24.967286,    1.867831
2016-02-01 25:00:00,   24.400188,    1.866717
2016-02-02 25:00:00,   24.883632,    1.870301
2016-02-03 25:00:00,   25.497209,    1.872840
2016-02-04 25:00:00,   26.267015,    1.879043
2016-02-05 25:00:00,   27.159815,    1.883319
2016-02-06 25:00:00,   27.411040,    1.887594
2016-02-07 25:00:00,   28.512549,    1.892517
2016-02-08 25:00:00,   29.029208,    1.900489
2016-02-09 25:00:00,   29.367568,    1.906649
2016-02-10 25:00:00,   30.352709,    1.910497
2016-02-11 25:00:00,   30.407043,    1.913932
2016-02-12 25:00:00,   28.687586,    1.916750
2016-02-13 25:00:00,   27.562654,    1.918891
2016-02-14 25:00:00,   26.998551,    1.920049
2016-02-15 25:00:00,   26.917209,    1.920981
2016-02-16 25:00:00,   27.247744,    1.923268
2016-02-17 25:00:00,   27.490300,    1.929581
2016-02-18 25:00:00,   26.905691,    1.934680
2016-02-19 25:00:00,   25.870237,    1.936991
2016-02-20 25:00:00,   26.369784,    1.929012
2016-02-21 25:00:00,   27.255436,    1.932228
2016-02-22 25:00:00,   26.560187,    1.923247
2016-02-23 25:00:00,   25.924893,    1.927370
2016-02-24 25:00:00,   25.000702,    1.926923
2016-02-25 25:00:00,   24.803696,    1.923704
2016-02-26 25:00:00,   25.651871,    1.927406
2016-02-27 25:00:00,   27.012568,    1.929096
2016-02-28 25:00:00,   27.321225,    1.934516
2016-02-29 25:00:00,   27.004174,    1.937490
2016-03-01 25:00:00,   26.145480,    1.941680
2016-03-02 25:00:00,   26.045562,    1.943431
2016-03-03 25:00:00,   25.590651,    1.945837
2016-03-04 25:00:00,   25.763530,    1.947066
2016-03-05 25:00:00,   26.161060,    1.949861
2016-03-06 25:00:00,   26.379289,    1.952322
2016-03-07 25:00:00,   26.779798,    1.957015
2016-03-08 25:00:00,   27.343804,    1.961066
2016-03-09 25:00:00,   28.018931,    1.964658
2016-03-10 25:00:00,   26.967108,    1.965845
2016-03-11 25:00:00,   26.844545,    1.968945
2016-03-12 25:00:00,   27.187850,    1.972699
2016-03-13 25:00:00,   27.558460,    1.976593
2016-03-14 25:00:00,   27.811552,    1.978306
2016-03-15 25:00:00,   27.784622,    1.984755
2016-03-16 25:00:00,   26.064350,    1.978878
2016-03-17 25:00:00,   25.337051,    1.975997
2016-03-18 25:00:00,   25.746772,    1.979227
2016-03-19 25:00:00,   25.745706,    1.980918
2016-03-20 25:00:00,   26.636641,    1.983643
2016-03-21 25:00:00,   26.425935,    1.985674
2016-03-22 25:00:00,   26.025229,    1.988872
2016-03-23 25:00:00,   24.444835,    1.926401
2016-03-24 25:00:00,   24.278091,    1.924612
2016-03-25 25:00:00,   25.294624,    1.925616
2016-03-26 25:00:00,   24.397563,    1.898689
2016-03-27 25:00:00,   24.102671,    1.910401
2016-03-28 25:00:00,   24.279458,    1.913047
2016-03-29 25:00:00,   24.790531,    1.914494
2016-03-30 25:00:00,   25.277157,    1.916943
2016-03-31 25:00:00,   25.109934,    1.919261
2016-04-01 25:00:00,   24.655033,    1.920655
2016-04-02 25:00:00,   25.212957,    1.921782
2016-04-03 25:00:00,   25.692378,    1.923223
2016-04-04 25:00:00,   24.728239,    1.924844
2016-04-05 25:00:00,   23.482389,    1.921638
2016-04-06 25:00:00,   23.085090,    1.917756
2016-04-07 25:00:00,   22.781207,    1.917891
2016-04-08 25:00:00,   22.585398,    1.914725
2016-04-09 25:00:00,   22.001434,    1.911939
2016-04-10 25:00:00,   22.322254,    1.905996
2016-04-11 25:00:00,   22.025470,    1.902654
2016-04-12 25:00:00,   22.450039,    1.903102
2016-04-13 25:00:00,   22.575313,    1.903677
2016-04-14 25:00:00,   22.508631,    1.904509
2016-04-15 25:00:00,   22.907332,    1.906816
2016-04-16 25:00:00,   23.168820,    1.907839
2016-04-17 25:00:00,   22.572887,    1.897854
2016-04-18 25:00:00,   22.410182,    1.859575
2016-04-19 25:00:00,   22.764929,    1.882882
2016-04-20 25:00:00,   22.929239,    1.885413
2016-04-21 25:00:00,   22.837009,    1.887977
2016-04-22 25:00:00,   22.357604,    1.889991
2016-04-23 25:00:00,   22.414817,    1.891160
2016-04-24 25:00:00,   22.463570,    1.891309
2016-04-25 25:00:00,   22.033498,    1.864550
2016-04-26 25:00:00,   20.943738,    1.867135
2016-04-27 25:00:00,   20.654342,    1.864307
2016-04-28 25:00:00,   20.226584,    1.858414
2016-04-29 25:00:00,   20.108291,    1.855799
2016-04-30 25:00:00,   19.796315,    1.855755
2016-05-01 25:00:00,   19.969869,    1.854487
2016-05-02 25:00:00,   19.893556,    1.854087
2016-05-03 25:00:00,   20.051315,    1.855131
2016-05-04 25:00:00,   20.039011,    1.855651
2016-05-05 25:00:00,   20.335529,    1.856397
2016-05-06 25:00:00,   19.911927,    1.844986
2016-05-07 25:00:00,   19.192384,    1.841356
2016-05-08 25:00:00,   18.984915,    1.841149
2016-05-09 25:00:00,   19.195825,    1.840260
2016-05-10 25:00:00,   19.378942,    1.840778
2016-05-11 25:00:00,   19.189449,    1.840771
2016-05-12 25:00:00,   19.646927,    1.841661
2016-05-13 25:00:00,   19.369201,    1.842457
2016-05-14 25:00:00,   19.612928,    1.843364
2016-05-15 25:00:00,   19.241578,    1.842769
2016-05-16 25:00:00,   19.372653,    1.844209
2016-05-17 25:00:00,   19.087236,    1.844339
2016-05-18 25:00:00,   19.280972,    1.844778
2016-05-19 25:00:00,   19.050805,    1.831398
2016-05-20 25:00:00,   18.982263,    1.837231
2016-05-21 25:00:00,   18.162165,    1.814025
2016-05-22 25:00:00,   17.903040,    1.816043
2016-05-23 25:00:00,   18.002026,    1.822663
2016-05-24 25:00:00,   18.048658,    1.809382
2016-05-25 25:00:00,   17.944720,    1.810280
2016-05-26 25:00:00,   17.795462,    1.808745
2016-05-27 25:00:00,   17.727987,    1.809496
2016-05-28 25:00:00,   17.717625,    1.802620
2016-05-29 25:00:00,   17.797679,    1.803773
2016-05-30 25:00:00,   17.730954,    1.804528
2016-05-31 25:00:00,   17.525490,    1.804602
2016-06-01 25:00:00,   17.441103,    1.805356
2016-06-02 25:00:00,   17.150561,    1.805719
2016-06-03 25:00:00,   17.297294,    1.806172
2016-06-04 25:00:00,   17.215832,    1.804908
2016-06-05 25:00:00,   17.103869,    1.805857
2016-06-06 25:00:00,   16.791314,    1.796523
2016-06-07 25:00:00,   16.318395,    1.789462
2016-06-08 25:00:00,   16.103424,    1.790282
2016-06-09 25:00:00,   15.933785,    1.789647
2016-06-10 25:00:00,   16.172680,    1.787610
2016-06-11 25:00:00,   16.025778,    1.788198
2016-06-12 25:00:00,   16.057440,    1.788902
2016-06-13 25:00:00,   16.115748,    1.766630
2016-06-14 25:00:00,   16.079250,    1.766955
2016-06-15 25:00:00,   16.708667,    1.767675
2016-06-16 25:00:00,   16.179986,    1.768073
2016-06-17 25:00:00,   16.031622,    1.768180
2016-06-18 25:00:00,   15.881832,    1.768503
2016-06-19 25:00:00,   15.882658,    1.768194
2016-06-20 25:00:00,   15.896359,    1.768463
2016-06-21 25:00:00,   16.166033,    1.769804
2016-06-22 25:00:00,   15.832971,    1.768744
2016-06-23 25:00:00,   16.203710,    1.770120
2016-06-24 25:00:00,   15.781776,    1.769489
2016-06-25 25:00:00,   15.717981,    1.762193
2016-06-26 25:00:00,   15.562054,    1.762992
2016-06-27 25:00:00,   15.446494,    1.763724
2016-06-28 25:00:00,   15.433504,    1.763426
2016-06-29 25:00:00,   15.570644,    1.763917
2016-06-30 25:00:00,   15.973626,    1.764678
2016-07-01 25:00:00,   15.794928,    1.765149
2016-07-02 25:00:00,   15.491339,    1.764919
2016-07-03 25:00:00,   15.196756,    1.765299
2016-07-04 25:00:00,   14.946663,    1.765967
2016-07-05 25:00:00,   14.761480,    1.766642
2016-07-06 25:00:00,   14.640012,    1.767050
2016-07-07 25:00:00,   14.684607,    1.767300
2016-07-08 25:00:00,   14.729929,    1.761335
2016-07-09 25:00:00,   14.359924,    1.748699
2016-07-10 25:00:00,   14.360051,    1.743359
2016-07-11 25:00:00,   14.354476,    1.743499
2016-07-12 25:00:00,   14.322563,    1.744389
2016-07-13 25:00:00,   14.041038,    1.744556
2016-07-14 25:00:00,   13.975302,    1.745323
2016-07-15 25:00:00,   14.366813,    1.745483
2016-07-16 25:00:00,   14.710691,    1.743507
2016-07-17 25:00:00,   14.845506,    1.742709
2016-07-18 25:00:00,   14.867067,    1.742515
2016-07-19 25:00:00,   15.246180,    1.743433
2016-07-20 25:00:00,   14.708191,    1.743288
2016-07-21 25:00:00,   14.642994,    1.736603
2016-07-22 25:00:00,   15.005619,    1.737539
2016-07-23 25:00:00,   14.491083,    1.735906
2016-07-24 25:00:00,   14.952678,    1.737197
2016-07-25 25:00:00,   14.983693,    1.737705
2016-07-26 25:00:00,   15.366015,    1.738237
2016-07-27 25:00:00,   15.521481,    1.739025
2016-07-28 25:00:00,   15.865415,    1.739139
2016-07-29 25:00:00,   15.178353,    1.735022
2016-07-30 25:00:00,   15.204836,    1.736664
2016-07-31 25:00:00,   14.972289,    1.736153
2016-08-01 25:00:00,   15.345073,    1.737287
2016-08-02 25:00:00,   14.864587,    1.737556
2016-08-03 25:00:00,   14.461585,    1.735863
2016-08-04 25:00:00,   14.597050,    1.725485
2016-08-05 25:00:00,   15.098605,    1.721891
2016-08-06 25:00:00,   14.706980,    1.714638
2016-08-07 25:00:00,   14.590280,    1.712853
2016-08-08 25:00:00,   14.320814,    1.710576
2016-08-09 25:00:00,   14.291647,    1.709693
2016-08-10 25:00:00,   14.413049,    1.708344
2016-08-11 25:00:00,   14.595186,    1.705803
2016-08-12 25:00:00,   15.760262,    1.707005
2016-08-13 25:00:00,   15.635428,    1.708106
2016-08-14 25:00:00,   16.140253,    1.708744
2016-08-15 25:00:00,   15.389796,    1.691727
2016-08-16 25:00:00,   15.999183,    1.694341
2016-08-17 25:00:00,   15.150725,    1.684095
2016-08-18 25:00:00,   14.964831,    1.686282
2016-08-19 25:00:00,   14.815291,    1.674950
2016-08-20 25:00:00,   15.103188,    1.680276
2016-08-21 25:00:00,   14.796282,    1.681065
2016-08-22 25:00:00,   14.766081,    1.683069
2016-08-23 25:00:00,   15.389863,    1.684514
2016-08-24 25:00:00,   15.324895,    1.684780
2016-08-25 25:00:00,   15.402361,    1.685664
2016-08-26 25:00:00,   15.405146,    1.671032
2016-08-27 25:00:00,   15.341413,    1.663522
2016-08-28 25:00:00,   15.155304,    1.665637
2016-08-29 25:00:00,   16.139161,    1.666836
2016-08-30 25:00:00,   16.497877,    1.668107
2016-08-31 25:00:00,   15.918852,    1.652106
2016-09-01 25:00:00,   16.549662,    1.654565
2016-09-02 25:00:00,   16.868534,    1.655843
2016-09-03 25:00:00,   17.194253,    1.656738
2016-09-04 25:00:00,   17.279285,    1.657804
2016-09-05 25:00:00,   18.059567,    1.659537
2016-09-06 25:00:00,   17.786751,    1.659652
2016-09-07 25:00:00,   17.187235,    1.653407
2016-09-08 25:00:00,   18.135865,    1.656056
2016-09-09 25:00:00,   18.261912,    1.657258
2016-09-10 25:00:00,   18.463628,    1.657749
2016-09-11 25:00:00,   17.186474,    1.659299
2016-09-12 25:00:00,   16.926170,    1.661254
2016-09-13 25:00:00,   17.049743,    1.663209
2016-09-14 25:00:00,   17.615119,    1.664969
2016-09-15 25:00:00,   16.788553,    1.659468
2016-09-16 25:00:00,   17.101647,    1.661900
2016-09-17 25:00:00,   17.526128,    1.663784
2016-09-18 25:00:00,   16.772974,    1.651439
2016-09-19 25:00:00,   16.446641,    1.651009
2016-09-20 25:00:00,   17.595304,    1.651371
2016-09-21 25:00:00,   18.434598,    1.652844
2016-09-22 25:00:00,   17.344012,    1.642331
2016-09-23 25:00:00,   16.696001,    1.646650
2016-09-24 25:00:00,   17.364371,    1.647021
2016-09-25 25:00:00,   17.263106,    1.635277
2016-09-26 25:00:00,   17.230195,    1.635853
2016-09-27 25:00:00,   16.744222,    1.629092
2016-09-28 25:00:00,   16.826698,    1.632526
2016-09-29 25:00:00,   18.117611,    1.634974
2016-09-30 25:00:00,   17.411061,    1.634255
2016-10-01 25:00:00,   16.617958,    1.632461
2016-10-02 25:00:00,   16.747634,    1.635537
2016-10-03 25:00:00,   16.816535,    1.634031
2016-10-04 25:00:00,   17.416806,    1.635168
2016-10-05 25:00:00,   19.028319,    1.637250
2016-10-06 25:00:00,   19.381957,    1.637269
2016-10-07 25:00:00,   20.776396,    1.638921
2016-10-08 25:00:00,   19.651576,    1.627525
2016-10-09 25:00:00,   18.948963,    1.633008
2016-10-10 25:00:00,   19.166336,    1.634645
2016-10-11 25:00:00,   20.152345,    1.636712
2016-10-12 25:00:00,   21.516090,    1.638960
2016-10-13 25:00:00,   22.065552,    1.642483
2016-10-14 25:00:00,   21.008483,    1.642541
2016-10-15 25:00:00,   19.590788,    1.645047
2016-10-16 25:00:00,   20.518603,    1.647974
2016-10-17 25:00:00,   20.447990,    1.650904
2016-10-18 25:00:00,   20.311513,    1.651756
2016-10-19 25:00:00,   20.268434,    1.649970
2016-10-20 25:00:00,   19.866962,    1.653664
2016-10-21 25:00:00,   20.438673,    1.655433
2016-10-22 25:00:00,   21.554615,    1.659714
2016-10-23 25:00:00,   21.794345,    1.661964
2016-10-24 25:00:00,   21.973688,    1.665672
2016-10-25 25:00:00,   21.900365,    1.667987
2016-10-26 25:00:00,   22.556101,    1.668764
2016-10-27 25:00:00,   23.467820,    1.672538
2016-10-28 25:00:00,   23.933165,    1.676772
2016-10-29 25:00:00,   22.279172,    1.675252
2016-10-30 25:00:00,   22.021127,    1.680250
2016-10-31 25:00:00,   21.313237,    1.676676
2016-11-01 25:00:00,   21.834161,    1.679333
2016-11-02 25:00:00,   22.638088,    1.683184
2016-11-03 25:00:00,   23.411089,    1.688165
2016-11-04 25:00:00,   24.061323,    1.690137
2016-11-05 25:00:00,   25.534992,    1.693855
2016-11-06 25:00:00,   24.590629,    1.699747
2016-11-07 25:00:00,   23.608830,    1.702955
2016-11-08 25:00:00,   23.366219,    1.706962
2016-11-09 25:00:00,   23.471473,    1.710505
2016-11-10 25:00:00,   22.744749,    1.708071
2016-11-11 25:00:00,   22.806501,    1.713832
2016-11-12 25:00:00,   23.455622,    1.717016
2016-11-13 25:00:00,   24.306316,    1.720613
2016-11-14 25:00:00,   25.251110,    1.728170
2016-11-15 25:00:00,   25.942905,    1.731432
2016-11-16 25:00:00,   23.258780,    1.666676
2016-11-17 25:00:00,   23.663108,    1.674515
2016-11-18 25:00:00,   24.779918,    1.679029
2016-11-19 25:00:00,   24.848212,    1.682168
2016-11-20 25:00:00,   23.683664,    1.686600
2016-11-21 25:00:00,   22.681390,    1.689289
2016-11-22 25:00:00,   23.150994,    1.690955
2016-11-23 25:00:00,   24.463247,    1.694085
2016-11-24 25:00:00,   25.459624,    1.699940
2016-11-25 25:00:00,   25.989612,    1.704524
2016-11-26 25:00:00,   27.006995,    1.711690
2016-11-27 25:00:00,   27.038146,    1.717469
2016-11-28 25:00:00,   26.652792,    1.722562
2016-11-29 25:00:00,   25.644874,    1.725069
2016-11-30 25:00:00,   25.758976,    1.730692
2016-12-01 25:00:00,   25.253579,    1.735525
2016-12-02 25:00:00,   25.518977,    1.737910
2016-12-03 25:00:00,   24.839951,    1.740821
2016-12-04 25:00:00,   24.612182,    1.746443
2016-12-05 25:00:00,   24.672059,    1.749116
2016-12-06 25:00:00,   25.385692,    1.752525
2016-12-07 25:00:00,   24.793703,    1.759305
2016-12-08 25:00:00,   25.150036,    1.760887
2016-12-09 25:00:00,   26.080792,    1.766586
2016-12-10 25:00:00,   26.860871,    1.769367
2016-12-11 25:00:00,   26.636044,    1.773730
2016-12-12 25:00:00,   26.490173,    1.775677
2016-12-13 25:00:00,   26.370631,    1.781536
2016-12-14 25:00:00,   27.115818,    1.785486
2016-12-15 25:00:00,   27.078747,    1.790370
2016-12-16 25:00:00,   26.497020,    1.794849
2016-12-17 25:00:00,   26.175548,    1.795999
2016-12-18 25:00:00,   25.657132,    1.801748
2016-12-19 25:00:00,   25.853866,    1.805661
2016-12-20 25:00:00,   26.473071,    1.810642
2016-12-21 25:00:00,   28.053710,    1.818613
2016-12-22 25:00:00,   26.805400,    1.824683
2016-12-23 25:00:00,   27.264508,    1.829761
2016-12-24 25:00:00,   26.889141,    1.835262
2016-12-25 25:00:00,   26.752732,    1.838764
2016-12-26 25:00:00,   26.820560,    1.843012
2016-12-27 25:00:00,   24.949109,    1.834325
2016-12-28 25:00:00,   24.633662,    1.833743
2016-12-29 25:00:00,   25.006893,    1.835815
2016-12-30 25:00:00,   24.674859,    1.838392
2016-12-31 25:00:00,   25.139595,    1.841132
2017-01-01 25:00:00,   25.757177,    1.845048
2017-01-02 25:00:00,   26.834351,    1.849243
2017-01-03 25:00:00,   28.023822,    1.854522
2017-01-04 25:00:00,   29.305398,    1.861129
2017-01-05 25:00:00,   29.037563,    1.865508
2017-01-06 25:00:00,   29.185988,    1.870572
2017-01-07 25:00:00,   28.454695,    1.876796
2017-01-08 25:00:00,   28.347425,    1.880623
2017-01-09 25:00:00,   28.016168,    1.885387
2017-01-10 25:00:00,   26.623454,    1.884077
2017-01-11 25:00:00,   26.001748,    1.884683
2017-01-12 25:00:00,   25.862416,    1.885477
2017-01-13 25:00:00,   26.663963,    1.889280
2017-01-14 25:00:00,   27.053379,    1.895255
2017-01-15 25:00:00,   26.494436,    1.901115
2017-01-16 25:00:00,   27.115073,    1.904963
2017-01-17 25:00:00,   27.912467,    1.908215
2017-01-18 25:00:00,   28.312685,    1.913137
2017-01-19 25:00:00,   29.394970,    1.918820
2017-01-20 25:00:00,   28.549307,    1.924328
2017-01-21 25:00:00,   27.483981,    1.929849
2017-01-22 25:00:00,   27.542415,    1.931306
2017-01-23 25:00:00,   27.957066,    1.937433
2017-01-24 25:00:00,   28.614377,    1.940918
2017-01-25 25:00:00,   28.461784,    1.945641
2017-01-26 25:00:00,   28.516708,    1.948690
2017-01-27 25:00:00,   28.466644,    1.951617
2017-01-28 25:00:00,   28.625676,    1.955925
2017-01-29 25:00:00,   28.623099,    1.962739
2017-01-30 25:00:00,   27.307713,    1.962111
2017-01-31 25:00:00,   26.694283,    1.953785
2017-02-01 25:00:00,   26.815574,    1.953639
2017-02-02 25:00:00,   25.571491,    1.952086
2017-02-03 25:00:00,   24.884636,    1.950672
2017-02-04 25:00:00,   24.472387,    1.952699
2017-02-05 25:00:00,   24.951980,    1.954102
2017-02-06 25:00:00,   24.548971,    1.955803
2017-02-07 25:00:00,   26.014108,    1.959807
2017-02-08 25:00:00,   26.213408,    1.963268
2017-02-09 25:00:00,   27.592294,    1.965480
2017-02-10 25:00:00,   26.657951,    1.967509
2017-02-11 25:00:00,   27.445617,    1.971910
2017-02-12 25:00:00,   27.331532,    1.975155
2017-02-13 25:00:00,   27.745648,    1.978324
2017-02-14 25:00:00,   28.148062,    1.984662
2017-02-15 25:00:00,   27.685845,    1.987332
2017-02-16 25:00:00,   27.213156,    1.990758
2017-02-17 25:00:00,   27.632577,    1.990786
2017-02-18 25:00:00,   28.922931,    1.995373
2017-02-19 25:00:00,   27.366432,    1.997382
2017-02-20 25:00:00,   26.756878,    1.998688
2017-02-21 25:00:00,   26.238239,    1.999298
2017-02-22 25:00:00,   26.455493,    2.002034
2017-02-23 25:00:00,   26.311217,    2.004557
2017-02-24 25:00:00,   26.920431,    2.008641
2017-02-25 25:00:00,   27.444416,    2.013290
2017-02-26 25:00:00,   27.704289,    2.021164
2017-02-27 25:00:00,   27.829417,    2.025477
2017-02-28 25:00:00,   27.460175,    2.029108
2017-03-01 25:00:00,   27.599245,    2.033909
2017-03-02 25:00:00,   27.950093,    2.037646
2017-03-03 25:00:00,   27.021393,    2.040366
2017-03-04 25:00:00,   25.521746,    2.035903
2017-03-05 25:00:00,   24.989399,    2.031361
2017-03-06 25:00:00,   25.158374,    2.032017
2017-03-07 25:00:00,   25.920275,    2.034896
2017-03-08 25:00:00,   25.781095,    2.038598
2017-03-09 25:00:00,   25.927766,    2.039686
2017-03-10 25:00:00,   25.693927,    2.041423
2017-03-11 25:00:00,   26.142532,    2.045888
2017-03-12 25:00:00,   26.869815,    2.052047
2017-03-13 25:00:00,   26.578170,    2.052838
2017-03-14 25:00:00,   27.521991,    2.053062
2017-03-15 25:00:00,   26.936304,    2.057595
2017-03-16 25:00:00,   25.544991,    2.059689
2017-03-17 25:00:00,   25.047387,    2.054385
2017-03-18 25:00:00,   24.565957,    2.048945
2017-03-19 25:00:00,   23.907955,    2.048183
2017-03-20 25:00:00,   24.436175,    2.041037
2017-03-21 25:00:00,   25.535895,    2.045802
2017-03-22 25:00:00,   25.451536,    1.910511
2017-03-23 25:00:00,   26.019614,    1.945534
2017-03-24 25:00:00,   26.697456,    1.951438
2017-03-25 25:00:00,   26.083905,    1.958245
2017-03-26 25:00:00,   26.012194,    1.973193
2017-03-27 25:00:00,   24.977388,    1.981511
2017-03-28 25:00:00,   24.527606,    1.990079
2017-03-29 25:00:00,   24.640382,    1.995972
2017-03-30 25:00:00,   24.574872,    1.998414
2017-03-31 25:00:00,   24.289927,    2.001589
2017-04-01 25:00:00,   24.503378,    2.003090
2017-04-02 25:00:00,   24.647518,    2.006160
2017-04-03 25:00:00,   23.663647,    2.006446
2017-04-04 25:00:00,   23.061426,    2.004171
2017-04-05 25:00:00,   23.473379,    1.999907
2017-04-06 25:00:00,   22.881416,    1.999722
2017-04-07 25:00:00,   23.201305,    1.998459
2017-04-08 25:00:00,   23.556363,    2.000397
2017-04-09 25:00:00,   23.334225,    2.002944
2017-04-10 25:00:00,   22.977238,    2.004595
2017-04-11 25:00:00,   23.233087,    2.003447
2017-04-12 25:00:00,   21.855731,    1.997883
2017-04-13 25:00:00,   21.436637,    1.975748
2017-04-14 25:00:00,   21.059189,    1.969343
2017-04-15 25:00:00,   21.612171,    1.966664
2017-04-16 25:00:00,   22.185170,    1.968205
2017-04-17 25:00:00,   22.203444,    1.969350
2017-04-18 25:00:00,   22.615088,    1.970783
2017-04-19 25:00:00,   22.820061,    1.971513
2017-04-20 25:00:00,   23.404665,    1.973444
2017-04-21 25:00:00,   23.041011,    1.974603
2017-04-22 25:00:00,   22.140241,    1.976333
2017-04-23 25:00:00,   21.706063,    1.977449
2017-04-24 25:00:00,   21.430744,    1.977797
2017-04-25 25:00:00,   21.235098,    1.977691
2017-04-26 25:00:00,   21.426793,    1.979760
2017-04-27 25:00:00,   21.284841,    1.979981
2017-04-28 25:00:00,   21.451115,    1.979047
2017-04-29 25:00:00,   21.061789,    1.978971
2017-04-30 25:00:00,   21.197279,    1.979807
2017-05-01 25:00:00,   20.812639,    1.979924
2017-05-02 25:00:00,   20.772958,    1.975898
2017-05-03 25:00:00,   20.445579,    1.971811
2017-05-04 25:00:00,   20.172591,    1.968641
2017-05-05 25:00:00,   20.203581,    1.969085
2017-05-06 25:00:00,   20.005015,    1.969119
2017-05-07 25:00:00,   20.371526,    1.969532
2017-05-08 25:00:00,   20.128770,    1.970034
2017-05-09 25:00:00,   19.821971,    1.971207
2017-05-10 25:00:00,   19.445492,    1.970078
2017-05-11 25:00:00,   19.347581,    1.964810
2017-05-12 25:00:00,   19.433982,    1.961965
2017-05-13 25:00:00,   18.751502,    1.946958
2017-05-14 25:00:00,   18.476415,    1.938548
2017-05-15 25:00:00,   18.479802,    1.937082
2017-05-16 25:00:00,   18.302141,    1.936046
2017-05-17 25:00:00,   18.299383,    1.935944
2017-05-18 25:00:00,   17.984573,    1.935116
2017-05-19 25:00:00,   18.638213,    1.934384
2017-05-20 25:00:00,   18.729992,    1.934227
2017-05-21 25:00:00,   18.293055,    1.935644
2017-05-22 25:00:00,   18.376558,    1.908588
2017-05-23 25:00:00,   17.849854,    1.912690
2017-05-24 25:00:00,   17.893197,    1.913676
2017-05-25 25:00:00,   17.726658,    1.914115
2017-05-26 25:00:00,   17.600427,    1.907338
2017-05-27 25:00:00,   17.474533,    1.900640
2017-05-28 25:00:00,   17.919423,    1.901429
2017-05-29 25:00:00,   17.490418,    1.901519
2017-05-30 25:00:00,   17.855597,    1.902216
2017-05-31 25:00:00,   17.695009,    1.888256
2017-06-01 25:00:00,   17.716178,    1.898584
2017-06-02 25:00:00,   17.630760,    1.900291
2017-06-03 25:00:00,   17.769956,    1.900659
2017-06-04 25:00:00,   17.137651,    1.900403
2017-06-05 25:00:00,   17.273711,    1.900548
2017-06-06 25:00:00,   17.482434,    1.901068
2017-06-07 25:00:00,   17.257113,    1.901233
2017-06-08 25:00:00,   16.863922,    1.901486
2017-06-09 25:00:00,   16.603992,    1.902246
2017-06-10 25:00:00,   16.772877,    1.903155
2017-06-11 25:00:00,   16.281971,    1.903423
2017-06-12 25:00:00,   16.646451,    1.904320
2017-06-13 25:00:00,   16.259068,    1.904046
2017-06-14 25:00:00,   16.721245,    1.885223
2017-06-15 25:00:00,   16.191634,    1.866781
2017-06-16 25:00:00,   16.587280,    1.877495
2017-06-17 25:00:00,   16.300768,    1.876773
2017-06-18 25:00:00,   16.898363,    1.877187
2017-06-19 25:00:00,   16.961194,    1.877640
2017-06-20 25:00:00,   16.911813,    1.878493
2017-06-21 25:00:00,   16.922465,    1.878062
2017-06-22 25:00:00,   16.460192,    1.877671
2017-06-23 25:00:00,   16.407794,    1.863203
2017-06-24 25:00:00,   16.271603,    1.864297
2017-06-25 25:00:00,   16.128739,    1.864740
2017-06-26 25:00:00,   15.899818,    1.865562
2017-06-27 25:00:00,   15.458410,    1.862010
2017-06-28 25:00:00,   15.521653,    1.862434
2017-06-29 25:00:00,   15.362766,    1.862678
2017-06-30 25:00:00,   15.295013,    1.863452
2017-07-01 25:00:00,   15.116568,    1.863691
2017-07-02 25:00:00,   15.009646,    1.853372
2017-07-03 25:00:00,   14.922541,    1.853923
2017-07-04 25:00:00,   14.906732,    1.854757
2017-07-05 25:00:00,   14.993277,    1.854937
2017-07-06 25:00:00,   14.769304,    1.855245
2017-07-07 25:00:00,   14.515590,    1.855091
2017-07-08 25:00:00,   14.396123,    1.842663
2017-07-09 25:00:00,   14.039240,    1.834920
2017-07-10 25:00:00,   14.062244,    1.826365
2017-07-11 25:00:00,   14.250504,    1.817900
2017-07-12 25:00:00,   14.033585,    1.814443
2017-07-13 25:00:00,   14.544225,    1.809977
2017-07-14 25:00:00,   14.751707,    1.811929
2017-07-15 25:00:00,   14.204464,    1.813510
2017-07-16 25:00:00,   14.134452,    1.808164
2017-07-17 25:00:00,   14.190221,    1.807450
2017-07-18 25:00:00,   14.543526,    1.805366
2017-07-19 25:00:00,   14.565148,    1.807737
2017-07-20 25:00:00,   14.683100,    1.808981
2017-07-21 25:00:00,   14.978077,    1.809328
2017-07-22 25:00:00,   14.916468,    1.809960
2017-07-23 25:00:00,   14.978765,    1.810863
2017-07-24 25:00:00,   14.381090,    1.810730
2017-07-25 25:00:00,   14.321350,    1.809656
2017-07-26 25:00:00,   14.703589,    1.808343
2017-07-27 25:00:00,   14.998244,    1.805740
2017-07-28 25:00:00,   15.214140,    1.802347
2017-07-29 25:00:00,   14.980036,    1.799308
2017-07-30 25:00:00,   15.028557,    1.799934
2017-07-31 25:00:00,   15.693857,    1.799883
2017-08-01 25:00:00,   15.962950,    1.801245
2017-08-02 25:00:00,   15.824650,    1.801716
2017-08-03 25:00:00,   16.286738,    1.802732
2017-08-04 25:00:00,   16.466046,    1.803770
2017-08-05 25:00:00,   16.337097,    1.803823
2017-08-06 25:00:00,   16.187559,    1.804870
2017-08-07 25:00:00,   16.284498,    1.805966
2017-08-08 25:00:00,   16.072994,    1.807307
2017-08-09 25:00:00,   15.727175,    1.806862
2017-08-10 25:00:00,   15.321417,    1.807791
2017-08-11 25:00:00,   14.820271,    1.807566
2017-08-12 25:00:00,   14.904417,    1.782646
2017-08-13 25:00:00,   15.016844,    1.779198
2017-08-14 25:00:00,   15.648797,    1.779297
2017-08-15 25:00:00,   15.981023,    1.781581
2017-08-16 25:00:00,   15.335782,    1.780896
2017-08-17 25:00:00,   15.248755,    1.778289
2017-08-18 25:00:00,   14.966871,    1.777860
2017-08-19 25:00:00,   15.712953,    1.779601
2017-08-20 25:00:00,   15.215526,    1.766432
2017-08-21 25:00:00,   15.352041,    1.767078
2017-08-22 25:00:00,   15.695948,    1.764929
2017-08-23 25:00:00,   16.304611,    1.764904
2017-08-24 25:00:00,   16.211852,    1.765732
2017-08-25 25:00:00,   16.275705,    1.767476
2017-08-26 25:00:00,   16.576601,    1.769005
2017-08-27 25:00:00,   16.662335,    1.769936
2017-08-28 25:00:00,   17.697363,    1.771409
2017-08-29 25:00:00,   18.265105,    1.772494
2017-08-30 25:00:00,   18.173115,    1.773129
2017-08-31 25:00:00,   17.083744,    1.748421
2017-09-01 25:00:00,   16.579627,    1.753920
2017-09-02 25:00:00,   16.279215,    1.757265
2017-09-03 25:00:00,   17.818882,    1.757787
2017-09-04 25:00:00,   18.182647,    1.755652
2017-09-05 25:00:00,   18.541480,    1.759360
2017-09-06 25:00:00,   18.630767,    1.759838
2017-09-07 25:00:00,   17.705303,    1.737701
2017-09-08 25:00:00,   17.086857,    1.739388
2017-09-09 25:00:00,   17.174298,    1.738097
2017-09-10 25:00:00,   17.844624,    1.739740
2017-09-11 25:00:00,   17.355498,    1.739304
2017-09-12 25:00:00,   17.078942,    1.732508
2017-09-13 25:00:00,   17.261863,    1.734895
2017-09-14 25:00:00,   17.671368,    1.736827
2017-09-15 25:00:00,   17.457237,    1.741428
2017-09-16 25:00:00,   17.865383,    1.745123
2017-09-17 25:00:00,   18.475883,    1.748372
2017-09-18 25:00:00,   17.460371,    1.749877
2017-09-19 25:00:00,   18.134444,    1.751387
2017-09-20 25:00:00,   18.879014,    1.754131
2017-09-21 25:00:00,   18.895890,    1.755612
2017-09-22 25:00:00,   19.402809,    1.757236
2017-09-23 25:00:00,   20.468207,    1.759493
2017-09-24 25:00:00,   21.149399,    1.761048
2017-09-25 25:00:00,   21.650046,    1.762912
2017-09-26 25:00:00,   21.564244,    1.766439
2017-09-27 25:00:00,   21.684562,    1.768839
2017-09-28 25:00:00,   21.887484,    1.772630
2017-09-29 25:00:00,   21.555548,    1.775963
2017-09-30 25:00:00,   21.391809,    1.779250
2017-10-01 25:00:00,   22.237337,    1.781227
2017-10-02 25:00:00,   21.606777,    1.785186
2017-10-03 25:00:00,   22.313832,    1.786708
2017-10-04 25:00:00,   22.543028,    1.789830
2017-10-05 25:00:00,   21.426438,    1.788923
2017-10-06 25:00:00,   21.364966,    1.792246
2017-10-07 25:00:00,   21.893527,    1.795805
2017-10-08 25:00:00,   22.347389,    1.796147
2017-10-09 25:00:00,   23.119573,    1.803159
2017-10-10 25:00:00,   21.174860,    1.806642
2017-10-11 25:00:00,   21.019708,    1.809088
2017-10-12 25:00:00,   21.139684,    1.811807
2017-10-13 25:00:00,   21.152669,    1.814694
2017-10-14 25:00:00,   20.819362,    1.818919
2017-10-15 25:00:00,   20.833391,    1.819638
2017-10-16 25:00:00,   21.085281,    1.821237
2017-10-17 25:00:00,   22.196107,    1.825815
2017-10-18 25:00:00,   22.869251,    1.828986
2017-10-19 25:00:00,   24.676546,    1.831296
2017-10-20 25:00:00,   22.318894,    1.815352
2017-10-21 25:00:00,   22.190683,    1.821419
2017-10-22 25:00:00,   22.215702,    1.824377
2017-10-23 25:00:00,   22.119210,    1.826600
2017-10-24 25:00:00,   22.237498,    1.831010
2017-10-25 25:00:00,   22.604530,    1.834679
2017-10-26 25:00:00,   23.864253,    1.838594
2017-10-27 25:00:00,   22.755474,    1.841513
2017-10-28 25:00:00,   21.610977,    1.845249
2017-10-29 25:00:00,   21.739514,    1.847585
2017-10-30 25:00:00,   21.962260,    1.849823
2017-10-31 25:00:00,   22.399219,    1.854283
2017-11-01 25:00:00,   22.713216,    1.859313
2017-11-02 25:00:00,   23.583382,    1.867178
2017-11-03 25:00:00,   24.723230,    1.872888
2017-11-04 25:00:00,   23.650680,    1.875210
2017-11-05 25:00:00,   23.317982,    1.877473
2017-11-06 25:00:00,   23.769610,    1.881401
2017-11-07 25:00:00,   23.385412,    1.884762
2017-11-08 25:00:00,   24.595484,    1.887097
2017-11-09 25:00:00,   24.272449,    1.888457
2017-11-10 25:00:00,   23.549425,    1.885960
2017-11-11 25:00:00,   23.102935,    1.890846
2017-11-12 25:00:00,   22.610943,    1.893253
2017-11-13 25:00:00,   22.322143,    1.885926
2017-11-14 25:00:00,   22.416245,    1.887691
2017-11-15 25:00:00,   23.048595,    1.892917
2017-11-16 25:00:00,   23.614452,    1.897135
2017-11-17 25:00:00,   24.566526,    1.902335
2017-11-18 25:00:00,   24.796584,    1.904175
2017-11-19 25:00:00,   25.501805,    1.910224
2017-11-20 25:00:00,   26.231016,    1.915283
2017-11-21 25:00:00,   26.288655,    1.914534
2017-11-22 25:00:00,   26.056944,    1.921650
2017-11-23 25:00:00,   25.136233,    1.923958
2017-11-24 25:00:00,   25.453981,    1.929093
2017-11-25 25:00:00,   25.221702,    1.931128
2017-11-26 25:00:00,   25.547806,    1.936551
2017-11-27 25:00:00,   25.603214,    1.940800
2017-11-28 25:00:00,   25.727635,    1.944621
2017-11-29 25:00:00,   26.115911,    1.952354
2017-11-30 25:00:00,   26.396374,    1.955131
2017-12-01 25:00:00,   24.629323,    1.956627
2017-12-02 25:00:00,   23.966178,    1.959315
2017-12-03 25:00:00,   23.578864,    1.960631
2017-12-04 25:00:00,   24.012936,    1.962351
2017-12-05 25:00:00,   23.790932,    1.962516
2017-12-06 25:00:00,   23.113990,    1.960434
2017-12-07 25:00:00,   23.614797,    1.958005
2017-12-08 25:00:00,   23.535256,    1.960486
2017-12-09 25:00:00,   23.545711,    1.962579
2017-12-10 25:00:00,   23.994629,    1.964147
2017-12-11 25:00:00,   24.574716,    1.967690
2017-12-12 25:00:00,   25.537163,    1.972219
2017-12-13 25:00:00,   25.038727,    1.977865
2017-12-14 25:00:00,   24.711410,    1.984040
2017-12-15 25:00:00,   24.876243,    1.987009
2017-12-16 25:00:00,   25.119005,    1.991680
2017-12-17 25:00:00,   25.149426,    1.992062
2017-12-18 25:00:00,   25.292934,    1.995041
2017-12-19 25:00:00,   24.793405,    1.997499
2017-12-20 25:00:00,   22.947279,    1.985479
2017-12-21 25:00:00,   23.186397,    1.987304
2017-12-22 25:00:00,   23.276855,    1.988449
2017-12-23 25:00:00,   24.249135,    1.990438
2017-12-24 25:00:00,   27.446463,    1.992382
2017-12-25 25:00:00,   28.399110,    2.000731
2017-12-26 25:00:00,   27.840926,    2.011336
2017-12-27 25:00:00,   27.546831,    2.015838
2017-12-28 25:00:00,   27.275522,    2.022581
2017-12-29 25:00:00,   27.195835,    2.025328
2017-12-30 25:00:00,   27.313390,    2.029378
2017-12-31 25:00:00,   26.809251,    2.037142
2018-01-01 25:00:00,   27.108041,    2.040759
2018-01-02 25:00:00,   27.883242,    2.045862
2018-01-03 25:00:00,   27.952018,    2.046250
2018-01-04 25:00:00,   29.735977,    2.052607
2018-01-05 25:00:00,   28.594551,    2.025400
2018-01-06 25:00:00,   28.216394,    2.035966
2018-01-07 25:00:00,   27.585515,    2.041238
2018-01-08 25:00:00,   27.727914,    2.046273
2018-01-09 25:00:00,   28.200193,    2.051433
2018-01-10 25:00:00,   28.186325,    2.058669
2018-01-11 25:00:00,   28.266191,    2.063482
2018-01-12 25:00:00,   28.205752,    2.070563
2018-01-13 25:00:00,   28.215699,    2.076501
2018-01-14 25:00:00,   27.365785,    2.080337
2018-01-15 25:00:00,   26.874793,    2.080904
2018-01-16 25:00:00,   27.482471,    2.081193
2018-01-17 25:00:00,   27.771447,    2.087333
2018-01-18 25:00:00,   27.911183,    2.091170
2018-01-19 25:00:00,   27.662640,    2.095949
2018-01-20 25:00:00,   27.299855,    2.101157
2018-01-21 25:00:00,   26.809814,    2.101398
2018-01-22 25:00:00,   26.785419,    2.104535
2018-01-23 25:00:00,   26.478958,    2.102340
2018-01-24 25:00:00,   25.061260,    2.080196
2018-01-25 25:00:00,   25.610622,    2.077222
2018-01-26 25:00:00,   25.764604,    2.080507
2018-01-27 25:00:00,   27.001523,    2.083277
2018-01-28 25:00:00,   28.288399,    2.083699
2018-01-29 25:00:00,   30.054576,    2.091849
2018-01-30 25:00:00,   30.615234,    2.100287
2018-01-31 25:00:00,   28.530005,    2.098136
2018-02-01 25:00:00,   27.931279,    2.104315
2018-02-02 25:00:00,   28.052375,    2.109424
2018-02-03 25:00:00,   27.964294,    2.111207
2018-02-04 25:00:00,   27.986673,    2.112668
2018-02-05 25:00:00,   26.791348,    2.116372
2018-02-06 25:00:00,   25.835079,    2.117833
2018-02-07 25:00:00,   26.647717,    2.122338
2018-02-08 25:00:00,   27.896652,    2.127504
2018-02-09 25:00:00,   28.925266,    2.132841
2018-02-10 25:00:00,   28.889964,    2.140202
2018-02-11 25:00:00,   27.851217,    2.146017
2018-02-12 25:00:00,   27.135183,    2.149836
2018-02-13 25:00:00,   27.305876,    2.149452
2018-02-14 25:00:00,   28.180672,    2.154149
2018-02-15 25:00:00,   28.669645,    2.160863
2018-02-16 25:00:00,   28.930293,    2.166016
2018-02-17 25:00:00,   28.690063,    2.172387
2018-02-18 25:00:00,   29.193641,    2.176319
2018-02-19 25:00:00,   28.736623,    2.183321
2018-02-20 25:00:00,   26.827419,    2.175980
2018-02-21 25:00:00,   28.306423,    2.182301
2018-02-22 25:00:00,   28.036272,    2.189951
2018-02-23 25:00:00,   28.759745,    2.193664
2018-02-24 25:00:00,   29.010006,    2.197664
2018-02-25 25:00:00,   29.881498,    2.199373
2018-02-26 25:00:00,   31.343712,    2.203326
2018-02-27 25:00:00,   31.301499,    2.208566
2018-02-28 25:00:00,   31.259162,    2.214946
2018-03-01 25:00:00,   29.911163,    2.220513
2018-03-02 25:00:00,   29.577668,    2.228176
2018-03-03 25:00:00,   29.226947,    2.228723
2018-03-04 25:00:00,   29.557773,    2.232236
2018-03-05 25:00:00,   28.727963,    2.234552
2018-03-06 25:00:00,   27.820865,    2.230614
2018-03-07 25:00:00,   27.220278,    2.224437
2018-03-08 25:00:00,   26.660149,    2.219659
2018-03-09 25:00:00,   26.591346,    2.213913
2018-03-10 25:00:00,   26.774780,    2.216521
2018-03-11 25:00:00,   26.500500,    2.217695
2018-03-12 25:00:00,   25.683744,    2.219524
2018-03-13 25:00:00,   25.518856,    2.215392
2018-03-14 25:00:00,   26.148350,    2.217004
2018-03-15 25:00:00,   25.718347,    2.222587
2018-03-16 25:00:00,   26.035912,    2.227066
2018-03-17 25:00:00,   26.647165,    2.229771
2018-03-18 25:00:00,   27.183986,    2.232460
2018-03-19 25:00:00,   26.479988,    2.237670
2018-03-20 25:00:00,   25.593573,    2.240614
2018-03-21 25:00:00,   25.639485,    2.232405
2018-03-22 25:00:00,   26.292432,    2.235699
2018-03-23 25:00:00,   26.752023,    2.240166
2018-03-24 25:00:00,   26.931141,    2.243763
2018-03-25 25:00:00,   27.126243,    2.248002
2018-03-26 25:00:00,   26.966719,    2.252738
2018-03-27 25:00:00,   27.251483,    2.257145
2018-03-28 25:00:00,   26.841414,    2.259165
2018-03-29 25:00:00,   26.458734,    2.260383
2018-03-30 25:00:00,   26.246635,    2.256424
2018-03-31 25:00:00,   26.220542,    2.260246
2018-04-01 25:00:00,   25.754278,    2.263239
2018-04-02 25:00:00,   25.278219,    2.258371
2018-04-03 25:00:00,   25.109465,    2.252778
2018-04-04 25:00:00,   24.777993,    2.253690
2018-04-05 25:00:00,   25.126222,    2.253745
2018-04-06 25:00:00,   25.030117,    2.255411
2018-04-07 25:00:00,   24.107821,    2.251983
2018-04-08 25:00:00,   23.677754,    2.244382
2018-04-09 25:00:00,   22.868841,    2.236039
2018-04-10 25:00:00,   22.362890,    2.213174
2018-04-11 25:00:00,   22.626015,    2.173450
2018-04-12 25:00:00,   22.441895,    2.185652
2018-04-13 25:00:00,   22.864268,    2.188870
2018-04-14 25:00:00,   23.024652,    2.191075
2018-04-15 25:00:00,   22.860185,    2.193994
2018-04-16 25:00:00,   22.887075,    2.196250
2018-04-17 25:00:00,   22.561513,    2.196755
2018-04-18 25:00:00,   22.323539,    2.198723
2018-04-19 25:00:00,   22.077830,    2.197935
2018-04-20 25:00:00,   21.722285,    2.193822
2018-04-21 25:00:00,   21.830877,    2.189278
2018-04-22 25:00:00,   22.334155,    2.188639
2018-04-23 25:00:00,   23.187779,    2.189626
2018-04-24 25:00:00,   23.557791,    2.192424
2018-04-25 25:00:00,   23.866627,    2.194058
2018-04-26 25:00:00,   23.530105,    2.181850
2018-04-27 25:00:00,   22.102621,    2.178794
2018-04-28 25:00:00,   21.376325,    2.179246
2018-04-29 25:00:00,   21.297052,    2.180048
2018-04-30 25:00:00,   21.150474,    2.176620
2018-05-01 25:00:00,   21.291718,    2.176720
2018-05-02 25:00:00,   21.347552,    2.177934
2018-05-03 25:00:00,   21.494545,    2.179549
2018-05-04 25:00:00,   21.450403,    2.180895
2018-05-05 25:00:00,   21.201367,    2.181825
2018-05-06 25:00:00,   20.816309,    2.179313
2018-05-07 25:00:00,   20.450461,    2.166463
2018-05-08 25:00:00,   20.455799,    2.159730
2018-05-09 25:00:00,   20.140110,    2.161207
2018-05-10 25:00:00,   20.246016,    2.160628
2018-05-11 25:00:00,   19.991151,    2.156581
2018-05-12 25:00:00,   19.744547,    2.152242
2018-05-13 25:00:00,   19.370722,    2.141482
2018-05-14 25:00:00,   19.080212,    2.136656
2018-05-15 25:00:00,   18.739772,    2.130314
2018-05-16 25:00:00,   18.915432,    2.119605
2018-05-17 25:00:00,   18.906684,    2.118778
2018-05-18 25:00:00,   19.213684,    2.107920
2018-05-19 25:00:00,   18.952891,    2.111978
2018-05-20 25:00:00,   18.661022,    2.099414
2018-05-21 25:00:00,   18.543821,    2.097565
2018-05-22 25:00:00,   18.669859,    2.089645
2018-05-23 25:00:00,   18.835355,    2.080161
2018-05-24 25:00:00,   18.428303,    2.081722
2018-05-25 25:00:00,   18.087941,    2.069361
2018-05-26 25:00:00,   18.050643,    2.069908
2018-05-27 25:00:00,   18.278485,    2.071346
2018-05-28 25:00:00,   18.532956,    2.071571
2018-05-29 25:00:00,   18.071768,    2.064594
2018-05-30 25:00:00,   18.174533,    2.061665
2018-05-31 25:00:00,   18.226471,    2.061898
2018-06-01 25:00:00,   18.320612,    2.044199
2018-06-02 25:00:00,   18.274279,    2.053315
2018-06-03 25:00:00,   18.313981,    2.054202
2018-06-04 25:00:00,   17.893647,    2.053846
2018-06-05 25:00:00,   17.775678,    2.055077
2018-06-06 25:00:00,   17.623513,    2.055397
2018-06-07 25:00:00,   17.439895,    2.055371
2018-06-08 25:00:00,   17.314560,    2.055772
2018-06-09 25:00:00,   17.169973,    2.056338
2018-06-10 25:00:00,   16.919038,    2.057204
2018-06-11 25:00:00,   16.642048,    2.058329
2018-06-12 25:00:00,   16.474780,    2.059276
2018-06-13 25:00:00,   16.102947,    2.060616
2018-06-14 25:00:00,   15.848346,    2.057583
2018-06-15 25:00:00,   15.901905,    2.053738
2018-06-16 25:00:00,   16.303591,    2.054424
2018-06-17 25:00:00,   15.886764,    2.054167
2018-06-18 25:00:00,   15.970409,    2.051165
2018-06-19 25:00:00,   16.066492,    2.051425
2018-06-20 25:00:00,   16.221189,    2.051061
2018-06-21 25:00:00,   16.566389,    2.051468
2018-06-22 25:00:00,   16.295095,    2.051123
2018-06-23 25:00:00,   16.465057,    2.050087
2018-06-24 25:00:00,   16.771912,    2.032779
2018-06-25 25:00:00,   16.847859,    2.027678
2018-06-26 25:00:00,   17.017544,    2.031457
2018-06-27 25:00:00,   16.763942,    2.031303
2018-06-28 25:00:00,   16.640776,    2.007672
2018-06-29 25:00:00,   16.730657,    1.976740
2018-06-30 25:00:00,   16.334107,    1.990366
2018-07-01 25:00:00,   16.155250,    1.989541
2018-07-02 25:00:00,   15.854275,    1.987481
2018-07-03 25:00:00,   15.674080,    1.984181
2018-07-04 25:00:00,   15.669847,    1.984905
2018-07-05 25:00:00,   15.821507,    1.985410
2018-07-06 25:00:00,   15.555939,    1.985098
2018-07-07 25:00:00,   15.286615,    1.985283
2018-07-08 25:00:00,   15.137682,    1.985413
2018-07-09 25:00:00,   15.059090,    1.985716
2018-07-10 25:00:00,   14.834096,    1.985576
2018-07-11 25:00:00,   14.625175,    1.977894
2018-07-12 25:00:00,   15.017804,    1.978230
2018-07-13 25:00:00,   15.564715,    1.978365
2018-07-14 25:00:00,   15.327051,    1.978691
2018-07-15 25:00:00,   15.273901,    1.966369
2018-07-16 25:00:00,   15.755884,    1.970337
2018-07-17 25:00:00,   15.459350,    1.970989
2018-07-18 25:00:00,   15.478842,    1.971136
2018-07-19 25:00:00,   15.495735,    1.970969
2018-07-20 25:00:00,   15.420544,    1.951046
2018-07-21 25:00:00,   15.459349,    1.931872
2018-07-22 25:00:00,   15.366733,    1.910176
2018-07-23 25:00:00,   15.564505,    1.913003
2018-07-24 25:00:00,   15.550486,    1.919282
2018-07-25 25:00:00,   15.359210,    1.920446
2018-07-26 25:00:00,   15.811686,    1.920033
2018-07-27 25:00:00,   15.866727,    1.904370
2018-07-28 25:00:00,   16.320307,    1.892030
2018-07-29 25:00:00,   16.217070,    1.894480
2018-07-30 25:00:00,   16.453949,    1.889137
2018-07-31 25:00:00,   16.577268,    1.884666
2018-08-01 25:00:00,   16.822895,    1.880199
2018-08-02 25:00:00,   16.835211,    1.873956
2018-08-03 25:00:00,   16.516464,    1.875691
2018-08-04 25:00:00,   16.795282,    1.877672
2018-08-05 25:00:00,   16.361228,    1.877856
2018-08-06 25:00:00,   16.177749,    1.880130
2018-08-07 25:00:00,   16.939780,    1.878739
2018-08-08 25:00:00,   16.373379,    1.879445
2018-08-09 25:00:00,   16.746182,    1.880564
2018-08-10 25:00:00,   16.718130,    1.881586
2018-08-11 25:00:00,   16.643766,    1.882235
2018-08-12 25:00:00,   17.218876,    1.882019
2018-08-13 25:00:00,   17.087161,    1.832258
2018-08-14 25:00:00,   16.760306,    1.846070
2018-08-15 25:00:00,   16.398227,    1.857272
2018-08-16 25:00:00,   16.185068,    1.856283
2018-08-17 25:00:00,   16.356064,    1.857737
2018-08-18 25:00:00,   16.583837,    1.858964
2018-08-19 25:00:00,   17.121906,    1.858531
2018-08-20 25:00:00,   18.152914,    1.859464
2018-08-21 25:00:00,   18.369702,    1.816635
2018-08-22 25:00:00,   18.590937,    1.830530
2018-08-23 25:00:00,   18.165050,    1.830848
2018-08-24 25:00:00,   17.819745,    1.833605
2018-08-25 25:00:00,   18.112135,    1.835227
2018-08-26 25:00:00,   18.540456,    1.835016
2018-08-27 25:00:00,   18.660001,    1.837747
2018-08-28 25:00:00,   18.489388,    1.837962
2018-08-29 25:00:00,   19.331785,    1.839299
2018-08-30 25:00:00,   20.063332,    1.840770
2018-08-31 25:00:00,   20.598280,    1.841092
2018-09-01 25:00:00,   20.384034,    1.835858
2018-09-02 25:00:00,   18.924611,    1.833997
2018-09-03 25:00:00,   18.257696,    1.835685
2018-09-04 25:00:00,   18.257198,    1.836665
2018-09-05 25:00:00,   18.059974,    1.838915
2018-09-06 25:00:00,   18.074923,    1.840887
2018-09-07 25:00:00,   17.804395,    1.842471
2018-09-08 25:00:00,   17.789631,    1.844556
2018-09-09 25:00:00,   18.324842,    1.846757
2018-09-10 25:00:00,   18.472050,    1.848466
2018-09-11 25:00:00,   19.114603,    1.850386
2018-09-12 25:00:00,   19.782166,    1.852737
2018-09-13 25:00:00,   20.461327,    1.855196
2018-09-14 25:00:00,   21.169451,    1.855456
2018-09-15 25:00:00,   21.742771,    1.859319
2018-09-16 25:00:00,   20.978142,    1.860949
2018-09-17 25:00:00,   20.283207,    1.850588
2018-09-18 25:00:00,   19.148943,    1.816476
2018-09-19 25:00:00,   18.883107,    1.823198
2018-09-20 25:00:00,   19.356105,    1.824862
2018-09-21 25:00:00,   18.569472,    1.811886
2018-09-22 25:00:00,   18.211216,    1.813532
2018-09-23 25:00:00,   19.381396,    1.816234
2018-09-24 25:00:00,   19.340827,    1.817060
2018-09-25 25:00:00,   19.821426,    1.818404
2018-09-26 25:00:00,   18.916444,    1.818914
2018-09-27 25:00:00,   17.996088,    1.801979
2018-09-28 25:00:00,   19.118248,    1.803788
2018-09-29 25:00:00,   18.838342,    1.806731
2018-09-30 25:00:00,   18.838987,    1.810168
2018-10-01 25:00:00,   20.316154,    1.811056
2018-10-02 25:00:00,   20.129379,    1.791449
2018-10-03 25:00:00,   20.154488,    1.797990
2018-10-04 25:00:00,   21.119958,    1.800419
2018-10-05 25:00:00,   21.582774,    1.802784
2018-10-06 25:00:00,   21.891930,    1.803783
2018-10-07 25:00:00,   23.137942,    1.806771
2018-10-08 25:00:00,   23.942349,    1.809484
2018-10-09 25:00:00,   22.916364,    1.812957
2018-10-10 25:00:00,   23.540735,    1.816316
2018-10-11 25:00:00,   23.775316,    1.817484
2018-10-12 25:00:00,   23.832400,    1.820988
2018-10-13 25:00:00,   22.710051,    1.824427
2018-10-14 25:00:00,   22.685787,    1.828102
2018-10-15 25:00:00,   23.317817,    1.829950
2018-10-16 25:00:00,   23.912820,    1.835332
2018-10-17 25:00:00,   23.795454,    1.839121
2018-10-18 25:00:00,   22.796604,    1.819061
2018-10-19 25:00:00,   22.560077,    1.823652
2018-10-20 25:00:00,   22.587105,    1.826555
2018-10-21 25:00:00,   23.411834,    1.831333
2018-10-22 25:00:00,   22.902584,    1.832226
2018-10-23 25:00:00,   22.952637,    1.834256
2018-10-24 25:00:00,   22.440794,    1.835890
2018-10-25 25:00:00,   22.476746,    1.821949
2018-10-26 25:00:00,   22.675514,    1.822336
2018-10-27 25:00:00,   23.378356,    1.824737
2018-10-28 25:00:00,   23.261230,    1.828436
2018-10-29 25:00:00,   23.647820,    1.834137
2018-10-30 25:00:00,   23.896521,    1.838895
2018-10-31 25:00:00,   24.240263,    1.843364
2018-11-01 25:00:00,   24.655139,    1.846614
2018-11-02 25:00:00,   25.937742,    1.839061
2018-11-03 25:00:00,   25.778168,    1.841608
2018-11-04 25:00:00,   25.583463,    1.848461
2018-11-05 25:00:00,   23.916535,    1.823893
2018-11-06 25:00:00,   24.397724,    1.790184
2018-11-07 25:00:00,   23.271292,    1.809254
2018-11-08 25:00:00,   21.902309,    1.804903
2018-11-09 25:00:00,   22.888989,    1.810820
2018-11-10 25:00:00,   24.244919,    1.814150
2018-11-11 25:00:00,   23.753621,    1.816258
2018-11-12 25:00:00,   24.601778,    1.822467
2018-11-13 25:00:00,   24.735150,    1.827251
2018-11-14 25:00:00,   24.604946,    1.829734
2018-11-15 25:00:00,   24.381069,    1.835976
2018-11-16 25:00:00,   24.979885,    1.839024
2018-11-17 25:00:00,   24.415044,    1.837052
2018-11-18 25:00:00,   24.302904,    1.842297
2018-11-19 25:00:00,   23.817119,    1.841650
2018-11-20 25:00:00,   24.161814,    1.847311
2018-11-21 25:00:00,   24.201740,    1.848675
2018-11-22 25:00:00,   25.253191,    1.854003
2018-11-23 25:00:00,   26.212887,    1.864817
2018-11-24 25:00:00,   25.902556,    1.869455
2018-11-25 25:00:00,   26.112502,    1.873746
2018-11-26 25:00:00,   24.503042,    1.876736
2018-11-27 25:00:00,   23.728591,    1.877853
2018-11-28 25:00:00,   23.701485,    1.881212
2018-11-29 25:00:00,   23.474794,    1.886836
2018-11-30 25:00:00,   23.772471,    1.891328
2018-12-01 25:00:00,   24.269213,    1.899818
2018-12-02 25:00:00,   24.687005,    1.903975
2018-12-03 25:00:00,   25.333087,    1.909908
2018-12-04 25:00:00,   26.443174,    1.914319
2018-12-05 25:00:00,   27.127446,    1.922688
2018-12-06 25:00:00,   25.542473,    1.867770
2018-12-07 25:00:00,   25.487658,    1.870323
2018-12-08 25:00:00,   25.043269,    1.874741
2018-12-09 25:00:00,   25.766732,    1.879404
2018-12-10 25:00:00,   26.597418,    1.884953
2018-12-11 25:00:00,   27.100697,    1.890420
2018-12-12 25:00:00,   24.542903,    1.773922
2018-12-13 25:00:00,   23.562025,    1.784579
2018-12-14 25:00:00,   24.850467,    1.787838
2018-12-15 25:00:00,   24.436031,    1.791068
2018-12-16 25:00:00,   25.681391,    1.796222
2018-12-17 25:00:00,   26.641279,    1.801291
2018-12-18 25:00:00,   26.633703,    1.806630
2018-12-19 25:00:00,   26.654178,    1.812867
2018-12-20 25:00:00,   27.070236,    1.816636
2018-12-21 25:00:00,   27.354533,    1.823431
2018-12-22 25:00:00,   27.326085,    1.829230
2018-12-23 25:00:00,   26.982461,    1.835644
2018-12-24 25:00:00,   26.924299,    1.838586
2018-12-25 25:00:00,   26.853392,    1.844269
2018-12-26 25:00:00,   27.011928,    1.849043
2018-12-27 25:00:00,   27.158799,    1.856406
2018-12-28 25:00:00,   27.182410,    1.861602
2018-12-29 25:00:00,   28.232646,    1.867937
2018-12-30 25:00:00,   28.828141,    1.874491
2018-12-31 25:00:00,   28.487813,    1.880927
2019-01-01 25:00:00,   28.013596,    1.886209
2019-01-02 25:00:00,   27.733621,    1.892813
2019-01-03 25:00:00,   26.977884,    1.897800
2019-01-04 25:00:00,   27.426609,    1.904295
2019-01-05 25:00:00,   27.861093,    1.907956
2019-01-06 25:00:00,   26.842811,    1.912762
2019-01-07 25:00:00,   25.982825,    1.915782
2019-01-08 25:00:00,   25.799939,    1.917661
2019-01-09 25:00:00,   26.012941,    1.921583
2019-01-10 25:00:00,   26.820598,    1.926653
2019-01-11 25:00:00,   27.258343,    1.934024
2019-01-12 25:00:00,   27.937977,    1.939092
2019-01-13 25:00:00,   28.866139,    1.946978
2019-01-14 25:00:00,   29.694846,    1.949054
2019-01-15 25:00:00,   30.053443,    1.956550
2019-01-16 25:00:00,   28.001210,    1.963050
2019-01-17 25:00:00,   27.543424,    1.967188
2019-01-18 25:00:00,   27.738502,    1.968600
2019-01-19 25:00:00,   29.226220,    1.973895
2019-01-20 25:00:00,   30.026386,    1.973929
2019-01-21 25:00:00,   31.172881,    1.979784
2019-01-22 25:00:00,   30.252276,    1.986223
2019-01-23 25:00:00,   29.431190,    1.988511
2019-01-24 25:00:00,   30.582784,    1.990768
2019-01-25 25:00:00,   30.539784,    1.993595
2019-01-26 25:00:00,   30.844250,    1.993880
2019-01-27 25:00:00,   31.564724,    2.000187
2019-01-28 25:00:00,   31.649790,    2.006291
2019-01-29 25:00:00,   28.885145,    2.008492
2019-01-30 25:00:00,   27.716406,    2.011186
2019-01-31 25:00:00,   27.915977,    2.010030
2019-02-01 25:00:00,   27.871924,    2.015061
2019-02-02 25:00:00,   27.801837,    1.999625
2019-02-03 25:00:00,   27.046362,    2.007943
2019-02-04 25:00:00,   25.934062,    2.010693
2019-02-05 25:00:00,   25.946461,    2.012598
2019-02-06 25:00:00,   25.837446,    2.015167
2019-02-07 25:00:00,   26.341235,    2.020756
2019-02-08 25:00:00,   26.503052,    2.024515
2019-02-09 25:00:00,   27.094737,    2.027865
2019-02-10 25:00:00,   27.963883,    2.030313
2019-02-11 25:00:00,   28.310360,    2.035080
2019-02-12 25:00:00,   27.854044,    2.039171
2019-02-13 25:00:00,   28.416448,    2.043724
2019-02-14 25:00:00,   28.456116,    2.047430
2019-02-15 25:00:00,   28.160118,    2.051167
2019-02-16 25:00:00,   28.079980,    2.055311
2019-02-17 25:00:00,   27.931065,    2.059019
2019-02-18 25:00:00,   27.617024,    2.056626
2019-02-19 25:00:00,   28.002108,    2.061272
2019-02-20 25:00:00,   27.926115,    2.064440
2019-02-21 25:00:00,   28.859046,    2.069779
2019-02-22 25:00:00,   29.636228,    2.074318
2019-02-23 25:00:00,   28.693765,    2.078017
2019-02-24 25:00:00,   27.728734,    2.081007
2019-02-25 25:00:00,   27.031625,    2.081273
2019-02-26 25:00:00,   26.229673,    2.079773
2019-02-27 25:00:00,   26.173657,    2.080694
2019-02-28 25:00:00,   25.890788,    2.083462
2019-03-01 25:00:00,   25.594114,    2.087852
2019-03-02 25:00:00,   25.199829,    2.084869
2019-03-03 25:00:00,   25.044889,    2.086205
2019-03-04 25:00:00,   25.048498,    2.089375
2019-03-05 25:00:00,   25.632020,    2.090815
2019-03-06 25:00:00,   26.693173,    2.094305
2019-03-07 25:00:00,   26.752928,    2.100724
2019-03-08 25:00:00,   26.314606,    2.103049
2019-03-09 25:00:00,   26.252078,    2.107041
2019-03-10 25:00:00,   26.620118,    2.109757
2019-03-11 25:00:00,   27.337414,    2.113437
2019-03-12 25:00:00,   27.899669,    2.118877
2019-03-13 25:00:00,   27.884100,    2.122266
2019-03-14 25:00:00,   26.750945,    2.127331
2019-03-15 25:00:00,   25.831786,    2.127813
2019-03-16 25:00:00,   25.176847,    2.128365
2019-03-17 25:00:00,   24.800183,    2.127261
2019-03-18 25:00:00,   24.971761,    2.122979
2019-03-19 25:00:00,   25.358738,    2.125574
2019-03-20 25:00:00,   24.850143,    2.129332
2019-03-21 25:00:00,   24.430421,    2.131328
2019-03-22 25:00:00,   24.189292,    2.130638
2019-03-23 25:00:00,   23.878612,    2.133044
2019-03-24 25:00:00,   23.799961,    2.129161
2019-03-25 25:00:00,   24.121428,    2.130376
2019-03-26 25:00:00,   23.994520,    2.131983
2019-03-27 25:00:00,   24.241876,    2.134901
2019-03-28 25:00:00,   24.203975,    2.135366
2019-03-29 25:00:00,   24.512942,    2.138056
2019-03-30 25:00:00,   24.514207,    2.140179
2019-03-31 25:00:00,   23.597426,    2.141525
2019-04-01 25:00:00,   23.466094,    2.138845
2019-04-02 25:00:00,   23.221787,    2.140810
2019-04-03 25:00:00,   23.027514,    2.132722
2019-04-04 25:00:00,   23.392227,    2.133667
2019-04-05 25:00:00,   23.422682,    2.134916
2019-04-06 25:00:00,   22.615046,    2.134683
2019-04-07 25:00:00,   22.016440,    2.131095
2019-04-08 25:00:00,   22.243521,    2.132010
2019-04-09 25:00:00,   23.030086,    2.133746
2019-04-10 25:00:00,   23.555238,    2.134111
2019-04-11 25:00:00,   24.045464,    2.135873
2019-04-12 25:00:00,   23.867664,    2.140771
2019-04-13 25:00:00,   23.624987,    2.141667
2019-04-14 25:00:00,   23.634477,    2.145100
2019-04-15 25:00:00,   23.714750,    2.147041
2019-04-16 25:00:00,   24.034004,    2.149057
2019-04-17 25:00:00,   24.173692,    2.151230
2019-04-18 25:00:00,   23.492516,    2.151925
2019-04-19 25:00:00,   22.720391,    2.149237
2019-04-20 25:00:00,   22.454204,    2.149450
2019-04-21 25:00:00,   22.044272,    2.145596
2019-04-22 25:00:00,   21.873496,    2.142275
2019-04-23 25:00:00,   21.781147,    2.139618
2019-04-24 25:00:00,   21.579916,    2.135534
2019-04-25 25:00:00,   20.933706,    2.130011
2019-04-26 25:00:00,   20.462676,    2.123301
2019-04-27 25:00:00,   21.071167,    2.123710
2019-04-28 25:00:00,   20.561353,    2.127809
2019-04-29 25:00:00,   19.976002,    2.119387
2019-04-30 25:00:00,   20.336960,    2.110867
2019-05-01 25:00:00,   20.547272,    2.112785
2019-05-02 25:00:00,   20.235603,    2.114691
2019-05-03 25:00:00,   20.163095,    2.115625
2019-05-04 25:00:00,   20.852663,    2.116302
2019-05-05 25:00:00,   20.587011,    2.028891
2019-05-06 25:00:00,   20.776832,    2.037745
2019-05-07 25:00:00,   20.267356,    2.037280
2019-05-08 25:00:00,   19.621500,    2.046839
2019-05-09 25:00:00,   19.163238,    2.045849
2019-05-10 25:00:00,   19.571269,    2.030418
2019-05-11 25:00:00,   19.646440,    2.019057
2019-05-12 25:00:00,   19.540532,    2.026882
2019-05-13 25:00:00,   19.550019,    2.035457
2019-05-14 25:00:00,   19.195300,    2.034661
2019-05-15 25:00:00,   19.769994,    2.034580
2019-05-16 25:00:00,   19.676509,    2.035405
2019-05-17 25:00:00,   19.776374,    2.036353
2019-05-18 25:00:00,   19.339763,    2.036002
2019-05-19 25:00:00,   19.368004,    2.035439
2019-05-20 25:00:00,   19.605809,    2.036485
2019-05-21 25:00:00,   19.248236,    2.036477
2019-05-22 25:00:00,   19.240673,    2.037201
2019-05-23 25:00:00,   18.869850,    2.033339
2019-05-24 25:00:00,   18.756356,    2.033719
2019-05-25 25:00:00,   18.588519,    2.033655
2019-05-26 25:00:00,   18.181298,    2.031794
2019-05-27 25:00:00,   17.958523,    2.030305
2019-05-28 25:00:00,   18.399829,    2.031221
2019-05-29 25:00:00,   18.458863,    2.031780
2019-05-30 25:00:00,   17.891084,    2.031585
2019-05-31 25:00:00,   17.754865,    2.032049
2019-06-01 25:00:00,   17.607839,    2.005963
2019-06-02 25:00:00,   17.792969,    2.006479
2019-06-03 25:00:00,   18.382579,    2.007172
2019-06-04 25:00:00,   17.400880,    2.007464
2019-06-05 25:00:00,   17.302427,    2.008515
2019-06-06 25:00:00,   17.154575,    2.009559
2019-06-07 25:00:00,   16.761973,    2.006435
2019-06-08 25:00:00,   16.750284,    1.972342
2019-06-09 25:00:00,   17.649730,    1.977722
2019-06-10 25:00:00,   17.710291,    1.978864
2019-06-11 25:00:00,   17.064380,    1.972982
2019-06-12 25:00:00,   16.838694,    1.971057
2019-06-13 25:00:00,   16.695764,    1.961364
2019-06-14 25:00:00,   16.381722,    1.959074
2019-06-15 25:00:00,   16.161078,    1.949869
2019-06-16 25:00:00,   16.514292,    1.949868
2019-06-17 25:00:00,   16.436272,    1.950409
2019-06-18 25:00:00,   16.683719,    1.950696
2019-06-19 25:00:00,   16.920100,    1.951511
2019-06-20 25:00:00,   17.273655,    1.940860
2019-06-21 25:00:00,   16.349416,    1.941782
2019-06-22 25:00:00,   16.440916,    1.943006
2019-06-23 25:00:00,   16.463986,    1.943321
2019-06-24 25:00:00,   15.924908,    1.943162
2019-06-25 25:00:00,   15.848250,    1.943561
2019-06-26 25:00:00,   15.458426,    1.942814
2019-06-27 25:00:00,   15.294795,    1.934379
2019-06-28 25:00:00,   15.386675,    1.931453
2019-06-29 25:00:00,   15.372523,    1.930533
2019-06-30 25:00:00,   16.238533,    1.931450
2019-07-01 25:00:00,   15.839873,    1.931927
2019-07-02 25:00:00,   16.010272,    1.932983
2019-07-03 25:00:00,   15.943027,    1.932936
2019-07-04 25:00:00,   15.382876,    1.932240
2019-07-05 25:00:00,   15.514679,    1.933785
2019-07-06 25:00:00,   15.096917,    1.933398
2019-07-07 25:00:00,   15.173420,    1.929994
2019-07-08 25:00:00,   15.702334,    1.930773
2019-07-09 25:00:00,   15.133847,    1.930713
2019-07-10 25:00:00,   15.003999,    1.931180
2019-07-11 25:00:00,   14.787982,    1.909969
2019-07-12 25:00:00,   14.623616,    1.910346
2019-07-13 25:00:00,   14.750634,    1.911262
2019-07-14 25:00:00,   14.461101,    1.910756
2019-07-15 25:00:00,   14.734465,    1.910998
2019-07-16 25:00:00,   14.877366,    1.911365
2019-07-17 25:00:00,   14.745447,    1.899411
2019-07-18 25:00:00,   14.773699,    1.902052
2019-07-19 25:00:00,   14.799382,    1.902862
2019-07-20 25:00:00,   15.028845,    1.903881
2019-07-21 25:00:00,   15.121455,    1.905183
2019-07-22 25:00:00,   15.249665,    1.904352
2019-07-23 25:00:00,   15.325194,    1.905641
2019-07-24 25:00:00,   14.780770,    1.903544
2019-07-25 25:00:00,   14.735048,    1.904425
2019-07-26 25:00:00,   14.664699,    1.904520
2019-07-27 25:00:00,   15.196900,    1.905051
2019-07-28 25:00:00,   15.174334,    1.905769
2019-07-29 25:00:00,   15.334735,    1.907263
2019-07-30 25:00:00,   14.892726,    1.907310
2019-07-31 25:00:00,   14.697838,    1.906477
2019-08-01 25:00:00,   14.905995,    1.895466
2019-08-02 25:00:00,   15.064964,    1.889082
2019-08-03 25:00:00,   14.989549,    1.888391
2019-08-04 25:00:00,   15.170667,    1.886632
2019-08-05 25:00:00,   15.850583,    1.880940
2019-08-06 25:00:00,   15.724638,    1.881704
2019-08-07 25:00:00,   15.969600,    1.878113
2019-08-08 25:00:00,   15.938079,    1.870467
2019-08-09 25:00:00,   16.504460,    1.871905
2019-08-10 25:00:00,   16.569077,    1.873951
2019-08-11 25:00:00,   17.030291,    1.874519
2019-08-12 25:00:00,   16.943464,    1.874148
2019-08-13 25:00:00,   16.335796,    1.842685
2019-08-14 25:00:00,   16.626988,    1.845090
2019-08-15 25:00:00,   16.339061,    1.840274
2019-08-16 25:00:00,   16.973782,    1.843226
2019-08-17 25:00:00,   17.144692,    1.844583
2019-08-18 25:00:00,   16.618679,    1.845099
2019-08-19 25:00:00,   17.462019,    1.845723
2019-08-20 25:00:00,   17.295440,    1.845633
2019-08-21 25:00:00,   18.368707,    1.842552
2019-08-22 25:00:00,   17.719570,    1.838920
2019-08-23 25:00:00,   16.919197,    1.840585
2019-08-24 25:00:00,   16.928083,    1.841486
2019-08-25 25:00:00,   16.917201,    1.842543
2019-08-26 25:00:00,   17.926857,    1.843858
2019-08-27 25:00:00,   17.597686,    1.843749
2019-08-28 25:00:00,   18.069567,    1.844479
2019-08-29 25:00:00,   17.828946,    1.845373
2019-08-30 25:00:00,   18.389583,    1.846634
2019-08-31 25:00:00,   19.397281,    1.848427
2019-09-01 25:00:00,   18.240466,    1.839514
2019-09-02 25:00:00,   18.732972,    1.842650
2019-09-03 25:00:00,   18.706074,    1.843489
2019-09-04 25:00:00,   17.902920,    1.831091
2019-09-05 25:00:00,   16.761924,    1.823426
2019-09-06 25:00:00,   16.429627,    1.824082
2019-09-07 25:00:00,   16.549762,    1.826002
2019-09-08 25:00:00,   16.853487,    1.827505
2019-09-09 25:00:00,   17.865368,    1.830110
2019-09-10 25:00:00,   18.914234,    1.832155
2019-09-11 25:00:00,   19.349854,    1.831880
2019-09-12 25:00:00,   19.377003,    1.832503
2019-09-13 25:00:00,   19.262196,    1.835663
2019-09-14 25:00:00,   19.359485,    1.838473
2019-09-15 25:00:00,   19.233134,    1.838311
2019-09-16 25:00:00,   19.767548,    1.840892
2019-09-17 25:00:00,   20.551751,    1.844881
2019-09-18 25:00:00,   20.689993,    1.844573
2019-09-19 25:00:00,   20.836205,    1.809130
2019-09-20 25:00:00,   21.267876,    1.812033
2019-09-21 25:00:00,   20.745701,    1.816433
2019-09-22 25:00:00,   19.030496,    1.819014
2019-09-23 25:00:00,   18.145579,    1.819953
2019-09-24 25:00:00,   18.453862,    1.822115
2019-09-25 25:00:00,   18.377548,    1.823087
2019-09-26 25:00:00,   18.366934,    1.812199
2019-09-27 25:00:00,   17.774770,    1.808291
2019-09-28 25:00:00,   17.056104,    1.805467
2019-09-29 25:00:00,   17.950168,    1.807274
2019-09-30 25:00:00,   18.905048,    1.810321
2019-10-01 25:00:00,   19.697203,    1.811951
2019-10-02 25:00:00,   20.773418,    1.818134
2019-10-03 25:00:00,   21.038787,    1.818572
2019-10-04 25:00:00,   20.735132,    1.822839
2019-10-05 25:00:00,   20.891482,    1.823353
2019-10-06 25:00:00,   20.825277,    1.826653
2019-10-07 25:00:00,   21.308335,    1.829795
2019-10-08 25:00:00,   21.509430,    1.832868
2019-10-09 25:00:00,   21.814208,    1.836962
2019-10-10 25:00:00,   21.144274,    1.831149
2019-10-11 25:00:00,   21.512106,    1.836428
2019-10-12 25:00:00,   21.303868,    1.840893
2019-10-13 25:00:00,   22.033831,    1.842234
2019-10-14 25:00:00,   21.330990,    1.841611
2019-10-15 25:00:00,   20.824760,    1.844619
2019-10-16 25:00:00,   20.987661,    1.846039
2019-10-17 25:00:00,   21.081562,    1.847124
2019-10-18 25:00:00,   22.063875,    1.850315
2019-10-19 25:00:00,   23.345193,    1.852382
2019-10-20 25:00:00,   23.315141,    1.855896
2019-10-21 25:00:00,   23.656673,    1.858053
2019-10-22 25:00:00,   24.632487,    1.862065
2019-10-23 25:00:00,   23.376332,    1.863460
2019-10-24 25:00:00,   22.807589,    1.867205
2019-10-25 25:00:00,   22.890095,    1.871579
2019-10-26 25:00:00,   22.844668,    1.875696
2019-10-27 25:00:00,   23.006153,    1.878873
2019-10-28 25:00:00,   23.591566,    1.884278
2019-10-29 25:00:00,   24.135548,    1.886952
2019-10-30 25:00:00,   24.200827,    1.890492
2019-10-31 25:00:00,   23.237139,    1.893183
2019-11-01 25:00:00,   22.367573,    1.895460
2019-11-02 25:00:00,   22.158360,    1.897520
2019-11-03 25:00:00,   22.784958,    1.899788
2019-11-04 25:00:00,   22.562334,    1.903241
2019-11-05 25:00:00,   21.235931,    1.887805
2019-11-06 25:00:00,   20.629497,    1.882625
2019-11-07 25:00:00,   21.543418,    1.884992
2019-11-08 25:00:00,   22.410436,    1.889518
2019-11-09 25:00:00,   22.486531,    1.891254
2019-11-10 25:00:00,   24.008449,    1.896392
2019-11-11 25:00:00,   23.859169,    1.900099
2019-11-12 25:00:00,   23.205432,    1.904502
2019-11-13 25:00:00,   23.257271,    1.907558
2019-11-14 25:00:00,   23.250334,    1.910910
2019-11-15 25:00:00,   23.717099,    1.915340
2019-11-16 25:00:00,   24.131769,    1.919183
2019-11-17 25:00:00,   24.786560,    1.922992
2019-11-18 25:00:00,   25.730265,    1.929535
2019-11-19 25:00:00,   25.093630,    1.934271
2019-11-20 25:00:00,   25.462556,    1.937023
2019-11-21 25:00:00,   25.626162,    1.943124
2019-11-22 25:00:00,   25.767462,    1.942973
2019-11-23 25:00:00,   27.157265,    1.949673
2019-11-24 25:00:00,   26.016382,    1.952045
2019-11-25 25:00:00,   25.340040,    1.955494
2019-11-26 25:00:00,   25.860592,    1.957908
2019-11-27 25:00:00,   27.074401,    1.964241
2019-11-28 25:00:00,   25.934321,    1.967306
2019-11-29 25:00:00,   22.849668,    1.940328
2019-11-30 25:00:00,   21.163795,    1.932704
2019-12-01 25:00:00,   21.052695,    1.933674
2019-12-02 25:00:00,   22.092854,    1.937100
2019-12-03 25:00:00,   23.033975,    1.941628
2019-12-04 25:00:00,   24.466145,    1.949223
2019-12-05 25:00:00,   25.521241,    1.952114
2019-12-06 25:00:00,   26.716683,    1.963704
2019-12-07 25:00:00,   26.061460,    1.966693
2019-12-08 25:00:00,   24.809770,    1.968495
2019-12-09 25:00:00,   25.200946,    1.974546
2019-12-10 25:00:00,   25.469670,    1.977758
2019-12-11 25:00:00,   26.566013,    1.982302
2019-12-12 25:00:00,   27.670965,    1.981384
2019-12-13 25:00:00,   26.582720,    1.970434
2019-12-14 25:00:00,   25.907542,    1.954977
2019-12-15 25:00:00,   25.857944,    1.961339
2019-12-16 25:00:00,   26.217987,    1.966908
2019-12-17 25:00:00,   26.948672,    1.972906
2019-12-18 25:00:00,   27.635688,    1.979141
2019-12-19 25:00:00,   26.480146,    1.983802
2019-12-20 25:00:00,   26.276767,    1.985966
2019-12-21 25:00:00,   27.123009,    1.992649
2019-12-22 25:00:00,   26.692176,    1.999374
2019-12-23 25:00:00,   26.823008,    2.004197
2019-12-24 25:00:00,   27.005670,    2.010464
2019-12-25 25:00:00,   27.597767,    2.014300
2019-12-26 25:00:00,   28.070565,    2.019090
2019-12-27 25:00:00,   28.151229,    2.025709
2019-12-28 25:00:00,   29.234105,    2.029855
2019-12-29 25:00:00,   30.020185,    2.034746
2019-12-30 25:00:00,   29.917563,    2.040313
2019-12-31 25:00:00,   30.792563,    2.047135
2020-01-01 25:00:00,   31.605182,    2.053992
2020-01-02 25:00:00,   30.756778,    2.057083
2020-01-03 25:00:00,   30.375807,    2.061084
2020-01-04 25:00:00,   28.561043,    2.061438
2020-01-05 23:00:00,   27.705632,    2.062285
2020-01-05 25:00:00,   27.705632,    2.062285
