time,flow,temp,salt
2009-12-31 00:00:00,  304.188480,   24.524047,    0.535733
2010-01-01 00:00:00,  608.817600,   24.663306,    0.539787
2010-01-02 00:00:00,  610.286400,   24.801369,    0.540452
2010-01-03 00:00:00,  612.195840,   26.238060,    0.542785
2010-01-04 00:00:00,  613.958400,   26.031479,    0.544579
2010-01-05 00:00:00,  615.867840,   26.855714,    0.545234
2010-01-06 00:00:00,  617.777280,   27.709698,    0.547216
2010-01-07 00:00:00,  619.539840,   27.195615,    0.548191
2010-01-08 00:00:00,  621.302400,   27.406420,    0.549599
2010-01-09 00:00:00,  622.918080,   27.240560,    0.551126
2010-01-10 00:00:00,  624.533760,   26.090728,    0.552255
2010-01-11 00:00:00,  626.296320,   25.554427,    0.552279
2010-01-12 00:00:00,  627.912000,   25.598617,    0.553172
2010-01-13 00:00:00,  629.380800,   26.385884,    0.554558
2010-01-14 00:00:00,  630.849600,   26.546881,    0.556449
2010-01-15 00:00:00,  632.465280,   25.901370,    0.557216
2010-01-16 00:00:00,  634.080960,   26.716589,    0.558578
2010-01-17 00:00:00,  635.402880,   26.407888,    0.558437
2010-01-18 00:00:00,  636.724800,   28.235428,    0.562129
2010-01-19 00:00:00,  638.193600,   28.932855,    0.563338
2010-01-20 00:00:00,  639.515520,   28.095592,    0.565349
2010-01-21 00:00:00,  640.837440,   26.957064,    0.566561
2010-01-22 00:00:00,  642.159360,   27.061015,    0.566420
2010-01-23 00:00:00,  643.334400,   27.346686,    0.567849
2010-01-24 00:00:00,  644.509440,   28.008546,    0.569585
2010-01-25 00:00:00,  645.684480,   27.796415,    0.570566
2010-01-26 00:00:00,  646.712640,   28.000955,    0.572252
2010-01-27 00:00:00,  647.740800,   28.035420,    0.574177
2010-01-28 00:00:00,  648.768960,   28.100374,    0.575876
2010-01-29 00:00:00,  649.797120,   27.925153,    0.576413
2010-01-30 00:00:00,  650.825280,   26.707923,    0.577224
2010-01-31 00:00:00,  651.706560,   26.373147,    0.577621
2010-02-01 00:00:00,  652.294080,   26.426648,    0.579158
2010-02-02 00:00:00,  652.881600,   25.137756,    0.579210
2010-02-03 00:00:00,  653.762880,   24.528732,    0.579938
2010-02-04 00:00:00,  654.497280,   24.145185,    0.580818
2010-02-05 00:00:00,  655.084800,   24.530919,    0.581593
2010-02-06 00:00:00,  655.819200,   24.057243,    0.582069
2010-02-07 00:00:00,  656.553600,   25.259926,    0.582974
2010-02-08 00:00:00,  657.141120,   25.449076,    0.583835
2010-02-09 00:00:00,  657.728640,   26.558093,    0.584629
2010-02-10 00:00:00,  658.169280,   25.966879,    0.585572
2010-02-11 00:00:00,  658.609920,   26.622973,    0.586875
2010-02-12 00:00:00,  659.050560,   26.585064,    0.588172
2010-02-13 00:00:00,  659.344320,   27.167022,    0.589582
2010-02-14 00:00:00,  659.784960,   27.317883,    0.590615
2010-02-15 00:00:00,  660.078720,   26.976705,    0.592031
2010-02-16 00:00:00,  660.225600,   26.446560,    0.592497
2010-02-17 00:00:00,  660.519360,   27.096272,    0.592772
2010-02-18 00:00:00,  660.666240,   28.243528,    0.594281
2010-02-19 00:00:00,  660.813120,   26.573010,    0.594860
2010-02-20 00:00:00,  660.960000,   25.938133,    0.595300
2010-02-21 00:00:00,  660.960000,   25.449564,    0.595840
2010-02-22 00:00:00,  660.960000,   25.794886,    0.596865
2010-02-23 00:00:00,  660.960000,   25.549238,    0.597967
2010-02-24 00:00:00,  660.813120,   26.129834,    0.598893
2010-02-25 00:00:00,  660.666240,   26.889770,    0.600613
2010-02-26 00:00:00,  660.519360,   26.983023,    0.603004
2010-02-27 00:00:00,  660.225600,   27.152245,    0.604715
2010-02-28 00:00:00,  659.931840,   26.893261,    0.606224
2010-03-01 00:00:00,  659.197440,   27.052677,    0.607453
2010-03-02 00:00:00,  658.316160,   27.315896,    0.608629
2010-03-03 00:00:00,  657.728640,   26.421177,    0.609749
2010-03-04 00:00:00,  657.141120,   24.989092,    0.608368
2010-03-05 00:00:00,  656.553600,   24.621204,    0.608299
2010-03-06 00:00:00,  655.966080,   25.014988,    0.609033
2010-03-07 00:00:00,  655.378560,   25.244305,    0.609888
2010-03-08 00:00:00,  654.644160,   25.253933,    0.611030
2010-03-09 00:00:00,  653.909760,   25.429472,    0.612323
2010-03-10 00:00:00,  653.175360,   25.307977,    0.613403
2010-03-11 00:00:00,  652.294080,   25.504851,    0.613289
2010-03-12 00:00:00,  651.412800,   26.375153,    0.616107
2010-03-13 00:00:00,  650.531520,   25.973346,    0.616281
2010-03-14 00:00:00,  649.503360,   26.890040,    0.616457
2010-03-15 00:00:00,  648.475200,   26.232021,    0.617564
2010-03-16 00:00:00,  647.447040,   24.982830,    0.618028
2010-03-17 00:00:00,  646.418880,   24.564305,    0.617391
2010-03-18 00:00:00,  645.390720,   24.034473,    0.617972
2010-03-19 00:00:00,  644.215680,   23.317258,    0.616375
2010-03-20 00:00:00,  643.040640,   23.856017,    0.616216
2010-03-21 00:00:00,  641.718720,   24.495045,    0.617182
2010-03-22 00:00:00,  640.396800,   24.698551,    0.578906
2010-03-23 00:00:00,  639.221760,   25.071012,    0.579503
2010-03-24 00:00:00,  637.899840,   25.663167,    0.581565
2010-03-25 00:00:00,  636.431040,   25.201233,    0.589253
2010-03-26 00:00:00,  634.962240,   25.146218,    0.592963
2010-03-27 00:00:00,  633.493440,   24.138013,    0.595575
2010-03-28 00:00:00,  632.024640,   23.753313,    0.599344
2010-03-29 00:00:00,  630.555840,   23.904096,    0.601056
2010-03-30 00:00:00,  629.087040,   23.846841,    0.601813
2010-03-31 00:00:00,  627.471360,   23.563443,    0.602716
2010-04-01 00:00:00,  626.296320,   23.905611,    0.603654
2010-04-02 00:00:00,  625.121280,   23.859126,    0.604369
2010-04-03 00:00:00,  623.358720,   22.971762,    0.605060
2010-04-04 00:00:00,  621.596160,   22.371316,    0.605146
2010-04-05 00:00:00,  619.833600,   22.792986,    0.605599
2010-04-06 00:00:00,  618.071040,   22.220537,    0.605553
2010-04-07 00:00:00,  616.308480,   22.535324,    0.605852
2010-04-08 00:00:00,  614.545920,   22.804471,    0.606494
2010-04-09 00:00:00,  612.783360,   22.581521,    0.607403
2010-04-10 00:00:00,  610.873920,   22.242695,    0.607913
2010-04-11 00:00:00,  608.964480,   22.671870,    0.608122
2010-04-12 00:00:00,  607.055040,   21.146626,    0.607751
2010-04-13 00:00:00,  604.998720,   20.724916,    0.603607
2010-04-14 00:00:00,  602.942400,   20.262428,    0.602969
2010-04-15 00:00:00,  600.886080,   20.646005,    0.603186
2010-04-16 00:00:00,  598.829760,   21.392717,    0.603764
2010-04-17 00:00:00,  596.773440,   21.231980,    0.603900
2010-04-18 00:00:00,  594.717120,   21.781561,    0.604403
2010-04-19 00:00:00,  592.660800,   21.941714,    0.604828
2010-04-20 00:00:00,  590.457600,   22.491128,    0.605438
2010-04-21 00:00:00,  588.254400,   22.008890,    0.605661
2010-04-22 00:00:00,  586.198080,   21.167061,    0.606151
2010-04-23 00:00:00,  583.994880,   20.807239,    0.606673
2010-04-24 00:00:00,  581.644800,   20.669194,    0.606812
2010-04-25 00:00:00,  579.441600,   20.388133,    0.606813
2010-04-26 00:00:00,  577.238400,   20.479043,    0.607302
2010-04-27 00:00:00,  574.888320,   20.421694,    0.607602
2010-04-28 00:00:00,  572.538240,   20.662811,    0.608018
2010-04-29 00:00:00,  570.188160,   20.312234,    0.608077
2010-04-30 00:00:00,  567.838080,   20.387572,    0.608411
2010-05-01 00:00:00,  565.047360,   19.964445,    0.608372
2010-05-02 00:00:00,  562.109760,   20.001875,    0.608683
2010-05-03 00:00:00,  559.612800,   19.679087,    0.609020
2010-05-04 00:00:00,  557.262720,   19.486717,    0.609749
2010-05-05 00:00:00,  554.912640,   19.460039,    0.610089
2010-05-06 00:00:00,  552.415680,   19.360471,    0.610649
2010-05-07 00:00:00,  549.918720,   19.510486,    0.611100
2010-05-08 00:00:00,  547.568640,   19.259530,    0.611227
2010-05-09 00:00:00,  545.071680,   18.981645,    0.611797
2010-05-10 00:00:00,  542.574720,   18.676988,    0.612657
2010-05-11 00:00:00,  540.077760,   18.680984,    0.614730
2010-05-12 00:00:00,  537.580800,   18.720970,    0.615970
2010-05-13 00:00:00,  535.083840,   18.030300,    0.613008
2010-05-14 00:00:00,  532.586880,   17.839760,    0.617562
2010-05-15 00:00:00,  530.089920,   17.881812,    0.620072
2010-05-16 00:00:00,  527.592960,   17.751133,    0.620673
2010-05-17 00:00:00,  525.096000,   17.695068,    0.623173
2010-05-18 00:00:00,  522.599040,   17.408843,    0.625635
2010-05-19 00:00:00,  520.102080,   17.699226,    0.628017
2010-05-20 00:00:00,  517.458240,   18.227687,    0.628253
2010-05-21 00:00:00,  514.961280,   17.573505,    0.628683
2010-05-22 00:00:00,  512.464320,   17.703443,    0.616123
2010-05-23 00:00:00,  509.967360,   17.165740,    0.641801
2010-05-24 00:00:00,  507.470400,   17.336562,    0.648280
2010-05-25 00:00:00,  504.826560,   17.123004,    0.648683
2010-05-26 00:00:00,  502.329600,   16.919476,    0.646094
2010-05-27 00:00:00,  499.832640,   16.743537,    0.643657
2010-05-28 00:00:00,  497.335680,   17.165001,    0.644131
2010-05-29 00:00:00,  494.838720,   16.735058,    0.644211
2010-05-30 00:00:00,  492.341760,   17.079230,    0.644741
2010-05-31 00:00:00,  489.844800,   16.899166,    0.639210
2010-06-01 00:00:00,  488.082240,   16.982644,    0.644330
2010-06-02 00:00:00,  486.319680,   16.854153,    0.644468
2010-06-03 00:00:00,  483.822720,   17.057363,    0.644908
2010-06-04 00:00:00,  481.325760,   16.353469,    0.644896
2010-06-05 00:00:00,  478.828800,   16.437586,    0.645113
2010-06-06 00:00:00,  476.478720,   16.863066,    0.645640
2010-06-07 00:00:00,  473.981760,   16.530653,    0.645797
2010-06-08 00:00:00,  471.484800,   16.044877,    0.645934
2010-06-09 00:00:00,  469.134720,   15.805331,    0.646372
2010-06-10 00:00:00,  466.784640,   15.992678,    0.646784
2010-06-11 00:00:00,  464.434560,   15.501535,    0.647041
2010-06-12 00:00:00,  462.084480,   15.714422,    0.647156
2010-06-13 00:00:00,  459.734400,   15.521444,    0.647608
2010-06-14 00:00:00,  457.384320,   15.667150,    0.640148
2010-06-15 00:00:00,  455.034240,   15.366647,    0.637615
2010-06-16 00:00:00,  452.684160,   15.538866,    0.637368
2010-06-17 00:00:00,  450.334080,   15.465199,    0.637559
2010-06-18 00:00:00,  448.130880,   15.733307,    0.637627
2010-06-19 00:00:00,  445.927680,   16.094502,    0.637979
2010-06-20 00:00:00,  443.577600,   15.791399,    0.637925
2010-06-21 00:00:00,  441.374400,   15.766996,    0.638112
2010-06-22 00:00:00,  439.318080,   15.584051,    0.638399
2010-06-23 00:00:00,  437.114880,   15.444182,    0.633101
2010-06-24 00:00:00,  434.911680,   15.341112,    0.633867
2010-06-25 00:00:00,  432.855360,   15.233996,    0.634101
2010-06-26 00:00:00,  430.799040,   15.004163,    0.634438
2010-06-27 00:00:00,  428.742720,   14.556578,    0.633253
2010-06-28 00:00:00,  426.686400,   14.829195,    0.633763
2010-06-29 00:00:00,  424.630080,   14.457726,    0.633760
2010-06-30 00:00:00,  422.573760,   14.410583,    0.634157
2010-07-01 00:00:00,  420.223680,   14.242975,    0.634447
2010-07-02 00:00:00,  417.873600,   14.186237,    0.630731
2010-07-03 00:00:00,  415.964160,   14.151366,    0.630940
2010-07-04 00:00:00,  414.201600,   14.032624,    0.631190
2010-07-05 00:00:00,  412.292160,   14.009638,    0.631126
2010-07-06 00:00:00,  410.382720,   13.919126,    0.631592
2010-07-07 00:00:00,  408.620160,   13.675875,    0.631724
2010-07-08 00:00:00,  406.857600,   13.460472,    0.626983
2010-07-09 00:00:00,  405.241920,   13.073036,    0.624029
2010-07-10 00:00:00,  403.626240,   13.064018,    0.620820
2010-07-11 00:00:00,  401.863680,   13.153893,    0.617676
2010-07-12 00:00:00,  400.248000,   12.886636,    0.616386
2010-07-13 00:00:00,  398.779200,   13.043547,    0.616130
2010-07-14 00:00:00,  397.163520,   13.255790,    0.615513
2010-07-15 00:00:00,  395.547840,   13.038716,    0.616280
2010-07-16 00:00:00,  394.079040,   12.952459,    0.614429
2010-07-17 00:00:00,  392.757120,   13.069783,    0.614126
2010-07-18 00:00:00,  391.435200,   13.069148,    0.614613
2010-07-19 00:00:00,  389.966400,   13.244764,    0.614190
2010-07-20 00:00:00,  388.644480,   13.202007,    0.614491
2010-07-21 00:00:00,  387.322560,   13.205241,    0.614666
2010-07-22 00:00:00,  386.000640,   13.382864,    0.614958
2010-07-23 00:00:00,  384.825600,   13.449940,    0.615193
2010-07-24 00:00:00,  383.650560,   13.370691,    0.615642
2010-07-25 00:00:00,  382.475520,   13.373564,    0.615503
2010-07-26 00:00:00,  381.447360,   13.783558,    0.614849
2010-07-27 00:00:00,  380.419200,   14.038643,    0.614737
2010-07-28 00:00:00,  379.391040,   14.268410,    0.611939
2010-07-29 00:00:00,  378.362880,   13.962280,    0.610209
2010-07-30 00:00:00,  377.334720,   13.951798,    0.610475
2010-07-31 00:00:00,  376.453440,   14.143091,    0.610489
2010-08-01 00:00:00,  375.865920,   14.424654,    0.610707
2010-08-02 00:00:00,  375.278400,   14.961647,    0.611302
2010-08-03 00:00:00,  374.397120,   14.780152,    0.611333
2010-08-04 00:00:00,  373.662720,   14.886549,    0.611709
2010-08-05 00:00:00,  372.928320,   14.963739,    0.611990
2010-08-06 00:00:00,  372.193920,   15.290339,    0.612267
2010-08-07 00:00:00,  371.606400,   15.254437,    0.612596
2010-08-08 00:00:00,  371.018880,   15.171051,    0.613442
2010-08-09 00:00:00,  370.431360,   14.984106,    0.613636
2010-08-10 00:00:00,  369.990720,   14.463453,    0.613841
2010-08-11 00:00:00,  369.550080,   13.799496,    0.613937
2010-08-12 00:00:00,  369.109440,   13.881232,    0.599971
2010-08-13 00:00:00,  368.815680,   13.927639,    0.599906
2010-08-14 00:00:00,  368.375040,   14.230074,    0.600184
2010-08-15 00:00:00,  368.081280,   14.552227,    0.600567
2010-08-16 00:00:00,  367.934400,   14.369684,    0.600966
2010-08-17 00:00:00,  367.640640,   14.145000,    0.599994
2010-08-18 00:00:00,  367.493760,   13.881470,    0.599351
2010-08-19 00:00:00,  367.346880,   14.097502,    0.599823
2010-08-20 00:00:00,  367.200000,   14.244467,    0.593277
2010-08-21 00:00:00,  367.200000,   14.628300,    0.592444
2010-08-22 00:00:00,  367.200000,   14.682306,    0.591936
2010-08-23 00:00:00,  367.200000,   14.687939,    0.592324
2010-08-24 00:00:00,  367.346880,   15.276067,    0.592446
2010-08-25 00:00:00,  367.493760,   15.392309,    0.593038
2010-08-26 00:00:00,  367.640640,   15.171321,    0.593142
2010-08-27 00:00:00,  367.934400,   15.351805,    0.593672
2010-08-28 00:00:00,  368.228160,   15.591944,    0.594178
2010-08-29 00:00:00,  368.521920,   16.025596,    0.594170
2010-08-30 00:00:00,  368.815680,   16.322302,    0.594283
2010-08-31 00:00:00,  369.256320,   16.145868,    0.584590
2010-09-01 00:00:00,  369.550080,   15.629219,    0.587275
2010-09-02 00:00:00,  369.843840,   15.403320,    0.588715
2010-09-03 00:00:00,  370.431360,   15.740019,    0.589110
2010-09-04 00:00:00,  371.018880,   16.422329,    0.589048
2010-09-05 00:00:00,  371.606400,   17.153679,    0.588904
2010-09-06 00:00:00,  372.193920,   17.379857,    0.589620
2010-09-07 00:00:00,  372.781440,   16.757534,    0.581032
2010-09-08 00:00:00,  373.515840,   16.108957,    0.581600
2010-09-09 00:00:00,  374.250240,   16.193846,    0.580979
2010-09-10 00:00:00,  374.984640,   16.388298,    0.580906
2010-09-11 00:00:00,  375.865920,   16.453007,    0.581317
2010-09-12 00:00:00,  376.747200,   16.168357,    0.577985
2010-09-13 00:00:00,  377.628480,   16.601933,    0.579224
2010-09-14 00:00:00,  378.656640,   17.021837,    0.580017
2010-09-15 00:00:00,  379.684800,   17.269988,    0.580634
2010-09-16 00:00:00,  380.712960,   17.354097,    0.581772
2010-09-17 00:00:00,  381.741120,   17.183323,    0.581921
2010-09-18 00:00:00,  382.769280,   16.728896,    0.583223
2010-09-19 00:00:00,  383.944320,   16.889214,    0.583488
2010-09-20 00:00:00,  385.119360,   17.195720,    0.584512
2010-09-21 00:00:00,  386.441280,   17.699915,    0.585189
2010-09-22 00:00:00,  387.763200,   18.588670,    0.586062
2010-09-23 00:00:00,  389.085120,   18.842712,    0.586198
2010-09-24 00:00:00,  390.407040,   19.602693,    0.586860
2010-09-25 00:00:00,  391.728960,   20.484710,    0.587621
2010-09-26 00:00:00,  393.197760,   20.620357,    0.588681
2010-09-27 00:00:00,  394.666560,   20.757559,    0.589348
2010-09-28 00:00:00,  396.135360,   21.053343,    0.590575
2010-09-29 00:00:00,  397.604160,   20.784687,    0.591481
2010-09-30 00:00:00,  399.219840,   20.660867,    0.592519
2010-10-01 00:00:00,  401.129280,   21.406591,    0.593082
2010-10-02 00:00:00,  403.038720,   20.858718,    0.594220
2010-10-03 00:00:00,  404.801280,   21.314195,    0.594388
2010-10-04 00:00:00,  406.563840,   22.047907,    0.596816
2010-10-05 00:00:00,  408.326400,   20.852047,    0.597228
2010-10-06 00:00:00,  410.088960,   20.819184,    0.598432
2010-10-07 00:00:00,  411.851520,   21.189374,    0.599323
2010-10-08 00:00:00,  413.614080,   21.065596,    0.599536
2010-10-09 00:00:00,  415.523520,   22.110577,    0.600951
2010-10-10 00:00:00,  417.432960,   20.531681,    0.602811
2010-10-11 00:00:00,  419.342400,   20.436446,    0.604244
2010-10-12 00:00:00,  421.251840,   20.495189,    0.605017
2010-10-13 00:00:00,  423.161280,   20.608318,    0.606682
2010-10-14 00:00:00,  425.217600,   20.224965,    0.607468
2010-10-15 00:00:00,  427.273920,   19.807295,    0.607421
2010-10-16 00:00:00,  429.330240,   20.305961,    0.609263
2010-10-17 00:00:00,  431.386560,   21.427590,    0.610536
2010-10-18 00:00:00,  433.442880,   22.281808,    0.611584
2010-10-19 00:00:00,  435.499200,   22.401227,    0.611779
2010-10-20 00:00:00,  437.702400,   21.604821,    0.606425
2010-10-21 00:00:00,  439.905600,   21.566030,    0.607960
2010-10-22 00:00:00,  442.108800,   21.779432,    0.609598
2010-10-23 00:00:00,  444.312000,   21.551936,    0.610197
2010-10-24 00:00:00,  446.515200,   21.536116,    0.611446
2010-10-25 00:00:00,  448.865280,   22.011037,    0.613148
2010-10-26 00:00:00,  451.068480,   22.042024,    0.613240
2010-10-27 00:00:00,  453.271680,   21.872669,    0.615509
2010-10-28 00:00:00,  455.621760,   20.758815,    0.616462
2010-10-29 00:00:00,  457.971840,   21.073091,    0.617521
2010-10-30 00:00:00,  460.321920,   21.156927,    0.617902
2010-10-31 00:00:00,  462.672000,   21.853717,    0.619758
2010-11-01 00:00:00,  464.434560,   22.364841,    0.621664
2010-11-02 00:00:00,  466.197120,   22.241133,    0.622018
2010-11-03 00:00:00,  468.547200,   23.194880,    0.624459
2010-11-04 00:00:00,  470.897280,   23.289986,    0.627568
2010-11-05 00:00:00,  473.247360,   22.790188,    0.627397
2010-11-06 00:00:00,  475.744320,   22.830630,    0.627305
2010-11-07 00:00:00,  478.241280,   22.842662,    0.629861
2010-11-08 00:00:00,  480.591360,   24.019268,    0.630979
2010-11-09 00:00:00,  483.088320,   23.650656,    0.631478
2010-11-10 00:00:00,  485.585280,   22.866083,    0.630622
2010-11-11 00:00:00,  488.082240,   22.381420,    0.631110
2010-11-12 00:00:00,  490.579200,   21.949315,    0.632475
2010-11-13 00:00:00,  493.076160,   21.885803,    0.632524
2010-11-14 00:00:00,  495.573120,   21.810087,    0.632093
2010-11-15 00:00:00,  498.070080,   22.226074,    0.633130
2010-11-16 00:00:00,  500.567040,   22.771142,    0.634181
2010-11-17 00:00:00,  503.064000,   24.069060,    0.636195
2010-11-18 00:00:00,  505.560960,   24.716688,    0.637845
2010-11-19 00:00:00,  508.057920,   25.194580,    0.640068
2010-11-20 00:00:00,  510.701760,   25.817316,    0.641223
2010-11-21 00:00:00,  513.198720,   25.892048,    0.641264
2010-11-22 00:00:00,  515.695680,   25.504028,    0.643694
2010-11-23 00:00:00,  518.192640,   24.547742,    0.644522
2010-11-24 00:00:00,  520.689600,   24.765275,    0.646756
2010-11-25 00:00:00,  523.333440,   24.696998,    0.648738
2010-11-26 00:00:00,  525.830400,   24.691215,    0.648836
2010-11-27 00:00:00,  528.327360,   24.880237,    0.651535
2010-11-28 00:00:00,  530.824320,   24.262305,    0.651872
2010-11-29 00:00:00,  533.321280,   24.839820,    0.654364
2010-11-30 00:00:00,  535.818240,   25.898775,    0.657313
2010-12-01 00:00:00,  538.902720,   24.049254,    0.657852
2010-12-02 00:00:00,  541.987200,   23.349184,    0.657890
2010-12-03 00:00:00,  544.337280,   22.977387,    0.658356
2010-12-04 00:00:00,  546.834240,   23.608068,    0.659158
2010-12-05 00:00:00,  549.331200,   23.172881,    0.658955
2010-12-06 00:00:00,  551.681280,   22.421568,    0.658747
2010-12-07 00:00:00,  554.178240,   23.161529,    0.657387
2010-12-08 00:00:00,  556.675200,   22.843432,    0.658699
2010-12-09 00:00:00,  559.025280,   22.724223,    0.657192
2010-12-10 00:00:00,  561.375360,   23.040043,    0.657383
2010-12-11 00:00:00,  563.725440,   23.507515,    0.657564
2010-12-12 00:00:00,  566.075520,   24.058198,    0.657608
2010-12-13 00:00:00,  568.425600,   24.161668,    0.661257
2010-12-14 00:00:00,  570.775680,   23.872654,    0.662282
2010-12-15 00:00:00,  573.125760,   24.196533,    0.663057
2010-12-16 00:00:00,  575.475840,   24.453156,    0.664726
2010-12-17 00:00:00,  577.825920,   24.820069,    0.666599
2010-12-18 00:00:00,  580.029120,   24.962761,    0.669032
2010-12-19 00:00:00,  582.232320,   24.408170,    0.669314
2010-12-20 00:00:00,  584.582400,   22.337503,    0.665166
2010-12-21 00:00:00,  586.785600,   22.543717,    0.665825
2010-12-22 00:00:00,  588.988800,   22.618078,    0.666302
2010-12-23 00:00:00,  591.192000,   23.274737,    0.666920
2010-12-24 00:00:00,  593.248320,   24.939218,    0.667066
2010-12-25 00:00:00,  595.304640,   27.551247,    0.670250
2010-12-26 00:00:00,  597.360960,   26.477629,    0.671342
2010-12-27 00:00:00,  599.417280,   26.973296,    0.675847
2010-12-28 00:00:00,  601.473600,   26.603568,    0.677681
2010-12-29 00:00:00,  603.529920,   26.722117,    0.680081
2010-12-30 00:00:00,  605.586240,   26.725061,    0.681508
2010-12-31 00:00:00,  607.495680,   26.134259,    0.683338
2011-01-01 00:00:00,  608.817600,   26.498325,    0.684178
2011-01-02 00:00:00,  610.286400,   27.151172,    0.685870
2011-01-03 00:00:00,  612.195840,   27.205917,    0.685826
2011-01-04 00:00:00,  613.958400,   28.743744,    0.687563
2011-01-05 00:00:00,  615.867840,   27.821386,    0.677357
2011-01-06 00:00:00,  617.777280,   27.589417,    0.680478
2011-01-07 00:00:00,  619.539840,   27.002267,    0.682623
2011-01-08 00:00:00,  621.302400,   27.148825,    0.684386
2011-01-09 00:00:00,  622.918080,   27.549472,    0.685740
2011-01-10 00:00:00,  624.533760,   27.818232,    0.688376
2011-01-11 00:00:00,  626.296320,   28.020247,    0.690490
2011-01-12 00:00:00,  627.912000,   27.802810,    0.692229
2011-01-13 00:00:00,  629.380800,   27.688694,    0.694081
2011-01-14 00:00:00,  630.849600,   26.911734,    0.695290
2011-01-15 00:00:00,  632.465280,   26.401466,    0.695102
2011-01-16 00:00:00,  634.080960,   26.786512,    0.696987
2011-01-17 00:00:00,  635.402880,   27.127072,    0.698559
2011-01-18 00:00:00,  636.724800,   27.413912,    0.700560
2011-01-19 00:00:00,  638.193600,   27.148827,    0.701299
2011-01-20 00:00:00,  639.515520,   26.754681,    0.702784
2011-01-21 00:00:00,  640.837440,   26.291471,    0.703054
2011-01-22 00:00:00,  642.159360,   26.165222,    0.703805
2011-01-23 00:00:00,  643.334400,   25.862913,    0.705368
2011-01-24 00:00:00,  644.509440,   24.299470,    0.693797
2011-01-25 00:00:00,  645.684480,   24.921701,    0.695470
2011-01-26 00:00:00,  646.712640,   25.209369,    0.696854
2011-01-27 00:00:00,  647.740800,   26.408847,    0.698064
2011-01-28 00:00:00,  648.768960,   26.925461,    0.697896
2011-01-29 00:00:00,  649.797120,   29.353718,    0.700984
2011-01-30 00:00:00,  650.825280,   28.939795,    0.701136
2011-01-31 00:00:00,  651.706560,   27.720510,    0.702551
2011-02-01 00:00:00,  652.294080,   27.185626,    0.704338
2011-02-02 00:00:00,  652.881600,   27.376265,    0.705967
2011-02-03 00:00:00,  653.762880,   27.550320,    0.707850
2011-02-04 00:00:00,  654.497280,   27.445188,    0.709742
2011-02-05 00:00:00,  655.084800,   26.112266,    0.710043
2011-02-06 00:00:00,  655.819200,   25.253672,    0.710252
2011-02-07 00:00:00,  656.553600,   25.741724,    0.710118
2011-02-08 00:00:00,  657.141120,   27.319196,    0.713505
2011-02-09 00:00:00,  657.728640,   28.128654,    0.714701
2011-02-10 00:00:00,  658.169280,   28.273581,    0.717527
2011-02-11 00:00:00,  658.609920,   27.251339,    0.719609
2011-02-12 00:00:00,  659.050560,   26.586668,    0.721183
2011-02-13 00:00:00,  659.344320,   27.019224,    0.721958
2011-02-14 00:00:00,  659.784960,   27.363267,    0.722731
2011-02-15 00:00:00,  660.078720,   27.960185,    0.724988
2011-02-16 00:00:00,  660.225600,   28.382192,    0.727524
2011-02-17 00:00:00,  660.519360,   27.988370,    0.729545
2011-02-18 00:00:00,  660.666240,   28.492613,    0.731521
2011-02-19 00:00:00,  660.813120,   27.990737,    0.733075
2011-02-20 00:00:00,  660.960000,   26.069064,    0.731084
2011-02-21 00:00:00,  660.960000,   27.487132,    0.730045
2011-02-22 00:00:00,  660.960000,   27.406230,    0.732536
2011-02-23 00:00:00,  660.960000,   28.128633,    0.734073
2011-02-24 00:00:00,  660.813120,   28.295995,    0.735646
2011-02-25 00:00:00,  660.666240,   29.115141,    0.735728
2011-02-26 00:00:00,  660.519360,   30.732178,    0.737375
2011-02-27 00:00:00,  660.225600,   30.532253,    0.739099
2011-02-28 00:00:00,  659.931840,   30.600436,    0.741819
2011-03-01 00:00:00,  659.197440,   29.190783,    0.742699
2011-03-02 00:00:00,  658.316160,   28.979007,    0.744910
2011-03-03 00:00:00,  657.728640,   28.636648,    0.744626
2011-03-04 00:00:00,  657.141120,   28.855638,    0.746348
2011-03-05 00:00:00,  656.553600,   28.102691,    0.748028
2011-03-06 00:00:00,  655.966080,   27.243101,    0.748298
2011-03-07 00:00:00,  655.378560,   26.677590,    0.746966
2011-03-08 00:00:00,  654.644160,   26.101023,    0.747840
2011-03-09 00:00:00,  653.909760,   26.037971,    0.746048
2011-03-10 00:00:00,  653.175360,   26.208298,    0.747339
2011-03-11 00:00:00,  652.294080,   25.862527,    0.748642
2011-03-12 00:00:00,  651.412800,   24.989261,    0.748552
2011-03-13 00:00:00,  650.531520,   24.806185,    0.746793
2011-03-14 00:00:00,  649.503360,   25.623711,    0.747745
2011-03-15 00:00:00,  648.475200,   25.136498,    0.749714
2011-03-16 00:00:00,  647.447040,   25.346920,    0.749988
2011-03-17 00:00:00,  646.418880,   25.856011,    0.750772
2011-03-18 00:00:00,  645.390720,   26.324038,    0.751634
2011-03-19 00:00:00,  644.215680,   25.657562,    0.753433
2011-03-20 00:00:00,  643.040640,   24.828106,    0.754203
2011-03-21 00:00:00,  641.718720,   24.907836,    0.752996
2011-03-22 00:00:00,  640.396800,   25.582997,    0.754253
2011-03-23 00:00:00,  639.221760,   25.877343,    0.755463
2011-03-24 00:00:00,  637.899840,   26.165130,    0.756881
2011-03-25 00:00:00,  636.431040,   26.294120,    0.758235
2011-03-26 00:00:00,  634.962240,   26.270579,    0.759369
2011-03-27 00:00:00,  633.493440,   26.564063,    0.760704
2011-03-28 00:00:00,  632.024640,   26.129921,    0.761436
2011-03-29 00:00:00,  630.555840,   25.765695,    0.762097
2011-03-30 00:00:00,  629.087040,   25.535630,    0.761747
2011-03-31 00:00:00,  627.471360,   25.500249,    0.763075
2011-04-01 00:00:00,  626.296320,   25.061337,    0.761892
2011-04-02 00:00:00,  625.121280,   24.640644,    0.762689
2011-04-03 00:00:00,  623.358720,   24.477551,    0.763381
2011-04-04 00:00:00,  621.596160,   24.265451,    0.761876
2011-04-05 00:00:00,  619.833600,   24.657166,    0.761930
2011-04-06 00:00:00,  618.071040,   24.410403,    0.762417
2011-04-07 00:00:00,  616.308480,   23.452697,    0.759826
2011-04-08 00:00:00,  614.545920,   23.099509,    0.760953
2011-04-09 00:00:00,  612.783360,   22.279096,    0.758637
2011-04-10 00:00:00,  610.873920,   21.736385,    0.754161
2011-04-11 00:00:00,  608.964480,   21.930661,    0.742564
2011-04-12 00:00:00,  607.055040,   21.698070,    0.743807
2011-04-13 00:00:00,  604.998720,   22.219591,    0.744325
2011-04-14 00:00:00,  602.942400,   22.404786,    0.745355
2011-04-15 00:00:00,  600.886080,   22.222670,    0.746119
2011-04-16 00:00:00,  598.829760,   22.269028,    0.746218
2011-04-17 00:00:00,  596.773440,   21.727234,    0.746355
2011-04-18 00:00:00,  594.717120,   21.465768,    0.746777
2011-04-19 00:00:00,  592.660800,   21.246815,    0.746169
2011-04-20 00:00:00,  590.457600,   20.910773,    0.744841
2011-04-21 00:00:00,  588.254400,   21.068376,    0.745204
2011-04-22 00:00:00,  586.198080,   21.541865,    0.745248
2011-04-23 00:00:00,  583.994880,   22.045073,    0.745675
2011-04-24 00:00:00,  581.644800,   22.315505,    0.746583
2011-04-25 00:00:00,  579.441600,   22.793488,    0.747127
2011-04-26 00:00:00,  577.238400,   22.457096,    0.742474
2011-04-27 00:00:00,  574.888320,   21.128677,    0.740965
2011-04-28 00:00:00,  572.538240,   20.456989,    0.740601
2011-04-29 00:00:00,  570.188160,   20.419464,    0.740771
2011-04-30 00:00:00,  567.838080,   20.356701,    0.740998
2011-05-01 00:00:00,  565.047360,   20.579864,    0.741309
2011-05-02 00:00:00,  562.109760,   20.447578,    0.741498
2011-05-03 00:00:00,  559.612800,   20.613462,    0.742082
2011-05-04 00:00:00,  557.262720,   20.665536,    0.742627
2011-05-05 00:00:00,  554.912640,   20.319206,    0.742874
2011-05-06 00:00:00,  552.415680,   19.933960,    0.742718
2011-05-07 00:00:00,  549.918720,   19.600426,    0.741344
2011-05-08 00:00:00,  547.568640,   19.482045,    0.741167
2011-05-09 00:00:00,  545.071680,   19.227778,    0.741785
2011-05-10 00:00:00,  542.574720,   19.349552,    0.741560
2011-05-11 00:00:00,  540.077760,   19.109355,    0.741885
2011-05-12 00:00:00,  537.580800,   18.855193,    0.741614
2011-05-13 00:00:00,  535.083840,   18.514406,    0.741379
2011-05-14 00:00:00,  532.586880,   18.221148,    0.741608
2011-05-15 00:00:00,  530.089920,   17.822359,    0.740939
2011-05-16 00:00:00,  527.592960,   17.965231,    0.738820
2011-05-17 00:00:00,  525.096000,   17.889443,    0.723474
2011-05-18 00:00:00,  522.599040,   18.279149,    0.734658
2011-05-19 00:00:00,  520.102080,   18.047818,    0.734680
2011-05-20 00:00:00,  517.458240,   17.570557,    0.729305
2011-05-21 00:00:00,  514.961280,   17.473275,    0.730120
2011-05-22 00:00:00,  512.464320,   17.676959,    0.730455
2011-05-23 00:00:00,  509.967360,   17.733416,    0.730367
2011-05-24 00:00:00,  507.470400,   17.435762,    0.730976
2011-05-25 00:00:00,  504.826560,   17.109711,    0.731082
2011-05-26 00:00:00,  502.329600,   17.111423,    0.732040
2011-05-27 00:00:00,  499.832640,   17.250519,    0.733155
2011-05-28 00:00:00,  497.335680,   17.446786,    0.733310
2011-05-29 00:00:00,  494.838720,   17.019706,    0.734403
2011-05-30 00:00:00,  492.341760,   17.141372,    0.732352
2011-05-31 00:00:00,  489.844800,   17.331825,    0.732554
2011-06-01 00:00:00,  488.082240,   17.192173,    0.726528
2011-06-02 00:00:00,  486.319680,   17.122615,    0.727391
2011-06-03 00:00:00,  483.822720,   17.126126,    0.728336
2011-06-04 00:00:00,  481.325760,   16.645930,    0.729112
2011-06-05 00:00:00,  478.828800,   16.543157,    0.733197
2011-06-06 00:00:00,  476.478720,   16.495370,    0.748839
2011-06-07 00:00:00,  473.981760,   16.349516,    0.748975
2011-06-08 00:00:00,  471.484800,   16.141989,    0.749139
2011-06-09 00:00:00,  469.134720,   15.999135,    0.749468
2011-06-10 00:00:00,  466.784640,   15.756646,    0.749895
2011-06-11 00:00:00,  464.434560,   15.491189,    0.750403
2011-06-12 00:00:00,  462.084480,   15.333238,    0.750852
2011-06-13 00:00:00,  459.734400,   14.967137,    0.751427
2011-06-14 00:00:00,  457.384320,   14.667843,    0.750250
2011-06-15 00:00:00,  455.034240,   14.696252,    0.748762
2011-06-16 00:00:00,  452.684160,   15.068733,    0.748976
2011-06-17 00:00:00,  450.334080,   14.703355,    0.749108
2011-06-18 00:00:00,  448.130880,   14.733606,    0.748075
2011-06-19 00:00:00,  445.927680,   14.810735,    0.748309
2011-06-20 00:00:00,  443.577600,   14.949417,    0.748291
2011-06-21 00:00:00,  441.374400,   15.224209,    0.748307
2011-06-22 00:00:00,  439.318080,   15.029007,    0.748410
2011-06-23 00:00:00,  437.114880,   15.242144,    0.748214
2011-06-24 00:00:00,  434.911680,   15.433663,    0.741292
2011-06-25 00:00:00,  432.855360,   15.541115,    0.739423
2011-06-26 00:00:00,  430.799040,   15.827019,    0.741001
2011-06-27 00:00:00,  428.742720,   15.434485,    0.740986
2011-06-28 00:00:00,  426.686400,   15.269818,    0.731117
2011-06-29 00:00:00,  424.630080,   15.362691,    0.730899
2011-06-30 00:00:00,  422.573760,   14.948019,    0.723662
2011-07-01 00:00:00,  420.223680,   14.783553,    0.723354
2011-07-02 00:00:00,  417.873600,   14.483413,    0.722480
2011-07-03 00:00:00,  415.964160,   14.318853,    0.721088
2011-07-04 00:00:00,  414.201600,   14.389029,    0.721586
2011-07-05 00:00:00,  412.292160,   14.362205,    0.721454
2011-07-06 00:00:00,  410.382720,   14.492330,    0.722044
2011-07-07 00:00:00,  408.620160,   14.024619,    0.722057
2011-07-08 00:00:00,  406.857600,   13.873548,    0.722241
2011-07-09 00:00:00,  405.241920,   13.850256,    0.722537
2011-07-10 00:00:00,  403.626240,   13.570589,    0.722474
2011-07-11 00:00:00,  401.863680,   13.346559,    0.719096
2011-07-12 00:00:00,  400.248000,   13.873169,    0.719422
2011-07-13 00:00:00,  398.779200,   13.910339,    0.719489
2011-07-14 00:00:00,  397.163520,   14.450022,    0.719858
2011-07-15 00:00:00,  395.547840,   14.137583,    0.713558
2011-07-16 00:00:00,  394.079040,   14.377370,    0.713839
2011-07-17 00:00:00,  392.757120,   14.295059,    0.714589
2011-07-18 00:00:00,  391.435200,   14.011088,    0.715135
2011-07-19 00:00:00,  389.966400,   14.596716,    0.715089
2011-07-20 00:00:00,  388.644480,   14.168841,    0.712664
2011-07-21 00:00:00,  387.322560,   14.156526,    0.698392
2011-07-22 00:00:00,  386.000640,   14.080481,    0.685778
2011-07-23 00:00:00,  384.825600,   14.059740,    0.688680
2011-07-24 00:00:00,  383.650560,   14.323175,    0.690113
2011-07-25 00:00:00,  382.475520,   14.159926,    0.684573
2011-07-26 00:00:00,  381.447360,   14.377597,    0.684393
2011-07-27 00:00:00,  380.419200,   14.593383,    0.682209
2011-07-28 00:00:00,  379.391040,   14.930699,    0.678052
2011-07-29 00:00:00,  378.362880,   14.740709,    0.680673
2011-07-30 00:00:00,  377.334720,   14.942154,    0.678407
2011-07-31 00:00:00,  376.453440,   14.982163,    0.677900
2011-08-01 00:00:00,  375.865920,   15.146614,    0.677249
2011-08-02 00:00:00,  375.278400,   15.171273,    0.674685
2011-08-03 00:00:00,  374.397120,   14.902846,    0.675404
2011-08-04 00:00:00,  373.662720,   14.990693,    0.675475
2011-08-05 00:00:00,  372.928320,   15.030890,    0.676325
2011-08-06 00:00:00,  372.193920,   14.694822,    0.677355
2011-08-07 00:00:00,  371.606400,   14.963854,    0.676385
2011-08-08 00:00:00,  371.018880,   14.810763,    0.676873
2011-08-09 00:00:00,  370.431360,   15.151972,    0.677144
2011-08-10 00:00:00,  369.990720,   15.081535,    0.677485
2011-08-11 00:00:00,  369.550080,   15.173757,    0.677807
2011-08-12 00:00:00,  369.109440,   14.971112,    0.677810
2011-08-13 00:00:00,  368.815680,   15.643115,    0.656113
2011-08-14 00:00:00,  368.375040,   15.433719,    0.664515
2011-08-15 00:00:00,  368.081280,   14.935565,    0.669420
2011-08-16 00:00:00,  367.934400,   14.737296,    0.669268
2011-08-17 00:00:00,  367.640640,   15.094665,    0.669833
2011-08-18 00:00:00,  367.493760,   15.169931,    0.669920
2011-08-19 00:00:00,  367.346880,   15.335984,    0.670211
2011-08-20 00:00:00,  367.200000,   16.453994,    0.670595
2011-08-21 00:00:00,  367.200000,   17.208428,    0.658491
2011-08-22 00:00:00,  367.200000,   17.378389,    0.657491
2011-08-23 00:00:00,  367.200000,   16.905804,    0.657428
2011-08-24 00:00:00,  367.346880,   16.593819,    0.657379
2011-08-25 00:00:00,  367.493760,   16.619256,    0.657629
2011-08-26 00:00:00,  367.640640,   16.870387,    0.658082
2011-08-27 00:00:00,  367.934400,   17.113627,    0.658502
2011-08-28 00:00:00,  368.228160,   17.508993,    0.659035
2011-08-29 00:00:00,  368.521920,   17.573232,    0.659506
2011-08-30 00:00:00,  368.815680,   18.756494,    0.660290
2011-08-31 00:00:00,  369.256320,   18.642371,    0.660296
2011-09-01 00:00:00,  369.550080,   19.186138,    0.658227
2011-09-02 00:00:00,  369.843840,   17.874804,    0.657259
2011-09-03 00:00:00,  370.431360,   17.215085,    0.657943
2011-09-04 00:00:00,  371.018880,   17.186662,    0.658550
2011-09-05 00:00:00,  371.606400,   16.950079,    0.659273
2011-09-06 00:00:00,  372.193920,   16.933561,    0.660108
2011-09-07 00:00:00,  372.781440,   16.841165,    0.660971
2011-09-08 00:00:00,  373.515840,   16.716199,    0.661504
2011-09-09 00:00:00,  374.250240,   16.761606,    0.661997
2011-09-10 00:00:00,  374.984640,   17.546609,    0.663260
2011-09-11 00:00:00,  375.865920,   18.263986,    0.663983
2011-09-12 00:00:00,  376.747200,   18.267090,    0.664387
2011-09-13 00:00:00,  377.628480,   18.706820,    0.664996
2011-09-14 00:00:00,  378.656640,   19.538264,    0.665776
2011-09-15 00:00:00,  379.684800,   20.527076,    0.666974
2011-09-16 00:00:00,  380.712960,   19.980169,    0.667882
2011-09-17 00:00:00,  381.741120,   19.375498,    0.663320
2011-09-18 00:00:00,  382.769280,   18.043369,    0.648119
2011-09-19 00:00:00,  383.944320,   17.709278,    0.650147
2011-09-20 00:00:00,  385.119360,   18.201956,    0.650946
2011-09-21 00:00:00,  386.441280,   17.377969,    0.645879
2011-09-22 00:00:00,  387.763200,   17.060607,    0.646692
2011-09-23 00:00:00,  389.085120,   17.344227,    0.646913
2011-09-24 00:00:00,  390.407040,   17.763566,    0.647530
2011-09-25 00:00:00,  391.728960,   19.188812,    0.649008
2011-09-26 00:00:00,  393.197760,   17.916620,    0.648936
2011-09-27 00:00:00,  394.666560,   16.832385,    0.640891
2011-09-28 00:00:00,  396.135360,   17.194032,    0.641872
2011-09-29 00:00:00,  397.604160,   17.913881,    0.642862
2011-09-30 00:00:00,  399.219840,   17.845070,    0.643746
2011-10-01 00:00:00,  401.129280,   18.293217,    0.643774
2011-10-02 00:00:00,  403.038720,   19.343114,    0.633747
2011-10-03 00:00:00,  404.801280,   19.265456,    0.637545
2011-10-04 00:00:00,  406.563840,   20.179913,    0.638791
2011-10-05 00:00:00,  408.326400,   20.106812,    0.638853
2011-10-06 00:00:00,  410.088960,   21.041300,    0.640122
2011-10-07 00:00:00,  411.851520,   21.273172,    0.640264
2011-10-08 00:00:00,  413.614080,   21.981704,    0.640340
2011-10-09 00:00:00,  415.523520,   21.992337,    0.643002
2011-10-10 00:00:00,  417.432960,   21.754040,    0.643447
2011-10-11 00:00:00,  419.342400,   23.257202,    0.645638
2011-10-12 00:00:00,  421.251840,   23.179642,    0.646825
2011-10-13 00:00:00,  423.161280,   21.929620,    0.648320
2011-10-14 00:00:00,  425.217600,   21.901964,    0.649331
2011-10-15 00:00:00,  427.273920,   21.902261,    0.649301
2011-10-16 00:00:00,  429.330240,   22.769786,    0.651217
2011-10-17 00:00:00,  431.386560,   22.987225,    0.653130
2011-10-18 00:00:00,  433.442880,   21.983651,    0.644513
2011-10-19 00:00:00,  435.499200,   21.867877,    0.646493
2011-10-20 00:00:00,  437.702400,   21.761592,    0.647525
2011-10-21 00:00:00,  439.905600,   21.998318,    0.647791
2011-10-22 00:00:00,  442.108800,   22.134864,    0.649435
2011-10-23 00:00:00,  444.312000,   22.153517,    0.650295
2011-10-24 00:00:00,  446.515200,   21.621566,    0.650855
2011-10-25 00:00:00,  448.865280,   21.406151,    0.644465
2011-10-26 00:00:00,  451.068480,   21.533937,    0.644707
2011-10-27 00:00:00,  453.271680,   22.732575,    0.646236
2011-10-28 00:00:00,  455.621760,   22.407321,    0.647372
2011-10-29 00:00:00,  457.971840,   22.313980,    0.647874
2011-10-30 00:00:00,  460.321920,   22.731136,    0.649482
2011-10-31 00:00:00,  462.672000,   22.825973,    0.651132
2011-11-01 00:00:00,  464.434560,   24.135069,    0.653870
2011-11-02 00:00:00,  466.197120,   24.315505,    0.654652
2011-11-03 00:00:00,  468.547200,   24.777564,    0.654209
2011-11-04 00:00:00,  470.897280,   24.818910,    0.653951
2011-11-05 00:00:00,  473.247360,   23.025784,    0.643739
2011-11-06 00:00:00,  475.744320,   23.503620,    0.631169
2011-11-07 00:00:00,  478.241280,   22.342692,    0.637317
2011-11-08 00:00:00,  480.591360,   21.007093,    0.634672
2011-11-09 00:00:00,  483.088320,   21.894887,    0.637248
2011-11-10 00:00:00,  485.585280,   22.356774,    0.637502
2011-11-11 00:00:00,  488.082240,   22.783340,    0.639142
2011-11-12 00:00:00,  490.579200,   23.555687,    0.640573
2011-11-13 00:00:00,  493.076160,   23.346080,    0.641003
2011-11-14 00:00:00,  495.573120,   23.900697,    0.643970
2011-11-15 00:00:00,  498.070080,   23.680984,    0.645719
2011-11-16 00:00:00,  500.567040,   23.551511,    0.645471
2011-11-17 00:00:00,  503.064000,   23.646118,    0.646010
2011-11-18 00:00:00,  505.560960,   23.701277,    0.647836
2011-11-19 00:00:00,  508.057920,   23.488495,    0.649426
2011-11-20 00:00:00,  510.701760,   23.636248,    0.651402
2011-11-21 00:00:00,  513.198720,   23.765140,    0.652220
2011-11-22 00:00:00,  515.695680,   24.839365,    0.654002
2011-11-23 00:00:00,  518.192640,   24.863803,    0.654952
2011-11-24 00:00:00,  520.689600,   24.870153,    0.657107
2011-11-25 00:00:00,  523.333440,   25.541365,    0.660855
2011-11-26 00:00:00,  525.830400,   23.868285,    0.661671
2011-11-27 00:00:00,  528.327360,   23.131274,    0.663737
2011-11-28 00:00:00,  530.824320,   23.009808,    0.664601
2011-11-29 00:00:00,  533.321280,   22.904002,    0.666836
2011-11-30 00:00:00,  535.818240,   23.055033,    0.667468
2011-12-01 00:00:00,  538.902720,   23.078102,    0.668172
2011-12-02 00:00:00,  541.987200,   24.266933,    0.672608
2011-12-03 00:00:00,  544.337280,   24.429917,    0.673363
2011-12-04 00:00:00,  546.834240,   24.631826,    0.675751
2011-12-05 00:00:00,  549.331200,   26.498760,    0.678625
2011-12-06 00:00:00,  551.681280,   24.875508,    0.656008
2011-12-07 00:00:00,  554.178240,   24.825135,    0.656365
2011-12-08 00:00:00,  556.675200,   24.299602,    0.658135
2011-12-09 00:00:00,  559.025280,   25.014627,    0.659920
2011-12-10 00:00:00,  561.375360,   25.844048,    0.661732
2011-12-11 00:00:00,  563.725440,   26.266392,    0.663212
2011-12-12 00:00:00,  566.075520,   23.673886,    0.614618
2011-12-13 00:00:00,  568.425600,   22.632270,    0.619338
2011-12-14 00:00:00,  570.775680,   23.654060,    0.623007
2011-12-15 00:00:00,  573.125760,   23.381211,    0.623970
2011-12-16 00:00:00,  575.475840,   24.624670,    0.625654
2011-12-17 00:00:00,  577.825920,   25.396727,    0.626697
2011-12-18 00:00:00,  580.029120,   25.869974,    0.628524
2011-12-19 00:00:00,  582.232320,   26.035015,    0.630999
2011-12-20 00:00:00,  584.582400,   26.574245,    0.632698
2011-12-21 00:00:00,  586.785600,   26.646860,    0.634688
2011-12-22 00:00:00,  588.988800,   26.536117,    0.636383
2011-12-23 00:00:00,  591.192000,   26.244564,    0.638804
2011-12-24 00:00:00,  593.248320,   26.388414,    0.641015
2011-12-25 00:00:00,  595.304640,   26.281755,    0.643456
2011-12-26 00:00:00,  597.360960,   26.283654,    0.644337
2011-12-27 00:00:00,  599.417280,   26.549879,    0.646885
2011-12-28 00:00:00,  601.473600,   26.151878,    0.647312
2011-12-29 00:00:00,  603.529920,   26.780957,    0.649456
2011-12-30 00:00:00,  605.586240,   28.205654,    0.653799
2011-12-31 00:00:00,  607.495680,   27.776959,    0.655959
2012-01-01 00:00:00,  608.817600,   27.294483,    0.657829
2012-01-02 00:00:00,  610.286400,   27.100156,    0.660450
2012-01-03 00:00:00,  612.195840,   26.472580,    0.662363
2012-01-04 00:00:00,  613.958400,   26.021735,    0.661610
2012-01-05 00:00:00,  615.867840,   26.813584,    0.663660
2012-01-06 00:00:00,  617.777280,   26.189977,    0.666784
2012-01-07 00:00:00,  619.539840,   25.397992,    0.668377
2012-01-08 00:00:00,  621.302400,   25.313212,    0.669793
2012-01-09 00:00:00,  622.918080,   25.640487,    0.671265
2012-01-10 00:00:00,  624.533760,   26.310566,    0.673118
2012-01-11 00:00:00,  626.296320,   26.073520,    0.673617
2012-01-12 00:00:00,  627.912000,   26.920047,    0.676044
2012-01-13 00:00:00,  629.380800,   27.138787,    0.679141
2012-01-14 00:00:00,  630.849600,   29.042740,    0.681413
2012-01-15 00:00:00,  632.465280,   28.994701,    0.681340
2012-01-16 00:00:00,  634.080960,   27.399101,    0.685601
2012-01-17 00:00:00,  635.402880,   26.881938,    0.686835
2012-01-18 00:00:00,  636.724800,   27.300063,    0.689785
2012-01-19 00:00:00,  638.193600,   27.542487,    0.689686
2012-01-20 00:00:00,  639.515520,   28.523281,    0.689920
2012-01-21 00:00:00,  640.837440,   29.296245,    0.691817
2012-01-22 00:00:00,  642.159360,   29.520439,    0.696704
2012-01-23 00:00:00,  643.334400,   28.775494,    0.697795
2012-01-24 00:00:00,  644.509440,   29.465646,    0.698278
2012-01-25 00:00:00,  645.684480,   29.230341,    0.699598
2012-01-26 00:00:00,  646.712640,   29.744288,    0.696804
2012-01-27 00:00:00,  647.740800,   30.149294,    0.699325
2012-01-28 00:00:00,  648.768960,   31.132265,    0.704408
2012-01-29 00:00:00,  649.797120,   28.391076,    0.705258
2012-01-30 00:00:00,  650.825280,   27.311252,    0.706522
2012-01-31 00:00:00,  651.706560,   26.817764,    0.704833
2012-02-01 00:00:00,  652.294080,   26.934339,    0.707074
2012-02-02 00:00:00,  652.881600,   27.106700,    0.701880
2012-02-03 00:00:00,  653.762880,   26.311185,    0.704918
2012-02-04 00:00:00,  654.497280,   25.318043,    0.706083
2012-02-05 00:00:00,  655.084800,   25.256563,    0.706105
2012-02-06 00:00:00,  655.819200,   25.487485,    0.707730
2012-02-07 00:00:00,  656.553600,   25.512785,    0.708792
2012-02-08 00:00:00,  657.141120,   25.402148,    0.708778
2012-02-09 00:00:00,  657.728640,   25.360528,    0.710273
2012-02-10 00:00:00,  658.169280,   27.485130,    0.712675
2012-02-11 00:00:00,  658.609920,   27.709611,    0.714614
2012-02-12 00:00:00,  659.050560,   27.131021,    0.716178
2012-02-13 00:00:00,  659.344320,   27.534651,    0.717159
2012-02-14 00:00:00,  659.784960,   27.634486,    0.718612
2012-02-15 00:00:00,  660.078720,   27.330706,    0.719929
2012-02-16 00:00:00,  660.225600,   27.082743,    0.720826
2012-02-17 00:00:00,  660.519360,   27.178061,    0.722834
2012-02-18 00:00:00,  660.666240,   27.017280,    0.723891
2012-02-19 00:00:00,  660.813120,   27.249038,    0.725844
2012-02-20 00:00:00,  660.960000,   27.239702,    0.726308
2012-02-21 00:00:00,  660.960000,   28.036328,    0.727945
2012-02-22 00:00:00,  660.960000,   28.306338,    0.728509
2012-02-23 00:00:00,  660.960000,   27.886050,    0.731097
2012-02-24 00:00:00,  660.813120,   26.960480,    0.731820
2012-02-25 00:00:00,  660.666240,   26.307859,    0.732202
2012-02-26 00:00:00,  660.519360,   25.576397,    0.733422
2012-02-27 00:00:00,  660.225600,   25.442045,    0.733374
2012-02-28 00:00:00,  659.931840,   25.157147,    0.732793
2012-02-29 00:00:00,  659.638080,   24.918618,    0.734379
2012-03-01 00:00:00,  659.050560,   24.558620,    0.733680
2012-03-02 00:00:00,  658.316160,   24.520690,    0.734579
2012-03-03 00:00:00,  657.728640,   24.377202,    0.735124
2012-03-04 00:00:00,  657.141120,   25.434117,    0.736469
2012-03-05 00:00:00,  656.553600,   25.973365,    0.736452
2012-03-06 00:00:00,  655.966080,   26.445240,    0.740198
2012-03-07 00:00:00,  655.378560,   25.839243,    0.741303
2012-03-08 00:00:00,  654.644160,   25.693214,    0.742674
2012-03-09 00:00:00,  653.909760,   25.957250,    0.743548
2012-03-10 00:00:00,  653.175360,   26.902267,    0.745211
2012-03-11 00:00:00,  652.294080,   27.054621,    0.746216
2012-03-12 00:00:00,  651.412800,   27.132395,    0.747759
2012-03-13 00:00:00,  650.531520,   26.043302,    0.748808
2012-03-14 00:00:00,  649.503360,   25.007502,    0.745500
2012-03-15 00:00:00,  648.475200,   24.538462,    0.747279
2012-03-16 00:00:00,  647.447040,   24.317464,    0.748886
2012-03-17 00:00:00,  646.418880,   24.523732,    0.750231
2012-03-18 00:00:00,  645.390720,   24.728784,    0.750920
2012-03-19 00:00:00,  644.215680,   24.276835,    0.752463
2012-03-20 00:00:00,  643.040640,   23.875216,    0.752528
2012-03-21 00:00:00,  641.718720,   23.709433,    0.753853
2012-03-22 00:00:00,  640.396800,   23.366573,    0.753249
2012-03-23 00:00:00,  639.221760,   23.305940,    0.754029
2012-03-24 00:00:00,  637.899840,   23.597491,    0.754701
2012-03-25 00:00:00,  636.431040,   23.395289,    0.755390
2012-03-26 00:00:00,  634.962240,   23.695710,    0.756687
2012-03-27 00:00:00,  633.493440,   23.754104,    0.757323
2012-03-28 00:00:00,  632.024640,   23.577428,    0.757194
2012-03-29 00:00:00,  630.555840,   23.823058,    0.758465
2012-03-30 00:00:00,  629.087040,   22.826715,    0.758203
2012-03-31 00:00:00,  627.471360,   22.723631,    0.757263
2012-04-01 00:00:00,  626.296320,   22.391077,    0.757940
2012-04-02 00:00:00,  625.121280,   22.070360,    0.757253
2012-04-03 00:00:00,  623.358720,   22.454648,    0.758077
2012-04-04 00:00:00,  621.596160,   22.271623,    0.758309
2012-04-05 00:00:00,  619.833600,   21.584067,    0.758612
2012-04-06 00:00:00,  618.071040,   21.056826,    0.756612
2012-04-07 00:00:00,  616.308480,   21.610172,    0.757156
2012-04-08 00:00:00,  614.545920,   22.470241,    0.758030
2012-04-09 00:00:00,  612.783360,   22.275035,    0.758056
2012-04-10 00:00:00,  610.873920,   22.755092,    0.758640
2012-04-11 00:00:00,  608.964480,   22.534082,    0.759600
2012-04-12 00:00:00,  607.055040,   22.843182,    0.761115
2012-04-13 00:00:00,  604.998720,   22.669423,    0.761801
2012-04-14 00:00:00,  602.942400,   22.875211,    0.762285
2012-04-15 00:00:00,  600.886080,   23.120356,    0.763078
2012-04-16 00:00:00,  598.829760,   23.291591,    0.763704
2012-04-17 00:00:00,  596.773440,   22.626170,    0.764047
2012-04-18 00:00:00,  594.717120,   21.802267,    0.763236
2012-04-19 00:00:00,  592.660800,   21.557831,    0.763723
2012-04-20 00:00:00,  590.457600,   21.172904,    0.763848
2012-04-21 00:00:00,  588.254400,   20.966688,    0.762864
2012-04-22 00:00:00,  586.198080,   20.931213,    0.761498
2012-04-23 00:00:00,  583.994880,   20.785921,    0.761452
2012-04-24 00:00:00,  581.644800,   20.134091,    0.760916
2012-04-25 00:00:00,  579.441600,   19.658354,    0.760264
2012-04-26 00:00:00,  577.238400,   20.219830,    0.760369
2012-04-27 00:00:00,  574.888320,   19.803776,    0.761670
2012-04-28 00:00:00,  572.538240,   19.167447,    0.761212
2012-04-29 00:00:00,  570.188160,   19.421927,    0.756924
2012-04-30 00:00:00,  567.838080,   19.644260,    0.757960
2012-05-01 00:00:00,  565.047360,   19.278198,    0.758941
2012-05-02 00:00:00,  562.109760,   19.262188,    0.759658
2012-05-03 00:00:00,  559.612800,   19.873993,    0.760010
2012-05-04 00:00:00,  557.262720,   19.491644,    0.720704
2012-05-05 00:00:00,  554.912640,   19.559042,    0.728916
2012-05-06 00:00:00,  552.415680,   19.073464,    0.729828
2012-05-07 00:00:00,  549.918720,   18.431253,    0.731931
2012-05-08 00:00:00,  547.568640,   18.011548,    0.735339
2012-05-09 00:00:00,  545.071680,   18.106547,    0.734744
2012-05-10 00:00:00,  542.574720,   18.446913,    0.723837
2012-05-11 00:00:00,  540.077760,   18.444369,    0.726985
2012-05-12 00:00:00,  537.580800,   18.392250,    0.730745
2012-05-13 00:00:00,  535.083840,   18.106723,    0.731216
2012-05-14 00:00:00,  532.586880,   18.609384,    0.731778
2012-05-15 00:00:00,  530.089920,   18.562189,    0.732160
2012-05-16 00:00:00,  527.592960,   18.576900,    0.732050
2012-05-17 00:00:00,  525.096000,   18.234787,    0.732401
2012-05-18 00:00:00,  522.599040,   18.516989,    0.732817
2012-05-19 00:00:00,  520.102080,   18.360615,    0.732665
2012-05-20 00:00:00,  517.458240,   18.298580,    0.733448
2012-05-21 00:00:00,  514.961280,   18.056613,    0.734180
2012-05-22 00:00:00,  512.464320,   17.867488,    0.737339
2012-05-23 00:00:00,  509.967360,   17.745065,    0.738603
2012-05-24 00:00:00,  507.470400,   17.581811,    0.740134
2012-05-25 00:00:00,  504.826560,   17.184095,    0.741902
2012-05-26 00:00:00,  502.329600,   16.916849,    0.745651
2012-05-27 00:00:00,  499.832640,   17.022897,    0.753948
2012-05-28 00:00:00,  497.335680,   17.301265,    0.754441
2012-05-29 00:00:00,  494.838720,   16.978841,    0.771129
2012-05-30 00:00:00,  492.341760,   16.777007,    0.771411
2012-05-31 00:00:00,  489.844800,   16.599702,    0.759320
2012-06-01 00:00:00,  488.082240,   16.845512,    0.759919
2012-06-02 00:00:00,  486.319680,   16.880389,    0.759736
2012-06-03 00:00:00,  483.822720,   16.393264,    0.760389
2012-06-04 00:00:00,  481.325760,   16.302257,    0.760964
2012-06-05 00:00:00,  478.828800,   16.155633,    0.761540
2012-06-06 00:00:00,  476.478720,   15.729800,    0.760167
2012-06-07 00:00:00,  473.981760,   15.679291,    0.745401
2012-06-08 00:00:00,  471.484800,   15.901089,    0.747803
2012-06-09 00:00:00,  469.134720,   16.105618,    0.748094
2012-06-10 00:00:00,  466.784640,   15.889499,    0.746319
2012-06-11 00:00:00,  464.434560,   15.616745,    0.745533
2012-06-12 00:00:00,  462.084480,   15.424048,    0.741433
2012-06-13 00:00:00,  459.734400,   15.107792,    0.740452
2012-06-14 00:00:00,  457.384320,   14.878093,    0.736575
2012-06-15 00:00:00,  455.034240,   15.076904,    0.736728
2012-06-16 00:00:00,  452.684160,   15.057856,    0.736847
2012-06-17 00:00:00,  450.334080,   15.302297,    0.737076
2012-06-18 00:00:00,  448.130880,   15.373210,    0.737301
2012-06-19 00:00:00,  445.927680,   15.658013,    0.734988
2012-06-20 00:00:00,  443.577600,   15.052241,    0.733744
2012-06-21 00:00:00,  441.374400,   15.070695,    0.733911
2012-06-22 00:00:00,  439.318080,   15.099538,    0.734126
2012-06-23 00:00:00,  437.114880,   14.704326,    0.734537
2012-06-24 00:00:00,  434.911680,   14.664693,    0.734794
2012-06-25 00:00:00,  432.855360,   14.245385,    0.734454
2012-06-26 00:00:00,  430.799040,   14.053841,    0.730907
2012-06-27 00:00:00,  428.742720,   14.115569,    0.729733
2012-06-28 00:00:00,  426.686400,   14.104516,    0.729317
2012-06-29 00:00:00,  424.630080,   14.255621,    0.729572
2012-06-30 00:00:00,  422.573760,   14.667933,    0.730135
2012-07-01 00:00:00,  420.223680,   14.555001,    0.730094
2012-07-02 00:00:00,  417.873600,   14.529960,    0.730235
2012-07-03 00:00:00,  415.964160,   14.263628,    0.730395
2012-07-04 00:00:00,  414.201600,   14.266377,    0.730702
2012-07-05 00:00:00,  412.292160,   13.898835,    0.731131
2012-07-06 00:00:00,  410.382720,   13.993125,    0.729580
2012-07-07 00:00:00,  408.620160,   14.213513,    0.729701
2012-07-08 00:00:00,  406.857600,   13.969243,    0.730285
2012-07-09 00:00:00,  405.241920,   13.846883,    0.730482
2012-07-10 00:00:00,  403.626240,   13.587484,    0.721417
2012-07-11 00:00:00,  401.863680,   13.420852,    0.721654
2012-07-12 00:00:00,  400.248000,   13.419964,    0.721768
2012-07-13 00:00:00,  398.779200,   13.309622,    0.722010
2012-07-14 00:00:00,  397.163520,   13.851822,    0.722280
2012-07-15 00:00:00,  395.547840,   13.717600,    0.722407
2012-07-16 00:00:00,  394.079040,   13.528511,    0.717504
2012-07-17 00:00:00,  392.757120,   13.774734,    0.718338
2012-07-18 00:00:00,  391.435200,   13.626649,    0.718401
2012-07-19 00:00:00,  389.966400,   13.612851,    0.718722
2012-07-20 00:00:00,  388.644480,   13.470097,    0.719638
2012-07-21 00:00:00,  387.322560,   13.472737,    0.719819
2012-07-22 00:00:00,  386.000640,   14.462311,    0.720523
2012-07-23 00:00:00,  384.825600,   13.586151,    0.719645
2012-07-24 00:00:00,  383.650560,   13.624904,    0.719797
2012-07-25 00:00:00,  382.475520,   13.485174,    0.720039
2012-07-26 00:00:00,  381.447360,   13.510284,    0.720137
2012-07-27 00:00:00,  380.419200,   13.767971,    0.720446
2012-07-28 00:00:00,  379.391040,   13.764301,    0.720726
2012-07-29 00:00:00,  378.362880,   13.699952,    0.721194
2012-07-30 00:00:00,  377.334720,   13.794714,    0.721537
2012-07-31 00:00:00,  376.453440,   14.152147,    0.712924
2012-08-01 00:00:00,  375.865920,   14.144977,    0.709433
2012-08-02 00:00:00,  375.278400,   14.117127,    0.707898
2012-08-03 00:00:00,  374.397120,   14.271718,    0.707859
2012-08-04 00:00:00,  373.662720,   14.500885,    0.704296
2012-08-05 00:00:00,  372.928320,   15.046852,    0.704674
2012-08-06 00:00:00,  372.193920,   15.075403,    0.702497
2012-08-07 00:00:00,  371.606400,   14.936941,    0.698022
2012-08-08 00:00:00,  371.018880,   14.898789,    0.698423
2012-08-09 00:00:00,  370.431360,   14.895544,    0.698542
2012-08-10 00:00:00,  369.990720,   15.173591,    0.698973
2012-08-11 00:00:00,  369.550080,   15.605478,    0.699478
2012-08-12 00:00:00,  369.109440,   15.448607,    0.677061
2012-08-13 00:00:00,  368.815680,   15.036004,    0.680408
2012-08-14 00:00:00,  368.375040,   15.290701,    0.678344
2012-08-15 00:00:00,  368.081280,   15.384864,    0.679153
2012-08-16 00:00:00,  367.934400,   15.651808,    0.679595
2012-08-17 00:00:00,  367.640640,   15.539172,    0.680319
2012-08-18 00:00:00,  367.493760,   15.602673,    0.680275
2012-08-19 00:00:00,  367.346880,   15.832450,    0.680777
2012-08-20 00:00:00,  367.200000,   16.417302,    0.680775
2012-08-21 00:00:00,  367.200000,   16.614898,    0.677717
2012-08-22 00:00:00,  367.200000,   15.708557,    0.678650
2012-08-23 00:00:00,  367.200000,   15.899569,    0.679059
2012-08-24 00:00:00,  367.346880,   15.752026,    0.679383
2012-08-25 00:00:00,  367.493760,   15.958913,    0.679445
2012-08-26 00:00:00,  367.640640,   16.551184,    0.680081
2012-08-27 00:00:00,  367.934400,   16.705020,    0.680180
2012-08-28 00:00:00,  368.228160,   16.859686,    0.680795
2012-08-29 00:00:00,  368.521920,   17.111702,    0.680824
2012-08-30 00:00:00,  368.815680,   17.416219,    0.681243
2012-08-31 00:00:00,  369.256320,   17.166956,    0.677596
2012-09-01 00:00:00,  369.550080,   17.555637,    0.679183
2012-09-02 00:00:00,  369.843840,   17.801227,    0.679696
2012-09-03 00:00:00,  370.431360,   16.733028,    0.674021
2012-09-04 00:00:00,  371.018880,   15.491103,    0.672274
2012-09-05 00:00:00,  371.606400,   15.083744,    0.673484
2012-09-06 00:00:00,  372.193920,   15.425440,    0.674680
2012-09-07 00:00:00,  372.781440,   15.961180,    0.675505
2012-09-08 00:00:00,  373.515840,   16.227944,    0.675662
2012-09-09 00:00:00,  374.250240,   16.290800,    0.676286
2012-09-10 00:00:00,  374.984640,   16.602269,    0.676192
2012-09-11 00:00:00,  375.865920,   18.138695,    0.677146
2012-09-12 00:00:00,  376.747200,   18.122744,    0.678245
2012-09-13 00:00:00,  377.628480,   17.904291,    0.678587
2012-09-14 00:00:00,  378.656640,   18.361772,    0.679267
2012-09-15 00:00:00,  379.684800,   18.890233,    0.680407
2012-09-16 00:00:00,  380.712960,   18.648633,    0.680518
2012-09-17 00:00:00,  381.741120,   19.604978,    0.681667
2012-09-18 00:00:00,  382.769280,   19.773560,    0.667683
2012-09-19 00:00:00,  383.944320,   20.166815,    0.668444
2012-09-20 00:00:00,  385.119360,   19.703529,    0.669883
2012-09-21 00:00:00,  386.441280,   17.901040,    0.669521
2012-09-22 00:00:00,  387.763200,   17.039951,    0.669813
2012-09-23 00:00:00,  389.085120,   17.478678,    0.670642
2012-09-24 00:00:00,  390.407040,   17.490258,    0.671162
2012-09-25 00:00:00,  391.728960,   17.330301,    0.665293
2012-09-26 00:00:00,  393.197760,   16.548736,    0.664579
2012-09-27 00:00:00,  394.666560,   15.851673,    0.663351
2012-09-28 00:00:00,  396.135360,   16.116118,    0.664191
2012-09-29 00:00:00,  397.604160,   16.734111,    0.664301
2012-09-30 00:00:00,  399.219840,   18.647295,    0.666478
2012-10-01 00:00:00,  401.129280,   18.815186,    0.666972
2012-10-02 00:00:00,  403.038720,   19.203900,    0.667510
2012-10-03 00:00:00,  404.801280,   19.075907,    0.668055
2012-10-04 00:00:00,  406.563840,   19.859568,    0.669507
2012-10-05 00:00:00,  408.326400,   19.538325,    0.669703
2012-10-06 00:00:00,  410.088960,   20.282306,    0.671030
2012-10-07 00:00:00,  411.851520,   20.356804,    0.671900
2012-10-08 00:00:00,  413.614080,   20.822311,    0.673146
2012-10-09 00:00:00,  415.523520,   20.960808,    0.673726
2012-10-10 00:00:00,  417.432960,   21.154356,    0.675387
2012-10-11 00:00:00,  419.342400,   21.131663,    0.677305
2012-10-12 00:00:00,  421.251840,   21.434393,    0.678010
2012-10-13 00:00:00,  423.161280,   20.662499,    0.677536
2012-10-14 00:00:00,  425.217600,   20.120704,    0.678766
2012-10-15 00:00:00,  427.273920,   20.329924,    0.679571
2012-10-16 00:00:00,  429.330240,   20.443882,    0.680204
2012-10-17 00:00:00,  431.386560,   20.824343,    0.680447
2012-10-18 00:00:00,  433.442880,   21.952562,    0.681687
2012-10-19 00:00:00,  435.499200,   22.559954,    0.684085
2012-10-20 00:00:00,  437.702400,   23.032482,    0.684870
2012-10-21 00:00:00,  439.905600,   23.147424,    0.685247
2012-10-22 00:00:00,  442.108800,   22.532471,    0.686553
2012-10-23 00:00:00,  444.312000,   22.034198,    0.688130
2012-10-24 00:00:00,  446.515200,   21.837775,    0.687934
2012-10-25 00:00:00,  448.865280,   22.097789,    0.689735
2012-10-26 00:00:00,  451.068480,   22.199770,    0.691027
2012-10-27 00:00:00,  453.271680,   22.840113,    0.692526
2012-10-28 00:00:00,  455.621760,   22.866238,    0.692663
2012-10-29 00:00:00,  457.971840,   23.632959,    0.695517
2012-10-30 00:00:00,  460.321920,   22.497654,    0.695556
2012-10-31 00:00:00,  462.672000,   21.736457,    0.697224
2012-11-01 00:00:00,  464.434560,   21.462329,    0.698532
2012-11-02 00:00:00,  466.197120,   22.263420,    0.699729
2012-11-03 00:00:00,  468.547200,   21.762502,    0.700733
2012-11-04 00:00:00,  470.897280,   20.418684,    0.694270
2012-11-05 00:00:00,  473.247360,   19.802678,    0.692233
2012-11-06 00:00:00,  475.744320,   20.753321,    0.693311
2012-11-07 00:00:00,  478.241280,   21.168395,    0.693531
2012-11-08 00:00:00,  480.591360,   22.263773,    0.696890
2012-11-09 00:00:00,  483.088320,   23.154659,    0.698081
2012-11-10 00:00:00,  485.585280,   23.234905,    0.699848
2012-11-11 00:00:00,  488.082240,   22.558367,    0.700922
2012-11-12 00:00:00,  490.579200,   22.696843,    0.703088
2012-11-13 00:00:00,  493.076160,   22.682545,    0.704045
2012-11-14 00:00:00,  495.573120,   23.024417,    0.706127
2012-11-15 00:00:00,  498.070080,   23.596456,    0.707494
2012-11-16 00:00:00,  500.567040,   24.107576,    0.709363
2012-11-17 00:00:00,  503.064000,   24.229347,    0.709664
2012-11-18 00:00:00,  505.560960,   24.251686,    0.713490
2012-11-19 00:00:00,  508.057920,   24.677717,    0.714563
2012-11-20 00:00:00,  510.701760,   24.846196,    0.716935
2012-11-21 00:00:00,  513.198720,   25.267712,    0.718471
2012-11-22 00:00:00,  515.695680,   26.435526,    0.720458
2012-11-23 00:00:00,  518.192640,   25.433883,    0.721796
2012-11-24 00:00:00,  520.689600,   24.589444,    0.722605
2012-11-25 00:00:00,  523.333440,   25.195695,    0.724893
2012-11-26 00:00:00,  525.830400,   26.250103,    0.726635
2012-11-27 00:00:00,  528.327360,   25.194286,    0.727507
2012-11-28 00:00:00,  530.824320,   21.863449,    0.714786
2012-11-29 00:00:00,  533.321280,   20.169619,    0.711540
2012-11-30 00:00:00,  535.818240,   20.154509,    0.712649
2012-12-01 00:00:00,  538.902720,   21.201215,    0.714018
2012-12-02 00:00:00,  541.987200,   22.053774,    0.715590
2012-12-03 00:00:00,  544.337280,   23.572211,    0.718307
2012-12-04 00:00:00,  546.834240,   23.924868,    0.719141
2012-12-05 00:00:00,  549.331200,   24.771699,    0.719139
2012-12-06 00:00:00,  551.681280,   25.270801,    0.724497
2012-12-07 00:00:00,  554.178240,   24.237603,    0.725831
2012-12-08 00:00:00,  556.675200,   24.490991,    0.726530
2012-12-09 00:00:00,  559.025280,   25.097135,    0.728510
2012-12-10 00:00:00,  561.375360,   25.698152,    0.729072
2012-12-11 00:00:00,  563.725440,   26.554431,    0.730347
2012-12-12 00:00:00,  566.075520,   26.097536,    0.725623
2012-12-13 00:00:00,  568.425600,   25.250223,    0.718209
2012-12-14 00:00:00,  570.775680,   25.094955,    0.721136
2012-12-15 00:00:00,  573.125760,   25.535958,    0.723772
2012-12-16 00:00:00,  575.475840,   26.219469,    0.725781
2012-12-17 00:00:00,  577.825920,   26.378087,    0.725994
2012-12-18 00:00:00,  580.029120,   25.630440,    0.729901
2012-12-19 00:00:00,  582.232320,   25.616754,    0.731994
2012-12-20 00:00:00,  584.582400,   26.262924,    0.733935
2012-12-21 00:00:00,  586.785600,   25.838470,    0.736238
2012-12-22 00:00:00,  588.988800,   25.995825,    0.738362
2012-12-23 00:00:00,  591.192000,   26.275649,    0.740879
2012-12-24 00:00:00,  593.248320,   26.293085,    0.738377
2012-12-25 00:00:00,  595.304640,   27.255211,    0.741625
2012-12-26 00:00:00,  597.360960,   27.328616,    0.744547
2012-12-27 00:00:00,  599.417280,   28.333190,    0.746040
2012-12-28 00:00:00,  601.473600,   29.177540,    0.747671
2012-12-29 00:00:00,  603.529920,   29.232803,    0.750101
2012-12-30 00:00:00,  605.586240,   29.306970,    0.750452
2012-12-31 00:00:00,  607.495680,   31.137725,    0.755945
2013-01-01 00:00:00,  608.817600,   30.183835,    0.758865
2013-01-02 00:00:00,  610.286400,   29.844410,    0.760330
2013-01-03 00:00:00,  612.195840,   28.047062,    0.760882
2013-01-04 00:00:00,  613.958400,   27.114109,    0.761741
2013-01-05 00:00:00,  615.867840,   27.849889,    0.763526
2013-01-06 00:00:00,  617.777280,   27.148499,    0.764232
2013-01-07 00:00:00,  619.539840,   26.805934,    0.763976
2013-01-08 00:00:00,  621.302400,   27.700760,    0.764582
2013-01-09 00:00:00,  622.918080,   26.703257,    0.766492
2013-01-10 00:00:00,  624.533760,   26.278241,    0.766997
2013-01-11 00:00:00,  626.296320,   26.112866,    0.766692
2013-01-12 00:00:00,  627.912000,   26.247979,    0.767930
2013-01-13 00:00:00,  629.380800,   25.422714,    0.768520
2013-01-14 00:00:00,  630.849600,   27.613453,    0.769832
2013-01-15 00:00:00,  632.465280,   28.128212,    0.770174
2013-01-16 00:00:00,  634.080960,   26.282332,    0.773116
2013-01-17 00:00:00,  635.402880,   24.722015,    0.772693
2013-01-18 00:00:00,  636.724800,   24.831564,    0.771748
2013-01-19 00:00:00,  638.193600,   24.881516,    0.771753
2013-01-20 00:00:00,  639.515520,   26.283246,    0.775715
2013-01-21 00:00:00,  640.837440,   26.063521,    0.778113
2013-01-22 00:00:00,  642.159360,   26.325115,    0.778641
2013-01-23 00:00:00,  643.334400,   25.836266,    0.780497
2013-01-24 00:00:00,  644.509440,   25.452832,    0.782876
2013-01-25 00:00:00,  645.684480,   25.670984,    0.783858
2013-01-26 00:00:00,  646.712640,   26.307344,    0.786156
2013-01-27 00:00:00,  647.740800,   26.742292,    0.788283
2013-01-28 00:00:00,  648.768960,   26.484121,    0.789393
2013-01-29 00:00:00,  649.797120,   26.591925,    0.791508
2013-01-30 00:00:00,  650.825280,   26.583131,    0.793348
2013-01-31 00:00:00,  651.706560,   26.678277,    0.793771
2013-02-01 00:00:00,  652.294080,   26.850939,    0.795967
2013-02-02 00:00:00,  652.881600,   27.501014,    0.797161
2013-02-03 00:00:00,  653.762880,   28.406665,    0.799251
2013-02-04 00:00:00,  654.497280,   28.290037,    0.801400
2013-02-05 00:00:00,  655.084800,   27.047624,    0.802141
2013-02-06 00:00:00,  655.819200,   26.165497,    0.803625
2013-02-07 00:00:00,  656.553600,   26.044900,    0.804173
2013-02-08 00:00:00,  657.141120,   26.304614,    0.805210
2013-02-09 00:00:00,  657.728640,   26.870603,    0.807497
2013-02-10 00:00:00,  658.169280,   26.891415,    0.808415
2013-02-11 00:00:00,  658.609920,   26.779647,    0.810057
2013-02-12 00:00:00,  659.050560,   27.451236,    0.811223
2013-02-13 00:00:00,  659.344320,   28.019128,    0.811343
2013-02-14 00:00:00,  659.784960,   27.562629,    0.814605
2013-02-15 00:00:00,  660.078720,   27.824048,    0.816195
2013-02-16 00:00:00,  660.225600,   28.065416,    0.817953
2013-02-17 00:00:00,  660.519360,   25.877249,    0.815372
2013-02-18 00:00:00,  660.666240,   25.898367,    0.814430
2013-02-19 00:00:00,  660.813120,   25.713083,    0.814970
2013-02-20 00:00:00,  660.960000,   26.342123,    0.815871
2013-02-21 00:00:00,  660.960000,   27.272533,    0.817341
2013-02-22 00:00:00,  660.960000,   25.597127,    0.818372
2013-02-23 00:00:00,  660.960000,   25.403247,    0.819217
2013-02-24 00:00:00,  660.813120,   25.325003,    0.820500
2013-02-25 00:00:00,  660.666240,   25.715962,    0.821593
2013-02-26 00:00:00,  660.519360,   26.620710,    0.823981
2013-02-27 00:00:00,  660.225600,   26.698525,    0.825833
2013-02-28 00:00:00,  659.931840,   26.520110,    0.827847
2013-03-01 00:00:00,  659.197440,   26.237218,    0.827962
2013-03-02 00:00:00,  658.316160,   27.040491,    0.830993
2013-03-03 00:00:00,  657.728640,   27.242884,    0.830889
2013-03-04 00:00:00,  657.141120,   27.171970,    0.832191
2013-03-05 00:00:00,  656.553600,   27.017753,    0.833742
2013-03-06 00:00:00,  655.966080,   26.491995,    0.833607
2013-03-07 00:00:00,  655.378560,   26.389740,    0.833791
2013-03-08 00:00:00,  654.644160,   26.368032,    0.835488
2013-03-09 00:00:00,  653.909760,   26.510428,    0.836202
2013-03-10 00:00:00,  653.175360,   25.380737,    0.836480
2013-03-11 00:00:00,  652.294080,   24.592146,    0.834569
2013-03-12 00:00:00,  651.412800,   23.984304,    0.830949
2013-03-13 00:00:00,  650.531520,   24.375925,    0.832048
2013-03-14 00:00:00,  649.503360,   22.951858,    0.827356
2013-03-15 00:00:00,  648.475200,   23.440317,    0.827767
2013-03-16 00:00:00,  647.447040,   23.620446,    0.826632
2013-03-17 00:00:00,  646.418880,   24.795896,    0.828309
2013-03-18 00:00:00,  645.390720,   25.672728,    0.829514
2013-03-19 00:00:00,  644.215680,   25.369520,    0.830095
2013-03-20 00:00:00,  643.040640,   24.147345,    0.831205
2013-03-21 00:00:00,  641.718720,   23.328284,    0.831321
2013-03-22 00:00:00,  640.396800,   23.237953,    0.831581
2013-03-23 00:00:00,  639.221760,   23.679270,    0.832456
2013-03-24 00:00:00,  637.899840,   23.459729,    0.833032
2013-03-25 00:00:00,  636.431040,   22.959958,    0.819580
2013-03-26 00:00:00,  634.962240,   21.604552,    0.788643
2013-03-27 00:00:00,  633.493440,   21.920974,    0.789539
2013-03-28 00:00:00,  632.024640,   22.278916,    0.790456
2013-03-29 00:00:00,  630.555840,   22.654198,    0.791496
2013-03-30 00:00:00,  629.087040,   22.712382,    0.792181
2013-03-31 00:00:00,  627.471360,   22.876980,    0.793142
2013-04-01 00:00:00,  626.296320,   23.421175,    0.794344
2013-04-02 00:00:00,  625.121280,   23.312514,    0.794502
2013-04-03 00:00:00,  623.358720,   24.022165,    0.796461
2013-04-04 00:00:00,  621.596160,   24.690980,    0.796912
2013-04-05 00:00:00,  619.833600,   25.068201,    0.798845
2013-04-06 00:00:00,  618.071040,   24.270845,    0.799992
2013-04-07 00:00:00,  616.308480,   24.161214,    0.800032
2013-04-08 00:00:00,  614.545920,   24.841543,    0.800467
2013-04-09 00:00:00,  612.783360,   25.057342,    0.801193
2013-04-10 00:00:00,  610.873920,   26.033397,    0.803129
2013-04-11 00:00:00,  608.964480,   25.198431,    0.803897
2013-04-12 00:00:00,  607.055040,   23.917467,    0.800145
2013-04-13 00:00:00,  604.998720,   23.679326,    0.800428
2013-04-14 00:00:00,  602.942400,   23.949463,    0.800441
2013-04-15 00:00:00,  600.886080,   24.021856,    0.800802
2013-04-16 00:00:00,  598.829760,   23.986243,    0.801302
2013-04-17 00:00:00,  596.773440,   24.152893,    0.801611
2013-04-18 00:00:00,  594.717120,   24.346691,    0.802210
2013-04-19 00:00:00,  592.660800,   23.632630,    0.783658
2013-04-20 00:00:00,  590.457600,   22.673698,    0.785944
2013-04-21 00:00:00,  588.254400,   21.825501,    0.786115
2013-04-22 00:00:00,  586.198080,   22.164923,    0.784720
2013-04-23 00:00:00,  583.994880,   22.329293,    0.785250
2013-04-24 00:00:00,  581.644800,   21.695094,    0.785403
2013-04-25 00:00:00,  579.441600,   21.444354,    0.785632
2013-04-26 00:00:00,  577.238400,   21.956403,    0.786351
2013-04-27 00:00:00,  574.888320,   21.707488,    0.786754
2013-04-28 00:00:00,  572.538240,   21.326600,    0.786970
2013-04-29 00:00:00,  570.188160,   20.882806,    0.786909
2013-04-30 00:00:00,  567.838080,   20.924136,    0.786926
2013-05-01 00:00:00,  565.047360,   20.897450,    0.770558
2013-05-02 00:00:00,  562.109760,   20.530102,    0.775172
2013-05-03 00:00:00,  559.612800,   20.571749,    0.775961
2013-05-04 00:00:00,  557.262720,   20.757338,    0.776630
2013-05-05 00:00:00,  554.912640,   20.466613,    0.776354
2013-05-06 00:00:00,  552.415680,   20.606010,    0.776789
2013-05-07 00:00:00,  549.918720,   20.100788,    0.769942
2013-05-08 00:00:00,  547.568640,   19.225843,    0.754661
2013-05-09 00:00:00,  545.071680,   18.352817,    0.754577
2013-05-10 00:00:00,  542.574720,   17.871111,    0.755612
2013-05-11 00:00:00,  540.077760,   17.667800,    0.756430
2013-05-12 00:00:00,  537.580800,   17.750802,    0.756545
2013-05-13 00:00:00,  535.083840,   17.562175,    0.757385
2013-05-14 00:00:00,  532.586880,   17.489672,    0.758006
2013-05-15 00:00:00,  530.089920,   17.523673,    0.758835
2013-05-16 00:00:00,  527.592960,   17.288261,    0.752981
2013-05-17 00:00:00,  525.096000,   17.329229,    0.754761
2013-05-18 00:00:00,  522.599040,   17.207666,    0.754914
2013-05-19 00:00:00,  520.102080,   17.443345,    0.755560
2013-05-20 00:00:00,  517.458240,   16.866115,    0.741375
2013-05-21 00:00:00,  514.961280,   16.949492,    0.746245
2013-05-22 00:00:00,  512.464320,   17.053470,    0.746494
2013-05-23 00:00:00,  509.967360,   16.964162,    0.747319
2013-05-24 00:00:00,  507.470400,   16.985542,    0.748402
2013-05-25 00:00:00,  504.826560,   16.961266,    0.752004
2013-05-26 00:00:00,  502.329600,   16.821050,    0.752005
2013-05-27 00:00:00,  499.832640,   17.387825,    0.743846
2013-05-28 00:00:00,  497.335680,   17.352272,    0.744790
2013-05-29 00:00:00,  494.838720,   16.740501,    0.760538
2013-05-30 00:00:00,  492.341760,   16.240395,    0.759603
2013-05-31 00:00:00,  489.844800,   16.084242,    0.763032
2013-06-01 00:00:00,  488.082240,   15.777010,    0.763087
2013-06-02 00:00:00,  486.319680,   15.658169,    0.763402
2013-06-03 00:00:00,  483.822720,   15.888583,    0.763970
2013-06-04 00:00:00,  481.325760,   15.637807,    0.764012
2013-06-05 00:00:00,  478.828800,   15.611473,    0.763156
2013-06-06 00:00:00,  476.478720,   15.669192,    0.763310
2013-06-07 00:00:00,  473.981760,   15.562487,    0.763641
2013-06-08 00:00:00,  471.484800,   15.686448,    0.763910
2013-06-09 00:00:00,  469.134720,   15.894869,    0.763723
2013-06-10 00:00:00,  466.784640,   15.917106,    0.763748
2013-06-11 00:00:00,  464.434560,   15.652875,    0.764265
2013-06-12 00:00:00,  462.084480,   15.551370,    0.764819
2013-06-13 00:00:00,  459.734400,   15.807359,    0.765318
2013-06-14 00:00:00,  457.384320,   15.224756,    0.765268
2013-06-15 00:00:00,  455.034240,   15.303860,    0.765389
2013-06-16 00:00:00,  452.684160,   15.351556,    0.765618
2013-06-17 00:00:00,  450.334080,   15.394931,    0.764525
2013-06-18 00:00:00,  448.130880,   15.280126,    0.765369
2013-06-19 00:00:00,  445.927680,   15.361644,    0.765763
2013-06-20 00:00:00,  443.577600,   15.150023,    0.765641
2013-06-21 00:00:00,  441.374400,   14.945162,    0.766109
2013-06-22 00:00:00,  439.318080,   14.729502,    0.766477
2013-06-23 00:00:00,  437.114880,   14.444096,    0.761267
2013-06-24 00:00:00,  434.911680,   14.540435,    0.761576
2013-06-25 00:00:00,  432.855360,   14.636872,    0.761807
2013-06-26 00:00:00,  430.799040,   14.743035,    0.761908
2013-06-27 00:00:00,  428.742720,   14.704094,    0.762076
2013-06-28 00:00:00,  426.686400,   14.881605,    0.762391
2013-06-29 00:00:00,  424.630080,   14.786576,    0.762400
2013-06-30 00:00:00,  422.573760,   14.751334,    0.762586
2013-07-01 00:00:00,  420.223680,   14.814647,    0.762801
2013-07-02 00:00:00,  417.873600,   15.171401,    0.763488
2013-07-03 00:00:00,  415.964160,   14.710257,    0.761707
2013-07-04 00:00:00,  414.201600,   14.646611,    0.761905
2013-07-05 00:00:00,  412.292160,   14.719414,    0.762453
2013-07-06 00:00:00,  410.382720,   14.284795,    0.762539
2013-07-07 00:00:00,  408.620160,   14.353628,    0.763006
2013-07-08 00:00:00,  406.857600,   14.274298,    0.762874
2013-07-09 00:00:00,  405.241920,   13.918214,    0.757546
2013-07-10 00:00:00,  403.626240,   13.974728,    0.757617
2013-07-11 00:00:00,  401.863680,   14.150277,    0.757830
2013-07-12 00:00:00,  400.248000,   14.453321,    0.753387
2013-07-13 00:00:00,  398.779200,   14.454195,    0.753712
2013-07-14 00:00:00,  397.163520,   14.519065,    0.754721
2013-07-15 00:00:00,  395.547840,   14.763408,    0.753959
2013-07-16 00:00:00,  394.079040,   14.421318,    0.752586
2013-07-17 00:00:00,  392.757120,   13.997106,    0.752355
2013-07-18 00:00:00,  391.435200,   14.050050,    0.753410
2013-07-19 00:00:00,  389.966400,   13.934928,    0.753576
2013-07-20 00:00:00,  388.644480,   13.894943,    0.753887
2013-07-21 00:00:00,  387.322560,   13.746869,    0.753856
2013-07-22 00:00:00,  386.000640,   13.487385,    0.754308
2013-07-23 00:00:00,  384.825600,   13.402840,    0.743060
2013-07-24 00:00:00,  383.650560,   13.622552,    0.741753
2013-07-25 00:00:00,  382.475520,   13.730730,    0.741352
2013-07-26 00:00:00,  381.447360,   13.445989,    0.728310
2013-07-27 00:00:00,  380.419200,   13.466706,    0.724326
2013-07-28 00:00:00,  379.391040,   13.574796,    0.724481
2013-07-29 00:00:00,  378.362880,   13.670070,    0.723622
2013-07-30 00:00:00,  377.334720,   13.765531,    0.723616
2013-07-31 00:00:00,  376.453440,   14.350330,    0.722888
2013-08-01 00:00:00,  375.865920,   14.193285,    0.722823
2013-08-02 00:00:00,  375.278400,   14.436372,    0.722541
2013-08-03 00:00:00,  374.397120,   14.786180,    0.722325
2013-08-04 00:00:00,  373.662720,   16.005327,    0.722103
2013-08-05 00:00:00,  372.928320,   16.857365,    0.719087
2013-08-06 00:00:00,  372.193920,   17.139046,    0.718298
2013-08-07 00:00:00,  371.606400,   17.475718,    0.705507
2013-08-08 00:00:00,  371.018880,   17.034091,    0.707027
2013-08-09 00:00:00,  370.431360,   16.830260,    0.707569
2013-08-10 00:00:00,  369.990720,   16.820330,    0.697913
2013-08-11 00:00:00,  369.550080,   16.311176,    0.694541
2013-08-12 00:00:00,  369.109440,   16.110188,    0.696552
2013-08-13 00:00:00,  368.815680,   15.817886,    0.690923
2013-08-14 00:00:00,  368.375040,   15.489719,    0.693844
2013-08-15 00:00:00,  368.081280,   14.739436,    0.691679
2013-08-16 00:00:00,  367.934400,   14.370748,    0.691404
2013-08-17 00:00:00,  367.640640,   15.022693,    0.692851
2013-08-18 00:00:00,  367.493760,   15.169749,    0.693125
2013-08-19 00:00:00,  367.346880,   15.215626,    0.693187
2013-08-20 00:00:00,  367.200000,   15.136910,    0.693401
2013-08-21 00:00:00,  367.200000,   15.392349,    0.692952
2013-08-22 00:00:00,  367.200000,   15.349800,    0.693132
2013-08-23 00:00:00,  367.200000,   15.686876,    0.693524
2013-08-24 00:00:00,  367.346880,   15.972602,    0.693990
2013-08-25 00:00:00,  367.493760,   16.333181,    0.684994
2013-08-26 00:00:00,  367.640640,   16.015044,    0.679008
2013-08-27 00:00:00,  367.934400,   15.486317,    0.671990
2013-08-28 00:00:00,  368.228160,   15.667989,    0.672911
2013-08-29 00:00:00,  368.521920,   15.971885,    0.671949
2013-08-30 00:00:00,  368.815680,   16.204399,    0.671118
2013-08-31 00:00:00,  369.256320,   16.551086,    0.671180
2013-09-01 00:00:00,  369.550080,   16.953750,    0.671312
2013-09-02 00:00:00,  369.843840,   17.931181,    0.671406
2013-09-03 00:00:00,  370.431360,   17.577332,    0.669105
2013-09-04 00:00:00,  371.018880,   17.235017,    0.669892
2013-09-05 00:00:00,  371.606400,   17.356679,    0.670628
2013-09-06 00:00:00,  372.193920,   17.493761,    0.671103
2013-09-07 00:00:00,  372.781440,   17.805913,    0.671793
2013-09-08 00:00:00,  373.515840,   17.914510,    0.671484
2013-09-09 00:00:00,  374.250240,   18.181990,    0.671957
2013-09-10 00:00:00,  374.984640,   18.555316,    0.672705
2013-09-11 00:00:00,  375.865920,   17.224209,    0.658191
2013-09-12 00:00:00,  376.747200,   17.199860,    0.659431
2013-09-13 00:00:00,  377.628480,   17.162106,    0.657448
2013-09-14 00:00:00,  378.656640,   15.893738,    0.657507
2013-09-15 00:00:00,  379.684800,   16.724096,    0.660157
2013-09-16 00:00:00,  380.712960,   15.666013,    0.654632
2013-09-17 00:00:00,  381.741120,   15.966205,    0.656535
2013-09-18 00:00:00,  382.769280,   15.731735,    0.654550
2013-09-19 00:00:00,  383.944320,   15.765162,    0.654986
2013-09-20 00:00:00,  385.119360,   16.225057,    0.653486
2013-09-21 00:00:00,  386.441280,   16.663057,    0.654633
2013-09-22 00:00:00,  387.763200,   16.518531,    0.647742
2013-09-23 00:00:00,  389.085120,   16.703099,    0.647764
2013-09-24 00:00:00,  390.407040,   16.526720,    0.646245
2013-09-25 00:00:00,  391.728960,   17.340471,    0.647727
2013-09-26 00:00:00,  393.197760,   17.021235,    0.646024
2013-09-27 00:00:00,  394.666560,   17.039064,    0.646292
2013-09-28 00:00:00,  396.135360,   18.384359,    0.647994
2013-09-29 00:00:00,  397.604160,   17.440813,    0.629141
2013-09-30 00:00:00,  399.219840,   17.792712,    0.626148
2013-10-01 00:00:00,  401.129280,   18.323300,    0.626952
2013-10-02 00:00:00,  403.038720,   19.281976,    0.627445
2013-10-03 00:00:00,  404.801280,   19.349825,    0.627560
2013-10-04 00:00:00,  406.563840,   19.808196,    0.627932
2013-10-05 00:00:00,  408.326400,   20.769841,    0.623056
2013-10-06 00:00:00,  410.088960,   20.532481,    0.624350
2013-10-07 00:00:00,  411.851520,   20.582679,    0.625720
2013-10-08 00:00:00,  413.614080,   20.881926,    0.626713
2013-10-09 00:00:00,  415.523520,   21.029360,    0.617415
2013-10-10 00:00:00,  417.432960,   20.900341,    0.618058
2013-10-11 00:00:00,  419.342400,   19.880565,    0.621468
2013-10-12 00:00:00,  421.251840,   19.638840,    0.623730
2013-10-13 00:00:00,  423.161280,   19.799862,    0.624708
2013-10-14 00:00:00,  425.217600,   20.454562,    0.626255
2013-10-15 00:00:00,  427.273920,   20.735241,    0.627060
2013-10-16 00:00:00,  429.330240,   20.678900,    0.627345
2013-10-17 00:00:00,  431.386560,   21.101232,    0.627364
2013-10-18 00:00:00,  433.442880,   21.717220,    0.627476
2013-10-19 00:00:00,  435.499200,   20.190070,    0.619026
2013-10-20 00:00:00,  437.702400,   19.592494,    0.610653
2013-10-21 00:00:00,  439.905600,   19.907390,    0.614254
2013-10-22 00:00:00,  442.108800,   20.108275,    0.616948
2013-10-23 00:00:00,  444.312000,   20.522154,    0.619654
2013-10-24 00:00:00,  446.515200,   20.123635,    0.619884
2013-10-25 00:00:00,  448.865280,   20.420681,    0.620980
2013-10-26 00:00:00,  451.068480,   21.073558,    0.621025
2013-10-27 00:00:00,  453.271680,   23.391684,    0.623685
2013-10-28 00:00:00,  455.621760,   23.233952,    0.623823
2013-10-29 00:00:00,  457.971840,   23.465392,    0.625099
2013-10-30 00:00:00,  460.321920,   24.032698,    0.626610
2013-10-31 00:00:00,  462.672000,   24.198882,    0.626130
2013-11-01 00:00:00,  464.434560,   24.434724,    0.631207
2013-11-02 00:00:00,  466.197120,   24.100636,    0.633214
2013-11-03 00:00:00,  468.547200,   23.604082,    0.633024
2013-11-04 00:00:00,  470.897280,   25.077664,    0.635593
2013-11-05 00:00:00,  473.247360,   23.792901,    0.636757
2013-11-06 00:00:00,  475.744320,   23.042357,    0.638150
2013-11-07 00:00:00,  478.241280,   23.273021,    0.637203
2013-11-08 00:00:00,  480.591360,   23.675995,    0.639104
2013-11-09 00:00:00,  483.088320,   23.616456,    0.639248
2013-11-10 00:00:00,  485.585280,   24.633932,    0.641251
2013-11-11 00:00:00,  488.082240,   25.357664,    0.645022
2013-11-12 00:00:00,  490.579200,   24.259675,    0.646736
2013-11-13 00:00:00,  493.076160,   23.660641,    0.647441
2013-11-14 00:00:00,  495.573120,   24.106646,    0.648767
2013-11-15 00:00:00,  498.070080,   24.124933,    0.649474
2013-11-16 00:00:00,  500.567040,   25.385503,    0.652585
2013-11-17 00:00:00,  503.064000,   25.973303,    0.652768
2013-11-18 00:00:00,  505.560960,   24.993673,    0.656599
2013-11-19 00:00:00,  508.057920,   24.049285,    0.657696
2013-11-20 00:00:00,  510.701760,   23.890516,    0.659107
2013-11-21 00:00:00,  513.198720,   24.324892,    0.659939
2013-11-22 00:00:00,  515.695680,   24.432876,    0.660712
2013-11-23 00:00:00,  518.192640,   26.479797,    0.663433
2013-11-24 00:00:00,  520.689600,   24.987679,    0.665088
2013-11-25 00:00:00,  523.333440,   24.945694,    0.667183
2013-11-26 00:00:00,  525.830400,   25.057951,    0.668917
2013-11-27 00:00:00,  528.327360,   25.367991,    0.669474
2013-11-28 00:00:00,  530.824320,   25.785963,    0.671564
2013-11-29 00:00:00,  533.321280,   23.883218,    0.670618
2013-11-30 00:00:00,  535.818240,   23.840647,    0.670448
2013-12-01 00:00:00,  538.902720,   24.623081,    0.671616
2013-12-02 00:00:00,  541.987200,   24.411108,    0.673684
2013-12-03 00:00:00,  544.337280,   23.437996,    0.675241
2013-12-04 00:00:00,  546.834240,   23.524490,    0.674741
2013-12-05 00:00:00,  549.331200,   23.611558,    0.676382
2013-12-06 00:00:00,  551.681280,   25.041041,    0.680549
2013-12-07 00:00:00,  554.178240,   24.591960,    0.682750
2013-12-08 00:00:00,  556.675200,   23.999162,    0.684450
2013-12-09 00:00:00,  559.025280,   24.370969,    0.685707
2013-12-10 00:00:00,  561.375360,   24.484709,    0.687337
2013-12-11 00:00:00,  563.725440,   25.201027,    0.689242
2013-12-12 00:00:00,  566.075520,   25.942192,    0.690982
2013-12-13 00:00:00,  568.425600,   26.211707,    0.691181
2013-12-14 00:00:00,  570.775680,   27.349465,    0.693427
2013-12-15 00:00:00,  573.125760,   29.335053,    0.697926
2013-12-16 00:00:00,  575.475840,   29.385692,    0.700130
2013-12-17 00:00:00,  577.825920,   28.927616,    0.702207
2013-12-18 00:00:00,  580.029120,   26.710247,    0.701855
2013-12-19 00:00:00,  582.232320,   25.629318,    0.701250
2013-12-20 00:00:00,  584.582400,   25.192551,    0.702538
2013-12-21 00:00:00,  586.785600,   25.132733,    0.703550
2013-12-22 00:00:00,  588.988800,   25.410081,    0.706030
2013-12-23 00:00:00,  591.192000,   26.336678,    0.707651
2013-12-24 00:00:00,  593.248320,   26.805564,    0.709861
2013-12-25 00:00:00,  595.304640,   26.678447,    0.712307
2013-12-26 00:00:00,  597.360960,   26.977221,    0.714065
2013-12-27 00:00:00,  599.417280,   26.332638,    0.714832
2013-12-28 00:00:00,  601.473600,   26.375585,    0.716764
2013-12-29 00:00:00,  603.529920,   26.003750,    0.718727
2013-12-30 00:00:00,  605.586240,   26.750490,    0.721037
2013-12-31 00:00:00,  607.495680,   26.149039,    0.722988
2014-01-01 00:00:00,  608.817600,   26.496092,    0.724765
2014-01-02 00:00:00,  610.286400,   26.228683,    0.726258
2014-01-03 00:00:00,  612.195840,   25.421306,    0.725817
2014-01-04 00:00:00,  613.958400,   24.852073,    0.725792
2014-01-05 00:00:00,  615.867840,   25.364410,    0.726557
2014-01-06 00:00:00,  617.777280,   26.873779,    0.728279
2014-01-07 00:00:00,  619.539840,   26.870045,    0.730503
2014-01-08 00:00:00,  621.302400,   26.509542,    0.731813
2014-01-09 00:00:00,  622.918080,   26.371664,    0.733294
2014-01-10 00:00:00,  624.533760,   27.113824,    0.734907
2014-01-11 00:00:00,  626.296320,   28.023802,    0.736843
2014-01-12 00:00:00,  627.912000,   28.867504,    0.739357
2014-01-13 00:00:00,  629.380800,   27.271447,    0.741248
2014-01-14 00:00:00,  630.849600,   26.888424,    0.741628
2014-01-15 00:00:00,  632.465280,   26.707426,    0.742428
2014-01-16 00:00:00,  634.080960,   25.735103,    0.744071
2014-01-17 00:00:00,  635.402880,   25.963852,    0.743539
2014-01-18 00:00:00,  636.724800,   26.718680,    0.744838
2014-01-19 00:00:00,  638.193600,   27.257339,    0.747251
2014-01-20 00:00:00,  639.515520,   27.574659,    0.749756
2014-01-21 00:00:00,  640.837440,   27.916042,    0.752667
2014-01-22 00:00:00,  642.159360,   27.553194,    0.749504
2014-01-23 00:00:00,  643.334400,   28.209261,    0.751231
2014-01-24 00:00:00,  644.509440,   27.874619,    0.752791
2014-01-25 00:00:00,  645.684480,   27.444565,    0.752404
2014-01-26 00:00:00,  646.712640,   27.667446,    0.755461
2014-01-27 00:00:00,  647.740800,   26.247031,    0.755453
2014-01-28 00:00:00,  648.768960,   26.011483,    0.754692
2014-01-29 00:00:00,  649.797120,   26.299157,    0.756846
2014-01-30 00:00:00,  650.825280,   26.977361,    0.758649
2014-01-31 00:00:00,  651.706560,   26.729498,    0.760789
2014-02-01 00:00:00,  652.294080,   26.072188,    0.761744
2014-02-02 00:00:00,  652.881600,   26.028920,    0.762033
2014-02-03 00:00:00,  653.762880,   25.910704,    0.759267
2014-02-04 00:00:00,  654.497280,   27.019542,    0.763019
2014-02-05 00:00:00,  655.084800,   27.123300,    0.765580
2014-02-06 00:00:00,  655.819200,   26.896663,    0.766201
2014-02-07 00:00:00,  656.553600,   25.982935,    0.768048
2014-02-08 00:00:00,  657.141120,   25.386730,    0.769475
2014-02-09 00:00:00,  657.728640,   25.243436,    0.768883
2014-02-10 00:00:00,  658.169280,   24.677971,    0.769931
2014-02-11 00:00:00,  658.609920,   25.214574,    0.771595
2014-02-12 00:00:00,  659.050560,   25.508127,    0.772894
2014-02-13 00:00:00,  659.344320,   26.025764,    0.773521
2014-02-14 00:00:00,  659.784960,   27.251831,    0.775834
2014-02-15 00:00:00,  660.078720,   27.319821,    0.777157
2014-02-16 00:00:00,  660.225600,   26.114005,    0.778000
2014-02-17 00:00:00,  660.519360,   26.439245,    0.778935
2014-02-18 00:00:00,  660.666240,   26.484677,    0.781130
2014-02-19 00:00:00,  660.813120,   26.491644,    0.782198
2014-02-20 00:00:00,  660.960000,   26.792247,    0.783880
2014-02-21 00:00:00,  660.960000,   26.840449,    0.785339
2014-02-22 00:00:00,  660.960000,   26.707219,    0.787412
2014-02-23 00:00:00,  660.960000,   27.255932,    0.788446
2014-02-24 00:00:00,  660.813120,   27.163429,    0.790448
2014-02-25 00:00:00,  660.666240,   26.812180,    0.792003
2014-02-26 00:00:00,  660.519360,   26.526330,    0.792663
2014-02-27 00:00:00,  660.225600,   26.078930,    0.793681
2014-02-28 00:00:00,  659.931840,   26.429092,    0.795814
2014-03-01 00:00:00,  659.197440,   27.038997,    0.796811
2014-03-02 00:00:00,  658.316160,   27.097335,    0.797872
2014-03-03 00:00:00,  657.728640,   26.161366,    0.799160
2014-03-04 00:00:00,  657.141120,   25.592482,    0.797579
2014-03-05 00:00:00,  656.553600,   25.350788,    0.795218
2014-03-06 00:00:00,  655.966080,   25.766962,    0.795655
2014-03-07 00:00:00,  655.378560,   26.334153,    0.797890
2014-03-08 00:00:00,  654.644160,   25.195473,    0.798907
2014-03-09 00:00:00,  653.909760,   24.896348,    0.799676
2014-03-10 00:00:00,  653.175360,   24.310944,    0.798727
2014-03-11 00:00:00,  652.294080,   24.480744,    0.797020
2014-03-12 00:00:00,  651.412800,   24.905476,    0.798276
2014-03-13 00:00:00,  650.531520,   24.536580,    0.799452
2014-03-14 00:00:00,  649.503360,   23.610380,    0.799887
2014-03-15 00:00:00,  648.475200,   23.482336,    0.799674
2014-03-16 00:00:00,  647.447040,   24.020019,    0.800703
2014-03-17 00:00:00,  646.418880,   23.644596,    0.800995
2014-03-18 00:00:00,  645.390720,   24.067722,    0.801765
2014-03-19 00:00:00,  644.215680,   24.419144,    0.803582
2014-03-20 00:00:00,  643.040640,   24.188721,    0.805342
2014-03-21 00:00:00,  641.718720,   24.279649,    0.805978
2014-03-22 00:00:00,  640.396800,   24.390070,    0.807751
2014-03-23 00:00:00,  639.221760,   24.584592,    0.808863
2014-03-24 00:00:00,  637.899840,   24.241236,    0.809722
2014-03-25 00:00:00,  636.431040,   23.572896,    0.804868
2014-03-26 00:00:00,  634.962240,   23.695954,    0.804718
2014-03-27 00:00:00,  633.493440,   23.960218,    0.805089
2014-03-28 00:00:00,  632.024640,   24.854097,    0.805180
2014-03-29 00:00:00,  630.555840,   23.255117,    0.802629
2014-03-30 00:00:00,  629.087040,   22.472223,    0.798758
2014-03-31 00:00:00,  627.471360,   22.141585,    0.798407
2014-04-01 00:00:00,  626.296320,   21.831687,    0.796880
2014-04-02 00:00:00,  625.121280,   21.676506,    0.797368
2014-04-03 00:00:00,  623.358720,   21.670247,    0.797907
2014-04-04 00:00:00,  621.596160,   21.162258,    0.797847
2014-04-05 00:00:00,  619.833600,   21.807402,    0.798094
2014-04-06 00:00:00,  618.071040,   22.300863,    0.799259
2014-04-07 00:00:00,  616.308480,   22.185329,    0.800051
2014-04-08 00:00:00,  614.545920,   22.431485,    0.800382
2014-04-09 00:00:00,  612.783360,   23.201479,    0.802483
2014-04-10 00:00:00,  610.873920,   22.537543,    0.803054
2014-04-11 00:00:00,  608.964480,   23.393429,    0.804134
2014-04-12 00:00:00,  607.055040,   24.002511,    0.804965
2014-04-13 00:00:00,  604.998720,   24.534307,    0.805911
2014-04-14 00:00:00,  602.942400,   24.957571,    0.806830
2014-04-15 00:00:00,  600.886080,   24.657524,    0.807749
2014-04-16 00:00:00,  598.829760,   24.020934,    0.808570
2014-04-17 00:00:00,  596.773440,   23.499301,    0.808729
2014-04-18 00:00:00,  594.717120,   22.802542,    0.808120
2014-04-19 00:00:00,  592.660800,   22.170357,    0.808543
2014-04-20 00:00:00,  590.457600,   21.704518,    0.807997
2014-04-21 00:00:00,  588.254400,   21.406048,    0.807517
2014-04-22 00:00:00,  586.198080,   21.283710,    0.806143
2014-04-23 00:00:00,  583.994880,   21.036555,    0.806447
2014-04-24 00:00:00,  581.644800,   20.467917,    0.804415
2014-04-25 00:00:00,  579.441600,   20.631219,    0.804702
2014-04-26 00:00:00,  577.238400,   20.353345,    0.800304
2014-04-27 00:00:00,  574.888320,   20.478361,    0.800191
2014-04-28 00:00:00,  572.538240,   19.708327,    0.798053
2014-04-29 00:00:00,  570.188160,   19.674038,    0.797499
2014-04-30 00:00:00,  567.838080,   19.641296,    0.797498
2014-05-01 00:00:00,  565.047360,   19.238345,    0.797532
2014-05-02 00:00:00,  562.109760,   19.078914,    0.796557
2014-05-03 00:00:00,  559.612800,   19.501777,    0.796530
2014-05-04 00:00:00,  557.262720,   19.000328,    0.797017
2014-05-05 00:00:00,  554.912640,   18.642300,    0.795823
2014-05-06 00:00:00,  552.415680,   18.987279,    0.795620
2014-05-07 00:00:00,  549.918720,   18.759866,    0.781130
2014-05-08 00:00:00,  547.568640,   18.111073,    0.781512
2014-05-09 00:00:00,  545.071680,   18.275735,    0.782552
2014-05-10 00:00:00,  542.574720,   18.865311,    0.782654
2014-05-11 00:00:00,  540.077760,   18.978456,    0.783617
2014-05-12 00:00:00,  537.580800,   18.423107,    0.783645
2014-05-13 00:00:00,  535.083840,   18.669408,    0.784101
2014-05-14 00:00:00,  532.586880,   18.410704,    0.784309
2014-05-15 00:00:00,  530.089920,   18.754123,    0.783403
2014-05-16 00:00:00,  527.592960,   18.671528,    0.783055
2014-05-17 00:00:00,  525.096000,   19.133490,    0.774037
2014-05-18 00:00:00,  522.599040,   19.035673,    0.775437
2014-05-19 00:00:00,  520.102080,   19.028888,    0.775637
2014-05-20 00:00:00,  517.458240,   19.086208,    0.772624
2014-05-21 00:00:00,  514.961280,   18.998339,    0.773712
2014-05-22 00:00:00,  512.464320,   18.777804,    0.775301
2014-05-23 00:00:00,  509.967360,   18.299221,    0.770136
2014-05-24 00:00:00,  507.470400,   17.711820,    0.773463
2014-05-25 00:00:00,  504.826560,   17.521039,    0.775869
2014-05-26 00:00:00,  502.329600,   17.517864,    0.776352
2014-05-27 00:00:00,  499.832640,   17.472057,    0.774958
2014-05-28 00:00:00,  497.335680,   17.338325,    0.776574
2014-05-29 00:00:00,  494.838720,   17.724412,    0.777250
2014-05-30 00:00:00,  492.341760,   17.344873,    0.777518
2014-05-31 00:00:00,  489.844800,   16.873299,    0.797767
2014-06-01 00:00:00,  488.082240,   17.056098,    0.797685
2014-06-02 00:00:00,  486.319680,   17.484518,    0.798060
2014-06-03 00:00:00,  483.822720,   17.162984,    0.798392
2014-06-04 00:00:00,  481.325760,   17.111854,    0.798228
2014-06-05 00:00:00,  478.828800,   17.193293,    0.798977
2014-06-06 00:00:00,  476.478720,   16.799638,    0.799008
2014-06-07 00:00:00,  473.981760,   16.432180,    0.799351
2014-06-08 00:00:00,  471.484800,   16.179959,    0.799695
2014-06-09 00:00:00,  469.134720,   16.352362,    0.799001
2014-06-10 00:00:00,  466.784640,   15.985585,    0.796919
2014-06-11 00:00:00,  464.434560,   15.998698,    0.797390
2014-06-12 00:00:00,  462.084480,   15.909388,    0.797567
2014-06-13 00:00:00,  459.734400,   15.744936,    0.797751
2014-06-14 00:00:00,  457.384320,   15.755568,    0.797946
2014-06-15 00:00:00,  455.034240,   15.702710,    0.798239
2014-06-16 00:00:00,  452.684160,   15.377345,    0.798289
2014-06-17 00:00:00,  450.334080,   14.876984,    0.785758
2014-06-18 00:00:00,  448.130880,   14.784824,    0.785077
2014-06-19 00:00:00,  445.927680,   14.846969,    0.784590
2014-06-20 00:00:00,  443.577600,   14.852514,    0.784287
2014-06-21 00:00:00,  441.374400,   14.697498,    0.773687
2014-06-22 00:00:00,  439.318080,   14.387957,    0.773470
2014-06-23 00:00:00,  437.114880,   14.506143,    0.773599
2014-06-24 00:00:00,  434.911680,   14.712642,    0.774059
2014-06-25 00:00:00,  432.855360,   14.596451,    0.774243
2014-06-26 00:00:00,  430.799040,   14.262515,    0.774095
2014-06-27 00:00:00,  428.742720,   14.550895,    0.774784
2014-06-28 00:00:00,  426.686400,   14.353507,    0.774884
2014-06-29 00:00:00,  424.630080,   13.748707,    0.774938
2014-06-30 00:00:00,  422.573760,   13.637952,    0.775269
2014-07-01 00:00:00,  420.223680,   13.918927,    0.775416
2014-07-02 00:00:00,  417.873600,   14.036542,    0.770715
2014-07-03 00:00:00,  415.964160,   13.999723,    0.771305
2014-07-04 00:00:00,  414.201600,   13.818224,    0.770753
2014-07-05 00:00:00,  412.292160,   14.133320,    0.770846
2014-07-06 00:00:00,  410.382720,   14.142402,    0.767952
2014-07-07 00:00:00,  408.620160,   13.858607,    0.767365
2014-07-08 00:00:00,  406.857600,   13.619482,    0.766270
2014-07-09 00:00:00,  405.241920,   13.679299,    0.766366
2014-07-10 00:00:00,  403.626240,   13.708518,    0.766532
2014-07-11 00:00:00,  401.863680,   13.821495,    0.766633
2014-07-12 00:00:00,  400.248000,   14.052787,    0.767221
2014-07-13 00:00:00,  398.779200,   13.743767,    0.767311
2014-07-14 00:00:00,  397.163520,   13.633291,    0.760950
2014-07-15 00:00:00,  395.547840,   13.714554,    0.761172
2014-07-16 00:00:00,  394.079040,   14.019430,    0.761280
2014-07-17 00:00:00,  392.757120,   14.000354,    0.762140
2014-07-18 00:00:00,  391.435200,   13.942442,    0.761706
2014-07-19 00:00:00,  389.966400,   13.697660,    0.760358
2014-07-20 00:00:00,  388.644480,   14.160218,    0.753626
2014-07-21 00:00:00,  387.322560,   13.820626,    0.753637
2014-07-22 00:00:00,  386.000640,   13.699654,    0.750240
2014-07-23 00:00:00,  384.825600,   13.672351,    0.750362
2014-07-24 00:00:00,  383.650560,   13.921357,    0.750288
2014-07-25 00:00:00,  382.475520,   14.014063,    0.750319
2014-07-26 00:00:00,  381.447360,   14.086723,    0.748525
2014-07-27 00:00:00,  380.419200,   14.176944,    0.748721
2014-07-28 00:00:00,  379.391040,   14.332839,    0.748917
2014-07-29 00:00:00,  378.362880,   14.521006,    0.748826
2014-07-30 00:00:00,  377.334720,   14.661734,    0.748870
2014-07-31 00:00:00,  376.453440,   14.711716,    0.749455
2014-08-01 00:00:00,  375.865920,   14.811571,    0.749630
2014-08-02 00:00:00,  375.278400,   14.621261,    0.749721
2014-08-03 00:00:00,  374.397120,   14.625219,    0.749649
2014-08-04 00:00:00,  373.662720,   14.903111,    0.749980
2014-08-05 00:00:00,  372.928320,   15.061285,    0.750547
2014-08-06 00:00:00,  372.193920,   15.368337,    0.751325
2014-08-07 00:00:00,  371.606400,   15.519506,    0.750200
2014-08-08 00:00:00,  371.018880,   15.794261,    0.750224
2014-08-09 00:00:00,  370.431360,   15.901927,    0.750635
2014-08-10 00:00:00,  369.990720,   16.612643,    0.751532
2014-08-11 00:00:00,  369.550080,   16.459370,    0.751868
2014-08-12 00:00:00,  369.109440,   15.816200,    0.752636
2014-08-13 00:00:00,  368.815680,   15.875286,    0.753536
2014-08-14 00:00:00,  368.375040,   15.517610,    0.754150
2014-08-15 00:00:00,  368.081280,   15.897039,    0.754057
2014-08-16 00:00:00,  367.934400,   16.130662,    0.753959
2014-08-17 00:00:00,  367.640640,   16.976159,    0.744922
2014-08-18 00:00:00,  367.493760,   16.710739,    0.743493
2014-08-19 00:00:00,  367.346880,   16.971253,    0.743764
2014-08-20 00:00:00,  367.200000,   17.361578,    0.743149
2014-08-21 00:00:00,  367.200000,   17.420836,    0.742962
2014-08-22 00:00:00,  367.200000,   17.269674,    0.743563
2014-08-23 00:00:00,  367.200000,   17.249530,    0.744090
2014-08-24 00:00:00,  367.346880,   17.543134,    0.744883
2014-08-25 00:00:00,  367.493760,   18.472453,    0.745479
2014-08-26 00:00:00,  367.640640,   18.038733,    0.746129
2014-08-27 00:00:00,  367.934400,   18.262228,    0.746163
2014-08-28 00:00:00,  368.228160,   18.403389,    0.746957
2014-08-29 00:00:00,  368.521920,   18.090537,    0.687788
2014-08-30 00:00:00,  368.815680,   17.647257,    0.703335
2014-08-31 00:00:00,  369.256320,   17.343809,    0.703012
2014-09-01 00:00:00,  369.550080,   17.281502,    0.705914
2014-09-02 00:00:00,  369.843840,   17.394822,    0.706221
2014-09-03 00:00:00,  370.431360,   17.395323,    0.706413
2014-09-04 00:00:00,  371.018880,   17.294453,    0.708027
2014-09-05 00:00:00,  371.606400,   17.848446,    0.708781
2014-09-06 00:00:00,  372.193920,   18.330527,    0.705050
2014-09-07 00:00:00,  372.781440,   17.459589,    0.706366
2014-09-08 00:00:00,  373.515840,   16.377703,    0.709423
2014-09-09 00:00:00,  374.250240,   16.488071,    0.713484
2014-09-10 00:00:00,  374.984640,   16.777391,    0.713659
2014-09-11 00:00:00,  375.865920,   17.555158,    0.714034
2014-09-12 00:00:00,  376.747200,   18.663028,    0.715084
2014-09-13 00:00:00,  377.628480,   19.028081,    0.715963
2014-09-14 00:00:00,  378.656640,   19.020058,    0.716138
2014-09-15 00:00:00,  379.684800,   18.567978,    0.716353
2014-09-16 00:00:00,  380.712960,   18.669117,    0.716616
2014-09-17 00:00:00,  381.741120,   19.407425,    0.717928
2014-09-18 00:00:00,  382.769280,   20.325539,    0.719063
2014-09-19 00:00:00,  383.944320,   21.184231,    0.719846
2014-09-20 00:00:00,  385.119360,   20.820983,    0.720308
2014-09-21 00:00:00,  386.441280,   19.337681,    0.705086
2014-09-22 00:00:00,  387.763200,   19.207367,    0.701089
2014-09-23 00:00:00,  389.085120,   19.073757,    0.701512
2014-09-24 00:00:00,  390.407040,   19.341205,    0.701586
2014-09-25 00:00:00,  391.728960,   20.461601,    0.702931
2014-09-26 00:00:00,  393.197760,   20.416877,    0.704134
2014-09-27 00:00:00,  394.666560,   18.562689,    0.703372
2014-09-28 00:00:00,  396.135360,   17.946016,    0.704469
2014-09-29 00:00:00,  397.604160,   18.546371,    0.705353
2014-09-30 00:00:00,  399.219840,   19.477288,    0.706114
2014-10-01 00:00:00,  401.129280,   19.180928,    0.706258
2014-10-02 00:00:00,  403.038720,   20.303467,    0.707698
2014-10-03 00:00:00,  404.801280,   21.251822,    0.709017
2014-10-04 00:00:00,  406.563840,   22.141360,    0.709961
2014-10-05 00:00:00,  408.326400,   20.444313,    0.709031
2014-10-06 00:00:00,  410.088960,   20.227776,    0.709122
2014-10-07 00:00:00,  411.851520,   20.689096,    0.710052
2014-10-08 00:00:00,  413.614080,   21.984217,    0.712113
2014-10-09 00:00:00,  415.523520,   21.981654,    0.713353
2014-10-10 00:00:00,  417.432960,   21.696819,    0.713260
2014-10-11 00:00:00,  419.342400,   21.706569,    0.715753
2014-10-12 00:00:00,  421.251840,   21.354324,    0.716626
2014-10-13 00:00:00,  423.161280,   21.565432,    0.717611
2014-10-14 00:00:00,  425.217600,   22.341455,    0.719200
2014-10-15 00:00:00,  427.273920,   23.204491,    0.720774
2014-10-16 00:00:00,  429.330240,   23.926044,    0.722379
2014-10-17 00:00:00,  431.386560,   24.234722,    0.720597
2014-10-18 00:00:00,  433.442880,   22.179804,    0.704839
2014-10-19 00:00:00,  435.499200,   20.849442,    0.706790
2014-10-20 00:00:00,  437.702400,   20.957656,    0.707128
2014-10-21 00:00:00,  439.905600,   21.984608,    0.708363
2014-10-22 00:00:00,  442.108800,   22.658151,    0.709875
2014-10-23 00:00:00,  444.312000,   22.909350,    0.711238
2014-10-24 00:00:00,  446.515200,   23.007232,    0.711422
2014-10-25 00:00:00,  448.865280,   22.840182,    0.714032
2014-10-26 00:00:00,  451.068480,   22.710841,    0.715605
2014-10-27 00:00:00,  453.271680,   22.921319,    0.716720
2014-10-28 00:00:00,  455.621760,   22.662079,    0.717493
2014-10-29 00:00:00,  457.971840,   22.557418,    0.718644
2014-10-30 00:00:00,  460.321920,   22.096600,    0.719877
2014-10-31 00:00:00,  462.672000,   22.372296,    0.721190
2014-11-01 00:00:00,  464.434560,   22.559963,    0.721432
2014-11-02 00:00:00,  466.197120,   22.655144,    0.723968
2014-11-03 00:00:00,  468.547200,   22.602726,    0.725968
2014-11-04 00:00:00,  470.897280,   23.071481,    0.727444
2014-11-05 00:00:00,  473.247360,   23.245800,    0.729316
2014-11-06 00:00:00,  475.744320,   22.124807,    0.729256
2014-11-07 00:00:00,  478.241280,   22.037440,    0.730059
2014-11-08 00:00:00,  480.591360,   22.180129,    0.731094
2014-11-09 00:00:00,  483.088320,   23.582507,    0.731973
2014-11-10 00:00:00,  485.585280,   23.059559,    0.733274
2014-11-11 00:00:00,  488.082240,   23.831852,    0.735179
2014-11-12 00:00:00,  490.579200,   22.958568,    0.736193
2014-11-13 00:00:00,  493.076160,   21.867612,    0.738494
2014-11-14 00:00:00,  495.573120,   22.192987,    0.739961
2014-11-15 00:00:00,  498.070080,   22.518360,    0.741559
2014-11-16 00:00:00,  500.567040,   23.041304,    0.743326
2014-11-17 00:00:00,  503.064000,   23.658942,    0.743334
2014-11-18 00:00:00,  505.560960,   24.728737,    0.746142
2014-11-19 00:00:00,  508.057920,   25.128862,    0.747534
2014-11-20 00:00:00,  510.701760,   24.727017,    0.746328
2014-11-21 00:00:00,  513.198720,   24.375809,    0.748214
2014-11-22 00:00:00,  515.695680,   24.132102,    0.749868
2014-11-23 00:00:00,  518.192640,   23.413300,    0.751627
2014-11-24 00:00:00,  520.689600,   23.448857,    0.752668
2014-11-25 00:00:00,  523.333440,   23.700358,    0.754429
2014-11-26 00:00:00,  525.830400,   23.252424,    0.740526
2014-11-27 00:00:00,  528.327360,   23.753054,    0.739529
2014-11-28 00:00:00,  530.824320,   24.160507,    0.741324
2014-11-29 00:00:00,  533.321280,   24.938842,    0.743271
2014-11-30 00:00:00,  535.818240,   25.195651,    0.745650
2014-12-01 00:00:00,  538.902720,   24.352677,    0.747437
2014-12-02 00:00:00,  541.987200,   24.331446,    0.748741
2014-12-03 00:00:00,  544.337280,   24.637705,    0.750853
2014-12-04 00:00:00,  546.834240,   24.737212,    0.753080
2014-12-05 00:00:00,  549.331200,   23.402087,    0.753368
2014-12-06 00:00:00,  551.681280,   23.699706,    0.753045
2014-12-07 00:00:00,  554.178240,   25.007879,    0.756634
2014-12-08 00:00:00,  556.675200,   24.031473,    0.758964
2014-12-09 00:00:00,  559.025280,   23.230923,    0.760679
2014-12-10 00:00:00,  561.375360,   23.650316,    0.761525
2014-12-11 00:00:00,  563.725440,   24.849598,    0.763967
2014-12-12 00:00:00,  566.075520,   23.968424,    0.766724
2014-12-13 00:00:00,  568.425600,   23.704955,    0.768886
2014-12-14 00:00:00,  570.775680,   23.763938,    0.770947
2014-12-15 00:00:00,  573.125760,   23.753073,    0.773082
2014-12-16 00:00:00,  575.475840,   24.053584,    0.774258
2014-12-17 00:00:00,  577.825920,   23.824269,    0.776647
2014-12-18 00:00:00,  580.029120,   24.499764,    0.778085
2014-12-19 00:00:00,  582.232320,   24.650357,    0.778370
2014-12-20 00:00:00,  584.582400,   25.130703,    0.783820
2014-12-21 00:00:00,  586.785600,   25.165836,    0.786210
2014-12-22 00:00:00,  588.988800,   25.575422,    0.788299
2014-12-23 00:00:00,  591.192000,   25.223010,    0.788650
2014-12-24 00:00:00,  593.248320,   25.240318,    0.791532
2014-12-25 00:00:00,  595.304640,   25.670788,    0.794312
2014-12-26 00:00:00,  597.360960,   25.912332,    0.795806
2014-12-27 00:00:00,  599.417280,   26.293130,    0.797217
2014-12-28 00:00:00,  601.473600,   26.345083,    0.799576
2014-12-29 00:00:00,  603.529920,   27.106563,    0.801013
2014-12-30 00:00:00,  605.586240,   27.310117,    0.803259
2014-12-31 00:00:00,  607.495680,   26.861786,    0.804751
2015-01-01 00:00:00,  608.817600,   26.776553,    0.806585
2015-01-02 00:00:00,  610.286400,   25.212387,    0.806543
2015-01-03 00:00:00,  612.195840,   25.357213,    0.806132
2015-01-04 00:00:00,  613.958400,   26.274274,    0.808343
2015-01-05 00:00:00,  615.867840,   27.494903,    0.809495
2015-01-06 00:00:00,  617.777280,   27.697387,    0.811870
2015-01-07 00:00:00,  619.539840,   26.792808,    0.814249
2015-01-08 00:00:00,  621.302400,   26.018325,    0.816388
2015-01-09 00:00:00,  622.918080,   25.526117,    0.816916
2015-01-10 00:00:00,  624.533760,   26.018879,    0.819202
2015-01-11 00:00:00,  626.296320,   26.158805,    0.820724
2015-01-12 00:00:00,  627.912000,   26.890686,    0.822303
2015-01-13 00:00:00,  629.380800,   26.922032,    0.822425
2015-01-14 00:00:00,  630.849600,   28.016479,    0.826874
2015-01-15 00:00:00,  632.465280,   26.824827,    0.826983
2015-01-16 00:00:00,  634.080960,   26.990375,    0.827615
2015-01-17 00:00:00,  635.402880,   27.415705,    0.829804
2015-01-18 00:00:00,  636.724800,   27.663039,    0.829876
2015-01-19 00:00:00,  638.193600,   28.303780,    0.831895
2015-01-20 00:00:00,  639.515520,   29.094133,    0.833279
2015-01-21 00:00:00,  640.837440,   28.656718,    0.837479
2015-01-22 00:00:00,  642.159360,   26.682729,    0.837569
2015-01-23 00:00:00,  643.334400,   26.201570,    0.837892
2015-01-24 00:00:00,  644.509440,   25.533024,    0.835750
2015-01-25 00:00:00,  645.684480,   26.156982,    0.838232
2015-01-26 00:00:00,  646.712640,   26.470399,    0.839595
2015-01-27 00:00:00,  647.740800,   27.169561,    0.842389
2015-01-28 00:00:00,  648.768960,   28.485023,    0.845079
2015-01-29 00:00:00,  649.797120,   28.632398,    0.847634
2015-01-30 00:00:00,  650.825280,   28.999062,    0.849583
2015-01-31 00:00:00,  651.706560,   27.555659,    0.851303
2015-02-01 00:00:00,  652.294080,   27.551217,    0.853738
2015-02-02 00:00:00,  652.881600,   27.588398,    0.841104
2015-02-03 00:00:00,  653.762880,   28.055232,    0.847201
2015-02-04 00:00:00,  654.497280,   29.098729,    0.848740
2015-02-05 00:00:00,  655.084800,   29.096085,    0.850612
2015-02-06 00:00:00,  655.819200,   27.988711,    0.852018
2015-02-07 00:00:00,  656.553600,   28.005422,    0.852747
2015-02-08 00:00:00,  657.141120,   28.767752,    0.853941
2015-02-09 00:00:00,  657.728640,   28.683087,    0.856697
2015-02-10 00:00:00,  658.169280,   28.327007,    0.858511
2015-02-11 00:00:00,  658.609920,   28.402769,    0.858479
2015-02-12 00:00:00,  659.050560,   27.946037,    0.858831
2015-02-13 00:00:00,  659.344320,   27.294111,    0.860112
2015-02-14 00:00:00,  659.784960,   26.059812,    0.859400
2015-02-15 00:00:00,  660.078720,   26.017555,    0.857973
2015-02-16 00:00:00,  660.225600,   26.072325,    0.858489
2015-02-17 00:00:00,  660.519360,   25.673215,    0.859410
2015-02-18 00:00:00,  660.666240,   26.698685,    0.860260
2015-02-19 00:00:00,  660.813120,   26.535142,    0.862464
2015-02-20 00:00:00,  660.960000,   26.161479,    0.863676
2015-02-21 00:00:00,  660.960000,   26.016123,    0.865019
2015-02-22 00:00:00,  660.960000,   25.478106,    0.866051
2015-02-23 00:00:00,  660.960000,   25.642175,    0.861088
2015-02-24 00:00:00,  660.813120,   27.118118,    0.864176
2015-02-25 00:00:00,  660.666240,   27.905744,    0.865136
2015-02-26 00:00:00,  660.519360,   28.824839,    0.866664
2015-02-27 00:00:00,  660.225600,   27.343749,    0.869313
2015-02-28 00:00:00,  659.931840,   26.757171,    0.870772
2015-03-01 00:00:00,  659.197440,   25.979515,    0.869349
2015-03-02 00:00:00,  658.316160,   25.562151,    0.869893
2015-03-03 00:00:00,  657.728640,   25.617743,    0.870465
2015-03-04 00:00:00,  657.141120,   25.995806,    0.871751
2015-03-05 00:00:00,  656.553600,   26.165799,    0.873481
2015-03-06 00:00:00,  655.966080,   26.598571,    0.875711
2015-03-07 00:00:00,  655.378560,   26.584112,    0.877002
2015-03-08 00:00:00,  654.644160,   26.538396,    0.878967
2015-03-09 00:00:00,  653.909760,   26.654372,    0.880186
2015-03-10 00:00:00,  653.175360,   26.295891,    0.881390
2015-03-11 00:00:00,  652.294080,   26.306031,    0.881695
2015-03-12 00:00:00,  651.412800,   26.938964,    0.883133
2015-03-13 00:00:00,  650.531520,   25.815195,    0.881859
2015-03-14 00:00:00,  649.503360,   25.121781,    0.867694
2015-03-15 00:00:00,  648.475200,   25.475369,    0.867779
2015-03-16 00:00:00,  647.447040,   25.197115,    0.868610
2015-03-17 00:00:00,  646.418880,   25.113466,    0.869149
2015-03-18 00:00:00,  645.390720,   24.493791,    0.865109
2015-03-19 00:00:00,  644.215680,   24.456330,    0.864833
2015-03-20 00:00:00,  643.040640,   24.607639,    0.865847
2015-03-21 00:00:00,  641.718720,   23.934921,    0.866124
2015-03-22 00:00:00,  640.396800,   23.250635,    0.867374
2015-03-23 00:00:00,  639.221760,   22.860092,    0.865294
2015-03-24 00:00:00,  637.899840,   22.504267,    0.866088
2015-03-25 00:00:00,  636.431040,   22.547166,    0.864853
2015-03-26 00:00:00,  634.962240,   22.718394,    0.865314
2015-03-27 00:00:00,  633.493440,   23.182716,    0.866910
2015-03-28 00:00:00,  632.024640,   23.226177,    0.868178
2015-03-29 00:00:00,  630.555840,   23.677425,    0.868800
2015-03-30 00:00:00,  629.087040,   23.018702,    0.869598
2015-03-31 00:00:00,  627.471360,   23.104141,    0.869901
2015-04-01 00:00:00,  626.296320,   23.011908,    0.870804
2015-04-02 00:00:00,  625.121280,   22.868206,    0.871048
2015-04-03 00:00:00,  623.358720,   23.316704,    0.872103
2015-04-04 00:00:00,  621.596160,   22.673088,    0.872482
2015-04-05 00:00:00,  619.833600,   22.796808,    0.873559
2015-04-06 00:00:00,  618.071040,   21.759296,    0.869785
2015-04-07 00:00:00,  616.308480,   20.856051,    0.854306
2015-04-08 00:00:00,  614.545920,   20.687989,    0.854021
2015-04-09 00:00:00,  612.783360,   20.490121,    0.835425
2015-04-10 00:00:00,  610.873920,   20.677428,    0.832925
2015-04-11 00:00:00,  608.964480,   20.754244,    0.833038
2015-04-12 00:00:00,  607.055040,   20.356612,    0.831981
2015-04-13 00:00:00,  604.998720,   21.127267,    0.831832
2015-04-14 00:00:00,  602.942400,   20.680492,    0.833055
2015-04-15 00:00:00,  600.886080,   20.225753,    0.833206
2015-04-16 00:00:00,  598.829760,   20.320696,    0.832418
2015-04-17 00:00:00,  596.773440,   20.378130,    0.833436
2015-04-18 00:00:00,  594.717120,   20.485837,    0.833509
2015-04-19 00:00:00,  592.660800,   20.632531,    0.834986
2015-04-20 00:00:00,  590.457600,   20.686203,    0.834892
2015-04-21 00:00:00,  588.254400,   21.066680,    0.836340
2015-04-22 00:00:00,  586.198080,   21.231021,    0.837164
2015-04-23 00:00:00,  583.994880,   20.680474,    0.837857
2015-04-24 00:00:00,  581.644800,   19.805457,    0.837288
2015-04-25 00:00:00,  579.441600,   19.692577,    0.837595
2015-04-26 00:00:00,  577.238400,   19.548586,    0.837699
2015-04-27 00:00:00,  574.888320,   19.436887,    0.838037
2015-04-28 00:00:00,  572.538240,   19.432487,    0.838284
2015-04-29 00:00:00,  570.188160,   19.500993,    0.838666
2015-04-30 00:00:00,  567.838080,   19.149343,    0.833976
2015-05-01 00:00:00,  565.047360,   19.098970,    0.835510
2015-05-02 00:00:00,  562.109760,   18.824417,    0.835423
2015-05-03 00:00:00,  559.612800,   18.539359,    0.833314
2015-05-04 00:00:00,  557.262720,   17.800751,    0.833217
2015-05-05 00:00:00,  554.912640,   17.724572,    0.834050
2015-05-06 00:00:00,  552.415680,   17.889856,    0.834187
2015-05-07 00:00:00,  549.918720,   17.935402,    0.834639
2015-05-08 00:00:00,  547.568640,   18.207351,    0.835076
2015-05-09 00:00:00,  545.071680,   18.270680,    0.835270
2015-05-10 00:00:00,  542.574720,   18.263970,    0.835446
2015-05-11 00:00:00,  540.077760,   18.416756,    0.835513
2015-05-12 00:00:00,  537.580800,   18.326299,    0.836579
2015-05-13 00:00:00,  535.083840,   18.060906,    0.837160
2015-05-14 00:00:00,  532.586880,   18.022870,    0.837394
2015-05-15 00:00:00,  530.089920,   17.459139,    0.838138
2015-05-16 00:00:00,  527.592960,   16.924840,    0.837082
2015-05-17 00:00:00,  525.096000,   16.699241,    0.818904
2015-05-18 00:00:00,  522.599040,   16.574170,    0.818658
2015-05-19 00:00:00,  520.102080,   16.345669,    0.819049
2015-05-20 00:00:00,  517.458240,   16.154312,    0.819503
2015-05-21 00:00:00,  514.961280,   15.989086,    0.819944
2015-05-22 00:00:00,  512.464320,   16.187178,    0.820119
2015-05-23 00:00:00,  509.967360,   16.469678,    0.820255
2015-05-24 00:00:00,  507.470400,   16.247088,    0.820395
2015-05-25 00:00:00,  504.826560,   16.483051,    0.820854
2015-05-26 00:00:00,  502.329600,   16.728426,    0.821676
2015-05-27 00:00:00,  499.832640,   16.554854,    0.822302
2015-05-28 00:00:00,  497.335680,   16.233918,    0.822492
2015-05-29 00:00:00,  494.838720,   16.119488,    0.822263
2015-05-30 00:00:00,  492.341760,   16.291732,    0.822607
2015-05-31 00:00:00,  489.844800,   16.136028,    0.822353
2015-06-01 00:00:00,  488.082240,   15.603162,    0.822943
2015-06-02 00:00:00,  486.319680,   15.625496,    0.819136
2015-06-03 00:00:00,  483.822720,   15.863313,    0.819316
2015-06-04 00:00:00,  481.325760,   16.138731,    0.819412
2015-06-05 00:00:00,  478.828800,   16.337501,    0.819444
2015-06-06 00:00:00,  476.478720,   17.033327,    0.817417
2015-06-07 00:00:00,  473.981760,   16.904346,    0.817829
2015-06-08 00:00:00,  471.484800,   16.886725,    0.818725
2015-06-09 00:00:00,  469.134720,   16.461887,    0.819570
2015-06-10 00:00:00,  466.784640,   16.619059,    0.820417
2015-06-11 00:00:00,  464.434560,   16.250199,    0.820400
2015-06-12 00:00:00,  462.084480,   16.157518,    0.814826
2015-06-13 00:00:00,  459.734400,   16.016468,    0.815237
2015-06-14 00:00:00,  457.384320,   15.973098,    0.815927
2015-06-15 00:00:00,  455.034240,   15.999233,    0.816272
2015-06-16 00:00:00,  452.684160,   15.602744,    0.816262
2015-06-17 00:00:00,  450.334080,   15.376987,    0.816817
2015-06-18 00:00:00,  448.130880,   15.453937,    0.805133
2015-06-19 00:00:00,  445.927680,   15.715667,    0.791793
2015-06-20 00:00:00,  443.577600,   16.062794,    0.791773
2015-06-21 00:00:00,  441.374400,   15.421728,    0.787919
2015-06-22 00:00:00,  439.318080,   15.090840,    0.789732
2015-06-23 00:00:00,  437.114880,   15.138208,    0.790215
2015-06-24 00:00:00,  434.911680,   14.891786,    0.790428
2015-06-25 00:00:00,  432.855360,   14.866140,    0.790317
2015-06-26 00:00:00,  430.799040,   15.054822,    0.790998
2015-06-27 00:00:00,  428.742720,   14.863073,    0.790885
2015-06-28 00:00:00,  426.686400,   14.697788,    0.791168
2015-06-29 00:00:00,  424.630080,   14.779990,    0.791210
2015-06-30 00:00:00,  422.573760,   14.768705,    0.791653
2015-07-01 00:00:00,  420.223680,   14.653325,    0.791755
2015-07-02 00:00:00,  417.873600,   14.795352,    0.791453
2015-07-03 00:00:00,  415.964160,   15.019758,    0.791377
2015-07-04 00:00:00,  414.201600,   15.336756,    0.791375
2015-07-05 00:00:00,  412.292160,   15.518685,    0.791403
2015-07-06 00:00:00,  410.382720,   15.365812,    0.791900
2015-07-07 00:00:00,  408.620160,   15.306394,    0.790075
2015-07-08 00:00:00,  406.857600,   14.770853,    0.790917
2015-07-09 00:00:00,  405.241920,   14.743895,    0.791796
2015-07-10 00:00:00,  403.626240,   14.772635,    0.790392
2015-07-11 00:00:00,  401.863680,   14.662708,    0.791264
2015-07-12 00:00:00,  400.248000,   14.491254,    0.791487
2015-07-13 00:00:00,  398.779200,   14.303555,    0.791756
2015-07-14 00:00:00,  397.163520,   14.193840,    0.791710
2015-07-15 00:00:00,  395.547840,   14.175338,    0.791946
2015-07-16 00:00:00,  394.079040,   13.939770,    0.792332
2015-07-17 00:00:00,  392.757120,   13.858426,    0.790213
2015-07-18 00:00:00,  391.435200,   14.123489,    0.788024
2015-07-19 00:00:00,  389.966400,   14.006100,    0.787765
2015-07-20 00:00:00,  388.644480,   14.132692,    0.786042
2015-07-21 00:00:00,  387.322560,   14.152634,    0.784974
2015-07-22 00:00:00,  386.000640,   13.973096,    0.783908
2015-07-23 00:00:00,  384.825600,   13.974082,    0.782194
2015-07-24 00:00:00,  383.650560,   14.409884,    0.782583
2015-07-25 00:00:00,  382.475520,   14.550635,    0.782949
2015-07-26 00:00:00,  381.447360,   14.383487,    0.782862
2015-07-27 00:00:00,  380.419200,   14.604413,    0.783761
2015-07-28 00:00:00,  379.391040,   14.131384,    0.780679
2015-07-29 00:00:00,  378.362880,   14.242300,    0.780763
2015-07-30 00:00:00,  377.334720,   14.456258,    0.770562
2015-07-31 00:00:00,  376.453440,   14.634710,    0.770145
2015-08-01 00:00:00,  375.865920,   14.673774,    0.770811
2015-08-02 00:00:00,  375.278400,   14.700107,    0.770951
2015-08-03 00:00:00,  374.397120,   14.741151,    0.771264
2015-08-04 00:00:00,  373.662720,   14.614207,    0.771792
2015-08-05 00:00:00,  372.928320,   14.540814,    0.772341
2015-08-06 00:00:00,  372.193920,   14.326541,    0.772887
2015-08-07 00:00:00,  371.606400,   14.407565,    0.767133
2015-08-08 00:00:00,  371.018880,   13.913813,    0.769130
2015-08-09 00:00:00,  370.431360,   13.957869,    0.767046
2015-08-10 00:00:00,  369.990720,   13.948946,    0.768614
2015-08-11 00:00:00,  369.550080,   14.111127,    0.768890
2015-08-12 00:00:00,  369.109440,   14.047321,    0.768857
2015-08-13 00:00:00,  368.815680,   14.237757,    0.768857
2015-08-14 00:00:00,  368.375040,   14.656549,    0.768936
2015-08-15 00:00:00,  368.081280,   15.081299,    0.769085
2015-08-16 00:00:00,  367.934400,   15.396924,    0.769282
2015-08-17 00:00:00,  367.640640,   16.657110,    0.769180
2015-08-18 00:00:00,  367.493760,   16.727975,    0.770225
2015-08-19 00:00:00,  367.346880,   15.770505,    0.767140
2015-08-20 00:00:00,  367.200000,   15.622335,    0.766976
2015-08-21 00:00:00,  367.200000,   14.934918,    0.758650
2015-08-22 00:00:00,  367.200000,   14.906517,    0.751813
2015-08-23 00:00:00,  367.200000,   15.166303,    0.753189
2015-08-24 00:00:00,  367.346880,   15.177965,    0.754749
2015-08-25 00:00:00,  367.493760,   15.336936,    0.755008
2015-08-26 00:00:00,  367.640640,   15.225347,    0.755680
2015-08-27 00:00:00,  367.934400,   15.492527,    0.756256
2015-08-28 00:00:00,  368.228160,   15.821735,    0.755436
2015-08-29 00:00:00,  368.521920,   16.732144,    0.708644
2015-08-30 00:00:00,  368.815680,   16.463453,    0.717695
2015-08-31 00:00:00,  369.256320,   15.796077,    0.717753
2015-09-01 00:00:00,  369.550080,   15.538577,    0.720281
2015-09-02 00:00:00,  369.843840,   15.408802,    0.722326
2015-09-03 00:00:00,  370.431360,   15.439189,    0.723599
2015-09-04 00:00:00,  371.018880,   16.031783,    0.716823
2015-09-05 00:00:00,  371.606400,   16.027582,    0.718463
2015-09-06 00:00:00,  372.193920,   16.381530,    0.719377
2015-09-07 00:00:00,  372.781440,   16.991683,    0.719858
2015-09-08 00:00:00,  373.515840,   16.818843,    0.719968
2015-09-09 00:00:00,  374.250240,   18.352455,    0.721539
2015-09-10 00:00:00,  374.984640,   17.291841,    0.720441
2015-09-11 00:00:00,  375.865920,   17.653655,    0.720092
2015-09-12 00:00:00,  376.747200,   17.041077,    0.715953
2015-09-13 00:00:00,  377.628480,   17.383120,    0.717276
2015-09-14 00:00:00,  378.656640,   16.997406,    0.718604
2015-09-15 00:00:00,  379.684800,   16.846231,    0.719312
2015-09-16 00:00:00,  380.712960,   17.358358,    0.720620
2015-09-17 00:00:00,  381.741120,   17.581216,    0.720778
2015-09-18 00:00:00,  382.769280,   18.791904,    0.722394
2015-09-19 00:00:00,  383.944320,   18.421366,    0.723645
2015-09-20 00:00:00,  385.119360,   18.099581,    0.724171
2015-09-21 00:00:00,  386.441280,   18.476580,    0.724369
2015-09-22 00:00:00,  387.763200,   18.889567,    0.726587
2015-09-23 00:00:00,  389.085120,   19.086794,    0.726891
2015-09-24 00:00:00,  390.407040,   20.014571,    0.728558
2015-09-25 00:00:00,  391.728960,   20.704375,    0.730424
2015-09-26 00:00:00,  393.197760,   20.676523,    0.731866
2015-09-27 00:00:00,  394.666560,   20.779479,    0.733198
2015-09-28 00:00:00,  396.135360,   21.317701,    0.733949
2015-09-29 00:00:00,  397.604160,   21.495487,    0.734092
2015-09-30 00:00:00,  399.219840,   22.064090,    0.735338
2015-10-01 00:00:00,  401.129280,   22.725447,    0.736253
2015-10-02 00:00:00,  403.038720,   23.300239,    0.738017
2015-10-03 00:00:00,  404.801280,   23.363076,    0.738200
2015-10-04 00:00:00,  406.563840,   22.281670,    0.739444
2015-10-05 00:00:00,  408.326400,   20.282629,    0.739751
2015-10-06 00:00:00,  410.088960,   20.559132,    0.740118
2015-10-07 00:00:00,  411.851520,   20.432328,    0.741775
2015-10-08 00:00:00,  413.614080,   21.338412,    0.744486
2015-10-09 00:00:00,  415.523520,   22.267795,    0.745368
2015-10-10 00:00:00,  417.432960,   23.093275,    0.746538
2015-10-11 00:00:00,  419.342400,   23.614630,    0.747906
2015-10-12 00:00:00,  421.251840,   24.383377,    0.748892
2015-10-13 00:00:00,  423.161280,   24.948943,    0.750387
2015-10-14 00:00:00,  425.217600,   22.892828,    0.749893
2015-10-15 00:00:00,  427.273920,   22.523317,    0.751432
2015-10-16 00:00:00,  429.330240,   22.703319,    0.752834
2015-10-17 00:00:00,  431.386560,   22.900906,    0.754007
2015-10-18 00:00:00,  433.442880,   22.144510,    0.748080
2015-10-19 00:00:00,  435.499200,   22.503231,    0.749440
2015-10-20 00:00:00,  437.702400,   22.900094,    0.750463
2015-10-21 00:00:00,  439.905600,   23.915886,    0.751899
2015-10-22 00:00:00,  442.108800,   23.556941,    0.753169
2015-10-23 00:00:00,  444.312000,   23.254077,    0.754996
2015-10-24 00:00:00,  446.515200,   22.834030,    0.755636
2015-10-25 00:00:00,  448.865280,   23.131529,    0.757738
2015-10-26 00:00:00,  451.068480,   22.939871,    0.757484
2015-10-27 00:00:00,  453.271680,   23.099220,    0.760193
2015-10-28 00:00:00,  455.621760,   24.410927,    0.760849
2015-10-29 00:00:00,  457.971840,   24.556905,    0.761012
2015-10-30 00:00:00,  460.321920,   25.263936,    0.764009
2015-10-31 00:00:00,  462.672000,   25.377055,    0.765699
2015-11-01 00:00:00,  464.434560,   25.502745,    0.765727
2015-11-02 00:00:00,  466.197120,   25.454518,    0.739478
2015-11-03 00:00:00,  468.547200,   25.636345,    0.742914
2015-11-04 00:00:00,  470.897280,   26.047297,    0.745148
2015-11-05 00:00:00,  473.247360,   25.720277,    0.746379
2015-11-06 00:00:00,  475.744320,   24.209556,    0.746315
2015-11-07 00:00:00,  478.241280,   22.913960,    0.748902
2015-11-08 00:00:00,  480.591360,   23.300473,    0.751146
2015-11-09 00:00:00,  483.088320,   24.283259,    0.753073
2015-11-10 00:00:00,  485.585280,   24.570919,    0.754510
2015-11-11 00:00:00,  488.082240,   25.250845,    0.756656
2015-11-12 00:00:00,  490.579200,   25.498861,    0.758236
2015-11-13 00:00:00,  493.076160,   26.522767,    0.760833
2015-11-14 00:00:00,  495.573120,   27.371108,    0.762356
2015-11-15 00:00:00,  498.070080,   27.223751,    0.764973
2015-11-16 00:00:00,  500.567040,   27.768672,    0.766466
2015-11-17 00:00:00,  503.064000,   25.933306,    0.767143
2015-11-18 00:00:00,  505.560960,   24.453604,    0.768514
2015-11-19 00:00:00,  508.057920,   24.003608,    0.770957
2015-11-20 00:00:00,  510.701760,   24.194708,    0.771726
2015-11-21 00:00:00,  513.198720,   24.641246,    0.773894
2015-11-22 00:00:00,  515.695680,   24.263067,    0.774707
2015-11-23 00:00:00,  518.192640,   25.244099,    0.776808
2015-11-24 00:00:00,  520.689600,   24.972441,    0.781107
2015-11-25 00:00:00,  523.333440,   24.652241,    0.782650
2015-11-26 00:00:00,  525.830400,   24.594525,    0.783915
2015-11-27 00:00:00,  528.327360,   25.455752,    0.786494
2015-11-28 00:00:00,  530.824320,   25.273005,    0.789036
2015-11-29 00:00:00,  533.321280,   24.408045,    0.791338
2015-11-30 00:00:00,  535.818240,   23.734496,    0.792681
2015-12-01 00:00:00,  538.902720,   24.259372,    0.793342
2015-12-02 00:00:00,  541.987200,   24.139501,    0.793758
2015-12-03 00:00:00,  544.337280,   25.547474,    0.798041
2015-12-04 00:00:00,  546.834240,   24.070858,    0.800598
2015-12-05 00:00:00,  549.331200,   22.235942,    0.791026
2015-12-06 00:00:00,  551.681280,   21.814895,    0.790732
2015-12-07 00:00:00,  554.178240,   22.372535,    0.792380
2015-12-08 00:00:00,  556.675200,   23.410767,    0.793749
2015-12-09 00:00:00,  559.025280,   23.983625,    0.796210
2015-12-10 00:00:00,  561.375360,   23.966666,    0.797965
2015-12-11 00:00:00,  563.725440,   24.563849,    0.800698
2015-12-12 00:00:00,  566.075520,   23.917190,    0.802427
2015-12-13 00:00:00,  568.425600,   24.665055,    0.803554
2015-12-14 00:00:00,  570.775680,   24.765826,    0.804046
2015-12-15 00:00:00,  573.125760,   25.701515,    0.808752
2015-12-16 00:00:00,  575.475840,   25.436904,    0.811419
2015-12-17 00:00:00,  577.825920,   25.668579,    0.813454
2015-12-18 00:00:00,  580.029120,   25.423586,    0.815231
2015-12-19 00:00:00,  582.232320,   24.094854,    0.817117
2015-12-20 00:00:00,  584.582400,   24.602019,    0.817544
2015-12-21 00:00:00,  586.785600,   25.465973,    0.820616
2015-12-22 00:00:00,  588.988800,   26.322873,    0.822261
2015-12-23 00:00:00,  591.192000,   26.612861,    0.822618
2015-12-24 00:00:00,  593.248320,   25.359646,    0.826214
2015-12-25 00:00:00,  595.304640,   25.115620,    0.828256
2015-12-26 00:00:00,  597.360960,   25.291126,    0.829231
2015-12-27 00:00:00,  599.417280,   26.457357,    0.831155
2015-12-28 00:00:00,  601.473600,   27.354154,    0.834070
2015-12-29 00:00:00,  603.529920,   27.094755,    0.836218
2015-12-30 00:00:00,  605.586240,   25.946814,    0.837213
2015-12-31 00:00:00,  607.495680,   26.255044,    0.838859
2016-01-01 00:00:00,  608.817600,   26.212446,    0.841284
2016-01-02 00:00:00,  610.286400,   26.687812,    0.841307
2016-01-03 00:00:00,  612.195840,   27.690836,    0.842520
2016-01-04 00:00:00,  613.958400,   27.600270,    0.843900
2016-01-05 00:00:00,  615.867840,   28.105055,    0.843891
2016-01-06 00:00:00,  617.777280,   29.150007,    0.844061
2016-01-07 00:00:00,  619.539840,   30.234831,    0.850762
2016-01-08 00:00:00,  621.302400,   28.890083,    0.851617
2016-01-09 00:00:00,  622.918080,   29.434056,    0.853078
2016-01-10 00:00:00,  624.533760,   29.710075,    0.854790
2016-01-11 00:00:00,  626.296320,   29.492326,    0.856632
2016-01-12 00:00:00,  627.912000,   27.693121,    0.856357
2016-01-13 00:00:00,  629.380800,   27.125134,    0.856508
2016-01-14 00:00:00,  630.849600,   26.394976,    0.853530
2016-01-15 00:00:00,  632.465280,   27.497110,    0.858260
2016-01-16 00:00:00,  634.080960,   27.928560,    0.858353
2016-01-17 00:00:00,  635.402880,   26.216684,    0.860345
2016-01-18 00:00:00,  636.724800,   25.429447,    0.860698
2016-01-19 00:00:00,  638.193600,   24.615346,    0.852171
2016-01-20 00:00:00,  639.515520,   25.121752,    0.853295
2016-01-21 00:00:00,  640.837440,   24.207818,    0.853355
2016-01-22 00:00:00,  642.159360,   25.518253,    0.854285
2016-01-23 00:00:00,  643.334400,   26.686445,    0.856181
2016-01-24 00:00:00,  644.509440,   27.472837,    0.857315
2016-01-25 00:00:00,  645.684480,   28.944559,    0.859964
2016-01-26 00:00:00,  646.712640,   28.394695,    0.862426
2016-01-27 00:00:00,  647.740800,   27.701050,    0.864452
2016-01-28 00:00:00,  648.768960,   27.432309,    0.866792
2016-01-29 00:00:00,  649.797120,   27.448483,    0.869596
2016-01-30 00:00:00,  650.825280,   25.797171,    0.848615
2016-01-31 00:00:00,  651.706560,   24.298093,    0.848841
2016-02-01 00:00:00,  652.294080,   23.848887,    0.850808
2016-02-02 00:00:00,  652.881600,   24.131096,    0.850821
2016-02-03 00:00:00,  653.762880,   24.850258,    0.852359
2016-02-04 00:00:00,  654.497280,   25.080659,    0.853022
2016-02-05 00:00:00,  655.084800,   26.684896,    0.857175
2016-02-06 00:00:00,  655.819200,   26.803431,    0.859276
2016-02-07 00:00:00,  656.553600,   27.774419,    0.861089
2016-02-08 00:00:00,  657.141120,   28.210719,    0.862483
2016-02-09 00:00:00,  657.728640,   28.883664,    0.866981
2016-02-10 00:00:00,  658.169280,   29.140486,    0.866928
2016-02-11 00:00:00,  658.609920,   29.959746,    0.871317
2016-02-12 00:00:00,  659.050560,   28.122682,    0.872651
2016-02-13 00:00:00,  659.344320,   26.906291,    0.871161
2016-02-14 00:00:00,  659.784960,   26.526228,    0.873740
2016-02-15 00:00:00,  660.078720,   26.469856,    0.876227
2016-02-16 00:00:00,  660.225600,   25.990552,    0.876353
2016-02-17 00:00:00,  660.519360,   26.889131,    0.880060
2016-02-18 00:00:00,  660.666240,   26.446236,    0.882607
2016-02-19 00:00:00,  660.813120,   25.349572,    0.882958
2016-02-20 00:00:00,  660.960000,   26.238060,    0.882588
2016-02-21 00:00:00,  660.960000,   26.724619,    0.883948
2016-02-22 00:00:00,  660.960000,   25.941989,    0.878102
2016-02-23 00:00:00,  660.960000,   25.246452,    0.879800
2016-02-24 00:00:00,  660.813120,   24.374978,    0.880477
2016-02-25 00:00:00,  660.666240,   24.236169,    0.879502
2016-02-26 00:00:00,  660.519360,   24.537154,    0.880354
2016-02-27 00:00:00,  660.225600,   26.080458,    0.880230
2016-02-28 00:00:00,  659.931840,   26.672302,    0.883178
2016-02-29 00:00:00,  659.638080,   26.293819,    0.884460
2016-03-01 00:00:00,  659.050560,   25.456122,    0.885884
2016-03-02 00:00:00,  658.316160,   25.375117,    0.885754
2016-03-03 00:00:00,  657.728640,   24.925049,    0.887526
2016-03-04 00:00:00,  657.141120,   25.079495,    0.887458
2016-03-05 00:00:00,  656.553600,   25.406655,    0.888495
2016-03-06 00:00:00,  655.966080,   25.710013,    0.888867
2016-03-07 00:00:00,  655.378560,   25.888966,    0.891545
2016-03-08 00:00:00,  654.644160,   26.437749,    0.893277
2016-03-09 00:00:00,  653.909760,   27.447083,    0.895156
2016-03-10 00:00:00,  653.175360,   26.310957,    0.896448
2016-03-11 00:00:00,  652.294080,   26.143287,    0.897414
2016-03-12 00:00:00,  651.412800,   26.474389,    0.899140
2016-03-13 00:00:00,  650.531520,   26.970014,    0.901011
2016-03-14 00:00:00,  649.503360,   27.510267,    0.902792
2016-03-15 00:00:00,  648.475200,   27.019991,    0.904059
2016-03-16 00:00:00,  647.447040,   25.376902,    0.904084
2016-03-17 00:00:00,  646.418880,   24.767347,    0.903712
2016-03-18 00:00:00,  645.390720,   25.172139,    0.901421
2016-03-19 00:00:00,  644.215680,   25.217675,    0.902686
2016-03-20 00:00:00,  643.040640,   25.998114,    0.903880
2016-03-21 00:00:00,  641.718720,   25.637649,    0.904323
2016-03-22 00:00:00,  640.396800,   25.257434,    0.905764
2016-03-23 00:00:00,  639.221760,   23.598820,    0.873984
2016-03-24 00:00:00,  637.899840,   23.430965,    0.874973
2016-03-25 00:00:00,  636.431040,   24.077483,    0.875537
2016-03-26 00:00:00,  634.962240,   23.374336,    0.865933
2016-03-27 00:00:00,  633.493440,   23.162981,    0.868215
2016-03-28 00:00:00,  632.024640,   23.395729,    0.868346
2016-03-29 00:00:00,  630.555840,   23.656513,    0.868683
2016-03-30 00:00:00,  629.087040,   24.465891,    0.870002
2016-03-31 00:00:00,  627.471360,   24.227171,    0.870890
2016-04-01 00:00:00,  626.296320,   23.742246,    0.871264
2016-04-02 00:00:00,  625.121280,   23.891440,    0.871184
2016-04-03 00:00:00,  623.358720,   24.391256,    0.872259
2016-04-04 00:00:00,  621.596160,   23.801422,    0.873920
2016-04-05 00:00:00,  619.833600,   22.653916,    0.873741
2016-04-06 00:00:00,  618.071040,   22.325045,    0.872449
2016-04-07 00:00:00,  616.308480,   22.007977,    0.872550
2016-04-08 00:00:00,  614.545920,   21.850805,    0.873331
2016-04-09 00:00:00,  612.783360,   21.206423,    0.870828
2016-04-10 00:00:00,  610.873920,   21.565948,    0.868231
2016-04-11 00:00:00,  608.964480,   21.053696,    0.866647
2016-04-12 00:00:00,  607.055040,   21.369505,    0.867306
2016-04-13 00:00:00,  604.998720,   21.498766,    0.867687
2016-04-14 00:00:00,  602.942400,   21.553484,    0.868022
2016-04-15 00:00:00,  600.886080,   21.563539,    0.868092
2016-04-16 00:00:00,  598.829760,   21.504454,    0.868961
2016-04-17 00:00:00,  596.773440,   21.431365,    0.864485
2016-04-18 00:00:00,  594.717120,   21.282279,    0.849899
2016-04-19 00:00:00,  592.660800,   21.503345,    0.857395
2016-04-20 00:00:00,  590.457600,   21.827937,    0.858786
2016-04-21 00:00:00,  588.254400,   21.801322,    0.859426
2016-04-22 00:00:00,  586.198080,   21.402238,    0.860103
2016-04-23 00:00:00,  583.994880,   21.541352,    0.860740
2016-04-24 00:00:00,  581.644800,   21.085134,    0.860822
2016-04-25 00:00:00,  579.441600,   20.881495,    0.848674
2016-04-26 00:00:00,  577.238400,   19.872759,    0.850301
2016-04-27 00:00:00,  574.888320,   19.602423,    0.848760
2016-04-28 00:00:00,  572.538240,   19.155890,    0.846633
2016-04-29 00:00:00,  570.188160,   19.030193,    0.845925
2016-04-30 00:00:00,  567.838080,   18.719376,    0.846201
2016-05-01 00:00:00,  565.047360,   18.771814,    0.846255
2016-05-02 00:00:00,  562.109760,   18.922936,    0.846682
2016-05-03 00:00:00,  559.612800,   19.060417,    0.847200
2016-05-04 00:00:00,  557.262720,   18.980078,    0.847439
2016-05-05 00:00:00,  554.912640,   19.003031,    0.847453
2016-05-06 00:00:00,  552.415680,   18.845236,    0.842214
2016-05-07 00:00:00,  549.918720,   18.103116,    0.840476
2016-05-08 00:00:00,  547.568640,   17.938563,    0.841066
2016-05-09 00:00:00,  545.071680,   18.017254,    0.841072
2016-05-10 00:00:00,  542.574720,   18.064819,    0.841308
2016-05-11 00:00:00,  540.077760,   18.304784,    0.842089
2016-05-12 00:00:00,  537.580800,   18.084156,    0.842057
2016-05-13 00:00:00,  535.083840,   18.192549,    0.842803
2016-05-14 00:00:00,  532.586880,   18.469822,    0.843325
2016-05-15 00:00:00,  530.089920,   18.096003,    0.843002
2016-05-16 00:00:00,  527.592960,   18.315479,    0.843760
2016-05-17 00:00:00,  525.096000,   18.006727,    0.843819
2016-05-18 00:00:00,  522.599040,   18.067964,    0.843777
2016-05-19 00:00:00,  520.102080,   17.961688,    0.836278
2016-05-20 00:00:00,  517.458240,   17.896635,    0.842190
2016-05-21 00:00:00,  514.961280,   17.034225,    0.833844
2016-05-22 00:00:00,  512.464320,   16.783573,    0.836625
2016-05-23 00:00:00,  509.967360,   16.876116,    0.842711
2016-05-24 00:00:00,  507.470400,   16.893361,    0.835703
2016-05-25 00:00:00,  504.826560,   16.793594,    0.836119
2016-05-26 00:00:00,  502.329600,   16.635976,    0.835301
2016-05-27 00:00:00,  499.832640,   16.592389,    0.835706
2016-05-28 00:00:00,  497.335680,   16.540610,    0.832055
2016-05-29 00:00:00,  494.838720,   16.666789,    0.832566
2016-05-30 00:00:00,  492.341760,   16.649260,    0.833048
2016-05-31 00:00:00,  489.844800,   16.431622,    0.833047
2016-06-01 00:00:00,  488.082240,   16.411167,    0.833652
2016-06-02 00:00:00,  486.319680,   16.094674,    0.833699
2016-06-03 00:00:00,  483.822720,   16.238579,    0.833874
2016-06-04 00:00:00,  481.325760,   16.084734,    0.833183
2016-06-05 00:00:00,  478.828800,   16.011871,    0.833651
2016-06-06 00:00:00,  476.478720,   15.655114,    0.828763
2016-06-07 00:00:00,  473.981760,   15.167738,    0.824985
2016-06-08 00:00:00,  471.484800,   14.970608,    0.825374
2016-06-09 00:00:00,  469.134720,   14.785740,    0.825040
2016-06-10 00:00:00,  466.784640,   15.048630,    0.824059
2016-06-11 00:00:00,  464.434560,   14.838999,    0.824349
2016-06-12 00:00:00,  462.084480,   14.857189,    0.824703
2016-06-13 00:00:00,  459.734400,   14.904162,    0.813068
2016-06-14 00:00:00,  457.384320,   14.842975,    0.813285
2016-06-15 00:00:00,  455.034240,   14.951820,    0.813372
2016-06-16 00:00:00,  452.684160,   14.995906,    0.813931
2016-06-17 00:00:00,  450.334080,   14.817377,    0.814047
2016-06-18 00:00:00,  448.130880,   14.664262,    0.814135
2016-06-19 00:00:00,  445.927680,   14.636524,    0.814002
2016-06-20 00:00:00,  443.577600,   14.629027,    0.814180
2016-06-21 00:00:00,  441.374400,   14.771347,    0.814289
2016-06-22 00:00:00,  439.318080,   14.579589,    0.814330
2016-06-23 00:00:00,  437.114880,   14.714058,    0.814413
2016-06-24 00:00:00,  434.911680,   14.554899,    0.814697
2016-06-25 00:00:00,  432.855360,   14.493135,    0.810866
2016-06-26 00:00:00,  430.799040,   14.419024,    0.811545
2016-06-27 00:00:00,  428.742720,   14.229679,    0.811633
2016-06-28 00:00:00,  426.686400,   14.187187,    0.811505
2016-06-29 00:00:00,  424.630080,   14.401956,    0.811830
2016-06-30 00:00:00,  422.573760,   14.494715,    0.811838
2016-07-01 00:00:00,  420.223680,   14.332245,    0.811978
2016-07-02 00:00:00,  417.873600,   14.306571,    0.812148
2016-07-03 00:00:00,  415.964160,   13.979893,    0.812510
2016-07-04 00:00:00,  414.201600,   13.746469,    0.812820
2016-07-05 00:00:00,  412.292160,   13.566047,    0.813140
2016-07-06 00:00:00,  410.382720,   13.452399,    0.813354
2016-07-07 00:00:00,  408.620160,   13.461792,    0.813526
2016-07-08 00:00:00,  406.857600,   13.483637,    0.810376
2016-07-09 00:00:00,  405.241920,   13.095909,    0.803675
2016-07-10 00:00:00,  403.626240,   13.082161,    0.800846
2016-07-11 00:00:00,  401.863680,   13.127320,    0.800978
2016-07-12 00:00:00,  400.248000,   13.137475,    0.801438
2016-07-13 00:00:00,  398.779200,   12.802974,    0.801442
2016-07-14 00:00:00,  397.163520,   12.698388,    0.801823
2016-07-15 00:00:00,  395.547840,   13.026204,    0.801959
2016-07-16 00:00:00,  394.079040,   13.335304,    0.801182
2016-07-17 00:00:00,  392.757120,   13.460942,    0.800495
2016-07-18 00:00:00,  391.435200,   13.544931,    0.800418
2016-07-19 00:00:00,  389.966400,   13.525677,    0.800419
2016-07-20 00:00:00,  388.644480,   13.358090,    0.800761
2016-07-21 00:00:00,  387.322560,   13.281427,    0.797212
2016-07-22 00:00:00,  386.000640,   13.823845,    0.797707
2016-07-23 00:00:00,  384.825600,   13.164766,    0.796712
2016-07-24 00:00:00,  383.650560,   13.299174,    0.796924
2016-07-25 00:00:00,  382.475520,   13.518160,    0.797344
2016-07-26 00:00:00,  381.447360,   13.569987,    0.797606
2016-07-27 00:00:00,  380.419200,   13.873923,    0.797635
2016-07-28 00:00:00,  379.391040,   14.282162,    0.798453
2016-07-29 00:00:00,  378.362880,   14.369373,    0.796460
2016-07-30 00:00:00,  377.334720,   14.147417,    0.797129
2016-07-31 00:00:00,  376.453440,   13.812770,    0.796741
2016-08-01 00:00:00,  375.865920,   13.763771,    0.796841
2016-08-02 00:00:00,  375.278400,   13.671221,    0.797468
2016-08-03 00:00:00,  374.397120,   13.166145,    0.796420
2016-08-04 00:00:00,  373.662720,   13.066723,    0.779799
2016-08-05 00:00:00,  372.928320,   13.163414,    0.789118
2016-08-06 00:00:00,  372.193920,   13.360638,    0.785536
2016-08-07 00:00:00,  371.606400,   13.237483,    0.784269
2016-08-08 00:00:00,  371.018880,   12.956229,    0.783336
2016-08-09 00:00:00,  370.431360,   12.936356,    0.782834
2016-08-10 00:00:00,  369.990720,   13.054668,    0.782150
2016-08-11 00:00:00,  369.550080,   13.207714,    0.780858
2016-08-12 00:00:00,  369.109440,   13.374990,    0.780915
2016-08-13 00:00:00,  368.815680,   13.627761,    0.780970
2016-08-14 00:00:00,  368.375040,   14.195346,    0.781870
2016-08-15 00:00:00,  368.081280,   14.091709,    0.773733
2016-08-16 00:00:00,  367.934400,   14.362996,    0.774667
2016-08-17 00:00:00,  367.640640,   13.753375,    0.769379
2016-08-18 00:00:00,  367.493760,   13.699335,    0.770151
2016-08-19 00:00:00,  367.346880,   13.497536,    0.762773
2016-08-20 00:00:00,  367.200000,   13.746051,    0.766695
2016-08-21 00:00:00,  367.200000,   13.528336,    0.765173
2016-08-22 00:00:00,  367.200000,   13.483250,    0.766818
2016-08-23 00:00:00,  367.200000,   13.840686,    0.767362
2016-08-24 00:00:00,  367.346880,   13.735659,    0.767858
2016-08-25 00:00:00,  367.493760,   14.134702,    0.768661
2016-08-26 00:00:00,  367.640640,   14.079104,    0.763234
2016-08-27 00:00:00,  367.934400,   14.018432,    0.757026
2016-08-28 00:00:00,  368.228160,   13.826031,    0.758211
2016-08-29 00:00:00,  368.521920,   14.064287,    0.758438
2016-08-30 00:00:00,  368.815680,   14.318273,    0.758442
2016-08-31 00:00:00,  369.256320,   14.457694,    0.752399
2016-09-01 00:00:00,  369.550080,   14.516984,    0.752624
2016-09-02 00:00:00,  369.843840,   14.817952,    0.752712
2016-09-03 00:00:00,  370.431360,   15.441767,    0.753685
2016-09-04 00:00:00,  371.018880,   16.106524,    0.754623
2016-09-05 00:00:00,  371.606400,   16.637962,    0.755092
2016-09-06 00:00:00,  372.193920,   16.305141,    0.754989
2016-09-07 00:00:00,  372.781440,   15.924163,    0.751723
2016-09-08 00:00:00,  373.515840,   15.980515,    0.751963
2016-09-09 00:00:00,  374.250240,   16.399491,    0.752126
2016-09-10 00:00:00,  374.984640,   17.210672,    0.753344
2016-09-11 00:00:00,  375.865920,   16.131198,    0.754361
2016-09-12 00:00:00,  376.747200,   15.762271,    0.754592
2016-09-13 00:00:00,  377.628480,   16.131247,    0.755587
2016-09-14 00:00:00,  378.656640,   16.425229,    0.756114
2016-09-15 00:00:00,  379.684800,   15.793134,    0.753258
2016-09-16 00:00:00,  380.712960,   16.221583,    0.754525
2016-09-17 00:00:00,  381.741120,   16.329282,    0.754615
2016-09-18 00:00:00,  382.769280,   15.757325,    0.749324
2016-09-19 00:00:00,  383.944320,   15.539213,    0.748805
2016-09-20 00:00:00,  385.119360,   16.001752,    0.748758
2016-09-21 00:00:00,  386.441280,   16.814740,    0.749367
2016-09-22 00:00:00,  387.763200,   16.365292,    0.744186
2016-09-23 00:00:00,  389.085120,   15.807466,    0.745714
2016-09-24 00:00:00,  390.407040,   16.422413,    0.745552
2016-09-25 00:00:00,  391.728960,   16.655879,    0.736432
2016-09-26 00:00:00,  393.197760,   16.564695,    0.737177
2016-09-27 00:00:00,  394.666560,   15.794802,    0.734338
2016-09-28 00:00:00,  396.135360,   15.888760,    0.736271
2016-09-29 00:00:00,  397.604160,   15.838152,    0.736302
2016-09-30 00:00:00,  399.219840,   16.602991,    0.737111
2016-10-01 00:00:00,  401.129280,   15.583329,    0.736078
2016-10-02 00:00:00,  403.038720,   16.022467,    0.737680
2016-10-03 00:00:00,  404.801280,   15.829367,    0.737031
2016-10-04 00:00:00,  406.563840,   16.560489,    0.737323
2016-10-05 00:00:00,  408.326400,   18.209558,    0.738131
2016-10-06 00:00:00,  410.088960,   19.009982,    0.738786
2016-10-07 00:00:00,  411.851520,   19.322868,    0.738992
2016-10-08 00:00:00,  413.614080,   18.596822,    0.732787
2016-10-09 00:00:00,  415.523520,   17.893733,    0.735276
2016-10-10 00:00:00,  417.432960,   18.043435,    0.736345
2016-10-11 00:00:00,  419.342400,   19.117157,    0.737354
2016-10-12 00:00:00,  421.251840,   19.094937,    0.737918
2016-10-13 00:00:00,  423.161280,   20.233413,    0.738475
2016-10-14 00:00:00,  425.217600,   20.038721,    0.739679
2016-10-15 00:00:00,  427.273920,   18.664620,    0.740929
2016-10-16 00:00:00,  429.330240,   19.490499,    0.741702
2016-10-17 00:00:00,  431.386560,   19.572593,    0.743129
2016-10-18 00:00:00,  433.442880,   19.568444,    0.743986
2016-10-19 00:00:00,  435.499200,   19.497524,    0.742800
2016-10-20 00:00:00,  437.702400,   19.088429,    0.744346
2016-10-21 00:00:00,  439.905600,   19.491682,    0.745109
2016-10-22 00:00:00,  442.108800,   19.631357,    0.745689
2016-10-23 00:00:00,  444.312000,   21.198357,    0.748324
2016-10-24 00:00:00,  446.515200,   21.319774,    0.749971
2016-10-25 00:00:00,  448.865280,   21.263301,    0.750933
2016-10-26 00:00:00,  451.068480,   22.307757,    0.752069
2016-10-27 00:00:00,  453.271680,   22.404604,    0.752182
2016-10-28 00:00:00,  455.621760,   22.731083,    0.753695
2016-10-29 00:00:00,  457.971840,   21.701907,    0.755079
2016-10-30 00:00:00,  460.321920,   21.409219,    0.756631
2016-10-31 00:00:00,  462.672000,   20.966062,    0.757386
2016-11-01 00:00:00,  464.434560,   21.304563,    0.758919
2016-11-02 00:00:00,  466.197120,   21.997825,    0.760267
2016-11-03 00:00:00,  468.547200,   21.870591,    0.760696
2016-11-04 00:00:00,  470.897280,   22.764253,    0.762415
2016-11-05 00:00:00,  473.247360,   23.767756,    0.764197
2016-11-06 00:00:00,  475.744320,   23.746766,    0.768217
2016-11-07 00:00:00,  478.241280,   22.878886,    0.770136
2016-11-08 00:00:00,  480.591360,   22.674738,    0.771524
2016-11-09 00:00:00,  483.088320,   22.758333,    0.771861
2016-11-10 00:00:00,  485.585280,   22.062355,    0.771130
2016-11-11 00:00:00,  488.082240,   22.131460,    0.772687
2016-11-12 00:00:00,  490.579200,   22.691962,    0.773924
2016-11-13 00:00:00,  493.076160,   22.708413,    0.773978
2016-11-14 00:00:00,  495.573120,   23.323905,    0.776539
2016-11-15 00:00:00,  498.070080,   24.740224,    0.779675
2016-11-16 00:00:00,  500.567040,   22.454111,    0.745890
2016-11-17 00:00:00,  503.064000,   22.894092,    0.749330
2016-11-18 00:00:00,  505.560960,   23.893017,    0.750993
2016-11-19 00:00:00,  508.057920,   24.300747,    0.753228
2016-11-20 00:00:00,  510.701760,   23.109314,    0.755588
2016-11-21 00:00:00,  513.198720,   22.011309,    0.756190
2016-11-22 00:00:00,  515.695680,   22.656598,    0.757805
2016-11-23 00:00:00,  518.192640,   23.899178,    0.759537
2016-11-24 00:00:00,  520.689600,   23.863325,    0.760276
2016-11-25 00:00:00,  523.333440,   24.333143,    0.762546
2016-11-26 00:00:00,  525.830400,   25.531675,    0.764786
2016-11-27 00:00:00,  528.327360,   26.290378,    0.770095
2016-11-28 00:00:00,  530.824320,   25.967688,    0.772195
2016-11-29 00:00:00,  533.321280,   25.023226,    0.774332
2016-11-30 00:00:00,  535.818240,   25.154707,    0.777051
2016-12-01 00:00:00,  538.902720,   24.603160,    0.779259
2016-12-02 00:00:00,  541.987200,   24.847768,    0.780096
2016-12-03 00:00:00,  544.337280,   24.129793,    0.781516
2016-12-04 00:00:00,  546.834240,   23.922668,    0.782517
2016-12-05 00:00:00,  549.331200,   23.961515,    0.784700
2016-12-06 00:00:00,  551.681280,   24.713437,    0.786492
2016-12-07 00:00:00,  554.178240,   24.143066,    0.789506
2016-12-08 00:00:00,  556.675200,   24.506059,    0.790329
2016-12-09 00:00:00,  559.025280,   24.584389,    0.790494
2016-12-10 00:00:00,  561.375360,   26.392574,    0.794285
2016-12-11 00:00:00,  563.725440,   26.082310,    0.796324
2016-12-12 00:00:00,  566.075520,   25.864918,    0.796935
2016-12-13 00:00:00,  568.425600,   25.700167,    0.798727
2016-12-14 00:00:00,  570.775680,   26.558941,    0.800885
2016-12-15 00:00:00,  573.125760,   26.455774,    0.802820
2016-12-16 00:00:00,  575.475840,   25.938897,    0.805600
2016-12-17 00:00:00,  577.825920,   25.633128,    0.806985
2016-12-18 00:00:00,  580.029120,   24.986800,    0.808835
2016-12-19 00:00:00,  582.232320,   25.247839,    0.809410
2016-12-20 00:00:00,  584.582400,   25.898475,    0.811825
2016-12-21 00:00:00,  586.785600,   26.102476,    0.812464
2016-12-22 00:00:00,  588.988800,   26.106333,    0.817668
2016-12-23 00:00:00,  591.192000,   26.586654,    0.820198
2016-12-24 00:00:00,  593.248320,   26.081946,    0.822899
2016-12-25 00:00:00,  595.304640,   25.974524,    0.824849
2016-12-26 00:00:00,  597.360960,   26.119497,    0.826833
2016-12-27 00:00:00,  599.417280,   24.356340,    0.826865
2016-12-28 00:00:00,  601.473600,   24.080353,    0.826390
2016-12-29 00:00:00,  603.529920,   24.444811,    0.827683
2016-12-30 00:00:00,  605.586240,   24.097649,    0.829059
2016-12-31 00:00:00,  607.495680,   24.456994,    0.830254
2017-01-01 00:00:00,  608.817600,   24.442007,    0.830578
2017-01-02 00:00:00,  610.286400,   25.816046,    0.833454
2017-01-03 00:00:00,  612.195840,   26.945762,    0.835014
2017-01-04 00:00:00,  613.958400,   28.285198,    0.836859
2017-01-05 00:00:00,  615.867840,   28.370480,    0.839276
2017-01-06 00:00:00,  617.777280,   28.620450,    0.842182
2017-01-07 00:00:00,  619.539840,   27.896611,    0.844503
2017-01-08 00:00:00,  621.302400,   27.840521,    0.846419
2017-01-09 00:00:00,  622.918080,   27.572787,    0.848447
2017-01-10 00:00:00,  624.533760,   26.158083,    0.847278
2017-01-11 00:00:00,  626.296320,   25.597638,    0.849761
2017-01-12 00:00:00,  627.912000,   25.537874,    0.848934
2017-01-13 00:00:00,  629.380800,   26.290393,    0.850672
2017-01-14 00:00:00,  630.849600,   26.614208,    0.853540
2017-01-15 00:00:00,  632.465280,   25.943564,    0.855410
2017-01-16 00:00:00,  634.080960,   26.658679,    0.856192
2017-01-17 00:00:00,  635.402880,   26.312871,    0.856287
2017-01-18 00:00:00,  636.724800,   28.050281,    0.860842
2017-01-19 00:00:00,  638.193600,   29.035426,    0.863199
2017-01-20 00:00:00,  639.515520,   28.092480,    0.866427
2017-01-21 00:00:00,  640.837440,   26.915864,    0.867700
2017-01-22 00:00:00,  642.159360,   26.920220,    0.867478
2017-01-23 00:00:00,  643.334400,   27.157528,    0.868272
2017-01-24 00:00:00,  644.509440,   28.068404,    0.870623
2017-01-25 00:00:00,  645.684480,   27.850795,    0.872724
2017-01-26 00:00:00,  646.712640,   28.033286,    0.874856
2017-01-27 00:00:00,  647.740800,   27.902168,    0.876828
2017-01-28 00:00:00,  648.768960,   28.076676,    0.879613
2017-01-29 00:00:00,  649.797120,   27.911836,    0.879944
2017-01-30 00:00:00,  650.825280,   26.661870,    0.882287
2017-01-31 00:00:00,  651.706560,   26.254718,    0.879821
2017-02-01 00:00:00,  652.294080,   26.248110,    0.881695
2017-02-02 00:00:00,  652.881600,   24.927573,    0.882177
2017-02-03 00:00:00,  653.762880,   24.258807,    0.880080
2017-02-04 00:00:00,  654.497280,   23.869066,    0.881006
2017-02-05 00:00:00,  655.084800,   24.251713,    0.881501
2017-02-06 00:00:00,  655.819200,   23.853187,    0.882428
2017-02-07 00:00:00,  656.553600,   25.210081,    0.883763
2017-02-08 00:00:00,  657.141120,   25.354947,    0.884905
2017-02-09 00:00:00,  657.728640,   26.644224,    0.886341
2017-02-10 00:00:00,  658.169280,   25.906186,    0.887613
2017-02-11 00:00:00,  658.609920,   26.113510,    0.887598
2017-02-12 00:00:00,  659.050560,   26.527920,    0.891377
2017-02-13 00:00:00,  659.344320,   27.083946,    0.893656
2017-02-14 00:00:00,  659.784960,   27.046912,    0.893848
2017-02-15 00:00:00,  660.078720,   26.888095,    0.897356
2017-02-16 00:00:00,  660.225600,   26.340180,    0.897983
2017-02-17 00:00:00,  660.519360,   27.294198,    0.898431
2017-02-18 00:00:00,  660.666240,   28.079088,    0.899875
2017-02-19 00:00:00,  660.813120,   26.550604,    0.901251
2017-02-20 00:00:00,  660.960000,   25.866024,    0.901386
2017-02-21 00:00:00,  660.960000,   25.287147,    0.899804
2017-02-22 00:00:00,  660.960000,   25.762940,    0.902129
2017-02-23 00:00:00,  660.960000,   25.410202,    0.903122
2017-02-24 00:00:00,  660.813120,   26.140543,    0.904331
2017-02-25 00:00:00,  660.666240,   27.019763,    0.907238
2017-02-26 00:00:00,  660.519360,   26.939413,    0.910152
2017-02-27 00:00:00,  660.225600,   27.177792,    0.913091
2017-02-28 00:00:00,  659.931840,   26.794712,    0.914629
2017-03-01 00:00:00,  659.197440,   27.031304,    0.916900
2017-03-02 00:00:00,  658.316160,   27.257723,    0.918966
2017-03-03 00:00:00,  657.728640,   26.390061,    0.920838
2017-03-04 00:00:00,  657.141120,   24.818044,    0.915093
2017-03-05 00:00:00,  656.553600,   24.457468,    0.913404
2017-03-06 00:00:00,  655.966080,   24.829594,    0.913580
2017-03-07 00:00:00,  655.378560,   25.093846,    0.914981
2017-03-08 00:00:00,  654.644160,   25.221034,    0.917253
2017-03-09 00:00:00,  653.909760,   25.354302,    0.918552
2017-03-10 00:00:00,  653.175360,   25.201662,    0.919796
2017-03-11 00:00:00,  652.294080,   25.628419,    0.921593
2017-03-12 00:00:00,  651.412800,   25.990130,    0.922450
2017-03-13 00:00:00,  650.531520,   25.924816,    0.924314
2017-03-14 00:00:00,  649.503360,   26.826154,    0.924436
2017-03-15 00:00:00,  648.475200,   26.278443,    0.926647
2017-03-16 00:00:00,  647.447040,   24.917065,    0.926975
2017-03-17 00:00:00,  646.418880,   24.458720,    0.926823
2017-03-18 00:00:00,  645.390720,   23.888191,    0.924646
2017-03-19 00:00:00,  644.215680,   23.149493,    0.924588
2017-03-20 00:00:00,  643.040640,   23.658654,    0.922257
2017-03-21 00:00:00,  641.718720,   24.770305,    0.924305
2017-03-22 00:00:00,  640.396800,   24.609796,    0.870185
2017-03-23 00:00:00,  639.221760,   24.656272,    0.875130
2017-03-24 00:00:00,  637.899840,   25.310186,    0.875459
2017-03-25 00:00:00,  636.431040,   25.117970,    0.880310
2017-03-26 00:00:00,  634.962240,   25.081133,    0.885437
2017-03-27 00:00:00,  633.493440,   24.046071,    0.889674
2017-03-28 00:00:00,  632.024640,   23.628274,    0.893541
2017-03-29 00:00:00,  630.555840,   23.737587,    0.895616
2017-03-30 00:00:00,  629.087040,   23.705766,    0.896707
2017-03-31 00:00:00,  627.471360,   23.441600,    0.897820
2017-04-01 00:00:00,  626.296320,   23.879939,    0.898439
2017-04-02 00:00:00,  625.121280,   23.770925,    0.899318
2017-04-03 00:00:00,  623.358720,   22.865898,    0.900432
2017-04-04 00:00:00,  621.596160,   22.205367,    0.898485
2017-04-05 00:00:00,  619.833600,   22.666567,    0.899229
2017-04-06 00:00:00,  618.071040,   22.056215,    0.899094
2017-04-07 00:00:00,  616.308480,   22.635802,    0.899336
2017-04-08 00:00:00,  614.545920,   22.686988,    0.900081
2017-04-09 00:00:00,  612.783360,   22.467554,    0.901537
2017-04-10 00:00:00,  610.873920,   22.094159,    0.902051
2017-04-11 00:00:00,  608.964480,   22.558742,    0.900056
2017-04-12 00:00:00,  607.055040,   20.878133,    0.897073
2017-04-13 00:00:00,  604.998720,   20.464782,    0.890739
2017-04-14 00:00:00,  602.942400,   19.998634,    0.887517
2017-04-15 00:00:00,  600.886080,   20.338593,    0.887624
2017-04-16 00:00:00,  598.829760,   21.016033,    0.888248
2017-04-17 00:00:00,  596.773440,   21.098679,    0.888737
2017-04-18 00:00:00,  594.717120,   21.801085,    0.889551
2017-04-19 00:00:00,  592.660800,   21.839262,    0.890058
2017-04-20 00:00:00,  590.457600,   22.252516,    0.890270
2017-04-21 00:00:00,  588.254400,   21.904743,    0.891230
2017-04-22 00:00:00,  586.198080,   21.089069,    0.892226
2017-04-23 00:00:00,  583.994880,   20.700213,    0.892693
2017-04-24 00:00:00,  581.644800,   20.541545,    0.892828
2017-04-25 00:00:00,  579.441600,   20.243720,    0.892082
2017-04-26 00:00:00,  577.238400,   20.392261,    0.892909
2017-04-27 00:00:00,  574.888320,   20.354205,    0.893177
2017-04-28 00:00:00,  572.538240,   20.338631,    0.892951
2017-04-29 00:00:00,  570.188160,   20.186259,    0.893812
2017-04-30 00:00:00,  567.838080,   20.267944,    0.894254
2017-05-01 00:00:00,  565.047360,   19.845804,    0.894236
2017-05-02 00:00:00,  562.109760,   20.008997,    0.893104
2017-05-03 00:00:00,  559.612800,   19.449730,    0.889382
2017-05-04 00:00:00,  557.262720,   19.284931,    0.890009
2017-05-05 00:00:00,  554.912640,   19.306714,    0.890176
2017-05-06 00:00:00,  552.415680,   19.094167,    0.890298
2017-05-07 00:00:00,  549.918720,   19.443070,    0.890579
2017-05-08 00:00:00,  547.568640,   19.355805,    0.891013
2017-05-09 00:00:00,  545.071680,   18.797204,    0.891165
2017-05-10 00:00:00,  542.574720,   18.451112,    0.891021
2017-05-11 00:00:00,  540.077760,   18.423228,    0.889495
2017-05-12 00:00:00,  537.580800,   18.596445,    0.888731
2017-05-13 00:00:00,  535.083840,   17.736386,    0.880485
2017-05-14 00:00:00,  532.586880,   17.530118,    0.879603
2017-05-15 00:00:00,  530.089920,   17.570851,    0.879436
2017-05-16 00:00:00,  527.592960,   17.406068,    0.879583
2017-05-17 00:00:00,  525.096000,   17.386427,    0.879661
2017-05-18 00:00:00,  522.599040,   17.079665,    0.879602
2017-05-19 00:00:00,  520.102080,   17.310222,    0.879352
2017-05-20 00:00:00,  517.458240,   17.853063,    0.879686
2017-05-21 00:00:00,  514.961280,   17.217759,    0.880109
2017-05-22 00:00:00,  512.464320,   17.337560,    0.866032
2017-05-23 00:00:00,  509.967360,   16.784587,    0.868973
2017-05-24 00:00:00,  507.470400,   17.032062,    0.871596
2017-05-25 00:00:00,  504.826560,   16.739656,    0.874287
2017-05-26 00:00:00,  502.329600,   16.536853,    0.871053
2017-05-27 00:00:00,  499.832640,   16.383995,    0.867575
2017-05-28 00:00:00,  497.335680,   16.604177,    0.867687
2017-05-29 00:00:00,  494.838720,   16.422603,    0.868081
2017-05-30 00:00:00,  492.341760,   16.527226,    0.868150
2017-05-31 00:00:00,  489.844800,   16.408503,    0.868319
2017-06-01 00:00:00,  488.082240,   16.592491,    0.866110
2017-06-02 00:00:00,  486.319680,   16.468772,    0.867230
2017-06-03 00:00:00,  483.822720,   16.558444,    0.867378
2017-06-04 00:00:00,  481.325760,   16.062735,    0.867669
2017-06-05 00:00:00,  478.828800,   16.180321,    0.867763
2017-06-06 00:00:00,  476.478720,   16.387318,    0.867798
2017-06-07 00:00:00,  473.981760,   16.293739,    0.868426
2017-06-08 00:00:00,  471.484800,   15.781356,    0.868307
2017-06-09 00:00:00,  469.134720,   15.544577,    0.868701
2017-06-10 00:00:00,  466.784640,   15.759072,    0.869087
2017-06-11 00:00:00,  464.434560,   15.258593,    0.869281
2017-06-12 00:00:00,  462.084480,   15.405512,    0.869224
2017-06-13 00:00:00,  459.734400,   15.254277,    0.869619
2017-06-14 00:00:00,  457.384320,   15.317123,    0.858621
2017-06-15 00:00:00,  455.034240,   15.130351,    0.849495
2017-06-16 00:00:00,  452.684160,   15.323919,    0.854170
2017-06-17 00:00:00,  450.334080,   15.269961,    0.854286
2017-06-18 00:00:00,  448.130880,   15.467808,    0.854391
2017-06-19 00:00:00,  445.927680,   15.749780,    0.854433
2017-06-20 00:00:00,  443.577600,   15.631625,    0.854922
2017-06-21 00:00:00,  441.374400,   15.617926,    0.855233
2017-06-22 00:00:00,  439.318080,   15.353281,    0.855099
2017-06-23 00:00:00,  437.114880,   15.275062,    0.847303
2017-06-24 00:00:00,  434.911680,   15.168241,    0.847787
2017-06-25 00:00:00,  432.855360,   15.066687,    0.848018
2017-06-26 00:00:00,  430.799040,   14.831812,    0.848377
2017-06-27 00:00:00,  428.742720,   14.378794,    0.846605
2017-06-28 00:00:00,  426.686400,   14.667123,    0.847117
2017-06-29 00:00:00,  424.630080,   14.302053,    0.847007
2017-06-30 00:00:00,  422.573760,   14.242757,    0.847346
2017-07-01 00:00:00,  420.223680,   14.076663,    0.847582
2017-07-02 00:00:00,  417.873600,   14.015168,    0.842445
2017-07-03 00:00:00,  415.964160,   13.983743,    0.842646
2017-07-04 00:00:00,  414.201600,   13.872125,    0.842832
2017-07-05 00:00:00,  412.292160,   13.849559,    0.842615
2017-07-06 00:00:00,  410.382720,   13.755443,    0.843087
2017-07-07 00:00:00,  408.620160,   13.498099,    0.843116
2017-07-08 00:00:00,  406.857600,   13.299538,    0.836692
2017-07-09 00:00:00,  405.241920,   12.913897,    0.832619
2017-07-10 00:00:00,  403.626240,   12.912899,    0.828218
2017-07-11 00:00:00,  401.863680,   13.018594,    0.823896
2017-07-12 00:00:00,  400.248000,   12.756785,    0.822034
2017-07-13 00:00:00,  398.779200,   12.804494,    0.821607
2017-07-14 00:00:00,  397.163520,   12.985984,    0.820733
2017-07-15 00:00:00,  395.547840,   12.951617,    0.821574
2017-07-16 00:00:00,  394.079040,   12.842142,    0.818924
2017-07-17 00:00:00,  392.757120,   12.859118,    0.818992
2017-07-18 00:00:00,  391.435200,   12.795560,    0.818913
2017-07-19 00:00:00,  389.966400,   13.081692,    0.818268
2017-07-20 00:00:00,  388.644480,   13.077767,    0.818724
2017-07-21 00:00:00,  387.322560,   13.183163,    0.819007
2017-07-22 00:00:00,  386.000640,   13.306679,    0.819341
2017-07-23 00:00:00,  384.825600,   13.429542,    0.819690
2017-07-24 00:00:00,  383.650560,   13.307395,    0.820308
2017-07-25 00:00:00,  382.475520,   13.223630,    0.819863
2017-07-26 00:00:00,  381.447360,   13.657183,    0.819054
2017-07-27 00:00:00,  380.419200,   14.133096,    0.816598
2017-07-28 00:00:00,  379.391040,   14.206548,    0.815019
2017-07-29 00:00:00,  378.362880,   13.834798,    0.813394
2017-07-30 00:00:00,  377.334720,   13.869784,    0.813620
2017-07-31 00:00:00,  376.453440,   14.178954,    0.813655
2017-08-01 00:00:00,  375.865920,   14.285358,    0.813949
2017-08-02 00:00:00,  375.278400,   14.787102,    0.814695
2017-08-03 00:00:00,  374.397120,   14.581251,    0.814756
2017-08-04 00:00:00,  373.662720,   14.764354,    0.815194
2017-08-05 00:00:00,  372.928320,   14.855501,    0.815617
2017-08-06 00:00:00,  372.193920,   15.335476,    0.816492
2017-08-07 00:00:00,  371.606400,   15.178576,    0.816455
2017-08-08 00:00:00,  371.018880,   15.118536,    0.817486
2017-08-09 00:00:00,  370.431360,   14.916737,    0.817630
2017-08-10 00:00:00,  369.990720,   14.347822,    0.818005
2017-08-11 00:00:00,  369.550080,   13.694509,    0.817689
2017-08-12 00:00:00,  369.109440,   13.789674,    0.800568
2017-08-13 00:00:00,  368.815680,   13.891325,    0.799118
2017-08-14 00:00:00,  368.375040,   14.047905,    0.799281
2017-08-15 00:00:00,  368.081280,   14.460346,    0.799706
2017-08-16 00:00:00,  367.934400,   14.391176,    0.800375
2017-08-17 00:00:00,  367.640640,   14.122304,    0.799013
2017-08-18 00:00:00,  367.493760,   13.853203,    0.798112
2017-08-19 00:00:00,  367.346880,   14.111202,    0.798425
2017-08-20 00:00:00,  367.200000,   14.195354,    0.789301
2017-08-21 00:00:00,  367.200000,   14.249908,    0.791930
2017-08-22 00:00:00,  367.200000,   14.641025,    0.790522
2017-08-23 00:00:00,  367.200000,   14.646263,    0.790568
2017-08-24 00:00:00,  367.346880,   15.255254,    0.790834
2017-08-25 00:00:00,  367.493760,   15.376956,    0.791656
2017-08-26 00:00:00,  367.640640,   15.297291,    0.791659
2017-08-27 00:00:00,  367.934400,   15.466260,    0.792359
2017-08-28 00:00:00,  368.228160,   15.698796,    0.792977
2017-08-29 00:00:00,  368.521920,   16.277106,    0.793029
2017-08-30 00:00:00,  368.815680,   16.575967,    0.793140
2017-08-31 00:00:00,  369.256320,   15.968770,    0.782048
2017-09-01 00:00:00,  369.550080,   15.547971,    0.783860
2017-09-02 00:00:00,  369.843840,   15.510404,    0.785218
2017-09-03 00:00:00,  370.431360,   15.377479,    0.785155
2017-09-04 00:00:00,  371.018880,   15.820163,    0.785141
2017-09-05 00:00:00,  371.606400,   16.311288,    0.785101
2017-09-06 00:00:00,  372.193920,   16.652900,    0.785210
2017-09-07 00:00:00,  372.781440,   16.733132,    0.774757
2017-09-08 00:00:00,  373.515840,   16.098240,    0.775381
2017-09-09 00:00:00,  374.250240,   16.185123,    0.773840
2017-09-10 00:00:00,  374.984640,   16.365569,    0.773878
2017-09-11 00:00:00,  375.865920,   16.439882,    0.774352
2017-09-12 00:00:00,  376.747200,   16.174709,    0.769872
2017-09-13 00:00:00,  377.628480,   16.396876,    0.771188
2017-09-14 00:00:00,  378.656640,   16.922643,    0.772207
2017-09-15 00:00:00,  379.684800,   16.957872,    0.772989
2017-09-16 00:00:00,  380.712960,   17.278096,    0.775191
2017-09-17 00:00:00,  381.741120,   17.698326,    0.776345
2017-09-18 00:00:00,  382.769280,   16.731519,    0.777180
2017-09-19 00:00:00,  383.944320,   16.959945,    0.777481
2017-09-20 00:00:00,  385.119360,   17.405085,    0.778783
2017-09-21 00:00:00,  386.441280,   18.092836,    0.779811
2017-09-22 00:00:00,  387.763200,   18.708715,    0.780973
2017-09-23 00:00:00,  389.085120,   19.009477,    0.781132
2017-09-24 00:00:00,  390.407040,   19.720237,    0.782016
2017-09-25 00:00:00,  391.728960,   20.811486,    0.783489
2017-09-26 00:00:00,  393.197760,   20.772340,    0.784929
2017-09-27 00:00:00,  394.666560,   20.514005,    0.785084
2017-09-28 00:00:00,  396.135360,   20.265819,    0.785569
2017-09-29 00:00:00,  397.604160,   20.627591,    0.787764
2017-09-30 00:00:00,  399.219840,   20.566848,    0.789175
2017-10-01 00:00:00,  401.129280,   21.313044,    0.789938
2017-10-02 00:00:00,  403.038720,   20.798459,    0.791484
2017-10-03 00:00:00,  404.801280,   21.164823,    0.791517
2017-10-04 00:00:00,  406.563840,   21.977870,    0.794540
2017-10-05 00:00:00,  408.326400,   20.812332,    0.795056
2017-10-06 00:00:00,  410.088960,   20.697421,    0.796193
2017-10-07 00:00:00,  411.851520,   21.233329,    0.797748
2017-10-08 00:00:00,  413.614080,   20.961290,    0.798024
2017-10-09 00:00:00,  415.523520,   21.504805,    0.799739
2017-10-10 00:00:00,  417.432960,   20.469534,    0.802829
2017-10-11 00:00:00,  419.342400,   20.384716,    0.804147
2017-10-12 00:00:00,  421.251840,   20.410065,    0.805066
2017-10-13 00:00:00,  423.161280,   20.394200,    0.805979
2017-10-14 00:00:00,  425.217600,   20.196145,    0.807827
2017-10-15 00:00:00,  427.273920,   19.943886,    0.807935
2017-10-16 00:00:00,  429.330240,   20.468593,    0.810509
2017-10-17 00:00:00,  431.386560,   21.160601,    0.811783
2017-10-18 00:00:00,  433.442880,   21.517009,    0.812038
2017-10-19 00:00:00,  435.499200,   22.854353,    0.813774
2017-10-20 00:00:00,  437.702400,   21.576839,    0.806273
2017-10-21 00:00:00,  439.905600,   21.545058,    0.809026
2017-10-22 00:00:00,  442.108800,   21.760938,    0.811054
2017-10-23 00:00:00,  444.312000,   21.666771,    0.813119
2017-10-24 00:00:00,  446.515200,   21.515994,    0.814435
2017-10-25 00:00:00,  448.865280,   21.806464,    0.815472
2017-10-26 00:00:00,  451.068480,   22.699209,    0.816917
2017-10-27 00:00:00,  453.271680,   21.843461,    0.818430
2017-10-28 00:00:00,  455.621760,   20.743606,    0.819857
2017-10-29 00:00:00,  457.971840,   21.045855,    0.822149
2017-10-30 00:00:00,  460.321920,   21.568829,    0.823486
2017-10-31 00:00:00,  462.672000,   21.835398,    0.825563
2017-11-01 00:00:00,  464.434560,   22.264375,    0.828021
2017-11-02 00:00:00,  466.197120,   22.147718,    0.828505
2017-11-03 00:00:00,  468.547200,   22.874611,    0.831171
2017-11-04 00:00:00,  470.897280,   23.193418,    0.834639
2017-11-05 00:00:00,  473.247360,   22.789953,    0.835957
2017-11-06 00:00:00,  475.744320,   23.198502,    0.837740
2017-11-07 00:00:00,  478.241280,   22.839228,    0.839221
2017-11-08 00:00:00,  480.591360,   23.986160,    0.840664
2017-11-09 00:00:00,  483.088320,   23.566168,    0.841092
2017-11-10 00:00:00,  485.585280,   22.824167,    0.839621
2017-11-11 00:00:00,  488.082240,   22.380766,    0.840972
2017-11-12 00:00:00,  490.579200,   21.832258,    0.839661
2017-11-13 00:00:00,  493.076160,   21.906782,    0.840741
2017-11-14 00:00:00,  495.573120,   21.974898,    0.842473
2017-11-15 00:00:00,  498.070080,   22.390295,    0.844362
2017-11-16 00:00:00,  500.567040,   23.261307,    0.846714
2017-11-17 00:00:00,  503.064000,   24.196136,    0.849534
2017-11-18 00:00:00,  505.560960,   24.594318,    0.851055
2017-11-19 00:00:00,  508.057920,   24.532276,    0.851643
2017-11-20 00:00:00,  510.701760,   25.796900,    0.855580
2017-11-21 00:00:00,  513.198720,   25.827343,    0.855723
2017-11-22 00:00:00,  515.695680,   25.410745,    0.858250
2017-11-23 00:00:00,  518.192640,   24.529691,    0.860222
2017-11-24 00:00:00,  520.689600,   24.758986,    0.863305
2017-11-25 00:00:00,  523.333440,   24.625788,    0.865794
2017-11-26 00:00:00,  525.830400,   24.935432,    0.869354
2017-11-27 00:00:00,  528.327360,   24.758281,    0.869363
2017-11-28 00:00:00,  530.824320,   25.407973,    0.872929
2017-11-29 00:00:00,  533.321280,   25.127512,    0.873287
2017-11-30 00:00:00,  535.818240,   25.728300,    0.876934
2017-12-01 00:00:00,  538.902720,   24.072928,    0.879568
2017-12-02 00:00:00,  541.987200,   23.338368,    0.878937
2017-12-03 00:00:00,  544.337280,   22.976465,    0.880139
2017-12-04 00:00:00,  546.834240,   23.653227,    0.881496
2017-12-05 00:00:00,  549.331200,   23.137834,    0.880979
2017-12-06 00:00:00,  551.681280,   22.355029,    0.879525
2017-12-07 00:00:00,  554.178240,   22.979219,    0.878355
2017-12-08 00:00:00,  556.675200,   22.823423,    0.880443
2017-12-09 00:00:00,  559.025280,   22.966545,    0.881887
2017-12-10 00:00:00,  561.375360,   23.492280,    0.883567
2017-12-11 00:00:00,  563.725440,   24.093753,    0.885408
2017-12-12 00:00:00,  566.075520,   24.873520,    0.887379
2017-12-13 00:00:00,  568.425600,   24.421867,    0.889974
2017-12-14 00:00:00,  570.775680,   24.064844,    0.891871
2017-12-15 00:00:00,  573.125760,   24.054866,    0.890513
2017-12-16 00:00:00,  575.475840,   24.467893,    0.891599
2017-12-17 00:00:00,  577.825920,   24.778007,    0.894020
2017-12-18 00:00:00,  580.029120,   24.907331,    0.896576
2017-12-19 00:00:00,  582.232320,   24.285921,    0.897578
2017-12-20 00:00:00,  584.582400,   22.244418,    0.889885
2017-12-21 00:00:00,  586.785600,   22.435814,    0.890665
2017-12-22 00:00:00,  588.988800,   22.723930,    0.891733
2017-12-23 00:00:00,  591.192000,   23.466666,    0.892613
2017-12-24 00:00:00,  593.248320,   24.926423,    0.892714
2017-12-25 00:00:00,  595.304640,   27.731234,    0.897804
2017-12-26 00:00:00,  597.360960,   26.991846,    0.901075
2017-12-27 00:00:00,  599.417280,   26.959117,    0.904792
2017-12-28 00:00:00,  601.473600,   26.577219,    0.907309
2017-12-29 00:00:00,  603.529920,   26.650537,    0.908991
2017-12-30 00:00:00,  605.586240,   26.688876,    0.911452
2017-12-31 00:00:00,  607.495680,   26.122398,    0.914599
2018-01-01 00:00:00,  608.817600,   26.394445,    0.915359
2018-01-02 00:00:00,  610.286400,   27.146637,    0.917868
2018-01-03 00:00:00,  612.195840,   27.198540,    0.917801
2018-01-04 00:00:00,  613.958400,   28.630435,    0.919560
2018-01-05 00:00:00,  615.867840,   27.749145,    0.907579
2018-01-06 00:00:00,  617.777280,   27.609282,    0.910922
2018-01-07 00:00:00,  619.539840,   27.051192,    0.913157
2018-01-08 00:00:00,  621.302400,   27.131094,    0.915295
2018-01-09 00:00:00,  622.918080,   27.653236,    0.917845
2018-01-10 00:00:00,  624.533760,   27.843216,    0.921517
2018-01-11 00:00:00,  626.296320,   28.049898,    0.923723
2018-01-12 00:00:00,  627.912000,   27.793628,    0.925881
2018-01-13 00:00:00,  629.380800,   27.770684,    0.928586
2018-01-14 00:00:00,  630.849600,   26.951568,    0.930207
2018-01-15 00:00:00,  632.465280,   26.463419,    0.930507
2018-01-16 00:00:00,  634.080960,   26.778983,    0.932278
2018-01-17 00:00:00,  635.402880,   27.102271,    0.934372
2018-01-18 00:00:00,  636.724800,   27.383900,    0.936075
2018-01-19 00:00:00,  638.193600,   27.125666,    0.938212
2018-01-20 00:00:00,  639.515520,   26.743408,    0.939816
2018-01-21 00:00:00,  640.837440,   26.272910,    0.940110
2018-01-22 00:00:00,  642.159360,   26.150025,    0.941627
2018-01-23 00:00:00,  643.334400,   25.797896,    0.939846
2018-01-24 00:00:00,  644.509440,   24.258372,    0.927083
2018-01-25 00:00:00,  645.684480,   24.924011,    0.929684
2018-01-26 00:00:00,  646.712640,   25.138969,    0.931434
2018-01-27 00:00:00,  647.740800,   26.456089,    0.932804
2018-01-28 00:00:00,  648.768960,   27.304638,    0.932848
2018-01-29 00:00:00,  649.797120,   28.233602,    0.933069
2018-01-30 00:00:00,  650.825280,   29.443769,    0.938503
2018-01-31 00:00:00,  651.706560,   27.846797,    0.938950
2018-02-01 00:00:00,  652.294080,   27.250139,    0.941342
2018-02-02 00:00:00,  652.881600,   27.338475,    0.943230
2018-02-03 00:00:00,  653.762880,   27.500123,    0.945273
2018-02-04 00:00:00,  654.497280,   27.287478,    0.945005
2018-02-05 00:00:00,  655.084800,   26.123018,    0.946031
2018-02-06 00:00:00,  655.819200,   25.280019,    0.947782
2018-02-07 00:00:00,  656.553600,   26.179270,    0.946836
2018-02-08 00:00:00,  657.141120,   26.889195,    0.948022
2018-02-09 00:00:00,  657.728640,   28.146939,    0.950578
2018-02-10 00:00:00,  658.169280,   28.142090,    0.953756
2018-02-11 00:00:00,  658.609920,   27.240734,    0.956380
2018-02-12 00:00:00,  659.050560,   26.623330,    0.958543
2018-02-13 00:00:00,  659.344320,   26.846409,    0.958590
2018-02-14 00:00:00,  659.784960,   27.376273,    0.960118
2018-02-15 00:00:00,  660.078720,   27.795580,    0.962396
2018-02-16 00:00:00,  660.225600,   28.298103,    0.965459
2018-02-17 00:00:00,  660.519360,   27.981951,    0.968157
2018-02-18 00:00:00,  660.666240,   28.529805,    0.969942
2018-02-19 00:00:00,  660.813120,   28.067417,    0.972902
2018-02-20 00:00:00,  660.960000,   26.109112,    0.969807
2018-02-21 00:00:00,  660.960000,   26.884197,    0.970298
2018-02-22 00:00:00,  660.960000,   27.467960,    0.976151
2018-02-23 00:00:00,  660.960000,   28.023676,    0.977364
2018-02-24 00:00:00,  660.813120,   28.277685,    0.979373
2018-02-25 00:00:00,  660.666240,   29.123197,    0.980093
2018-02-26 00:00:00,  660.519360,   30.593184,    0.981068
2018-02-27 00:00:00,  660.225600,   30.598917,    0.983775
2018-02-28 00:00:00,  659.931840,   30.665861,    0.987526
2018-03-01 00:00:00,  659.197440,   29.286605,    0.989396
2018-03-02 00:00:00,  658.316160,   29.044572,    0.990278
2018-03-03 00:00:00,  657.728640,   28.689881,    0.992228
2018-03-04 00:00:00,  657.141120,   28.936188,    0.993903
2018-03-05 00:00:00,  656.553600,   28.131771,    0.994979
2018-03-06 00:00:00,  655.966080,   27.232975,    0.993317
2018-03-07 00:00:00,  655.378560,   26.725972,    0.995621
2018-03-08 00:00:00,  654.644160,   26.114708,    0.992013
2018-03-09 00:00:00,  653.909760,   26.083018,    0.994096
2018-03-10 00:00:00,  653.175360,   26.279525,    0.995371
2018-03-11 00:00:00,  652.294080,   25.848784,    0.995940
2018-03-12 00:00:00,  651.412800,   24.939842,    0.992680
2018-03-13 00:00:00,  650.531520,   24.753169,    0.989423
2018-03-14 00:00:00,  649.503360,   25.368158,    0.989984
2018-03-15 00:00:00,  648.475200,   25.065719,    0.992679
2018-03-16 00:00:00,  647.447040,   25.350942,    0.994970
2018-03-17 00:00:00,  646.418880,   25.872951,    0.995640
2018-03-18 00:00:00,  645.390720,   26.471359,    0.997548
2018-03-19 00:00:00,  644.215680,   25.647912,    0.999819
2018-03-20 00:00:00,  643.040640,   24.794464,    0.999915
2018-03-21 00:00:00,  641.718720,   24.819719,    0.996899
2018-03-22 00:00:00,  640.396800,   25.580738,    0.998681
2018-03-23 00:00:00,  639.221760,   25.922057,    1.000580
2018-03-24 00:00:00,  637.899840,   26.244403,    1.002815
2018-03-25 00:00:00,  636.431040,   26.287764,    1.004340
2018-03-26 00:00:00,  634.962240,   26.311871,    1.006230
2018-03-27 00:00:00,  633.493440,   26.507089,    1.007699
2018-03-28 00:00:00,  632.024640,   26.151945,    1.009566
2018-03-29 00:00:00,  630.555840,   25.758376,    1.010295
2018-03-30 00:00:00,  629.087040,   25.413260,    1.009866
2018-03-31 00:00:00,  627.471360,   25.337815,    1.009113
2018-04-01 00:00:00,  626.296320,   25.105050,    1.010996
2018-04-02 00:00:00,  625.121280,   24.673077,    1.008897
2018-04-03 00:00:00,  623.358720,   24.504047,    1.009866
2018-04-04 00:00:00,  621.596160,   24.230406,    1.010606
2018-04-05 00:00:00,  619.833600,   24.672944,    1.011133
2018-04-06 00:00:00,  618.071040,   24.452129,    1.011886
2018-04-07 00:00:00,  616.308480,   23.461609,    1.008480
2018-04-08 00:00:00,  614.545920,   23.065300,    1.006451
2018-04-09 00:00:00,  612.783360,   22.240257,    1.002126
2018-04-10 00:00:00,  610.873920,   21.725637,    0.995490
2018-04-11 00:00:00,  608.964480,   21.896000,    0.977326
2018-04-12 00:00:00,  607.055040,   21.707337,    0.982497
2018-04-13 00:00:00,  604.998720,   22.310508,    0.983234
2018-04-14 00:00:00,  602.942400,   22.310255,    0.983896
2018-04-15 00:00:00,  600.886080,   22.210177,    0.985196
2018-04-16 00:00:00,  598.829760,   22.328063,    0.985153
2018-04-17 00:00:00,  596.773440,   21.703068,    0.985241
2018-04-18 00:00:00,  594.717120,   21.428140,    0.985417
2018-04-19 00:00:00,  592.660800,   21.245847,    0.984324
2018-04-20 00:00:00,  590.457600,   20.883247,    0.984560
2018-04-21 00:00:00,  588.254400,   21.081210,    0.982390
2018-04-22 00:00:00,  586.198080,   21.330598,    0.981914
2018-04-23 00:00:00,  583.994880,   22.051920,    0.982604
2018-04-24 00:00:00,  581.644800,   22.295705,    0.983813
2018-04-25 00:00:00,  579.441600,   22.787101,    0.984490
2018-04-26 00:00:00,  577.238400,   22.453136,    0.978246
2018-04-27 00:00:00,  574.888320,   21.130177,    0.976475
2018-04-28 00:00:00,  572.538240,   20.461262,    0.975660
2018-04-29 00:00:00,  570.188160,   20.405894,    0.975286
2018-04-30 00:00:00,  567.838080,   20.380394,    0.975646
2018-05-01 00:00:00,  565.047360,   20.453085,    0.975451
2018-05-02 00:00:00,  562.109760,   20.664094,    0.976338
2018-05-03 00:00:00,  559.612800,   20.657953,    0.977007
2018-05-04 00:00:00,  557.262720,   20.648762,    0.977536
2018-05-05 00:00:00,  554.912640,   20.308074,    0.977929
2018-05-06 00:00:00,  552.415680,   19.921670,    0.976927
2018-05-07 00:00:00,  549.918720,   19.616488,    0.973808
2018-05-08 00:00:00,  547.568640,   19.619577,    0.971625
2018-05-09 00:00:00,  545.071680,   19.206347,    0.972034
2018-05-10 00:00:00,  542.574720,   19.325619,    0.971815
2018-05-11 00:00:00,  540.077760,   19.088553,    0.972126
2018-05-12 00:00:00,  537.580800,   18.868153,    0.971148
2018-05-13 00:00:00,  535.083840,   18.516732,    0.969387
2018-05-14 00:00:00,  532.586880,   18.215044,    0.967506
2018-05-15 00:00:00,  530.089920,   17.796498,    0.964709
2018-05-16 00:00:00,  527.592960,   17.927416,    0.962170
2018-05-17 00:00:00,  525.096000,   17.934923,    0.961606
2018-05-18 00:00:00,  522.599040,   18.269060,    0.956726
2018-05-19 00:00:00,  520.102080,   18.076277,    0.956681
2018-05-20 00:00:00,  517.458240,   17.561011,    0.948986
2018-05-21 00:00:00,  514.961280,   17.479445,    0.947302
2018-05-22 00:00:00,  512.464320,   17.660847,    0.947379
2018-05-23 00:00:00,  509.967360,   17.780439,    0.946915
2018-05-24 00:00:00,  507.470400,   17.424346,    0.947695
2018-05-25 00:00:00,  504.826560,   17.092346,    0.947168
2018-05-26 00:00:00,  502.329600,   17.088185,    0.946222
2018-05-27 00:00:00,  499.832640,   17.245251,    0.945165
2018-05-28 00:00:00,  497.335680,   17.246595,    0.943745
2018-05-29 00:00:00,  494.838720,   16.987088,    0.942279
2018-05-30 00:00:00,  492.341760,   17.055971,    0.937184
2018-05-31 00:00:00,  489.844800,   17.133068,    0.937304
2018-06-01 00:00:00,  488.082240,   17.155513,    0.926523
2018-06-02 00:00:00,  486.319680,   17.096880,    0.931210
2018-06-03 00:00:00,  483.822720,   17.120073,    0.932591
2018-06-04 00:00:00,  481.325760,   16.649668,    0.931666
2018-06-05 00:00:00,  478.828800,   16.596733,    0.932265
2018-06-06 00:00:00,  476.478720,   16.496918,    0.932671
2018-06-07 00:00:00,  473.981760,   16.338038,    0.932588
2018-06-08 00:00:00,  471.484800,   16.131632,    0.932670
2018-06-09 00:00:00,  469.134720,   15.986278,    0.932948
2018-06-10 00:00:00,  466.784640,   15.743224,    0.933354
2018-06-11 00:00:00,  464.434560,   15.477072,    0.933860
2018-06-12 00:00:00,  462.084480,   15.319138,    0.934295
2018-06-13 00:00:00,  459.734400,   14.952140,    0.934886
2018-06-14 00:00:00,  457.384320,   14.652763,    0.933300
2018-06-15 00:00:00,  455.034240,   14.682353,    0.931319
2018-06-16 00:00:00,  452.684160,   15.056293,    0.931466
2018-06-17 00:00:00,  450.334080,   14.692950,    0.931661
2018-06-18 00:00:00,  448.130880,   14.721350,    0.930108
2018-06-19 00:00:00,  445.927680,   14.800968,    0.930283
2018-06-20 00:00:00,  443.577600,   14.947169,    0.930141
2018-06-21 00:00:00,  441.374400,   15.205533,    0.930159
2018-06-22 00:00:00,  439.318080,   15.021321,    0.930270
2018-06-23 00:00:00,  437.114880,   15.184137,    0.929528
2018-06-24 00:00:00,  434.911680,   15.422179,    0.919837
2018-06-25 00:00:00,  432.855360,   15.559159,    0.917842
2018-06-26 00:00:00,  430.799040,   15.822669,    0.920415
2018-06-27 00:00:00,  428.742720,   15.428468,    0.920290
2018-06-28 00:00:00,  426.686400,   15.263794,    0.907800
2018-06-29 00:00:00,  424.630080,   15.351947,    0.907504
2018-06-30 00:00:00,  422.573760,   14.943216,    0.898191
2018-07-01 00:00:00,  420.223680,   14.779007,    0.897707
2018-07-02 00:00:00,  417.873600,   14.477491,    0.896523
2018-07-03 00:00:00,  415.964160,   14.312130,    0.894693
2018-07-04 00:00:00,  414.201600,   14.381159,    0.895210
2018-07-05 00:00:00,  412.292160,   14.355861,    0.894947
2018-07-06 00:00:00,  410.382720,   14.484180,    0.895579
2018-07-07 00:00:00,  408.620160,   14.015544,    0.895498
2018-07-08 00:00:00,  406.857600,   13.864011,    0.895628
2018-07-09 00:00:00,  405.241920,   13.815130,    0.895838
2018-07-10 00:00:00,  403.626240,   13.563734,    0.895721
2018-07-11 00:00:00,  401.863680,   13.338868,    0.891443
2018-07-12 00:00:00,  400.248000,   13.867302,    0.891752
2018-07-13 00:00:00,  398.779200,   13.905695,    0.891834
2018-07-14 00:00:00,  397.163520,   14.581172,    0.892363
2018-07-15 00:00:00,  395.547840,   14.214672,    0.883369
2018-07-16 00:00:00,  394.079040,   14.423896,    0.884708
2018-07-17 00:00:00,  392.757120,   14.334943,    0.885689
2018-07-18 00:00:00,  391.435200,   14.074308,    0.885851
2018-07-19 00:00:00,  389.966400,   14.569260,    0.885818
2018-07-20 00:00:00,  388.644480,   14.173279,    0.848858
2018-07-21 00:00:00,  387.322560,   14.235499,    0.860812
2018-07-22 00:00:00,  386.000640,   14.068893,    0.850885
2018-07-23 00:00:00,  384.825600,   14.104090,    0.852147
2018-07-24 00:00:00,  383.650560,   14.527675,    0.852969
2018-07-25 00:00:00,  382.475520,   14.155830,    0.846576
2018-07-26 00:00:00,  381.447360,   14.327558,    0.848479
2018-07-27 00:00:00,  380.419200,   14.565532,    0.844613
2018-07-28 00:00:00,  379.391040,   14.997657,    0.837479
2018-07-29 00:00:00,  378.362880,   14.811737,    0.838525
2018-07-30 00:00:00,  377.334720,   15.055782,    0.835334
2018-07-31 00:00:00,  376.453440,   15.111134,    0.832641
2018-08-01 00:00:00,  375.865920,   15.267561,    0.831702
2018-08-02 00:00:00,  375.278400,   15.282889,    0.827895
2018-08-03 00:00:00,  374.397120,   14.950395,    0.829305
2018-08-04 00:00:00,  373.662720,   14.985841,    0.829414
2018-08-05 00:00:00,  372.928320,   15.035492,    0.830632
2018-08-06 00:00:00,  372.193920,   14.860706,    0.832135
2018-08-07 00:00:00,  371.606400,   14.913888,    0.829636
2018-08-08 00:00:00,  371.018880,   14.952675,    0.830861
2018-08-09 00:00:00,  370.431360,   14.965291,    0.831102
2018-08-10 00:00:00,  369.990720,   15.093370,    0.831524
2018-08-11 00:00:00,  369.550080,   15.235185,    0.831858
2018-08-12 00:00:00,  369.109440,   15.047161,    0.832237
2018-08-13 00:00:00,  368.815680,   15.910014,    0.792788
2018-08-14 00:00:00,  368.375040,   15.551389,    0.812126
2018-08-15 00:00:00,  368.081280,   15.114228,    0.811624
2018-08-16 00:00:00,  367.934400,   14.784327,    0.812274
2018-08-17 00:00:00,  367.640640,   15.022207,    0.812626
2018-08-18 00:00:00,  367.493760,   15.140649,    0.812829
2018-08-19 00:00:00,  367.346880,   15.304556,    0.813194
2018-08-20 00:00:00,  367.200000,   16.374768,    0.813588
2018-08-21 00:00:00,  367.200000,   17.037275,    0.799979
2018-08-22 00:00:00,  367.200000,   17.315700,    0.799074
2018-08-23 00:00:00,  367.200000,   16.839460,    0.798637
2018-08-24 00:00:00,  367.346880,   16.563258,    0.799113
2018-08-25 00:00:00,  367.493760,   16.595055,    0.799296
2018-08-26 00:00:00,  367.640640,   16.620892,    0.799802
2018-08-27 00:00:00,  367.934400,   16.914996,    0.800326
2018-08-28 00:00:00,  368.228160,   17.237141,    0.800404
2018-08-29 00:00:00,  368.521920,   17.314624,    0.801560
2018-08-30 00:00:00,  368.815680,   17.762491,    0.801593
2018-08-31 00:00:00,  369.256320,   18.238503,    0.801709
2018-09-01 00:00:00,  369.550080,   19.412450,    0.800079
2018-09-02 00:00:00,  369.843840,   17.835775,    0.798529
2018-09-03 00:00:00,  370.431360,   17.141401,    0.799136
2018-09-04 00:00:00,  371.018880,   17.152925,    0.799796
2018-09-05 00:00:00,  371.606400,   16.920880,    0.800639
2018-09-06 00:00:00,  372.193920,   16.903395,    0.801630
2018-09-07 00:00:00,  372.781440,   16.772057,    0.802495
2018-09-08 00:00:00,  373.515840,   16.881506,    0.803596
2018-09-09 00:00:00,  374.250240,   17.437025,    0.804341
2018-09-10 00:00:00,  374.984640,   17.626428,    0.805057
2018-09-11 00:00:00,  375.865920,   18.313903,    0.805946
2018-09-12 00:00:00,  376.747200,   18.285173,    0.806424
2018-09-13 00:00:00,  377.628480,   18.795685,    0.807195
2018-09-14 00:00:00,  378.656640,   19.471173,    0.808118
2018-09-15 00:00:00,  379.684800,   20.563115,    0.809619
2018-09-16 00:00:00,  380.712960,   20.024487,    0.811097
2018-09-17 00:00:00,  381.741120,   19.304004,    0.805194
2018-09-18 00:00:00,  382.769280,   17.983500,    0.787559
2018-09-19 00:00:00,  383.944320,   17.733648,    0.790043
2018-09-20 00:00:00,  385.119360,   18.314791,    0.791026
2018-09-21 00:00:00,  386.441280,   17.349720,    0.784468
2018-09-22 00:00:00,  387.763200,   17.046312,    0.784681
2018-09-23 00:00:00,  389.085120,   17.387108,    0.784949
2018-09-24 00:00:00,  390.407040,   17.756539,    0.785718
2018-09-25 00:00:00,  391.728960,   19.223545,    0.787582
2018-09-26 00:00:00,  393.197760,   17.913355,    0.787467
2018-09-27 00:00:00,  394.666560,   16.810295,    0.778776
2018-09-28 00:00:00,  396.135360,   16.956156,    0.778976
2018-09-29 00:00:00,  397.604160,   18.340208,    0.780625
2018-09-30 00:00:00,  399.219840,   18.033107,    0.781801
2018-10-01 00:00:00,  401.129280,   18.481804,    0.781850
2018-10-02 00:00:00,  403.038720,   19.499169,    0.769480
2018-10-03 00:00:00,  404.801280,   19.540928,    0.772915
2018-10-04 00:00:00,  406.563840,   20.022982,    0.773454
2018-10-05 00:00:00,  408.326400,   20.221933,    0.774561
2018-10-06 00:00:00,  410.088960,   21.336663,    0.776677
2018-10-07 00:00:00,  411.851520,   21.579154,    0.776900
2018-10-08 00:00:00,  413.614080,   22.389506,    0.777975
2018-10-09 00:00:00,  415.523520,   22.200940,    0.780869
2018-10-10 00:00:00,  417.432960,   21.815051,    0.781100
2018-10-11 00:00:00,  419.342400,   22.886448,    0.782414
2018-10-12 00:00:00,  421.251840,   23.141443,    0.785601
2018-10-13 00:00:00,  423.161280,   21.852010,    0.787113
2018-10-14 00:00:00,  425.217600,   21.750579,    0.788283
2018-10-15 00:00:00,  427.273920,   22.445655,    0.789261
2018-10-16 00:00:00,  429.330240,   22.288472,    0.790339
2018-10-17 00:00:00,  431.386560,   22.894889,    0.792925
2018-10-18 00:00:00,  433.442880,   21.908120,    0.782507
2018-10-19 00:00:00,  435.499200,   21.768052,    0.784921
2018-10-20 00:00:00,  437.702400,   21.801605,    0.786258
2018-10-21 00:00:00,  439.905600,   21.986330,    0.786591
2018-10-22 00:00:00,  442.108800,   22.183992,    0.788808
2018-10-23 00:00:00,  444.312000,   22.090983,    0.789646
2018-10-24 00:00:00,  446.515200,   21.562304,    0.790376
2018-10-25 00:00:00,  448.865280,   21.218482,    0.782694
2018-10-26 00:00:00,  451.068480,   21.363335,    0.783030
2018-10-27 00:00:00,  453.271680,   22.532419,    0.784631
2018-10-28 00:00:00,  455.621760,   22.487027,    0.786350
2018-10-29 00:00:00,  457.971840,   22.237506,    0.786875
2018-10-30 00:00:00,  460.321920,   22.708234,    0.788797
2018-10-31 00:00:00,  462.672000,   22.903228,    0.790666
2018-11-01 00:00:00,  464.434560,   23.194985,    0.792876
2018-11-02 00:00:00,  466.197120,   25.070579,    0.791230
2018-11-03 00:00:00,  468.547200,   24.900472,    0.792098
2018-11-04 00:00:00,  470.897280,   24.820039,    0.794524
2018-11-05 00:00:00,  473.247360,   22.955253,    0.782101
2018-11-06 00:00:00,  475.744320,   23.496337,    0.767333
2018-11-07 00:00:00,  478.241280,   22.384601,    0.773222
2018-11-08 00:00:00,  480.591360,   20.948777,    0.772055
2018-11-09 00:00:00,  483.088320,   21.895713,    0.773778
2018-11-10 00:00:00,  485.585280,   22.278908,    0.773900
2018-11-11 00:00:00,  488.082240,   22.845675,    0.776193
2018-11-12 00:00:00,  490.579200,   23.726588,    0.778214
2018-11-13 00:00:00,  493.076160,   23.598059,    0.778612
2018-11-14 00:00:00,  495.573120,   23.916791,    0.782081
2018-11-15 00:00:00,  498.070080,   23.640372,    0.783629
2018-11-16 00:00:00,  500.567040,   24.107577,    0.785020
2018-11-17 00:00:00,  503.064000,   23.666924,    0.784299
2018-11-18 00:00:00,  505.560960,   23.660706,    0.786730
2018-11-19 00:00:00,  508.057920,   23.329928,    0.788556
2018-11-20 00:00:00,  510.701760,   23.441183,    0.790562
2018-11-21 00:00:00,  513.198720,   23.822114,    0.792430
2018-11-22 00:00:00,  515.695680,   24.779381,    0.794537
2018-11-23 00:00:00,  518.192640,   25.629005,    0.797865
2018-11-24 00:00:00,  520.689600,   25.064363,    0.798646
2018-11-25 00:00:00,  523.333440,   25.627321,    0.802468
2018-11-26 00:00:00,  525.830400,   23.966695,    0.804165
2018-11-27 00:00:00,  528.327360,   23.161054,    0.805785
2018-11-28 00:00:00,  530.824320,   23.072710,    0.807869
2018-11-29 00:00:00,  533.321280,   22.933975,    0.810409
2018-11-30 00:00:00,  535.818240,   23.059283,    0.811838
2018-12-01 00:00:00,  538.902720,   22.799609,    0.812386
2018-12-02 00:00:00,  541.987200,   23.260299,    0.815166
2018-12-03 00:00:00,  544.337280,   24.995845,    0.820686
2018-12-04 00:00:00,  546.834240,   25.025157,    0.821870
2018-12-05 00:00:00,  549.331200,   26.194961,    0.823806
2018-12-06 00:00:00,  551.681280,   24.966326,    0.799288
2018-12-07 00:00:00,  554.178240,   24.832777,    0.799272
2018-12-08 00:00:00,  556.675200,   24.372823,    0.800812
2018-12-09 00:00:00,  559.025280,   25.028432,    0.802791
2018-12-10 00:00:00,  561.375360,   25.759656,    0.804754
2018-12-11 00:00:00,  563.725440,   26.041313,    0.805203
2018-12-12 00:00:00,  566.075520,   23.657867,    0.751728
2018-12-13 00:00:00,  568.425600,   22.627929,    0.756442
2018-12-14 00:00:00,  570.775680,   23.835935,    0.757753
2018-12-15 00:00:00,  573.125760,   23.524317,    0.759086
2018-12-16 00:00:00,  575.475840,   24.680671,    0.760958
2018-12-17 00:00:00,  577.825920,   25.711589,    0.762732
2018-12-18 00:00:00,  580.029120,   26.005634,    0.765047
2018-12-19 00:00:00,  582.232320,   26.077744,    0.767863
2018-12-20 00:00:00,  584.582400,   26.105060,    0.768189
2018-12-21 00:00:00,  586.785600,   26.643704,    0.772937
2018-12-22 00:00:00,  588.988800,   26.573222,    0.775894
2018-12-23 00:00:00,  591.192000,   26.216088,    0.777725
2018-12-24 00:00:00,  593.248320,   26.316815,    0.780476
2018-12-25 00:00:00,  595.304640,   26.208160,    0.783446
2018-12-26 00:00:00,  597.360960,   25.945300,    0.783332
2018-12-27 00:00:00,  599.417280,   26.464101,    0.786604
2018-12-28 00:00:00,  601.473600,   26.168521,    0.786964
2018-12-29 00:00:00,  603.529920,   27.494060,    0.791117
2018-12-30 00:00:00,  605.586240,   28.148625,    0.794423
2018-12-31 00:00:00,  607.495680,   27.698358,    0.796728
2019-01-01 00:00:00,  608.817600,   27.333446,    0.799018
2019-01-02 00:00:00,  610.286400,   27.139603,    0.801698
2019-01-03 00:00:00,  612.195840,   26.513429,    0.804551
2019-01-04 00:00:00,  613.958400,   26.768057,    0.806215
2019-01-05 00:00:00,  615.867840,   27.329333,    0.808454
2019-01-06 00:00:00,  617.777280,   26.287757,    0.810845
2019-01-07 00:00:00,  619.539840,   25.472517,    0.813302
2019-01-08 00:00:00,  621.302400,   25.340030,    0.815234
2019-01-09 00:00:00,  622.918080,   25.542047,    0.817084
2019-01-10 00:00:00,  624.533760,   26.170281,    0.819534
2019-01-11 00:00:00,  626.296320,   26.595877,    0.822274
2019-01-12 00:00:00,  627.912000,   27.233939,    0.823982
2019-01-13 00:00:00,  629.380800,   27.465399,    0.825425
2019-01-14 00:00:00,  630.849600,   28.191096,    0.827820
2019-01-15 00:00:00,  632.465280,   29.323586,    0.831441
2019-01-16 00:00:00,  634.080960,   27.470734,    0.834391
2019-01-17 00:00:00,  635.402880,   27.028378,    0.837029
2019-01-18 00:00:00,  636.724800,   27.333968,    0.838584
2019-01-19 00:00:00,  638.193600,   28.788603,    0.841320
2019-01-20 00:00:00,  639.515520,   28.748546,    0.838924
2019-01-21 00:00:00,  640.837440,   29.370335,    0.841133
2019-01-22 00:00:00,  642.159360,   29.544115,    0.846891
2019-01-23 00:00:00,  643.334400,   28.884905,    0.849250
2019-01-24 00:00:00,  644.509440,   28.473583,    0.849926
2019-01-25 00:00:00,  645.684480,   29.280753,    0.851627
2019-01-26 00:00:00,  646.712640,   29.502366,    0.848294
2019-01-27 00:00:00,  647.740800,   30.264969,    0.851457
2019-01-28 00:00:00,  648.768960,   31.124148,    0.857272
2019-01-29 00:00:00,  649.797120,   28.431281,    0.859303
2019-01-30 00:00:00,  650.825280,   27.299692,    0.860997
2019-01-31 00:00:00,  651.706560,   27.757479,    0.862266
2019-02-01 00:00:00,  652.294080,   26.985635,    0.862664
2019-02-02 00:00:00,  652.881600,   27.146162,    0.856266
2019-02-03 00:00:00,  653.762880,   26.340267,    0.860080
2019-02-04 00:00:00,  654.497280,   25.324757,    0.861863
2019-02-05 00:00:00,  655.084800,   25.326672,    0.862056
2019-02-06 00:00:00,  655.819200,   25.373450,    0.863647
2019-02-07 00:00:00,  656.553600,   25.604038,    0.865480
2019-02-08 00:00:00,  657.141120,   25.689756,    0.866506
2019-02-09 00:00:00,  657.728640,   26.554549,    0.870122
2019-02-10 00:00:00,  658.169280,   27.688079,    0.871467
2019-02-11 00:00:00,  658.609920,   27.806433,    0.873704
2019-02-12 00:00:00,  659.050560,   27.227220,    0.875979
2019-02-13 00:00:00,  659.344320,   27.564996,    0.876478
2019-02-14 00:00:00,  659.784960,   27.705671,    0.878156
2019-02-15 00:00:00,  660.078720,   27.333025,    0.880283
2019-02-16 00:00:00,  660.225600,   27.088817,    0.881319
2019-02-17 00:00:00,  660.519360,   27.167639,    0.883785
2019-02-18 00:00:00,  660.666240,   27.109070,    0.885555
2019-02-19 00:00:00,  660.813120,   27.171630,    0.886998
2019-02-20 00:00:00,  660.960000,   27.220426,    0.887601
2019-02-21 00:00:00,  660.960000,   28.017839,    0.889582
2019-02-22 00:00:00,  660.960000,   28.860272,    0.891595
2019-02-23 00:00:00,  660.960000,   27.921152,    0.893329
2019-02-24 00:00:00,  660.813120,   27.019325,    0.894840
2019-02-25 00:00:00,  660.666240,   26.339151,    0.895016
2019-02-26 00:00:00,  660.519360,   25.594340,    0.896534
2019-02-27 00:00:00,  660.225600,   25.451137,    0.896570
2019-02-28 00:00:00,  659.931840,   25.181087,    0.898179
2019-03-01 00:00:00,  659.197440,   24.983665,    0.898046
2019-03-02 00:00:00,  658.316160,   24.559677,    0.899435
2019-03-03 00:00:00,  657.728640,   24.500806,    0.900658
2019-03-04 00:00:00,  657.141120,   24.132587,    0.900202
2019-03-05 00:00:00,  656.553600,   25.403385,    0.903030
2019-03-06 00:00:00,  655.966080,   25.353098,    0.903090
2019-03-07 00:00:00,  655.378560,   26.423224,    0.907449
2019-03-08 00:00:00,  654.644160,   25.881106,    0.909601
2019-03-09 00:00:00,  653.909760,   25.589770,    0.910126
2019-03-10 00:00:00,  653.175360,   26.005413,    0.911438
2019-03-11 00:00:00,  652.294080,   26.693005,    0.912943
2019-03-12 00:00:00,  651.412800,   27.190377,    0.914872
2019-03-13 00:00:00,  650.531520,   27.085445,    0.916355
2019-03-14 00:00:00,  649.503360,   26.082234,    0.918502
2019-03-15 00:00:00,  648.475200,   25.185680,    0.917829
2019-03-16 00:00:00,  647.447040,   24.555207,    0.917592
2019-03-17 00:00:00,  646.418880,   24.305280,    0.917075
2019-03-18 00:00:00,  645.390720,   24.431059,    0.917986
2019-03-19 00:00:00,  644.215680,   24.593802,    0.919109
2019-03-20 00:00:00,  643.040640,   24.243538,    0.920970
2019-03-21 00:00:00,  641.718720,   23.834007,    0.921963
2019-03-22 00:00:00,  640.396800,   23.668490,    0.922423
2019-03-23 00:00:00,  639.221760,   23.349161,    0.923622
2019-03-24 00:00:00,  637.899840,   23.275859,    0.924705
2019-03-25 00:00:00,  636.431040,   23.609366,    0.925697
2019-03-26 00:00:00,  634.962240,   23.357106,    0.926338
2019-03-27 00:00:00,  633.493440,   23.622125,    0.927596
2019-03-28 00:00:00,  632.024640,   23.764633,    0.928706
2019-03-29 00:00:00,  630.555840,   23.834244,    0.929547
2019-03-30 00:00:00,  629.087040,   23.720560,    0.930155
2019-03-31 00:00:00,  627.471360,   22.817345,    0.930185
2019-04-01 00:00:00,  626.296320,   22.735230,    0.928890
2019-04-02 00:00:00,  625.121280,   22.388752,    0.929536
2019-04-03 00:00:00,  623.358720,   22.064451,    0.928616
2019-04-04 00:00:00,  621.596160,   22.414743,    0.929608
2019-04-05 00:00:00,  619.833600,   22.246056,    0.929983
2019-04-06 00:00:00,  618.071040,   21.599235,    0.930461
2019-04-07 00:00:00,  616.308480,   21.064872,    0.927841
2019-04-08 00:00:00,  614.545920,   21.595028,    0.928470
2019-04-09 00:00:00,  612.783360,   21.505554,    0.928612
2019-04-10 00:00:00,  610.873920,   22.258812,    0.929451
2019-04-11 00:00:00,  608.964480,   22.743478,    0.930170
2019-04-12 00:00:00,  607.055040,   22.656028,    0.931701
2019-04-13 00:00:00,  604.998720,   22.803907,    0.933061
2019-04-14 00:00:00,  602.942400,   22.691465,    0.934302
2019-04-15 00:00:00,  600.886080,   22.873974,    0.935218
2019-04-16 00:00:00,  598.829760,   23.147332,    0.936360
2019-04-17 00:00:00,  596.773440,   22.979572,    0.936195
2019-04-18 00:00:00,  594.717120,   22.646980,    0.937660
2019-04-19 00:00:00,  592.660800,   21.794830,    0.936382
2019-04-20 00:00:00,  590.457600,   21.528681,    0.936226
2019-04-21 00:00:00,  588.254400,   21.130791,    0.934865
2019-04-22 00:00:00,  586.198080,   21.007869,    0.934064
2019-04-23 00:00:00,  583.994880,   20.907901,    0.932263
2019-04-24 00:00:00,  581.644800,   20.756986,    0.932843
2019-04-25 00:00:00,  579.441600,   20.125349,    0.932372
2019-04-26 00:00:00,  577.238400,   19.649436,    0.931366
2019-04-27 00:00:00,  574.888320,   20.046171,    0.930431
2019-04-28 00:00:00,  572.538240,   19.831333,    0.932533
2019-04-29 00:00:00,  570.188160,   19.136656,    0.931172
2019-04-30 00:00:00,  567.838080,   19.356424,    0.926264
2019-05-01 00:00:00,  565.047360,   19.541189,    0.927233
2019-05-02 00:00:00,  562.109760,   19.245227,    0.928028
2019-05-03 00:00:00,  559.612800,   19.248065,    0.928177
2019-05-04 00:00:00,  557.262720,   19.730758,    0.928510
2019-05-05 00:00:00,  554.912640,   19.424391,    0.884589
2019-05-06 00:00:00,  552.415680,   19.551663,    0.890408
2019-05-07 00:00:00,  549.918720,   19.072260,    0.890527
2019-05-08 00:00:00,  547.568640,   18.397134,    0.894057
2019-05-09 00:00:00,  545.071680,   17.984155,    0.895843
2019-05-10 00:00:00,  542.574720,   18.217468,    0.894954
2019-05-11 00:00:00,  540.077760,   18.408501,    0.880046
2019-05-12 00:00:00,  537.580800,   18.429248,    0.885019
2019-05-13 00:00:00,  535.083840,   18.137041,    0.890010
2019-05-14 00:00:00,  532.586880,   18.296735,    0.891483
2019-05-15 00:00:00,  530.089920,   18.717227,    0.891743
2019-05-16 00:00:00,  527.592960,   18.621466,    0.892247
2019-05-17 00:00:00,  525.096000,   18.530869,    0.891981
2019-05-18 00:00:00,  522.599040,   18.217900,    0.892395
2019-05-19 00:00:00,  520.102080,   18.290284,    0.892513
2019-05-20 00:00:00,  517.458240,   18.351052,    0.892324
2019-05-21 00:00:00,  514.961280,   18.171966,    0.893123
2019-05-22 00:00:00,  512.464320,   17.999505,    0.893647
2019-05-23 00:00:00,  509.967360,   17.820491,    0.895141
2019-05-24 00:00:00,  507.470400,   17.708576,    0.896319
2019-05-25 00:00:00,  504.826560,   17.565475,    0.897612
2019-05-26 00:00:00,  502.329600,   17.138087,    0.898594
2019-05-27 00:00:00,  499.832640,   16.861321,    0.899783
2019-05-28 00:00:00,  497.335680,   16.992132,    0.911637
2019-05-29 00:00:00,  494.838720,   17.130879,    0.911871
2019-05-30 00:00:00,  492.341760,   16.873133,    0.912576
2019-05-31 00:00:00,  489.844800,   16.680352,    0.912815
2019-06-01 00:00:00,  488.082240,   16.510694,    0.898480
2019-06-02 00:00:00,  486.319680,   16.758002,    0.899081
2019-06-03 00:00:00,  483.822720,   16.795186,    0.898773
2019-06-04 00:00:00,  481.325760,   16.311440,    0.899445
2019-06-05 00:00:00,  478.828800,   16.229040,    0.900024
2019-06-06 00:00:00,  476.478720,   16.088180,    0.900607
2019-06-07 00:00:00,  473.981760,   15.668913,    0.898892
2019-06-08 00:00:00,  471.484800,   15.611955,    0.884035
2019-06-09 00:00:00,  469.134720,   15.848229,    0.884099
2019-06-10 00:00:00,  466.784640,   16.139968,    0.884415
2019-06-11 00:00:00,  464.434560,   15.849150,    0.882126
2019-06-12 00:00:00,  462.084480,   15.578031,    0.881134
2019-06-13 00:00:00,  459.734400,   15.389684,    0.876198
2019-06-14 00:00:00,  457.384320,   15.076570,    0.874948
2019-06-15 00:00:00,  455.034240,   14.848957,    0.870274
2019-06-16 00:00:00,  452.684160,   15.048376,    0.870368
2019-06-17 00:00:00,  450.334080,   15.016283,    0.870511
2019-06-18 00:00:00,  448.130880,   15.390548,    0.870867
2019-06-19 00:00:00,  445.927680,   15.383231,    0.871061
2019-06-20 00:00:00,  443.577600,   15.633272,    0.868220
2019-06-21 00:00:00,  441.374400,   15.030480,    0.866425
2019-06-22 00:00:00,  439.318080,   15.049039,    0.866545
2019-06-23 00:00:00,  437.114880,   15.078711,    0.866718
2019-06-24 00:00:00,  434.911680,   14.685349,    0.867123
2019-06-25 00:00:00,  432.855360,   14.628640,    0.867322
2019-06-26 00:00:00,  430.799040,   14.227554,    0.866866
2019-06-27 00:00:00,  428.742720,   14.038404,    0.862593
2019-06-28 00:00:00,  426.686400,   14.101473,    0.861131
2019-06-29 00:00:00,  424.630080,   14.087144,    0.860606
2019-06-30 00:00:00,  422.573760,   14.244065,    0.860783
2019-07-01 00:00:00,  420.223680,   14.650403,    0.861423
2019-07-02 00:00:00,  417.873600,   14.553929,    0.861399
2019-07-03 00:00:00,  415.964160,   14.527363,    0.861577
2019-07-04 00:00:00,  414.201600,   14.249710,    0.861455
2019-07-05 00:00:00,  412.292160,   14.253128,    0.861745
2019-07-06 00:00:00,  410.382720,   13.886572,    0.862177
2019-07-07 00:00:00,  408.620160,   13.994378,    0.860169
2019-07-08 00:00:00,  406.857600,   14.108705,    0.860320
2019-07-09 00:00:00,  405.241920,   13.941357,    0.860936
2019-07-10 00:00:00,  403.626240,   13.834200,    0.861123
2019-07-11 00:00:00,  401.863680,   13.575719,    0.850369
2019-07-12 00:00:00,  400.248000,   13.411194,    0.850579
2019-07-13 00:00:00,  398.779200,   13.410479,    0.850645
2019-07-14 00:00:00,  397.163520,   13.300836,    0.850861
2019-07-15 00:00:00,  395.547840,   13.843979,    0.851113
2019-07-16 00:00:00,  394.079040,   13.707546,    0.851238
2019-07-17 00:00:00,  392.757120,   13.516392,    0.845557
2019-07-18 00:00:00,  391.435200,   13.590221,    0.845961
2019-07-19 00:00:00,  389.966400,   13.741828,    0.846724
2019-07-20 00:00:00,  388.644480,   13.646783,    0.846796
2019-07-21 00:00:00,  387.322560,   13.459413,    0.847601
2019-07-22 00:00:00,  386.000640,   13.462493,    0.847749
2019-07-23 00:00:00,  384.825600,   14.466543,    0.848593
2019-07-24 00:00:00,  383.650560,   13.594989,    0.847398
2019-07-25 00:00:00,  382.475520,   13.744870,    0.848172
2019-07-26 00:00:00,  381.447360,   13.480908,    0.847753
2019-07-27 00:00:00,  380.419200,   13.506095,    0.847804
2019-07-28 00:00:00,  379.391040,   13.764171,    0.848167
2019-07-29 00:00:00,  378.362880,   13.760726,    0.848497
2019-07-30 00:00:00,  377.334720,   13.689189,    0.849035
2019-07-31 00:00:00,  376.453440,   13.789782,    0.849374
2019-08-01 00:00:00,  375.865920,   14.055304,    0.840481
2019-08-02 00:00:00,  375.278400,   14.166842,    0.835946
2019-08-03 00:00:00,  374.397120,   13.813229,    0.839248
2019-08-04 00:00:00,  373.662720,   13.978451,    0.838332
2019-08-05 00:00:00,  372.928320,   14.168060,    0.835540
2019-08-06 00:00:00,  372.193920,   14.579348,    0.835815
2019-08-07 00:00:00,  371.606400,   14.528464,    0.834143
2019-08-08 00:00:00,  371.018880,   14.574764,    0.829950
2019-08-09 00:00:00,  370.431360,   14.637904,    0.831229
2019-08-10 00:00:00,  369.990720,   14.910484,    0.831312
2019-08-11 00:00:00,  369.550080,   14.934638,    0.831740
2019-08-12 00:00:00,  369.109440,   15.401777,    0.832326
2019-08-13 00:00:00,  368.815680,   15.150269,    0.808966
2019-08-14 00:00:00,  368.375040,   15.062388,    0.812519
2019-08-15 00:00:00,  368.081280,   15.135129,    0.810016
2019-08-16 00:00:00,  367.934400,   15.235097,    0.810876
2019-08-17 00:00:00,  367.640640,   15.594077,    0.811480
2019-08-18 00:00:00,  367.493760,   15.466492,    0.812384
2019-08-19 00:00:00,  367.346880,   15.493989,    0.812006
2019-08-20 00:00:00,  367.200000,   15.785408,    0.812607
2019-08-21 00:00:00,  367.200000,   16.359431,    0.812604
2019-08-22 00:00:00,  367.200000,   16.450460,    0.809182
2019-08-23 00:00:00,  367.200000,   15.677295,    0.809759
2019-08-24 00:00:00,  367.346880,   15.810498,    0.810148
2019-08-25 00:00:00,  367.493760,   15.676700,    0.810204
2019-08-26 00:00:00,  367.640640,   15.902515,    0.810507
2019-08-27 00:00:00,  367.934400,   16.480443,    0.811215
2019-08-28 00:00:00,  368.228160,   16.959303,    0.811535
2019-08-29 00:00:00,  368.521920,   16.728113,    0.811853
2019-08-30 00:00:00,  368.815680,   16.787833,    0.811962
2019-08-31 00:00:00,  369.256320,   17.081435,    0.812502
2019-09-01 00:00:00,  369.550080,   17.178904,    0.808505
2019-09-02 00:00:00,  369.843840,   16.983942,    0.809318
2019-09-03 00:00:00,  370.431360,   17.750565,    0.810585
2019-09-04 00:00:00,  371.018880,   16.755581,    0.803711
2019-09-05 00:00:00,  371.606400,   15.552771,    0.800154
2019-09-06 00:00:00,  372.193920,   15.152782,    0.800996
2019-09-07 00:00:00,  372.781440,   15.424368,    0.802242
2019-09-08 00:00:00,  373.515840,   15.785300,    0.802842
2019-09-09 00:00:00,  374.250240,   16.636374,    0.803761
2019-09-10 00:00:00,  374.984640,   16.362565,    0.803929
2019-09-11 00:00:00,  375.865920,   16.713571,    0.803901
2019-09-12 00:00:00,  376.747200,   18.445233,    0.805185
2019-09-13 00:00:00,  377.628480,   18.153721,    0.806246
2019-09-14 00:00:00,  378.656640,   17.979969,    0.806652
2019-09-15 00:00:00,  379.684800,   18.182756,    0.807201
2019-09-16 00:00:00,  380.712960,   18.631068,    0.808104
2019-09-17 00:00:00,  381.741120,   18.556137,    0.808371
2019-09-18 00:00:00,  382.769280,   18.798055,    0.809482
2019-09-19 00:00:00,  383.944320,   19.745582,    0.791510
2019-09-20 00:00:00,  385.119360,   20.132535,    0.792452
2019-09-21 00:00:00,  386.441280,   19.689485,    0.794627
2019-09-22 00:00:00,  387.763200,   17.934400,    0.796189
2019-09-23 00:00:00,  389.085120,   17.113647,    0.796438
2019-09-24 00:00:00,  390.407040,   17.652843,    0.797562
2019-09-25 00:00:00,  391.728960,   17.563920,    0.798074
2019-09-26 00:00:00,  393.197760,   17.371130,    0.791042
2019-09-27 00:00:00,  394.666560,   16.607805,    0.790062
2019-09-28 00:00:00,  396.135360,   15.947985,    0.787833
2019-09-29 00:00:00,  397.604160,   16.417315,    0.787979
2019-09-30 00:00:00,  399.219840,   16.947209,    0.788767
2019-10-01 00:00:00,  401.129280,   17.740209,    0.789874
2019-10-02 00:00:00,  403.038720,   18.816062,    0.791413
2019-10-03 00:00:00,  404.801280,   19.878302,    0.793144
2019-10-04 00:00:00,  406.563840,   19.376591,    0.793946
2019-10-05 00:00:00,  408.326400,   20.135215,    0.795647
2019-10-06 00:00:00,  410.088960,   20.187596,    0.797299
2019-10-07 00:00:00,  411.851520,   20.522616,    0.798331
2019-10-08 00:00:00,  413.614080,   20.498867,    0.799278
2019-10-09 00:00:00,  415.523520,   20.960500,    0.801093
2019-10-10 00:00:00,  417.432960,   21.228588,    0.802110
2019-10-11 00:00:00,  419.342400,   21.306584,    0.804687
2019-10-12 00:00:00,  421.251840,   20.785712,    0.805640
2019-10-13 00:00:00,  423.161280,   21.542858,    0.808217
2019-10-14 00:00:00,  425.217600,   20.624959,    0.806849
2019-10-15 00:00:00,  427.273920,   19.957565,    0.807381
2019-10-16 00:00:00,  429.330240,   20.124541,    0.808155
2019-10-17 00:00:00,  431.386560,   20.352488,    0.809062
2019-10-18 00:00:00,  433.442880,   21.033656,    0.809481
2019-10-19 00:00:00,  435.499200,   21.435920,    0.810538
2019-10-20 00:00:00,  437.702400,   21.937334,    0.810737
2019-10-21 00:00:00,  439.905600,   23.051047,    0.814684
2019-10-22 00:00:00,  442.108800,   23.749211,    0.816284
2019-10-23 00:00:00,  444.312000,   22.558318,    0.816776
2019-10-24 00:00:00,  446.515200,   22.027159,    0.818647
2019-10-25 00:00:00,  448.865280,   21.987713,    0.819521
2019-10-26 00:00:00,  451.068480,   21.746774,    0.818701
2019-10-27 00:00:00,  453.271680,   22.046629,    0.819828
2019-10-28 00:00:00,  455.621760,   22.247015,    0.820370
2019-10-29 00:00:00,  457.971840,   23.064452,    0.822482
2019-10-30 00:00:00,  460.321920,   23.551840,    0.825791
2019-10-31 00:00:00,  462.672000,   22.469078,    0.826516
2019-11-01 00:00:00,  464.434560,   21.619340,    0.827869
2019-11-02 00:00:00,  466.197120,   21.385530,    0.828473
2019-11-03 00:00:00,  468.547200,   22.155178,    0.829732
2019-11-04 00:00:00,  470.897280,   21.723869,    0.831385
2019-11-05 00:00:00,  473.247360,   20.348356,    0.823401
2019-11-06 00:00:00,  475.744320,   19.777867,    0.821691
2019-11-07 00:00:00,  478.241280,   20.275028,    0.822095
2019-11-08 00:00:00,  480.591360,   21.585346,    0.824966
2019-11-09 00:00:00,  483.088320,   22.161315,    0.826974
2019-11-10 00:00:00,  485.585280,   23.227090,    0.828494
2019-11-11 00:00:00,  488.082240,   23.029738,    0.829613
2019-11-12 00:00:00,  490.579200,   22.603751,    0.831421
2019-11-13 00:00:00,  493.076160,   22.696653,    0.833930
2019-11-14 00:00:00,  495.573120,   22.636742,    0.835652
2019-11-15 00:00:00,  498.070080,   23.015248,    0.837460
2019-11-16 00:00:00,  500.567040,   23.676897,    0.840107
2019-11-17 00:00:00,  503.064000,   24.175348,    0.842128
2019-11-18 00:00:00,  505.560960,   24.958013,    0.844557
2019-11-19 00:00:00,  508.057920,   24.335483,    0.847439
2019-11-20 00:00:00,  510.701760,   24.720743,    0.848008
2019-11-21 00:00:00,  513.198720,   24.892524,    0.850644
2019-11-22 00:00:00,  515.695680,   25.185025,    0.851313
2019-11-23 00:00:00,  518.192640,   26.360418,    0.853939
2019-11-24 00:00:00,  520.689600,   25.352877,    0.855724
2019-11-25 00:00:00,  523.333440,   24.611688,    0.857032
2019-11-26 00:00:00,  525.830400,   25.091149,    0.857846
2019-11-27 00:00:00,  528.327360,   26.352397,    0.860400
2019-11-28 00:00:00,  530.824320,   25.239236,    0.861891
2019-11-29 00:00:00,  533.321280,   22.024642,    0.848437
2019-11-30 00:00:00,  535.818240,   20.260630,    0.843812
2019-12-01 00:00:00,  538.902720,   20.252533,    0.844301
2019-12-02 00:00:00,  541.987200,   21.021063,    0.845320
2019-12-03 00:00:00,  544.337280,   21.751115,    0.846717
2019-12-04 00:00:00,  546.834240,   22.182920,    0.847139
2019-12-05 00:00:00,  549.331200,   23.503171,    0.850515
2019-12-06 00:00:00,  551.681280,   24.380513,    0.850522
2019-12-07 00:00:00,  554.178240,   25.176159,    0.857351
2019-12-08 00:00:00,  556.675200,   24.136264,    0.858837
2019-12-09 00:00:00,  559.025280,   24.473804,    0.860205
2019-12-10 00:00:00,  561.375360,   24.967433,    0.862014
2019-12-11 00:00:00,  563.725440,   26.245264,    0.864357
2019-12-12 00:00:00,  566.075520,   27.103029,    0.864423
2019-12-13 00:00:00,  568.425600,   26.262952,    0.858426
2019-12-14 00:00:00,  570.775680,   25.223207,    0.850388
2019-12-15 00:00:00,  573.125760,   25.202726,    0.853396
2019-12-16 00:00:00,  575.475840,   25.597858,    0.856124
2019-12-17 00:00:00,  577.825920,   26.305750,    0.858787
2019-12-18 00:00:00,  580.029120,   26.349859,    0.858962
2019-12-19 00:00:00,  582.232320,   25.710340,    0.863574
2019-12-20 00:00:00,  584.582400,   25.721453,    0.865810
2019-12-21 00:00:00,  586.785600,   26.433162,    0.868506
2019-12-22 00:00:00,  588.988800,   25.902424,    0.871487
2019-12-23 00:00:00,  591.192000,   26.048899,    0.873309
2019-12-24 00:00:00,  593.248320,   26.227850,    0.876551
2019-12-25 00:00:00,  595.304640,   26.878245,    0.878476
2019-12-26 00:00:00,  597.360960,   27.528979,    0.881852
2019-12-27 00:00:00,  599.417280,   27.387587,    0.884658
2019-12-28 00:00:00,  601.473600,   27.682291,    0.884554
2019-12-29 00:00:00,  603.529920,   28.850426,    0.885556
2019-12-30 00:00:00,  605.586240,   29.360776,    0.892616
2019-12-31 00:00:00,  607.495680,   29.103209,    0.892597
2020-01-01 00:00:00,  608.817600,   31.346159,    0.900441
2020-01-02 00:00:00,  610.286400,   30.202229,    0.901824
2020-01-03 00:00:00,  612.195840,   29.849517,    0.903664
2020-01-04 00:00:00,  613.958400,   28.006294,    0.903789
2020-01-05 00:00:00,  590.206680,   27.225910,    0.904645
