time,flow,temp,salt
2009-12-31 00:00:00,  304.188480,   24.515688,    0.859588
2010-01-01 00:00:00,  608.817600,   24.679043,    0.875187
2010-01-02 00:00:00,  610.286400,   25.174329,    0.876771
2010-01-03 00:00:00,  612.195840,   26.346731,    0.880094
2010-01-04 00:00:00,  613.958400,   26.074026,    0.883060
2010-01-05 00:00:00,  615.867840,   27.445690,    0.884680
2010-01-06 00:00:00,  617.777280,   27.922729,    0.887712
2010-01-07 00:00:00,  619.539840,   27.371743,    0.889894
2010-01-08 00:00:00,  621.302400,   27.353389,    0.891721
2010-01-09 00:00:00,  622.918080,   27.246054,    0.894373
2010-01-10 00:00:00,  624.533760,   26.029572,    0.895768
2010-01-11 00:00:00,  626.296320,   25.529132,    0.897862
2010-01-12 00:00:00,  627.912000,   25.556284,    0.900295
2010-01-13 00:00:00,  629.380800,   26.359819,    0.902596
2010-01-14 00:00:00,  630.849600,   26.502497,    0.905096
2010-01-15 00:00:00,  632.465280,   25.925735,    0.907450
2010-01-16 00:00:00,  634.080960,   26.705424,    0.910568
2010-01-17 00:00:00,  635.402880,   26.971560,    0.910043
2010-01-18 00:00:00,  636.724800,   28.061149,    0.915364
2010-01-19 00:00:00,  638.193600,   29.039988,    0.918432
2010-01-20 00:00:00,  639.515520,   27.912604,    0.920068
2010-01-21 00:00:00,  640.837440,   26.940746,    0.922747
2010-01-22 00:00:00,  642.159360,   27.163410,    0.924508
2010-01-23 00:00:00,  643.334400,   27.301469,    0.926651
2010-01-24 00:00:00,  644.509440,   28.060199,    0.929385
2010-01-25 00:00:00,  645.684480,   27.829365,    0.931517
2010-01-26 00:00:00,  646.712640,   28.027068,    0.933958
2010-01-27 00:00:00,  647.740800,   27.985171,    0.936663
2010-01-28 00:00:00,  648.768960,   28.032623,    0.938953
2010-01-29 00:00:00,  649.797120,   28.007320,    0.941861
2010-01-30 00:00:00,  650.825280,   26.726211,    0.943608
2010-01-31 00:00:00,  651.706560,   26.358398,    0.945227
2010-02-01 00:00:00,  652.294080,   26.400519,    0.947315
2010-02-02 00:00:00,  652.881600,   25.110481,    0.948575
2010-02-03 00:00:00,  653.762880,   24.504828,    0.950304
2010-02-04 00:00:00,  654.497280,   24.083290,    0.951552
2010-02-05 00:00:00,  655.084800,   24.475542,    0.952974
2010-02-06 00:00:00,  655.819200,   24.034452,    0.953852
2010-02-07 00:00:00,  656.553600,   25.259992,    0.955620
2010-02-08 00:00:00,  657.141120,   25.451431,    0.957067
2010-02-09 00:00:00,  657.728640,   26.821474,    0.958687
2010-02-10 00:00:00,  658.169280,   25.798156,    0.959481
2010-02-11 00:00:00,  658.609920,   26.587545,    0.961857
2010-02-12 00:00:00,  659.050560,   26.579215,    0.964419
2010-02-13 00:00:00,  659.344320,   27.045490,    0.966167
2010-02-14 00:00:00,  659.784960,   27.294972,    0.968129
2010-02-15 00:00:00,  660.078720,   26.849140,    0.969109
2010-02-16 00:00:00,  660.225600,   26.291145,    0.969245
2010-02-17 00:00:00,  660.519360,   27.083510,    0.970650
2010-02-18 00:00:00,  660.666240,   28.214234,    0.972995
2010-02-19 00:00:00,  660.813120,   26.597665,    0.974430
2010-02-20 00:00:00,  660.960000,   25.937279,    0.974781
2010-02-21 00:00:00,  660.960000,   25.454601,    0.976272
2010-02-22 00:00:00,  660.960000,   25.827017,    0.978119
2010-02-23 00:00:00,  660.960000,   25.548357,    0.979740
2010-02-24 00:00:00,  660.813120,   26.092262,    0.981388
2010-02-25 00:00:00,  660.666240,   26.589277,    0.983392
2010-02-26 00:00:00,  660.519360,   26.977833,    0.987110
2010-02-27 00:00:00,  660.225600,   27.178801,    0.990584
2010-02-28 00:00:00,  659.931840,   26.860909,    0.992654
2010-03-01 00:00:00,  659.197440,   27.071997,    0.994997
2010-03-02 00:00:00,  658.316160,   27.333079,    0.997256
2010-03-03 00:00:00,  657.728640,   26.469587,    0.998773
2010-03-04 00:00:00,  657.141120,   25.037148,    0.997855
2010-03-05 00:00:00,  656.553600,   24.651858,    0.998332
2010-03-06 00:00:00,  655.966080,   25.040134,    0.999516
2010-03-07 00:00:00,  655.378560,   25.272234,    1.001035
2010-03-08 00:00:00,  654.644160,   25.276101,    1.003238
2010-03-09 00:00:00,  653.909760,   25.421313,    1.004974
2010-03-10 00:00:00,  653.175360,   25.323605,    1.006923
2010-03-11 00:00:00,  652.294080,   25.722256,    1.008559
2010-03-12 00:00:00,  651.412800,   26.141864,    1.009603
2010-03-13 00:00:00,  650.531520,   26.058106,    1.012227
2010-03-14 00:00:00,  649.503360,   26.748779,    1.011533
2010-03-15 00:00:00,  648.475200,   26.273832,    1.013724
2010-03-16 00:00:00,  647.447040,   25.006545,    1.014580
2010-03-17 00:00:00,  646.418880,   24.580365,    1.013910
2010-03-18 00:00:00,  645.390720,   24.045055,    1.014924
2010-03-19 00:00:00,  644.215680,   23.343290,    1.014060
2010-03-20 00:00:00,  643.040640,   23.716152,    1.013872
2010-03-21 00:00:00,  641.718720,   25.013896,    1.016564
2010-03-22 00:00:00,  640.396800,   24.790507,    0.944251
2010-03-23 00:00:00,  639.221760,   25.057231,    0.955479
2010-03-24 00:00:00,  637.899840,   25.736456,    0.958118
2010-03-25 00:00:00,  636.431040,   25.224007,    0.962573
2010-03-26 00:00:00,  634.962240,   25.135608,    0.972910
2010-03-27 00:00:00,  633.493440,   24.121894,    0.978005
2010-03-28 00:00:00,  632.024640,   23.752935,    0.985096
2010-03-29 00:00:00,  630.555840,   23.848967,    0.988035
2010-03-30 00:00:00,  629.087040,   23.883564,    0.989656
2010-03-31 00:00:00,  627.471360,   23.578608,    0.991121
2010-04-01 00:00:00,  626.296320,   23.745061,    0.992314
2010-04-02 00:00:00,  625.121280,   23.860887,    0.993986
2010-04-03 00:00:00,  623.358720,   22.950591,    0.994960
2010-04-04 00:00:00,  621.596160,   22.354213,    0.995259
2010-04-05 00:00:00,  619.833600,   22.778011,    0.996005
2010-04-06 00:00:00,  618.071040,   22.206659,    0.995929
2010-04-07 00:00:00,  616.308480,   22.741889,    0.996830
2010-04-08 00:00:00,  614.545920,   22.828233,    0.997874
2010-04-09 00:00:00,  612.783360,   22.529280,    0.999180
2010-04-10 00:00:00,  610.873920,   22.173822,    0.999656
2010-04-11 00:00:00,  608.964480,   22.642625,    1.000143
2010-04-12 00:00:00,  607.055040,   21.114038,    0.999469
2010-04-13 00:00:00,  604.998720,   20.695364,    0.992505
2010-04-14 00:00:00,  602.942400,   20.250684,    0.991510
2010-04-15 00:00:00,  600.886080,   20.721627,    0.991244
2010-04-16 00:00:00,  598.829760,   21.427839,    0.992296
2010-04-17 00:00:00,  596.773440,   21.321393,    0.992653
2010-04-18 00:00:00,  594.717120,   21.792652,    0.993494
2010-04-19 00:00:00,  592.660800,   22.150823,    0.994520
2010-04-20 00:00:00,  590.457600,   22.582158,    0.995588
2010-04-21 00:00:00,  588.254400,   21.984825,    0.995659
2010-04-22 00:00:00,  586.198080,   21.140659,    0.996575
2010-04-23 00:00:00,  583.994880,   20.724878,    0.996727
2010-04-24 00:00:00,  581.644800,   20.593261,    0.997154
2010-04-25 00:00:00,  579.441600,   20.425570,    0.997411
2010-04-26 00:00:00,  577.238400,   20.484609,    0.998294
2010-04-27 00:00:00,  574.888320,   20.412297,    0.998526
2010-04-28 00:00:00,  572.538240,   20.602497,    0.998810
2010-04-29 00:00:00,  570.188160,   20.252082,    0.998907
2010-04-30 00:00:00,  567.838080,   20.333543,    0.999552
2010-05-01 00:00:00,  565.047360,   19.909424,    0.999323
2010-05-02 00:00:00,  562.109760,   20.138964,    0.999596
2010-05-03 00:00:00,  559.612800,   19.599612,    0.999000
2010-05-04 00:00:00,  557.262720,   19.451312,    0.999416
2010-05-05 00:00:00,  554.912640,   19.516930,    0.999867
2010-05-06 00:00:00,  552.415680,   19.234139,    1.000069
2010-05-07 00:00:00,  549.918720,   19.291129,    1.000243
2010-05-08 00:00:00,  547.568640,   19.240427,    1.000628
2010-05-09 00:00:00,  545.071680,   18.935629,    1.000746
2010-05-10 00:00:00,  542.574720,   18.627225,    1.000974
2010-05-11 00:00:00,  540.077760,   18.614425,    1.001830
2010-05-12 00:00:00,  537.580800,   18.811304,    1.002283
2010-05-13 00:00:00,  535.083840,   17.964907,    0.993999
2010-05-14 00:00:00,  532.586880,   17.788531,    0.995514
2010-05-15 00:00:00,  530.089920,   17.788709,    0.996778
2010-05-16 00:00:00,  527.592960,   17.630555,    0.998265
2010-05-17 00:00:00,  525.096000,   17.595969,    0.999027
2010-05-18 00:00:00,  522.599040,   17.328349,    1.000693
2010-05-19 00:00:00,  520.102080,   17.751779,    1.000782
2010-05-20 00:00:00,  517.458240,   18.026608,    1.001152
2010-05-21 00:00:00,  514.961280,   17.528135,    1.001945
2010-05-22 00:00:00,  512.464320,   17.678352,    0.978606
2010-05-23 00:00:00,  509.967360,   16.970102,    0.989531
2010-05-24 00:00:00,  507.470400,   17.121928,    0.991756
2010-05-25 00:00:00,  504.826560,   16.899719,    0.992648
2010-05-26 00:00:00,  502.329600,   16.721442,    0.998714
2010-05-27 00:00:00,  499.832640,   16.552809,    1.000092
2010-05-28 00:00:00,  497.335680,   16.746619,    1.000729
2010-05-29 00:00:00,  494.838720,   16.628159,    1.001333
2010-05-30 00:00:00,  492.341760,   16.887300,    1.002802
2010-05-31 00:00:00,  489.844800,   16.733320,    0.994261
2010-06-01 00:00:00,  488.082240,   16.715069,    1.000146
2010-06-02 00:00:00,  486.319680,   16.698494,    1.003145
2010-06-03 00:00:00,  483.822720,   16.628022,    1.003538
2010-06-04 00:00:00,  481.325760,   16.187593,    1.004798
2010-06-05 00:00:00,  478.828800,   16.286989,    1.008019
2010-06-06 00:00:00,  476.478720,   16.707777,    1.009300
2010-06-07 00:00:00,  473.981760,   16.382185,    1.009484
2010-06-08 00:00:00,  471.484800,   15.902407,    1.014713
2010-06-09 00:00:00,  469.134720,   15.769153,    1.040329
2010-06-10 00:00:00,  466.784640,   15.953398,    1.052614
2010-06-11 00:00:00,  464.434560,   15.485546,    1.054206
2010-06-12 00:00:00,  462.084480,   15.693818,    1.055061
2010-06-13 00:00:00,  459.734400,   15.509188,    1.056542
2010-06-14 00:00:00,  457.384320,   15.795835,    1.087727
2010-06-15 00:00:00,  455.034240,   15.518894,    1.081350
2010-06-16 00:00:00,  452.684160,   15.871949,    1.083954
2010-06-17 00:00:00,  450.334080,   15.593985,    1.083732
2010-06-18 00:00:00,  448.130880,   15.691735,    1.083865
2010-06-19 00:00:00,  445.927680,   15.892068,    1.083885
2010-06-20 00:00:00,  443.577600,   15.878027,    1.084358
2010-06-21 00:00:00,  441.374400,   16.132919,    1.084638
2010-06-22 00:00:00,  439.318080,   15.653894,    1.087049
2010-06-23 00:00:00,  437.114880,   15.565587,    1.079782
2010-06-24 00:00:00,  434.911680,   15.427923,    1.080921
2010-06-25 00:00:00,  432.855360,   15.301180,    1.081260
2010-06-26 00:00:00,  430.799040,   15.094198,    1.081677
2010-06-27 00:00:00,  428.742720,   14.661542,    1.080161
2010-06-28 00:00:00,  426.686400,   14.890992,    1.080837
2010-06-29 00:00:00,  424.630080,   14.550446,    1.080688
2010-06-30 00:00:00,  422.573760,   14.467033,    1.081221
2010-07-01 00:00:00,  420.223680,   14.305783,    1.081572
2010-07-02 00:00:00,  417.873600,   14.236542,    1.075605
2010-07-03 00:00:00,  415.964160,   14.185728,    1.077125
2010-07-04 00:00:00,  414.201600,   14.098264,    1.078460
2010-07-05 00:00:00,  412.292160,   14.079422,    1.078467
2010-07-06 00:00:00,  410.382720,   13.980535,    1.079387
2010-07-07 00:00:00,  408.620160,   13.742698,    1.079737
2010-07-08 00:00:00,  406.857600,   13.516962,    1.071741
2010-07-09 00:00:00,  405.241920,   13.124882,    1.066806
2010-07-10 00:00:00,  403.626240,   13.109294,    1.061436
2010-07-11 00:00:00,  401.863680,   13.194987,    1.056179
2010-07-12 00:00:00,  400.248000,   12.922810,    1.054088
2010-07-13 00:00:00,  398.779200,   13.029282,    1.053821
2010-07-14 00:00:00,  397.163520,   13.297059,    1.052706
2010-07-15 00:00:00,  395.547840,   13.037022,    1.053768
2010-07-16 00:00:00,  394.079040,   12.982392,    1.050939
2010-07-17 00:00:00,  392.757120,   13.097130,    1.050778
2010-07-18 00:00:00,  391.435200,   13.098717,    1.051719
2010-07-19 00:00:00,  389.966400,   13.271303,    1.050996
2010-07-20 00:00:00,  388.644480,   13.249599,    1.051512
2010-07-21 00:00:00,  387.322560,   13.269531,    1.051805
2010-07-22 00:00:00,  386.000640,   13.404218,    1.052283
2010-07-23 00:00:00,  384.825600,   13.404030,    1.052668
2010-07-24 00:00:00,  383.650560,   13.404759,    1.053563
2010-07-25 00:00:00,  382.475520,   13.284525,    1.052825
2010-07-26 00:00:00,  381.447360,   13.620992,    1.051825
2010-07-27 00:00:00,  380.419200,   14.061479,    1.048826
2010-07-28 00:00:00,  379.391040,   14.153766,    1.046910
2010-07-29 00:00:00,  378.362880,   13.919007,    1.043649
2010-07-30 00:00:00,  377.334720,   13.961394,    1.044544
2010-07-31 00:00:00,  376.453440,   14.103710,    1.044578
2010-08-01 00:00:00,  375.865920,   14.352350,    1.044975
2010-08-02 00:00:00,  375.278400,   14.807458,    1.045936
2010-08-03 00:00:00,  374.397120,   14.737934,    1.046024
2010-08-04 00:00:00,  373.662720,   14.791004,    1.046573
2010-08-05 00:00:00,  372.928320,   14.893546,    1.047112
2010-08-06 00:00:00,  372.193920,   15.380284,    1.048244
2010-08-07 00:00:00,  371.606400,   15.207721,    1.048192
2010-08-08 00:00:00,  371.018880,   15.188843,    1.049672
2010-08-09 00:00:00,  370.431360,   14.991795,    1.049969
2010-08-10 00:00:00,  369.990720,   14.402396,    1.050017
2010-08-11 00:00:00,  369.550080,   13.790394,    1.050039
2010-08-12 00:00:00,  369.109440,   13.853912,    1.028463
2010-08-13 00:00:00,  368.815680,   13.957109,    1.026518
2010-08-14 00:00:00,  368.375040,   14.099294,    1.026773
2010-08-15 00:00:00,  368.081280,   14.569868,    1.027386
2010-08-16 00:00:00,  367.934400,   14.390565,    1.027910
2010-08-17 00:00:00,  367.640640,   14.156545,    1.026480
2010-08-18 00:00:00,  367.493760,   13.908801,    1.025448
2010-08-19 00:00:00,  367.346880,   13.921356,    1.025939
2010-08-20 00:00:00,  367.200000,   14.279614,    1.014235
2010-08-21 00:00:00,  367.200000,   14.297158,    1.017760
2010-08-22 00:00:00,  367.200000,   14.694428,    1.015868
2010-08-23 00:00:00,  367.200000,   14.702791,    1.015924
2010-08-24 00:00:00,  367.346880,   15.160825,    1.016119
2010-08-25 00:00:00,  367.493760,   15.471352,    1.017363
2010-08-26 00:00:00,  367.640640,   15.362336,    1.017335
2010-08-27 00:00:00,  367.934400,   15.364434,    1.018231
2010-08-28 00:00:00,  368.228160,   15.847347,    1.019174
2010-08-29 00:00:00,  368.521920,   16.428825,    1.019262
2010-08-30 00:00:00,  368.815680,   16.712012,    1.019420
2010-08-31 00:00:00,  369.256320,   16.111191,    1.003378
2010-09-01 00:00:00,  369.550080,   15.622772,    1.006756
2010-09-02 00:00:00,  369.843840,   15.544059,    1.008927
2010-09-03 00:00:00,  370.431360,   15.586727,    1.008854
2010-09-04 00:00:00,  371.018880,   16.163030,    1.008778
2010-09-05 00:00:00,  371.606400,   16.806757,    1.008763
2010-09-06 00:00:00,  372.193920,   17.297056,    1.009709
2010-09-07 00:00:00,  372.781440,   16.805745,    0.994803
2010-09-08 00:00:00,  373.515840,   16.132926,    0.995724
2010-09-09 00:00:00,  374.250240,   16.229521,    0.993704
2010-09-10 00:00:00,  374.984640,   16.295810,    0.993737
2010-09-11 00:00:00,  375.865920,   16.462016,    0.994403
2010-09-12 00:00:00,  376.747200,   16.162746,    0.989192
2010-09-13 00:00:00,  377.628480,   16.424451,    0.990654
2010-09-14 00:00:00,  378.656640,   16.938669,    0.991973
2010-09-15 00:00:00,  379.684800,   17.032256,    0.992789
2010-09-16 00:00:00,  380.712960,   17.255407,    0.995001
2010-09-17 00:00:00,  381.741120,   16.956955,    0.995375
2010-09-18 00:00:00,  382.769280,   16.730910,    0.997810
2010-09-19 00:00:00,  383.944320,   16.543358,    0.998389
2010-09-20 00:00:00,  385.119360,   17.128567,    1.000235
2010-09-21 00:00:00,  386.441280,   17.692304,    1.001502
2010-09-22 00:00:00,  387.763200,   18.342884,    1.002985
2010-09-23 00:00:00,  389.085120,   18.970223,    1.004467
2010-09-24 00:00:00,  390.407040,   19.555334,    1.004380
2010-09-25 00:00:00,  391.728960,   21.093002,    1.008245
2010-09-26 00:00:00,  393.197760,   20.835944,    1.009609
2010-09-27 00:00:00,  394.666560,   21.087271,    1.011279
2010-09-28 00:00:00,  396.135360,   21.181860,    1.013534
2010-09-29 00:00:00,  397.604160,   20.812006,    1.014714
2010-09-30 00:00:00,  399.219840,   20.485025,    1.015202
2010-10-01 00:00:00,  401.129280,   21.297471,    1.017156
2010-10-02 00:00:00,  403.038720,   20.763490,    1.018395
2010-10-03 00:00:00,  404.801280,   21.597028,    1.019494
2010-10-04 00:00:00,  406.563840,   21.936320,    1.021777
2010-10-05 00:00:00,  408.326400,   20.661350,    1.021417
2010-10-06 00:00:00,  410.088960,   20.727921,    1.024088
2010-10-07 00:00:00,  411.851520,   21.184756,    1.025711
2010-10-08 00:00:00,  413.614080,   21.137984,    1.025780
2010-10-09 00:00:00,  415.523520,   21.749578,    1.028211
2010-10-10 00:00:00,  417.432960,   20.477451,    1.032296
2010-10-11 00:00:00,  419.342400,   20.322563,    1.033528
2010-10-12 00:00:00,  421.251840,   20.483937,    1.035353
2010-10-13 00:00:00,  423.161280,   20.414631,    1.036468
2010-10-14 00:00:00,  425.217600,   20.156183,    1.038572
2010-10-15 00:00:00,  427.273920,   20.228179,    1.040466
2010-10-16 00:00:00,  429.330240,   20.287033,    1.041398
2010-10-17 00:00:00,  431.386560,   20.571067,    1.041750
2010-10-18 00:00:00,  433.442880,   22.291131,    1.045698
2010-10-19 00:00:00,  435.499200,   22.535749,    1.046005
2010-10-20 00:00:00,  437.702400,   21.495188,    1.036309
2010-10-21 00:00:00,  439.905600,   21.520423,    1.039616
2010-10-22 00:00:00,  442.108800,   21.769731,    1.042161
2010-10-23 00:00:00,  444.312000,   21.433232,    1.042755
2010-10-24 00:00:00,  446.515200,   21.514635,    1.045447
2010-10-25 00:00:00,  448.865280,   21.827304,    1.047617
2010-10-26 00:00:00,  451.068480,   22.848898,    1.049407
2010-10-27 00:00:00,  453.271680,   21.892478,    1.051330
2010-10-28 00:00:00,  455.621760,   20.800313,    1.053361
2010-10-29 00:00:00,  457.971840,   21.082316,    1.055027
2010-10-30 00:00:00,  460.321920,   21.326056,    1.056009
2010-10-31 00:00:00,  462.672000,   21.914571,    1.059011
2010-11-01 00:00:00,  464.434560,   21.938127,    1.059681
2010-11-02 00:00:00,  466.197120,   22.380550,    1.062894
2010-11-03 00:00:00,  468.547200,   23.264648,    1.066353
2010-11-04 00:00:00,  470.897280,   23.271550,    1.071474
2010-11-05 00:00:00,  473.247360,   22.783715,    1.072568
2010-11-06 00:00:00,  475.744320,   23.271948,    1.075203
2010-11-07 00:00:00,  478.241280,   22.868075,    1.076843
2010-11-08 00:00:00,  480.591360,   24.025130,    1.077591
2010-11-09 00:00:00,  483.088320,   23.629138,    1.078487
2010-11-10 00:00:00,  485.585280,   22.810370,    1.076790
2010-11-11 00:00:00,  488.082240,   22.405960,    1.079330
2010-11-12 00:00:00,  490.579200,   21.919527,    1.079599
2010-11-13 00:00:00,  493.076160,   21.979886,    1.080569
2010-11-14 00:00:00,  495.573120,   21.938665,    1.082450
2010-11-15 00:00:00,  498.070080,   22.574811,    1.085818
2010-11-16 00:00:00,  500.567040,   23.088884,    1.087945
2010-11-17 00:00:00,  503.064000,   24.074382,    1.091283
2010-11-18 00:00:00,  505.560960,   24.913310,    1.094730
2010-11-19 00:00:00,  508.057920,   24.544957,    1.095603
2010-11-20 00:00:00,  510.701760,   25.083540,    1.098773
2010-11-21 00:00:00,  513.198720,   25.380957,    1.100414
2010-11-22 00:00:00,  515.695680,   25.328719,    1.103857
2010-11-23 00:00:00,  518.192640,   24.506436,    1.108075
2010-11-24 00:00:00,  520.689600,   24.667812,    1.109706
2010-11-25 00:00:00,  523.333440,   24.522450,    1.111684
2010-11-26 00:00:00,  525.830400,   24.932371,    1.116719
2010-11-27 00:00:00,  528.327360,   24.331358,    1.114605
2010-11-28 00:00:00,  530.824320,   25.028660,    1.120857
2010-11-29 00:00:00,  533.321280,   25.614983,    1.125490
2010-11-30 00:00:00,  535.818240,   25.962613,    1.127837
2010-12-01 00:00:00,  538.902720,   24.042861,    1.128885
2010-12-02 00:00:00,  541.987200,   23.335577,    1.128049
2010-12-03 00:00:00,  544.337280,   22.940945,    1.128199
2010-12-04 00:00:00,  546.834240,   23.687613,    1.130766
2010-12-05 00:00:00,  549.331200,   23.128773,    1.129880
2010-12-06 00:00:00,  551.681280,   22.348988,    1.128059
2010-12-07 00:00:00,  554.178240,   23.080579,    1.126787
2010-12-08 00:00:00,  556.675200,   22.793465,    1.128499
2010-12-09 00:00:00,  559.025280,   22.934132,    1.130465
2010-12-10 00:00:00,  561.375360,   23.462743,    1.132768
2010-12-11 00:00:00,  563.725440,   24.109586,    1.135318
2010-12-12 00:00:00,  566.075520,   24.926262,    1.137870
2010-12-13 00:00:00,  568.425600,   24.457746,    1.141191
2010-12-14 00:00:00,  570.775680,   24.108795,    1.143637
2010-12-15 00:00:00,  573.125760,   24.387213,    1.143964
2010-12-16 00:00:00,  575.475840,   24.078352,    1.139236
2010-12-17 00:00:00,  577.825920,   24.622622,    1.142508
2010-12-18 00:00:00,  580.029120,   24.859568,    1.145897
2010-12-19 00:00:00,  582.232320,   24.229415,    1.147159
2010-12-20 00:00:00,  584.582400,   22.330256,    1.141365
2010-12-21 00:00:00,  586.785600,   22.508178,    1.142464
2010-12-22 00:00:00,  588.988800,   22.581048,    1.143161
2010-12-23 00:00:00,  591.192000,   23.226045,    1.143989
2010-12-24 00:00:00,  593.248320,   25.771034,    1.144411
2010-12-25 00:00:00,  595.304640,   27.314618,    1.148959
2010-12-26 00:00:00,  597.360960,   26.625920,    1.150567
2010-12-27 00:00:00,  599.417280,   27.011805,    1.157454
2010-12-28 00:00:00,  601.473600,   26.644116,    1.161265
2010-12-29 00:00:00,  603.529920,   26.787596,    1.165482
2010-12-30 00:00:00,  605.586240,   26.795409,    1.168972
2010-12-31 00:00:00,  607.495680,   26.170140,    1.171202
2011-01-01 00:00:00,  608.817600,   26.419385,    1.173604
2011-01-02 00:00:00,  610.286400,   27.329018,    1.174134
2011-01-03 00:00:00,  612.195840,   27.306008,    1.174068
2011-01-04 00:00:00,  613.958400,   27.885195,    1.173897
2011-01-05 00:00:00,  615.867840,   27.741891,    1.159049
2011-01-06 00:00:00,  617.777280,   27.503202,    1.165562
2011-01-07 00:00:00,  619.539840,   26.957564,    1.168602
2011-01-08 00:00:00,  621.302400,   27.089742,    1.171872
2011-01-09 00:00:00,  622.918080,   27.586654,    1.175270
2011-01-10 00:00:00,  624.533760,   27.796629,    1.179956
2011-01-11 00:00:00,  626.296320,   27.985231,    1.182995
2011-01-12 00:00:00,  627.912000,   27.674546,    1.185420
2011-01-13 00:00:00,  629.380800,   27.718461,    1.189248
2011-01-14 00:00:00,  630.849600,   26.925279,    1.191423
2011-01-15 00:00:00,  632.465280,   26.423405,    1.192545
2011-01-16 00:00:00,  634.080960,   26.824078,    1.191689
2011-01-17 00:00:00,  635.402880,   27.092330,    1.195029
2011-01-18 00:00:00,  636.724800,   27.355792,    1.197614
2011-01-19 00:00:00,  638.193600,   27.066629,    1.200553
2011-01-20 00:00:00,  639.515520,   26.638851,    1.200374
2011-01-21 00:00:00,  640.837440,   26.207676,    1.201781
2011-01-22 00:00:00,  642.159360,   26.078202,    1.201972
2011-01-23 00:00:00,  643.334400,   25.790382,    1.203728
2011-01-24 00:00:00,  644.509440,   24.303493,    1.189118
2011-01-25 00:00:00,  645.684480,   24.905748,    1.187807
2011-01-26 00:00:00,  646.712640,   25.096553,    1.189970
2011-01-27 00:00:00,  647.740800,   26.293972,    1.191870
2011-01-28 00:00:00,  648.768960,   27.830299,    1.193238
2011-01-29 00:00:00,  649.797120,   28.959901,    1.195420
2011-01-30 00:00:00,  650.825280,   29.557972,    1.198700
2011-01-31 00:00:00,  651.706560,   27.886957,    1.198919
2011-02-01 00:00:00,  652.294080,   27.341502,    1.202975
2011-02-02 00:00:00,  652.881600,   27.418924,    1.205332
2011-02-03 00:00:00,  653.762880,   27.648580,    1.208783
2011-02-04 00:00:00,  654.497280,   27.591900,    1.212631
2011-02-05 00:00:00,  655.084800,   26.225706,    1.214358
2011-02-06 00:00:00,  655.819200,   25.255061,    1.210889
2011-02-07 00:00:00,  656.553600,   25.597799,    1.210600
2011-02-08 00:00:00,  657.141120,   26.766911,    1.214701
2011-02-09 00:00:00,  657.728640,   27.933803,    1.217192
2011-02-10 00:00:00,  658.169280,   28.169676,    1.221671
2011-02-11 00:00:00,  658.609920,   27.309209,    1.225845
2011-02-12 00:00:00,  659.050560,   26.627654,    1.228240
2011-02-13 00:00:00,  659.344320,   27.058691,    1.229540
2011-02-14 00:00:00,  659.784960,   27.430918,    1.231130
2011-02-15 00:00:00,  660.078720,   27.903763,    1.234197
2011-02-16 00:00:00,  660.225600,   28.388180,    1.238513
2011-02-17 00:00:00,  660.519360,   28.018143,    1.241798
2011-02-18 00:00:00,  660.666240,   28.549429,    1.245033
2011-02-19 00:00:00,  660.813120,   28.011719,    1.247562
2011-02-20 00:00:00,  660.960000,   26.099504,    1.244152
2011-02-21 00:00:00,  660.960000,   27.500681,    1.247519
2011-02-22 00:00:00,  660.960000,   27.483406,    1.252410
2011-02-23 00:00:00,  660.960000,   28.228259,    1.254570
2011-02-24 00:00:00,  660.813120,   28.223560,    1.256394
2011-02-25 00:00:00,  660.666240,   29.006852,    1.256232
2011-02-26 00:00:00,  660.519360,   30.571035,    1.258496
2011-02-27 00:00:00,  660.225600,   30.636078,    1.262364
2011-02-28 00:00:00,  659.931840,   30.590174,    1.266862
2011-03-01 00:00:00,  659.197440,   29.165723,    1.266552
2011-03-02 00:00:00,  658.316160,   28.989599,    1.269959
2011-03-03 00:00:00,  657.728640,   28.711141,    1.272928
2011-03-04 00:00:00,  657.141120,   28.963771,    1.275233
2011-03-05 00:00:00,  656.553600,   28.140716,    1.276654
2011-03-06 00:00:00,  655.966080,   27.255983,    1.274828
2011-03-07 00:00:00,  655.378560,   26.670951,    1.272229
2011-03-08 00:00:00,  654.644160,   26.114879,    1.273018
2011-03-09 00:00:00,  653.909760,   26.099756,    1.275942
2011-03-10 00:00:00,  653.175360,   26.282477,    1.277555
2011-03-11 00:00:00,  652.294080,   25.842210,    1.278690
2011-03-12 00:00:00,  651.412800,   24.923711,    1.274523
2011-03-13 00:00:00,  650.531520,   24.710915,    1.270181
2011-03-14 00:00:00,  649.503360,   25.370968,    1.271176
2011-03-15 00:00:00,  648.475200,   24.997623,    1.274345
2011-03-16 00:00:00,  647.447040,   25.332642,    1.277174
2011-03-17 00:00:00,  646.418880,   25.870080,    1.278697
2011-03-18 00:00:00,  645.390720,   26.151937,    1.279601
2011-03-19 00:00:00,  644.215680,   25.635415,    1.282353
2011-03-20 00:00:00,  643.040640,   24.859987,    1.284673
2011-03-21 00:00:00,  641.718720,   24.774328,    1.280143
2011-03-22 00:00:00,  640.396800,   25.588653,    1.282445
2011-03-23 00:00:00,  639.221760,   25.865857,    1.284418
2011-03-24 00:00:00,  637.899840,   26.059117,    1.286540
2011-03-25 00:00:00,  636.431040,   26.449576,    1.289814
2011-03-26 00:00:00,  634.962240,   26.367884,    1.292560
2011-03-27 00:00:00,  633.493440,   26.506976,    1.293758
2011-03-28 00:00:00,  632.024640,   26.130070,    1.295561
2011-03-29 00:00:00,  630.555840,   25.798546,    1.297547
2011-03-30 00:00:00,  629.087040,   25.537489,    1.294861
2011-03-31 00:00:00,  627.471360,   25.354555,    1.295949
2011-04-01 00:00:00,  626.296320,   25.066455,    1.298154
2011-04-02 00:00:00,  625.121280,   24.656164,    1.296009
2011-04-03 00:00:00,  623.358720,   24.489169,    1.296999
2011-04-04 00:00:00,  621.596160,   24.252176,    1.298489
2011-04-05 00:00:00,  619.833600,   24.671329,    1.299237
2011-04-06 00:00:00,  618.071040,   24.455910,    1.300208
2011-04-07 00:00:00,  616.308480,   23.474265,    1.295867
2011-04-08 00:00:00,  614.545920,   23.082537,    1.293458
2011-04-09 00:00:00,  612.783360,   22.254969,    1.288017
2011-04-10 00:00:00,  610.873920,   21.732742,    1.279763
2011-04-11 00:00:00,  608.964480,   21.907412,    1.256237
2011-04-12 00:00:00,  607.055040,   21.693256,    1.262699
2011-04-13 00:00:00,  604.998720,   22.127352,    1.263276
2011-04-14 00:00:00,  602.942400,   22.252435,    1.264516
2011-04-15 00:00:00,  600.886080,   22.237379,    1.266492
2011-04-16 00:00:00,  598.829760,   22.103532,    1.266282
2011-04-17 00:00:00,  596.773440,   21.726293,    1.267353
2011-04-18 00:00:00,  594.717120,   21.450692,    1.266887
2011-04-19 00:00:00,  592.660800,   21.251793,    1.265911
2011-04-20 00:00:00,  590.457600,   20.904870,    1.266491
2011-04-21 00:00:00,  588.254400,   21.100083,    1.267761
2011-04-22 00:00:00,  586.198080,   21.726590,    1.267924
2011-04-23 00:00:00,  583.994880,   22.103220,    1.268583
2011-04-24 00:00:00,  581.644800,   22.348433,    1.270010
2011-04-25 00:00:00,  579.441600,   22.790101,    1.271065
2011-04-26 00:00:00,  577.238400,   22.502004,    1.262713
2011-04-27 00:00:00,  574.888320,   21.118293,    1.260378
2011-04-28 00:00:00,  572.538240,   20.440784,    1.258484
2011-04-29 00:00:00,  570.188160,   20.382965,    1.257505
2011-04-30 00:00:00,  567.838080,   20.326307,    1.257701
2011-05-01 00:00:00,  565.047360,   20.452036,    1.257872
2011-05-02 00:00:00,  562.109760,   20.496173,    1.258598
2011-05-03 00:00:00,  559.612800,   20.604882,    1.259611
2011-05-04 00:00:00,  557.262720,   20.667680,    1.260571
2011-05-05 00:00:00,  554.912640,   20.297578,    1.260963
2011-05-06 00:00:00,  552.415680,   19.906704,    1.260101
2011-05-07 00:00:00,  549.918720,   19.567236,    1.259289
2011-05-08 00:00:00,  547.568640,   19.559542,    1.259042
2011-05-09 00:00:00,  545.071680,   19.215374,    1.260153
2011-05-10 00:00:00,  542.574720,   19.322405,    1.258882
2011-05-11 00:00:00,  540.077760,   19.091918,    1.259426
2011-05-12 00:00:00,  537.580800,   18.835612,    1.259022
2011-05-13 00:00:00,  535.083840,   18.495964,    1.258756
2011-05-14 00:00:00,  532.586880,   18.225293,    1.259381
2011-05-15 00:00:00,  530.089920,   17.786945,    1.258293
2011-05-16 00:00:00,  527.592960,   17.911434,    1.254938
2011-05-17 00:00:00,  525.096000,   17.901649,    1.254372
2011-05-18 00:00:00,  522.599040,   18.251096,    1.247576
2011-05-19 00:00:00,  520.102080,   18.149469,    1.247904
2011-05-20 00:00:00,  517.458240,   17.538454,    1.237521
2011-05-21 00:00:00,  514.961280,   17.441520,    1.240284
2011-05-22 00:00:00,  512.464320,   17.638045,    1.240995
2011-05-23 00:00:00,  509.967360,   17.955856,    1.241522
2011-05-24 00:00:00,  507.470400,   17.401806,    1.241996
2011-05-25 00:00:00,  504.826560,   17.075069,    1.241953
2011-05-26 00:00:00,  502.329600,   17.080082,    1.244707
2011-05-27 00:00:00,  499.832640,   17.183217,    1.245485
2011-05-28 00:00:00,  497.335680,   17.405205,    1.246081
2011-05-29 00:00:00,  494.838720,   17.097053,    1.244196
2011-05-30 00:00:00,  492.341760,   17.202490,    1.235162
2011-05-31 00:00:00,  489.844800,   17.373831,    1.235673
2011-06-01 00:00:00,  488.082240,   17.268469,    1.220971
2011-06-02 00:00:00,  486.319680,   17.146691,    1.224238
2011-06-03 00:00:00,  483.822720,   17.119728,    1.225941
2011-06-04 00:00:00,  481.325760,   16.580036,    1.229282
2011-06-05 00:00:00,  478.828800,   16.484857,    1.239574
2011-06-06 00:00:00,  476.478720,   16.336541,    1.243912
2011-06-07 00:00:00,  473.981760,   16.229757,    1.248546
2011-06-08 00:00:00,  471.484800,   15.981058,    1.249524
2011-06-09 00:00:00,  469.134720,   15.836599,    1.254468
2011-06-10 00:00:00,  466.784640,   15.591236,    1.267240
2011-06-11 00:00:00,  464.434560,   15.436948,    1.299710
2011-06-12 00:00:00,  462.084480,   15.464503,    1.342965
2011-06-13 00:00:00,  459.734400,   15.086702,    1.344110
2011-06-14 00:00:00,  457.384320,   14.774887,    1.342120
2011-06-15 00:00:00,  455.034240,   14.795348,    1.339566
2011-06-16 00:00:00,  452.684160,   15.163654,    1.340055
2011-06-17 00:00:00,  450.334080,   14.782604,    1.340314
2011-06-18 00:00:00,  448.130880,   14.818004,    1.338651
2011-06-19 00:00:00,  445.927680,   14.887911,    1.339175
2011-06-20 00:00:00,  443.577600,   15.017378,    1.339251
2011-06-21 00:00:00,  441.374400,   15.200515,    1.339321
2011-06-22 00:00:00,  439.318080,   15.098827,    1.339482
2011-06-23 00:00:00,  437.114880,   15.454321,    1.338880
2011-06-24 00:00:00,  434.911680,   15.528898,    1.295429
2011-06-25 00:00:00,  432.855360,   15.780685,    1.319124
2011-06-26 00:00:00,  430.799040,   15.901155,    1.322359
2011-06-27 00:00:00,  428.742720,   15.491496,    1.324557
2011-06-28 00:00:00,  426.686400,   15.301899,    1.306951
2011-06-29 00:00:00,  424.630080,   15.425134,    1.306845
2011-06-30 00:00:00,  422.573760,   14.979012,    1.296104
2011-07-01 00:00:00,  420.223680,   14.812377,    1.295642
2011-07-02 00:00:00,  417.873600,   14.509490,    1.294166
2011-07-03 00:00:00,  415.964160,   14.343922,    1.291758
2011-07-04 00:00:00,  414.201600,   14.411301,    1.292738
2011-07-05 00:00:00,  412.292160,   14.385756,    1.292585
2011-07-06 00:00:00,  410.382720,   14.512466,    1.293730
2011-07-07 00:00:00,  408.620160,   14.045064,    1.293837
2011-07-08 00:00:00,  406.857600,   13.891113,    1.294217
2011-07-09 00:00:00,  405.241920,   13.831324,    1.294753
2011-07-10 00:00:00,  403.626240,   13.591924,    1.294824
2011-07-11 00:00:00,  401.863680,   13.364694,    1.288856
2011-07-12 00:00:00,  400.248000,   13.922547,    1.289562
2011-07-13 00:00:00,  398.779200,   13.929516,    1.289674
2011-07-14 00:00:00,  397.163520,   14.622769,    1.290475
2011-07-15 00:00:00,  395.547840,   14.106691,    1.278389
2011-07-16 00:00:00,  394.079040,   14.354228,    1.279357
2011-07-17 00:00:00,  392.757120,   14.267690,    1.280704
2011-07-18 00:00:00,  391.435200,   13.968245,    1.282293
2011-07-19 00:00:00,  389.966400,   14.508811,    1.282243
2011-07-20 00:00:00,  388.644480,   14.183239,    1.277436
2011-07-21 00:00:00,  387.322560,   14.121821,    1.252447
2011-07-22 00:00:00,  386.000640,   14.039266,    1.234297
2011-07-23 00:00:00,  384.825600,   14.078242,    1.236870
2011-07-24 00:00:00,  383.650560,   14.299794,    1.238337
2011-07-25 00:00:00,  382.475520,   14.138193,    1.232081
2011-07-26 00:00:00,  381.447360,   14.382285,    1.231938
2011-07-27 00:00:00,  380.419200,   14.721852,    1.217277
2011-07-28 00:00:00,  379.391040,   15.056350,    1.209130
2011-07-29 00:00:00,  378.362880,   14.828976,    1.213687
2011-07-30 00:00:00,  377.334720,   15.035057,    1.209649
2011-07-31 00:00:00,  376.453440,   15.083836,    1.207195
2011-08-01 00:00:00,  375.865920,   15.311666,    1.203557
2011-08-02 00:00:00,  375.278400,   15.326830,    1.197278
2011-08-03 00:00:00,  374.397120,   14.995942,    1.198252
2011-08-04 00:00:00,  373.662720,   15.193010,    1.198585
2011-08-05 00:00:00,  372.928320,   15.070663,    1.200392
2011-08-06 00:00:00,  372.193920,   14.905083,    1.202648
2011-08-07 00:00:00,  371.606400,   15.104352,    1.198993
2011-08-08 00:00:00,  371.018880,   15.014803,    1.200645
2011-08-09 00:00:00,  370.431360,   15.082830,    1.201045
2011-08-10 00:00:00,  369.990720,   15.096656,    1.201687
2011-08-11 00:00:00,  369.550080,   15.232128,    1.202167
2011-08-12 00:00:00,  369.109440,   15.158030,    1.202743
2011-08-13 00:00:00,  368.815680,   16.133041,    1.200841
2011-08-14 00:00:00,  368.375040,   15.610006,    1.170529
2011-08-15 00:00:00,  368.081280,   15.074221,    1.174441
2011-08-16 00:00:00,  367.934400,   14.756943,    1.175312
2011-08-17 00:00:00,  367.640640,   15.094194,    1.176080
2011-08-18 00:00:00,  367.493760,   15.211786,    1.176148
2011-08-19 00:00:00,  367.346880,   15.122424,    1.176646
2011-08-20 00:00:00,  367.200000,   16.434574,    1.177370
2011-08-21 00:00:00,  367.200000,   17.133948,    1.147248
2011-08-22 00:00:00,  367.200000,   17.347988,    1.153220
2011-08-23 00:00:00,  367.200000,   16.943912,    1.152228
2011-08-24 00:00:00,  367.346880,   16.582105,    1.153573
2011-08-25 00:00:00,  367.493760,   16.369065,    1.153962
2011-08-26 00:00:00,  367.640640,   16.655892,    1.154781
2011-08-27 00:00:00,  367.934400,   16.912806,    1.155526
2011-08-28 00:00:00,  368.228160,   17.252841,    1.155633
2011-08-29 00:00:00,  368.521920,   17.268967,    1.157301
2011-08-30 00:00:00,  368.815680,   17.740445,    1.157262
2011-08-31 00:00:00,  369.256320,   18.185212,    1.157476
2011-09-01 00:00:00,  369.550080,   19.369878,    1.155164
2011-09-02 00:00:00,  369.843840,   17.844219,    1.153065
2011-09-03 00:00:00,  370.431360,   17.179215,    1.154088
2011-09-04 00:00:00,  371.018880,   17.133731,    1.155347
2011-09-05 00:00:00,  371.606400,   16.916428,    1.156824
2011-09-06 00:00:00,  372.193920,   16.835617,    1.158541
2011-09-07 00:00:00,  372.781440,   16.773971,    1.160286
2011-09-08 00:00:00,  373.515840,   16.693598,    1.161212
2011-09-09 00:00:00,  374.250240,   16.686472,    1.162101
2011-09-10 00:00:00,  374.984640,   17.669994,    1.164627
2011-09-11 00:00:00,  375.865920,   18.234438,    1.165807
2011-09-12 00:00:00,  376.747200,   18.698754,    1.167175
2011-09-13 00:00:00,  377.628480,   18.826399,    1.167328
2011-09-14 00:00:00,  378.656640,   19.487413,    1.168720
2011-09-15 00:00:00,  379.684800,   20.489424,    1.170792
2011-09-16 00:00:00,  380.712960,   19.862842,    1.171989
2011-09-17 00:00:00,  381.741120,   19.437000,    1.164403
2011-09-18 00:00:00,  382.769280,   18.030629,    1.137481
2011-09-19 00:00:00,  383.944320,   17.678600,    1.141147
2011-09-20 00:00:00,  385.119360,   18.368087,    1.142985
2011-09-21 00:00:00,  386.441280,   17.377702,    1.132929
2011-09-22 00:00:00,  387.763200,   17.044411,    1.133386
2011-09-23 00:00:00,  389.085120,   17.340692,    1.135454
2011-09-24 00:00:00,  390.407040,   17.717178,    1.136546
2011-09-25 00:00:00,  391.728960,   19.249926,    1.139204
2011-09-26 00:00:00,  393.197760,   17.931664,    1.139066
2011-09-27 00:00:00,  394.666560,   16.821256,    1.124973
2011-09-28 00:00:00,  396.135360,   17.302371,    1.125283
2011-09-29 00:00:00,  397.604160,   18.184389,    1.127373
2011-09-30 00:00:00,  399.219840,   18.012140,    1.129256
2011-10-01 00:00:00,  401.129280,   18.428242,    1.129347
2011-10-02 00:00:00,  403.038720,   19.339018,    1.113910
2011-10-03 00:00:00,  404.801280,   19.438161,    1.117858
2011-10-04 00:00:00,  406.563840,   20.076130,    1.118558
2011-10-05 00:00:00,  408.326400,   20.327125,    1.120030
2011-10-06 00:00:00,  410.088960,   21.350720,    1.122618
2011-10-07 00:00:00,  411.851520,   21.378628,    1.122536
2011-10-08 00:00:00,  413.614080,   22.120577,    1.122704
2011-10-09 00:00:00,  415.523520,   22.065828,    1.128104
2011-10-10 00:00:00,  417.432960,   21.802940,    1.128404
2011-10-11 00:00:00,  419.342400,   23.241925,    1.132557
2011-10-12 00:00:00,  421.251840,   23.106802,    1.134999
2011-10-13 00:00:00,  423.161280,   21.868333,    1.137240
2011-10-14 00:00:00,  425.217600,   21.568726,    1.138138
2011-10-15 00:00:00,  427.273920,   22.460720,    1.140497
2011-10-16 00:00:00,  429.330240,   22.523829,    1.141805
2011-10-17 00:00:00,  431.386560,   22.954936,    1.145781
2011-10-18 00:00:00,  433.442880,   21.947291,    1.129771
2011-10-19 00:00:00,  435.499200,   21.766057,    1.133693
2011-10-20 00:00:00,  437.702400,   21.947120,    1.136314
2011-10-21 00:00:00,  439.905600,   22.642387,    1.138947
2011-10-22 00:00:00,  442.108800,   22.173959,    1.139648
2011-10-23 00:00:00,  444.312000,   22.263611,    1.141890
2011-10-24 00:00:00,  446.515200,   21.606637,    1.142697
2011-10-25 00:00:00,  448.865280,   21.553119,    1.131592
2011-10-26 00:00:00,  451.068480,   21.535552,    1.131338
2011-10-27 00:00:00,  453.271680,   22.667715,    1.133911
2011-10-28 00:00:00,  455.621760,   22.467536,    1.136358
2011-10-29 00:00:00,  457.971840,   22.281282,    1.136968
2011-10-30 00:00:00,  460.321920,   22.313705,    1.139609
2011-10-31 00:00:00,  462.672000,   22.876770,    1.142768
2011-11-01 00:00:00,  464.434560,   23.099219,    1.146131
2011-11-02 00:00:00,  466.197120,   23.894341,    1.149592
2011-11-03 00:00:00,  468.547200,   24.298826,    1.148924
2011-11-04 00:00:00,  470.897280,   24.742878,    1.148523
2011-11-05 00:00:00,  473.247360,   22.949157,    1.129825
2011-11-06 00:00:00,  475.744320,   23.416557,    1.110057
2011-11-07 00:00:00,  478.241280,   22.295976,    1.118260
2011-11-08 00:00:00,  480.591360,   20.939358,    1.114718
2011-11-09 00:00:00,  483.088320,   21.093946,    1.117818
2011-11-10 00:00:00,  485.585280,   22.081598,    1.119936
2011-11-11 00:00:00,  488.082240,   23.209449,    1.125260
2011-11-12 00:00:00,  490.579200,   23.723795,    1.127446
2011-11-13 00:00:00,  493.076160,   23.587303,    1.128201
2011-11-14 00:00:00,  495.573120,   23.982517,    1.133000
2011-11-15 00:00:00,  498.070080,   23.744001,    1.135749
2011-11-16 00:00:00,  500.567040,   24.139838,    1.137919
2011-11-17 00:00:00,  503.064000,   23.659432,    1.136748
2011-11-18 00:00:00,  505.560960,   23.646179,    1.139526
2011-11-19 00:00:00,  508.057920,   23.508223,    1.142994
2011-11-20 00:00:00,  510.701760,   23.593561,    1.146267
2011-11-21 00:00:00,  513.198720,   23.784012,    1.147688
2011-11-22 00:00:00,  515.695680,   23.774574,    1.148390
2011-11-23 00:00:00,  518.192640,   24.852197,    1.152875
2011-11-24 00:00:00,  520.689600,   24.847862,    1.156904
2011-11-25 00:00:00,  523.333440,   25.468245,    1.162020
2011-11-26 00:00:00,  525.830400,   23.868692,    1.164878
2011-11-27 00:00:00,  528.327360,   23.073233,    1.167069
2011-11-28 00:00:00,  530.824320,   23.004000,    1.169236
2011-11-29 00:00:00,  533.321280,   22.792991,    1.172590
2011-11-30 00:00:00,  535.818240,   23.005164,    1.175470
2011-12-01 00:00:00,  538.902720,   22.812179,    1.176478
2011-12-02 00:00:00,  541.987200,   24.422755,    1.184782
2011-12-03 00:00:00,  544.337280,   23.911809,    1.184955
2011-12-04 00:00:00,  546.834240,   24.690177,    1.190085
2011-12-05 00:00:00,  549.331200,   26.726778,    1.195719
2011-12-06 00:00:00,  551.681280,   24.849427,    1.155358
2011-12-07 00:00:00,  554.178240,   24.988448,    1.151986
2011-12-08 00:00:00,  556.675200,   24.384442,    1.154908
2011-12-09 00:00:00,  559.025280,   24.993930,    1.160250
2011-12-10 00:00:00,  561.375360,   25.867514,    1.163749
2011-12-11 00:00:00,  563.725440,   26.427868,    1.167332
2011-12-12 00:00:00,  566.075520,   23.545725,    1.081580
2011-12-13 00:00:00,  568.425600,   22.499535,    1.091221
2011-12-14 00:00:00,  570.775680,   23.811731,    1.092339
2011-12-15 00:00:00,  573.125760,   23.530580,    1.095958
2011-12-16 00:00:00,  575.475840,   24.598082,    1.098148
2011-12-17 00:00:00,  577.825920,   25.611395,    1.100808
2011-12-18 00:00:00,  580.029120,   25.898241,    1.103912
2011-12-19 00:00:00,  582.232320,   25.982098,    1.107936
2011-12-20 00:00:00,  584.582400,   26.484133,    1.111395
2011-12-21 00:00:00,  586.785600,   26.672260,    1.115153
2011-12-22 00:00:00,  588.988800,   26.645977,    1.119378
2011-12-23 00:00:00,  591.192000,   26.231055,    1.122588
2011-12-24 00:00:00,  593.248320,   26.248169,    1.125136
2011-12-25 00:00:00,  595.304640,   26.222518,    1.129274
2011-12-26 00:00:00,  597.360960,   26.446364,    1.132842
2011-12-27 00:00:00,  599.417280,   25.830038,    1.133979
2011-12-28 00:00:00,  601.473600,   26.605109,    1.140509
2011-12-29 00:00:00,  603.529920,   26.473899,    1.140893
2011-12-30 00:00:00,  605.586240,   27.350920,    1.141604
2011-12-31 00:00:00,  607.495680,   27.711113,    1.152588
2012-01-01 00:00:00,  608.817600,   27.251391,    1.156400
2012-01-02 00:00:00,  610.286400,   27.011796,    1.160528
2012-01-03 00:00:00,  612.195840,   26.391334,    1.164527
2012-01-04 00:00:00,  613.958400,   26.008001,    1.164163
2012-01-05 00:00:00,  615.867840,   26.794436,    1.167862
2012-01-06 00:00:00,  617.777280,   26.129848,    1.173287
2012-01-07 00:00:00,  619.539840,   25.331805,    1.176515
2012-01-08 00:00:00,  621.302400,   25.264636,    1.180025
2012-01-09 00:00:00,  622.918080,   25.698994,    1.183609
2012-01-10 00:00:00,  624.533760,   25.892248,    1.185390
2012-01-11 00:00:00,  626.296320,   25.791230,    1.186555
2012-01-12 00:00:00,  627.912000,   26.824958,    1.191004
2012-01-13 00:00:00,  629.380800,   27.107758,    1.195361
2012-01-14 00:00:00,  630.849600,   27.996250,    1.198955
2012-01-15 00:00:00,  632.465280,   29.299333,    1.204004
2012-01-16 00:00:00,  634.080960,   27.305669,    1.207329
2012-01-17 00:00:00,  635.402880,   26.752322,    1.208437
2012-01-18 00:00:00,  636.724800,   27.208358,    1.212440
2012-01-19 00:00:00,  638.193600,   28.703217,    1.216043
2012-01-20 00:00:00,  639.515520,   28.262422,    1.212467
2012-01-21 00:00:00,  640.837440,   29.231399,    1.215838
2012-01-22 00:00:00,  642.159360,   29.543749,    1.224110
2012-01-23 00:00:00,  643.334400,   28.887832,    1.229148
2012-01-24 00:00:00,  644.509440,   28.740306,    1.228802
2012-01-25 00:00:00,  645.684480,   29.093470,    1.230809
2012-01-26 00:00:00,  646.712640,   29.715711,    1.226273
2012-01-27 00:00:00,  647.740800,   30.129441,    1.230719
2012-01-28 00:00:00,  648.768960,   31.115697,    1.239666
2012-01-29 00:00:00,  649.797120,   28.454489,    1.245128
2012-01-30 00:00:00,  650.825280,   27.281207,    1.245062
2012-01-31 00:00:00,  651.706560,   26.854259,    1.246453
2012-02-01 00:00:00,  652.294080,   26.939391,    1.250040
2012-02-02 00:00:00,  652.881600,   27.155827,    1.241189
2012-02-03 00:00:00,  653.762880,   26.391540,    1.246601
2012-02-04 00:00:00,  654.497280,   25.323976,    1.246920
2012-02-05 00:00:00,  655.084800,   25.478346,    1.250725
2012-02-06 00:00:00,  655.819200,   25.350607,    1.252319
2012-02-07 00:00:00,  656.553600,   25.724289,    1.255250
2012-02-08 00:00:00,  657.141120,   25.333636,    1.255360
2012-02-09 00:00:00,  657.728640,   25.347970,    1.258275
2012-02-10 00:00:00,  658.169280,   27.986058,    1.263834
2012-02-11 00:00:00,  658.609920,   27.805049,    1.266625
2012-02-12 00:00:00,  659.050560,   27.145223,    1.270171
2012-02-13 00:00:00,  659.344320,   27.472354,    1.270484
2012-02-14 00:00:00,  659.784960,   27.586869,    1.272760
2012-02-15 00:00:00,  660.078720,   27.281174,    1.275374
2012-02-16 00:00:00,  660.225600,   27.114268,    1.278522
2012-02-17 00:00:00,  660.519360,   27.174918,    1.281981
2012-02-18 00:00:00,  660.666240,   27.039256,    1.284364
2012-02-19 00:00:00,  660.813120,   27.253537,    1.285630
2012-02-20 00:00:00,  660.960000,   27.275368,    1.288577
2012-02-21 00:00:00,  660.960000,   28.076989,    1.291279
2012-02-22 00:00:00,  660.960000,   27.952948,    1.291749
2012-02-23 00:00:00,  660.960000,   27.823263,    1.296370
2012-02-24 00:00:00,  660.813120,   26.923703,    1.297262
2012-02-25 00:00:00,  660.666240,   26.255391,    1.296494
2012-02-26 00:00:00,  660.519360,   25.517120,    1.298223
2012-02-27 00:00:00,  660.225600,   25.372466,    1.298042
2012-02-28 00:00:00,  659.931840,   25.058666,    1.299996
2012-02-29 00:00:00,  659.638080,   24.903742,    1.303507
2012-03-01 00:00:00,  659.050560,   24.499796,    1.302372
2012-03-02 00:00:00,  658.316160,   24.350741,    1.303454
2012-03-03 00:00:00,  657.728640,   24.465227,    1.306492
2012-03-04 00:00:00,  657.141120,   24.319831,    1.305954
2012-03-05 00:00:00,  656.553600,   25.180277,    1.308306
2012-03-06 00:00:00,  655.966080,   25.797667,    1.312316
2012-03-07 00:00:00,  655.378560,   25.820363,    1.317089
2012-03-08 00:00:00,  654.644160,   25.491512,    1.317322
2012-03-09 00:00:00,  653.909760,   25.942562,    1.319477
2012-03-10 00:00:00,  653.175360,   26.721272,    1.321758
2012-03-11 00:00:00,  652.294080,   27.326467,    1.324998
2012-03-12 00:00:00,  651.412800,   27.216366,    1.327890
2012-03-13 00:00:00,  650.531520,   26.117621,    1.330971
2012-03-14 00:00:00,  649.503360,   25.211801,    1.330891
2012-03-15 00:00:00,  648.475200,   24.611250,    1.332078
2012-03-16 00:00:00,  647.447040,   24.307693,    1.331829
2012-03-17 00:00:00,  646.418880,   24.477725,    1.334021
2012-03-18 00:00:00,  645.390720,   24.896455,    1.336396
2012-03-19 00:00:00,  644.215680,   24.256070,    1.338568
2012-03-20 00:00:00,  643.040640,   23.832315,    1.338373
2012-03-21 00:00:00,  641.718720,   23.642001,    1.337530
2012-03-22 00:00:00,  640.396800,   23.320877,    1.339068
2012-03-23 00:00:00,  639.221760,   23.225744,    1.340487
2012-03-24 00:00:00,  637.899840,   23.305028,    1.340287
2012-03-25 00:00:00,  636.431040,   23.421412,    1.343577
2012-03-26 00:00:00,  634.962240,   23.547075,    1.344994
2012-03-27 00:00:00,  633.493440,   23.639070,    1.346089
2012-03-28 00:00:00,  632.024640,   23.724918,    1.347761
2012-03-29 00:00:00,  630.555840,   23.880131,    1.350075
2012-03-30 00:00:00,  629.087040,   22.804777,    1.348793
2012-03-31 00:00:00,  627.471360,   22.684547,    1.349684
2012-04-01 00:00:00,  626.296320,   22.382066,    1.350622
2012-04-02 00:00:00,  625.121280,   22.041291,    1.347727
2012-04-03 00:00:00,  623.358720,   22.397310,    1.349120
2012-04-04 00:00:00,  621.596160,   22.189491,    1.349473
2012-04-05 00:00:00,  619.833600,   21.560534,    1.350246
2012-04-06 00:00:00,  618.071040,   21.025217,    1.349494
2012-04-07 00:00:00,  616.308480,   21.479113,    1.348862
2012-04-08 00:00:00,  614.545920,   22.034539,    1.349968
2012-04-09 00:00:00,  612.783360,   22.555649,    1.350172
2012-04-10 00:00:00,  610.873920,   23.034813,    1.351187
2012-04-11 00:00:00,  608.964480,   22.634781,    1.353165
2012-04-12 00:00:00,  607.055040,   22.807270,    1.355302
2012-04-13 00:00:00,  604.998720,   22.718246,    1.357428
2012-04-14 00:00:00,  602.942400,   22.825126,    1.357915
2012-04-15 00:00:00,  600.886080,   23.134645,    1.359523
2012-04-16 00:00:00,  598.829760,   23.257576,    1.359485
2012-04-17 00:00:00,  596.773440,   22.670635,    1.361875
2012-04-18 00:00:00,  594.717120,   21.825587,    1.360606
2012-04-19 00:00:00,  592.660800,   21.556181,    1.360654
2012-04-20 00:00:00,  590.457600,   21.162183,    1.360958
2012-04-21 00:00:00,  588.254400,   20.978907,    1.359722
2012-04-22 00:00:00,  586.198080,   20.922428,    1.357274
2012-04-23 00:00:00,  583.994880,   20.779511,    1.357620
2012-04-24 00:00:00,  581.644800,   20.118276,    1.358271
2012-04-25 00:00:00,  579.441600,   19.637511,    1.358000
2012-04-26 00:00:00,  577.238400,   20.309040,    1.357779
2012-04-27 00:00:00,  574.888320,   19.804340,    1.360538
2012-04-28 00:00:00,  572.538240,   19.124761,    1.359521
2012-04-29 00:00:00,  570.188160,   19.438233,    1.351214
2012-04-30 00:00:00,  567.838080,   19.606911,    1.353574
2012-05-01 00:00:00,  565.047360,   19.267098,    1.356207
2012-05-02 00:00:00,  562.109760,   19.218740,    1.357931
2012-05-03 00:00:00,  559.612800,   19.649322,    1.358380
2012-05-04 00:00:00,  557.262720,   19.375875,    1.298705
2012-05-05 00:00:00,  554.912640,   19.587510,    1.302862
2012-05-06 00:00:00,  552.415680,   19.059292,    1.303225
2012-05-07 00:00:00,  549.918720,   18.403941,    1.307061
2012-05-08 00:00:00,  547.568640,   17.972254,    1.314757
2012-05-09 00:00:00,  545.071680,   18.175830,    1.313977
2012-05-10 00:00:00,  542.574720,   18.362615,    1.292780
2012-05-11 00:00:00,  540.077760,   18.464269,    1.300083
2012-05-12 00:00:00,  537.580800,   18.531986,    1.307721
2012-05-13 00:00:00,  535.083840,   18.097641,    1.307542
2012-05-14 00:00:00,  532.586880,   18.292484,    1.307821
2012-05-15 00:00:00,  530.089920,   18.604628,    1.309398
2012-05-16 00:00:00,  527.592960,   18.710791,    1.309708
2012-05-17 00:00:00,  525.096000,   18.214758,    1.309355
2012-05-18 00:00:00,  522.599040,   18.300069,    1.309892
2012-05-19 00:00:00,  520.102080,   18.335623,    1.310140
2012-05-20 00:00:00,  517.458240,   18.300355,    1.311755
2012-05-21 00:00:00,  514.961280,   18.226616,    1.312498
2012-05-22 00:00:00,  512.464320,   17.955157,    1.314347
2012-05-23 00:00:00,  509.967360,   17.691917,    1.315421
2012-05-24 00:00:00,  507.470400,   17.523769,    1.320273
2012-05-25 00:00:00,  504.826560,   17.079131,    1.322908
2012-05-26 00:00:00,  502.329600,   16.799031,    1.326221
2012-05-27 00:00:00,  499.832640,   16.873971,    1.329317
2012-05-28 00:00:00,  497.335680,   16.964838,    1.329758
2012-05-29 00:00:00,  494.838720,   16.818622,    1.332473
2012-05-30 00:00:00,  492.341760,   16.758155,    1.336208
2012-05-31 00:00:00,  489.844800,   16.378060,    1.283466
2012-06-01 00:00:00,  488.082240,   16.534416,    1.289404
2012-06-02 00:00:00,  486.319680,   16.696873,    1.300389
2012-06-03 00:00:00,  483.822720,   16.139927,    1.308182
2012-06-04 00:00:00,  481.325760,   16.141139,    1.320081
2012-06-05 00:00:00,  478.828800,   15.935873,    1.325933
2012-06-06 00:00:00,  476.478720,   15.540047,    1.350943
2012-06-07 00:00:00,  473.981760,   15.572509,    1.347261
2012-06-08 00:00:00,  471.484800,   15.884139,    1.355418
2012-06-09 00:00:00,  469.134720,   16.216912,    1.355880
2012-06-10 00:00:00,  466.784640,   15.949248,    1.381578
2012-06-11 00:00:00,  464.434560,   15.669172,    1.380203
2012-06-12 00:00:00,  462.084480,   15.471019,    1.372693
2012-06-13 00:00:00,  459.734400,   15.149998,    1.370951
2012-06-14 00:00:00,  457.384320,   14.916761,    1.363842
2012-06-15 00:00:00,  455.034240,   15.114821,    1.364196
2012-06-16 00:00:00,  452.684160,   15.074093,    1.364416
2012-06-17 00:00:00,  450.334080,   15.371464,    1.364890
2012-06-18 00:00:00,  448.130880,   15.359075,    1.365152
2012-06-19 00:00:00,  445.927680,   15.613189,    1.360452
2012-06-20 00:00:00,  443.577600,   15.086750,    1.358981
2012-06-21 00:00:00,  441.374400,   15.103912,    1.359378
2012-06-22 00:00:00,  439.318080,   15.131497,    1.359841
2012-06-23 00:00:00,  437.114880,   14.733162,    1.360669
2012-06-24 00:00:00,  434.911680,   14.674549,    1.361169
2012-06-25 00:00:00,  432.855360,   14.271731,    1.360643
2012-06-26 00:00:00,  430.799040,   14.077778,    1.354133
2012-06-27 00:00:00,  428.742720,   14.137212,    1.352021
2012-06-28 00:00:00,  426.686400,   14.119096,    1.351383
2012-06-29 00:00:00,  424.630080,   14.275906,    1.351845
2012-06-30 00:00:00,  422.573760,   14.691152,    1.352872
2012-07-01 00:00:00,  420.223680,   14.579509,    1.352817
2012-07-02 00:00:00,  417.873600,   14.547142,    1.353091
2012-07-03 00:00:00,  415.964160,   14.277173,    1.353609
2012-07-04 00:00:00,  414.201600,   14.279227,    1.354240
2012-07-05 00:00:00,  412.292160,   13.908595,    1.355093
2012-07-06 00:00:00,  410.382720,   14.016067,    1.352051
2012-07-07 00:00:00,  408.620160,   14.129059,    1.352253
2012-07-08 00:00:00,  406.857600,   13.976273,    1.353170
2012-07-09 00:00:00,  405.241920,   13.844089,    1.354092
2012-07-10 00:00:00,  403.626240,   13.595551,    1.337357
2012-07-11 00:00:00,  401.863680,   13.429593,    1.337852
2012-07-12 00:00:00,  400.248000,   13.428574,    1.338118
2012-07-13 00:00:00,  398.779200,   13.317538,    1.338621
2012-07-14 00:00:00,  397.163520,   13.859353,    1.339178
2012-07-15 00:00:00,  395.547840,   13.785362,    1.339434
2012-07-16 00:00:00,  394.079040,   13.574639,    1.329554
2012-07-17 00:00:00,  392.757120,   13.657294,    1.330002
2012-07-18 00:00:00,  391.435200,   13.818503,    1.331381
2012-07-19 00:00:00,  389.966400,   13.600352,    1.331383
2012-07-20 00:00:00,  388.644480,   13.411308,    1.331864
2012-07-21 00:00:00,  387.322560,   13.726692,    1.332272
2012-07-22 00:00:00,  386.000640,   14.385006,    1.333363
2012-07-23 00:00:00,  384.825600,   13.592188,    1.334666
2012-07-24 00:00:00,  383.650560,   13.787800,    1.336141
2012-07-25 00:00:00,  382.475520,   13.440773,    1.335629
2012-07-26 00:00:00,  381.447360,   13.523427,    1.335866
2012-07-27 00:00:00,  380.419200,   13.805087,    1.336465
2012-07-28 00:00:00,  379.391040,   13.775593,    1.336960
2012-07-29 00:00:00,  378.362880,   13.625110,    1.337550
2012-07-30 00:00:00,  377.334720,   13.656150,    1.338245
2012-07-31 00:00:00,  376.453440,   13.884191,    1.328130
2012-08-01 00:00:00,  375.865920,   14.130945,    1.320309
2012-08-02 00:00:00,  375.278400,   13.974996,    1.319124
2012-08-03 00:00:00,  374.397120,   14.111086,    1.318802
2012-08-04 00:00:00,  373.662720,   14.357158,    1.315237
2012-08-05 00:00:00,  372.928320,   14.866301,    1.315873
2012-08-06 00:00:00,  372.193920,   14.916073,    1.311970
2012-08-07 00:00:00,  371.606400,   14.832772,    1.302917
2012-08-08 00:00:00,  371.018880,   14.958134,    1.304861
2012-08-09 00:00:00,  370.431360,   14.830272,    1.305020
2012-08-10 00:00:00,  369.990720,   14.802754,    1.305727
2012-08-11 00:00:00,  369.550080,   15.168836,    1.305848
2012-08-12 00:00:00,  369.109440,   15.189563,    1.274657
2012-08-13 00:00:00,  368.815680,   15.119010,    1.276727
2012-08-14 00:00:00,  368.375040,   15.193174,    1.273096
2012-08-15 00:00:00,  368.081280,   15.308561,    1.274337
2012-08-16 00:00:00,  367.934400,   15.621706,    1.275220
2012-08-17 00:00:00,  367.640640,   15.516269,    1.276614
2012-08-18 00:00:00,  367.493760,   15.464758,    1.276197
2012-08-19 00:00:00,  367.346880,   15.617519,    1.277020
2012-08-20 00:00:00,  367.200000,   16.031197,    1.277003
2012-08-21 00:00:00,  367.200000,   16.686385,    1.270793
2012-08-22 00:00:00,  367.200000,   15.680640,    1.272260
2012-08-23 00:00:00,  367.200000,   15.822998,    1.273246
2012-08-24 00:00:00,  367.346880,   15.563193,    1.273293
2012-08-25 00:00:00,  367.493760,   15.821946,    1.273782
2012-08-26 00:00:00,  367.640640,   16.303869,    1.274721
2012-08-27 00:00:00,  367.934400,   16.885134,    1.275597
2012-08-28 00:00:00,  368.228160,   16.869295,    1.276403
2012-08-29 00:00:00,  368.521920,   16.912350,    1.276509
2012-08-30 00:00:00,  368.815680,   17.350732,    1.277417
2012-08-31 00:00:00,  369.256320,   17.133341,    1.271596
2012-09-01 00:00:00,  369.550080,   17.145285,    1.272058
2012-09-02 00:00:00,  369.843840,   17.765821,    1.274169
2012-09-03 00:00:00,  370.431360,   16.703739,    1.262530
2012-09-04 00:00:00,  371.018880,   15.475349,    1.256266
2012-09-05 00:00:00,  371.606400,   15.072106,    1.258038
2012-09-06 00:00:00,  372.193920,   15.379178,    1.260215
2012-09-07 00:00:00,  372.781440,   15.602586,    1.261000
2012-09-08 00:00:00,  373.515840,   16.147604,    1.261602
2012-09-09 00:00:00,  374.250240,   16.740465,    1.263127
2012-09-10 00:00:00,  374.984640,   17.291291,    1.263122
2012-09-11 00:00:00,  375.865920,   18.150897,    1.263588
2012-09-12 00:00:00,  376.747200,   18.085304,    1.266732
2012-09-13 00:00:00,  377.628480,   18.192078,    1.268313
2012-09-14 00:00:00,  378.656640,   18.282976,    1.268815
2012-09-15 00:00:00,  379.684800,   18.689351,    1.270493
2012-09-16 00:00:00,  380.712960,   18.637805,    1.270888
2012-09-17 00:00:00,  381.741120,   19.411756,    1.272593
2012-09-18 00:00:00,  382.769280,   19.642704,    1.248604
2012-09-19 00:00:00,  383.944320,   20.066834,    1.249940
2012-09-20 00:00:00,  385.119360,   19.633565,    1.252352
2012-09-21 00:00:00,  386.441280,   17.834015,    1.250951
2012-09-22 00:00:00,  387.763200,   17.086221,    1.250556
2012-09-23 00:00:00,  389.085120,   17.520508,    1.252108
2012-09-24 00:00:00,  390.407040,   17.522945,    1.253081
2012-09-25 00:00:00,  391.728960,   17.370220,    1.242046
2012-09-26 00:00:00,  393.197760,   16.584017,    1.240413
2012-09-27 00:00:00,  394.666560,   15.905380,    1.236779
2012-09-28 00:00:00,  396.135360,   16.433185,    1.237022
2012-09-29 00:00:00,  397.604160,   17.172000,    1.238466
2012-09-30 00:00:00,  399.219840,   18.657825,    1.241069
2012-10-01 00:00:00,  401.129280,   18.691469,    1.242503
2012-10-02 00:00:00,  403.038720,   19.551109,    1.244240
2012-10-03 00:00:00,  404.801280,   19.543532,    1.246681
2012-10-04 00:00:00,  406.563840,   19.946509,    1.247580
2012-10-05 00:00:00,  408.326400,   19.551499,    1.247898
2012-10-06 00:00:00,  410.088960,   20.272614,    1.250312
2012-10-07 00:00:00,  411.851520,   20.400276,    1.252173
2012-10-08 00:00:00,  413.614080,   20.761051,    1.254231
2012-10-09 00:00:00,  415.523520,   21.430600,    1.257000
2012-10-10 00:00:00,  417.432960,   21.276241,    1.260252
2012-10-11 00:00:00,  419.342400,   21.203166,    1.264231
2012-10-12 00:00:00,  421.251840,   21.629620,    1.265916
2012-10-13 00:00:00,  423.161280,   20.666624,    1.264635
2012-10-14 00:00:00,  425.217600,   20.027742,    1.266090
2012-10-15 00:00:00,  427.273920,   20.070699,    1.266352
2012-10-16 00:00:00,  429.330240,   20.358465,    1.268800
2012-10-17 00:00:00,  431.386560,   20.848859,    1.269007
2012-10-18 00:00:00,  433.442880,   21.712943,    1.271018
2012-10-19 00:00:00,  435.499200,   22.458393,    1.275259
2012-10-20 00:00:00,  437.702400,   22.484950,    1.275300
2012-10-21 00:00:00,  439.905600,   22.875264,    1.277754
2012-10-22 00:00:00,  442.108800,   22.478262,    1.280627
2012-10-23 00:00:00,  444.312000,   21.962918,    1.283014
2012-10-24 00:00:00,  446.515200,   22.052855,    1.285807
2012-10-25 00:00:00,  448.865280,   22.155748,    1.289480
2012-10-26 00:00:00,  451.068480,   22.046881,    1.289372
2012-10-27 00:00:00,  453.271680,   21.995481,    1.289091
2012-10-28 00:00:00,  455.621760,   23.043500,    1.292622
2012-10-29 00:00:00,  457.971840,   23.578344,    1.297872
2012-10-30 00:00:00,  460.321920,   22.514913,    1.299579
2012-10-31 00:00:00,  462.672000,   21.591574,    1.300259
2012-11-01 00:00:00,  464.434560,   21.365645,    1.302562
2012-11-02 00:00:00,  466.197120,   22.070414,    1.304144
2012-11-03 00:00:00,  468.547200,   21.747450,    1.306817
2012-11-04 00:00:00,  470.897280,   20.365460,    1.294254
2012-11-05 00:00:00,  473.247360,   19.761895,    1.290339
2012-11-06 00:00:00,  475.744320,   20.041658,    1.290481
2012-11-07 00:00:00,  478.241280,   21.399231,    1.294459
2012-11-08 00:00:00,  480.591360,   21.726011,    1.295257
2012-11-09 00:00:00,  483.088320,   22.484319,    1.298488
2012-11-10 00:00:00,  485.585280,   23.277626,    1.304978
2012-11-11 00:00:00,  488.082240,   22.534741,    1.306098
2012-11-12 00:00:00,  490.579200,   22.594643,    1.308618
2012-11-13 00:00:00,  493.076160,   22.577570,    1.311536
2012-11-14 00:00:00,  495.573120,   23.034618,    1.315777
2012-11-15 00:00:00,  498.070080,   23.490638,    1.317858
2012-11-16 00:00:00,  500.567040,   24.037578,    1.320858
2012-11-17 00:00:00,  503.064000,   24.823457,    1.324902
2012-11-18 00:00:00,  505.560960,   24.202215,    1.328912
2012-11-19 00:00:00,  508.057920,   24.714660,    1.330470
2012-11-20 00:00:00,  510.701760,   24.817238,    1.335309
2012-11-21 00:00:00,  513.198720,   25.200775,    1.336994
2012-11-22 00:00:00,  515.695680,   25.555645,    1.336697
2012-11-23 00:00:00,  518.192640,   25.356966,    1.343402
2012-11-24 00:00:00,  520.689600,   24.496600,    1.342585
2012-11-25 00:00:00,  523.333440,   25.072499,    1.346353
2012-11-26 00:00:00,  525.830400,   25.588984,    1.346545
2012-11-27 00:00:00,  528.327360,   25.210852,    1.353310
2012-11-28 00:00:00,  530.824320,   21.910120,    1.331107
2012-11-29 00:00:00,  533.321280,   20.200503,    1.324698
2012-11-30 00:00:00,  535.818240,   20.136911,    1.327618
2012-12-01 00:00:00,  538.902720,   21.262093,    1.329874
2012-12-02 00:00:00,  541.987200,   22.155376,    1.332996
2012-12-03 00:00:00,  544.337280,   23.631990,    1.337282
2012-12-04 00:00:00,  546.834240,   23.540897,    1.338563
2012-12-05 00:00:00,  549.331200,   24.215409,    1.338495
2012-12-06 00:00:00,  551.681280,   24.753247,    1.338812
2012-12-07 00:00:00,  554.178240,   24.210824,    1.350660
2012-12-08 00:00:00,  556.675200,   24.657335,    1.354739
2012-12-09 00:00:00,  559.025280,   25.049646,    1.357676
2012-12-10 00:00:00,  561.375360,   26.502000,    1.362145
2012-12-11 00:00:00,  563.725440,   27.092204,    1.361936
2012-12-12 00:00:00,  566.075520,   26.160616,    1.352355
2012-12-13 00:00:00,  568.425600,   25.343376,    1.338110
2012-12-14 00:00:00,  570.775680,   25.191079,    1.343738
2012-12-15 00:00:00,  573.125760,   25.514294,    1.347820
2012-12-16 00:00:00,  575.475840,   25.539444,    1.348171
2012-12-17 00:00:00,  577.825920,   26.414395,    1.352807
2012-12-18 00:00:00,  580.029120,   25.632249,    1.358974
2012-12-19 00:00:00,  582.232320,   25.570238,    1.361939
2012-12-20 00:00:00,  584.582400,   26.222620,    1.365664
2012-12-21 00:00:00,  586.785600,   25.844394,    1.369815
2012-12-22 00:00:00,  588.988800,   26.017902,    1.373314
2012-12-23 00:00:00,  591.192000,   26.283114,    1.378022
2012-12-24 00:00:00,  593.248320,   26.876741,    1.381936
2012-12-25 00:00:00,  595.304640,   27.567692,    1.387816
2012-12-26 00:00:00,  597.360960,   27.521725,    1.394426
2012-12-27 00:00:00,  599.417280,   27.768998,    1.394541
2012-12-28 00:00:00,  601.473600,   28.710357,    1.398194
2012-12-29 00:00:00,  603.529920,   29.256159,    1.406356
2012-12-30 00:00:00,  605.586240,   29.533262,    1.408716
2012-12-31 00:00:00,  607.495680,   30.392572,    1.412488
2013-01-01 00:00:00,  608.817600,   30.126709,    1.423683
2013-01-02 00:00:00,  610.286400,   29.735353,    1.423032
2013-01-03 00:00:00,  612.195840,   27.888832,    1.421334
2013-01-04 00:00:00,  613.958400,   26.950758,    1.420429
2013-01-05 00:00:00,  615.867840,   27.628051,    1.423634
2013-01-06 00:00:00,  617.777280,   26.986899,    1.425023
2013-01-07 00:00:00,  619.539840,   26.664468,    1.424015
2013-01-08 00:00:00,  621.302400,   27.511628,    1.425719
2013-01-09 00:00:00,  622.918080,   26.650090,    1.427974
2013-01-10 00:00:00,  624.533760,   26.244583,    1.427424
2013-01-11 00:00:00,  626.296320,   26.072981,    1.430644
2013-01-12 00:00:00,  627.912000,   26.350115,    1.432927
2013-01-13 00:00:00,  629.380800,   25.408963,    1.433945
2013-01-14 00:00:00,  630.849600,   27.434831,    1.434513
2013-01-15 00:00:00,  632.465280,   29.423631,    1.437179
2013-01-16 00:00:00,  634.080960,   26.317249,    1.440207
2013-01-17 00:00:00,  635.402880,   24.755309,    1.442040
2013-01-18 00:00:00,  636.724800,   24.786012,    1.440042
2013-01-19 00:00:00,  638.193600,   25.559757,    1.442585
2013-01-20 00:00:00,  639.515520,   26.357638,    1.446827
2013-01-21 00:00:00,  640.837440,   26.047789,    1.451101
2013-01-22 00:00:00,  642.159360,   26.589252,    1.454807
2013-01-23 00:00:00,  643.334400,   25.923149,    1.459812
2013-01-24 00:00:00,  644.509440,   25.394765,    1.458794
2013-01-25 00:00:00,  645.684480,   25.669300,    1.462182
2013-01-26 00:00:00,  646.712640,   25.971622,    1.464327
2013-01-27 00:00:00,  647.740800,   26.679256,    1.469012
2013-01-28 00:00:00,  648.768960,   26.551179,    1.471682
2013-01-29 00:00:00,  649.797120,   26.566414,    1.475466
2013-01-30 00:00:00,  650.825280,   26.611679,    1.480035
2013-01-31 00:00:00,  651.706560,   26.747337,    1.480751
2013-02-01 00:00:00,  652.294080,   26.520255,    1.482628
2013-02-02 00:00:00,  652.881600,   27.482244,    1.485834
2013-02-03 00:00:00,  653.762880,   28.451798,    1.489864
2013-02-04 00:00:00,  654.497280,   28.368995,    1.493684
2013-02-05 00:00:00,  655.084800,   27.131003,    1.494057
2013-02-06 00:00:00,  655.819200,   26.249419,    1.495072
2013-02-07 00:00:00,  656.553600,   25.804634,    1.486115
2013-02-08 00:00:00,  657.141120,   26.339289,    1.488157
2013-02-09 00:00:00,  657.728640,   26.766653,    1.491615
2013-02-10 00:00:00,  658.169280,   26.939314,    1.495163
2013-02-11 00:00:00,  658.609920,   26.774039,    1.498400
2013-02-12 00:00:00,  659.050560,   27.860025,    1.502882
2013-02-13 00:00:00,  659.344320,   28.084744,    1.502785
2013-02-14 00:00:00,  659.784960,   27.510457,    1.508498
2013-02-15 00:00:00,  660.078720,   27.752099,    1.510223
2013-02-16 00:00:00,  660.225600,   27.927405,    1.512721
2013-02-17 00:00:00,  660.519360,   25.832536,    1.509642
2013-02-18 00:00:00,  660.666240,   25.883597,    1.508512
2013-02-19 00:00:00,  660.813120,   25.698410,    1.509923
2013-02-20 00:00:00,  660.960000,   26.203558,    1.511596
2013-02-21 00:00:00,  660.960000,   27.285357,    1.514503
2013-02-22 00:00:00,  660.960000,   25.604794,    1.516076
2013-02-23 00:00:00,  660.960000,   25.416666,    1.517536
2013-02-24 00:00:00,  660.813120,   25.347087,    1.519547
2013-02-25 00:00:00,  660.666240,   25.827816,    1.522135
2013-02-26 00:00:00,  660.519360,   26.453637,    1.525850
2013-02-27 00:00:00,  660.225600,   26.656854,    1.529090
2013-02-28 00:00:00,  659.931840,   26.584244,    1.533031
2013-03-01 00:00:00,  659.197440,   26.786501,    1.536541
2013-03-02 00:00:00,  658.316160,   27.080146,    1.538628
2013-03-03 00:00:00,  657.728640,   28.063380,    1.540791
2013-03-04 00:00:00,  657.141120,   27.223497,    1.540781
2013-03-05 00:00:00,  656.553600,   27.024148,    1.542248
2013-03-06 00:00:00,  655.966080,   26.509219,    1.543828
2013-03-07 00:00:00,  655.378560,   26.388977,    1.543546
2013-03-08 00:00:00,  654.644160,   26.271870,    1.545344
2013-03-09 00:00:00,  653.909760,   26.230162,    1.546673
2013-03-10 00:00:00,  653.175360,   25.462906,    1.546800
2013-03-11 00:00:00,  652.294080,   24.685779,    1.544530
2013-03-12 00:00:00,  651.412800,   24.091117,    1.543088
2013-03-13 00:00:00,  650.531520,   24.411062,    1.544820
2013-03-14 00:00:00,  649.503360,   23.049651,    1.536418
2013-03-15 00:00:00,  648.475200,   23.880361,    1.533055
2013-03-16 00:00:00,  647.447040,   24.379195,    1.535784
2013-03-17 00:00:00,  646.418880,   24.911549,    1.537075
2013-03-18 00:00:00,  645.390720,   25.728266,    1.539181
2013-03-19 00:00:00,  644.215680,   25.490699,    1.541036
2013-03-20 00:00:00,  643.040640,   24.146996,    1.542660
2013-03-21 00:00:00,  641.718720,   23.317562,    1.542819
2013-03-22 00:00:00,  640.396800,   23.244429,    1.540443
2013-03-23 00:00:00,  639.221760,   23.542140,    1.540650
2013-03-24 00:00:00,  637.899840,   23.393229,    1.542308
2013-03-25 00:00:00,  636.431040,   22.960732,    1.518346
2013-03-26 00:00:00,  634.962240,   21.634282,    1.462394
2013-03-27 00:00:00,  633.493440,   21.901427,    1.462205
2013-03-28 00:00:00,  632.024640,   22.276063,    1.463898
2013-03-29 00:00:00,  630.555840,   22.439132,    1.465363
2013-03-30 00:00:00,  629.087040,   22.892875,    1.467510
2013-03-31 00:00:00,  627.471360,   23.021793,    1.469340
2013-04-01 00:00:00,  626.296320,   23.378697,    1.471268
2013-04-02 00:00:00,  625.121280,   23.586318,    1.474045
2013-04-03 00:00:00,  623.358720,   24.070171,    1.475201
2013-04-04 00:00:00,  621.596160,   25.012495,    1.476943
2013-04-05 00:00:00,  619.833600,   24.967434,    1.479259
2013-04-06 00:00:00,  618.071040,   24.272353,    1.482133
2013-04-07 00:00:00,  616.308480,   24.332895,    1.482859
2013-04-08 00:00:00,  614.545920,   24.325946,    1.483257
2013-04-09 00:00:00,  612.783360,   25.089699,    1.484972
2013-04-10 00:00:00,  610.873920,   25.991294,    1.488160
2013-04-11 00:00:00,  608.964480,   25.114747,    1.489292
2013-04-12 00:00:00,  607.055040,   23.884268,    1.482758
2013-04-13 00:00:00,  604.998720,   23.618230,    1.482304
2013-04-14 00:00:00,  602.942400,   23.694865,    1.482236
2013-04-15 00:00:00,  600.886080,   23.971461,    1.482951
2013-04-16 00:00:00,  598.829760,   24.009667,    1.484011
2013-04-17 00:00:00,  596.773440,   24.150919,    1.484572
2013-04-18 00:00:00,  594.717120,   24.293419,    1.485456
2013-04-19 00:00:00,  592.660800,   23.594568,    1.452228
2013-04-20 00:00:00,  590.457600,   22.639909,    1.455804
2013-04-21 00:00:00,  588.254400,   21.820167,    1.456198
2013-04-22 00:00:00,  586.198080,   21.972390,    1.452144
2013-04-23 00:00:00,  583.994880,   21.967039,    1.452803
2013-04-24 00:00:00,  581.644800,   21.683528,    1.454419
2013-04-25 00:00:00,  579.441600,   21.432465,    1.454631
2013-04-26 00:00:00,  577.238400,   21.868105,    1.455637
2013-04-27 00:00:00,  574.888320,   21.665413,    1.456366
2013-04-28 00:00:00,  572.538240,   21.296777,    1.456843
2013-04-29 00:00:00,  570.188160,   20.869367,    1.456800
2013-04-30 00:00:00,  567.838080,   20.932937,    1.456766
2013-05-01 00:00:00,  565.047360,   20.893538,    1.415496
2013-05-02 00:00:00,  562.109760,   20.554743,    1.435046
2013-05-03 00:00:00,  559.612800,   20.565684,    1.436328
2013-05-04 00:00:00,  557.262720,   20.624074,    1.436298
2013-05-05 00:00:00,  554.912640,   20.467368,    1.437284
2013-05-06 00:00:00,  552.415680,   20.610307,    1.438079
2013-05-07 00:00:00,  549.918720,   20.104462,    1.424937
2013-05-08 00:00:00,  547.568640,   19.258791,    1.395355
2013-05-09 00:00:00,  545.071680,   18.384868,    1.395712
2013-05-10 00:00:00,  542.574720,   17.902777,    1.396748
2013-05-11 00:00:00,  540.077760,   17.690058,    1.397771
2013-05-12 00:00:00,  537.580800,   17.776228,    1.398251
2013-05-13 00:00:00,  535.083840,   17.565532,    1.399746
2013-05-14 00:00:00,  532.586880,   17.546176,    1.403124
2013-05-15 00:00:00,  530.089920,   17.592172,    1.403037
2013-05-16 00:00:00,  527.592960,   17.326656,    1.389934
2013-05-17 00:00:00,  525.096000,   17.339402,    1.394712
2013-05-18 00:00:00,  522.599040,   17.206782,    1.394852
2013-05-19 00:00:00,  520.102080,   17.493737,    1.397119
2013-05-20 00:00:00,  517.458240,   16.850118,    1.358398
2013-05-21 00:00:00,  514.961280,   17.035779,    1.376282
2013-05-22 00:00:00,  512.464320,   17.012994,    1.376729
2013-05-23 00:00:00,  509.967360,   16.972460,    1.378413
2013-05-24 00:00:00,  507.470400,   16.970502,    1.380392
2013-05-25 00:00:00,  504.826560,   16.919954,    1.383696
2013-05-26 00:00:00,  502.329600,   16.817202,    1.383737
2013-05-27 00:00:00,  499.832640,   17.452290,    1.366469
2013-05-28 00:00:00,  497.335680,   17.380929,    1.367182
2013-05-29 00:00:00,  494.838720,   16.754688,    1.374293
2013-05-30 00:00:00,  492.341760,   16.120985,    1.356741
2013-05-31 00:00:00,  489.844800,   15.916025,    1.366400
2013-06-01 00:00:00,  488.082240,   15.713388,    1.400865
2013-06-02 00:00:00,  486.319680,   15.697902,    1.427678
2013-06-03 00:00:00,  483.822720,   15.976536,    1.442642
2013-06-04 00:00:00,  481.325760,   15.729812,    1.442788
2013-06-05 00:00:00,  478.828800,   15.698321,    1.441218
2013-06-06 00:00:00,  476.478720,   15.756659,    1.441571
2013-06-07 00:00:00,  473.981760,   15.644078,    1.442257
2013-06-08 00:00:00,  471.484800,   15.745801,    1.442810
2013-06-09 00:00:00,  469.134720,   15.892511,    1.442486
2013-06-10 00:00:00,  466.784640,   16.085263,    1.443674
2013-06-11 00:00:00,  464.434560,   15.712609,    1.443657
2013-06-12 00:00:00,  462.084480,   15.608888,    1.444818
2013-06-13 00:00:00,  459.734400,   15.859622,    1.445773
2013-06-14 00:00:00,  457.384320,   15.272972,    1.445712
2013-06-15 00:00:00,  455.034240,   15.351309,    1.445993
2013-06-16 00:00:00,  452.684160,   15.396868,    1.446477
2013-06-17 00:00:00,  450.334080,   15.431809,    1.444419
2013-06-18 00:00:00,  448.130880,   15.357233,    1.445664
2013-06-19 00:00:00,  445.927680,   15.397318,    1.446909
2013-06-20 00:00:00,  443.577600,   15.188008,    1.446724
2013-06-21 00:00:00,  441.374400,   14.980021,    1.447662
2013-06-22 00:00:00,  439.318080,   14.762236,    1.448405
2013-06-23 00:00:00,  437.114880,   14.474108,    1.438579
2013-06-24 00:00:00,  434.911680,   14.567780,    1.439213
2013-06-25 00:00:00,  432.855360,   14.651093,    1.439681
2013-06-26 00:00:00,  430.799040,   14.768271,    1.439938
2013-06-27 00:00:00,  428.742720,   14.728440,    1.440302
2013-06-28 00:00:00,  426.686400,   14.903026,    1.440903
2013-06-29 00:00:00,  424.630080,   14.809000,    1.441008
2013-06-30 00:00:00,  422.573760,   14.772851,    1.441405
2013-07-01 00:00:00,  420.223680,   14.835192,    1.441858
2013-07-02 00:00:00,  417.873600,   15.216929,    1.443196
2013-07-03 00:00:00,  415.964160,   14.734397,    1.439637
2013-07-04 00:00:00,  414.201600,   14.653469,    1.439664
2013-07-05 00:00:00,  412.292160,   14.732383,    1.441372
2013-07-06 00:00:00,  410.382720,   14.289727,    1.441533
2013-07-07 00:00:00,  408.620160,   14.362969,    1.442503
2013-07-08 00:00:00,  406.857600,   14.284272,    1.442297
2013-07-09 00:00:00,  405.241920,   13.927570,    1.432259
2013-07-10 00:00:00,  403.626240,   13.983907,    1.432435
2013-07-11 00:00:00,  401.863680,   14.158397,    1.432839
2013-07-12 00:00:00,  400.248000,   14.459837,    1.424432
2013-07-13 00:00:00,  398.779200,   14.613301,    1.423106
2013-07-14 00:00:00,  397.163520,   14.583396,    1.426143
2013-07-15 00:00:00,  395.547840,   14.772245,    1.425336
2013-07-16 00:00:00,  394.079040,   14.390487,    1.423479
2013-07-17 00:00:00,  392.757120,   13.980985,    1.423214
2013-07-18 00:00:00,  391.435200,   14.040510,    1.424344
2013-07-19 00:00:00,  389.966400,   13.926755,    1.425164
2013-07-20 00:00:00,  388.644480,   13.872319,    1.425745
2013-07-21 00:00:00,  387.322560,   13.740242,    1.425771
2013-07-22 00:00:00,  386.000640,   13.481653,    1.426664
2013-07-23 00:00:00,  384.825600,   13.431104,    1.416016
2013-07-24 00:00:00,  383.650560,   13.643910,    1.403018
2013-07-25 00:00:00,  382.475520,   13.735403,    1.402301
2013-07-26 00:00:00,  381.447360,   13.441005,    1.378256
2013-07-27 00:00:00,  380.419200,   13.463683,    1.370241
2013-07-28 00:00:00,  379.391040,   13.571250,    1.370572
2013-07-29 00:00:00,  378.362880,   13.602988,    1.366969
2013-07-30 00:00:00,  377.334720,   13.771653,    1.369013
2013-07-31 00:00:00,  376.453440,   14.353033,    1.367669
2013-08-01 00:00:00,  375.865920,   14.239144,    1.367547
2013-08-02 00:00:00,  375.278400,   14.593319,    1.367341
2013-08-03 00:00:00,  374.397120,   15.109552,    1.367157
2013-08-04 00:00:00,  373.662720,   15.068143,    1.366887
2013-08-05 00:00:00,  372.928320,   15.980580,    1.362360
2013-08-06 00:00:00,  372.193920,   16.225529,    1.361765
2013-08-07 00:00:00,  371.606400,   16.626706,    1.339974
2013-08-08 00:00:00,  371.018880,   16.495034,    1.344703
2013-08-09 00:00:00,  370.431360,   16.706194,    1.345703
2013-08-10 00:00:00,  369.990720,   16.547392,    1.330280
2013-08-11 00:00:00,  369.550080,   16.186009,    1.325293
2013-08-12 00:00:00,  369.109440,   16.097032,    1.328747
2013-08-13 00:00:00,  368.815680,   15.890864,    1.318028
2013-08-14 00:00:00,  368.375040,   15.657005,    1.321096
2013-08-15 00:00:00,  368.081280,   15.032323,    1.318231
2013-08-16 00:00:00,  367.934400,   14.689281,    1.318441
2013-08-17 00:00:00,  367.640640,   15.392558,    1.321076
2013-08-18 00:00:00,  367.493760,   15.469999,    1.321643
2013-08-19 00:00:00,  367.346880,   15.343601,    1.321761
2013-08-20 00:00:00,  367.200000,   15.170050,    1.322222
2013-08-21 00:00:00,  367.200000,   16.351364,    1.320704
2013-08-22 00:00:00,  367.200000,   16.048807,    1.321040
2013-08-23 00:00:00,  367.200000,   16.266174,    1.321873
2013-08-24 00:00:00,  367.346880,   16.421523,    1.322946
2013-08-25 00:00:00,  367.493760,   16.491663,    1.307018
2013-08-26 00:00:00,  367.640640,   16.164199,    1.295013
2013-08-27 00:00:00,  367.934400,   15.616841,    1.279034
2013-08-28 00:00:00,  368.228160,   16.028844,    1.266467
2013-08-29 00:00:00,  368.521920,   16.259529,    1.264421
2013-08-30 00:00:00,  368.815680,   16.335652,    1.268566
2013-08-31 00:00:00,  369.256320,   16.704710,    1.269386
2013-09-01 00:00:00,  369.550080,   16.870741,    1.269617
2013-09-02 00:00:00,  369.843840,   17.120353,    1.269616
2013-09-03 00:00:00,  370.431360,   17.658644,    1.265350
2013-09-04 00:00:00,  371.018880,   17.328789,    1.267596
2013-09-05 00:00:00,  371.606400,   17.196220,    1.268911
2013-09-06 00:00:00,  372.193920,   18.085014,    1.270733
2013-09-07 00:00:00,  372.781440,   17.543231,    1.270573
2013-09-08 00:00:00,  373.515840,   17.522125,    1.270606
2013-09-09 00:00:00,  374.250240,   17.933249,    1.271396
2013-09-10 00:00:00,  374.984640,   18.316881,    1.272313
2013-09-11 00:00:00,  375.865920,   17.287024,    1.246458
2013-09-12 00:00:00,  376.747200,   17.194882,    1.248525
2013-09-13 00:00:00,  377.628480,   17.116509,    1.246006
2013-09-14 00:00:00,  378.656640,   16.102670,    1.228117
2013-09-15 00:00:00,  379.684800,   16.113700,    1.231326
2013-09-16 00:00:00,  380.712960,   15.775032,    1.221996
2013-09-17 00:00:00,  381.741120,   15.970664,    1.224468
2013-09-18 00:00:00,  382.769280,   15.776324,    1.223886
2013-09-19 00:00:00,  383.944320,   15.989270,    1.226062
2013-09-20 00:00:00,  385.119360,   16.216096,    1.223825
2013-09-21 00:00:00,  386.441280,   17.001783,    1.224823
2013-09-22 00:00:00,  387.763200,   16.638279,    1.209601
2013-09-23 00:00:00,  389.085120,   16.794517,    1.209383
2013-09-24 00:00:00,  390.407040,   16.598343,    1.206136
2013-09-25 00:00:00,  391.728960,   17.295122,    1.208939
2013-09-26 00:00:00,  393.197760,   16.990322,    1.205393
2013-09-27 00:00:00,  394.666560,   17.069483,    1.206295
2013-09-28 00:00:00,  396.135360,   17.843829,    1.207957
2013-09-29 00:00:00,  397.604160,   17.504227,    1.171258
2013-09-30 00:00:00,  399.219840,   17.953056,    1.161829
2013-10-01 00:00:00,  401.129280,   18.433612,    1.164554
2013-10-02 00:00:00,  403.038720,   19.428013,    1.165962
2013-10-03 00:00:00,  404.801280,   19.680295,    1.166204
2013-10-04 00:00:00,  406.563840,   20.515139,    1.168459
2013-10-05 00:00:00,  408.326400,   20.827728,    1.157913
2013-10-06 00:00:00,  410.088960,   21.208216,    1.161790
2013-10-07 00:00:00,  411.851520,   21.163864,    1.162936
2013-10-08 00:00:00,  413.614080,   21.205477,    1.163447
2013-10-09 00:00:00,  415.523520,   21.070152,    1.146533
2013-10-10 00:00:00,  417.432960,   21.136462,    1.147195
2013-10-11 00:00:00,  419.342400,   19.854334,    1.155355
2013-10-12 00:00:00,  421.251840,   19.583918,    1.160145
2013-10-13 00:00:00,  423.161280,   19.710810,    1.163712
2013-10-14 00:00:00,  425.217600,   20.516099,    1.167240
2013-10-15 00:00:00,  427.273920,   20.666861,    1.168459
2013-10-16 00:00:00,  429.330240,   20.709728,    1.169174
2013-10-17 00:00:00,  431.386560,   20.854555,    1.169173
2013-10-18 00:00:00,  433.442880,   21.331914,    1.169338
2013-10-19 00:00:00,  435.499200,   20.179677,    1.153176
2013-10-20 00:00:00,  437.702400,   19.573341,    1.136223
2013-10-21 00:00:00,  439.905600,   20.279267,    1.141537
2013-10-22 00:00:00,  442.108800,   20.279199,    1.145716
2013-10-23 00:00:00,  444.312000,   20.639436,    1.152838
2013-10-24 00:00:00,  446.515200,   20.612144,    1.155652
2013-10-25 00:00:00,  448.865280,   20.774326,    1.155595
2013-10-26 00:00:00,  451.068480,   21.631052,    1.155765
2013-10-27 00:00:00,  453.271680,   23.261516,    1.160441
2013-10-28 00:00:00,  455.621760,   23.878815,    1.163681
2013-10-29 00:00:00,  457.971840,   23.761072,    1.163761
2013-10-30 00:00:00,  460.321920,   24.686757,    1.167158
2013-10-31 00:00:00,  462.672000,   24.645564,    1.172251
2013-11-01 00:00:00,  464.434560,   24.493129,    1.175579
2013-11-02 00:00:00,  466.197120,   24.076783,    1.178952
2013-11-03 00:00:00,  468.547200,   23.187027,    1.177251
2013-11-04 00:00:00,  470.897280,   25.198312,    1.182910
2013-11-05 00:00:00,  473.247360,   23.769953,    1.185581
2013-11-06 00:00:00,  475.744320,   22.962349,    1.186902
2013-11-07 00:00:00,  478.241280,   23.135311,    1.186530
2013-11-08 00:00:00,  480.591360,   23.477484,    1.189096
2013-11-09 00:00:00,  483.088320,   24.301836,    1.191955
2013-11-10 00:00:00,  485.585280,   24.542631,    1.192751
2013-11-11 00:00:00,  488.082240,   25.271818,    1.199524
2013-11-12 00:00:00,  490.579200,   24.185477,    1.202272
2013-11-13 00:00:00,  493.076160,   23.640087,    1.205742
2013-11-14 00:00:00,  495.573120,   24.312943,    1.210018
2013-11-15 00:00:00,  498.070080,   24.091780,    1.210368
2013-11-16 00:00:00,  500.567040,   25.541826,    1.216570
2013-11-17 00:00:00,  503.064000,   25.948337,    1.216758
2013-11-18 00:00:00,  505.560960,   24.990056,    1.223923
2013-11-19 00:00:00,  508.057920,   23.989515,    1.226548
2013-11-20 00:00:00,  510.701760,   23.785150,    1.229277
2013-11-21 00:00:00,  513.198720,   23.348794,    1.228862
2013-11-22 00:00:00,  515.695680,   25.099387,    1.234722
2013-11-23 00:00:00,  518.192640,   26.413992,    1.238252
2013-11-24 00:00:00,  520.689600,   24.934050,    1.241368
2013-11-25 00:00:00,  523.333440,   24.888375,    1.245292
2013-11-26 00:00:00,  525.830400,   25.021960,    1.247943
2013-11-27 00:00:00,  528.327360,   25.412001,    1.249616
2013-11-28 00:00:00,  530.824320,   25.788588,    1.253691
2013-11-29 00:00:00,  533.321280,   23.861794,    1.252305
2013-11-30 00:00:00,  535.818240,   23.808480,    1.253162
2013-12-01 00:00:00,  538.902720,   24.098196,    1.253144
2013-12-02 00:00:00,  541.987200,   24.439770,    1.259341
2013-12-03 00:00:00,  544.337280,   23.434947,    1.263401
2013-12-04 00:00:00,  546.834240,   23.728202,    1.262752
2013-12-05 00:00:00,  549.331200,   23.679589,    1.265887
2013-12-06 00:00:00,  551.681280,   24.542901,    1.269874
2013-12-07 00:00:00,  554.178240,   24.577689,    1.277904
2013-12-08 00:00:00,  556.675200,   23.996545,    1.281730
2013-12-09 00:00:00,  559.025280,   24.368620,    1.282603
2013-12-10 00:00:00,  561.375360,   24.448461,    1.285252
2013-12-11 00:00:00,  563.725440,   25.377604,    1.289528
2013-12-12 00:00:00,  566.075520,   26.164858,    1.293470
2013-12-13 00:00:00,  568.425600,   27.413177,    1.297773
2013-12-14 00:00:00,  570.775680,   28.261358,    1.303078
2013-12-15 00:00:00,  573.125760,   29.439886,    1.306885
2013-12-16 00:00:00,  575.475840,   28.894378,    1.306382
2013-12-17 00:00:00,  577.825920,   28.982958,    1.313912
2013-12-18 00:00:00,  580.029120,   26.710302,    1.315184
2013-12-19 00:00:00,  582.232320,   25.658496,    1.316263
2013-12-20 00:00:00,  584.582400,   25.153357,    1.317014
2013-12-21 00:00:00,  586.785600,   25.352033,    1.320751
2013-12-22 00:00:00,  588.988800,   25.410094,    1.324110
2013-12-23 00:00:00,  591.192000,   26.342566,    1.327354
2013-12-24 00:00:00,  593.248320,   26.692287,    1.330776
2013-12-25 00:00:00,  595.304640,   26.691939,    1.335623
2013-12-26 00:00:00,  597.360960,   26.957949,    1.339679
2013-12-27 00:00:00,  599.417280,   26.305375,    1.339586
2013-12-28 00:00:00,  601.473600,   26.396135,    1.345001
2013-12-29 00:00:00,  603.529920,   26.065903,    1.347324
2013-12-30 00:00:00,  605.586240,   26.741653,    1.349412
2013-12-31 00:00:00,  607.495680,   26.085964,    1.352922
2014-01-01 00:00:00,  608.817600,   26.413750,    1.355881
2014-01-02 00:00:00,  610.286400,   26.191603,    1.358911
2014-01-03 00:00:00,  612.195840,   25.374397,    1.361279
2014-01-04 00:00:00,  613.958400,   24.821710,    1.361655
2014-01-05 00:00:00,  615.867840,   25.531587,    1.364104
2014-01-06 00:00:00,  617.777280,   26.866718,    1.367094
2014-01-07 00:00:00,  619.539840,   26.846765,    1.370655
2014-01-08 00:00:00,  621.302400,   26.546540,    1.374518
2014-01-09 00:00:00,  622.918080,   26.376362,    1.376910
2014-01-10 00:00:00,  624.533760,   27.118171,    1.380340
2014-01-11 00:00:00,  626.296320,   28.234119,    1.385205
2014-01-12 00:00:00,  627.912000,   28.887000,    1.390130
2014-01-13 00:00:00,  629.380800,   27.207472,    1.393618
2014-01-14 00:00:00,  630.849600,   26.750873,    1.392142
2014-01-15 00:00:00,  632.465280,   26.573645,    1.394857
2014-01-16 00:00:00,  634.080960,   25.547835,    1.392652
2014-01-17 00:00:00,  635.402880,   25.985769,    1.397373
2014-01-18 00:00:00,  636.724800,   26.588424,    1.398789
2014-01-19 00:00:00,  638.193600,   27.024528,    1.402345
2014-01-20 00:00:00,  639.515520,   27.358678,    1.403575
2014-01-21 00:00:00,  640.837440,   27.500152,    1.406228
2014-01-22 00:00:00,  642.159360,   27.990953,    1.409218
2014-01-23 00:00:00,  643.334400,   28.456327,    1.413863
2014-01-24 00:00:00,  644.509440,   28.039612,    1.417625
2014-01-25 00:00:00,  645.684480,   27.766536,    1.418486
2014-01-26 00:00:00,  646.712640,   27.696868,    1.421976
2014-01-27 00:00:00,  647.740800,   26.267117,    1.422621
2014-01-28 00:00:00,  648.768960,   26.219804,    1.422300
2014-01-29 00:00:00,  649.797120,   26.315714,    1.424802
2014-01-30 00:00:00,  650.825280,   27.148929,    1.428651
2014-01-31 00:00:00,  651.706560,   26.740897,    1.431927
2014-02-01 00:00:00,  652.294080,   26.081641,    1.434234
2014-02-02 00:00:00,  652.881600,   26.116364,    1.435615
2014-02-03 00:00:00,  653.762880,   25.955342,    1.429285
2014-02-04 00:00:00,  654.497280,   25.988630,    1.433130
2014-02-05 00:00:00,  655.084800,   27.054301,    1.441637
2014-02-06 00:00:00,  655.819200,   26.982852,    1.444586
2014-02-07 00:00:00,  656.553600,   25.928712,    1.446462
2014-02-08 00:00:00,  657.141120,   25.291311,    1.445133
2014-02-09 00:00:00,  657.728640,   25.150463,    1.447625
2014-02-10 00:00:00,  658.169280,   24.606252,    1.449066
2014-02-11 00:00:00,  658.609920,   25.310412,    1.447991
2014-02-12 00:00:00,  659.050560,   25.566849,    1.450790
2014-02-13 00:00:00,  659.344320,   26.060741,    1.451869
2014-02-14 00:00:00,  659.784960,   26.615350,    1.451924
2014-02-15 00:00:00,  660.078720,   27.240543,    1.458441
2014-02-16 00:00:00,  660.225600,   26.057072,    1.460328
2014-02-17 00:00:00,  660.519360,   26.390654,    1.462722
2014-02-18 00:00:00,  660.666240,   26.373139,    1.466006
2014-02-19 00:00:00,  660.813120,   26.475339,    1.469470
2014-02-20 00:00:00,  660.960000,   26.820848,    1.472869
2014-02-21 00:00:00,  660.960000,   26.815660,    1.476134
2014-02-22 00:00:00,  660.960000,   26.676054,    1.479312
2014-02-23 00:00:00,  660.960000,   27.148788,    1.481648
2014-02-24 00:00:00,  660.813120,   27.224926,    1.485171
2014-02-25 00:00:00,  660.666240,   26.793358,    1.487990
2014-02-26 00:00:00,  660.519360,   26.499358,    1.485845
2014-02-27 00:00:00,  660.225600,   26.079643,    1.488782
2014-02-28 00:00:00,  659.931840,   26.350148,    1.490986
2014-03-01 00:00:00,  659.197440,   26.979628,    1.494365
2014-03-02 00:00:00,  658.316160,   26.917831,    1.495609
2014-03-03 00:00:00,  657.728640,   26.166760,    1.498153
2014-03-04 00:00:00,  657.141120,   25.609029,    1.499786
2014-03-05 00:00:00,  656.553600,   25.337271,    1.496688
2014-03-06 00:00:00,  655.966080,   25.784455,    1.497981
2014-03-07 00:00:00,  655.378560,   26.254573,    1.501894
2014-03-08 00:00:00,  654.644160,   25.217505,    1.504259
2014-03-09 00:00:00,  653.909760,   24.906541,    1.505891
2014-03-10 00:00:00,  653.175360,   24.312462,    1.504626
2014-03-11 00:00:00,  652.294080,   24.487855,    1.502040
2014-03-12 00:00:00,  651.412800,   24.634880,    1.503526
2014-03-13 00:00:00,  650.531520,   24.447015,    1.505436
2014-03-14 00:00:00,  649.503360,   23.655474,    1.507609
2014-03-15 00:00:00,  648.475200,   23.524675,    1.507347
2014-03-16 00:00:00,  647.447040,   24.026059,    1.509167
2014-03-17 00:00:00,  646.418880,   23.630312,    1.509726
2014-03-18 00:00:00,  645.390720,   24.127518,    1.511230
2014-03-19 00:00:00,  644.215680,   24.377790,    1.514407
2014-03-20 00:00:00,  643.040640,   24.156071,    1.517130
2014-03-21 00:00:00,  641.718720,   24.194558,    1.515977
2014-03-22 00:00:00,  640.396800,   24.351710,    1.520101
2014-03-23 00:00:00,  639.221760,   24.702481,    1.522051
2014-03-24 00:00:00,  637.899840,   24.264717,    1.523571
2014-03-25 00:00:00,  636.431040,   23.549637,    1.514359
2014-03-26 00:00:00,  634.962240,   23.638972,    1.514912
2014-03-27 00:00:00,  633.493440,   23.884426,    1.515677
2014-03-28 00:00:00,  632.024640,   24.941109,    1.515079
2014-03-29 00:00:00,  630.555840,   23.218751,    1.508919
2014-03-30 00:00:00,  629.087040,   22.468437,    1.505798
2014-03-31 00:00:00,  627.471360,   22.134810,    1.505208
2014-04-01 00:00:00,  626.296320,   21.821000,    1.504152
2014-04-02 00:00:00,  625.121280,   21.711362,    1.502189
2014-04-03 00:00:00,  623.358720,   21.742016,    1.503240
2014-04-04 00:00:00,  621.596160,   21.112532,    1.503288
2014-04-05 00:00:00,  619.833600,   21.934771,    1.503378
2014-04-06 00:00:00,  618.071040,   22.226878,    1.504969
2014-04-07 00:00:00,  616.308480,   22.207857,    1.507082
2014-04-08 00:00:00,  614.545920,   22.674160,    1.507729
2014-04-09 00:00:00,  612.783360,   23.168428,    1.511426
2014-04-10 00:00:00,  610.873920,   22.523249,    1.512915
2014-04-11 00:00:00,  608.964480,   23.054585,    1.512475
2014-04-12 00:00:00,  607.055040,   23.652512,    1.514731
2014-04-13 00:00:00,  604.998720,   24.195617,    1.516760
2014-04-14 00:00:00,  602.942400,   24.874167,    1.518624
2014-04-15 00:00:00,  600.886080,   24.658402,    1.520720
2014-04-16 00:00:00,  598.829760,   24.007300,    1.521865
2014-04-17 00:00:00,  596.773440,   23.516889,    1.522628
2014-04-18 00:00:00,  594.717120,   22.857355,    1.523183
2014-04-19 00:00:00,  592.660800,   22.164451,    1.522054
2014-04-20 00:00:00,  590.457600,   21.698347,    1.521433
2014-04-21 00:00:00,  588.254400,   21.394582,    1.520614
2014-04-22 00:00:00,  586.198080,   21.302523,    1.518539
2014-04-23 00:00:00,  583.994880,   21.031649,    1.518943
2014-04-24 00:00:00,  581.644800,   20.454912,    1.518658
2014-04-25 00:00:00,  579.441600,   20.672224,    1.516829
2014-04-26 00:00:00,  577.238400,   20.334342,    1.506293
2014-04-27 00:00:00,  574.888320,   20.425903,    1.508629
2014-04-28 00:00:00,  572.538240,   19.662523,    1.504764
2014-04-29 00:00:00,  570.188160,   19.624445,    1.505446
2014-04-30 00:00:00,  567.838080,   19.648507,    1.505750
2014-05-01 00:00:00,  565.047360,   19.203405,    1.505779
2014-05-02 00:00:00,  562.109760,   19.054883,    1.504073
2014-05-03 00:00:00,  559.612800,   19.397082,    1.503466
2014-05-04 00:00:00,  557.262720,   18.951623,    1.504950
2014-05-05 00:00:00,  554.912640,   18.594891,    1.502643
2014-05-06 00:00:00,  552.415680,   18.770268,    1.502336
2014-05-07 00:00:00,  549.918720,   18.743677,    1.448854
2014-05-08 00:00:00,  547.568640,   18.067620,    1.475988
2014-05-09 00:00:00,  545.071680,   18.241693,    1.478132
2014-05-10 00:00:00,  542.574720,   18.796057,    1.478225
2014-05-11 00:00:00,  540.077760,   18.540408,    1.479057
2014-05-12 00:00:00,  537.580800,   18.366504,    1.479747
2014-05-13 00:00:00,  535.083840,   18.495397,    1.479806
2014-05-14 00:00:00,  532.586880,   18.381400,    1.481019
2014-05-15 00:00:00,  530.089920,   18.723832,    1.478734
2014-05-16 00:00:00,  527.592960,   18.817289,    1.478242
2014-05-17 00:00:00,  525.096000,   19.125421,    1.455309
2014-05-18 00:00:00,  522.599040,   19.032818,    1.463563
2014-05-19 00:00:00,  520.102080,   19.037166,    1.463953
2014-05-20 00:00:00,  517.458240,   19.068045,    1.459042
2014-05-21 00:00:00,  514.961280,   18.974033,    1.461033
2014-05-22 00:00:00,  512.464320,   18.775497,    1.463669
2014-05-23 00:00:00,  509.967360,   18.309229,    1.453064
2014-05-24 00:00:00,  507.470400,   17.708476,    1.458421
2014-05-25 00:00:00,  504.826560,   17.500124,    1.462990
2014-05-26 00:00:00,  502.329600,   17.487101,    1.463937
2014-05-27 00:00:00,  499.832640,   17.462161,    1.459355
2014-05-28 00:00:00,  497.335680,   17.318839,    1.461394
2014-05-29 00:00:00,  494.838720,   17.562528,    1.462753
2014-05-30 00:00:00,  492.341760,   17.337805,    1.464175
2014-05-31 00:00:00,  489.844800,   16.746389,    1.470273
2014-06-01 00:00:00,  488.082240,   16.877935,    1.472850
2014-06-02 00:00:00,  486.319680,   17.118305,    1.473390
2014-06-03 00:00:00,  483.822720,   17.041424,    1.474066
2014-06-04 00:00:00,  481.325760,   17.261392,    1.474266
2014-06-05 00:00:00,  478.828800,   17.043951,    1.474938
2014-06-06 00:00:00,  476.478720,   16.756316,    1.479554
2014-06-07 00:00:00,  473.981760,   16.348871,    1.499446
2014-06-08 00:00:00,  471.484800,   16.234570,    1.535069
2014-06-09 00:00:00,  469.134720,   16.409387,    1.533923
2014-06-10 00:00:00,  466.784640,   16.031173,    1.530025
2014-06-11 00:00:00,  464.434560,   16.030070,    1.530889
2014-06-12 00:00:00,  462.084480,   15.948389,    1.531353
2014-06-13 00:00:00,  459.734400,   15.778195,    1.531636
2014-06-14 00:00:00,  457.384320,   15.791976,    1.532160
2014-06-15 00:00:00,  455.034240,   15.737196,    1.532763
2014-06-16 00:00:00,  452.684160,   15.412884,    1.532897
2014-06-17 00:00:00,  450.334080,   14.908316,    1.508747
2014-06-18 00:00:00,  448.130880,   14.815678,    1.507478
2014-06-19 00:00:00,  445.927680,   14.876987,    1.506570
2014-06-20 00:00:00,  443.577600,   14.878669,    1.506041
2014-06-21 00:00:00,  441.374400,   14.720912,    1.485711
2014-06-22 00:00:00,  439.318080,   14.409865,    1.485331
2014-06-23 00:00:00,  437.114880,   14.527609,    1.485616
2014-06-24 00:00:00,  434.911680,   14.731302,    1.486535
2014-06-25 00:00:00,  432.855360,   14.614791,    1.486924
2014-06-26 00:00:00,  430.799040,   14.280589,    1.486675
2014-06-27 00:00:00,  428.742720,   14.566376,    1.488033
2014-06-28 00:00:00,  426.686400,   14.365251,    1.488318
2014-06-29 00:00:00,  424.630080,   13.761614,    1.488397
2014-06-30 00:00:00,  422.573760,   13.649713,    1.489066
2014-07-01 00:00:00,  420.223680,   13.938588,    1.489383
2014-07-02 00:00:00,  417.873600,   14.046262,    1.480401
2014-07-03 00:00:00,  415.964160,   14.008208,    1.481566
2014-07-04 00:00:00,  414.201600,   13.828161,    1.480538
2014-07-05 00:00:00,  412.292160,   14.136566,    1.480749
2014-07-06 00:00:00,  410.382720,   14.151052,    1.475219
2014-07-07 00:00:00,  408.620160,   13.866277,    1.474124
2014-07-08 00:00:00,  406.857600,   13.626510,    1.472051
2014-07-09 00:00:00,  405.241920,   13.686197,    1.472266
2014-07-10 00:00:00,  403.626240,   13.715165,    1.472615
2014-07-11 00:00:00,  401.863680,   13.827922,    1.472840
2014-07-12 00:00:00,  400.248000,   14.011774,    1.473904
2014-07-13 00:00:00,  398.779200,   13.657992,    1.473959
2014-07-14 00:00:00,  397.163520,   13.637406,    1.462019
2014-07-15 00:00:00,  395.547840,   13.719348,    1.462449
2014-07-16 00:00:00,  394.079040,   14.023886,    1.462686
2014-07-17 00:00:00,  392.757120,   13.995587,    1.464165
2014-07-18 00:00:00,  391.435200,   13.946669,    1.463563
2014-07-19 00:00:00,  389.966400,   13.700103,    1.461004
2014-07-20 00:00:00,  388.644480,   14.167828,    1.447907
2014-07-21 00:00:00,  387.322560,   13.822254,    1.448125
2014-07-22 00:00:00,  386.000640,   13.702203,    1.441622
2014-07-23 00:00:00,  384.825600,   13.676856,    1.441886
2014-07-24 00:00:00,  383.650560,   13.923669,    1.441770
2014-07-25 00:00:00,  382.475520,   14.016658,    1.441859
2014-07-26 00:00:00,  381.447360,   14.088538,    1.438437
2014-07-27 00:00:00,  380.419200,   14.178678,    1.438840
2014-07-28 00:00:00,  379.391040,   14.335138,    1.439247
2014-07-29 00:00:00,  378.362880,   14.517803,    1.439098
2014-07-30 00:00:00,  377.334720,   14.663401,    1.439215
2014-07-31 00:00:00,  376.453440,   14.705992,    1.440365
2014-08-01 00:00:00,  375.865920,   14.793352,    1.440702
2014-08-02 00:00:00,  375.278400,   14.627703,    1.440881
2014-08-03 00:00:00,  374.397120,   14.631516,    1.440817
2014-08-04 00:00:00,  373.662720,   14.909033,    1.441457
2014-08-05 00:00:00,  372.928320,   15.118877,    1.442442
2014-08-06 00:00:00,  372.193920,   15.465952,    1.444116
2014-08-07 00:00:00,  371.606400,   15.223262,    1.442155
2014-08-08 00:00:00,  371.018880,   15.536361,    1.442211
2014-08-09 00:00:00,  370.431360,   15.705062,    1.442835
2014-08-10 00:00:00,  369.990720,   16.094525,    1.443860
2014-08-11 00:00:00,  369.550080,   16.317716,    1.444550
2014-08-12 00:00:00,  369.109440,   15.806143,    1.446025
2014-08-13 00:00:00,  368.815680,   15.824616,    1.447500
2014-08-14 00:00:00,  368.375040,   15.580741,    1.448782
2014-08-15 00:00:00,  368.081280,   15.929316,    1.448748
2014-08-16 00:00:00,  367.934400,   16.227896,    1.448777
2014-08-17 00:00:00,  367.640640,   17.010607,    1.431341
2014-08-18 00:00:00,  367.493760,   16.762643,    1.428697
2014-08-19 00:00:00,  367.346880,   16.998264,    1.429294
2014-08-20 00:00:00,  367.200000,   17.164084,    1.428758
2014-08-21 00:00:00,  367.200000,   17.384684,    1.428911
2014-08-22 00:00:00,  367.200000,   17.218361,    1.429916
2014-08-23 00:00:00,  367.200000,   17.271498,    1.430803
2014-08-24 00:00:00,  367.346880,   17.933164,    1.432608
2014-08-25 00:00:00,  367.493760,   18.549055,    1.433738
2014-08-26 00:00:00,  367.640640,   18.049488,    1.434853
2014-08-27 00:00:00,  367.934400,   18.352236,    1.435155
2014-08-28 00:00:00,  368.228160,   18.455873,    1.436337
2014-08-29 00:00:00,  368.521920,   18.243969,    1.377469
2014-08-30 00:00:00,  368.815680,   17.636774,    1.347389
2014-08-31 00:00:00,  369.256320,   17.316146,    1.346842
2014-09-01 00:00:00,  369.550080,   17.410219,    1.351263
2014-09-02 00:00:00,  369.843840,   17.328802,    1.351694
2014-09-03 00:00:00,  370.431360,   17.410734,    1.352439
2014-09-04 00:00:00,  371.018880,   17.565207,    1.355873
2014-09-05 00:00:00,  371.606400,   17.826097,    1.356955
2014-09-06 00:00:00,  372.193920,   18.352856,    1.349701
2014-09-07 00:00:00,  372.781440,   17.447189,    1.355712
2014-09-08 00:00:00,  373.515840,   16.365342,    1.365075
2014-09-09 00:00:00,  374.250240,   16.463237,    1.366592
2014-09-10 00:00:00,  374.984640,   16.865115,    1.366797
2014-09-11 00:00:00,  375.865920,   17.380905,    1.367329
2014-09-12 00:00:00,  376.747200,   18.564526,    1.369246
2014-09-13 00:00:00,  377.628480,   19.022622,    1.371002
2014-09-14 00:00:00,  378.656640,   19.532641,    1.372485
2014-09-15 00:00:00,  379.684800,   19.288447,    1.373985
2014-09-16 00:00:00,  380.712960,   19.277709,    1.374613
2014-09-17 00:00:00,  381.741120,   19.973437,    1.377950
2014-09-18 00:00:00,  382.769280,   20.499258,    1.379883
2014-09-19 00:00:00,  383.944320,   21.380660,    1.381575
2014-09-20 00:00:00,  385.119360,   21.823434,    1.385285
2014-09-21 00:00:00,  386.441280,   19.471499,    1.349294
2014-09-22 00:00:00,  387.763200,   19.212901,    1.339136
2014-09-23 00:00:00,  389.085120,   19.059082,    1.340484
2014-09-24 00:00:00,  390.407040,   19.329084,    1.340806
2014-09-25 00:00:00,  391.728960,   20.524982,    1.343543
2014-09-26 00:00:00,  393.197760,   20.497882,    1.346445
2014-09-27 00:00:00,  394.666560,   18.491259,    1.345360
2014-09-28 00:00:00,  396.135360,   17.792600,    1.349300
2014-09-29 00:00:00,  397.604160,   18.321001,    1.350690
2014-09-30 00:00:00,  399.219840,   18.852476,    1.351021
2014-10-01 00:00:00,  401.129280,   20.282767,    1.354549
2014-10-02 00:00:00,  403.038720,   20.339013,    1.355126
2014-10-03 00:00:00,  404.801280,   21.305861,    1.357580
2014-10-04 00:00:00,  406.563840,   22.099619,    1.359506
2014-10-05 00:00:00,  408.326400,   20.424371,    1.357881
2014-10-06 00:00:00,  410.088960,   20.211413,    1.358027
2014-10-07 00:00:00,  411.851520,   20.662539,    1.359568
2014-10-08 00:00:00,  413.614080,   21.406903,    1.361537
2014-10-09 00:00:00,  415.523520,   21.977910,    1.366090
2014-10-10 00:00:00,  417.432960,   21.987758,    1.368368
2014-10-11 00:00:00,  419.342400,   21.621096,    1.370456
2014-10-12 00:00:00,  421.251840,   21.287971,    1.372251
2014-10-13 00:00:00,  423.161280,   21.434854,    1.374029
2014-10-14 00:00:00,  425.217600,   22.076956,    1.376264
2014-10-15 00:00:00,  427.273920,   22.253449,    1.376619
2014-10-16 00:00:00,  429.330240,   23.819552,    1.382885
2014-10-17 00:00:00,  431.386560,   24.235646,    1.379666
2014-10-18 00:00:00,  433.442880,   22.217662,    1.349697
2014-10-19 00:00:00,  435.499200,   20.868152,    1.353918
2014-10-20 00:00:00,  437.702400,   20.989946,    1.354579
2014-10-21 00:00:00,  439.905600,   21.989804,    1.356993
2014-10-22 00:00:00,  442.108800,   22.672635,    1.360161
2014-10-23 00:00:00,  444.312000,   22.885213,    1.362958
2014-10-24 00:00:00,  446.515200,   23.402346,    1.365601
2014-10-25 00:00:00,  448.865280,   22.821341,    1.369032
2014-10-26 00:00:00,  451.068480,   22.735923,    1.370797
2014-10-27 00:00:00,  453.271680,   22.718590,    1.371652
2014-10-28 00:00:00,  455.621760,   22.669280,    1.373908
2014-10-29 00:00:00,  457.971840,   22.606006,    1.377034
2014-10-30 00:00:00,  460.321920,   22.139310,    1.379507
2014-10-31 00:00:00,  462.672000,   22.435686,    1.382744
2014-11-01 00:00:00,  464.434560,   22.446115,    1.383224
2014-11-02 00:00:00,  466.197120,   22.774570,    1.388360
2014-11-03 00:00:00,  468.547200,   22.662131,    1.392184
2014-11-04 00:00:00,  470.897280,   23.095962,    1.394803
2014-11-05 00:00:00,  473.247360,   23.260122,    1.398436
2014-11-06 00:00:00,  475.744320,   22.116949,    1.397619
2014-11-07 00:00:00,  478.241280,   21.997383,    1.400626
2014-11-08 00:00:00,  480.591360,   22.244390,    1.402920
2014-11-09 00:00:00,  483.088320,   23.515269,    1.405010
2014-11-10 00:00:00,  485.585280,   23.041596,    1.407552
2014-11-11 00:00:00,  488.082240,   23.752158,    1.410455
2014-11-12 00:00:00,  490.579200,   22.987577,    1.412799
2014-11-13 00:00:00,  493.076160,   21.894880,    1.416806
2014-11-14 00:00:00,  495.573120,   21.962259,    1.418104
2014-11-15 00:00:00,  498.070080,   22.567933,    1.422187
2014-11-16 00:00:00,  500.567040,   22.961765,    1.424833
2014-11-17 00:00:00,  503.064000,   24.648026,    1.426581
2014-11-18 00:00:00,  505.560960,   24.600632,    1.429653
2014-11-19 00:00:00,  508.057920,   25.058876,    1.432734
2014-11-20 00:00:00,  510.701760,   24.725342,    1.430785
2014-11-21 00:00:00,  513.198720,   24.402215,    1.434691
2014-11-22 00:00:00,  515.695680,   24.118350,    1.436998
2014-11-23 00:00:00,  518.192640,   23.391719,    1.440689
2014-11-24 00:00:00,  520.689600,   23.425563,    1.442440
2014-11-25 00:00:00,  523.333440,   23.959588,    1.447235
2014-11-26 00:00:00,  525.830400,   23.262773,    1.418281
2014-11-27 00:00:00,  528.327360,   23.742417,    1.418276
2014-11-28 00:00:00,  530.824320,   24.212130,    1.422163
2014-11-29 00:00:00,  533.321280,   24.999608,    1.426464
2014-11-30 00:00:00,  535.818240,   25.082010,    1.429470
2014-12-01 00:00:00,  538.902720,   24.301893,    1.432931
2014-12-02 00:00:00,  541.987200,   24.391669,    1.436822
2014-12-03 00:00:00,  544.337280,   24.697262,    1.441018
2014-12-04 00:00:00,  546.834240,   24.738971,    1.444981
2014-12-05 00:00:00,  549.331200,   23.377856,    1.445350
2014-12-06 00:00:00,  551.681280,   23.937193,    1.444540
2014-12-07 00:00:00,  554.178240,   25.111154,    1.452663
2014-12-08 00:00:00,  556.675200,   23.931274,    1.456909
2014-12-09 00:00:00,  559.025280,   23.096319,    1.458832
2014-12-10 00:00:00,  561.375360,   23.434411,    1.460286
2014-12-11 00:00:00,  563.725440,   24.413817,    1.463753
2014-12-12 00:00:00,  566.075520,   23.953378,    1.468972
2014-12-13 00:00:00,  568.425600,   23.765850,    1.473053
2014-12-14 00:00:00,  570.775680,   23.777459,    1.477117
2014-12-15 00:00:00,  573.125760,   23.785920,    1.480232
2014-12-16 00:00:00,  575.475840,   24.216280,    1.484694
2014-12-17 00:00:00,  577.825920,   23.916988,    1.488839
2014-12-18 00:00:00,  580.029120,   24.003522,    1.488137
2014-12-19 00:00:00,  582.232320,   25.503006,    1.495910
2014-12-20 00:00:00,  584.582400,   25.200914,    1.501723
2014-12-21 00:00:00,  586.785600,   25.275029,    1.507565
2014-12-22 00:00:00,  588.988800,   25.668739,    1.511617
2014-12-23 00:00:00,  591.192000,   25.239159,    1.511744
2014-12-24 00:00:00,  593.248320,   25.264807,    1.518376
2014-12-25 00:00:00,  595.304640,   25.589920,    1.521992
2014-12-26 00:00:00,  597.360960,   25.844565,    1.525054
2014-12-27 00:00:00,  599.417280,   25.760428,    1.525874
2014-12-28 00:00:00,  601.473600,   26.297003,    1.533981
2014-12-29 00:00:00,  603.529920,   27.126038,    1.538195
2014-12-30 00:00:00,  605.586240,   27.334863,    1.541692
2014-12-31 00:00:00,  607.495680,   26.878050,    1.546388
2015-01-01 00:00:00,  608.817600,   26.767717,    1.548378
2015-01-02 00:00:00,  610.286400,   25.213479,    1.546166
2015-01-03 00:00:00,  612.195840,   25.146450,    1.543830
2015-01-04 00:00:00,  613.958400,   26.213527,    1.548120
2015-01-05 00:00:00,  615.867840,   27.517170,    1.550696
2015-01-06 00:00:00,  617.777280,   27.713661,    1.555695
2015-01-07 00:00:00,  619.539840,   26.811348,    1.559895
2015-01-08 00:00:00,  621.302400,   26.018208,    1.564030
2015-01-09 00:00:00,  622.918080,   25.559595,    1.566044
2015-01-10 00:00:00,  624.533760,   26.020202,    1.569922
2015-01-11 00:00:00,  626.296320,   26.148805,    1.572861
2015-01-12 00:00:00,  627.912000,   26.827083,    1.575772
2015-01-13 00:00:00,  629.380800,   27.559923,    1.580496
2015-01-14 00:00:00,  630.849600,   28.071330,    1.585433
2015-01-15 00:00:00,  632.465280,   26.889216,    1.587210
2015-01-16 00:00:00,  634.080960,   26.993199,    1.590294
2015-01-17 00:00:00,  635.402880,   27.397268,    1.593869
2015-01-18 00:00:00,  636.724800,   27.611207,    1.593522
2015-01-19 00:00:00,  638.193600,   28.313777,    1.597638
2015-01-20 00:00:00,  639.515520,   29.207160,    1.600473
2015-01-21 00:00:00,  640.837440,   28.572104,    1.607269
2015-01-22 00:00:00,  642.159360,   26.664875,    1.607199
2015-01-23 00:00:00,  643.334400,   26.193668,    1.605066
2015-01-24 00:00:00,  644.509440,   25.568245,    1.603788
2015-01-25 00:00:00,  645.684480,   26.123653,    1.605010
2015-01-26 00:00:00,  646.712640,   26.448552,    1.607454
2015-01-27 00:00:00,  647.740800,   27.275606,    1.612513
2015-01-28 00:00:00,  648.768960,   28.423665,    1.617721
2015-01-29 00:00:00,  649.797120,   28.600683,    1.622897
2015-01-30 00:00:00,  650.825280,   28.929006,    1.626723
2015-01-31 00:00:00,  651.706560,   27.546076,    1.630296
2015-02-01 00:00:00,  652.294080,   27.501088,    1.632754
2015-02-02 00:00:00,  652.881600,   27.090439,    1.631913
2015-02-03 00:00:00,  653.762880,   28.039639,    1.620216
2015-02-04 00:00:00,  654.497280,   28.503283,    1.620079
2015-02-05 00:00:00,  655.084800,   29.106079,    1.627176
2015-02-06 00:00:00,  655.819200,   27.977772,    1.631399
2015-02-07 00:00:00,  656.553600,   27.967812,    1.633999
2015-02-08 00:00:00,  657.141120,   28.882873,    1.638108
2015-02-09 00:00:00,  657.728640,   28.653187,    1.642900
2015-02-10 00:00:00,  658.169280,   28.289925,    1.645851
2015-02-11 00:00:00,  658.609920,   28.542949,    1.648199
2015-02-12 00:00:00,  659.050560,   27.956222,    1.649875
2015-02-13 00:00:00,  659.344320,   27.240450,    1.650962
2015-02-14 00:00:00,  659.784960,   25.989186,    1.645034
2015-02-15 00:00:00,  660.078720,   25.982955,    1.645021
2015-02-16 00:00:00,  660.225600,   26.033878,    1.645699
2015-02-17 00:00:00,  660.519360,   25.646692,    1.647462
2015-02-18 00:00:00,  660.666240,   26.625505,    1.648959
2015-02-19 00:00:00,  660.813120,   26.534579,    1.653195
2015-02-20 00:00:00,  660.960000,   26.124091,    1.655633
2015-02-21 00:00:00,  660.960000,   26.024220,    1.658174
2015-02-22 00:00:00,  660.960000,   25.486631,    1.660237
2015-02-23 00:00:00,  660.960000,   26.275221,    1.657149
2015-02-24 00:00:00,  660.813120,   27.374664,    1.660030
2015-02-25 00:00:00,  660.666240,   28.070463,    1.662061
2015-02-26 00:00:00,  660.519360,   28.968456,    1.665314
2015-02-27 00:00:00,  660.225600,   27.384370,    1.671569
2015-02-28 00:00:00,  659.931840,   26.650378,    1.671604
2015-03-01 00:00:00,  659.197440,   26.074185,    1.674819
2015-03-02 00:00:00,  658.316160,   25.590813,    1.676285
2015-03-03 00:00:00,  657.728640,   25.692359,    1.678175
2015-03-04 00:00:00,  657.141120,   26.032277,    1.681154
2015-03-05 00:00:00,  656.553600,   26.296876,    1.684549
2015-03-06 00:00:00,  655.966080,   26.434104,    1.686588
2015-03-07 00:00:00,  655.378560,   26.569970,    1.689476
2015-03-08 00:00:00,  654.644160,   26.532135,    1.693202
2015-03-09 00:00:00,  653.909760,   26.638331,    1.695647
2015-03-10 00:00:00,  653.175360,   26.349444,    1.698243
2015-03-11 00:00:00,  652.294080,   26.326899,    1.697659
2015-03-12 00:00:00,  651.412800,   27.012044,    1.700536
2015-03-13 00:00:00,  650.531520,   25.787352,    1.697962
2015-03-14 00:00:00,  649.503360,   25.092363,    1.669733
2015-03-15 00:00:00,  648.475200,   25.481769,    1.668859
2015-03-16 00:00:00,  647.447040,   25.189090,    1.670521
2015-03-17 00:00:00,  646.418880,   25.089473,    1.671039
2015-03-18 00:00:00,  645.390720,   24.491143,    1.663377
2015-03-19 00:00:00,  644.215680,   24.373975,    1.660138
2015-03-20 00:00:00,  643.040640,   24.576778,    1.662205
2015-03-21 00:00:00,  641.718720,   23.938173,    1.663831
2015-03-22 00:00:00,  640.396800,   23.199210,    1.658107
2015-03-23 00:00:00,  639.221760,   22.863576,    1.661468
2015-03-24 00:00:00,  637.899840,   22.502327,    1.662858
2015-03-25 00:00:00,  636.431040,   22.493096,    1.656518
2015-03-26 00:00:00,  634.962240,   22.815233,    1.658015
2015-03-27 00:00:00,  633.493440,   23.010910,    1.659643
2015-03-28 00:00:00,  632.024640,   23.204953,    1.662421
2015-03-29 00:00:00,  630.555840,   23.725828,    1.664026
2015-03-30 00:00:00,  629.087040,   22.995630,    1.665250
2015-03-31 00:00:00,  627.471360,   23.120912,    1.666598
2015-04-01 00:00:00,  626.296320,   22.996121,    1.668269
2015-04-02 00:00:00,  625.121280,   22.897441,    1.668097
2015-04-03 00:00:00,  623.358720,   23.183265,    1.669607
2015-04-04 00:00:00,  621.596160,   22.642506,    1.670393
2015-04-05 00:00:00,  619.833600,   22.817803,    1.672692
2015-04-06 00:00:00,  618.071040,   21.743374,    1.665213
2015-04-07 00:00:00,  616.308480,   20.869113,    1.640001
2015-04-08 00:00:00,  614.545920,   20.682310,    1.636489
2015-04-09 00:00:00,  612.783360,   20.475017,    1.601615
2015-04-10 00:00:00,  610.873920,   20.707684,    1.597004
2015-04-11 00:00:00,  608.964480,   20.687368,    1.597330
2015-04-12 00:00:00,  607.055040,   20.333600,    1.595412
2015-04-13 00:00:00,  604.998720,   20.652291,    1.595535
2015-04-14 00:00:00,  602.942400,   20.555097,    1.597182
2015-04-15 00:00:00,  600.886080,   20.230869,    1.597870
2015-04-16 00:00:00,  598.829760,   20.556465,    1.599389
2015-04-17 00:00:00,  596.773440,   20.554557,    1.599901
2015-04-18 00:00:00,  594.717120,   20.392777,    1.599398
2015-04-19 00:00:00,  592.660800,   20.596323,    1.602534
2015-04-20 00:00:00,  590.457600,   20.828694,    1.602283
2015-04-21 00:00:00,  588.254400,   20.993348,    1.605022
2015-04-22 00:00:00,  586.198080,   21.236361,    1.606853
2015-04-23 00:00:00,  583.994880,   20.666906,    1.608006
2015-04-24 00:00:00,  581.644800,   19.805492,    1.607139
2015-04-25 00:00:00,  579.441600,   19.706075,    1.606898
2015-04-26 00:00:00,  577.238400,   19.554554,    1.607184
2015-04-27 00:00:00,  574.888320,   19.389540,    1.607477
2015-04-28 00:00:00,  572.538240,   19.481332,    1.608497
2015-04-29 00:00:00,  570.188160,   19.431124,    1.609307
2015-04-30 00:00:00,  567.838080,   19.224160,    1.594546
2015-05-01 00:00:00,  565.047360,   19.094381,    1.602459
2015-05-02 00:00:00,  562.109760,   18.774308,    1.602829
2015-05-03 00:00:00,  559.612800,   18.528096,    1.599291
2015-05-04 00:00:00,  557.262720,   17.811206,    1.600177
2015-05-05 00:00:00,  554.912640,   17.727657,    1.602041
2015-05-06 00:00:00,  552.415680,   18.171781,    1.602587
2015-05-07 00:00:00,  549.918720,   17.992397,    1.603351
2015-05-08 00:00:00,  547.568640,   18.014439,    1.603843
2015-05-09 00:00:00,  545.071680,   18.423881,    1.604460
2015-05-10 00:00:00,  542.574720,   18.496627,    1.605261
2015-05-11 00:00:00,  540.077760,   18.798871,    1.607011
2015-05-12 00:00:00,  537.580800,   18.417313,    1.607786
2015-05-13 00:00:00,  535.083840,   17.959462,    1.607913
2015-05-14 00:00:00,  532.586880,   17.848248,    1.608183
2015-05-15 00:00:00,  530.089920,   17.457579,    1.610185
2015-05-16 00:00:00,  527.592960,   16.862716,    1.588605
2015-05-17 00:00:00,  525.096000,   16.722530,    1.587179
2015-05-18 00:00:00,  522.599040,   16.595473,    1.586741
2015-05-19 00:00:00,  520.102080,   16.365480,    1.587534
2015-05-20 00:00:00,  517.458240,   16.174076,    1.588462
2015-05-21 00:00:00,  514.961280,   15.995913,    1.589313
2015-05-22 00:00:00,  512.464320,   16.202465,    1.589715
2015-05-23 00:00:00,  509.967360,   16.482315,    1.590015
2015-05-24 00:00:00,  507.470400,   16.356527,    1.590335
2015-05-25 00:00:00,  504.826560,   16.528583,    1.591210
2015-05-26 00:00:00,  502.329600,   16.741607,    1.592841
2015-05-27 00:00:00,  499.832640,   16.536280,    1.594003
2015-05-28 00:00:00,  497.335680,   16.225658,    1.594331
2015-05-29 00:00:00,  494.838720,   16.125794,    1.594104
2015-05-30 00:00:00,  492.341760,   16.297402,    1.594802
2015-05-31 00:00:00,  489.844800,   16.142508,    1.594342
2015-06-01 00:00:00,  488.082240,   15.608994,    1.595518
2015-06-02 00:00:00,  486.319680,   15.630808,    1.588178
2015-06-03 00:00:00,  483.822720,   15.868044,    1.588560
2015-06-04 00:00:00,  481.325760,   16.141478,    1.588778
2015-06-05 00:00:00,  478.828800,   16.341917,    1.588838
2015-06-06 00:00:00,  476.478720,   16.694917,    1.586467
2015-06-07 00:00:00,  473.981760,   16.783761,    1.586713
2015-06-08 00:00:00,  471.484800,   16.804782,    1.588340
2015-06-09 00:00:00,  469.134720,   16.524615,    1.589086
2015-06-10 00:00:00,  466.784640,   16.639962,    1.590467
2015-06-11 00:00:00,  464.434560,   16.336370,    1.590636
2015-06-12 00:00:00,  462.084480,   16.217161,    1.575879
2015-06-13 00:00:00,  459.734400,   16.033184,    1.579175
2015-06-14 00:00:00,  457.384320,   15.992420,    1.582496
2015-06-15 00:00:00,  455.034240,   16.011176,    1.583078
2015-06-16 00:00:00,  452.684160,   15.614558,    1.583080
2015-06-17 00:00:00,  450.334080,   15.388899,    1.584191
2015-06-18 00:00:00,  448.130880,   15.498656,    1.562789
2015-06-19 00:00:00,  445.927680,   15.888589,    1.526581
2015-06-20 00:00:00,  443.577600,   16.288012,    1.526191
2015-06-21 00:00:00,  441.374400,   15.431656,    1.515601
2015-06-22 00:00:00,  439.318080,   15.066302,    1.532332
2015-06-23 00:00:00,  437.114880,   15.116054,    1.533290
2015-06-24 00:00:00,  434.911680,   14.870386,    1.533728
2015-06-25 00:00:00,  432.855360,   15.135705,    1.533887
2015-06-26 00:00:00,  430.799040,   15.032631,    1.534714
2015-06-27 00:00:00,  428.742720,   14.849867,    1.534686
2015-06-28 00:00:00,  426.686400,   14.669788,    1.535205
2015-06-29 00:00:00,  424.630080,   14.766705,    1.535360
2015-06-30 00:00:00,  422.573760,   14.777722,    1.536249
2015-07-01 00:00:00,  420.223680,   14.646636,    1.536390
2015-07-02 00:00:00,  417.873600,   14.866758,    1.535580
2015-07-03 00:00:00,  415.964160,   14.979186,    1.535389
2015-07-04 00:00:00,  414.201600,   15.233316,    1.535383
2015-07-05 00:00:00,  412.292160,   15.405040,    1.535391
2015-07-06 00:00:00,  410.382720,   15.436776,    1.536577
2015-07-07 00:00:00,  408.620160,   15.353367,    1.532657
2015-07-08 00:00:00,  406.857600,   14.700643,    1.535084
2015-07-09 00:00:00,  405.241920,   14.728889,    1.536743
2015-07-10 00:00:00,  403.626240,   14.731096,    1.533573
2015-07-11 00:00:00,  401.863680,   14.652507,    1.535753
2015-07-12 00:00:00,  400.248000,   14.481495,    1.536207
2015-07-13 00:00:00,  398.779200,   14.294441,    1.536750
2015-07-14 00:00:00,  397.163520,   14.175711,    1.536672
2015-07-15 00:00:00,  395.547840,   14.146871,    1.537128
2015-07-16 00:00:00,  394.079040,   13.933331,    1.537935
2015-07-17 00:00:00,  392.757120,   13.842087,    1.538670
2015-07-18 00:00:00,  391.435200,   14.015142,    1.538615
2015-07-19 00:00:00,  389.966400,   14.005390,    1.529126
2015-07-20 00:00:00,  388.644480,   14.138164,    1.525802
2015-07-21 00:00:00,  387.322560,   14.236232,    1.523570
2015-07-22 00:00:00,  386.000640,   13.974795,    1.521700
2015-07-23 00:00:00,  384.825600,   13.972416,    1.518400
2015-07-24 00:00:00,  383.650560,   14.293595,    1.518988
2015-07-25 00:00:00,  382.475520,   14.364886,    1.519275
2015-07-26 00:00:00,  381.447360,   14.404304,    1.519715
2015-07-27 00:00:00,  380.419200,   14.522454,    1.521180
2015-07-28 00:00:00,  379.391040,   14.053247,    1.516578
2015-07-29 00:00:00,  378.362880,   14.205111,    1.516643
2015-07-30 00:00:00,  377.334720,   14.361765,    1.499728
2015-07-31 00:00:00,  376.453440,   14.701434,    1.496044
2015-08-01 00:00:00,  375.865920,   14.650353,    1.497326
2015-08-02 00:00:00,  375.278400,   14.704156,    1.497502
2015-08-03 00:00:00,  374.397120,   14.749329,    1.498076
2015-08-04 00:00:00,  373.662720,   14.617420,    1.499106
2015-08-05 00:00:00,  372.928320,   14.541552,    1.499933
2015-08-06 00:00:00,  372.193920,   14.341841,    1.501065
2015-08-07 00:00:00,  371.606400,   14.528373,    1.485121
2015-08-08 00:00:00,  371.018880,   13.933817,    1.491371
2015-08-09 00:00:00,  370.431360,   13.970495,    1.486680
2015-08-10 00:00:00,  369.990720,   13.968036,    1.492365
2015-08-11 00:00:00,  369.550080,   14.105028,    1.492884
2015-08-12 00:00:00,  369.109440,   14.066469,    1.492876
2015-08-13 00:00:00,  368.815680,   14.256916,    1.492877
2015-08-14 00:00:00,  368.375040,   14.674733,    1.493030
2015-08-15 00:00:00,  368.081280,   15.078681,    1.493317
2015-08-16 00:00:00,  367.934400,   15.403005,    1.493705
2015-08-17 00:00:00,  367.640640,   16.926488,    1.493607
2015-08-18 00:00:00,  367.493760,   16.848447,    1.496016
2015-08-19 00:00:00,  367.346880,   15.785188,    1.489547
2015-08-20 00:00:00,  367.200000,   15.492256,    1.489548
2015-08-21 00:00:00,  367.200000,   14.893357,    1.473679
2015-08-22 00:00:00,  367.200000,   14.624554,    1.469839
2015-08-23 00:00:00,  367.200000,   15.045685,    1.471619
2015-08-24 00:00:00,  367.346880,   15.098913,    1.472481
2015-08-25 00:00:00,  367.493760,   15.126915,    1.472698
2015-08-26 00:00:00,  367.640640,   15.068517,    1.474095
2015-08-27 00:00:00,  367.934400,   15.525283,    1.475318
2015-08-28 00:00:00,  368.228160,   15.688033,    1.473495
2015-08-29 00:00:00,  368.521920,   16.554906,    1.422052
2015-08-30 00:00:00,  368.815680,   16.302217,    1.402108
2015-08-31 00:00:00,  369.256320,   15.754543,    1.403357
2015-09-01 00:00:00,  369.550080,   15.529984,    1.406954
2015-09-02 00:00:00,  369.843840,   15.204316,    1.409691
2015-09-03 00:00:00,  370.431360,   15.225154,    1.410886
2015-09-04 00:00:00,  371.018880,   16.122690,    1.395097
2015-09-05 00:00:00,  371.606400,   16.085236,    1.399473
2015-09-06 00:00:00,  372.193920,   16.411008,    1.401475
2015-09-07 00:00:00,  372.781440,   16.282120,    1.401627
2015-09-08 00:00:00,  373.515840,   16.855385,    1.402969
2015-09-09 00:00:00,  374.250240,   18.546630,    1.406586
2015-09-10 00:00:00,  374.984640,   17.256449,    1.403908
2015-09-11 00:00:00,  375.865920,   17.621196,    1.403141
2015-09-12 00:00:00,  376.747200,   16.959067,    1.395171
2015-09-13 00:00:00,  377.628480,   17.500400,    1.397308
2015-09-14 00:00:00,  378.656640,   17.012765,    1.398225
2015-09-15 00:00:00,  379.684800,   17.208258,    1.400858
2015-09-16 00:00:00,  380.712960,   17.306030,    1.401961
2015-09-17 00:00:00,  381.741120,   17.174855,    1.402292
2015-09-18 00:00:00,  382.769280,   18.031828,    1.406052
2015-09-19 00:00:00,  383.944320,   18.134144,    1.409586
2015-09-20 00:00:00,  385.119360,   17.860427,    1.412456
2015-09-21 00:00:00,  386.441280,   18.190237,    1.412959
2015-09-22 00:00:00,  387.763200,   18.974392,    1.417341
2015-09-23 00:00:00,  389.085120,   19.292538,    1.418374
2015-09-24 00:00:00,  390.407040,   20.161112,    1.421447
2015-09-25 00:00:00,  391.728960,   20.662342,    1.424763
2015-09-26 00:00:00,  393.197760,   20.490065,    1.426291
2015-09-27 00:00:00,  394.666560,   20.249362,    1.426851
2015-09-28 00:00:00,  396.135360,   21.327225,    1.430391
2015-09-29 00:00:00,  397.604160,   21.559340,    1.431010
2015-09-30 00:00:00,  399.219840,   21.776179,    1.432932
2015-10-01 00:00:00,  401.129280,   22.432935,    1.433119
2015-10-02 00:00:00,  403.038720,   22.731133,    1.433539
2015-10-03 00:00:00,  404.801280,   23.318359,    1.438531
2015-10-04 00:00:00,  406.563840,   22.371481,    1.442269
2015-10-05 00:00:00,  408.326400,   20.321031,    1.442098
2015-10-06 00:00:00,  410.088960,   20.566818,    1.441136
2015-10-07 00:00:00,  411.851520,   20.245800,    1.444051
2015-10-08 00:00:00,  413.614080,   21.184692,    1.448739
2015-10-09 00:00:00,  415.523520,   21.451427,    1.449001
2015-10-10 00:00:00,  417.432960,   23.091069,    1.453030
2015-10-11 00:00:00,  419.342400,   22.945118,    1.453301
2015-10-12 00:00:00,  421.251840,   24.478993,    1.458792
2015-10-13 00:00:00,  423.161280,   24.903189,    1.462239
2015-10-14 00:00:00,  425.217600,   22.707356,    1.459730
2015-10-15 00:00:00,  427.273920,   22.470508,    1.463282
2015-10-16 00:00:00,  429.330240,   22.623632,    1.466020
2015-10-17 00:00:00,  431.386560,   22.853934,    1.468811
2015-10-18 00:00:00,  433.442880,   22.001621,    1.456720
2015-10-19 00:00:00,  435.499200,   22.410418,    1.459513
2015-10-20 00:00:00,  437.702400,   23.080320,    1.462560
2015-10-21 00:00:00,  439.905600,   23.888903,    1.464902
2015-10-22 00:00:00,  442.108800,   23.599747,    1.467884
2015-10-23 00:00:00,  444.312000,   23.220011,    1.471211
2015-10-24 00:00:00,  446.515200,   22.717339,    1.470656
2015-10-25 00:00:00,  448.865280,   23.112858,    1.474849
2015-10-26 00:00:00,  451.068480,   23.218422,    1.474709
2015-10-27 00:00:00,  453.271680,   23.115497,    1.480084
2015-10-28 00:00:00,  455.621760,   23.875388,    1.480100
2015-10-29 00:00:00,  457.971840,   24.850806,    1.482146
2015-10-30 00:00:00,  460.321920,   25.157386,    1.488122
2015-10-31 00:00:00,  462.672000,   25.314181,    1.492267
2015-11-01 00:00:00,  464.434560,   25.676785,    1.477949
2015-11-02 00:00:00,  466.197120,   25.403345,    1.435871
2015-11-03 00:00:00,  468.547200,   25.640577,    1.445591
2015-11-04 00:00:00,  470.897280,   26.015914,    1.449139
2015-11-05 00:00:00,  473.247360,   25.707871,    1.451944
2015-11-06 00:00:00,  475.744320,   24.219710,    1.452548
2015-11-07 00:00:00,  478.241280,   22.913335,    1.458107
2015-11-08 00:00:00,  480.591360,   23.234430,    1.462155
2015-11-09 00:00:00,  483.088320,   24.132558,    1.465501
2015-11-10 00:00:00,  485.585280,   24.824310,    1.469379
2015-11-11 00:00:00,  488.082240,   25.325907,    1.473242
2015-11-12 00:00:00,  490.579200,   25.165539,    1.473565
2015-11-13 00:00:00,  493.076160,   25.509498,    1.478419
2015-11-14 00:00:00,  495.573120,   27.562170,    1.487382
2015-11-15 00:00:00,  498.070080,   27.266048,    1.493306
2015-11-16 00:00:00,  500.567040,   27.754209,    1.495862
2015-11-17 00:00:00,  503.064000,   25.883214,    1.496968
2015-11-18 00:00:00,  505.560960,   24.367715,    1.498456
2015-11-19 00:00:00,  508.057920,   23.911432,    1.500485
2015-11-20 00:00:00,  510.701760,   23.948800,    1.501981
2015-11-21 00:00:00,  513.198720,   24.620582,    1.505695
2015-11-22 00:00:00,  515.695680,   24.787115,    1.507811
2015-11-23 00:00:00,  518.192640,   26.417490,    1.515066
2015-11-24 00:00:00,  520.689600,   25.096613,    1.520510
2015-11-25 00:00:00,  523.333440,   24.739530,    1.524178
2015-11-26 00:00:00,  525.830400,   24.727788,    1.528443
2015-11-27 00:00:00,  528.327360,   24.840827,    1.527559
2015-11-28 00:00:00,  530.824320,   25.257605,    1.536201
2015-11-29 00:00:00,  533.321280,   24.423129,    1.540032
2015-11-30 00:00:00,  535.818240,   23.760377,    1.542114
2015-12-01 00:00:00,  538.902720,   24.270474,    1.545397
2015-12-02 00:00:00,  541.987200,   24.550704,    1.547085
2015-12-03 00:00:00,  544.337280,   25.616903,    1.555466
2015-12-04 00:00:00,  546.834240,   24.091455,    1.558776
2015-12-05 00:00:00,  549.331200,   22.287684,    1.540501
2015-12-06 00:00:00,  551.681280,   21.870315,    1.540272
2015-12-07 00:00:00,  554.178240,   22.418114,    1.543852
2015-12-08 00:00:00,  556.675200,   23.239033,    1.546011
2015-12-09 00:00:00,  559.025280,   24.010581,    1.551064
2015-12-10 00:00:00,  561.375360,   23.871816,    1.553091
2015-12-11 00:00:00,  563.725440,   24.294178,    1.556473
2015-12-12 00:00:00,  566.075520,   23.883568,    1.559781
2015-12-13 00:00:00,  568.425600,   24.803050,    1.562839
2015-12-14 00:00:00,  570.775680,   25.179540,    1.567330
2015-12-15 00:00:00,  573.125760,   25.715373,    1.571991
2015-12-16 00:00:00,  575.475840,   25.533911,    1.577745
2015-12-17 00:00:00,  577.825920,   25.757938,    1.582184
2015-12-18 00:00:00,  580.029120,   25.497887,    1.586391
2015-12-19 00:00:00,  582.232320,   24.147144,    1.589711
2015-12-20 00:00:00,  584.582400,   24.681598,    1.592715
2015-12-21 00:00:00,  586.785600,   24.925343,    1.594353
2015-12-22 00:00:00,  588.988800,   26.566975,    1.598459
2015-12-23 00:00:00,  591.192000,   26.769266,    1.599526
2015-12-24 00:00:00,  593.248320,   25.318007,    1.606452
2015-12-25 00:00:00,  595.304640,   24.860449,    1.601308
2015-12-26 00:00:00,  597.360960,   25.233683,    1.603616
2015-12-27 00:00:00,  599.417280,   25.617631,    1.603938
2015-12-28 00:00:00,  601.473600,   27.482225,    1.614785
2015-12-29 00:00:00,  603.529920,   27.067593,    1.618256
2015-12-30 00:00:00,  605.586240,   25.920997,    1.620616
2015-12-31 00:00:00,  607.495680,   26.168340,    1.623569
2016-01-01 00:00:00,  608.817600,   26.312704,    1.627972
2016-01-02 00:00:00,  610.286400,   27.176091,    1.631867
2016-01-03 00:00:00,  612.195840,   27.447631,    1.633173
2016-01-04 00:00:00,  613.958400,   27.654786,    1.635968
2016-01-05 00:00:00,  615.867840,   28.187304,    1.636036
2016-01-06 00:00:00,  617.777280,   29.226917,    1.636406
2016-01-07 00:00:00,  619.539840,   30.243821,    1.649200
2016-01-08 00:00:00,  621.302400,   28.921517,    1.650936
2016-01-09 00:00:00,  622.918080,   29.587724,    1.654931
2016-01-10 00:00:00,  624.533760,   29.693583,    1.658695
2016-01-11 00:00:00,  626.296320,   29.498852,    1.662351
2016-01-12 00:00:00,  627.912000,   27.714584,    1.663547
2016-01-13 00:00:00,  629.380800,   27.084350,    1.664213
2016-01-14 00:00:00,  630.849600,   26.824388,    1.665275
2016-01-15 00:00:00,  632.465280,   27.560618,    1.668549
2016-01-16 00:00:00,  634.080960,   27.466288,    1.669007
2016-01-17 00:00:00,  635.402880,   26.223732,    1.672199
2016-01-18 00:00:00,  636.724800,   25.432130,    1.671447
2016-01-19 00:00:00,  638.193600,   24.598802,    1.652939
2016-01-20 00:00:00,  639.515520,   25.123200,    1.655036
2016-01-21 00:00:00,  640.837440,   24.211971,    1.654832
2016-01-22 00:00:00,  642.159360,   25.375509,    1.658419
2016-01-23 00:00:00,  643.334400,   26.740113,    1.662521
2016-01-24 00:00:00,  644.509440,   27.751578,    1.667115
2016-01-25 00:00:00,  645.684480,   28.235862,    1.667692
2016-01-26 00:00:00,  646.712640,   28.309894,    1.677008
2016-01-27 00:00:00,  647.740800,   27.632709,    1.681865
2016-01-28 00:00:00,  648.768960,   27.384765,    1.685013
2016-01-29 00:00:00,  649.797120,   27.409909,    1.689949
2016-01-30 00:00:00,  650.825280,   25.702086,    1.648715
2016-01-31 00:00:00,  651.706560,   24.277762,    1.648808
2016-02-01 00:00:00,  652.294080,   23.796888,    1.648999
2016-02-02 00:00:00,  652.881600,   24.236355,    1.651416
2016-02-03 00:00:00,  653.762880,   24.620519,    1.653407
2016-02-04 00:00:00,  654.497280,   25.730901,    1.658513
2016-02-05 00:00:00,  655.084800,   26.532031,    1.661901
2016-02-06 00:00:00,  655.819200,   26.661617,    1.664706
2016-02-07 00:00:00,  656.553600,   27.800723,    1.669241
2016-02-08 00:00:00,  657.141120,   27.704936,    1.670990
2016-02-09 00:00:00,  657.728640,   28.949570,    1.680954
2016-02-10 00:00:00,  658.169280,   30.013425,    1.684354
2016-02-11 00:00:00,  658.609920,   29.876765,    1.687681
2016-02-12 00:00:00,  659.050560,   28.097639,    1.690442
2016-02-13 00:00:00,  659.344320,   27.061784,    1.692381
2016-02-14 00:00:00,  659.784960,   26.516479,    1.693208
2016-02-15 00:00:00,  660.078720,   26.501567,    1.698270
2016-02-16 00:00:00,  660.225600,   26.185653,    1.694443
2016-02-17 00:00:00,  660.519360,   27.006529,    1.702605
2016-02-18 00:00:00,  660.666240,   26.443416,    1.707239
2016-02-19 00:00:00,  660.813120,   25.335413,    1.708747
2016-02-20 00:00:00,  660.960000,   25.988332,    1.703355
2016-02-21 00:00:00,  660.960000,   26.770821,    1.706797
2016-02-22 00:00:00,  660.960000,   25.932758,    1.695823
2016-02-23 00:00:00,  660.960000,   25.231853,    1.699691
2016-02-24 00:00:00,  660.813120,   24.359940,    1.699755
2016-02-25 00:00:00,  660.666240,   24.132438,    1.696939
2016-02-26 00:00:00,  660.519360,   24.609439,    1.696946
2016-02-27 00:00:00,  660.225600,   26.177745,    1.699187
2016-02-28 00:00:00,  659.931840,   26.490664,    1.703259
2016-02-29 00:00:00,  659.638080,   26.270040,    1.705687
2016-03-01 00:00:00,  659.050560,   25.515297,    1.709256
2016-03-02 00:00:00,  658.316160,   25.558515,    1.711716
2016-03-03 00:00:00,  657.728640,   24.937413,    1.714416
2016-03-04 00:00:00,  657.141120,   25.070387,    1.714263
2016-03-05 00:00:00,  656.553600,   25.533032,    1.716756
2016-03-06 00:00:00,  655.966080,   25.916472,    1.719267
2016-03-07 00:00:00,  655.378560,   25.871572,    1.722634
2016-03-08 00:00:00,  654.644160,   26.417918,    1.725562
2016-03-09 00:00:00,  653.909760,   27.373897,    1.729332
2016-03-10 00:00:00,  653.175360,   26.291513,    1.731439
2016-03-11 00:00:00,  652.294080,   26.119589,    1.733235
2016-03-12 00:00:00,  651.412800,   26.459453,    1.736754
2016-03-13 00:00:00,  650.531520,   26.916652,    1.739881
2016-03-14 00:00:00,  649.503360,   26.930791,    1.740370
2016-03-15 00:00:00,  648.475200,   26.985151,    1.746330
2016-03-16 00:00:00,  647.447040,   25.352772,    1.745973
2016-03-17 00:00:00,  646.418880,   24.762633,    1.745541
2016-03-18 00:00:00,  645.390720,   25.210849,    1.743529
2016-03-19 00:00:00,  644.215680,   25.297884,    1.745802
2016-03-20 00:00:00,  643.040640,   26.143033,    1.748862
2016-03-21 00:00:00,  641.718720,   25.737915,    1.750011
2016-03-22 00:00:00,  640.396800,   25.306703,    1.753696
2016-03-23 00:00:00,  639.221760,   23.581386,    1.692073
2016-03-24 00:00:00,  637.899840,   23.425565,    1.693068
2016-03-25 00:00:00,  636.431040,   24.031447,    1.693505
2016-03-26 00:00:00,  634.962240,   23.339270,    1.675231
2016-03-27 00:00:00,  633.493440,   23.139687,    1.679541
2016-03-28 00:00:00,  632.024640,   23.402328,    1.682097
2016-03-29 00:00:00,  630.555840,   23.856275,    1.683133
2016-03-30 00:00:00,  629.087040,   24.471485,    1.685503
2016-03-31 00:00:00,  627.471360,   24.225760,    1.687184
2016-04-01 00:00:00,  626.296320,   23.753457,    1.688325
2016-04-02 00:00:00,  625.121280,   24.284637,    1.689210
2016-04-03 00:00:00,  623.358720,   25.014249,    1.690978
2016-04-04 00:00:00,  621.596160,   23.810399,    1.692749
2016-04-05 00:00:00,  619.833600,   22.661525,    1.692810
2016-04-06 00:00:00,  618.071040,   22.334325,    1.690125
2016-04-07 00:00:00,  616.308480,   22.084156,    1.690677
2016-04-08 00:00:00,  614.545920,   21.888989,    1.691950
2016-04-09 00:00:00,  612.783360,   21.219440,    1.686352
2016-04-10 00:00:00,  610.873920,   21.517946,    1.681503
2016-04-11 00:00:00,  608.964480,   21.053690,    1.678671
2016-04-12 00:00:00,  607.055040,   21.346007,    1.679560
2016-04-13 00:00:00,  604.998720,   21.427789,    1.679499
2016-04-14 00:00:00,  602.942400,   21.677515,    1.681382
2016-04-15 00:00:00,  600.886080,   22.009590,    1.683262
2016-04-16 00:00:00,  598.829760,   21.524723,    1.682720
2016-04-17 00:00:00,  596.773440,   21.432153,    1.673825
2016-04-18 00:00:00,  594.717120,   21.330635,    1.676232
2016-04-19 00:00:00,  592.660800,   21.550895,    1.659700
2016-04-20 00:00:00,  590.457600,   21.717510,    1.661436
2016-04-21 00:00:00,  588.254400,   21.735970,    1.662999
2016-04-22 00:00:00,  586.198080,   21.399053,    1.665846
2016-04-23 00:00:00,  583.994880,   21.602523,    1.667545
2016-04-24 00:00:00,  581.644800,   21.068118,    1.667385
2016-04-25 00:00:00,  579.441600,   20.877391,    1.642491
2016-04-26 00:00:00,  577.238400,   19.895715,    1.648567
2016-04-27 00:00:00,  574.888320,   19.607137,    1.644534
2016-04-28 00:00:00,  572.538240,   19.167639,    1.640586
2016-04-29 00:00:00,  570.188160,   19.042826,    1.639347
2016-04-30 00:00:00,  567.838080,   18.729656,    1.639919
2016-05-01 00:00:00,  565.047360,   18.796457,    1.640026
2016-05-02 00:00:00,  562.109760,   19.101160,    1.641181
2016-05-03 00:00:00,  559.612800,   19.076419,    1.642124
2016-05-04 00:00:00,  557.262720,   18.910289,    1.642154
2016-05-05 00:00:00,  554.912640,   19.003206,    1.642184
2016-05-06 00:00:00,  552.415680,   18.847755,    1.630055
2016-05-07 00:00:00,  549.918720,   18.110390,    1.629331
2016-05-08 00:00:00,  547.568640,   17.971318,    1.631236
2016-05-09 00:00:00,  545.071680,   18.167996,    1.631320
2016-05-10 00:00:00,  542.574720,   18.394386,    1.632428
2016-05-11 00:00:00,  540.077760,   18.295387,    1.632650
2016-05-12 00:00:00,  537.580800,   18.198010,    1.632598
2016-05-13 00:00:00,  535.083840,   18.517200,    1.635416
2016-05-14 00:00:00,  532.586880,   18.632253,    1.636640
2016-05-15 00:00:00,  530.089920,   18.101400,    1.634953
2016-05-16 00:00:00,  527.592960,   18.212930,    1.635015
2016-05-17 00:00:00,  525.096000,   18.006720,    1.636667
2016-05-18 00:00:00,  522.599040,   18.141362,    1.636902
2016-05-19 00:00:00,  520.102080,   17.936938,    1.621457
2016-05-20 00:00:00,  517.458240,   17.993780,    1.631350
2016-05-21 00:00:00,  514.961280,   17.013283,    1.611452
2016-05-22 00:00:00,  512.464320,   16.746357,    1.616726
2016-05-23 00:00:00,  509.967360,   16.895804,    1.645941
2016-05-24 00:00:00,  507.470400,   16.911441,    1.632530
2016-05-25 00:00:00,  504.826560,   16.809858,    1.633370
2016-05-26 00:00:00,  502.329600,   16.649643,    1.631797
2016-05-27 00:00:00,  499.832640,   16.605251,    1.632614
2016-05-28 00:00:00,  497.335680,   16.551996,    1.625503
2016-05-29 00:00:00,  494.838720,   16.676915,    1.626526
2016-05-30 00:00:00,  492.341760,   16.658741,    1.627492
2016-05-31 00:00:00,  489.844800,   16.441203,    1.627515
2016-06-01 00:00:00,  488.082240,   16.420029,    1.628720
2016-06-02 00:00:00,  486.319680,   16.075138,    1.628729
2016-06-03 00:00:00,  483.822720,   16.244525,    1.629199
2016-06-04 00:00:00,  481.325760,   16.096304,    1.627888
2016-06-05 00:00:00,  478.828800,   16.021797,    1.628807
2016-06-06 00:00:00,  476.478720,   15.665042,    1.619276
2016-06-07 00:00:00,  473.981760,   15.179121,    1.611912
2016-06-08 00:00:00,  471.484800,   14.982859,    1.612706
2016-06-09 00:00:00,  469.134720,   14.795123,    1.612064
2016-06-10 00:00:00,  466.784640,   15.059609,    1.610173
2016-06-11 00:00:00,  464.434560,   14.847865,    1.610759
2016-06-12 00:00:00,  462.084480,   14.865283,    1.611472
2016-06-13 00:00:00,  459.734400,   14.969554,    1.568670
2016-06-14 00:00:00,  457.384320,   14.902413,    1.587249
2016-06-15 00:00:00,  455.034240,   15.180741,    1.588403
2016-06-16 00:00:00,  452.684160,   14.990070,    1.589368
2016-06-17 00:00:00,  450.334080,   14.843401,    1.591067
2016-06-18 00:00:00,  448.130880,   14.691031,    1.591329
2016-06-19 00:00:00,  445.927680,   14.661202,    1.591091
2016-06-20 00:00:00,  443.577600,   14.652156,    1.591460
2016-06-21 00:00:00,  441.374400,   14.715731,    1.591686
2016-06-22 00:00:00,  439.318080,   14.604349,    1.591796
2016-06-23 00:00:00,  437.114880,   14.738089,    1.591979
2016-06-24 00:00:00,  434.911680,   14.577162,    1.592555
2016-06-25 00:00:00,  432.855360,   14.521555,    1.584809
2016-06-26 00:00:00,  430.799040,   14.441370,    1.586425
2016-06-27 00:00:00,  428.742720,   14.248205,    1.586617
2016-06-28 00:00:00,  426.686400,   14.204197,    1.586388
2016-06-29 00:00:00,  424.630080,   14.408134,    1.587026
2016-06-30 00:00:00,  422.573760,   14.605278,    1.587075
2016-07-01 00:00:00,  420.223680,   14.349242,    1.587369
2016-07-02 00:00:00,  417.873600,   14.322966,    1.587719
2016-07-03 00:00:00,  415.964160,   13.994609,    1.588447
2016-07-04 00:00:00,  414.201600,   13.760562,    1.589071
2016-07-05 00:00:00,  412.292160,   13.579332,    1.589715
2016-07-06 00:00:00,  410.382720,   13.468070,    1.590160
2016-07-07 00:00:00,  408.620160,   13.471264,    1.590506
2016-07-08 00:00:00,  406.857600,   13.494543,    1.584288
2016-07-09 00:00:00,  405.241920,   13.105881,    1.571258
2016-07-10 00:00:00,  403.626240,   13.091095,    1.565741
2016-07-11 00:00:00,  401.863680,   13.138059,    1.566023
2016-07-12 00:00:00,  400.248000,   13.145115,    1.566934
2016-07-13 00:00:00,  398.779200,   12.811522,    1.566956
2016-07-14 00:00:00,  397.163520,   12.706435,    1.567721
2016-07-15 00:00:00,  395.547840,   13.033201,    1.568003
2016-07-16 00:00:00,  394.079040,   13.339020,    1.566677
2016-07-17 00:00:00,  392.757120,   13.466575,    1.565175
2016-07-18 00:00:00,  391.435200,   13.549380,    1.565040
2016-07-19 00:00:00,  389.966400,   13.530913,    1.565057
2016-07-20 00:00:00,  388.644480,   13.362806,    1.565743
2016-07-21 00:00:00,  387.322560,   13.288260,    1.558816
2016-07-22 00:00:00,  386.000640,   13.677871,    1.558959
2016-07-23 00:00:00,  384.825600,   13.167061,    1.557952
2016-07-24 00:00:00,  383.650560,   13.305051,    1.558300
2016-07-25 00:00:00,  382.475520,   13.523206,    1.559121
2016-07-26 00:00:00,  381.447360,   13.674430,    1.559642
2016-07-27 00:00:00,  380.419200,   14.053086,    1.560224
2016-07-28 00:00:00,  379.391040,   14.277535,    1.561287
2016-07-29 00:00:00,  378.362880,   14.395803,    1.557241
2016-07-30 00:00:00,  377.334720,   14.153564,    1.558663
2016-07-31 00:00:00,  376.453440,   13.802762,    1.557935
2016-08-01 00:00:00,  375.865920,   13.982210,    1.558148
2016-08-02 00:00:00,  375.278400,   13.688666,    1.559429
2016-08-03 00:00:00,  374.397120,   13.153296,    1.557459
2016-08-04 00:00:00,  373.662720,   13.178160,    1.555460
2016-08-05 00:00:00,  372.928320,   13.288459,    1.540564
2016-08-06 00:00:00,  372.193920,   13.327959,    1.534052
2016-08-07 00:00:00,  371.606400,   13.211840,    1.534223
2016-08-08 00:00:00,  371.018880,   12.961655,    1.532050
2016-08-09 00:00:00,  370.431360,   12.940436,    1.531083
2016-08-10 00:00:00,  369.990720,   13.067627,    1.529747
2016-08-11 00:00:00,  369.550080,   13.210266,    1.527250
2016-08-12 00:00:00,  369.109440,   13.377406,    1.527377
2016-08-13 00:00:00,  368.815680,   13.629997,    1.527484
2016-08-14 00:00:00,  368.375040,   14.202088,    1.529245
2016-08-15 00:00:00,  368.081280,   13.811799,    1.515964
2016-08-16 00:00:00,  367.934400,   14.515396,    1.518199
2016-08-17 00:00:00,  367.640640,   13.691453,    1.507454
2016-08-18 00:00:00,  367.493760,   13.624479,    1.509105
2016-08-19 00:00:00,  367.346880,   13.498772,    1.508848
2016-08-20 00:00:00,  367.200000,   13.741952,    1.502954
2016-08-21 00:00:00,  367.200000,   13.469728,    1.503797
2016-08-22 00:00:00,  367.200000,   13.454787,    1.504668
2016-08-23 00:00:00,  367.200000,   13.626307,    1.504887
2016-08-24 00:00:00,  367.346880,   14.332129,    1.506989
2016-08-25 00:00:00,  367.493760,   14.157298,    1.507470
2016-08-26 00:00:00,  367.640640,   14.250802,    1.494619
2016-08-27 00:00:00,  367.934400,   14.124663,    1.481580
2016-08-28 00:00:00,  368.228160,   13.886252,    1.483909
2016-08-29 00:00:00,  368.521920,   14.146131,    1.484465
2016-08-30 00:00:00,  368.815680,   14.429308,    1.484472
2016-08-31 00:00:00,  369.256320,   14.531735,    1.471532
2016-09-01 00:00:00,  369.550080,   14.789653,    1.472093
2016-09-02 00:00:00,  369.843840,   15.220731,    1.473288
2016-09-03 00:00:00,  370.431360,   15.364725,    1.474053
2016-09-04 00:00:00,  371.018880,   16.279533,    1.476637
2016-09-05 00:00:00,  371.606400,   16.503877,    1.476839
2016-09-06 00:00:00,  372.193920,   16.708329,    1.478311
2016-09-07 00:00:00,  372.781440,   15.924415,    1.470361
2016-09-08 00:00:00,  373.515840,   15.979261,    1.470923
2016-09-09 00:00:00,  374.250240,   16.439770,    1.471319
2016-09-10 00:00:00,  374.984640,   17.339984,    1.473956
2016-09-11 00:00:00,  375.865920,   16.112472,    1.475757
2016-09-12 00:00:00,  376.747200,   15.774669,    1.476663
2016-09-13 00:00:00,  377.628480,   16.159528,    1.478649
2016-09-14 00:00:00,  378.656640,   16.091861,    1.478577
2016-09-15 00:00:00,  379.684800,   15.771491,    1.473646
2016-09-16 00:00:00,  380.712960,   16.255314,    1.476571
2016-09-17 00:00:00,  381.741120,   16.235146,    1.476572
2016-09-18 00:00:00,  382.769280,   15.605572,    1.466638
2016-09-19 00:00:00,  383.944320,   15.387988,    1.465675
2016-09-20 00:00:00,  385.119360,   15.841717,    1.465716
2016-09-21 00:00:00,  386.441280,   16.626277,    1.466811
2016-09-22 00:00:00,  387.763200,   16.341205,    1.456142
2016-09-23 00:00:00,  389.085120,   15.782647,    1.459564
2016-09-24 00:00:00,  390.407040,   15.941768,    1.458881
2016-09-25 00:00:00,  391.728960,   16.603227,    1.444128
2016-09-26 00:00:00,  393.197760,   16.449250,    1.444248
2016-09-27 00:00:00,  394.666560,   15.766383,    1.436465
2016-09-28 00:00:00,  396.135360,   15.898758,    1.440339
2016-09-29 00:00:00,  397.604160,   16.054979,    1.440481
2016-09-30 00:00:00,  399.219840,   16.543057,    1.441845
2016-10-01 00:00:00,  401.129280,   15.553475,    1.439910
2016-10-02 00:00:00,  403.038720,   16.003101,    1.444927
2016-10-03 00:00:00,  404.801280,   15.764696,    1.443642
2016-10-04 00:00:00,  406.563840,   16.506470,    1.444063
2016-10-05 00:00:00,  408.326400,   18.177514,    1.445687
2016-10-06 00:00:00,  410.088960,   18.132546,    1.446209
2016-10-07 00:00:00,  411.851520,   19.943330,    1.448559
2016-10-08 00:00:00,  413.614080,   18.567788,    1.435078
2016-10-09 00:00:00,  415.523520,   17.908792,    1.439851
2016-10-10 00:00:00,  417.432960,   18.301654,    1.441869
2016-10-11 00:00:00,  419.342400,   19.216639,    1.443682
2016-10-12 00:00:00,  421.251840,   19.085223,    1.444603
2016-10-13 00:00:00,  423.161280,   19.567428,    1.444681
2016-10-14 00:00:00,  425.217600,   20.016671,    1.447743
2016-10-15 00:00:00,  427.273920,   18.754593,    1.450480
2016-10-16 00:00:00,  429.330240,   19.581287,    1.452339
2016-10-17 00:00:00,  431.386560,   19.634813,    1.455046
2016-10-18 00:00:00,  433.442880,   19.774593,    1.457341
2016-10-19 00:00:00,  435.499200,   19.577290,    1.453949
2016-10-20 00:00:00,  437.702400,   19.114033,    1.457668
2016-10-21 00:00:00,  439.905600,   19.538001,    1.459275
2016-10-22 00:00:00,  442.108800,   19.663297,    1.460360
2016-10-23 00:00:00,  444.312000,   21.279377,    1.465724
2016-10-24 00:00:00,  446.515200,   21.395549,    1.469383
2016-10-25 00:00:00,  448.865280,   21.366120,    1.471911
2016-10-26 00:00:00,  451.068480,   21.837731,    1.471882
2016-10-27 00:00:00,  453.271680,   23.075699,    1.477416
2016-10-28 00:00:00,  455.621760,   23.185859,    1.477375
2016-10-29 00:00:00,  457.971840,   21.699679,    1.479417
2016-10-30 00:00:00,  460.321920,   21.347548,    1.482214
2016-10-31 00:00:00,  462.672000,   20.941727,    1.484121
2016-11-01 00:00:00,  464.434560,   21.322837,    1.486794
2016-11-02 00:00:00,  466.197120,   22.104818,    1.490540
2016-11-03 00:00:00,  468.547200,   21.677345,    1.490879
2016-11-04 00:00:00,  470.897280,   23.342425,    1.496657
2016-11-05 00:00:00,  473.247360,   24.643340,    1.499461
2016-11-06 00:00:00,  475.744320,   23.820113,    1.504182
2016-11-07 00:00:00,  478.241280,   22.941337,    1.507489
2016-11-08 00:00:00,  480.591360,   22.684261,    1.510541
2016-11-09 00:00:00,  483.088320,   22.871856,    1.513934
2016-11-10 00:00:00,  485.585280,   22.036106,    1.511967
2016-11-11 00:00:00,  488.082240,   22.091656,    1.513631
2016-11-12 00:00:00,  490.579200,   22.786397,    1.516994
2016-11-13 00:00:00,  493.076160,   23.405482,    1.519268
2016-11-14 00:00:00,  495.573120,   23.684566,    1.520450
2016-11-15 00:00:00,  498.070080,   25.122192,    1.528259
2016-11-16 00:00:00,  500.567040,   22.494057,    1.460575
2016-11-17 00:00:00,  503.064000,   22.921613,    1.467398
2016-11-18 00:00:00,  505.560960,   23.879550,    1.470207
2016-11-19 00:00:00,  508.057920,   24.282771,    1.474829
2016-11-20 00:00:00,  510.701760,   23.047254,    1.478564
2016-11-21 00:00:00,  513.198720,   21.987910,    1.480949
2016-11-22 00:00:00,  515.695680,   22.950198,    1.485164
2016-11-23 00:00:00,  518.192640,   23.770607,    1.487867
2016-11-24 00:00:00,  520.689600,   24.523938,    1.491451
2016-11-25 00:00:00,  523.333440,   24.805593,    1.492983
2016-11-26 00:00:00,  525.830400,   26.414509,    1.502133
2016-11-27 00:00:00,  528.327360,   26.363891,    1.507386
2016-11-28 00:00:00,  530.824320,   26.025848,    1.512652
2016-11-29 00:00:00,  533.321280,   25.009726,    1.514399
2016-11-30 00:00:00,  535.818240,   25.150003,    1.519373
2016-12-01 00:00:00,  538.902720,   24.597547,    1.523551
2016-12-02 00:00:00,  541.987200,   24.887211,    1.526134
2016-12-03 00:00:00,  544.337280,   24.084842,    1.527898
2016-12-04 00:00:00,  546.834240,   23.889120,    1.532515
2016-12-05 00:00:00,  549.331200,   23.958802,    1.534457
2016-12-06 00:00:00,  551.681280,   24.675737,    1.537587
2016-12-07 00:00:00,  554.178240,   24.127639,    1.543420
2016-12-08 00:00:00,  556.675200,   24.631477,    1.545610
2016-12-09 00:00:00,  559.025280,   25.345682,    1.549676
2016-12-10 00:00:00,  561.375360,   26.707273,    1.553565
2016-12-11 00:00:00,  563.725440,   26.158193,    1.557833
2016-12-12 00:00:00,  566.075520,   25.932312,    1.559438
2016-12-13 00:00:00,  568.425600,   25.733400,    1.562913
2016-12-14 00:00:00,  570.775680,   25.832943,    1.563434
2016-12-15 00:00:00,  573.125760,   26.508790,    1.572291
2016-12-16 00:00:00,  575.475840,   25.917452,    1.577567
2016-12-17 00:00:00,  577.825920,   25.660916,    1.580745
2016-12-18 00:00:00,  580.029120,   25.016786,    1.585131
2016-12-19 00:00:00,  582.232320,   25.189077,    1.585060
2016-12-20 00:00:00,  584.582400,   25.873433,    1.589398
2016-12-21 00:00:00,  586.785600,   26.213220,    1.591862
2016-12-22 00:00:00,  588.988800,   26.180805,    1.602078
2016-12-23 00:00:00,  591.192000,   26.609018,    1.606303
2016-12-24 00:00:00,  593.248320,   26.160506,    1.612558
2016-12-25 00:00:00,  595.304640,   26.035318,    1.612583
2016-12-26 00:00:00,  597.360960,   26.056384,    1.615207
2016-12-27 00:00:00,  599.417280,   24.318858,    1.616270
2016-12-28 00:00:00,  601.473600,   24.004819,    1.616274
2016-12-29 00:00:00,  603.529920,   24.446404,    1.619572
2016-12-30 00:00:00,  605.586240,   24.069310,    1.624524
2016-12-31 00:00:00,  607.495680,   24.344844,    1.624745
2017-01-01 00:00:00,  608.817600,   24.323591,    1.625327
2017-01-02 00:00:00,  610.286400,   25.940373,    1.631574
2017-01-03 00:00:00,  612.195840,   27.119202,    1.635284
2017-01-04 00:00:00,  613.958400,   28.562479,    1.639523
2017-01-05 00:00:00,  615.867840,   28.379763,    1.643812
2017-01-06 00:00:00,  617.777280,   28.578113,    1.648305
2017-01-07 00:00:00,  619.539840,   27.888116,    1.653420
2017-01-08 00:00:00,  621.302400,   27.672470,    1.654881
2017-01-09 00:00:00,  622.918080,   27.432333,    1.657291
2017-01-10 00:00:00,  624.533760,   26.194210,    1.662093
2017-01-11 00:00:00,  626.296320,   25.578089,    1.662791
2017-01-12 00:00:00,  627.912000,   25.273587,    1.656480
2017-01-13 00:00:00,  629.380800,   25.642546,    1.656788
2017-01-14 00:00:00,  630.849600,   26.465127,    1.665979
2017-01-15 00:00:00,  632.465280,   25.885344,    1.669822
2017-01-16 00:00:00,  634.080960,   26.635634,    1.671725
2017-01-17 00:00:00,  635.402880,   26.525723,    1.671520
2017-01-18 00:00:00,  636.724800,   28.165982,    1.681239
2017-01-19 00:00:00,  638.193600,   28.962925,    1.685885
2017-01-20 00:00:00,  639.515520,   28.068613,    1.691636
2017-01-21 00:00:00,  640.837440,   26.927600,    1.696413
2017-01-22 00:00:00,  642.159360,   27.128384,    1.695836
2017-01-23 00:00:00,  643.334400,   27.363836,    1.699339
2017-01-24 00:00:00,  644.509440,   28.064421,    1.704612
2017-01-25 00:00:00,  645.684480,   27.750902,    1.706976
2017-01-26 00:00:00,  646.712640,   28.034353,    1.712549
2017-01-27 00:00:00,  647.740800,   27.906094,    1.716294
2017-01-28 00:00:00,  648.768960,   27.953574,    1.720213
2017-01-29 00:00:00,  649.797120,   28.023844,    1.723460
2017-01-30 00:00:00,  650.825280,   26.660197,    1.727194
2017-01-31 00:00:00,  651.706560,   26.284403,    1.725504
2017-02-01 00:00:00,  652.294080,   26.309470,    1.728374
2017-02-02 00:00:00,  652.881600,   24.930006,    1.726345
2017-02-03 00:00:00,  653.762880,   24.253535,    1.724489
2017-02-04 00:00:00,  654.497280,   23.845376,    1.726356
2017-02-05 00:00:00,  655.084800,   24.297736,    1.727841
2017-02-06 00:00:00,  655.819200,   23.845137,    1.729220
2017-02-07 00:00:00,  656.553600,   24.962874,    1.731158
2017-02-08 00:00:00,  657.141120,   25.323032,    1.733888
2017-02-09 00:00:00,  657.728640,   26.809381,    1.737075
2017-02-10 00:00:00,  658.169280,   25.920530,    1.739981
2017-02-11 00:00:00,  658.609920,   26.566360,    1.742952
2017-02-12 00:00:00,  659.050560,   26.495178,    1.747278
2017-02-13 00:00:00,  659.344320,   27.077024,    1.752023
2017-02-14 00:00:00,  659.784960,   27.010450,    1.752193
2017-02-15 00:00:00,  660.078720,   26.860890,    1.759044
2017-02-16 00:00:00,  660.225600,   26.349908,    1.761351
2017-02-17 00:00:00,  660.519360,   26.983740,    1.760400
2017-02-18 00:00:00,  660.666240,   27.413973,    1.760610
2017-02-19 00:00:00,  660.813120,   26.514491,    1.767058
2017-02-20 00:00:00,  660.960000,   25.841813,    1.767097
2017-02-21 00:00:00,  660.960000,   25.285704,    1.764296
2017-02-22 00:00:00,  660.960000,   25.636022,    1.767774
2017-02-23 00:00:00,  660.960000,   25.470866,    1.771101
2017-02-24 00:00:00,  660.813120,   26.047037,    1.772782
2017-02-25 00:00:00,  660.666240,   27.047653,    1.778712
2017-02-26 00:00:00,  660.519360,   27.036844,    1.785780
2017-02-27 00:00:00,  660.225600,   27.117304,    1.789820
2017-02-28 00:00:00,  659.931840,   26.878902,    1.794062
2017-03-01 00:00:00,  659.197440,   27.030952,    1.797834
2017-03-02 00:00:00,  658.316160,   27.268403,    1.801851
2017-03-03 00:00:00,  657.728640,   26.364174,    1.802772
2017-03-04 00:00:00,  657.141120,   24.823777,    1.794590
2017-03-05 00:00:00,  656.553600,   24.426853,    1.789551
2017-03-06 00:00:00,  655.966080,   24.817338,    1.789924
2017-03-07 00:00:00,  655.378560,   25.083871,    1.792693
2017-03-08 00:00:00,  654.644160,   25.098002,    1.796524
2017-03-09 00:00:00,  653.909760,   25.216822,    1.798598
2017-03-10 00:00:00,  653.175360,   25.212301,    1.802172
2017-03-11 00:00:00,  652.294080,   25.471102,    1.802134
2017-03-12 00:00:00,  651.412800,   26.360469,    1.810414
2017-03-13 00:00:00,  650.531520,   25.948324,    1.811232
2017-03-14 00:00:00,  649.503360,   26.712727,    1.810703
2017-03-15 00:00:00,  648.475200,   26.264962,    1.815224
2017-03-16 00:00:00,  647.447040,   24.941306,    1.816199
2017-03-17 00:00:00,  646.418880,   24.478127,    1.815807
2017-03-18 00:00:00,  645.390720,   23.899130,    1.811392
2017-03-19 00:00:00,  644.215680,   23.114712,    1.803723
2017-03-20 00:00:00,  643.040640,   23.648258,    1.805539
2017-03-21 00:00:00,  641.718720,   24.414021,    1.808421
2017-03-22 00:00:00,  640.396800,   24.734154,    1.667943
2017-03-23 00:00:00,  639.221760,   25.071982,    1.699103
2017-03-24 00:00:00,  637.899840,   25.658257,    1.705497
2017-03-25 00:00:00,  636.431040,   25.191268,    1.720514
2017-03-26 00:00:00,  634.962240,   25.009598,    1.731803
2017-03-27 00:00:00,  633.493440,   24.073308,    1.741210
2017-03-28 00:00:00,  632.024640,   23.648748,    1.749000
2017-03-29 00:00:00,  630.555840,   23.751353,    1.753260
2017-03-30 00:00:00,  629.087040,   23.717827,    1.755414
2017-03-31 00:00:00,  627.471360,   23.434371,    1.757318
2017-04-01 00:00:00,  626.296320,   23.750955,    1.757956
2017-04-02 00:00:00,  625.121280,   23.795794,    1.760433
2017-04-03 00:00:00,  623.358720,   22.875414,    1.762501
2017-04-04 00:00:00,  621.596160,   22.206320,    1.758020
2017-04-05 00:00:00,  619.833600,   22.666998,    1.759453
2017-04-06 00:00:00,  618.071040,   22.057035,    1.759188
2017-04-07 00:00:00,  616.308480,   22.409348,    1.758821
2017-04-08 00:00:00,  614.545920,   22.699076,    1.760780
2017-04-09 00:00:00,  612.783360,   22.450521,    1.763357
2017-04-10 00:00:00,  610.873920,   22.089094,    1.764591
2017-04-11 00:00:00,  608.964480,   22.553318,    1.760099
2017-04-12 00:00:00,  607.055040,   20.875530,    1.753437
2017-04-13 00:00:00,  604.998720,   20.464683,    1.741104
2017-04-14 00:00:00,  602.942400,   19.987397,    1.733959
2017-04-15 00:00:00,  600.886080,   20.458386,    1.734218
2017-04-16 00:00:00,  598.829760,   21.067223,    1.735452
2017-04-17 00:00:00,  596.773440,   21.219103,    1.736686
2017-04-18 00:00:00,  594.717120,   21.777287,    1.738219
2017-04-19 00:00:00,  592.660800,   22.138110,    1.740118
2017-04-20 00:00:00,  590.457600,   22.114384,    1.740373
2017-04-21 00:00:00,  588.254400,   22.082607,    1.743003
2017-04-22 00:00:00,  586.198080,   21.016334,    1.743949
2017-04-23 00:00:00,  583.994880,   20.604135,    1.744970
2017-04-24 00:00:00,  581.644800,   20.411680,    1.744102
2017-04-25 00:00:00,  579.441600,   20.161302,    1.743013
2017-04-26 00:00:00,  577.238400,   20.316754,    1.744303
2017-04-27 00:00:00,  574.888320,   20.299945,    1.744914
2017-04-28 00:00:00,  572.538240,   20.445939,    1.745617
2017-04-29 00:00:00,  570.188160,   20.074496,    1.745762
2017-04-30 00:00:00,  567.838080,   20.215926,    1.746754
2017-05-01 00:00:00,  565.047360,   19.773801,    1.746739
2017-05-02 00:00:00,  562.109760,   19.804626,    1.744022
2017-05-03 00:00:00,  559.612800,   19.466644,    1.744122
2017-05-04 00:00:00,  557.262720,   19.263735,    1.742201
2017-05-05 00:00:00,  554.912640,   19.205748,    1.739389
2017-05-06 00:00:00,  552.415680,   19.052616,    1.739722
2017-05-07 00:00:00,  549.918720,   19.356185,    1.740057
2017-05-08 00:00:00,  547.568640,   19.039731,    1.739993
2017-05-09 00:00:00,  545.071680,   18.730188,    1.737556
2017-05-10 00:00:00,  542.574720,   18.404257,    1.736565
2017-05-11 00:00:00,  540.077760,   18.404901,    1.736530
2017-05-12 00:00:00,  537.580800,   18.476790,    1.734701
2017-05-13 00:00:00,  535.083840,   17.718927,    1.719338
2017-05-14 00:00:00,  532.586880,   17.483334,    1.717583
2017-05-15 00:00:00,  530.089920,   17.533134,    1.718000
2017-05-16 00:00:00,  527.592960,   17.322448,    1.718326
2017-05-17 00:00:00,  525.096000,   17.380644,    1.719143
2017-05-18 00:00:00,  522.599040,   17.041982,    1.719187
2017-05-19 00:00:00,  520.102080,   17.442776,    1.718917
2017-05-20 00:00:00,  517.458240,   17.708074,    1.719502
2017-05-21 00:00:00,  514.961280,   17.273279,    1.720669
2017-05-22 00:00:00,  512.464320,   17.349771,    1.691913
2017-05-23 00:00:00,  509.967360,   16.774392,    1.696226
2017-05-24 00:00:00,  507.470400,   16.912651,    1.698711
2017-05-25 00:00:00,  504.826560,   16.736330,    1.699736
2017-05-26 00:00:00,  502.329600,   16.579835,    1.687092
2017-05-27 00:00:00,  499.832640,   16.390914,    1.703958
2017-05-28 00:00:00,  497.335680,   16.612126,    1.704535
2017-05-29 00:00:00,  494.838720,   16.421365,    1.705279
2017-05-30 00:00:00,  492.341760,   16.535332,    1.705484
2017-05-31 00:00:00,  489.844800,   16.440137,    1.705773
2017-06-01 00:00:00,  488.082240,   16.678879,    1.701656
2017-06-02 00:00:00,  486.319680,   16.475115,    1.703731
2017-06-03 00:00:00,  483.822720,   16.564509,    1.704040
2017-06-04 00:00:00,  481.325760,   16.068508,    1.704631
2017-06-05 00:00:00,  478.828800,   16.185323,    1.704832
2017-06-06 00:00:00,  476.478720,   16.614835,    1.705808
2017-06-07 00:00:00,  473.981760,   16.311309,    1.706268
2017-06-08 00:00:00,  471.484800,   15.787067,    1.705957
2017-06-09 00:00:00,  469.134720,   15.551945,    1.706773
2017-06-10 00:00:00,  466.784640,   15.763721,    1.707524
2017-06-11 00:00:00,  464.434560,   15.263340,    1.707923
2017-06-12 00:00:00,  462.084480,   15.410257,    1.707826
2017-06-13 00:00:00,  459.734400,   15.322734,    1.708728
2017-06-14 00:00:00,  457.384320,   15.390634,    1.686667
2017-06-15 00:00:00,  455.034240,   15.122050,    1.666124
2017-06-16 00:00:00,  452.684160,   15.329581,    1.678273
2017-06-17 00:00:00,  450.334080,   15.279327,    1.678513
2017-06-18 00:00:00,  448.130880,   15.287368,    1.678694
2017-06-19 00:00:00,  445.927680,   15.478084,    1.678698
2017-06-20 00:00:00,  443.577600,   15.648675,    1.679683
2017-06-21 00:00:00,  441.374400,   15.622072,    1.680275
2017-06-22 00:00:00,  439.318080,   15.453978,    1.680324
2017-06-23 00:00:00,  437.114880,   15.287895,    1.662766
2017-06-24 00:00:00,  434.911680,   15.162436,    1.664889
2017-06-25 00:00:00,  432.855360,   15.058561,    1.666325
2017-06-26 00:00:00,  430.799040,   14.824165,    1.667043
2017-06-27 00:00:00,  428.742720,   14.370702,    1.663576
2017-06-28 00:00:00,  426.686400,   14.659909,    1.664595
2017-06-29 00:00:00,  424.630080,   14.292242,    1.664383
2017-06-30 00:00:00,  422.573760,   14.236065,    1.665073
2017-07-01 00:00:00,  420.223680,   14.070340,    1.665551
2017-07-02 00:00:00,  417.873600,   14.009546,    1.655492
2017-07-03 00:00:00,  415.964160,   13.978448,    1.655900
2017-07-04 00:00:00,  414.201600,   13.867078,    1.656280
2017-07-05 00:00:00,  412.292160,   13.844228,    1.655867
2017-07-06 00:00:00,  410.382720,   13.751118,    1.656806
2017-07-07 00:00:00,  408.620160,   13.500481,    1.656889
2017-07-08 00:00:00,  406.857600,   13.295384,    1.644265
2017-07-09 00:00:00,  405.241920,   12.911198,    1.636267
2017-07-10 00:00:00,  403.626240,   12.909454,    1.627628
2017-07-11 00:00:00,  401.863680,   13.015417,    1.619142
2017-07-12 00:00:00,  400.248000,   12.754307,    1.615492
2017-07-13 00:00:00,  398.779200,   12.792105,    1.614672
2017-07-14 00:00:00,  397.163520,   13.008645,    1.612946
2017-07-15 00:00:00,  395.547840,   12.941715,    1.614614
2017-07-16 00:00:00,  394.079040,   12.836624,    1.609420
2017-07-17 00:00:00,  392.757120,   12.853461,    1.609570
2017-07-18 00:00:00,  391.435200,   12.790377,    1.609422
2017-07-19 00:00:00,  389.966400,   12.963983,    1.608139
2017-07-20 00:00:00,  388.644480,   13.057296,    1.609030
2017-07-21 00:00:00,  387.322560,   13.184467,    1.609609
2017-07-22 00:00:00,  386.000640,   13.308164,    1.610266
2017-07-23 00:00:00,  384.825600,   13.430660,    1.610952
2017-07-24 00:00:00,  383.650560,   13.263536,    1.611973
2017-07-25 00:00:00,  382.475520,   13.079610,    1.611051
2017-07-26 00:00:00,  381.447360,   13.456115,    1.609830
2017-07-27 00:00:00,  380.419200,   13.788568,    1.609348
2017-07-28 00:00:00,  379.391040,   13.919659,    1.603223
2017-07-29 00:00:00,  378.362880,   13.769764,    1.599660
2017-07-30 00:00:00,  377.334720,   13.784807,    1.599964
2017-07-31 00:00:00,  376.453440,   13.966309,    1.599988
2017-08-01 00:00:00,  375.865920,   14.226529,    1.600583
2017-08-02 00:00:00,  375.278400,   14.725141,    1.602031
2017-08-03 00:00:00,  374.397120,   14.626634,    1.602127
2017-08-04 00:00:00,  373.662720,   14.679593,    1.602963
2017-08-05 00:00:00,  372.928320,   14.784831,    1.603775
2017-08-06 00:00:00,  372.193920,   15.092939,    1.603831
2017-08-07 00:00:00,  371.606400,   15.077845,    1.605363
2017-08-08 00:00:00,  371.018880,   15.097153,    1.607618
2017-08-09 00:00:00,  370.431360,   14.873645,    1.607622
2017-08-10 00:00:00,  369.990720,   14.309704,    1.608231
2017-08-11 00:00:00,  369.550080,   13.661052,    1.607221
2017-08-12 00:00:00,  369.109440,   13.647258,    1.583966
2017-08-13 00:00:00,  368.815680,   13.749246,    1.580499
2017-08-14 00:00:00,  368.375040,   13.894797,    1.580636
2017-08-15 00:00:00,  368.081280,   14.189374,    1.580744
2017-08-16 00:00:00,  367.934400,   14.245140,    1.582370
2017-08-17 00:00:00,  367.640640,   13.946032,    1.580328
2017-08-18 00:00:00,  367.493760,   13.755293,    1.579148
2017-08-19 00:00:00,  367.346880,   13.846516,    1.579319
2017-08-20 00:00:00,  367.200000,   14.187924,    1.563001
2017-08-21 00:00:00,  367.200000,   14.258129,    1.565962
2017-08-22 00:00:00,  367.200000,   14.570980,    1.562822
2017-08-23 00:00:00,  367.200000,   14.386916,    1.563444
2017-08-24 00:00:00,  367.346880,   15.147684,    1.563773
2017-08-25 00:00:00,  367.493760,   15.424678,    1.565503
2017-08-26 00:00:00,  367.640640,   15.025170,    1.565627
2017-08-27 00:00:00,  367.934400,   15.223428,    1.566988
2017-08-28 00:00:00,  368.228160,   15.688201,    1.568367
2017-08-29 00:00:00,  368.521920,   16.162291,    1.568420
2017-08-30 00:00:00,  368.815680,   16.436539,    1.568551
2017-08-31 00:00:00,  369.256320,   16.099499,    1.544030
2017-09-01 00:00:00,  369.550080,   15.577895,    1.550189
2017-09-02 00:00:00,  369.843840,   15.296252,    1.554040
2017-09-03 00:00:00,  370.431360,   15.354615,    1.554537
2017-09-04 00:00:00,  371.018880,   15.811623,    1.554504
2017-09-05 00:00:00,  371.606400,   16.348619,    1.554419
2017-09-06 00:00:00,  372.193920,   16.677393,    1.554654
2017-09-07 00:00:00,  372.781440,   16.869294,    1.530387
2017-09-08 00:00:00,  373.515840,   16.110749,    1.532830
2017-09-09 00:00:00,  374.250240,   16.190590,    1.530693
2017-09-10 00:00:00,  374.984640,   16.079388,    1.530675
2017-09-11 00:00:00,  375.865920,   16.403621,    1.531681
2017-09-12 00:00:00,  376.747200,   16.122181,    1.523639
2017-09-13 00:00:00,  377.628480,   16.532912,    1.526407
2017-09-14 00:00:00,  378.656640,   16.482405,    1.528454
2017-09-15 00:00:00,  379.684800,   17.186367,    1.531229
2017-09-16 00:00:00,  380.712960,   17.128506,    1.534019
2017-09-17 00:00:00,  381.741120,   17.102646,    1.534454
2017-09-18 00:00:00,  382.769280,   16.696553,    1.537826
2017-09-19 00:00:00,  383.944320,   16.677344,    1.538274
2017-09-20 00:00:00,  385.119360,   16.872759,    1.540644
2017-09-21 00:00:00,  386.441280,   17.756047,    1.542570
2017-09-22 00:00:00,  387.763200,   18.409870,    1.545366
2017-09-23 00:00:00,  389.085120,   19.019560,    1.547655
2017-09-24 00:00:00,  390.407040,   19.694344,    1.549296
2017-09-25 00:00:00,  391.728960,   21.091636,    1.553273
2017-09-26 00:00:00,  393.197760,   20.860193,    1.555846
2017-09-27 00:00:00,  394.666560,   20.444962,    1.554527
2017-09-28 00:00:00,  396.135360,   20.811043,    1.557437
2017-09-29 00:00:00,  397.604160,   20.671007,    1.560316
2017-09-30 00:00:00,  399.219840,   20.541470,    1.563135
2017-10-01 00:00:00,  401.129280,   21.272723,    1.564710
2017-10-02 00:00:00,  403.038720,   20.744058,    1.567406
2017-10-03 00:00:00,  404.801280,   21.208290,    1.567813
2017-10-04 00:00:00,  406.563840,   21.771695,    1.572034
2017-10-05 00:00:00,  408.326400,   20.630020,    1.571503
2017-10-06 00:00:00,  410.088960,   20.749419,    1.575482
2017-10-07 00:00:00,  411.851520,   21.154483,    1.577841
2017-10-08 00:00:00,  413.614080,   21.016337,    1.578372
2017-10-09 00:00:00,  415.523520,   22.469655,    1.584506
2017-10-10 00:00:00,  417.432960,   20.514740,    1.587486
2017-10-11 00:00:00,  419.342400,   20.416099,    1.589519
2017-10-12 00:00:00,  421.251840,   20.434142,    1.591236
2017-10-13 00:00:00,  423.161280,   20.536396,    1.593803
2017-10-14 00:00:00,  425.217600,   20.255040,    1.598069
2017-10-15 00:00:00,  427.273920,   20.293997,    1.601404
2017-10-16 00:00:00,  429.330240,   20.352575,    1.602827
2017-10-17 00:00:00,  431.386560,   21.411435,    1.606158
2017-10-18 00:00:00,  433.442880,   21.425167,    1.606368
2017-10-19 00:00:00,  435.499200,   22.696326,    1.609668
2017-10-20 00:00:00,  437.702400,   21.550749,    1.595023
2017-10-21 00:00:00,  439.905600,   21.524028,    1.600246
2017-10-22 00:00:00,  442.108800,   21.490492,    1.602261
2017-10-23 00:00:00,  444.312000,   21.201853,    1.601761
2017-10-24 00:00:00,  446.515200,   21.362160,    1.605599
2017-10-25 00:00:00,  448.865280,   21.764939,    1.608821
2017-10-26 00:00:00,  451.068480,   22.764856,    1.611500
2017-10-27 00:00:00,  453.271680,   21.837278,    1.614469
2017-10-28 00:00:00,  455.621760,   20.757921,    1.616858
2017-10-29 00:00:00,  457.971840,   21.050247,    1.619763
2017-10-30 00:00:00,  460.321920,   21.351453,    1.622129
2017-10-31 00:00:00,  462.672000,   21.828507,    1.626008
2017-11-01 00:00:00,  464.434560,   22.308116,    1.630660
2017-11-02 00:00:00,  466.197120,   22.257469,    1.632027
2017-11-03 00:00:00,  468.547200,   23.316461,    1.637474
2017-11-04 00:00:00,  470.897280,   23.317284,    1.644490
2017-11-05 00:00:00,  473.247360,   22.859469,    1.645911
2017-11-06 00:00:00,  475.744320,   23.213355,    1.648877
2017-11-07 00:00:00,  478.241280,   22.940302,    1.652193
2017-11-08 00:00:00,  480.591360,   23.360682,    1.652534
2017-11-09 00:00:00,  483.088320,   23.734949,    1.657185
2017-11-10 00:00:00,  485.585280,   22.860332,    1.654367
2017-11-11 00:00:00,  488.082240,   22.379993,    1.656078
2017-11-12 00:00:00,  490.579200,   21.945577,    1.657057
2017-11-13 00:00:00,  493.076160,   21.927665,    1.660496
2017-11-14 00:00:00,  495.573120,   22.160664,    1.665930
2017-11-15 00:00:00,  498.070080,   22.321446,    1.668215
2017-11-16 00:00:00,  500.567040,   23.236840,    1.672443
2017-11-17 00:00:00,  503.064000,   24.082026,    1.677239
2017-11-18 00:00:00,  505.560960,   24.584326,    1.680941
2017-11-19 00:00:00,  508.057920,   24.961587,    1.685119
2017-11-20 00:00:00,  510.701760,   25.479073,    1.687964
2017-11-21 00:00:00,  513.198720,   25.326126,    1.687564
2017-11-22 00:00:00,  515.695680,   25.438660,    1.694927
2017-11-23 00:00:00,  518.192640,   24.519659,    1.696351
2017-11-24 00:00:00,  520.689600,   24.765068,    1.701748
2017-11-25 00:00:00,  523.333440,   24.623834,    1.706030
2017-11-26 00:00:00,  525.830400,   24.948433,    1.711777
2017-11-27 00:00:00,  528.327360,   25.110496,    1.714756
2017-11-28 00:00:00,  530.824320,   24.217999,    1.713842
2017-11-29 00:00:00,  533.321280,   24.796768,    1.720224
2017-11-30 00:00:00,  535.818240,   25.976804,    1.730636
2017-12-01 00:00:00,  538.902720,   24.006730,    1.731787
2017-12-02 00:00:00,  541.987200,   23.272267,    1.732001
2017-12-03 00:00:00,  544.337280,   22.907293,    1.733215
2017-12-04 00:00:00,  546.834240,   23.658160,    1.736001
2017-12-05 00:00:00,  549.331200,   23.115648,    1.734873
2017-12-06 00:00:00,  551.681280,   22.355286,    1.733994
2017-12-07 00:00:00,  554.178240,   22.915901,    1.729981
2017-12-08 00:00:00,  556.675200,   22.801141,    1.734260
2017-12-09 00:00:00,  559.025280,   22.702134,    1.729541
2017-12-10 00:00:00,  561.375360,   23.432103,    1.732557
2017-12-11 00:00:00,  563.725440,   23.450445,    1.731792
2017-12-12 00:00:00,  566.075520,   24.638763,    1.734621
2017-12-13 00:00:00,  568.425600,   24.184342,    1.739455
2017-12-14 00:00:00,  570.775680,   23.942150,    1.743693
2017-12-15 00:00:00,  573.125760,   24.070640,    1.744578
2017-12-16 00:00:00,  575.475840,   24.416562,    1.748528
2017-12-17 00:00:00,  577.825920,   24.889701,    1.754632
2017-12-18 00:00:00,  580.029120,   24.878817,    1.758551
2017-12-19 00:00:00,  582.232320,   24.356065,    1.761240
2017-12-20 00:00:00,  584.582400,   22.331194,    1.749550
2017-12-21 00:00:00,  586.785600,   22.632037,    1.751820
2017-12-22 00:00:00,  588.988800,   22.628954,    1.752586
2017-12-23 00:00:00,  591.192000,   23.255348,    1.754273
2017-12-24 00:00:00,  593.248320,   26.072153,    1.755975
2017-12-25 00:00:00,  595.304640,   27.348566,    1.761886
2017-12-26 00:00:00,  597.360960,   27.161455,    1.770258
2017-12-27 00:00:00,  599.417280,   27.016974,    1.776341
2017-12-28 00:00:00,  601.473600,   26.701203,    1.781196
2017-12-29 00:00:00,  603.529920,   26.771605,    1.786583
2017-12-30 00:00:00,  605.586240,   26.732575,    1.790686
2017-12-31 00:00:00,  607.495680,   26.163712,    1.795427
2018-01-01 00:00:00,  608.817600,   26.498689,    1.798007
2018-01-02 00:00:00,  610.286400,   27.207303,    1.802311
2018-01-03 00:00:00,  612.195840,   27.255469,    1.802223
2018-01-04 00:00:00,  613.958400,   28.990514,    1.807675
2018-01-05 00:00:00,  615.867840,   27.844277,    1.780603
2018-01-06 00:00:00,  617.777280,   27.648689,    1.788943
2018-01-07 00:00:00,  619.539840,   27.037257,    1.794572
2018-01-08 00:00:00,  621.302400,   27.171835,    1.798766
2018-01-09 00:00:00,  622.918080,   27.644475,    1.803091
2018-01-10 00:00:00,  624.533760,   27.769586,    1.809950
2018-01-11 00:00:00,  626.296320,   27.973805,    1.814239
2018-01-12 00:00:00,  627.912000,   27.796109,    1.818930
2018-01-13 00:00:00,  629.380800,   27.693976,    1.823391
2018-01-14 00:00:00,  630.849600,   26.908117,    1.826527
2018-01-15 00:00:00,  632.465280,   26.409650,    1.827018
2018-01-16 00:00:00,  634.080960,   26.897066,    1.831374
2018-01-17 00:00:00,  635.402880,   27.172327,    1.836320
2018-01-18 00:00:00,  636.724800,   27.414993,    1.840385
2018-01-19 00:00:00,  638.193600,   27.161972,    1.845119
2018-01-20 00:00:00,  639.515520,   26.788122,    1.846473
2018-01-21 00:00:00,  640.837440,   26.276120,    1.847917
2018-01-22 00:00:00,  642.159360,   26.124996,    1.848567
2018-01-23 00:00:00,  643.334400,   25.824799,    1.851480
2018-01-24 00:00:00,  644.509440,   24.262718,    1.821314
2018-01-25 00:00:00,  645.684480,   24.941744,    1.826244
2018-01-26 00:00:00,  646.712640,   25.150143,    1.829661
2018-01-27 00:00:00,  647.740800,   26.902623,    1.833601
2018-01-28 00:00:00,  648.768960,   28.016871,    1.834004
2018-01-29 00:00:00,  649.797120,   29.315878,    1.840138
2018-01-30 00:00:00,  650.825280,   29.543767,    1.843993
2018-01-31 00:00:00,  651.706560,   27.822627,    1.845187
2018-02-01 00:00:00,  652.294080,   27.151163,    1.848789
2018-02-02 00:00:00,  652.881600,   27.186087,    1.851982
2018-02-03 00:00:00,  653.762880,   27.581249,    1.858273
2018-02-04 00:00:00,  654.497280,   27.501930,    1.862159
2018-02-05 00:00:00,  655.084800,   26.209203,    1.864958
2018-02-06 00:00:00,  655.819200,   25.287087,    1.862300
2018-02-07 00:00:00,  656.553600,   25.182825,    1.861511
2018-02-08 00:00:00,  657.141120,   26.793038,    1.868247
2018-02-09 00:00:00,  657.728640,   28.001794,    1.872171
2018-02-10 00:00:00,  658.169280,   28.180384,    1.879003
2018-02-11 00:00:00,  658.609920,   27.303084,    1.885456
2018-02-12 00:00:00,  659.050560,   26.612238,    1.889020
2018-02-13 00:00:00,  659.344320,   27.033603,    1.890698
2018-02-14 00:00:00,  659.784960,   27.795000,    1.895170
2018-02-15 00:00:00,  660.078720,   28.043508,    1.900673
2018-02-16 00:00:00,  660.225600,   28.342698,    1.906445
2018-02-17 00:00:00,  660.519360,   27.998150,    1.910917
2018-02-18 00:00:00,  660.666240,   28.480930,    1.915869
2018-02-19 00:00:00,  660.813120,   28.002333,    1.919650
2018-02-20 00:00:00,  660.960000,   26.070778,    1.913885
2018-02-21 00:00:00,  660.960000,   27.503919,    1.911756
2018-02-22 00:00:00,  660.960000,   27.438382,    1.919498
2018-02-23 00:00:00,  660.960000,   27.990193,    1.921527
2018-02-24 00:00:00,  660.813120,   28.274787,    1.925280
2018-02-25 00:00:00,  660.666240,   29.057830,    1.925886
2018-02-26 00:00:00,  660.519360,   30.547789,    1.928226
2018-02-27 00:00:00,  660.225600,   30.648131,    1.934173
2018-02-28 00:00:00,  659.931840,   30.526426,    1.939842
2018-03-01 00:00:00,  659.197440,   29.192132,    1.943127
2018-03-02 00:00:00,  658.316160,   29.001580,    1.949226
2018-03-03 00:00:00,  657.728640,   28.682815,    1.948685
2018-03-04 00:00:00,  657.141120,   28.920762,    1.951994
2018-03-05 00:00:00,  656.553600,   28.101631,    1.953859
2018-03-06 00:00:00,  655.966080,   27.295386,    1.958368
2018-03-07 00:00:00,  655.378560,   26.696123,    1.954104
2018-03-08 00:00:00,  654.644160,   26.125889,    1.956210
2018-03-09 00:00:00,  653.909760,   26.090474,    1.952508
2018-03-10 00:00:00,  653.175360,   26.219248,    1.955971
2018-03-11 00:00:00,  652.294080,   25.830283,    1.959027
2018-03-12 00:00:00,  651.412800,   24.959578,    1.957825
2018-03-13 00:00:00,  650.531520,   24.710467,    1.950877
2018-03-14 00:00:00,  649.503360,   25.563721,    1.953204
2018-03-15 00:00:00,  648.475200,   25.135570,    1.958862
2018-03-16 00:00:00,  647.447040,   25.301713,    1.958189
2018-03-17 00:00:00,  646.418880,   25.457980,    1.958508
2018-03-18 00:00:00,  645.390720,   26.244332,    1.961406
2018-03-19 00:00:00,  644.215680,   25.580608,    1.965414
2018-03-20 00:00:00,  643.040640,   24.859731,    1.967373
2018-03-21 00:00:00,  641.718720,   25.073136,    1.959304
2018-03-22 00:00:00,  640.396800,   25.683009,    1.962362
2018-03-23 00:00:00,  639.221760,   25.984412,    1.966034
2018-03-24 00:00:00,  637.899840,   26.257111,    1.970205
2018-03-25 00:00:00,  636.431040,   26.268400,    1.972412
2018-03-26 00:00:00,  634.962240,   26.228935,    1.975297
2018-03-27 00:00:00,  633.493440,   26.448995,    1.978080
2018-03-28 00:00:00,  632.024640,   26.144091,    1.981425
2018-03-29 00:00:00,  630.555840,   25.728574,    1.982261
2018-03-30 00:00:00,  629.087040,   25.457410,    1.982735
2018-03-31 00:00:00,  627.471360,   25.530138,    1.987002
2018-04-01 00:00:00,  626.296320,   25.082420,    1.984847
2018-04-02 00:00:00,  625.121280,   24.675367,    1.987146
2018-04-03 00:00:00,  623.358720,   24.559521,    1.982492
2018-04-04 00:00:00,  621.596160,   24.269171,    1.983687
2018-04-05 00:00:00,  619.833600,   24.698599,    1.984234
2018-04-06 00:00:00,  618.071040,   24.481782,    1.985721
2018-04-07 00:00:00,  616.308480,   23.480119,    1.978851
2018-04-08 00:00:00,  614.545920,   23.097548,    1.975838
2018-04-09 00:00:00,  612.783360,   22.283742,    1.968704
2018-04-10 00:00:00,  610.873920,   21.732764,    1.948696
2018-04-11 00:00:00,  608.964480,   21.897654,    1.910659
2018-04-12 00:00:00,  607.055040,   21.708824,    1.924867
2018-04-13 00:00:00,  604.998720,   22.327945,    1.926435
2018-04-14 00:00:00,  602.942400,   22.407577,    1.928615
2018-04-15 00:00:00,  600.886080,   22.241405,    1.930498
2018-04-16 00:00:00,  598.829760,   22.258312,    1.931101
2018-04-17 00:00:00,  596.773440,   21.718661,    1.931381
2018-04-18 00:00:00,  594.717120,   21.457950,    1.932266
2018-04-19 00:00:00,  592.660800,   21.224413,    1.927842
2018-04-20 00:00:00,  590.457600,   20.932802,    1.928991
2018-04-21 00:00:00,  588.254400,   21.005686,    1.925326
2018-04-22 00:00:00,  586.198080,   21.311260,    1.925013
2018-04-23 00:00:00,  583.994880,   22.100551,    1.926388
2018-04-24 00:00:00,  581.644800,   22.337086,    1.928716
2018-04-25 00:00:00,  579.441600,   22.775998,    1.930559
2018-04-26 00:00:00,  577.238400,   22.500805,    1.917092
2018-04-27 00:00:00,  574.888320,   21.184861,    1.914189
2018-04-28 00:00:00,  572.538240,   20.509319,    1.913522
2018-04-29 00:00:00,  570.188160,   20.422906,    1.912655
2018-04-30 00:00:00,  567.838080,   20.376884,    1.913158
2018-05-01 00:00:00,  565.047360,   20.528690,    1.913401
2018-05-02 00:00:00,  562.109760,   20.658090,    1.914821
2018-05-03 00:00:00,  559.612800,   20.675977,    1.916184
2018-05-04 00:00:00,  557.262720,   20.701186,    1.917282
2018-05-05 00:00:00,  554.912640,   20.348043,    1.917965
2018-05-06 00:00:00,  552.415680,   19.966484,    1.916180
2018-05-07 00:00:00,  549.918720,   19.638913,    1.911133
2018-05-08 00:00:00,  547.568640,   19.598345,    1.906465
2018-05-09 00:00:00,  545.071680,   19.254264,    1.908065
2018-05-10 00:00:00,  542.574720,   19.345127,    1.904517
2018-05-11 00:00:00,  540.077760,   19.144450,    1.905057
2018-05-12 00:00:00,  537.580800,   18.912862,    1.902153
2018-05-13 00:00:00,  535.083840,   18.549711,    1.898601
2018-05-14 00:00:00,  532.586880,   18.240648,    1.895195
2018-05-15 00:00:00,  530.089920,   17.851452,    1.890561
2018-05-16 00:00:00,  527.592960,   17.993503,    1.880713
2018-05-17 00:00:00,  525.096000,   17.979458,    1.879988
2018-05-18 00:00:00,  522.599040,   18.311059,    1.873180
2018-05-19 00:00:00,  520.102080,   18.011860,    1.872986
2018-05-20 00:00:00,  517.458240,   17.607699,    1.859298
2018-05-21 00:00:00,  514.961280,   17.537468,    1.857790
2018-05-22 00:00:00,  512.464320,   17.717421,    1.858107
2018-05-23 00:00:00,  509.967360,   17.849646,    1.857306
2018-05-24 00:00:00,  507.470400,   17.479928,    1.858849
2018-05-25 00:00:00,  504.826560,   17.149474,    1.857334
2018-05-26 00:00:00,  502.329600,   17.145252,    1.856393
2018-05-27 00:00:00,  499.832640,   17.304927,    1.854119
2018-05-28 00:00:00,  497.335680,   17.369294,    1.853459
2018-05-29 00:00:00,  494.838720,   17.023980,    1.851664
2018-05-30 00:00:00,  492.341760,   17.089204,    1.844727
2018-05-31 00:00:00,  489.844800,   17.120616,    1.845046
2018-06-01 00:00:00,  488.082240,   17.140580,    1.839914
2018-06-02 00:00:00,  486.319680,   17.138206,    1.836763
2018-06-03 00:00:00,  483.822720,   17.201110,    1.837480
2018-06-04 00:00:00,  481.325760,   16.748076,    1.837146
2018-06-05 00:00:00,  478.828800,   16.685295,    1.838353
2018-06-06 00:00:00,  476.478720,   16.568234,    1.838928
2018-06-07 00:00:00,  473.981760,   16.420433,    1.839025
2018-06-08 00:00:00,  471.484800,   16.214821,    1.839212
2018-06-09 00:00:00,  469.134720,   16.062458,    1.839771
2018-06-10 00:00:00,  466.784640,   15.813939,    1.840592
2018-06-11 00:00:00,  464.434560,   15.542363,    1.841611
2018-06-12 00:00:00,  462.084480,   15.379718,    1.842488
2018-06-13 00:00:00,  459.734400,   15.007500,    1.843674
2018-06-14 00:00:00,  457.384320,   14.702478,    1.840565
2018-06-15 00:00:00,  455.034240,   14.728123,    1.836676
2018-06-16 00:00:00,  452.684160,   15.099930,    1.836981
2018-06-17 00:00:00,  450.334080,   14.727819,    1.837317
2018-06-18 00:00:00,  448.130880,   14.760241,    1.834332
2018-06-19 00:00:00,  445.927680,   14.836168,    1.834693
2018-06-20 00:00:00,  443.577600,   14.972436,    1.834440
2018-06-21 00:00:00,  441.374400,   15.156955,    1.834477
2018-06-22 00:00:00,  439.318080,   15.060992,    1.834696
2018-06-23 00:00:00,  437.114880,   15.207941,    1.833107
2018-06-24 00:00:00,  434.911680,   15.457156,    1.816425
2018-06-25 00:00:00,  432.855360,   15.583418,    1.812374
2018-06-26 00:00:00,  430.799040,   15.846483,    1.815300
2018-06-27 00:00:00,  428.742720,   15.453451,    1.815067
2018-06-28 00:00:00,  426.686400,   15.286693,    1.790521
2018-06-29 00:00:00,  424.630080,   15.382298,    1.789958
2018-06-30 00:00:00,  422.573760,   14.960888,    1.771606
2018-07-01 00:00:00,  420.223680,   14.794621,    1.770665
2018-07-02 00:00:00,  417.873600,   14.491770,    1.768340
2018-07-03 00:00:00,  415.964160,   14.325944,    1.764742
2018-07-04 00:00:00,  414.201600,   14.393458,    1.765773
2018-07-05 00:00:00,  412.292160,   14.368826,    1.765266
2018-07-06 00:00:00,  410.382720,   14.495304,    1.766524
2018-07-07 00:00:00,  408.620160,   14.027039,    1.766375
2018-07-08 00:00:00,  406.857600,   13.875106,    1.766642
2018-07-09 00:00:00,  405.241920,   13.814776,    1.767040
2018-07-10 00:00:00,  403.626240,   13.572499,    1.766844
2018-07-11 00:00:00,  401.863680,   13.347189,    1.758416
2018-07-12 00:00:00,  400.248000,   13.910370,    1.759121
2018-07-13 00:00:00,  398.779200,   13.946028,    1.759228
2018-07-14 00:00:00,  397.163520,   14.434333,    1.760092
2018-07-15 00:00:00,  395.547840,   14.179708,    1.743211
2018-07-16 00:00:00,  394.079040,   14.398764,    1.744435
2018-07-17 00:00:00,  392.757120,   14.224853,    1.745315
2018-07-18 00:00:00,  391.435200,   14.030026,    1.747825
2018-07-19 00:00:00,  389.966400,   14.557756,    1.747697
2018-07-20 00:00:00,  388.644480,   14.232316,    1.742148
2018-07-21 00:00:00,  387.322560,   14.188530,    1.699024
2018-07-22 00:00:00,  386.000640,   14.124899,    1.667018
2018-07-23 00:00:00,  384.825600,   14.019551,    1.672956
2018-07-24 00:00:00,  383.650560,   14.510048,    1.677459
2018-07-25 00:00:00,  382.475520,   14.208385,    1.662729
2018-07-26 00:00:00,  381.447360,   14.406309,    1.664702
2018-07-27 00:00:00,  380.419200,   14.797072,    1.647266
2018-07-28 00:00:00,  379.391040,   15.153536,    1.635692
2018-07-29 00:00:00,  378.362880,   14.939452,    1.639503
2018-07-30 00:00:00,  377.334720,   15.145457,    1.631704
2018-07-31 00:00:00,  376.453440,   15.217592,    1.627084
2018-08-01 00:00:00,  375.865920,   15.426504,    1.622310
2018-08-02 00:00:00,  375.278400,   15.443933,    1.611313
2018-08-03 00:00:00,  374.397120,   15.021908,    1.616165
2018-08-04 00:00:00,  373.662720,   15.075558,    1.617731
2018-08-05 00:00:00,  372.928320,   14.901353,    1.618933
2018-08-06 00:00:00,  372.193920,   14.707272,    1.625440
2018-08-07 00:00:00,  371.606400,   14.976499,    1.623558
2018-08-08 00:00:00,  371.018880,   14.903572,    1.624965
2018-08-09 00:00:00,  370.431360,   15.133223,    1.625238
2018-08-10 00:00:00,  369.990720,   15.039820,    1.626014
2018-08-11 00:00:00,  369.550080,   15.208316,    1.626650
2018-08-12 00:00:00,  369.109440,   15.198438,    1.627291
2018-08-13 00:00:00,  368.815680,   16.200817,    1.596868
2018-08-14 00:00:00,  368.375040,   15.681517,    1.579136
2018-08-15 00:00:00,  368.081280,   15.165060,    1.575995
2018-08-16 00:00:00,  367.934400,   14.730606,    1.582494
2018-08-17 00:00:00,  367.640640,   15.044530,    1.584210
2018-08-18 00:00:00,  367.493760,   15.151069,    1.584704
2018-08-19 00:00:00,  367.346880,   15.082046,    1.585467
2018-08-20 00:00:00,  367.200000,   16.475700,    1.586401
2018-08-21 00:00:00,  367.200000,   17.481100,    1.553259
2018-08-22 00:00:00,  367.200000,   17.548499,    1.551780
2018-08-23 00:00:00,  367.200000,   16.985792,    1.551864
2018-08-24 00:00:00,  367.346880,   16.593545,    1.551917
2018-08-25 00:00:00,  367.493760,   16.550680,    1.552503
2018-08-26 00:00:00,  367.640640,   16.587990,    1.553567
2018-08-27 00:00:00,  367.934400,   16.888575,    1.554599
2018-08-28 00:00:00,  368.228160,   17.186357,    1.554688
2018-08-29 00:00:00,  368.521920,   17.300016,    1.557026
2018-08-30 00:00:00,  368.815680,   18.836454,    1.559025
2018-08-31 00:00:00,  369.256320,   18.875252,    1.559122
2018-09-01 00:00:00,  369.550080,   19.294633,    1.554457
2018-09-02 00:00:00,  369.843840,   17.908913,    1.551799
2018-09-03 00:00:00,  370.431360,   17.199270,    1.553709
2018-09-04 00:00:00,  371.018880,   17.174344,    1.554753
2018-09-05 00:00:00,  371.606400,   16.917807,    1.557739
2018-09-06 00:00:00,  372.193920,   16.939207,    1.559907
2018-09-07 00:00:00,  372.781440,   16.750639,    1.561875
2018-09-08 00:00:00,  373.515840,   16.684842,    1.563592
2018-09-09 00:00:00,  374.250240,   16.744644,    1.564777
2018-09-10 00:00:00,  374.984640,   17.523367,    1.567844
2018-09-11 00:00:00,  375.865920,   18.280104,    1.569491
2018-09-12 00:00:00,  376.747200,   18.352397,    1.570357
2018-09-13 00:00:00,  377.628480,   18.587927,    1.571544
2018-09-14 00:00:00,  378.656640,   19.389633,    1.573359
2018-09-15 00:00:00,  379.684800,   19.991437,    1.573758
2018-09-16 00:00:00,  380.712960,   19.896394,    1.578297
2018-09-17 00:00:00,  381.741120,   19.400995,    1.567861
2018-09-18 00:00:00,  382.769280,   18.042668,    1.531378
2018-09-19 00:00:00,  383.944320,   17.702090,    1.537174
2018-09-20 00:00:00,  385.119360,   18.248041,    1.539244
2018-09-21 00:00:00,  386.441280,   17.382906,    1.525997
2018-09-22 00:00:00,  387.763200,   17.059295,    1.526452
2018-09-23 00:00:00,  389.085120,   17.465440,    1.527107
2018-09-24 00:00:00,  390.407040,   17.922804,    1.528771
2018-09-25 00:00:00,  391.728960,   18.607671,    1.530416
2018-09-26 00:00:00,  393.197760,   17.899269,    1.532171
2018-09-27 00:00:00,  394.666560,   16.799470,    1.511866
2018-09-28 00:00:00,  396.135360,   17.312420,    1.515569
2018-09-29 00:00:00,  397.604160,   18.265845,    1.518662
2018-09-30 00:00:00,  399.219840,   18.050658,    1.521331
2018-10-01 00:00:00,  401.129280,   18.474318,    1.521211
2018-10-02 00:00:00,  403.038720,   18.518711,    1.516468
2018-10-03 00:00:00,  404.801280,   19.424909,    1.505307
2018-10-04 00:00:00,  406.563840,   20.332618,    1.507697
2018-10-05 00:00:00,  408.326400,   20.331402,    1.508052
2018-10-06 00:00:00,  410.088960,   21.523113,    1.511809
2018-10-07 00:00:00,  411.851520,   21.537780,    1.511956
2018-10-08 00:00:00,  413.614080,   22.176515,    1.514087
2018-10-09 00:00:00,  415.523520,   22.119910,    1.518946
2018-10-10 00:00:00,  417.432960,   21.459042,    1.520062
2018-10-11 00:00:00,  419.342400,   23.224332,    1.525191
2018-10-12 00:00:00,  421.251840,   22.758565,    1.525727
2018-10-13 00:00:00,  423.161280,   21.957794,    1.532393
2018-10-14 00:00:00,  425.217600,   21.508865,    1.532501
2018-10-15 00:00:00,  427.273920,   22.491591,    1.536423
2018-10-16 00:00:00,  429.330240,   22.326729,    1.538671
2018-10-17 00:00:00,  431.386560,   22.916023,    1.543754
2018-10-18 00:00:00,  433.442880,   21.930779,    1.523417
2018-10-19 00:00:00,  435.499200,   21.787463,    1.527678
2018-10-20 00:00:00,  437.702400,   21.967535,    1.531325
2018-10-21 00:00:00,  439.905600,   22.581400,    1.534616
2018-10-22 00:00:00,  442.108800,   22.205792,    1.535948
2018-10-23 00:00:00,  444.312000,   22.293775,    1.539222
2018-10-24 00:00:00,  446.515200,   21.612886,    1.540387
2018-10-25 00:00:00,  448.865280,   21.347108,    1.524461
2018-10-26 00:00:00,  451.068480,   21.367365,    1.525014
2018-10-27 00:00:00,  453.271680,   22.553681,    1.528404
2018-10-28 00:00:00,  455.621760,   22.369233,    1.531557
2018-10-29 00:00:00,  457.971840,   22.317518,    1.533605
2018-10-30 00:00:00,  460.321920,   22.288636,    1.536936
2018-10-31 00:00:00,  462.672000,   22.480544,    1.541103
2018-11-01 00:00:00,  464.434560,   22.949984,    1.545481
2018-11-02 00:00:00,  466.197120,   24.066205,    1.550433
2018-11-03 00:00:00,  468.547200,   24.492772,    1.549462
2018-11-04 00:00:00,  470.897280,   24.714176,    1.548636
2018-11-05 00:00:00,  473.247360,   22.919428,    1.522921
2018-11-06 00:00:00,  475.744320,   23.354563,    1.496457
2018-11-07 00:00:00,  478.241280,   22.262184,    1.508021
2018-11-08 00:00:00,  480.591360,   20.900505,    1.503578
2018-11-09 00:00:00,  483.088320,   21.789198,    1.510921
2018-11-10 00:00:00,  485.585280,   22.269219,    1.511355
2018-11-11 00:00:00,  488.082240,   22.795644,    1.515905
2018-11-12 00:00:00,  490.579200,   23.544017,    1.519395
2018-11-13 00:00:00,  493.076160,   23.338624,    1.520405
2018-11-14 00:00:00,  495.573120,   23.913056,    1.527424
2018-11-15 00:00:00,  498.070080,   23.697581,    1.531552
2018-11-16 00:00:00,  500.567040,   23.696614,    1.532058
2018-11-17 00:00:00,  503.064000,   23.632110,    1.533279
2018-11-18 00:00:00,  505.560960,   23.643244,    1.536934
2018-11-19 00:00:00,  508.057920,   23.269782,    1.540860
2018-11-20 00:00:00,  510.701760,   23.377200,    1.545380
2018-11-21 00:00:00,  513.198720,   23.652240,    1.549245
2018-11-22 00:00:00,  515.695680,   23.921556,    1.551237
2018-11-23 00:00:00,  518.192640,   24.772498,    1.557114
2018-11-24 00:00:00,  520.689600,   24.977717,    1.563220
2018-11-25 00:00:00,  523.333440,   25.550231,    1.570873
2018-11-26 00:00:00,  525.830400,   23.859379,    1.572359
2018-11-27 00:00:00,  528.327360,   23.111243,    1.575786
2018-11-28 00:00:00,  530.824320,   23.057775,    1.579943
2018-11-29 00:00:00,  533.321280,   22.869936,    1.584646
2018-11-30 00:00:00,  535.818240,   22.834953,    1.587591
2018-12-01 00:00:00,  538.902720,   22.884272,    1.589623
2018-12-02 00:00:00,  541.987200,   23.689274,    1.595676
2018-12-03 00:00:00,  544.337280,   23.673570,    1.601181
2018-12-04 00:00:00,  546.834240,   24.586691,    1.608004
2018-12-05 00:00:00,  549.331200,   26.758604,    1.615811
2018-12-06 00:00:00,  551.681280,   24.925161,    1.560740
2018-12-07 00:00:00,  554.178240,   24.884687,    1.561659
2018-12-08 00:00:00,  556.675200,   24.346886,    1.566047
2018-12-09 00:00:00,  559.025280,   24.810354,    1.569431
2018-12-10 00:00:00,  561.375360,   25.363191,    1.570951
2018-12-11 00:00:00,  563.725440,   26.425692,    1.579645
2018-12-12 00:00:00,  566.075520,   23.604021,    1.461851
2018-12-13 00:00:00,  568.425600,   22.580538,    1.472941
2018-12-14 00:00:00,  570.775680,   23.902367,    1.483290
2018-12-15 00:00:00,  573.125760,   23.495812,    1.486094
2018-12-16 00:00:00,  575.475840,   24.009611,    1.486429
2018-12-17 00:00:00,  577.825920,   25.397384,    1.492230
2018-12-18 00:00:00,  580.029120,   25.810052,    1.496719
2018-12-19 00:00:00,  582.232320,   25.972044,    1.502093
2018-12-20 00:00:00,  584.582400,   26.409046,    1.505836
2018-12-21 00:00:00,  586.785600,   26.626686,    1.511186
2018-12-22 00:00:00,  588.988800,   26.529284,    1.516040
2018-12-23 00:00:00,  591.192000,   26.172475,    1.521230
2018-12-24 00:00:00,  593.248320,   26.245563,    1.525358
2018-12-25 00:00:00,  595.304640,   26.191132,    1.531002
2018-12-26 00:00:00,  597.360960,   26.082356,    1.533706
2018-12-27 00:00:00,  599.417280,   26.088323,    1.536124
2018-12-28 00:00:00,  601.473600,   26.742209,    1.545474
2018-12-29 00:00:00,  603.529920,   26.787807,    1.546478
2018-12-30 00:00:00,  605.586240,   28.163575,    1.556694
2018-12-31 00:00:00,  607.495680,   27.721276,    1.561832
2019-01-01 00:00:00,  608.817600,   27.206646,    1.564827
2019-01-02 00:00:00,  610.286400,   27.059031,    1.570651
2019-01-03 00:00:00,  612.195840,   26.407273,    1.575929
2019-01-04 00:00:00,  613.958400,   26.660803,    1.581222
2019-01-05 00:00:00,  615.867840,   27.290670,    1.585511
2019-01-06 00:00:00,  617.777280,   26.282627,    1.590073
2019-01-07 00:00:00,  619.539840,   25.456971,    1.594729
2019-01-08 00:00:00,  621.302400,   25.308813,    1.598325
2019-01-09 00:00:00,  622.918080,   25.718058,    1.603743
2019-01-10 00:00:00,  624.533760,   26.288504,    1.608071
2019-01-11 00:00:00,  626.296320,   26.676501,    1.613620
2019-01-12 00:00:00,  627.912000,   27.629592,    1.620130
2019-01-13 00:00:00,  629.380800,   27.106910,    1.620903
2019-01-14 00:00:00,  630.849600,   29.005696,    1.626154
2019-01-15 00:00:00,  632.465280,   29.336979,    1.631956
2019-01-16 00:00:00,  634.080960,   27.434407,    1.637720
2019-01-17 00:00:00,  635.402880,   26.857761,    1.639341
2019-01-18 00:00:00,  636.724800,   27.374144,    1.645868
2019-01-19 00:00:00,  638.193600,   28.770103,    1.651168
2019-01-20 00:00:00,  639.515520,   28.249523,    1.645650
2019-01-21 00:00:00,  640.837440,   29.180956,    1.650118
2019-01-22 00:00:00,  642.159360,   29.527190,    1.661577
2019-01-23 00:00:00,  643.334400,   28.867614,    1.666087
2019-01-24 00:00:00,  644.509440,   28.484760,    1.667424
2019-01-25 00:00:00,  645.684480,   29.344003,    1.670453
2019-01-26 00:00:00,  646.712640,   30.320611,    1.669918
2019-01-27 00:00:00,  647.740800,   30.285093,    1.670374
2019-01-28 00:00:00,  648.768960,   31.136253,    1.681841
2019-01-29 00:00:00,  649.797120,   28.418330,    1.686064
2019-01-30 00:00:00,  650.825280,   27.278330,    1.689709
2019-01-31 00:00:00,  651.706560,   27.609790,    1.691877
2019-02-01 00:00:00,  652.294080,   27.374519,    1.696170
2019-02-02 00:00:00,  652.881600,   27.145672,    1.680945
2019-02-03 00:00:00,  653.762880,   26.333739,    1.688547
2019-02-04 00:00:00,  654.497280,   25.318107,    1.692449
2019-02-05 00:00:00,  655.084800,   25.314163,    1.693301
2019-02-06 00:00:00,  655.819200,   25.482982,    1.697518
2019-02-07 00:00:00,  656.553600,   25.606183,    1.700401
2019-02-08 00:00:00,  657.141120,   25.951430,    1.705528
2019-02-09 00:00:00,  657.728640,   25.440573,    1.705994
2019-02-10 00:00:00,  658.169280,   27.717157,    1.712153
2019-02-11 00:00:00,  658.609920,   27.764585,    1.716486
2019-02-12 00:00:00,  659.050560,   27.166148,    1.720271
2019-02-13 00:00:00,  659.344320,   27.217639,    1.719824
2019-02-14 00:00:00,  659.784960,   27.540399,    1.724613
2019-02-15 00:00:00,  660.078720,   27.303729,    1.729256
2019-02-16 00:00:00,  660.225600,   27.145531,    1.732118
2019-02-17 00:00:00,  660.519360,   27.172785,    1.736388
2019-02-18 00:00:00,  660.666240,   26.947673,    1.738331
2019-02-19 00:00:00,  660.813120,   27.301989,    1.743744
2019-02-20 00:00:00,  660.960000,   27.323180,    1.745230
2019-02-21 00:00:00,  660.960000,   28.127777,    1.749213
2019-02-22 00:00:00,  660.960000,   28.391824,    1.750124
2019-02-23 00:00:00,  660.960000,   27.876966,    1.756089
2019-02-24 00:00:00,  660.813120,   26.975202,    1.757873
2019-02-25 00:00:00,  660.666240,   26.306866,    1.759061
2019-02-26 00:00:00,  660.519360,   25.567543,    1.762134
2019-02-27 00:00:00,  660.225600,   25.166647,    1.753010
2019-02-28 00:00:00,  659.931840,   25.046052,    1.755318
2019-03-01 00:00:00,  659.197440,   24.795783,    1.758465
2019-03-02 00:00:00,  658.316160,   24.531674,    1.762991
2019-03-03 00:00:00,  657.728640,   24.506176,    1.765212
2019-03-04 00:00:00,  657.141120,   24.395567,    1.767229
2019-03-05 00:00:00,  656.553600,   24.418605,    1.767038
2019-03-06 00:00:00,  655.966080,   25.373606,    1.770546
2019-03-07 00:00:00,  655.378560,   26.481925,    1.779711
2019-03-08 00:00:00,  654.644160,   25.814645,    1.782224
2019-03-09 00:00:00,  653.909760,   25.518812,    1.783400
2019-03-10 00:00:00,  653.175360,   25.954117,    1.785963
2019-03-11 00:00:00,  652.294080,   26.795864,    1.789201
2019-03-12 00:00:00,  651.412800,   26.635647,    1.789838
2019-03-13 00:00:00,  650.531520,   27.198944,    1.797343
2019-03-14 00:00:00,  649.503360,   26.085129,    1.801107
2019-03-15 00:00:00,  648.475200,   25.183826,    1.801353
2019-03-16 00:00:00,  647.447040,   24.593250,    1.802871
2019-03-17 00:00:00,  646.418880,   24.297160,    1.802986
2019-03-18 00:00:00,  645.390720,   24.510719,    1.806290
2019-03-19 00:00:00,  644.215680,   24.900942,    1.809087
2019-03-20 00:00:00,  643.040640,   24.231123,    1.811974
2019-03-21 00:00:00,  641.718720,   23.839721,    1.812121
2019-03-22 00:00:00,  640.396800,   23.670934,    1.812534
2019-03-23 00:00:00,  639.221760,   23.320586,    1.814365
2019-03-24 00:00:00,  637.899840,   23.248927,    1.816898
2019-03-25 00:00:00,  636.431040,   23.463511,    1.815831
2019-03-26 00:00:00,  634.962240,   23.379066,    1.820046
2019-03-27 00:00:00,  633.493440,   23.603957,    1.822539
2019-03-28 00:00:00,  632.024640,   23.771028,    1.824500
2019-03-29 00:00:00,  630.555840,   23.569248,    1.824556
2019-03-30 00:00:00,  629.087040,   23.815353,    1.827643
2019-03-31 00:00:00,  627.471360,   22.813461,    1.827278
2019-04-01 00:00:00,  626.296320,   22.719081,    1.826075
2019-04-02 00:00:00,  625.121280,   22.377238,    1.827739
2019-04-03 00:00:00,  623.358720,   22.038654,    1.823296
2019-04-04 00:00:00,  621.596160,   22.424871,    1.825267
2019-04-05 00:00:00,  619.833600,   22.212611,    1.825667
2019-04-06 00:00:00,  618.071040,   21.561675,    1.826405
2019-04-07 00:00:00,  616.308480,   21.047483,    1.826175
2019-04-08 00:00:00,  614.545920,   21.237393,    1.825767
2019-04-09 00:00:00,  612.783360,   22.357521,    1.829539
2019-04-10 00:00:00,  610.873920,   22.581451,    1.829644
2019-04-11 00:00:00,  608.964480,   23.043595,    1.830998
2019-04-12 00:00:00,  607.055040,   23.065652,    1.835230
2019-04-13 00:00:00,  604.998720,   22.816474,    1.836446
2019-04-14 00:00:00,  602.942400,   22.690895,    1.839049
2019-04-15 00:00:00,  600.886080,   22.874941,    1.840868
2019-04-16 00:00:00,  598.829760,   23.148977,    1.843128
2019-04-17 00:00:00,  596.773440,   23.108715,    1.842820
2019-04-18 00:00:00,  594.717120,   22.647250,    1.845687
2019-04-19 00:00:00,  592.660800,   21.795632,    1.843268
2019-04-20 00:00:00,  590.457600,   21.530172,    1.843025
2019-04-21 00:00:00,  588.254400,   21.143090,    1.842896
2019-04-22 00:00:00,  586.198080,   20.990326,    1.842332
2019-04-23 00:00:00,  583.994880,   20.902752,    1.838479
2019-04-24 00:00:00,  581.644800,   20.759385,    1.838147
2019-04-25 00:00:00,  579.441600,   20.104979,    1.836818
2019-04-26 00:00:00,  577.238400,   19.627838,    1.835099
2019-04-27 00:00:00,  574.888320,   19.886171,    1.833480
2019-04-28 00:00:00,  572.538240,   19.803231,    1.837280
2019-04-29 00:00:00,  570.188160,   19.118714,    1.835141
2019-04-30 00:00:00,  567.838080,   19.341498,    1.825580
2019-05-01 00:00:00,  565.047360,   19.531952,    1.827687
2019-05-02 00:00:00,  562.109760,   19.267537,    1.829428
2019-05-03 00:00:00,  559.612800,   19.248923,    1.829813
2019-05-04 00:00:00,  557.262720,   19.516592,    1.830388
2019-05-05 00:00:00,  554.912640,   19.340683,    1.754162
2019-05-06 00:00:00,  552.415680,   19.515192,    1.765033
2019-05-07 00:00:00,  549.918720,   19.089472,    1.760559
2019-05-08 00:00:00,  547.568640,   18.432204,    1.760866
2019-05-09 00:00:00,  545.071680,   17.997150,    1.765355
2019-05-10 00:00:00,  542.574720,   18.157732,    1.763644
2019-05-11 00:00:00,  540.077760,   18.460669,    1.732551
2019-05-12 00:00:00,  537.580800,   18.339273,    1.745045
2019-05-13 00:00:00,  535.083840,   18.372640,    1.753514
2019-05-14 00:00:00,  532.586880,   18.299772,    1.756042
2019-05-15 00:00:00,  530.089920,   18.641935,    1.756511
2019-05-16 00:00:00,  527.592960,   18.570684,    1.757287
2019-05-17 00:00:00,  525.096000,   18.468356,    1.757091
2019-05-18 00:00:00,  522.599040,   18.232330,    1.757981
2019-05-19 00:00:00,  520.102080,   18.423588,    1.758540
2019-05-20 00:00:00,  517.458240,   18.297555,    1.757997
2019-05-21 00:00:00,  514.961280,   18.284476,    1.759908
2019-05-22 00:00:00,  512.464320,   18.039443,    1.760686
2019-05-23 00:00:00,  509.967360,   17.847151,    1.763316
2019-05-24 00:00:00,  507.470400,   17.733904,    1.766492
2019-05-25 00:00:00,  504.826560,   17.586294,    1.768962
2019-05-26 00:00:00,  502.329600,   17.117225,    1.769246
2019-05-27 00:00:00,  499.832640,   16.844427,    1.771493
2019-05-28 00:00:00,  497.335680,   16.890074,    1.775351
2019-05-29 00:00:00,  494.838720,   16.987829,    1.775903
2019-05-30 00:00:00,  492.341760,   16.833754,    1.778123
2019-05-31 00:00:00,  489.844800,   16.790467,    1.780952
2019-06-01 00:00:00,  488.082240,   16.502331,    1.779578
2019-06-02 00:00:00,  486.319680,   16.760207,    1.780775
2019-06-03 00:00:00,  483.822720,   16.789707,    1.780177
2019-06-04 00:00:00,  481.325760,   16.306639,    1.781515
2019-06-05 00:00:00,  478.828800,   16.224951,    1.782674
2019-06-06 00:00:00,  476.478720,   16.084938,    1.783835
2019-06-07 00:00:00,  473.981760,   15.666080,    1.780446
2019-06-08 00:00:00,  471.484800,   15.609236,    1.751051
2019-06-09 00:00:00,  469.134720,   15.845547,    1.751187
2019-06-10 00:00:00,  466.784640,   16.137614,    1.751810
2019-06-11 00:00:00,  464.434560,   15.840563,    1.747360
2019-06-12 00:00:00,  462.084480,   15.573668,    1.745336
2019-06-13 00:00:00,  459.734400,   15.385862,    1.735575
2019-06-14 00:00:00,  457.384320,   15.075819,    1.733106
2019-06-15 00:00:00,  455.034240,   14.849141,    1.723853
2019-06-16 00:00:00,  452.684160,   15.048589,    1.724049
2019-06-17 00:00:00,  450.334080,   15.016343,    1.724330
2019-06-18 00:00:00,  448.130880,   15.326090,    1.724911
2019-06-19 00:00:00,  445.927680,   15.302015,    1.725260
2019-06-20 00:00:00,  443.577600,   15.631146,    1.720100
2019-06-21 00:00:00,  441.374400,   15.039499,    1.716265
2019-06-22 00:00:00,  439.318080,   15.057855,    1.716511
2019-06-23 00:00:00,  437.114880,   15.087191,    1.716861
2019-06-24 00:00:00,  434.911680,   14.693096,    1.717671
2019-06-25 00:00:00,  432.855360,   14.653641,    1.718124
2019-06-26 00:00:00,  430.799040,   14.234371,    1.717178
2019-06-27 00:00:00,  428.742720,   14.044438,    1.708719
2019-06-28 00:00:00,  426.686400,   14.107175,    1.705835
2019-06-29 00:00:00,  424.630080,   14.115754,    1.704654
2019-06-30 00:00:00,  422.573760,   14.247571,    1.705162
2019-07-01 00:00:00,  420.223680,   14.634897,    1.706400
2019-07-02 00:00:00,  417.873600,   14.549726,    1.706376
2019-07-03 00:00:00,  415.964160,   14.538917,    1.706734
2019-07-04 00:00:00,  414.201600,   14.256686,    1.706522
2019-07-05 00:00:00,  412.292160,   14.259750,    1.707106
2019-07-06 00:00:00,  410.382720,   13.892223,    1.707969
2019-07-07 00:00:00,  408.620160,   13.973278,    1.703758
2019-07-08 00:00:00,  406.857600,   14.132965,    1.704364
2019-07-09 00:00:00,  405.241920,   13.997937,    1.705909
2019-07-10 00:00:00,  403.626240,   13.827724,    1.705892
2019-07-11 00:00:00,  401.863680,   13.580452,    1.684617
2019-07-12 00:00:00,  400.248000,   13.413187,    1.685040
2019-07-13 00:00:00,  398.779200,   13.412457,    1.685178
2019-07-14 00:00:00,  397.163520,   13.303090,    1.685615
2019-07-15 00:00:00,  395.547840,   13.849224,    1.686119
2019-07-16 00:00:00,  394.079040,   13.703972,    1.686352
2019-07-17 00:00:00,  392.757120,   13.525879,    1.674894
2019-07-18 00:00:00,  391.435200,   13.633159,    1.675728
2019-07-19 00:00:00,  389.966400,   13.635140,    1.676974
2019-07-20 00:00:00,  388.644480,   13.662781,    1.677197
2019-07-21 00:00:00,  387.322560,   13.637209,    1.677701
2019-07-22 00:00:00,  386.000640,   13.426632,    1.678059
2019-07-23 00:00:00,  384.825600,   14.019520,    1.679025
2019-07-24 00:00:00,  383.650560,   13.689749,    1.677426
2019-07-25 00:00:00,  382.475520,   13.717692,    1.679045
2019-07-26 00:00:00,  381.447360,   13.412205,    1.678463
2019-07-27 00:00:00,  380.419200,   13.489574,    1.679686
2019-07-28 00:00:00,  379.391040,   13.749356,    1.680404
2019-07-29 00:00:00,  378.362880,   13.748267,    1.681055
2019-07-30 00:00:00,  377.334720,   13.626412,    1.681857
2019-07-31 00:00:00,  376.453440,   13.623771,    1.682021
2019-08-01 00:00:00,  375.865920,   13.735360,    1.670862
2019-08-02 00:00:00,  375.278400,   13.795288,    1.664003
2019-08-03 00:00:00,  374.397120,   13.794191,    1.663777
2019-08-04 00:00:00,  373.662720,   13.989046,    1.662072
2019-08-05 00:00:00,  372.928320,   14.109070,    1.656734
2019-08-06 00:00:00,  372.193920,   14.857352,    1.657639
2019-08-07 00:00:00,  371.606400,   14.782481,    1.652949
2019-08-08 00:00:00,  371.018880,   14.755567,    1.640315
2019-08-09 00:00:00,  370.431360,   14.601438,    1.644252
2019-08-10 00:00:00,  369.990720,   14.754190,    1.644406
2019-08-11 00:00:00,  369.550080,   15.011581,    1.645289
2019-08-12 00:00:00,  369.109440,   15.466843,    1.646457
2019-08-13 00:00:00,  368.815680,   15.217169,    1.600893
2019-08-14 00:00:00,  368.375040,   14.925010,    1.606138
2019-08-15 00:00:00,  368.081280,   15.188817,    1.601408
2019-08-16 00:00:00,  367.934400,   15.308989,    1.602954
2019-08-17 00:00:00,  367.640640,   15.623596,    1.604054
2019-08-18 00:00:00,  367.493760,   15.500885,    1.605841
2019-08-19 00:00:00,  367.346880,   15.604655,    1.605272
2019-08-20 00:00:00,  367.200000,   15.776043,    1.606207
2019-08-21 00:00:00,  367.200000,   16.366106,    1.606257
2019-08-22 00:00:00,  367.200000,   16.570973,    1.599202
2019-08-23 00:00:00,  367.200000,   15.703729,    1.600654
2019-08-24 00:00:00,  367.346880,   15.849474,    1.601489
2019-08-25 00:00:00,  367.493760,   15.749819,    1.602332
2019-08-26 00:00:00,  367.640640,   15.680067,    1.602217
2019-08-27 00:00:00,  367.934400,   16.720921,    1.603902
2019-08-28 00:00:00,  368.228160,   17.065688,    1.604476
2019-08-29 00:00:00,  368.521920,   16.825400,    1.605163
2019-08-30 00:00:00,  368.815680,   17.141374,    1.605412
2019-08-31 00:00:00,  369.256320,   17.408258,    1.606423
2019-09-01 00:00:00,  369.550080,   17.153761,    1.598955
2019-09-02 00:00:00,  369.843840,   17.551700,    1.601101
2019-09-03 00:00:00,  370.431360,   17.826317,    1.602477
2019-09-04 00:00:00,  371.018880,   16.742258,    1.588453
2019-09-05 00:00:00,  371.606400,   15.508272,    1.581532
2019-09-06 00:00:00,  372.193920,   15.131811,    1.580204
2019-09-07 00:00:00,  372.781440,   15.192132,    1.585836
2019-09-08 00:00:00,  373.515840,   15.724809,    1.589658
2019-09-09 00:00:00,  374.250240,   15.909528,    1.590250
2019-09-10 00:00:00,  374.984640,   16.657356,    1.592334
2019-09-11 00:00:00,  375.865920,   17.210109,    1.592341
2019-09-12 00:00:00,  376.747200,   18.543349,    1.595002
2019-09-13 00:00:00,  377.628480,   18.333961,    1.597691
2019-09-14 00:00:00,  378.656640,   18.109040,    1.598475
2019-09-15 00:00:00,  379.684800,   18.263009,    1.599184
2019-09-16 00:00:00,  380.712960,   18.820819,    1.601571
2019-09-17 00:00:00,  381.741120,   18.588600,    1.601710
2019-09-18 00:00:00,  382.769280,   19.196612,    1.604063
2019-09-19 00:00:00,  383.944320,   19.417568,    1.565976
2019-09-20 00:00:00,  385.119360,   20.117517,    1.569201
2019-09-21 00:00:00,  386.441280,   19.689605,    1.573637
2019-09-22 00:00:00,  387.763200,   17.873184,    1.576355
2019-09-23 00:00:00,  389.085120,   17.043162,    1.576834
2019-09-24 00:00:00,  390.407040,   17.536771,    1.578928
2019-09-25 00:00:00,  391.728960,   17.563910,    1.580259
2019-09-26 00:00:00,  393.197760,   17.368181,    1.565268
2019-09-27 00:00:00,  394.666560,   16.598798,    1.562678
2019-09-28 00:00:00,  396.135360,   15.889478,    1.560262
2019-09-29 00:00:00,  397.604160,   16.506981,    1.560568
2019-09-30 00:00:00,  399.219840,   16.987199,    1.562385
2019-10-01 00:00:00,  401.129280,   18.751885,    1.566257
2019-10-02 00:00:00,  403.038720,   18.461858,    1.567162
2019-10-03 00:00:00,  404.801280,   19.182679,    1.568307
2019-10-04 00:00:00,  406.563840,   18.948937,    1.569448
2019-10-05 00:00:00,  408.326400,   19.852372,    1.572868
2019-10-06 00:00:00,  410.088960,   19.684322,    1.574038
2019-10-07 00:00:00,  411.851520,   19.757535,    1.575230
2019-10-08 00:00:00,  413.614080,   20.461451,    1.579624
2019-10-09 00:00:00,  415.523520,   20.569218,    1.581054
2019-10-10 00:00:00,  417.432960,   21.212150,    1.583900
2019-10-11 00:00:00,  419.342400,   21.246202,    1.588210
2019-10-12 00:00:00,  421.251840,   21.202182,    1.592981
2019-10-13 00:00:00,  423.161280,   21.266916,    1.593022
2019-10-14 00:00:00,  425.217600,   20.682309,    1.593812
2019-10-15 00:00:00,  427.273920,   20.072951,    1.596349
2019-10-16 00:00:00,  429.330240,   20.252654,    1.598264
2019-10-17 00:00:00,  431.386560,   20.482656,    1.600392
2019-10-18 00:00:00,  433.442880,   20.939661,    1.600663
2019-10-19 00:00:00,  435.499200,   21.863158,    1.603616
2019-10-20 00:00:00,  437.702400,   22.499509,    1.609207
2019-10-21 00:00:00,  439.905600,   23.083669,    1.612022
2019-10-22 00:00:00,  442.108800,   23.371728,    1.612683
2019-10-23 00:00:00,  444.312000,   22.525546,    1.616237
2019-10-24 00:00:00,  446.515200,   21.941597,    1.618307
2019-10-25 00:00:00,  448.865280,   21.737136,    1.617207
2019-10-26 00:00:00,  451.068480,   22.071677,    1.622391
2019-10-27 00:00:00,  453.271680,   22.062957,    1.624466
2019-10-28 00:00:00,  455.621760,   22.067494,    1.625265
2019-10-29 00:00:00,  457.971840,   23.576219,    1.631729
2019-10-30 00:00:00,  460.321920,   23.557804,    1.635207
2019-10-31 00:00:00,  462.672000,   22.505384,    1.636996
2019-11-01 00:00:00,  464.434560,   21.653137,    1.639589
2019-11-02 00:00:00,  466.197120,   21.372970,    1.642425
2019-11-03 00:00:00,  468.547200,   22.225574,    1.645612
2019-11-04 00:00:00,  470.897280,   21.717691,    1.648614
2019-11-05 00:00:00,  473.247360,   20.317319,    1.630500
2019-11-06 00:00:00,  475.744320,   19.753660,    1.627106
2019-11-07 00:00:00,  478.241280,   20.706729,    1.629925
2019-11-08 00:00:00,  480.591360,   21.461766,    1.633005
2019-11-09 00:00:00,  483.088320,   22.152555,    1.637429
2019-11-10 00:00:00,  485.585280,   23.001160,    1.639811
2019-11-11 00:00:00,  488.082240,   23.166809,    1.643810
2019-11-12 00:00:00,  490.579200,   22.581479,    1.646865
2019-11-13 00:00:00,  493.076160,   22.688968,    1.651262
2019-11-14 00:00:00,  495.573120,   22.635332,    1.654612
2019-11-15 00:00:00,  498.070080,   22.975179,    1.658625
2019-11-16 00:00:00,  500.567040,   23.373993,    1.660679
2019-11-17 00:00:00,  503.064000,   24.177254,    1.664880
2019-11-18 00:00:00,  505.560960,   24.925496,    1.669386
2019-11-19 00:00:00,  508.057920,   24.313781,    1.674524
2019-11-20 00:00:00,  510.701760,   24.817526,    1.677651
2019-11-21 00:00:00,  513.198720,   24.872702,    1.683518
2019-11-22 00:00:00,  515.695680,   25.196163,    1.685396
2019-11-23 00:00:00,  518.192640,   26.332815,    1.690159
2019-11-24 00:00:00,  520.689600,   25.383812,    1.693379
2019-11-25 00:00:00,  523.333440,   24.464082,    1.689962
2019-11-26 00:00:00,  525.830400,   25.149853,    1.694877
2019-11-27 00:00:00,  528.327360,   25.411961,    1.695295
2019-11-28 00:00:00,  530.824320,   25.203658,    1.703430
2019-11-29 00:00:00,  533.321280,   22.052507,    1.679594
2019-11-30 00:00:00,  535.818240,   20.286454,    1.670768
2019-12-01 00:00:00,  538.902720,   20.233957,    1.671809
2019-12-02 00:00:00,  541.987200,   21.236047,    1.674692
2019-12-03 00:00:00,  544.337280,   22.044833,    1.678235
2019-12-04 00:00:00,  546.834240,   22.243004,    1.679686
2019-12-05 00:00:00,  549.331200,   23.854556,    1.686420
2019-12-06 00:00:00,  551.681280,   24.620932,    1.686427
2019-12-07 00:00:00,  554.178240,   25.263119,    1.698712
2019-12-08 00:00:00,  556.675200,   24.238484,    1.701279
2019-12-09 00:00:00,  559.025280,   24.693694,    1.706556
2019-12-10 00:00:00,  561.375360,   25.008150,    1.709749
2019-12-11 00:00:00,  563.725440,   26.343776,    1.714290
2019-12-12 00:00:00,  566.075520,   26.681442,    1.714653
2019-12-13 00:00:00,  568.425600,   26.192706,    1.702918
2019-12-14 00:00:00,  570.775680,   25.382808,    1.685660
2019-12-15 00:00:00,  573.125760,   25.252372,    1.692007
2019-12-16 00:00:00,  575.475840,   25.593405,    1.697513
2019-12-17 00:00:00,  577.825920,   26.321095,    1.702938
2019-12-18 00:00:00,  580.029120,   26.478663,    1.703449
2019-12-19 00:00:00,  582.232320,   25.689730,    1.712644
2019-12-20 00:00:00,  584.582400,   25.665117,    1.717456
2019-12-21 00:00:00,  586.785600,   26.018684,    1.719459
2019-12-22 00:00:00,  588.988800,   25.800203,    1.724465
2019-12-23 00:00:00,  591.192000,   26.017632,    1.728549
2019-12-24 00:00:00,  593.248320,   26.220060,    1.733106
2019-12-25 00:00:00,  595.304640,   26.342219,    1.733736
2019-12-26 00:00:00,  597.360960,   27.513055,    1.744673
2019-12-27 00:00:00,  599.417280,   27.453529,    1.751212
2019-12-28 00:00:00,  601.473600,   27.469549,    1.751404
2019-12-29 00:00:00,  603.529920,   29.516744,    1.761342
2019-12-30 00:00:00,  605.586240,   29.281358,    1.765546
2019-12-31 00:00:00,  607.495680,   29.194074,    1.766172
2020-01-01 00:00:00,  608.817600,   31.299221,    1.779968
2020-01-02 00:00:00,  610.286400,   30.212493,    1.784672
2020-01-03 00:00:00,  612.195840,   29.884198,    1.789242
2020-01-04 00:00:00,  613.958400,   28.054947,    1.790299
2020-01-05 00:00:00,  590.206680,   27.257857,    1.791916
