time,flow,temp,salt
2009-12-31 00:00:00,    0.000000,-9999.000000,-9999.000000
2010-01-01 00:00:00,    0.000000,-9999.000000,-9999.000000
2010-01-02 00:00:00,    0.000000,-9999.000000,-9999.000000
2010-01-03 00:00:00,    0.000000,-9999.000000,-9999.000000
2010-01-04 00:00:00,    0.000000,-9999.000000,-9999.000000
2010-01-05 00:00:00,    0.000000,-9999.000000,-9999.000000
2010-01-06 00:00:00,    0.000000,-9999.000000,-9999.000000
2010-01-07 00:00:00,    0.000000,-9999.000000,-9999.000000
2010-01-08 00:00:00,    0.000000,-9999.000000,-9999.000000
2010-01-09 00:00:00,    0.000000,-9999.000000,-9999.000000
2010-01-10 00:00:00,    0.000000,-9999.000000,-9999.000000
2010-01-11 00:00:00,    0.000000,-9999.000000,-9999.000000
2010-01-12 00:00:00,    0.000000,-9999.000000,-9999.000000
2010-01-13 00:00:00,    0.000000,-9999.000000,-9999.000000
2010-01-14 00:00:00,    0.000000,-9999.000000,-9999.000000
2010-01-15 00:00:00,    0.000000,-9999.000000,-9999.000000
2010-01-16 00:00:00,    0.000000,-9999.000000,-9999.000000
2010-01-17 00:00:00,    0.000000,-9999.000000,-9999.000000
2010-01-18 00:00:00,    0.000000,-9999.000000,-9999.000000
2010-01-19 00:00:00,    0.000000,-9999.000000,-9999.000000
2010-01-20 00:00:00,    0.000000,-9999.000000,-9999.000000
2010-01-21 00:00:00,    0.000000,-9999.000000,-9999.000000
2010-01-22 00:00:00,    0.000000,-9999.000000,-9999.000000
2010-01-23 00:00:00,    0.000000,-9999.000000,-9999.000000
2010-01-24 00:00:00,    0.000000,-9999.000000,-9999.000000
2010-01-25 00:00:00,    0.000000,-9999.000000,-9999.000000
2010-01-26 00:00:00,    0.000000,-9999.000000,-9999.000000
2010-01-27 00:00:00,    0.000000,-9999.000000,-9999.000000
2010-01-28 00:00:00,    0.000000,-9999.000000,-9999.000000
2010-01-29 00:00:00,    0.000000,-9999.000000,-9999.000000
2010-01-30 00:00:00,    0.000000,-9999.000000,-9999.000000
2010-01-31 00:00:00,    0.000000,-9999.000000,-9999.000000
2010-02-01 00:00:00,    0.000000,-9999.000000,-9999.000000
2010-02-02 00:00:00,    0.000000,-9999.000000,-9999.000000
2010-02-03 00:00:00,    0.000000,-9999.000000,-9999.000000
2010-02-04 00:00:00,    0.000000,-9999.000000,-9999.000000
2010-02-05 00:00:00,    0.000000,-9999.000000,-9999.000000
2010-02-06 00:00:00,    0.000000,-9999.000000,-9999.000000
2010-02-07 00:00:00,    0.000000,-9999.000000,-9999.000000
2010-02-08 00:00:00,    0.000000,-9999.000000,-9999.000000
2010-02-09 00:00:00,    0.000000,-9999.000000,-9999.000000
2010-02-10 00:00:00,    0.000000,-9999.000000,-9999.000000
2010-02-11 00:00:00,    0.000000,-9999.000000,-9999.000000
2010-02-12 00:00:00,    0.000000,-9999.000000,-9999.000000
2010-02-13 00:00:00,    0.000000,-9999.000000,-9999.000000
2010-02-14 00:00:00,    0.000000,-9999.000000,-9999.000000
2010-02-15 00:00:00,    0.000000,-9999.000000,-9999.000000
2010-02-16 00:00:00,    0.000000,-9999.000000,-9999.000000
2010-02-17 00:00:00,    0.000000,-9999.000000,-9999.000000
2010-02-18 00:00:00,    0.000000,-9999.000000,-9999.000000
2010-02-19 00:00:00,    0.000000,-9999.000000,-9999.000000
2010-02-20 00:00:00,    0.000000,-9999.000000,-9999.000000
2010-02-21 00:00:00,    0.000000,-9999.000000,-9999.000000
2010-02-22 00:00:00,    0.000000,-9999.000000,-9999.000000
2010-02-23 00:00:00,    0.000000,-9999.000000,-9999.000000
2010-02-24 00:00:00,    0.000000,-9999.000000,-9999.000000
2010-02-25 00:00:00,    0.000000,-9999.000000,-9999.000000
2010-02-26 00:00:00,    0.000000,-9999.000000,-9999.000000
2010-02-27 00:00:00,    0.000000,-9999.000000,-9999.000000
2010-02-28 00:00:00,    0.000000,-9999.000000,-9999.000000
2010-03-01 00:00:00,    0.000000,-9999.000000,-9999.000000
2010-03-02 00:00:00,    0.000000,-9999.000000,-9999.000000
2010-03-03 00:00:00,    0.000000,-9999.000000,-9999.000000
2010-03-04 00:00:00,    0.000000,-9999.000000,-9999.000000
2010-03-05 00:00:00,    0.000000,-9999.000000,-9999.000000
2010-03-06 00:00:00,    0.000000,-9999.000000,-9999.000000
2010-03-07 00:00:00,    0.000000,-9999.000000,-9999.000000
2010-03-08 00:00:00,    0.000000,-9999.000000,-9999.000000
2010-03-09 00:00:00,    0.000000,-9999.000000,-9999.000000
2010-03-10 00:00:00,    0.000000,-9999.000000,-9999.000000
2010-03-11 00:00:00,    0.000000,-9999.000000,-9999.000000
2010-03-12 00:00:00,    0.000000,-9999.000000,-9999.000000
2010-03-13 00:00:00,    0.000000,-9999.000000,-9999.000000
2010-03-14 00:00:00,    0.000000,-9999.000000,-9999.000000
2010-03-15 00:00:00,    0.000000,-9999.000000,-9999.000000
2010-03-16 00:00:00,    0.000000,-9999.000000,-9999.000000
2010-03-17 00:00:00,    0.000000,-9999.000000,-9999.000000
2010-03-18 00:00:00,    0.000000,-9999.000000,-9999.000000
2010-03-19 00:00:00,    0.000000,-9999.000000,-9999.000000
2010-03-20 00:00:00,    0.000000,-9999.000000,-9999.000000
2010-03-21 00:00:00,    0.000000,-9999.000000,-9999.000000
2010-03-22 00:00:00,    0.000000,-9999.000000,-9999.000000
2010-03-23 00:00:00,    0.000000,-9999.000000,-9999.000000
2010-03-24 00:00:00,    0.000000,-9999.000000,-9999.000000
2010-03-25 00:00:00,    0.000000,-9999.000000,-9999.000000
2010-03-26 00:00:00,    0.000000,-9999.000000,-9999.000000
2010-03-27 00:00:00,    0.000000,-9999.000000,-9999.000000
2010-03-28 00:00:00,    0.000000,-9999.000000,-9999.000000
2010-03-29 00:00:00,    0.000000,-9999.000000,-9999.000000
2010-03-30 00:00:00,    0.000000,-9999.000000,-9999.000000
2010-03-31 00:00:00,    0.000000,-9999.000000,-9999.000000
2010-04-01 00:00:00,    0.000000,-9999.000000,-9999.000000
2010-04-02 00:00:00,    0.000000,-9999.000000,-9999.000000
2010-04-03 00:00:00,    0.000000,-9999.000000,-9999.000000
2010-04-04 00:00:00,    0.000000,-9999.000000,-9999.000000
2010-04-05 00:00:00,    0.000000,-9999.000000,-9999.000000
2010-04-06 00:00:00,    0.000000,-9999.000000,-9999.000000
2010-04-07 00:00:00,    0.000000,-9999.000000,-9999.000000
2010-04-08 00:00:00,    0.000000,-9999.000000,-9999.000000
2010-04-09 00:00:00,    0.000000,-9999.000000,-9999.000000
2010-04-10 00:00:00,    0.000000,-9999.000000,-9999.000000
2010-04-11 00:00:00,    0.000000,-9999.000000,-9999.000000
2010-04-12 00:00:00,    0.000000,-9999.000000,-9999.000000
2010-04-13 00:00:00,    0.000000,-9999.000000,-9999.000000
2010-04-14 00:00:00,    0.000000,-9999.000000,-9999.000000
2010-04-15 00:00:00,    0.000000,-9999.000000,-9999.000000
2010-04-16 00:00:00,    0.000000,-9999.000000,-9999.000000
2010-04-17 00:00:00,    0.000000,-9999.000000,-9999.000000
2010-04-18 00:00:00,    0.000000,-9999.000000,-9999.000000
2010-04-19 00:00:00,    0.000000,-9999.000000,-9999.000000
2010-04-20 00:00:00,    0.000000,-9999.000000,-9999.000000
2010-04-21 00:00:00,    0.000000,-9999.000000,-9999.000000
2010-04-22 00:00:00,    0.000000,-9999.000000,-9999.000000
2010-04-23 00:00:00,    0.000000,-9999.000000,-9999.000000
2010-04-24 00:00:00,    0.000000,-9999.000000,-9999.000000
2010-04-25 00:00:00,    0.000000,-9999.000000,-9999.000000
2010-04-26 00:00:00,    0.000000,-9999.000000,-9999.000000
2010-04-27 00:00:00,    0.000000,-9999.000000,-9999.000000
2010-04-28 00:00:00,    0.000000,-9999.000000,-9999.000000
2010-04-29 00:00:00,    0.000000,-9999.000000,-9999.000000
2010-04-30 00:00:00,    0.000000,-9999.000000,-9999.000000
2010-05-01 00:00:00,    0.000000,-9999.000000,-9999.000000
2010-05-02 00:00:00,    0.000000,-9999.000000,-9999.000000
2010-05-03 00:00:00,    0.000000,-9999.000000,-9999.000000
2010-05-04 00:00:00,    0.000000,-9999.000000,-9999.000000
2010-05-05 00:00:00,    0.000000,-9999.000000,-9999.000000
2010-05-06 00:00:00,    0.000000,-9999.000000,-9999.000000
2010-05-07 00:00:00,    0.000000,-9999.000000,-9999.000000
2010-05-08 00:00:00,    0.000000,-9999.000000,-9999.000000
2010-05-09 00:00:00,    0.000000,-9999.000000,-9999.000000
2010-05-10 00:00:00,    0.000000,-9999.000000,-9999.000000
2010-05-11 00:00:00,    0.000000,-9999.000000,-9999.000000
2010-05-12 00:00:00,    0.000000,-9999.000000,-9999.000000
2010-05-13 00:00:00,    0.000000,-9999.000000,-9999.000000
2010-05-14 00:00:00,    0.000000,-9999.000000,-9999.000000
2010-05-15 00:00:00,    0.000000,-9999.000000,-9999.000000
2010-05-16 00:00:00,    0.000000,-9999.000000,-9999.000000
2010-05-17 00:00:00,    0.000000,-9999.000000,-9999.000000
2010-05-18 00:00:00,    0.000000,-9999.000000,-9999.000000
2010-05-19 00:00:00,    0.000000,-9999.000000,-9999.000000
2010-05-20 00:00:00,    0.000000,-9999.000000,-9999.000000
2010-05-21 00:00:00,    0.000000,-9999.000000,-9999.000000
2010-05-22 00:00:00,    0.000000,-9999.000000,-9999.000000
2010-05-23 00:00:00,    0.000000,-9999.000000,-9999.000000
2010-05-24 00:00:00,    0.000000,-9999.000000,-9999.000000
2010-05-25 00:00:00,    0.000000,-9999.000000,-9999.000000
2010-05-26 00:00:00,    0.000000,-9999.000000,-9999.000000
2010-05-27 00:00:00,    0.000000,-9999.000000,-9999.000000
2010-05-28 00:00:00,    0.000000,-9999.000000,-9999.000000
2010-05-29 00:00:00,    0.000000,-9999.000000,-9999.000000
2010-05-30 00:00:00,    0.000000,-9999.000000,-9999.000000
2010-05-31 00:00:00,    0.000000,-9999.000000,-9999.000000
2010-06-01 00:00:00,    0.000000,-9999.000000,-9999.000000
2010-06-02 00:00:00,    0.000000,-9999.000000,-9999.000000
2010-06-03 00:00:00,    0.000000,-9999.000000,-9999.000000
2010-06-04 00:00:00,    0.000000,-9999.000000,-9999.000000
2010-06-05 00:00:00,    0.000000,-9999.000000,-9999.000000
2010-06-06 00:00:00,    0.000000,-9999.000000,-9999.000000
2010-06-07 00:00:00,    0.000000,-9999.000000,-9999.000000
2010-06-08 00:00:00,    0.000000,-9999.000000,-9999.000000
2010-06-09 00:00:00,    0.000000,-9999.000000,-9999.000000
2010-06-10 00:00:00,    0.000000,-9999.000000,-9999.000000
2010-06-11 00:00:00,    0.000000,-9999.000000,-9999.000000
2010-06-12 00:00:00,    0.000000,-9999.000000,-9999.000000
2010-06-13 00:00:00,    0.000000,-9999.000000,-9999.000000
2010-06-14 00:00:00,    0.000000,-9999.000000,-9999.000000
2010-06-15 00:00:00,    0.000000,-9999.000000,-9999.000000
2010-06-16 00:00:00,    0.000000,-9999.000000,-9999.000000
2010-06-17 00:00:00,    0.000000,-9999.000000,-9999.000000
2010-06-18 00:00:00,    0.000000,-9999.000000,-9999.000000
2010-06-19 00:00:00,    0.000000,-9999.000000,-9999.000000
2010-06-20 00:00:00,    0.000000,-9999.000000,-9999.000000
2010-06-21 00:00:00,    0.000000,-9999.000000,-9999.000000
2010-06-22 00:00:00,    0.000000,-9999.000000,-9999.000000
2010-06-23 00:00:00,    0.000000,-9999.000000,-9999.000000
2010-06-24 00:00:00,    0.000000,-9999.000000,-9999.000000
2010-06-25 00:00:00,    0.000000,-9999.000000,-9999.000000
2010-06-26 00:00:00,    0.000000,-9999.000000,-9999.000000
2010-06-27 00:00:00,    0.000000,-9999.000000,-9999.000000
2010-06-28 00:00:00,    0.000000,-9999.000000,-9999.000000
2010-06-29 00:00:00,    0.000000,-9999.000000,-9999.000000
2010-06-30 00:00:00,    0.000000,-9999.000000,-9999.000000
2010-07-01 00:00:00,    0.000000,-9999.000000,-9999.000000
2010-07-02 00:00:00,    0.000000,-9999.000000,-9999.000000
2010-07-03 00:00:00,    0.000000,-9999.000000,-9999.000000
2010-07-04 00:00:00,    0.000000,-9999.000000,-9999.000000
2010-07-05 00:00:00,    0.000000,-9999.000000,-9999.000000
2010-07-06 00:00:00,    0.000000,-9999.000000,-9999.000000
2010-07-07 00:00:00,    0.000000,-9999.000000,-9999.000000
2010-07-08 00:00:00,    0.000000,-9999.000000,-9999.000000
2010-07-09 00:00:00,   13.296192,   14.077849,    1.221449
2010-07-10 00:00:00,   55.674686,   13.975241,    1.219277
2010-07-11 00:00:00,  112.078549,   14.112175,    1.209852
2010-07-12 00:00:00,  136.731741,   13.889606,    1.206865
2010-07-13 00:00:00,  150.336662,   13.809855,    1.205440
2010-07-14 00:00:00,  152.636663,   14.805451,    1.361098
2010-07-15 00:00:00,  152.137531,   14.450700,    1.305991
2010-07-16 00:00:00,  199.544731,   14.426161,    1.302989
2010-07-17 00:00:00,  203.426660,   14.125502,    1.251708
2010-07-18 00:00:00,  209.258348,   14.059615,    1.250470
2010-07-19 00:00:00,  210.348134,   14.400690,    1.303751
2010-07-20 00:00:00,  210.561964,   14.269431,    1.283631
2010-07-21 00:00:00,  210.664552,   14.375719,    1.300713
2010-07-22 00:00:00,  210.436565,   14.717190,    1.353693
2010-07-23 00:00:00,  210.111971,   14.763529,    1.361608
2010-07-24 00:00:00,  208.274399,   14.787696,    1.366283
2010-07-25 00:00:00,  207.719094,   14.808602,    1.370347
2010-07-26 00:00:00,  218.651758,   14.825029,    1.373647
2010-07-27 00:00:00,  231.517337,   14.830837,    1.375357
2010-07-28 00:00:00,  248.776233,   14.843743,    1.377963
2010-07-29 00:00:00,  295.062039,   14.848403,    1.379321
2010-07-30 00:00:00,  293.544669,   14.858912,    1.381444
2010-07-31 00:00:00,  294.281821,   14.866298,    1.383066
2010-08-01 00:00:00,  292.470190,   14.869560,    1.384057
2010-08-02 00:00:00,  288.960238,   14.877194,    1.385623
2010-08-03 00:00:00,  287.343778,   15.199349,    1.434072
2010-08-04 00:00:00,  284.951753,   15.188913,    1.432845
2010-08-05 00:00:00,  284.250499,   15.176367,    1.431289
2010-08-06 00:00:00,  281.017707,   15.152361,    1.428060
2010-08-07 00:00:00,  278.393999,   15.138213,    1.426218
2010-08-08 00:00:00,  274.524152,   14.915979,    1.393617
2010-08-09 00:00:00,  269.094400,   14.897459,    1.391110
2010-08-10 00:00:00,  255.755309,   14.868630,    1.387055
2010-08-11 00:00:00,  239.161436,   14.851493,    1.384673
2010-08-12 00:00:00,  505.356046,   15.168269,    1.431563
2010-08-13 00:00:00,  544.161564,   15.158567,    1.430204
2010-08-14 00:00:00,  539.345537,   15.148586,    1.428802
2010-08-15 00:00:00,  532.393361,   15.135389,    1.426921
2010-08-16 00:00:00,  524.134488,   15.124148,    1.425321
2010-08-17 00:00:00,  535.946033,   15.108968,    1.423135
2010-08-18 00:00:00,  546.393909,   15.095209,    1.421151
2010-08-19 00:00:00,  538.743821,   15.080776,    1.419055
2010-08-20 00:00:00,  598.621747,   15.072094,    1.417795
2010-08-21 00:00:00,  613.976909,   15.059154,    1.415896
2010-08-22 00:00:00,  630.926626,   15.042996,    1.413514
2010-08-23 00:00:00,  629.634516,   15.028692,    1.411392
2010-08-24 00:00:00,  617.602508,   15.015608,    1.409441
2010-08-25 00:00:00,  605.438938,   15.003502,    1.407622
2010-08-26 00:00:00,  595.270210,   14.988114,    1.405308
2010-08-27 00:00:00,  585.031661,   14.969805,    1.402541
2010-08-28 00:00:00,  577.596589,   14.960714,    1.401139
2010-08-29 00:00:00,  570.694623,   14.946690,    1.398980
2010-08-30 00:00:00,  565.863711,   14.936390,    1.397368
2010-08-31 00:00:00,  664.623465,   14.918671,    1.394615
2010-09-01 00:00:00,  646.567377,   15.012990,    1.408409
2010-09-02 00:00:00,  633.654628,   15.000761,    1.406476
2010-09-03 00:00:00,  636.350429,   14.991424,    1.404969
2010-09-04 00:00:00,  627.968028,   14.982516,    1.403513
2010-09-05 00:00:00,  616.777119,   14.977378,    1.402635
2010-09-06 00:00:00,  608.562671,   14.974660,    1.402118
2010-09-07 00:00:00,  717.128784,   14.967828,    1.400977
2010-09-08 00:00:00,  713.585510,   14.965316,    1.400489
2010-09-09 00:00:00,  727.200514,   14.961731,    1.399840
2010-09-10 00:00:00,  715.019674,   14.958865,    1.399298
2010-09-11 00:00:00,  706.824335,   14.961996,    1.399667
2010-09-12 00:00:00,  744.896523,   14.962806,    1.399683
2010-09-13 00:00:00,  728.366139,   14.973155,    1.401159
2010-09-14 00:00:00,  711.545222,   14.979641,    1.402049
2010-09-15 00:00:00,  694.548150,   14.977838,    1.401680
2010-09-16 00:00:00,  666.713928,   14.984534,    1.402609
2010-09-17 00:00:00,  644.685632,   14.991292,    1.403550
2010-09-18 00:00:00,  624.386900,   15.006597,    1.405793
2010-09-19 00:00:00,  603.892887,   15.013554,    1.406770
2010-09-20 00:00:00,  586.911418,   15.020474,    1.407746
2010-09-21 00:00:00,  570.778998,   15.027674,    1.408763
2010-09-22 00:00:00,  557.637947,   15.026846,    1.408567
2010-09-23 00:00:00,  545.364504,   15.252005,    1.442056
2010-09-24 00:00:00,  537.201037,   15.258277,    1.442947
2010-09-25 00:00:00,  524.820890,   15.262959,    1.443596
2010-09-26 00:00:00,  506.184041,   15.269317,    1.444498
2010-09-27 00:00:00,  489.230330,   15.276006,    1.445450
2010-09-28 00:00:00,  468.101125,   15.282891,    1.446431
2010-09-29 00:00:00,  449.171195,   15.289989,    1.447444
2010-09-30 00:00:00,  431.652739,   15.297130,    1.448462
2010-10-01 00:00:00,  420.212485,   15.306488,    1.449812
2010-10-02 00:00:00,  400.530825,   15.316150,    1.451206
2010-10-03 00:00:00,  391.131519,   15.324302,    1.452374
2010-10-04 00:00:00,  375.398195,   15.332525,    1.453551
2010-10-05 00:00:00,  358.519258,   15.340953,    1.454759
2010-10-06 00:00:00,  339.453118,   15.227960,    1.437842
2010-10-07 00:00:00,  323.920348,   15.234242,    1.438715
2010-10-08 00:00:00,  309.875615,   15.478417,    1.475128
2010-10-09 00:00:00,  295.719815,   15.488161,    1.476533
2010-10-10 00:00:00,  269.183584,   15.500269,    1.478298
2010-10-11 00:00:00,  254.409743,   15.510194,    1.479727
2010-10-12 00:00:00,  239.916029,   15.520347,    1.481189
2010-10-13 00:00:00,  224.177453,   15.530719,    1.482683
2010-10-14 00:00:00,  204.020796,   15.541327,    1.484211
2010-10-15 00:00:00,  187.273114,   15.552172,    1.485774
2010-10-16 00:00:00,  174.773472,   15.563424,    1.487397
2010-10-17 00:00:00,  166.630691,   15.575002,    1.489069
2010-10-18 00:00:00,  159.466136,   15.586787,    1.490771
2010-10-19 00:00:00,  156.449581,   15.598764,    1.492502
2010-10-20 00:00:00,  193.574334,   15.610926,    1.494260
2010-10-21 00:00:00,  179.792601,   15.623266,    1.496043
2010-10-22 00:00:00,  166.104276,   15.635795,    1.497854
2010-10-23 00:00:00,  151.326855,   15.648510,    1.499692
2010-10-24 00:00:00,  135.171165,   15.661609,    1.501588
2010-10-25 00:00:00,  122.901491,   15.674654,    1.503474
2010-10-26 00:00:00,  115.522475,   15.687865,    1.505384
2010-10-27 00:00:00,  106.120852,   15.701455,    1.507352
2010-10-28 00:00:00,   86.979423,   15.714969,    1.509307
2010-10-29 00:00:00,   77.388491,   15.728649,    1.511285
2010-10-30 00:00:00,   68.504817,   15.742712,    1.513322
2010-10-31 00:00:00,   58.340610,   15.756682,    1.515342
2010-11-01 00:00:00,   47.974918,   15.767391,    1.516873
2010-11-02 00:00:00,   38.296769,   15.778148,    1.518410
2010-11-03 00:00:00,   31.220537,   15.792335,    1.520461
2010-11-04 00:00:00,   25.487451,   15.806652,    1.522530
2010-11-05 00:00:00,   19.408689,   15.821105,    1.524620
2010-11-06 00:00:00,   14.776204,   15.835693,    1.526729
2010-11-07 00:00:00,   10.516040,   15.850395,    1.528855
2010-11-08 00:00:00,    7.744926,   15.865222,    1.530998
2010-11-09 00:00:00,    8.481474,   15.880146,    1.533156
2010-11-10 00:00:00,   10.963199,   15.894392,    1.535208
2010-11-11 00:00:00,    4.258406,   15.908382,    1.537215
2010-11-12 00:00:00,    1.040593,   15.922566,    1.539250
2010-11-13 00:00:00,    0.000000,-9999.000000,-9999.000000
2010-11-14 00:00:00,    0.000000,-9999.000000,-9999.000000
2010-11-15 00:00:00,    0.000000,-9999.000000,-9999.000000
2010-11-16 00:00:00,    0.000000,-9999.000000,-9999.000000
2010-11-17 00:00:00,    0.000000,-9999.000000,-9999.000000
2010-11-18 00:00:00,    0.000000,-9999.000000,-9999.000000
2010-11-19 00:00:00,    0.000000,-9999.000000,-9999.000000
2010-11-20 00:00:00,    0.000000,-9999.000000,-9999.000000
2010-11-21 00:00:00,    0.000000,-9999.000000,-9999.000000
2010-11-22 00:00:00,    0.000000,-9999.000000,-9999.000000
2010-11-23 00:00:00,    0.000000,-9999.000000,-9999.000000
2010-11-24 00:00:00,    0.000000,-9999.000000,-9999.000000
2010-11-25 00:00:00,    0.000000,-9999.000000,-9999.000000
2010-11-26 00:00:00,    0.000000,-9999.000000,-9999.000000
2010-11-27 00:00:00,    0.000000,-9999.000000,-9999.000000
2010-11-28 00:00:00,    0.000000,-9999.000000,-9999.000000
2010-11-29 00:00:00,    0.000000,-9999.000000,-9999.000000
2010-11-30 00:00:00,    0.000000,-9999.000000,-9999.000000
2010-12-01 00:00:00,    0.000000,-9999.000000,-9999.000000
2010-12-02 00:00:00,    0.000000,-9999.000000,-9999.000000
2010-12-03 00:00:00,    0.000000,-9999.000000,-9999.000000
2010-12-04 00:00:00,    0.000000,-9999.000000,-9999.000000
2010-12-05 00:00:00,    0.000000,-9999.000000,-9999.000000
2010-12-06 00:00:00,    0.000000,-9999.000000,-9999.000000
2010-12-07 00:00:00,    0.000000,-9999.000000,-9999.000000
2010-12-08 00:00:00,    0.000000,-9999.000000,-9999.000000
2010-12-09 00:00:00,    0.000000,-9999.000000,-9999.000000
2010-12-10 00:00:00,    0.000000,-9999.000000,-9999.000000
2010-12-11 00:00:00,    0.000000,-9999.000000,-9999.000000
2010-12-12 00:00:00,    0.000000,-9999.000000,-9999.000000
2010-12-13 00:00:00,    0.000000,-9999.000000,-9999.000000
2010-12-14 00:00:00,    0.000000,-9999.000000,-9999.000000
2010-12-15 00:00:00,    0.000000,-9999.000000,-9999.000000
2010-12-16 00:00:00,    0.000000,-9999.000000,-9999.000000
2010-12-17 00:00:00,    0.000000,-9999.000000,-9999.000000
2010-12-18 00:00:00,    0.000000,-9999.000000,-9999.000000
2010-12-19 00:00:00,    0.000000,-9999.000000,-9999.000000
2010-12-20 00:00:00,    0.000000,-9999.000000,-9999.000000
2010-12-21 00:00:00,    0.000000,-9999.000000,-9999.000000
2010-12-22 00:00:00,    0.000000,-9999.000000,-9999.000000
2010-12-23 00:00:00,    0.000000,-9999.000000,-9999.000000
2010-12-24 00:00:00,    0.000000,-9999.000000,-9999.000000
2010-12-25 00:00:00,    0.000000,-9999.000000,-9999.000000
2010-12-26 00:00:00,    0.000000,-9999.000000,-9999.000000
2010-12-27 00:00:00,    0.000000,-9999.000000,-9999.000000
2010-12-28 00:00:00,    0.000000,-9999.000000,-9999.000000
2010-12-29 00:00:00,    0.000000,-9999.000000,-9999.000000
2010-12-30 00:00:00,    0.000000,-9999.000000,-9999.000000
2010-12-31 00:00:00,    0.000000,-9999.000000,-9999.000000
2011-01-01 00:00:00,    0.000000,-9999.000000,-9999.000000
2011-01-02 00:00:00,    0.000000,-9999.000000,-9999.000000
2011-01-03 00:00:00,    0.000000,-9999.000000,-9999.000000
2011-01-04 00:00:00,    0.000000,-9999.000000,-9999.000000
2011-01-05 00:00:00,    0.000000,-9999.000000,-9999.000000
2011-01-06 00:00:00,    0.000000,-9999.000000,-9999.000000
2011-01-07 00:00:00,    0.000000,-9999.000000,-9999.000000
2011-01-08 00:00:00,    0.000000,-9999.000000,-9999.000000
2011-01-09 00:00:00,    0.000000,-9999.000000,-9999.000000
2011-01-10 00:00:00,    0.000000,-9999.000000,-9999.000000
2011-01-11 00:00:00,    0.000000,-9999.000000,-9999.000000
2011-01-12 00:00:00,    0.000000,-9999.000000,-9999.000000
2011-01-13 00:00:00,    0.000000,-9999.000000,-9999.000000
2011-01-14 00:00:00,    0.000000,-9999.000000,-9999.000000
2011-01-15 00:00:00,    0.000000,-9999.000000,-9999.000000
2011-01-16 00:00:00,    0.000000,-9999.000000,-9999.000000
2011-01-17 00:00:00,    0.000000,-9999.000000,-9999.000000
2011-01-18 00:00:00,    0.000000,-9999.000000,-9999.000000
2011-01-19 00:00:00,    0.000000,-9999.000000,-9999.000000
2011-01-20 00:00:00,    0.000000,-9999.000000,-9999.000000
2011-01-21 00:00:00,    0.000000,-9999.000000,-9999.000000
2011-01-22 00:00:00,    0.000000,-9999.000000,-9999.000000
2011-01-23 00:00:00,    0.000000,-9999.000000,-9999.000000
2011-01-24 00:00:00,    0.000000,-9999.000000,-9999.000000
2011-01-25 00:00:00,    0.000000,-9999.000000,-9999.000000
2011-01-26 00:00:00,    0.000000,-9999.000000,-9999.000000
2011-01-27 00:00:00,    0.000000,-9999.000000,-9999.000000
2011-01-28 00:00:00,    0.000000,-9999.000000,-9999.000000
2011-01-29 00:00:00,    0.000000,-9999.000000,-9999.000000
2011-01-30 00:00:00,    0.000000,-9999.000000,-9999.000000
2011-01-31 00:00:00,    0.000000,-9999.000000,-9999.000000
2011-02-01 00:00:00,    0.000000,-9999.000000,-9999.000000
2011-02-02 00:00:00,    0.000000,-9999.000000,-9999.000000
2011-02-03 00:00:00,    0.000000,-9999.000000,-9999.000000
2011-02-04 00:00:00,    0.000000,-9999.000000,-9999.000000
2011-02-05 00:00:00,    0.000000,-9999.000000,-9999.000000
2011-02-06 00:00:00,    0.000000,-9999.000000,-9999.000000
2011-02-07 00:00:00,    0.000000,-9999.000000,-9999.000000
2011-02-08 00:00:00,    0.000000,-9999.000000,-9999.000000
2011-02-09 00:00:00,    0.000000,-9999.000000,-9999.000000
2011-02-10 00:00:00,    0.000000,-9999.000000,-9999.000000
2011-02-11 00:00:00,    0.000000,-9999.000000,-9999.000000
2011-02-12 00:00:00,    0.000000,-9999.000000,-9999.000000
2011-02-13 00:00:00,    0.000000,-9999.000000,-9999.000000
2011-02-14 00:00:00,    0.000000,-9999.000000,-9999.000000
2011-02-15 00:00:00,    0.000000,-9999.000000,-9999.000000
2011-02-16 00:00:00,    0.000000,-9999.000000,-9999.000000
2011-02-17 00:00:00,    0.000000,-9999.000000,-9999.000000
2011-02-18 00:00:00,    0.000000,-9999.000000,-9999.000000
2011-02-19 00:00:00,    0.000000,-9999.000000,-9999.000000
2011-02-20 00:00:00,    0.000000,-9999.000000,-9999.000000
2011-02-21 00:00:00,    0.000000,-9999.000000,-9999.000000
2011-02-22 00:00:00,    0.000000,-9999.000000,-9999.000000
2011-02-23 00:00:00,    0.000000,-9999.000000,-9999.000000
2011-02-24 00:00:00,    0.000000,-9999.000000,-9999.000000
2011-02-25 00:00:00,    0.000000,-9999.000000,-9999.000000
2011-02-26 00:00:00,    0.000000,-9999.000000,-9999.000000
2011-02-27 00:00:00,    0.000000,-9999.000000,-9999.000000
2011-02-28 00:00:00,    0.000000,-9999.000000,-9999.000000
2011-03-01 00:00:00,    0.000000,-9999.000000,-9999.000000
2011-03-02 00:00:00,    0.000000,-9999.000000,-9999.000000
2011-03-03 00:00:00,    0.000000,-9999.000000,-9999.000000
2011-03-04 00:00:00,    0.000000,-9999.000000,-9999.000000
2011-03-05 00:00:00,    0.000000,-9999.000000,-9999.000000
2011-03-06 00:00:00,    0.000000,-9999.000000,-9999.000000
2011-03-07 00:00:00,    0.000000,-9999.000000,-9999.000000
2011-03-08 00:00:00,    0.000000,-9999.000000,-9999.000000
2011-03-09 00:00:00,    0.000000,-9999.000000,-9999.000000
2011-03-10 00:00:00,    0.000000,-9999.000000,-9999.000000
2011-03-11 00:00:00,    0.000000,-9999.000000,-9999.000000
2011-03-12 00:00:00,    0.000000,-9999.000000,-9999.000000
2011-03-13 00:00:00,    0.000000,-9999.000000,-9999.000000
2011-03-14 00:00:00,    0.000000,-9999.000000,-9999.000000
2011-03-15 00:00:00,    0.000000,-9999.000000,-9999.000000
2011-03-16 00:00:00,    0.000000,-9999.000000,-9999.000000
2011-03-17 00:00:00,    0.000000,-9999.000000,-9999.000000
2011-03-18 00:00:00,    0.000000,-9999.000000,-9999.000000
2011-03-19 00:00:00,    0.000000,-9999.000000,-9999.000000
2011-03-20 00:00:00,    0.000000,-9999.000000,-9999.000000
2011-03-21 00:00:00,    0.000000,-9999.000000,-9999.000000
2011-03-22 00:00:00,    0.000000,-9999.000000,-9999.000000
2011-03-23 00:00:00,    0.000000,-9999.000000,-9999.000000
2011-03-24 00:00:00,    0.000000,-9999.000000,-9999.000000
2011-03-25 00:00:00,    0.000000,-9999.000000,-9999.000000
2011-03-26 00:00:00,    0.000000,-9999.000000,-9999.000000
2011-03-27 00:00:00,    0.000000,-9999.000000,-9999.000000
2011-03-28 00:00:00,    0.000000,-9999.000000,-9999.000000
2011-03-29 00:00:00,    0.000000,-9999.000000,-9999.000000
2011-03-30 00:00:00,    0.000000,-9999.000000,-9999.000000
2011-03-31 00:00:00,    0.000000,-9999.000000,-9999.000000
2011-04-01 00:00:00,    0.000000,-9999.000000,-9999.000000
2011-04-02 00:00:00,    0.000000,-9999.000000,-9999.000000
2011-04-03 00:00:00,    0.000000,-9999.000000,-9999.000000
2011-04-04 00:00:00,    0.000000,-9999.000000,-9999.000000
2011-04-05 00:00:00,    0.000000,-9999.000000,-9999.000000
2011-04-06 00:00:00,    0.000000,-9999.000000,-9999.000000
2011-04-07 00:00:00,    0.000000,-9999.000000,-9999.000000
2011-04-08 00:00:00,    0.000000,-9999.000000,-9999.000000
2011-04-09 00:00:00,    0.000000,-9999.000000,-9999.000000
2011-04-10 00:00:00,    0.000000,-9999.000000,-9999.000000
2011-04-11 00:00:00,    0.000000,-9999.000000,-9999.000000
2011-04-12 00:00:00,    0.000000,-9999.000000,-9999.000000
2011-04-13 00:00:00,    0.000000,-9999.000000,-9999.000000
2011-04-14 00:00:00,    0.000000,-9999.000000,-9999.000000
2011-04-15 00:00:00,    0.000000,-9999.000000,-9999.000000
2011-04-16 00:00:00,    0.000000,-9999.000000,-9999.000000
2011-04-17 00:00:00,    0.000000,-9999.000000,-9999.000000
2011-04-18 00:00:00,    0.000000,-9999.000000,-9999.000000
2011-04-19 00:00:00,    0.000000,-9999.000000,-9999.000000
2011-04-20 00:00:00,    0.000000,-9999.000000,-9999.000000
2011-04-21 00:00:00,    0.000000,-9999.000000,-9999.000000
2011-04-22 00:00:00,    0.000000,-9999.000000,-9999.000000
2011-04-23 00:00:00,    0.000000,-9999.000000,-9999.000000
2011-04-24 00:00:00,    0.000000,-9999.000000,-9999.000000
2011-04-25 00:00:00,    0.000000,-9999.000000,-9999.000000
2011-04-26 00:00:00,    0.000000,-9999.000000,-9999.000000
2011-04-27 00:00:00,    0.000000,-9999.000000,-9999.000000
2011-04-28 00:00:00,    0.000000,-9999.000000,-9999.000000
2011-04-29 00:00:00,    0.000000,-9999.000000,-9999.000000
2011-04-30 00:00:00,    0.000000,-9999.000000,-9999.000000
2011-05-01 00:00:00,    0.000000,-9999.000000,-9999.000000
2011-05-02 00:00:00,    0.000000,-9999.000000,-9999.000000
2011-05-03 00:00:00,    0.000000,-9999.000000,-9999.000000
2011-05-04 00:00:00,    0.000000,-9999.000000,-9999.000000
2011-05-05 00:00:00,    0.000000,-9999.000000,-9999.000000
2011-05-06 00:00:00,    0.000000,-9999.000000,-9999.000000
2011-05-07 00:00:00,    0.000000,-9999.000000,-9999.000000
2011-05-08 00:00:00,    0.000000,-9999.000000,-9999.000000
2011-05-09 00:00:00,    0.000000,-9999.000000,-9999.000000
2011-05-10 00:00:00,    0.000000,-9999.000000,-9999.000000
2011-05-11 00:00:00,    0.000000,-9999.000000,-9999.000000
2011-05-12 00:00:00,    0.000000,-9999.000000,-9999.000000
2011-05-13 00:00:00,    0.000000,-9999.000000,-9999.000000
2011-05-14 00:00:00,    0.000000,-9999.000000,-9999.000000
2011-05-15 00:00:00,    0.000000,-9999.000000,-9999.000000
2011-05-16 00:00:00,    0.000000,-9999.000000,-9999.000000
2011-05-17 00:00:00,    0.000000,-9999.000000,-9999.000000
2011-05-18 00:00:00,    0.000000,-9999.000000,-9999.000000
2011-05-19 00:00:00,    0.000000,-9999.000000,-9999.000000
2011-05-20 00:00:00,    0.000000,-9999.000000,-9999.000000
2011-05-21 00:00:00,    0.000000,-9999.000000,-9999.000000
2011-05-22 00:00:00,    0.000000,-9999.000000,-9999.000000
2011-05-23 00:00:00,    0.000000,-9999.000000,-9999.000000
2011-05-24 00:00:00,    0.000000,-9999.000000,-9999.000000
2011-05-25 00:00:00,    0.000000,-9999.000000,-9999.000000
2011-05-26 00:00:00,    0.000000,-9999.000000,-9999.000000
2011-05-27 00:00:00,    0.000000,-9999.000000,-9999.000000
2011-05-28 00:00:00,    0.000000,-9999.000000,-9999.000000
2011-05-29 00:00:00,    0.000000,-9999.000000,-9999.000000
2011-05-30 00:00:00,    0.000000,-9999.000000,-9999.000000
2011-05-31 00:00:00,    0.000000,-9999.000000,-9999.000000
2011-06-01 00:00:00,    0.000000,-9999.000000,-9999.000000
2011-06-02 00:00:00,    0.000000,-9999.000000,-9999.000000
2011-06-03 00:00:00,    0.000000,-9999.000000,-9999.000000
2011-06-04 00:00:00,    0.000000,-9999.000000,-9999.000000
2011-06-05 00:00:00,    0.000000,-9999.000000,-9999.000000
2011-06-06 00:00:00,    0.000000,-9999.000000,-9999.000000
2011-06-07 00:00:00,    0.000000,-9999.000000,-9999.000000
2011-06-08 00:00:00,    0.000000,-9999.000000,-9999.000000
2011-06-09 00:00:00,    0.000000,-9999.000000,-9999.000000
2011-06-10 00:00:00,    0.000000,-9999.000000,-9999.000000
2011-06-11 00:00:00,    0.000000,-9999.000000,-9999.000000
2011-06-12 00:00:00,    0.000000,-9999.000000,-9999.000000
2011-06-13 00:00:00,    0.000000,-9999.000000,-9999.000000
2011-06-14 00:00:00,    0.000000,-9999.000000,-9999.000000
2011-06-15 00:00:00,    0.000000,-9999.000000,-9999.000000
2011-06-16 00:00:00,    0.000000,-9999.000000,-9999.000000
2011-06-17 00:00:00,    0.000000,-9999.000000,-9999.000000
2011-06-18 00:00:00,    0.000000,-9999.000000,-9999.000000
2011-06-19 00:00:00,    0.000000,-9999.000000,-9999.000000
2011-06-20 00:00:00,    0.000000,-9999.000000,-9999.000000
2011-06-21 00:00:00,    0.000000,-9999.000000,-9999.000000
2011-06-22 00:00:00,    0.000000,-9999.000000,-9999.000000
2011-06-23 00:00:00,    0.000000,-9999.000000,-9999.000000
2011-06-24 00:00:00,    0.000000,-9999.000000,-9999.000000
2011-06-25 00:00:00,    0.000000,-9999.000000,-9999.000000
2011-06-26 00:00:00,    0.000000,-9999.000000,-9999.000000
2011-06-27 00:00:00,    0.000000,-9999.000000,-9999.000000
2011-06-28 00:00:00,    0.000000,-9999.000000,-9999.000000
2011-06-29 00:00:00,    0.000000,-9999.000000,-9999.000000
2011-06-30 00:00:00,    0.000000,-9999.000000,-9999.000000
2011-07-01 00:00:00,    0.000000,-9999.000000,-9999.000000
2011-07-02 00:00:00,    0.000000,-9999.000000,-9999.000000
2011-07-03 00:00:00,    0.000000,-9999.000000,-9999.000000
2011-07-04 00:00:00,    0.000000,-9999.000000,-9999.000000
2011-07-05 00:00:00,    0.000000,-9999.000000,-9999.000000
2011-07-06 00:00:00,    0.000000,-9999.000000,-9999.000000
2011-07-07 00:00:00,    0.000000,-9999.000000,-9999.000000
2011-07-08 00:00:00,    0.000000,-9999.000000,-9999.000000
2011-07-09 00:00:00,    0.000000,-9999.000000,-9999.000000
2011-07-10 00:00:00,    0.000000,-9999.000000,-9999.000000
2011-07-11 00:00:00,    0.274307,   14.251326,    1.393329
2011-07-12 00:00:00,    0.549451,   14.168976,    1.392477
2011-07-13 00:00:00,    1.050894,   14.277940,    1.404797
2011-07-14 00:00:00,    1.527288,   14.273483,    1.404084
2011-07-15 00:00:00,   25.146037,   14.325833,    1.409879
2011-07-16 00:00:00,   26.365275,   14.246222,    1.400576
2011-07-17 00:00:00,   26.649149,   14.302042,    1.406764
2011-07-18 00:00:00,   27.032753,   14.298316,    1.406154
2011-07-19 00:00:00,   30.019877,   14.294733,    1.405564
2011-07-20 00:00:00,  151.696591,   14.291291,    1.404994
2011-07-21 00:00:00,  161.021407,   14.287967,    1.404446
2011-07-22 00:00:00,  261.584324,   14.344229,    1.410660
2011-07-23 00:00:00,  262.837098,   14.341135,    1.410145
2011-07-24 00:00:00,  266.041763,   14.338190,    1.409649
2011-07-25 00:00:00,  348.801290,   14.335433,    1.409174
2011-07-26 00:00:00,  355.696681,   14.332795,    1.408722
2011-07-27 00:00:00,  481.104185,   14.330381,    1.408293
2011-07-28 00:00:00,  579.087140,   14.328183,    1.407889
2011-07-29 00:00:00,  567.779679,   14.326706,    1.407587
2011-07-30 00:00:00,  614.909647,   14.325301,    1.407297
2011-07-31 00:00:00,  658.427795,   14.324017,    1.407025
2011-08-01 00:00:00,  696.319785,   14.324133,    1.406939
2011-08-02 00:00:00,  765.294956,   14.381011,    1.413203
2011-08-03 00:00:00,  749.659232,   14.380322,    1.413010
2011-08-04 00:00:00,  739.216384,   14.379755,    1.412828
2011-08-05 00:00:00,  724.461818,   14.379379,    1.412663
2011-08-06 00:00:00,  701.989297,   14.442128,    1.419556
2011-08-07 00:00:00,  716.220423,   14.442180,    1.419454
2011-08-08 00:00:00,  701.252154,   14.442376,    1.419370
2011-08-09 00:00:00,  689.982666,   14.442764,    1.419306
2011-08-10 00:00:00,  681.563263,   14.443935,    1.419355
2011-08-11 00:00:00,  671.782816,   14.445193,    1.419414
2011-08-12 00:00:00,  662.163984,   14.446607,    1.419488
2011-08-13 00:00:00,  934.762765,   14.448214,    1.419580
2011-08-14 00:00:00,  935.933234,   14.518851,    1.427361
2011-08-15 00:00:00,  975.991607,   14.521042,    1.427547
2011-08-16 00:00:00,  980.813002,   14.523374,    1.427750
2011-08-17 00:00:00,  966.793185,   14.525878,    1.427971
2011-08-18 00:00:00,  951.013077,   14.528580,    1.428215
2011-08-19 00:00:00,  936.669825,   14.531494,    1.428481
2011-08-20 00:00:00,  925.191623,   14.535447,    1.428900
2011-08-21 00:00:00, 1073.263662,   14.539426,    1.429322
2011-08-22 00:00:00, 1083.821301,   14.543505,    1.429756
2011-08-23 00:00:00, 1074.337115,   14.547740,    1.430207
2011-08-24 00:00:00, 1057.275935,   14.552146,    1.430679
2011-08-25 00:00:00, 1037.862660,   14.556743,    1.431173
2011-08-26 00:00:00, 1021.724438,   14.561545,    1.431690
2011-08-27 00:00:00, 1003.788024,   14.566560,    1.432233
2011-08-28 00:00:00,  986.983355,   14.571793,    1.432800
2011-08-29 00:00:00,  970.432709,   14.577246,    1.433394
2011-08-30 00:00:00,  954.154990,   14.231249,    1.394962
2011-08-31 00:00:00,  940.935098,   14.238677,    1.395807
2011-09-01 00:00:00,  950.144889,   14.245552,    1.396572
2011-09-02 00:00:00,  944.429611,   14.252388,    1.397329
2011-09-03 00:00:00,  923.906110,   14.259721,    1.398151
2011-09-04 00:00:00,  908.241168,   14.267128,    1.398978
2011-09-05 00:00:00,  884.083232,   14.274627,    1.399814
2011-09-06 00:00:00,  863.286453,   14.282234,    1.400661
2011-09-07 00:00:00,  840.090444,   14.289960,    1.401519
2011-09-08 00:00:00,  819.660994,   14.297806,    1.402390
2011-09-09 00:00:00,  800.503551,   14.305781,    1.403275
2011-09-10 00:00:00,  782.257411,   14.313901,    1.404175
2011-09-11 00:00:00,  765.923656,   14.322160,    1.405089
2011-09-12 00:00:00,  747.530593,   14.386738,    1.412432
2011-09-13 00:00:00,  732.166584,   14.396601,    1.413609
2011-09-14 00:00:00,  720.577064,   14.406372,    1.414769
2011-09-15 00:00:00,  707.188891,   14.416140,    1.415925
2011-09-16 00:00:00,  684.155576,   14.425938,    1.417083
2011-09-17 00:00:00,  715.592945,   14.435812,    1.418248
2011-09-18 00:00:00,  896.126998,   14.445775,    1.419421
2011-09-19 00:00:00,  869.689809,   14.455848,    1.420607
2011-09-20 00:00:00,  847.243342,   14.466032,    1.421806
2011-09-21 00:00:00,  914.825620,   14.476348,    1.423019
2011-09-22 00:00:00,  902.952095,   14.486784,    1.424248
2011-09-23 00:00:00,  886.578168,   14.497353,    1.425492
2011-09-24 00:00:00,  868.221582,   14.508078,    1.426754
2011-09-25 00:00:00,  850.002042,   14.518945,    1.428032
2011-09-26 00:00:00,  830.806532,   14.529954,    1.429329
2011-09-27 00:00:00,  940.010682,   14.541097,    1.430643
2011-09-28 00:00:00,  922.580568,   14.552393,    1.431976
2011-09-29 00:00:00,  899.609191,   14.563851,    1.433328
2011-09-30 00:00:00,  874.538516,   14.575460,    1.434699
2011-10-01 00:00:00,  858.845160,   14.590885,    1.436655
2011-10-02 00:00:00,  941.875856,   14.605998,    1.438563
2011-10-03 00:00:00,  911.982031,   14.619517,    1.440248
2011-10-04 00:00:00,  890.530968,   14.632983,    1.441920
2011-10-05 00:00:00,  875.134374,   14.646451,    1.443589
2011-10-06 00:00:00,  853.976572,   14.659953,    1.445260
2011-10-07 00:00:00,  836.172509,   14.673526,    1.446937
2011-10-08 00:00:00,  820.826811,   14.687177,    1.448623
2011-10-09 00:00:00,  794.015759,   14.700915,    1.450321
2011-10-10 00:00:00,  765.937888,   14.714748,    1.452030
2011-10-11 00:00:00,  742.641718,   14.792582,    1.461354
2011-10-12 00:00:00,  720.729698,   14.806905,    1.463134
2011-10-13 00:00:00,  684.447297,   14.821352,    1.464932
2011-10-14 00:00:00,  663.429374,   14.835932,    1.466747
2011-10-15 00:00:00,  646.525557,   14.850640,    1.468580
2011-10-16 00:00:00,  616.043825,   14.865486,    1.470431
2011-10-17 00:00:00,  597.686941,   14.880465,    1.472299
2011-10-18 00:00:00,  670.501259,   14.895569,    1.474185
2011-10-19 00:00:00,  640.697962,   14.910803,    1.476089
2011-10-20 00:00:00,  614.262460,   14.926182,    1.478011
2011-10-21 00:00:00,  591.179938,   14.941692,    1.479950
2011-10-22 00:00:00,  580.520252,   14.957332,    1.481907
2011-10-23 00:00:00,  560.968102,   14.973077,    1.483882
2011-10-24 00:00:00,  544.496827,   14.988959,    1.485875
2011-10-25 00:00:00,  610.160007,   15.004960,    1.487884
2011-10-26 00:00:00,  607.058826,   15.021079,    1.489911
2011-10-27 00:00:00,  589.538386,   15.037315,    1.491955
2011-10-28 00:00:00,  567.848011,   15.053692,    1.494016
2011-10-29 00:00:00,  540.024531,   15.070183,    1.496093
2011-10-30 00:00:00,  513.681827,   15.086801,    1.498186
2011-10-31 00:00:00,  486.992666,   15.103533,    1.500296
2011-11-01 00:00:00,  462.009567,   15.117370,    1.501996
2011-11-02 00:00:00,  474.715205,   15.131260,    1.503703
2011-11-03 00:00:00,  467.033871,   15.148202,    1.505843
2011-11-04 00:00:00,  446.143931,   15.165238,    1.507998
2011-11-05 00:00:00,  539.059197,   15.182392,    1.510169
2011-11-06 00:00:00,  625.420846,   15.199625,    1.512354
2011-11-07 00:00:00,  598.850799,   15.216982,    1.514553
2011-11-08 00:00:00,  624.535429,   15.234431,    1.516766
2011-11-09 00:00:00,  605.217659,   15.251971,    1.518993
2011-11-10 00:00:00,  590.508443,   15.269609,    1.521232
2011-11-11 00:00:00,  562.439042,   15.287339,    1.523484
2011-11-12 00:00:00,  539.249916,   15.305158,    1.525749
2011-11-13 00:00:00,  516.347599,   15.323060,    1.528025
2011-11-14 00:00:00,  494.244250,   15.341031,    1.530312
2011-11-15 00:00:00,  463.758076,   15.982974,    1.612206
2011-11-16 00:00:00,  445.498396,   16.004617,    1.615103
2011-11-17 00:00:00,  441.410299,   16.026316,    1.618010
2011-11-18 00:00:00,  416.418569,   16.048061,    1.620926
2011-11-19 00:00:00,  387.912645,   16.069870,    1.623848
2011-11-20 00:00:00,  361.761865,   16.091730,    1.626778
2011-11-21 00:00:00,  339.827488,   16.113629,    1.629714
2011-11-22 00:00:00,  318.967260,   15.576907,    1.560692
2011-11-23 00:00:00,  292.505665,   15.598641,    1.563629
2011-11-24 00:00:00,  267.002911,   15.620200,    1.566539
2011-11-25 00:00:00,  252.806578,   15.641495,    1.569408
2011-11-26 00:00:00,  221.315291,   15.662593,    1.572246
2011-11-27 00:00:00,  197.687288,   15.683515,    1.575053
2011-11-28 00:00:00,  181.488742,   15.704296,    1.577837
2011-11-29 00:00:00,  160.707308,   15.724966,    1.580601
2011-11-30 00:00:00,  142.269299,   15.745548,    1.583349
2011-12-01 00:00:00,  121.799194,   15.768754,    1.586471
2011-12-02 00:00:00,  104.669577,   15.791911,    1.589584
2011-12-03 00:00:00,   88.187633,   15.812309,    1.592300
2011-12-04 00:00:00,   75.719380,   15.832575,    1.594993
2011-12-05 00:00:00,   67.933029,   15.852717,    1.597665
2011-12-06 00:00:00,  185.012488,   15.872025,    1.600189
2011-12-07 00:00:00,  199.251779,   15.891386,    1.602726
2011-12-08 00:00:00,  189.756350,   15.910781,    1.605267
2011-12-09 00:00:00,  179.180125,   15.930164,    1.607809
2011-12-10 00:00:00,  165.884772,   15.949544,    1.610347
2011-12-11 00:00:00,  152.088359,   15.968899,    1.612881
2011-12-12 00:00:00,  636.762264,   16.722205,    1.712653
2011-12-13 00:00:00,  615.866691,   16.743983,    1.715629
2011-12-14 00:00:00,  599.583614,   16.765654,    1.718587
2011-12-15 00:00:00,  582.206275,   16.787229,    1.721529
2011-12-16 00:00:00,  560.167915,   16.808664,    1.724452
2011-12-17 00:00:00,  542.201700,   16.829995,    1.727356
2011-12-18 00:00:00,  515.559133,   16.851190,    1.730239
2011-12-19 00:00:00,  486.500972,   16.872246,    1.733102
2011-12-20 00:00:00,  460.352899,   16.893158,    1.735942
2011-12-21 00:00:00,  433.804506,   16.913921,    1.738761
2011-12-22 00:00:00,  403.980289,   16.934529,    1.741555
2011-12-23 00:00:00,  371.062317,   16.954976,    1.744326
2011-12-24 00:00:00,  343.739705,   16.975257,    1.747071
2011-12-25 00:00:00,  314.542815,   16.995369,    1.749791
2011-12-26 00:00:00,  289.365117,   17.015305,    1.752484
2011-12-27 00:00:00,  262.308830,   17.035061,    1.755150
2011-12-28 00:00:00,  240.156308,   16.286591,    1.654235
2011-12-29 00:00:00,  221.559241,   16.304383,    1.656527
2011-12-30 00:00:00,  203.498373,   16.322058,    1.658800
2011-12-31 00:00:00,  183.614652,   16.339604,    1.661052
2012-01-01 00:00:00,  160.875173,   16.354238,    1.662882
2012-01-02 00:00:00,  139.462387,   16.368758,    1.664691
2012-01-03 00:00:00,  113.035230,   16.479832,    1.679614
2012-01-04 00:00:00,   93.873312,   16.496872,    1.681789
2012-01-05 00:00:00,   86.970909,   16.513764,    1.683942
2012-01-06 00:00:00,   69.856991,   16.530512,    1.686074
2012-01-07 00:00:00,   52.684054,   16.547116,    1.688183
2012-01-08 00:00:00,   40.506919,   16.563576,    1.690269
2012-01-09 00:00:00,   30.435066,   16.579885,    1.692329
2012-01-10 00:00:00,   22.049563,   16.596034,    1.694365
2012-01-11 00:00:00,   13.604164,   16.612019,    1.696374
2012-01-12 00:00:00,    8.310408,   16.627839,    1.698357
2012-01-13 00:00:00,    3.689398,   16.643490,    1.700314
2012-01-14 00:00:00,    2.960195,   16.658958,    1.702243
2012-01-15 00:00:00,    0.392636,   16.674247,    1.704144
2012-01-16 00:00:00,    0.000000,-9999.000000,-9999.000000
2012-01-17 00:00:00,    0.000000,-9999.000000,-9999.000000
2012-01-18 00:00:00,    0.000000,-9999.000000,-9999.000000
2012-01-19 00:00:00,    0.000000,-9999.000000,-9999.000000
2012-01-20 00:00:00,    0.000000,-9999.000000,-9999.000000
2012-01-21 00:00:00,    0.000000,-9999.000000,-9999.000000
2012-01-22 00:00:00,    0.000000,-9999.000000,-9999.000000
2012-01-23 00:00:00,    0.000000,-9999.000000,-9999.000000
2012-01-24 00:00:00,    0.000000,-9999.000000,-9999.000000
2012-01-25 00:00:00,    0.000000,-9999.000000,-9999.000000
2012-01-26 00:00:00,    0.000000,-9999.000000,-9999.000000
2012-01-27 00:00:00,    0.000000,-9999.000000,-9999.000000
2012-01-28 00:00:00,    0.000000,-9999.000000,-9999.000000
2012-01-29 00:00:00,    0.000000,-9999.000000,-9999.000000
2012-01-30 00:00:00,    0.000000,-9999.000000,-9999.000000
2012-01-31 00:00:00,    0.000000,-9999.000000,-9999.000000
2012-02-01 00:00:00,    0.000000,-9999.000000,-9999.000000
2012-02-02 00:00:00,    0.000000,-9999.000000,-9999.000000
2012-02-03 00:00:00,    0.000000,-9999.000000,-9999.000000
2012-02-04 00:00:00,    0.000000,-9999.000000,-9999.000000
2012-02-05 00:00:00,    0.000000,-9999.000000,-9999.000000
2012-02-06 00:00:00,    0.000000,-9999.000000,-9999.000000
2012-02-07 00:00:00,    0.000000,-9999.000000,-9999.000000
2012-02-08 00:00:00,    0.000000,-9999.000000,-9999.000000
2012-02-09 00:00:00,    0.000000,-9999.000000,-9999.000000
2012-02-10 00:00:00,    0.000000,-9999.000000,-9999.000000
2012-02-11 00:00:00,    0.000000,-9999.000000,-9999.000000
2012-02-12 00:00:00,    0.000000,-9999.000000,-9999.000000
2012-02-13 00:00:00,    0.000000,-9999.000000,-9999.000000
2012-02-14 00:00:00,    0.000000,-9999.000000,-9999.000000
2012-02-15 00:00:00,    0.000000,-9999.000000,-9999.000000
2012-02-16 00:00:00,    0.000000,-9999.000000,-9999.000000
2012-02-17 00:00:00,    0.000000,-9999.000000,-9999.000000
2012-02-18 00:00:00,    0.000000,-9999.000000,-9999.000000
2012-02-19 00:00:00,    0.000000,-9999.000000,-9999.000000
2012-02-20 00:00:00,    0.000000,-9999.000000,-9999.000000
2012-02-21 00:00:00,    0.000000,-9999.000000,-9999.000000
2012-02-22 00:00:00,    0.000000,-9999.000000,-9999.000000
2012-02-23 00:00:00,    0.000000,-9999.000000,-9999.000000
2012-02-24 00:00:00,    0.000000,-9999.000000,-9999.000000
2012-02-25 00:00:00,    0.000000,-9999.000000,-9999.000000
2012-02-26 00:00:00,    0.000000,-9999.000000,-9999.000000
2012-02-27 00:00:00,    0.000000,-9999.000000,-9999.000000
2012-02-28 00:00:00,    0.000000,-9999.000000,-9999.000000
2012-02-29 00:00:00,    0.000000,-9999.000000,-9999.000000
2012-03-01 00:00:00,    0.000000,-9999.000000,-9999.000000
2012-03-02 00:00:00,    0.000000,-9999.000000,-9999.000000
2012-03-03 00:00:00,    0.000000,-9999.000000,-9999.000000
2012-03-04 00:00:00,    0.000000,-9999.000000,-9999.000000
2012-03-05 00:00:00,    0.000000,-9999.000000,-9999.000000
2012-03-06 00:00:00,    0.000000,-9999.000000,-9999.000000
2012-03-07 00:00:00,    0.000000,-9999.000000,-9999.000000
2012-03-08 00:00:00,    0.000000,-9999.000000,-9999.000000
2012-03-09 00:00:00,    0.000000,-9999.000000,-9999.000000
2012-03-10 00:00:00,    0.000000,-9999.000000,-9999.000000
2012-03-11 00:00:00,    0.000000,-9999.000000,-9999.000000
2012-03-12 00:00:00,    0.000000,-9999.000000,-9999.000000
2012-03-13 00:00:00,    0.000000,-9999.000000,-9999.000000
2012-03-14 00:00:00,    0.000000,-9999.000000,-9999.000000
2012-03-15 00:00:00,    0.000000,-9999.000000,-9999.000000
2012-03-16 00:00:00,    0.000000,-9999.000000,-9999.000000
2012-03-17 00:00:00,    0.000000,-9999.000000,-9999.000000
2012-03-18 00:00:00,    0.000000,-9999.000000,-9999.000000
2012-03-19 00:00:00,    0.000000,-9999.000000,-9999.000000
2012-03-20 00:00:00,    0.000000,-9999.000000,-9999.000000
2012-03-21 00:00:00,    0.000000,-9999.000000,-9999.000000
2012-03-22 00:00:00,    0.000000,-9999.000000,-9999.000000
2012-03-23 00:00:00,    0.000000,-9999.000000,-9999.000000
2012-03-24 00:00:00,    0.000000,-9999.000000,-9999.000000
2012-03-25 00:00:00,    0.000000,-9999.000000,-9999.000000
2012-03-26 00:00:00,    0.000000,-9999.000000,-9999.000000
2012-03-27 00:00:00,    0.000000,-9999.000000,-9999.000000
2012-03-28 00:00:00,    0.000000,-9999.000000,-9999.000000
2012-03-29 00:00:00,    0.000000,-9999.000000,-9999.000000
2012-03-30 00:00:00,    0.000000,-9999.000000,-9999.000000
2012-03-31 00:00:00,    0.000000,-9999.000000,-9999.000000
2012-04-01 00:00:00,    0.000000,-9999.000000,-9999.000000
2012-04-02 00:00:00,    0.000000,-9999.000000,-9999.000000
2012-04-03 00:00:00,    0.000000,-9999.000000,-9999.000000
2012-04-04 00:00:00,    0.000000,-9999.000000,-9999.000000
2012-04-05 00:00:00,    0.000000,-9999.000000,-9999.000000
2012-04-06 00:00:00,    0.000000,-9999.000000,-9999.000000
2012-04-07 00:00:00,    0.000000,-9999.000000,-9999.000000
2012-04-08 00:00:00,    0.000000,-9999.000000,-9999.000000
2012-04-09 00:00:00,    0.000000,-9999.000000,-9999.000000
2012-04-10 00:00:00,    0.000000,-9999.000000,-9999.000000
2012-04-11 00:00:00,    0.000000,-9999.000000,-9999.000000
2012-04-12 00:00:00,    0.000000,-9999.000000,-9999.000000
2012-04-13 00:00:00,    0.000000,-9999.000000,-9999.000000
2012-04-14 00:00:00,    0.000000,-9999.000000,-9999.000000
2012-04-15 00:00:00,    0.000000,-9999.000000,-9999.000000
2012-04-16 00:00:00,    0.000000,-9999.000000,-9999.000000
2012-04-17 00:00:00,    0.000000,-9999.000000,-9999.000000
2012-04-18 00:00:00,    0.000000,-9999.000000,-9999.000000
2012-04-19 00:00:00,    0.000000,-9999.000000,-9999.000000
2012-04-20 00:00:00,    0.000000,-9999.000000,-9999.000000
2012-04-21 00:00:00,    0.000000,-9999.000000,-9999.000000
2012-04-22 00:00:00,    0.000000,-9999.000000,-9999.000000
2012-04-23 00:00:00,    0.000000,-9999.000000,-9999.000000
2012-04-24 00:00:00,    0.000000,-9999.000000,-9999.000000
2012-04-25 00:00:00,    0.000000,-9999.000000,-9999.000000
2012-04-26 00:00:00,    0.000000,-9999.000000,-9999.000000
2012-04-27 00:00:00,    0.000000,-9999.000000,-9999.000000
2012-04-28 00:00:00,    0.000000,-9999.000000,-9999.000000
2012-04-29 00:00:00,    0.000000,-9999.000000,-9999.000000
2012-04-30 00:00:00,    0.000000,-9999.000000,-9999.000000
2012-05-01 00:00:00,    0.000000,-9999.000000,-9999.000000
2012-05-02 00:00:00,    0.000000,-9999.000000,-9999.000000
2012-05-03 00:00:00,    0.000000,-9999.000000,-9999.000000
2012-05-04 00:00:00,    0.000000,-9999.000000,-9999.000000
2012-05-05 00:00:00,    0.000000,-9999.000000,-9999.000000
2012-05-06 00:00:00,    0.000000,-9999.000000,-9999.000000
2012-05-07 00:00:00,    0.000000,-9999.000000,-9999.000000
2012-05-08 00:00:00,    0.000000,-9999.000000,-9999.000000
2012-05-09 00:00:00,    0.000000,-9999.000000,-9999.000000
2012-05-10 00:00:00,    0.000000,-9999.000000,-9999.000000
2012-05-11 00:00:00,    0.000000,-9999.000000,-9999.000000
2012-05-12 00:00:00,    0.000000,-9999.000000,-9999.000000
2012-05-13 00:00:00,    0.000000,-9999.000000,-9999.000000
2012-05-14 00:00:00,    0.000000,-9999.000000,-9999.000000
2012-05-15 00:00:00,    0.000000,-9999.000000,-9999.000000
2012-05-16 00:00:00,    0.000000,-9999.000000,-9999.000000
2012-05-17 00:00:00,    0.000000,-9999.000000,-9999.000000
2012-05-18 00:00:00,    0.000000,-9999.000000,-9999.000000
2012-05-19 00:00:00,    0.000000,-9999.000000,-9999.000000
2012-05-20 00:00:00,    0.000000,-9999.000000,-9999.000000
2012-05-21 00:00:00,    0.000000,-9999.000000,-9999.000000
2012-05-22 00:00:00,    0.000000,-9999.000000,-9999.000000
2012-05-23 00:00:00,    0.000000,-9999.000000,-9999.000000
2012-05-24 00:00:00,    0.000000,-9999.000000,-9999.000000
2012-05-25 00:00:00,    0.000000,-9999.000000,-9999.000000
2012-05-26 00:00:00,    0.000000,-9999.000000,-9999.000000
2012-05-27 00:00:00,    0.000000,-9999.000000,-9999.000000
2012-05-28 00:00:00,    0.000000,-9999.000000,-9999.000000
2012-05-29 00:00:00,    0.000000,-9999.000000,-9999.000000
2012-05-30 00:00:00,    0.000000,-9999.000000,-9999.000000
2012-05-31 00:00:00,    9.121615,   17.645093,    1.810346
2012-06-01 00:00:00,   10.298494,   17.638137,    1.809248
2012-06-02 00:00:00,   11.865377,   17.630925,    1.808094
2012-06-03 00:00:00,    9.333172,   17.619951,    1.806366
2012-06-04 00:00:00,    7.026347,   17.608907,    1.804617
2012-06-05 00:00:00,    4.918669,   17.597840,    1.802853
2012-06-06 00:00:00,   15.566042,   17.586777,    1.801079
2012-06-07 00:00:00,  198.140130,   17.575716,    1.799298
2012-06-08 00:00:00,  201.020896,   17.507639,    1.785786
2012-06-09 00:00:00,  201.953908,   17.462121,    1.776708
2012-06-10 00:00:00,  240.756047,   16.721604,    1.549691
2012-06-11 00:00:00,  256.133301,   16.517669,    1.546539
2012-06-12 00:00:00,  345.140051,   16.367369,    1.538922
2012-06-13 00:00:00,  365.834288,   16.134244,    1.535542
2012-06-14 00:00:00,  460.650094,   15.958836,    1.528236
2012-06-15 00:00:00,  460.437752,   15.860480,    1.526420
2012-06-16 00:00:00,  460.579723,   15.767011,    1.512224
2012-06-17 00:00:00,  458.762076,   15.668653,    1.497269
2012-06-18 00:00:00,  455.510017,   15.770675,    1.512788
2012-06-19 00:00:00,  495.630829,   15.761666,    1.511425
2012-06-20 00:00:00,  548.660347,   15.755953,    1.510063
2012-06-21 00:00:00,  543.878793,   15.818459,    1.510931
2012-06-22 00:00:00,  540.591077,   15.755907,    1.509379
2012-06-23 00:00:00,  535.559927,   15.685357,    1.507862
2012-06-24 00:00:00,  527.228987,   15.557744,    1.506409
2012-06-25 00:00:00,  531.679656,   15.367717,    1.504500
2012-06-26 00:00:00,  625.657801,   15.217714,    1.497895
2012-06-27 00:00:00,  656.466172,   15.246353,    1.494578
2012-06-28 00:00:00,  661.689376,   15.174659,    1.492989
2012-06-29 00:00:00,  657.906112,   15.134678,    1.491027
2012-06-30 00:00:00,  651.414896,   14.940439,    1.466745
2012-07-01 00:00:00,  645.842079,   14.931750,    1.465441
2012-07-02 00:00:00,  640.319584,   14.923259,    1.464162
2012-07-03 00:00:00,  629.185550,   15.083569,    1.485119
2012-07-04 00:00:00,  619.742196,   14.994112,    1.484068
2012-07-05 00:00:00,  607.355993,   14.902280,    1.483021
2012-07-06 00:00:00,  644.975312,   14.847301,    1.482011
2012-07-07 00:00:00,  641.063757,   14.666447,    1.461360
2012-07-08 00:00:00,  629.051311,   14.674098,    1.461971
2012-07-09 00:00:00,  619.572720,   14.817340,    1.476608
2012-07-10 00:00:00,  883.661896,   14.710797,    1.462882
2012-07-11 00:00:00,  870.235611,   14.582781,    1.461939
2012-07-12 00:00:00,  859.905744,   14.417408,    1.460846
2012-07-13 00:00:00,  851.489926,   14.386242,    1.459857
2012-07-14 00:00:00,  842.348368,   14.345713,    1.458887
2012-07-15 00:00:00,  830.053400,   14.274518,    1.451509
2012-07-16 00:00:00,  930.671083,   14.151164,    1.439019
2012-07-17 00:00:00,  916.318330,   14.204666,    1.444054
2012-07-18 00:00:00,  903.827046,   14.200966,    1.443433
2012-07-19 00:00:00,  892.500750,   14.197427,    1.442830
2012-07-20 00:00:00,  881.210878,   14.194060,    1.442242
2012-07-21 00:00:00,  869.610432,   14.253260,    1.447791
2012-07-22 00:00:00,  856.996986,   14.249947,    1.447215
2012-07-23 00:00:00,  865.243843,   14.246743,    1.446651
2012-07-24 00:00:00,  848.661966,   14.205593,    1.434737
2012-07-25 00:00:00,  840.686808,   14.377431,    1.445132
2012-07-26 00:00:00,  830.920672,   14.295007,    1.444492
2012-07-27 00:00:00,  820.140763,   14.104534,    1.425472
2012-07-28 00:00:00,  807.320888,   14.102812,    1.425116
2012-07-29 00:00:00,  791.354385,   14.149633,    1.429540
2012-07-30 00:00:00,  771.875823,   14.299376,    1.444077
2012-07-31 00:00:00,  909.915246,   14.207094,    1.433534
2012-08-01 00:00:00,  956.180579,   14.250275,    1.436575
2012-08-02 00:00:00,  984.065181,   14.287077,    1.439868
2012-08-03 00:00:00,  996.408962,   14.306074,    1.440553
2012-08-04 00:00:00, 1062.898610,   14.391509,    1.447298
2012-08-05 00:00:00, 1044.656961,   14.407588,    1.448594
2012-08-06 00:00:00, 1062.150777,   14.261519,    1.431538
2012-08-07 00:00:00, 1104.545028,   14.272933,    1.432372
2012-08-08 00:00:00, 1101.179385,   14.284105,    1.433196
2012-08-09 00:00:00, 1081.623166,   14.386293,    1.443122
2012-08-10 00:00:00, 1062.571661,   14.395882,    1.443802
2012-08-11 00:00:00, 1047.153185,   14.405353,    1.444477
2012-08-12 00:00:00, 1365.656437,   14.414724,    1.445150
2012-08-13 00:00:00, 1336.596253,   14.424004,    1.445821
2012-08-14 00:00:00, 1341.047137,   14.433214,    1.446491
2012-08-15 00:00:00, 1317.906655,   14.442364,    1.447163
2012-08-16 00:00:00, 1293.484811,   14.451467,    1.447836
2012-08-17 00:00:00, 1271.848544,   14.460531,    1.448513
2012-08-18 00:00:00, 1249.760568,   14.469565,    1.449194
2012-08-19 00:00:00, 1230.583391,   14.478577,    1.449879
2012-08-20 00:00:00, 1252.898437,   14.488001,    1.450640
2012-08-21 00:00:00, 1234.310991,   14.497311,    1.451391
2012-08-22 00:00:00, 1203.275491,   14.506514,    1.452133
2012-08-23 00:00:00, 1183.610572,   14.515708,    1.452880
2012-08-24 00:00:00, 1165.224517,   14.524854,    1.453628
2012-08-25 00:00:00, 1145.830260,   14.534013,    1.454384
2012-08-26 00:00:00, 1125.996175,   14.455045,    1.444278
2012-08-27 00:00:00, 1109.720507,   14.461721,    1.444626
2012-08-28 00:00:00, 1086.248874,   14.468830,    1.445044
2012-08-29 00:00:00, 1066.689400,   14.476282,    1.445521
2012-08-30 00:00:00, 1049.417154,   14.484011,    1.446048
2012-08-31 00:00:00, 1075.464884,   14.491974,    1.446618
2012-09-01 00:00:00, 1052.430418,   14.499620,    1.447158
2012-09-02 00:00:00, 1032.820140,   14.507390,    1.447724
2012-09-03 00:00:00, 1103.602015,   14.515767,    1.448383
2012-09-04 00:00:00, 1170.663882,   14.524284,    1.449070
2012-09-05 00:00:00, 1164.070210,   14.532936,    1.449785
2012-09-06 00:00:00, 1138.672151,   14.541713,    1.450526
2012-09-07 00:00:00, 1112.175715,   14.550618,    1.451292
2012-09-08 00:00:00, 1085.042766,   14.559648,    1.452082
2012-09-09 00:00:00, 1062.438280,   14.568800,    1.452897
2012-09-10 00:00:00, 1048.475349,   14.578070,    1.453736
2012-09-11 00:00:00, 1029.248341,   14.587453,    1.454599
2012-09-12 00:00:00,  999.531636,   14.596953,    1.455484
2012-09-13 00:00:00,  973.239008,   14.606571,    1.456392
2012-09-14 00:00:00,  949.666066,   14.616304,    1.457322
2012-09-15 00:00:00,  925.002181,   14.626150,    1.458274
2012-09-16 00:00:00,  897.776357,   14.636112,    1.459248
2012-09-17 00:00:00,  879.418490,   14.646639,    1.460319
2012-09-18 00:00:00, 1040.675611,   14.657355,    1.461424
2012-09-19 00:00:00, 1017.928697,   14.668102,    1.462538
2012-09-20 00:00:00,  979.025311,   14.678816,    1.463650
2012-09-21 00:00:00,  972.400195,   15.085777,    1.507365
2012-09-22 00:00:00,  955.046700,   15.097260,    1.508691
2012-09-23 00:00:00,  932.652495,   15.108973,    1.510052
2012-09-24 00:00:00,  913.525332,   15.120847,    1.511439
2012-09-25 00:00:00,  977.500917,   15.132870,    1.512850
2012-09-26 00:00:00,  994.994844,   15.145052,    1.514287
2012-09-27 00:00:00, 1019.650732,   15.102101,    1.508563
2012-09-28 00:00:00,  999.567427,   15.112371,    1.509693
2012-09-29 00:00:00,  978.998674,   15.123244,    1.510912
2012-09-30 00:00:00,  958.248228,   15.134600,    1.512205
2012-10-01 00:00:00,  923.416451,   15.148421,    1.513846
2012-10-02 00:00:00,  906.692164,   15.162662,    1.515553
2012-10-03 00:00:00,  873.463644,   15.175217,    1.517034
2012-10-04 00:00:00,  856.844239,   15.188072,    1.518562
2012-10-05 00:00:00,  828.784193,   15.201198,    1.520135
2012-10-06 00:00:00,  801.403544,   15.214587,    1.521748
2012-10-07 00:00:00,  777.830629,   15.228686,    1.523480
2012-10-08 00:00:00,  752.676414,   15.243069,    1.525258
2012-10-09 00:00:00,  727.803912,   15.257631,    1.527065
2012-10-10 00:00:00,  693.327711,   15.272230,    1.528878
2012-10-11 00:00:00,  652.393851,   15.287017,    1.530720
2012-10-12 00:00:00,  633.203513,   15.301969,    1.532589
2012-10-13 00:00:00,  622.467009,   15.317060,    1.534481
2012-10-14 00:00:00,  595.490785,   15.332373,    1.536408
2012-10-15 00:00:00,  581.849100,   15.347820,    1.538357
2012-10-16 00:00:00,  567.430735,   15.090086,    1.508562
2012-10-17 00:00:00,  549.409198,   15.104300,    1.510295
2012-10-18 00:00:00,  537.849670,   15.118645,    1.512048
2012-10-19 00:00:00,  521.920097,   15.133152,    1.513828
2012-10-20 00:00:00,  504.293705,   15.147798,    1.515631
2012-10-21 00:00:00,  487.958143,   15.162565,    1.517453
2012-10-22 00:00:00,  472.500320,   15.177579,    1.519315
2012-10-23 00:00:00,  441.910647,   15.192667,    1.521192
2012-10-24 00:00:00,  419.374413,   15.172127,    1.517870
2012-10-25 00:00:00,  394.236922,   15.185654,    1.519508
2012-10-26 00:00:00,  371.694174,   15.199617,    1.521209
2012-10-27 00:00:00,  350.183514,   15.214093,    1.522989
2012-10-28 00:00:00,  337.181606,   15.228895,    1.524820
2012-10-29 00:00:00,  325.607220,   15.243841,    1.526674
2012-10-30 00:00:00,  305.003732,   15.258978,    1.528559
2012-10-31 00:00:00,  282.413684,   15.274303,    1.530474
2012-11-01 00:00:00,  268.059665,   15.286780,    1.531990
2012-11-02 00:00:00,  259.732601,   15.299433,    1.533536
2012-11-03 00:00:00,  246.064640,   15.315109,    1.535507
2012-11-04 00:00:00,  285.314731,   15.330895,    1.537498
2012-11-05 00:00:00,  292.205053,   15.346765,    1.539502
2012-11-06 00:00:00,  282.603341,   15.362791,    1.541530
2012-11-07 00:00:00,  270.394247,   15.378969,    1.543582
2012-11-08 00:00:00,  255.931633,   15.395291,    1.545655
2012-11-09 00:00:00,  247.323006,   15.411744,    1.547748
2012-11-10 00:00:00,  231.879752,   15.428283,    1.549856
2012-11-11 00:00:00,  214.207327,   15.444940,    1.551982
2012-11-12 00:00:00,  199.418578,   15.461684,    1.554122
2012-11-13 00:00:00,  185.209345,   15.478536,    1.556279
2012-11-14 00:00:00,  170.441299,   16.087068,    1.632251
2012-11-15 00:00:00,  157.081523,   16.107774,    1.635041
2012-11-16 00:00:00,  143.590232,   16.128572,    1.637845
2012-11-17 00:00:00,  131.984926,   16.149450,    1.640663
2012-11-18 00:00:00,  114.619465,   16.170480,    1.643506
2012-11-19 00:00:00,  105.906110,   16.191538,    1.646354
2012-11-20 00:00:00,   92.562941,   16.212651,    1.649212
2012-11-21 00:00:00,   81.333410,   16.233821,    1.652079
2012-11-22 00:00:00,   73.486049,   16.254620,    1.654885
2012-11-23 00:00:00,   64.225891,   16.275530,    1.657708
2012-11-24 00:00:00,   53.251379,   16.296500,    1.660544
2012-11-25 00:00:00,   43.931553,   16.317508,    1.663386
2012-11-26 00:00:00,   38.195598,   16.338583,    1.666237
2012-11-27 00:00:00,   29.903063,   16.359700,    1.669096
2012-11-28 00:00:00,   44.828077,   16.380827,    1.671960
2012-11-29 00:00:00,   48.859370,   16.401966,    1.674828
2012-11-30 00:00:00,   40.471298,   16.423123,    1.677699
2012-12-01 00:00:00,   34.921324,   16.448118,    1.681122
2012-12-02 00:00:00,   29.175206,   16.473137,    1.684549
2012-12-03 00:00:00,   22.373615,   16.494320,    1.687424
2012-12-04 00:00:00,   17.211582,   16.515484,    1.690297
2012-12-05 00:00:00,   13.900766,   16.536343,    1.693119
2012-12-06 00:00:00,    9.897288,   16.557420,    1.695981
2012-12-07 00:00:00,    4.395905,   16.578193,    1.698793
2012-12-08 00:00:00,    1.106258,   16.599193,    1.701645
2012-12-09 00:00:00,    0.000000,-9999.000000,-9999.000000
2012-12-10 00:00:00,    0.000000,-9999.000000,-9999.000000
2012-12-11 00:00:00,    0.000000,-9999.000000,-9999.000000
2012-12-12 00:00:00,    0.819322,   16.791616,    1.727236
2012-12-13 00:00:00,   15.251149,   16.813103,    1.730186
2012-12-14 00:00:00,    8.086416,   16.834448,    1.733116
2012-12-15 00:00:00,    3.440383,   16.855685,    1.736026
2012-12-16 00:00:00,    0.755440,   16.876796,    1.738916
2012-12-17 00:00:00,    0.000000,-9999.000000,-9999.000000
2012-12-18 00:00:00,    0.000000,-9999.000000,-9999.000000
2012-12-19 00:00:00,    0.000000,-9999.000000,-9999.000000
2012-12-20 00:00:00,    0.000000,-9999.000000,-9999.000000
2012-12-21 00:00:00,    0.000000,-9999.000000,-9999.000000
2012-12-22 00:00:00,    0.000000,-9999.000000,-9999.000000
2012-12-23 00:00:00,    0.000000,-9999.000000,-9999.000000
2012-12-24 00:00:00,    0.000000,-9999.000000,-9999.000000
2012-12-25 00:00:00,    0.000000,-9999.000000,-9999.000000
2012-12-26 00:00:00,    0.000000,-9999.000000,-9999.000000
2012-12-27 00:00:00,    0.000000,-9999.000000,-9999.000000
2012-12-28 00:00:00,    0.000000,-9999.000000,-9999.000000
2012-12-29 00:00:00,    0.000000,-9999.000000,-9999.000000
2012-12-30 00:00:00,    0.000000,-9999.000000,-9999.000000
2012-12-31 00:00:00,    0.000000,-9999.000000,-9999.000000
2013-01-01 00:00:00,    0.000000,-9999.000000,-9999.000000
2013-01-02 00:00:00,    0.000000,-9999.000000,-9999.000000
2013-01-03 00:00:00,    0.000000,-9999.000000,-9999.000000
2013-01-04 00:00:00,    0.000000,-9999.000000,-9999.000000
2013-01-05 00:00:00,    0.000000,-9999.000000,-9999.000000
2013-01-06 00:00:00,    0.000000,-9999.000000,-9999.000000
2013-01-07 00:00:00,    0.000000,-9999.000000,-9999.000000
2013-01-08 00:00:00,    0.000000,-9999.000000,-9999.000000
2013-01-09 00:00:00,    0.000000,-9999.000000,-9999.000000
2013-01-10 00:00:00,    0.000000,-9999.000000,-9999.000000
2013-01-11 00:00:00,    0.000000,-9999.000000,-9999.000000
2013-01-12 00:00:00,    0.000000,-9999.000000,-9999.000000
2013-01-13 00:00:00,    0.000000,-9999.000000,-9999.000000
2013-01-14 00:00:00,    0.000000,-9999.000000,-9999.000000
2013-01-15 00:00:00,    0.000000,-9999.000000,-9999.000000
2013-01-16 00:00:00,    0.000000,-9999.000000,-9999.000000
2013-01-17 00:00:00,    0.000000,-9999.000000,-9999.000000
2013-01-18 00:00:00,    0.000000,-9999.000000,-9999.000000
2013-01-19 00:00:00,    0.000000,-9999.000000,-9999.000000
2013-01-20 00:00:00,    0.000000,-9999.000000,-9999.000000
2013-01-21 00:00:00,    0.000000,-9999.000000,-9999.000000
2013-01-22 00:00:00,    0.000000,-9999.000000,-9999.000000
2013-01-23 00:00:00,    0.000000,-9999.000000,-9999.000000
2013-01-24 00:00:00,    0.000000,-9999.000000,-9999.000000
2013-01-25 00:00:00,    0.000000,-9999.000000,-9999.000000
2013-01-26 00:00:00,    0.000000,-9999.000000,-9999.000000
2013-01-27 00:00:00,    0.000000,-9999.000000,-9999.000000
2013-01-28 00:00:00,    0.000000,-9999.000000,-9999.000000
2013-01-29 00:00:00,    0.000000,-9999.000000,-9999.000000
2013-01-30 00:00:00,    0.000000,-9999.000000,-9999.000000
2013-01-31 00:00:00,    0.000000,-9999.000000,-9999.000000
2013-02-01 00:00:00,    0.000000,-9999.000000,-9999.000000
2013-02-02 00:00:00,    0.000000,-9999.000000,-9999.000000
2013-02-03 00:00:00,    0.000000,-9999.000000,-9999.000000
2013-02-04 00:00:00,    0.000000,-9999.000000,-9999.000000
2013-02-05 00:00:00,    0.000000,-9999.000000,-9999.000000
2013-02-06 00:00:00,    0.000000,-9999.000000,-9999.000000
2013-02-07 00:00:00,    0.000000,-9999.000000,-9999.000000
2013-02-08 00:00:00,    0.000000,-9999.000000,-9999.000000
2013-02-09 00:00:00,    0.000000,-9999.000000,-9999.000000
2013-02-10 00:00:00,    0.000000,-9999.000000,-9999.000000
2013-02-11 00:00:00,    0.000000,-9999.000000,-9999.000000
2013-02-12 00:00:00,    0.000000,-9999.000000,-9999.000000
2013-02-13 00:00:00,    0.000000,-9999.000000,-9999.000000
2013-02-14 00:00:00,    0.000000,-9999.000000,-9999.000000
2013-02-15 00:00:00,    0.000000,-9999.000000,-9999.000000
2013-02-16 00:00:00,    0.000000,-9999.000000,-9999.000000
2013-02-17 00:00:00,    0.000000,-9999.000000,-9999.000000
2013-02-18 00:00:00,    0.000000,-9999.000000,-9999.000000
2013-02-19 00:00:00,    0.000000,-9999.000000,-9999.000000
2013-02-20 00:00:00,    0.000000,-9999.000000,-9999.000000
2013-02-21 00:00:00,    0.000000,-9999.000000,-9999.000000
2013-02-22 00:00:00,    0.000000,-9999.000000,-9999.000000
2013-02-23 00:00:00,    0.000000,-9999.000000,-9999.000000
2013-02-24 00:00:00,    0.000000,-9999.000000,-9999.000000
2013-02-25 00:00:00,    0.000000,-9999.000000,-9999.000000
2013-02-26 00:00:00,    0.000000,-9999.000000,-9999.000000
2013-02-27 00:00:00,    0.000000,-9999.000000,-9999.000000
2013-02-28 00:00:00,    0.000000,-9999.000000,-9999.000000
2013-03-01 00:00:00,    0.000000,-9999.000000,-9999.000000
2013-03-02 00:00:00,    0.000000,-9999.000000,-9999.000000
2013-03-03 00:00:00,    0.000000,-9999.000000,-9999.000000
2013-03-04 00:00:00,    0.000000,-9999.000000,-9999.000000
2013-03-05 00:00:00,    0.000000,-9999.000000,-9999.000000
2013-03-06 00:00:00,    0.000000,-9999.000000,-9999.000000
2013-03-07 00:00:00,    0.000000,-9999.000000,-9999.000000
2013-03-08 00:00:00,    0.000000,-9999.000000,-9999.000000
2013-03-09 00:00:00,    0.000000,-9999.000000,-9999.000000
2013-03-10 00:00:00,    0.000000,-9999.000000,-9999.000000
2013-03-11 00:00:00,    0.000000,-9999.000000,-9999.000000
2013-03-12 00:00:00,    0.000000,-9999.000000,-9999.000000
2013-03-13 00:00:00,    0.000000,-9999.000000,-9999.000000
2013-03-14 00:00:00,    0.000000,-9999.000000,-9999.000000
2013-03-15 00:00:00,    0.000000,-9999.000000,-9999.000000
2013-03-16 00:00:00,    0.000000,-9999.000000,-9999.000000
2013-03-17 00:00:00,    0.000000,-9999.000000,-9999.000000
2013-03-18 00:00:00,    0.000000,-9999.000000,-9999.000000
2013-03-19 00:00:00,    0.000000,-9999.000000,-9999.000000
2013-03-20 00:00:00,    0.000000,-9999.000000,-9999.000000
2013-03-21 00:00:00,    0.000000,-9999.000000,-9999.000000
2013-03-22 00:00:00,    0.000000,-9999.000000,-9999.000000
2013-03-23 00:00:00,    0.000000,-9999.000000,-9999.000000
2013-03-24 00:00:00,    0.000000,-9999.000000,-9999.000000
2013-03-25 00:00:00,    0.000000,-9999.000000,-9999.000000
2013-03-26 00:00:00,    0.000000,-9999.000000,-9999.000000
2013-03-27 00:00:00,    0.000000,-9999.000000,-9999.000000
2013-03-28 00:00:00,    0.000000,-9999.000000,-9999.000000
2013-03-29 00:00:00,    0.000000,-9999.000000,-9999.000000
2013-03-30 00:00:00,    0.000000,-9999.000000,-9999.000000
2013-03-31 00:00:00,    0.000000,-9999.000000,-9999.000000
2013-04-01 00:00:00,    0.000000,-9999.000000,-9999.000000
2013-04-02 00:00:00,    0.000000,-9999.000000,-9999.000000
2013-04-03 00:00:00,    0.000000,-9999.000000,-9999.000000
2013-04-04 00:00:00,    0.000000,-9999.000000,-9999.000000
2013-04-05 00:00:00,    0.000000,-9999.000000,-9999.000000
2013-04-06 00:00:00,    0.000000,-9999.000000,-9999.000000
2013-04-07 00:00:00,    0.000000,-9999.000000,-9999.000000
2013-04-08 00:00:00,    0.000000,-9999.000000,-9999.000000
2013-04-09 00:00:00,    0.000000,-9999.000000,-9999.000000
2013-04-10 00:00:00,    0.000000,-9999.000000,-9999.000000
2013-04-11 00:00:00,    0.000000,-9999.000000,-9999.000000
2013-04-12 00:00:00,    0.000000,-9999.000000,-9999.000000
2013-04-13 00:00:00,    0.000000,-9999.000000,-9999.000000
2013-04-14 00:00:00,    0.000000,-9999.000000,-9999.000000
2013-04-15 00:00:00,    0.000000,-9999.000000,-9999.000000
2013-04-16 00:00:00,    0.000000,-9999.000000,-9999.000000
2013-04-17 00:00:00,    0.000000,-9999.000000,-9999.000000
2013-04-18 00:00:00,    0.000000,-9999.000000,-9999.000000
2013-04-19 00:00:00,    0.000000,-9999.000000,-9999.000000
2013-04-20 00:00:00,    0.000000,-9999.000000,-9999.000000
2013-04-21 00:00:00,    0.000000,-9999.000000,-9999.000000
2013-04-22 00:00:00,    0.000000,-9999.000000,-9999.000000
2013-04-23 00:00:00,    0.000000,-9999.000000,-9999.000000
2013-04-24 00:00:00,    0.000000,-9999.000000,-9999.000000
2013-04-25 00:00:00,    0.000000,-9999.000000,-9999.000000
2013-04-26 00:00:00,    0.000000,-9999.000000,-9999.000000
2013-04-27 00:00:00,    0.000000,-9999.000000,-9999.000000
2013-04-28 00:00:00,    0.000000,-9999.000000,-9999.000000
2013-04-29 00:00:00,    0.000000,-9999.000000,-9999.000000
2013-04-30 00:00:00,    0.000000,-9999.000000,-9999.000000
2013-05-01 00:00:00,    0.000000,-9999.000000,-9999.000000
2013-05-02 00:00:00,    0.000000,-9999.000000,-9999.000000
2013-05-03 00:00:00,    0.000000,-9999.000000,-9999.000000
2013-05-04 00:00:00,    0.000000,-9999.000000,-9999.000000
2013-05-05 00:00:00,    0.000000,-9999.000000,-9999.000000
2013-05-06 00:00:00,    0.000000,-9999.000000,-9999.000000
2013-05-07 00:00:00,    0.000000,-9999.000000,-9999.000000
2013-05-08 00:00:00,   13.431561,   17.620764,    1.818077
2013-05-09 00:00:00,   27.620709,   17.615059,    1.817130
2013-05-10 00:00:00,   32.085814,   17.608908,    1.816095
2013-05-11 00:00:00,   31.142988,   17.602443,    1.814996
2013-05-12 00:00:00,   32.989112,   17.595747,    1.813848
2013-05-13 00:00:00,   34.579941,   17.588872,    1.812660
2013-05-14 00:00:00,   34.566774,   17.581849,    1.811439
2013-05-15 00:00:00,   35.252148,   17.574720,    1.810190
2013-05-16 00:00:00,   83.725710,   17.567504,    1.808919
2013-05-17 00:00:00,   82.667501,   17.560207,    1.807627
2013-05-18 00:00:00,   85.757949,   17.552854,    1.806318
2013-05-19 00:00:00,   87.068150,   17.547759,    1.805489
2013-05-20 00:00:00,  248.358368,   17.542074,    1.804547
2013-05-21 00:00:00,  249.638665,   17.536009,    1.803530
2013-05-22 00:00:00,  250.951513,   17.529700,    1.802458
2013-05-23 00:00:00,  247.269470,   17.523214,    1.801347
2013-05-24 00:00:00,  244.916487,   17.516597,    1.800204
2013-05-25 00:00:00,  242.085237,   17.509886,    1.799036
2013-05-26 00:00:00,  308.721809,   17.503102,    1.797848
2013-05-27 00:00:00,  307.015414,   17.496263,    1.796643
2013-05-28 00:00:00,  316.581725,   17.520704,    1.799633
2013-05-29 00:00:00,  339.339172,   17.514871,    1.798699
2013-05-30 00:00:00,  605.475588,   17.508521,    1.797664
2013-05-31 00:00:00,  597.228790,   17.501867,    1.796565
2013-06-01 00:00:00,  589.896766,   17.497666,    1.795812
2013-06-02 00:00:00,  582.876091,   17.496196,    1.795486
2013-06-03 00:00:00,  577.457767,   16.592697,    1.604434
2013-06-04 00:00:00,  575.495833,   16.578463,    1.602630
2013-06-05 00:00:00,  595.975939,   16.531152,    1.599452
2013-06-06 00:00:00,  591.873066,   16.518787,    1.597660
2013-06-07 00:00:00,  587.133891,   16.497086,    1.595819
2013-06-08 00:00:00,  582.081281,   16.439870,    1.594085
2013-06-09 00:00:00,  589.388790,   16.561356,    1.591878
2013-06-10 00:00:00,  584.281774,   16.584124,    1.590036
2013-06-11 00:00:00,  576.920857,   16.489575,    1.588384
2013-06-12 00:00:00,  566.168238,   16.327313,    1.586866
2013-06-13 00:00:00,  557.559863,   16.218188,    1.585372
2013-06-14 00:00:00,  549.318480,   16.201135,    1.584067
2013-06-15 00:00:00,  545.572045,   16.067220,    1.582291
2013-06-16 00:00:00,  560.839260,   16.049990,    1.580673
2013-06-17 00:00:00,  553.676879,   15.919689,    1.562336
2013-06-18 00:00:00,  553.781562,   16.008646,    1.576581
2013-06-19 00:00:00,  549.306260,   15.953274,    1.574819
2013-06-20 00:00:00,  546.315781,   15.892455,    1.573321
2013-06-21 00:00:00,  536.041338,   15.842732,    1.571817
2013-06-22 00:00:00,  523.156083,   15.746456,    1.570944
2013-06-23 00:00:00,  656.712724,   15.530843,    1.562003
2013-06-24 00:00:00,  645.950338,   15.583944,    1.560727
2013-06-25 00:00:00,  638.079143,   15.528820,    1.559177
2013-06-26 00:00:00,  633.654999,   15.552952,    1.557826
2013-06-27 00:00:00,  629.234267,   15.530086,    1.556447
2013-06-28 00:00:00,  625.330000,   15.358375,    1.536028
2013-06-29 00:00:00,  620.742713,   15.497048,    1.553724
2013-06-30 00:00:00,  615.511573,   15.470288,    1.552432
2013-07-01 00:00:00,  610.173735,   15.427993,    1.550847
2013-07-02 00:00:00,  601.624533,   15.258184,    1.531330
2013-07-03 00:00:00,  626.617289,   15.252021,    1.530378
2013-07-04 00:00:00,  627.726720,   15.347729,    1.540873
2013-07-05 00:00:00,  621.241548,   15.317701,    1.543806
2013-07-06 00:00:00,  608.461884,   15.217573,    1.542768
2013-07-07 00:00:00,  600.859115,   15.056351,    1.541908
2013-07-08 00:00:00,  594.955404,   14.953851,    1.540897
2013-07-09 00:00:00,  739.613809,   14.960263,    1.532192
2013-07-10 00:00:00,  733.283356,   14.868608,    1.531043
2013-07-11 00:00:00,  760.855257,   14.805169,    1.524760
2013-07-12 00:00:00,  754.279258,   14.798955,    1.523824
2013-07-13 00:00:00,  781.097422,   14.792956,    1.522912
2013-07-14 00:00:00,  775.747439,   14.787115,    1.522025
2013-07-15 00:00:00,  793.442703,   14.678572,    1.511741
2013-07-16 00:00:00,  826.138690,   14.895329,    1.531263
2013-07-17 00:00:00,  825.278017,   14.566445,    1.500971
2013-07-18 00:00:00,  816.358938,   14.695179,    1.512414
2013-07-19 00:00:00,  804.134402,   14.725807,    1.515168
2013-07-20 00:00:00,  790.613665,   14.646032,    1.514584
2013-07-21 00:00:00,  778.879225,   14.576910,    1.514028
2013-07-22 00:00:00,  760.021990,   14.530008,    1.513828
2013-07-23 00:00:00,  980.070584,   14.483228,    1.504966
2013-07-24 00:00:00, 1123.146940,   14.399629,    1.495233
2013-07-25 00:00:00, 1120.622865,   14.119617,    1.471118
2013-07-26 00:00:00, 1560.965177,   14.459783,    1.474035
2013-07-27 00:00:00, 1693.225105,   14.468277,    1.467211
2013-07-28 00:00:00, 1663.472742,   14.420207,    1.466607
2013-07-29 00:00:00, 1672.034203,   14.483253,    1.465514
2013-07-30 00:00:00, 1649.571368,   14.474380,    1.464045
2013-07-31 00:00:00, 1657.446908,   14.645122,    1.462354
2013-08-01 00:00:00, 1650.132029,   14.528495,    1.450094
2013-08-02 00:00:00, 1624.340230,   14.496227,    1.446623
2013-08-03 00:00:00, 1597.739363,   14.536155,    1.450642
2013-08-04 00:00:00, 1573.024734,   14.535334,    1.450427
2013-08-05 00:00:00, 1592.482164,   14.741710,    1.471697
2013-08-06 00:00:00, 1583.578872,   14.741653,    1.471553
2013-08-07 00:00:00, 1730.434782,   14.741847,    1.471432
2013-08-08 00:00:00, 1693.245871,   14.742637,    1.471399
2013-08-09 00:00:00, 1665.197697,   14.743560,    1.471381
2013-08-10 00:00:00, 1770.106268,   14.744663,    1.471382
2013-08-11 00:00:00, 1805.088175,   14.745960,    1.471405
2013-08-12 00:00:00, 1760.182426,   14.747475,    1.471451
2013-08-13 00:00:00, 1847.786869,   14.749212,    1.471523
2013-08-14 00:00:00, 1804.763863,   14.751173,    1.471621
2013-08-15 00:00:00, 1883.521422,   14.422741,    1.437823
2013-08-16 00:00:00, 1898.069032,   14.427486,    1.438266
2013-08-17 00:00:00, 1854.721008,   14.432247,    1.438709
2013-08-18 00:00:00, 1819.977227,   14.437065,    1.439155
2013-08-19 00:00:00, 1787.131863,   14.441951,    1.439608
2013-08-20 00:00:00, 1759.123609,   14.446933,    1.440071
2013-08-21 00:00:00, 1736.259923,   14.452023,    1.440545
2013-08-22 00:00:00, 1702.805568,   14.457233,    1.441031
2013-08-23 00:00:00, 1669.737265,   14.462557,    1.441530
2013-08-24 00:00:00, 1636.489311,   14.468012,    1.442043
2013-08-25 00:00:00, 1743.743992,   14.473590,    1.442570
2013-08-26 00:00:00, 1821.960654,   14.479286,    1.443112
2013-08-27 00:00:00, 1947.291171,   14.485113,    1.443670
2013-08-28 00:00:00, 2038.812751,   14.491075,    1.444243
2013-08-29 00:00:00, 2029.061639,   14.497183,    1.444831
2013-08-30 00:00:00, 2010.212736,   14.503427,    1.445436
2013-08-31 00:00:00, 2000.453320,   14.559604,    1.451272
2013-09-01 00:00:00, 1960.502263,   14.566397,    1.451989
2013-09-02 00:00:00, 1927.063661,   14.573117,    1.452693
2013-09-03 00:00:00, 1923.601176,   14.580330,    1.453460
2013-09-04 00:00:00, 1863.313016,   14.587609,    1.454234
2013-09-05 00:00:00, 1818.774809,   14.594992,    1.455018
2013-09-06 00:00:00, 1776.299068,   14.602479,    1.455814
2013-09-07 00:00:00, 1742.477071,   14.610084,    1.456623
2013-09-08 00:00:00, 1712.247047,   14.617802,    1.457447
2013-09-09 00:00:00, 1677.432671,   14.625654,    1.458286
2013-09-10 00:00:00, 1643.793359,   14.633644,    1.459142
2013-09-11 00:00:00, 1887.101933,   14.641756,    1.460014
2013-09-12 00:00:00, 1848.020003,   14.650007,    1.460904
2013-09-13 00:00:00, 1838.392083,   14.658400,    1.461812
2013-09-14 00:00:00, 2202.487994,   14.666933,    1.462738
2013-09-15 00:00:00, 2140.221855,   14.675603,    1.463682
2013-09-16 00:00:00, 2305.703972,   14.684437,    1.464645
2013-09-17 00:00:00, 2245.608818,   14.693402,    1.465626
2013-09-18 00:00:00, 2249.731030,   14.702524,    1.466628
2013-09-19 00:00:00, 2192.222129,   14.711789,    1.467648
2013-09-20 00:00:00, 2164.500160,   14.721196,    1.468688
2013-09-21 00:00:00, 2116.300767,   14.730755,    1.469748
2013-09-22 00:00:00, 2247.974029,   14.740468,    1.470828
2013-09-23 00:00:00, 2226.824547,   14.750330,    1.471928
2013-09-24 00:00:00, 2222.782899,   14.760339,    1.473049
2013-09-25 00:00:00, 2152.702387,   14.770504,    1.474190
2013-09-26 00:00:00, 2128.930044,   14.780839,    1.475351
2013-09-27 00:00:00, 2078.141410,   14.791325,    1.476532
2013-09-28 00:00:00, 2019.832621,   14.803737,    1.478030
2013-09-29 00:00:00, 2303.480974,   14.815888,    1.479488
2013-09-30 00:00:00, 2341.743806,   14.827929,    1.480928
2013-10-01 00:00:00, 2286.018477,   14.841361,    1.482552
2013-10-02 00:00:00, 2231.749128,   14.854878,    1.484184
2013-10-03 00:00:00, 2173.731551,   14.867133,    1.485638
2013-10-04 00:00:00, 2124.371520,   14.934995,    1.493271
2013-10-05 00:00:00, 2156.372900,   14.947666,    1.494785
2013-10-06 00:00:00, 2089.994026,   14.960465,    1.496313
2013-10-07 00:00:00, 2029.521355,   14.973413,    1.497857
2013-10-08 00:00:00, 1991.741464,   14.986498,    1.499417
2013-10-09 00:00:00, 2075.997988,   14.999720,    1.500994
2013-10-10 00:00:00, 2018.798195,   15.013095,    1.502588
2013-10-11 00:00:00, 1947.290213,   15.026623,    1.504199
2013-10-12 00:00:00, 1877.399488,   15.040286,    1.505828
2013-10-13 00:00:00, 1819.605200,   15.054112,    1.507475
2013-10-14 00:00:00, 1767.154999,   15.068094,    1.509140
2013-10-15 00:00:00, 1726.126592,   15.082228,    1.510823
2013-10-16 00:00:00, 1688.562709,   15.098673,    1.512902
2013-10-17 00:00:00, 1650.727866,   15.114725,    1.514919
2013-10-18 00:00:00, 1608.237810,   15.130602,    1.516903
2013-10-19 00:00:00, 1720.409526,   15.146402,    1.518872
2013-10-20 00:00:00, 1854.688005,   15.162181,    1.520835
2013-10-21 00:00:00, 1801.576575,   15.178001,    1.522798
2013-10-22 00:00:00, 1745.380766,   15.193885,    1.524764
2013-10-23 00:00:00, 1674.631646,   15.209838,    1.526738
2013-10-24 00:00:00, 1604.318129,   15.225873,    1.528719
2013-10-25 00:00:00, 1570.541042,   15.241991,    1.530711
2013-10-26 00:00:00, 1532.109142,   15.258197,    1.532713
2013-10-27 00:00:00, 1490.563282,   15.274503,    1.534726
2013-10-28 00:00:00, 1441.052795,   15.290909,    1.536752
2013-10-29 00:00:00, 1391.454302,   15.307417,    1.538790
2013-10-30 00:00:00, 1351.785058,   15.324026,    1.540840
2013-10-31 00:00:00, 1309.710844,   15.340734,    1.542903
2013-11-01 00:00:00, 1252.842284,   15.354659,    1.544576
2013-11-02 00:00:00, 1197.257132,   15.437971,    1.554581
2013-11-03 00:00:00, 1147.927329,   15.455211,    1.556723
2013-11-04 00:00:00, 1108.853959,   15.472567,    1.558880
2013-11-05 00:00:00, 1060.228562,   15.490024,    1.561052
2013-11-06 00:00:00, 1020.924416,   15.507579,    1.563237
2013-11-07 00:00:00,  984.136239,   15.525231,    1.565436
2013-11-08 00:00:00,  941.828196,   15.542989,    1.567647
2013-11-09 00:00:00,  906.342227,   15.560840,    1.569870
2013-11-10 00:00:00,  867.742157,   15.578779,    1.572105
2013-11-11 00:00:00,  835.443304,   15.596805,    1.574352
2013-11-12 00:00:00,  779.955555,   15.614909,    1.576610
2013-11-13 00:00:00,  729.969138,   15.633095,    1.578879
2013-11-14 00:00:00,  691.756964,   15.651356,    1.581157
2013-11-15 00:00:00,  646.941612,   15.669688,    1.583446
2013-11-16 00:00:00,  618.121553,   15.688088,    1.585744
2013-11-17 00:00:00,  601.981928,   15.706552,    1.588050
2013-11-18 00:00:00,  555.416848,   15.725070,    1.590364
2013-11-19 00:00:00,  510.264031,   15.743643,    1.592687
2013-11-20 00:00:00,  470.532271,   15.765574,    1.595609
2013-11-21 00:00:00,  442.553609,   15.786753,    1.598412
2013-11-22 00:00:00,  424.751820,   15.807484,    1.601140
2013-11-23 00:00:00,  408.691611,   15.827924,    1.603819
2013-11-24 00:00:00,  382.575797,   15.848176,    1.606463
2013-11-25 00:00:00,  358.642184,   15.868275,    1.609082
2013-11-26 00:00:00,  335.379355,   15.888277,    1.611681
2013-11-27 00:00:00,  312.142299,   15.908198,    1.614264
2013-11-28 00:00:00,  288.346692,   15.928050,    1.616835
2013-11-29 00:00:00,  268.021279,   16.033100,    1.630249
2013-11-30 00:00:00,  250.327632,   16.053103,    1.632848
2013-12-01 00:00:00,  237.547984,   16.075852,    1.635837
2013-12-02 00:00:00,  218.618967,   16.098589,    1.638823
2013-12-03 00:00:00,  186.023208,   16.118533,    1.641408
2013-12-04 00:00:00,  169.184970,   16.138433,    1.643985
2013-12-05 00:00:00,  151.269830,   16.158282,    1.646553
2013-12-06 00:00:00,  137.492148,   16.178076,    1.649113
2013-12-07 00:00:00,  116.134134,   16.197815,    1.651665
2013-12-08 00:00:00,   95.926867,   16.217503,    1.654208
2013-12-09 00:00:00,   82.294416,   16.237131,    1.656741
2013-12-10 00:00:00,   67.817719,   16.256700,    1.659265
2013-12-11 00:00:00,   55.289359,   16.276204,    1.661779
2013-12-12 00:00:00,   46.153384,   16.295638,    1.664282
2013-12-13 00:00:00,   37.829337,   16.315001,    1.666773
2013-12-14 00:00:00,   30.303865,   16.334289,    1.669254
2013-12-15 00:00:00,   25.176814,   16.353499,    1.671722
2013-12-16 00:00:00,   18.395649,   16.372631,    1.674179
2013-12-17 00:00:00,   14.175569,   16.391673,    1.676623
2013-12-18 00:00:00,    4.062552,   16.410616,    1.679054
2013-12-19 00:00:00,    0.005568,   16.429469,    1.681471
2013-12-20 00:00:00,    0.000000,-9999.000000,-9999.000000
2013-12-21 00:00:00,    0.000000,-9999.000000,-9999.000000
2013-12-22 00:00:00,    0.000000,-9999.000000,-9999.000000
2013-12-23 00:00:00,    0.000000,-9999.000000,-9999.000000
2013-12-24 00:00:00,    0.000000,-9999.000000,-9999.000000
2013-12-25 00:00:00,    0.000000,-9999.000000,-9999.000000
2013-12-26 00:00:00,    0.000000,-9999.000000,-9999.000000
2013-12-27 00:00:00,    0.000000,-9999.000000,-9999.000000
2013-12-28 00:00:00,    0.000000,-9999.000000,-9999.000000
2013-12-29 00:00:00,    0.000000,-9999.000000,-9999.000000
2013-12-30 00:00:00,    0.000000,-9999.000000,-9999.000000
2013-12-31 00:00:00,    0.000000,-9999.000000,-9999.000000
2014-01-01 00:00:00,    0.000000,-9999.000000,-9999.000000
2014-01-02 00:00:00,    0.000000,-9999.000000,-9999.000000
2014-01-03 00:00:00,    0.000000,-9999.000000,-9999.000000
2014-01-04 00:00:00,    0.000000,-9999.000000,-9999.000000
2014-01-05 00:00:00,    0.000000,-9999.000000,-9999.000000
2014-01-06 00:00:00,    0.000000,-9999.000000,-9999.000000
2014-01-07 00:00:00,    0.000000,-9999.000000,-9999.000000
2014-01-08 00:00:00,    0.000000,-9999.000000,-9999.000000
2014-01-09 00:00:00,    0.000000,-9999.000000,-9999.000000
2014-01-10 00:00:00,    0.000000,-9999.000000,-9999.000000
2014-01-11 00:00:00,    0.000000,-9999.000000,-9999.000000
2014-01-12 00:00:00,    0.000000,-9999.000000,-9999.000000
2014-01-13 00:00:00,    0.000000,-9999.000000,-9999.000000
2014-01-14 00:00:00,    0.000000,-9999.000000,-9999.000000
2014-01-15 00:00:00,    0.000000,-9999.000000,-9999.000000
2014-01-16 00:00:00,    0.000000,-9999.000000,-9999.000000
2014-01-17 00:00:00,    0.000000,-9999.000000,-9999.000000
2014-01-18 00:00:00,    0.000000,-9999.000000,-9999.000000
2014-01-19 00:00:00,    0.000000,-9999.000000,-9999.000000
2014-01-20 00:00:00,    0.000000,-9999.000000,-9999.000000
2014-01-21 00:00:00,    0.000000,-9999.000000,-9999.000000
2014-01-22 00:00:00,    0.000000,-9999.000000,-9999.000000
2014-01-23 00:00:00,    0.000000,-9999.000000,-9999.000000
2014-01-24 00:00:00,    0.000000,-9999.000000,-9999.000000
2014-01-25 00:00:00,    0.000000,-9999.000000,-9999.000000
2014-01-26 00:00:00,    0.000000,-9999.000000,-9999.000000
2014-01-27 00:00:00,    0.000000,-9999.000000,-9999.000000
2014-01-28 00:00:00,    0.000000,-9999.000000,-9999.000000
2014-01-29 00:00:00,    0.000000,-9999.000000,-9999.000000
2014-01-30 00:00:00,    0.000000,-9999.000000,-9999.000000
2014-01-31 00:00:00,    0.000000,-9999.000000,-9999.000000
2014-02-01 00:00:00,    0.000000,-9999.000000,-9999.000000
2014-02-02 00:00:00,    0.000000,-9999.000000,-9999.000000
2014-02-03 00:00:00,    0.000000,-9999.000000,-9999.000000
2014-02-04 00:00:00,    0.000000,-9999.000000,-9999.000000
2014-02-05 00:00:00,    0.000000,-9999.000000,-9999.000000
2014-02-06 00:00:00,    0.000000,-9999.000000,-9999.000000
2014-02-07 00:00:00,    0.000000,-9999.000000,-9999.000000
2014-02-08 00:00:00,    0.000000,-9999.000000,-9999.000000
2014-02-09 00:00:00,    0.000000,-9999.000000,-9999.000000
2014-02-10 00:00:00,    0.000000,-9999.000000,-9999.000000
2014-02-11 00:00:00,    0.000000,-9999.000000,-9999.000000
2014-02-12 00:00:00,    0.000000,-9999.000000,-9999.000000
2014-02-13 00:00:00,    0.000000,-9999.000000,-9999.000000
2014-02-14 00:00:00,    0.000000,-9999.000000,-9999.000000
2014-02-15 00:00:00,    0.000000,-9999.000000,-9999.000000
2014-02-16 00:00:00,    0.000000,-9999.000000,-9999.000000
2014-02-17 00:00:00,    0.000000,-9999.000000,-9999.000000
2014-02-18 00:00:00,    0.000000,-9999.000000,-9999.000000
2014-02-19 00:00:00,    0.000000,-9999.000000,-9999.000000
2014-02-20 00:00:00,    0.000000,-9999.000000,-9999.000000
2014-02-21 00:00:00,    0.000000,-9999.000000,-9999.000000
2014-02-22 00:00:00,    0.000000,-9999.000000,-9999.000000
2014-02-23 00:00:00,    0.000000,-9999.000000,-9999.000000
2014-02-24 00:00:00,    0.000000,-9999.000000,-9999.000000
2014-02-25 00:00:00,    0.000000,-9999.000000,-9999.000000
2014-02-26 00:00:00,    0.000000,-9999.000000,-9999.000000
2014-02-27 00:00:00,    0.000000,-9999.000000,-9999.000000
2014-02-28 00:00:00,    0.000000,-9999.000000,-9999.000000
2014-03-01 00:00:00,    0.000000,-9999.000000,-9999.000000
2014-03-02 00:00:00,    0.000000,-9999.000000,-9999.000000
2014-03-03 00:00:00,    0.000000,-9999.000000,-9999.000000
2014-03-04 00:00:00,    0.000000,-9999.000000,-9999.000000
2014-03-05 00:00:00,    0.000000,-9999.000000,-9999.000000
2014-03-06 00:00:00,    0.000000,-9999.000000,-9999.000000
2014-03-07 00:00:00,    0.000000,-9999.000000,-9999.000000
2014-03-08 00:00:00,    0.000000,-9999.000000,-9999.000000
2014-03-09 00:00:00,    0.000000,-9999.000000,-9999.000000
2014-03-10 00:00:00,    0.000000,-9999.000000,-9999.000000
2014-03-11 00:00:00,    0.000000,-9999.000000,-9999.000000
2014-03-12 00:00:00,    0.000000,-9999.000000,-9999.000000
2014-03-13 00:00:00,    0.000000,-9999.000000,-9999.000000
2014-03-14 00:00:00,    0.000000,-9999.000000,-9999.000000
2014-03-15 00:00:00,    0.000000,-9999.000000,-9999.000000
2014-03-16 00:00:00,    0.000000,-9999.000000,-9999.000000
2014-03-17 00:00:00,    0.000000,-9999.000000,-9999.000000
2014-03-18 00:00:00,    0.000000,-9999.000000,-9999.000000
2014-03-19 00:00:00,    0.000000,-9999.000000,-9999.000000
2014-03-20 00:00:00,    0.000000,-9999.000000,-9999.000000
2014-03-21 00:00:00,    0.000000,-9999.000000,-9999.000000
2014-03-22 00:00:00,    0.000000,-9999.000000,-9999.000000
2014-03-23 00:00:00,    0.000000,-9999.000000,-9999.000000
2014-03-24 00:00:00,    0.000000,-9999.000000,-9999.000000
2014-03-25 00:00:00,    0.000000,-9999.000000,-9999.000000
2014-03-26 00:00:00,    0.000000,-9999.000000,-9999.000000
2014-03-27 00:00:00,    0.000000,-9999.000000,-9999.000000
2014-03-28 00:00:00,    0.000000,-9999.000000,-9999.000000
2014-03-29 00:00:00,    0.000000,-9999.000000,-9999.000000
2014-03-30 00:00:00,    0.000000,-9999.000000,-9999.000000
2014-03-31 00:00:00,    0.000000,-9999.000000,-9999.000000
2014-04-01 00:00:00,    0.000000,-9999.000000,-9999.000000
2014-04-02 00:00:00,    0.000000,-9999.000000,-9999.000000
2014-04-03 00:00:00,    0.000000,-9999.000000,-9999.000000
2014-04-04 00:00:00,    0.000000,-9999.000000,-9999.000000
2014-04-05 00:00:00,    0.000000,-9999.000000,-9999.000000
2014-04-06 00:00:00,    0.000000,-9999.000000,-9999.000000
2014-04-07 00:00:00,    0.000000,-9999.000000,-9999.000000
2014-04-08 00:00:00,    0.000000,-9999.000000,-9999.000000
2014-04-09 00:00:00,    0.000000,-9999.000000,-9999.000000
2014-04-10 00:00:00,    0.000000,-9999.000000,-9999.000000
2014-04-11 00:00:00,    0.000000,-9999.000000,-9999.000000
2014-04-12 00:00:00,    0.000000,-9999.000000,-9999.000000
2014-04-13 00:00:00,    0.000000,-9999.000000,-9999.000000
2014-04-14 00:00:00,    0.000000,-9999.000000,-9999.000000
2014-04-15 00:00:00,    0.000000,-9999.000000,-9999.000000
2014-04-16 00:00:00,    0.000000,-9999.000000,-9999.000000
2014-04-17 00:00:00,    0.000000,-9999.000000,-9999.000000
2014-04-18 00:00:00,    0.000000,-9999.000000,-9999.000000
2014-04-19 00:00:00,    0.000000,-9999.000000,-9999.000000
2014-04-20 00:00:00,    0.000000,-9999.000000,-9999.000000
2014-04-21 00:00:00,    0.000000,-9999.000000,-9999.000000
2014-04-22 00:00:00,    0.000000,-9999.000000,-9999.000000
2014-04-23 00:00:00,    0.000000,-9999.000000,-9999.000000
2014-04-24 00:00:00,    0.000000,-9999.000000,-9999.000000
2014-04-25 00:00:00,    0.000000,-9999.000000,-9999.000000
2014-04-26 00:00:00,    0.000000,-9999.000000,-9999.000000
2014-04-27 00:00:00,    0.000000,-9999.000000,-9999.000000
2014-04-28 00:00:00,    0.000000,-9999.000000,-9999.000000
2014-04-29 00:00:00,    0.000000,-9999.000000,-9999.000000
2014-04-30 00:00:00,    0.000000,-9999.000000,-9999.000000
2014-05-01 00:00:00,    0.000000,-9999.000000,-9999.000000
2014-05-02 00:00:00,    0.000000,-9999.000000,-9999.000000
2014-05-03 00:00:00,    0.000000,-9999.000000,-9999.000000
2014-05-04 00:00:00,    0.000000,-9999.000000,-9999.000000
2014-05-05 00:00:00,    0.000000,-9999.000000,-9999.000000
2014-05-06 00:00:00,    0.000000,-9999.000000,-9999.000000
2014-05-07 00:00:00,    0.000000,-9999.000000,-9999.000000
2014-05-08 00:00:00,    0.000000,-9999.000000,-9999.000000
2014-05-09 00:00:00,    0.000000,-9999.000000,-9999.000000
2014-05-10 00:00:00,    0.000000,-9999.000000,-9999.000000
2014-05-11 00:00:00,    0.000000,-9999.000000,-9999.000000
2014-05-12 00:00:00,    0.000000,-9999.000000,-9999.000000
2014-05-13 00:00:00,    0.000000,-9999.000000,-9999.000000
2014-05-14 00:00:00,    0.000000,-9999.000000,-9999.000000
2014-05-15 00:00:00,    0.000000,-9999.000000,-9999.000000
2014-05-16 00:00:00,    0.000000,-9999.000000,-9999.000000
2014-05-17 00:00:00,    0.000000,-9999.000000,-9999.000000
2014-05-18 00:00:00,    0.000000,-9999.000000,-9999.000000
2014-05-19 00:00:00,    0.000000,-9999.000000,-9999.000000
2014-05-20 00:00:00,    0.000000,-9999.000000,-9999.000000
2014-05-21 00:00:00,    0.000000,-9999.000000,-9999.000000
2014-05-22 00:00:00,    0.000000,-9999.000000,-9999.000000
2014-05-23 00:00:00,    0.000000,-9999.000000,-9999.000000
2014-05-24 00:00:00,    0.000000,-9999.000000,-9999.000000
2014-05-25 00:00:00,    0.000000,-9999.000000,-9999.000000
2014-05-26 00:00:00,    0.000000,-9999.000000,-9999.000000
2014-05-27 00:00:00,    0.000000,-9999.000000,-9999.000000
2014-05-28 00:00:00,    0.000000,-9999.000000,-9999.000000
2014-05-29 00:00:00,    0.000000,-9999.000000,-9999.000000
2014-05-30 00:00:00,    0.000000,-9999.000000,-9999.000000
2014-05-31 00:00:00,    0.000000,-9999.000000,-9999.000000
2014-06-01 00:00:00,    0.000000,-9999.000000,-9999.000000
2014-06-02 00:00:00,    0.000000,-9999.000000,-9999.000000
2014-06-03 00:00:00,    0.000000,-9999.000000,-9999.000000
2014-06-04 00:00:00,    0.000000,-9999.000000,-9999.000000
2014-06-05 00:00:00,    0.000000,-9999.000000,-9999.000000
2014-06-06 00:00:00,    0.000000,-9999.000000,-9999.000000
2014-06-07 00:00:00,    0.000000,-9999.000000,-9999.000000
2014-06-08 00:00:00,    0.000000,-9999.000000,-9999.000000
2014-06-09 00:00:00,    0.000000,-9999.000000,-9999.000000
2014-06-10 00:00:00,    0.000000,-9999.000000,-9999.000000
2014-06-11 00:00:00,    0.000000,-9999.000000,-9999.000000
2014-06-12 00:00:00,    0.000000,-9999.000000,-9999.000000
2014-06-13 00:00:00,    0.000000,-9999.000000,-9999.000000
2014-06-14 00:00:00,    0.000000,-9999.000000,-9999.000000
2014-06-15 00:00:00,    0.000000,-9999.000000,-9999.000000
2014-06-16 00:00:00,    0.000000,-9999.000000,-9999.000000
2014-06-17 00:00:00,    0.000000,-9999.000000,-9999.000000
2014-06-18 00:00:00,    0.000000,-9999.000000,-9999.000000
2014-06-19 00:00:00,    0.000000,-9999.000000,-9999.000000
2014-06-20 00:00:00,    0.000000,-9999.000000,-9999.000000
2014-06-21 00:00:00,   18.992563,   15.483130,    1.570950
2014-06-22 00:00:00,   22.278844,   15.233887,    1.569282
2014-06-23 00:00:00,   23.279222,   15.101260,    1.568117
2014-06-24 00:00:00,   25.006097,   15.070352,    1.567151
2014-06-25 00:00:00,   26.092595,   15.008429,    1.566139
2014-06-26 00:00:00,   27.719772,   15.095005,    1.565082
2014-06-27 00:00:00,   27.762985,   14.941963,    1.564069
2014-06-28 00:00:00,   28.539400,   14.890565,    1.563224
2014-06-29 00:00:00,   27.324442,   14.664885,    1.562738
2014-06-30 00:00:00,   26.351110,   14.568730,    1.562081
2014-07-01 00:00:00,   28.043151,   14.587689,    1.560887
2014-07-02 00:00:00,   86.558346,   14.852436,    1.552330
2014-07-03 00:00:00,   85.987310,   14.672777,    1.551418
2014-07-04 00:00:00,   92.321661,   14.510868,    1.550832
2014-07-05 00:00:00,   95.756007,   14.614198,    1.549258
2014-07-06 00:00:00,  144.116105,   14.899463,    1.543824
2014-07-07 00:00:00,  152.848360,   14.668403,    1.541923
2014-07-08 00:00:00,  171.878321,   14.771191,    1.563030
2014-07-09 00:00:00,  173.711250,   14.701248,    1.561864
2014-07-10 00:00:00,  174.946785,   14.645764,    1.560833
2014-07-11 00:00:00,  176.445498,   14.628216,    1.559791
2014-07-12 00:00:00,  176.016650,   14.559537,    1.554175
2014-07-13 00:00:00,  173.333595,   14.616715,    1.557965
2014-07-14 00:00:00,  296.259776,   14.717149,    1.548268
2014-07-15 00:00:00,  293.474219,   14.652879,    1.547341
2014-07-16 00:00:00,  291.801985,   14.697769,    1.546536
2014-07-17 00:00:00,  290.097238,   14.635008,    1.541189
2014-07-18 00:00:00,  287.784543,   14.623129,    1.545053
2014-07-19 00:00:00,  318.607170,   14.719744,    1.542210
2014-07-20 00:00:00,  381.748123,   14.644995,    1.540401
2014-07-21 00:00:00,  478.758975,   14.788790,    1.530726
2014-07-22 00:00:00,  560.953544,   14.693404,    1.524976
2014-07-23 00:00:00,  556.726507,   14.603893,    1.524233
2014-07-24 00:00:00,  557.638745,   14.617384,    1.523347
2014-07-25 00:00:00,  558.147318,   14.900890,    1.522595
2014-07-26 00:00:00,  603.333750,   14.946071,    1.519249
2014-07-27 00:00:00,  594.565122,   14.898787,    1.518657
2014-07-28 00:00:00,  586.211691,   14.958536,    1.518272
2014-07-29 00:00:00,  586.165240,   15.086833,    1.517487
2014-07-30 00:00:00,  582.087446,   15.219958,    1.516981
2014-07-31 00:00:00,  570.755718,   15.214565,    1.516526
2014-08-01 00:00:00,  561.365570,   15.102310,    1.516487
2014-08-02 00:00:00,  555.708864,   15.001054,    1.506169
2014-08-03 00:00:00,  549.719959,   15.070830,    1.516114
2014-08-04 00:00:00,  540.324155,   14.939029,    1.502926
2014-08-05 00:00:00,  531.585594,   14.974763,    1.506318
2014-08-06 00:00:00,  520.920904,   14.974044,    1.506114
2014-08-07 00:00:00,  530.346272,   14.973486,    1.505932
2014-08-08 00:00:00,  527.420915,   14.936948,    1.502217
2014-08-09 00:00:00,  520.234977,   14.972462,    1.505597
2014-08-10 00:00:00,  513.791137,   14.936893,    1.501991
2014-08-11 00:00:00,  504.201025,   14.972428,    1.505374
2014-08-12 00:00:00,  486.415276,   14.972804,    1.505319
2014-08-13 00:00:00,  466.571315,   14.973249,    1.505286
2014-08-14 00:00:00,  452.404091,   14.973960,    1.505274
2014-08-15 00:00:00,  448.444686,   14.974742,    1.505285
2014-08-16 00:00:00,  445.454846,   14.976028,    1.505353
2014-08-17 00:00:00,  522.448653,   14.977469,    1.505439
2014-08-18 00:00:00,  542.885500,   15.014520,    1.508999
2014-08-19 00:00:00,  539.923772,   15.016128,    1.509116
2014-08-20 00:00:00,  542.029173,   15.017952,    1.509256
2014-08-21 00:00:00,  540.693290,   15.020166,    1.509457
2014-08-22 00:00:00,  527.154763,   15.022547,    1.509676
2014-08-23 00:00:00,  520.914978,   15.025125,    1.509917
2014-08-24 00:00:00,  512.466860,   15.027866,    1.510180
2014-08-25 00:00:00,  505.042032,   15.030832,    1.510467
2014-08-26 00:00:00,  496.232226,   15.073451,    1.514639
2014-08-27 00:00:00,  490.410102,   15.076921,    1.515008
2014-08-28 00:00:00,  481.673771,   15.080602,    1.515400
2014-08-29 00:00:00, 1011.821241,   15.084449,    1.515815
2014-08-30 00:00:00, 1002.378551,   15.088443,    1.516254
2014-08-31 00:00:00, 1000.128037,   15.092635,    1.516719
2014-09-01 00:00:00,  979.904574,   15.096426,    1.517122
2014-09-02 00:00:00,  971.610552,   15.100714,    1.517595
2014-09-03 00:00:00,  951.871098,   15.105658,    1.518163
2014-09-04 00:00:00,  929.250918,   15.110810,    1.518751
2014-09-05 00:00:00,  914.817108,   15.116143,    1.519363
2014-09-06 00:00:00,  941.798543,   15.121668,    1.519998
2014-09-07 00:00:00,  928.036094,   15.127363,    1.520658
2014-09-08 00:00:00,  957.708929,   15.133268,    1.521344
2014-09-09 00:00:00,  935.133982,   15.139379,    1.522055
2014-09-10 00:00:00,  918.285389,   15.145686,    1.522793
2014-09-11 00:00:00,  904.480919,   15.197534,    1.528103
2014-09-12 00:00:00,  887.263173,   15.204721,    1.528971
2014-09-13 00:00:00,  866.037357,   15.212070,    1.529860
2014-09-14 00:00:00,  848.477914,   15.219611,    1.530772
2014-09-15 00:00:00,  825.534826,   15.227338,    1.531709
2014-09-16 00:00:00,  802.289551,   15.235255,    1.532672
2014-09-17 00:00:00,  780.129621,   15.243395,    1.533661
2014-09-18 00:00:00,  758.931184,   15.251746,    1.534677
2014-09-19 00:00:00,  743.051441,   15.260311,    1.535721
2014-09-20 00:00:00,  713.899805,   15.269090,    1.536792
2014-09-21 00:00:00,  892.405435,   15.278087,    1.537891
2014-09-22 00:00:00,  947.620223,   15.287229,    1.539019
2014-09-23 00:00:00,  932.118280,   15.297133,    1.540259
2014-09-24 00:00:00,  915.548803,   15.307107,    1.541512
2014-09-25 00:00:00,  896.260419,   15.317250,    1.542783
2014-09-26 00:00:00,  868.318873,   15.327547,    1.544075
2014-09-27 00:00:00,  856.742156,   15.338012,    1.545391
2014-09-28 00:00:00,  838.106569,   15.348635,    1.546730
2014-09-29 00:00:00,  821.064421,   15.359447,    1.548096
2014-09-30 00:00:00,  804.907329,   15.370472,    1.549486
2014-10-01 00:00:00,  783.262631,   15.383597,    1.551163
2014-10-02 00:00:00,  761.395961,   15.396979,    1.552874
2014-10-03 00:00:00,  742.064464,   15.408731,    1.554359
2014-10-04 00:00:00,  725.455321,   15.473218,    1.561495
2014-10-05 00:00:00,  712.083271,   15.485734,    1.563089
2014-10-06 00:00:00,  691.507070,   15.498437,    1.564712
2014-10-07 00:00:00,  676.030453,   15.511369,    1.566364
2014-10-08 00:00:00,  659.210956,   15.524515,    1.568043
2014-10-09 00:00:00,  636.196358,   15.538527,    1.569868
2014-10-10 00:00:00,  612.309619,   15.552586,    1.571697
2014-10-11 00:00:00,  594.683346,   15.566748,    1.573539
2014-10-12 00:00:00,  575.352627,   15.581015,    1.575398
2014-10-13 00:00:00,  551.709844,   15.595437,    1.577277
2014-10-14 00:00:00,  532.361842,   15.610047,    1.579178
2014-10-15 00:00:00,  509.269849,   15.624825,    1.581100
2014-10-16 00:00:00,  488.698324,   15.639776,    1.583047
2014-10-17 00:00:00,  493.449289,   15.654899,    1.585016
2014-10-18 00:00:00,  628.282313,   15.670192,    1.587009
2014-10-19 00:00:00,  602.472206,   15.685614,    1.589026
2014-10-20 00:00:00,  594.447643,   15.701210,    1.591067
2014-10-21 00:00:00,  578.060726,   15.716995,    1.593131
2014-10-22 00:00:00,  554.127114,   15.732980,    1.595219
2014-10-23 00:00:00,  536.800646,   15.749137,    1.597330
2014-10-24 00:00:00,  522.052231,   15.765446,    1.599464
2014-10-25 00:00:00,  502.555929,   15.781926,    1.601621
2014-10-26 00:00:00,  479.914179,   15.798550,    1.603800
2014-10-27 00:00:00,  457.369017,   15.815354,    1.606001
2014-10-28 00:00:00,  441.292880,   15.832334,    1.608224
2014-10-29 00:00:00,  421.025387,   15.849443,    1.610468
2014-10-30 00:00:00,  399.590440,   15.866708,    1.612733
2014-10-31 00:00:00,  377.237572,   15.884116,    1.615019
2014-11-01 00:00:00,  357.866120,   15.972086,    1.625530
2014-11-02 00:00:00,  344.923088,   15.986930,    1.627499
2014-11-03 00:00:00,  322.227873,   16.005834,    1.630042
2014-11-04 00:00:00,  305.607770,   16.024795,    1.632588
2014-11-05 00:00:00,  286.338476,   16.043821,    1.635140
2014-11-06 00:00:00,  276.616611,   16.062923,    1.637702
2014-11-07 00:00:00,  255.578326,   16.082066,    1.640273
2014-11-08 00:00:00,  239.234809,   16.101325,    1.642856
2014-11-09 00:00:00,  229.940416,   16.120685,    1.645450
2014-11-10 00:00:00,  219.381585,   16.140133,    1.648056
2014-11-11 00:00:00,  207.413425,   16.159627,    1.650673
2014-11-12 00:00:00,  189.710521,   16.179238,    1.653302
2014-11-13 00:00:00,  161.689664,   16.198937,    1.655942
2014-11-14 00:00:00,  147.561831,   16.218721,    1.658593
2014-11-15 00:00:00,  134.952254,   16.238590,    1.661255
2014-11-16 00:00:00,  126.311042,   16.258534,    1.663926
2014-11-17 00:00:00,  123.203372,   16.278538,    1.666607
2014-11-18 00:00:00,  116.153800,   16.298623,    1.669296
2014-11-19 00:00:00,  110.191095,   16.318745,    1.671994
2014-11-20 00:00:00,  112.796455,   16.338932,    1.674699
2014-11-21 00:00:00,  101.217682,   16.359170,    1.677411
2014-11-22 00:00:00,   90.549397,   16.379456,    1.680130
2014-11-23 00:00:00,   73.429331,   16.399791,    1.682854
2014-11-24 00:00:00,   61.633702,   16.420180,    1.685582
2014-11-25 00:00:00,   49.758163,   16.440616,    1.688315
2014-11-26 00:00:00,   98.421663,   16.461075,    1.691051
2014-11-27 00:00:00,  120.734999,   16.481523,    1.693790
2014-11-28 00:00:00,  111.779856,   16.501991,    1.696531
2014-11-29 00:00:00,  101.151583,   16.615370,    1.710962
2014-11-30 00:00:00,   91.047836,   16.637522,    1.714011
2014-12-01 00:00:00,   77.496655,   16.663184,    1.717559
2014-12-02 00:00:00,   66.367736,   16.688693,    1.721082
2014-12-03 00:00:00,   57.615394,   16.710356,    1.724048
2014-12-04 00:00:00,   45.550361,   16.731911,    1.726995
2014-12-05 00:00:00,   40.951251,   16.753379,    1.729926
2014-12-06 00:00:00,   34.434320,   16.774707,    1.732842
2014-12-07 00:00:00,   28.462944,   16.796004,    1.735743
2014-12-08 00:00:00,   15.760722,   16.817211,    1.738631
2014-12-09 00:00:00,    6.357983,   16.838340,    1.741505
2014-12-10 00:00:00,    2.179733,   16.859386,    1.744365
2014-12-11 00:00:00,    0.244801,   16.880357,    1.747210
2014-12-12 00:00:00,    0.000000,-9999.000000,-9999.000000
2014-12-13 00:00:00,    0.000000,-9999.000000,-9999.000000
2014-12-14 00:00:00,    0.000000,-9999.000000,-9999.000000
2014-12-15 00:00:00,    0.000000,-9999.000000,-9999.000000
2014-12-16 00:00:00,    0.000000,-9999.000000,-9999.000000
2014-12-17 00:00:00,    0.000000,-9999.000000,-9999.000000
2014-12-18 00:00:00,    0.000000,-9999.000000,-9999.000000
2014-12-19 00:00:00,    0.000000,-9999.000000,-9999.000000
2014-12-20 00:00:00,    0.000000,-9999.000000,-9999.000000
2014-12-21 00:00:00,    0.000000,-9999.000000,-9999.000000
2014-12-22 00:00:00,    0.000000,-9999.000000,-9999.000000
2014-12-23 00:00:00,    0.000000,-9999.000000,-9999.000000
2014-12-24 00:00:00,    0.000000,-9999.000000,-9999.000000
2014-12-25 00:00:00,    0.000000,-9999.000000,-9999.000000
2014-12-26 00:00:00,    0.000000,-9999.000000,-9999.000000
2014-12-27 00:00:00,    0.000000,-9999.000000,-9999.000000
2014-12-28 00:00:00,    0.000000,-9999.000000,-9999.000000
2014-12-29 00:00:00,    0.000000,-9999.000000,-9999.000000
2014-12-30 00:00:00,    0.000000,-9999.000000,-9999.000000
2014-12-31 00:00:00,    0.000000,-9999.000000,-9999.000000
2015-01-01 00:00:00,    0.000000,-9999.000000,-9999.000000
2015-01-02 00:00:00,    0.000000,-9999.000000,-9999.000000
2015-01-03 00:00:00,    0.000000,-9999.000000,-9999.000000
2015-01-04 00:00:00,    0.000000,-9999.000000,-9999.000000
2015-01-05 00:00:00,    0.000000,-9999.000000,-9999.000000
2015-01-06 00:00:00,    0.000000,-9999.000000,-9999.000000
2015-01-07 00:00:00,    0.000000,-9999.000000,-9999.000000
2015-01-08 00:00:00,    0.000000,-9999.000000,-9999.000000
2015-01-09 00:00:00,    0.000000,-9999.000000,-9999.000000
2015-01-10 00:00:00,    0.000000,-9999.000000,-9999.000000
2015-01-11 00:00:00,    0.000000,-9999.000000,-9999.000000
2015-01-12 00:00:00,    0.000000,-9999.000000,-9999.000000
2015-01-13 00:00:00,    0.000000,-9999.000000,-9999.000000
2015-01-14 00:00:00,    0.000000,-9999.000000,-9999.000000
2015-01-15 00:00:00,    0.000000,-9999.000000,-9999.000000
2015-01-16 00:00:00,    0.000000,-9999.000000,-9999.000000
2015-01-17 00:00:00,    0.000000,-9999.000000,-9999.000000
2015-01-18 00:00:00,    0.000000,-9999.000000,-9999.000000
2015-01-19 00:00:00,    0.000000,-9999.000000,-9999.000000
2015-01-20 00:00:00,    0.000000,-9999.000000,-9999.000000
2015-01-21 00:00:00,    0.000000,-9999.000000,-9999.000000
2015-01-22 00:00:00,    0.000000,-9999.000000,-9999.000000
2015-01-23 00:00:00,    0.000000,-9999.000000,-9999.000000
2015-01-24 00:00:00,    0.000000,-9999.000000,-9999.000000
2015-01-25 00:00:00,    0.000000,-9999.000000,-9999.000000
2015-01-26 00:00:00,    0.000000,-9999.000000,-9999.000000
2015-01-27 00:00:00,    0.000000,-9999.000000,-9999.000000
2015-01-28 00:00:00,    0.000000,-9999.000000,-9999.000000
2015-01-29 00:00:00,    0.000000,-9999.000000,-9999.000000
2015-01-30 00:00:00,    0.000000,-9999.000000,-9999.000000
2015-01-31 00:00:00,    0.000000,-9999.000000,-9999.000000
2015-02-01 00:00:00,    0.000000,-9999.000000,-9999.000000
2015-02-02 00:00:00,    0.000000,-9999.000000,-9999.000000
2015-02-03 00:00:00,    0.000000,-9999.000000,-9999.000000
2015-02-04 00:00:00,    0.000000,-9999.000000,-9999.000000
2015-02-05 00:00:00,    0.000000,-9999.000000,-9999.000000
2015-02-06 00:00:00,    0.000000,-9999.000000,-9999.000000
2015-02-07 00:00:00,    0.000000,-9999.000000,-9999.000000
2015-02-08 00:00:00,    0.000000,-9999.000000,-9999.000000
2015-02-09 00:00:00,    0.000000,-9999.000000,-9999.000000
2015-02-10 00:00:00,    0.000000,-9999.000000,-9999.000000
2015-02-11 00:00:00,    0.000000,-9999.000000,-9999.000000
2015-02-12 00:00:00,    0.000000,-9999.000000,-9999.000000
2015-02-13 00:00:00,    0.000000,-9999.000000,-9999.000000
2015-02-14 00:00:00,    0.000000,-9999.000000,-9999.000000
2015-02-15 00:00:00,    0.000000,-9999.000000,-9999.000000
2015-02-16 00:00:00,    0.000000,-9999.000000,-9999.000000
2015-02-17 00:00:00,    0.000000,-9999.000000,-9999.000000
2015-02-18 00:00:00,    0.000000,-9999.000000,-9999.000000
2015-02-19 00:00:00,    0.000000,-9999.000000,-9999.000000
2015-02-20 00:00:00,    0.000000,-9999.000000,-9999.000000
2015-02-21 00:00:00,    0.000000,-9999.000000,-9999.000000
2015-02-22 00:00:00,    0.000000,-9999.000000,-9999.000000
2015-02-23 00:00:00,    0.000000,-9999.000000,-9999.000000
2015-02-24 00:00:00,    0.000000,-9999.000000,-9999.000000
2015-02-25 00:00:00,    0.000000,-9999.000000,-9999.000000
2015-02-26 00:00:00,    0.000000,-9999.000000,-9999.000000
2015-02-27 00:00:00,    0.000000,-9999.000000,-9999.000000
2015-02-28 00:00:00,    0.000000,-9999.000000,-9999.000000
2015-03-01 00:00:00,    0.000000,-9999.000000,-9999.000000
2015-03-02 00:00:00,    0.000000,-9999.000000,-9999.000000
2015-03-03 00:00:00,    0.000000,-9999.000000,-9999.000000
2015-03-04 00:00:00,    0.000000,-9999.000000,-9999.000000
2015-03-05 00:00:00,    0.000000,-9999.000000,-9999.000000
2015-03-06 00:00:00,    0.000000,-9999.000000,-9999.000000
2015-03-07 00:00:00,    0.000000,-9999.000000,-9999.000000
2015-03-08 00:00:00,    0.000000,-9999.000000,-9999.000000
2015-03-09 00:00:00,    0.000000,-9999.000000,-9999.000000
2015-03-10 00:00:00,    0.000000,-9999.000000,-9999.000000
2015-03-11 00:00:00,    0.000000,-9999.000000,-9999.000000
2015-03-12 00:00:00,    0.000000,-9999.000000,-9999.000000
2015-03-13 00:00:00,    0.000000,-9999.000000,-9999.000000
2015-03-14 00:00:00,    0.000000,-9999.000000,-9999.000000
2015-03-15 00:00:00,    0.000000,-9999.000000,-9999.000000
2015-03-16 00:00:00,    0.000000,-9999.000000,-9999.000000
2015-03-17 00:00:00,    0.000000,-9999.000000,-9999.000000
2015-03-18 00:00:00,    0.000000,-9999.000000,-9999.000000
2015-03-19 00:00:00,    0.000000,-9999.000000,-9999.000000
2015-03-20 00:00:00,    0.000000,-9999.000000,-9999.000000
2015-03-21 00:00:00,    0.000000,-9999.000000,-9999.000000
2015-03-22 00:00:00,    0.000000,-9999.000000,-9999.000000
2015-03-23 00:00:00,    0.000000,-9999.000000,-9999.000000
2015-03-24 00:00:00,    0.000000,-9999.000000,-9999.000000
2015-03-25 00:00:00,    0.000000,-9999.000000,-9999.000000
2015-03-26 00:00:00,    0.000000,-9999.000000,-9999.000000
2015-03-27 00:00:00,    0.000000,-9999.000000,-9999.000000
2015-03-28 00:00:00,    0.000000,-9999.000000,-9999.000000
2015-03-29 00:00:00,    0.000000,-9999.000000,-9999.000000
2015-03-30 00:00:00,    0.000000,-9999.000000,-9999.000000
2015-03-31 00:00:00,    0.000000,-9999.000000,-9999.000000
2015-04-01 00:00:00,    0.000000,-9999.000000,-9999.000000
2015-04-02 00:00:00,    0.000000,-9999.000000,-9999.000000
2015-04-03 00:00:00,    0.000000,-9999.000000,-9999.000000
2015-04-04 00:00:00,    0.000000,-9999.000000,-9999.000000
2015-04-05 00:00:00,    0.000000,-9999.000000,-9999.000000
2015-04-06 00:00:00,    0.000000,-9999.000000,-9999.000000
2015-04-07 00:00:00,    0.000000,-9999.000000,-9999.000000
2015-04-08 00:00:00,    0.000000,-9999.000000,-9999.000000
2015-04-09 00:00:00,    0.000000,-9999.000000,-9999.000000
2015-04-10 00:00:00,    0.000000,-9999.000000,-9999.000000
2015-04-11 00:00:00,    0.000000,-9999.000000,-9999.000000
2015-04-12 00:00:00,    0.000000,-9999.000000,-9999.000000
2015-04-13 00:00:00,    0.000000,-9999.000000,-9999.000000
2015-04-14 00:00:00,    0.000000,-9999.000000,-9999.000000
2015-04-15 00:00:00,    0.000000,-9999.000000,-9999.000000
2015-04-16 00:00:00,    0.000000,-9999.000000,-9999.000000
2015-04-17 00:00:00,    0.000000,-9999.000000,-9999.000000
2015-04-18 00:00:00,    0.000000,-9999.000000,-9999.000000
2015-04-19 00:00:00,    0.000000,-9999.000000,-9999.000000
2015-04-20 00:00:00,    0.000000,-9999.000000,-9999.000000
2015-04-21 00:00:00,    0.000000,-9999.000000,-9999.000000
2015-04-22 00:00:00,    0.000000,-9999.000000,-9999.000000
2015-04-23 00:00:00,    0.000000,-9999.000000,-9999.000000
2015-04-24 00:00:00,    0.000000,-9999.000000,-9999.000000
2015-04-25 00:00:00,    0.000000,-9999.000000,-9999.000000
2015-04-26 00:00:00,    0.000000,-9999.000000,-9999.000000
2015-04-27 00:00:00,    0.000000,-9999.000000,-9999.000000
2015-04-28 00:00:00,    0.000000,-9999.000000,-9999.000000
2015-04-29 00:00:00,    0.000000,-9999.000000,-9999.000000
2015-04-30 00:00:00,    0.000000,-9999.000000,-9999.000000
2015-05-01 00:00:00,    0.000000,-9999.000000,-9999.000000
2015-05-02 00:00:00,    0.000000,-9999.000000,-9999.000000
2015-05-03 00:00:00,    0.000000,-9999.000000,-9999.000000
2015-05-04 00:00:00,    0.000000,-9999.000000,-9999.000000
2015-05-05 00:00:00,    0.000000,-9999.000000,-9999.000000
2015-05-06 00:00:00,    0.000000,-9999.000000,-9999.000000
2015-05-07 00:00:00,    0.000000,-9999.000000,-9999.000000
2015-05-08 00:00:00,    0.000000,-9999.000000,-9999.000000
2015-05-09 00:00:00,    0.000000,-9999.000000,-9999.000000
2015-05-10 00:00:00,    0.000000,-9999.000000,-9999.000000
2015-05-11 00:00:00,    0.000000,-9999.000000,-9999.000000
2015-05-12 00:00:00,    0.000000,-9999.000000,-9999.000000
2015-05-13 00:00:00,    0.000000,-9999.000000,-9999.000000
2015-05-14 00:00:00,    0.000000,-9999.000000,-9999.000000
2015-05-15 00:00:00,    0.000000,-9999.000000,-9999.000000
2015-05-16 00:00:00,    0.000000,-9999.000000,-9999.000000
2015-05-17 00:00:00,    1.686450,   17.364489,    1.702831
2015-05-18 00:00:00,    4.557677,   17.259344,    1.700699
2015-05-19 00:00:00,    4.534488,   17.078319,    1.699522
2015-05-20 00:00:00,    4.292410,   16.886963,    1.698056
2015-05-21 00:00:00,    3.790233,   16.708820,    1.696992
2015-05-22 00:00:00,    4.458758,   16.612278,    1.695884
2015-05-23 00:00:00,    6.203344,   16.577235,    1.694517
2015-05-24 00:00:00,    7.351240,   16.633506,    1.701373
2015-05-25 00:00:00,    8.805975,   16.667553,    1.705398
2015-05-26 00:00:00,   10.228954,   16.657306,    1.703835
2015-05-27 00:00:00,   10.532472,   16.646978,    1.702277
2015-05-28 00:00:00,   11.097970,   16.636780,    1.700723
2015-05-29 00:00:00,   11.551298,   16.521626,    1.686618
2015-05-30 00:00:00,   12.587097,   16.466970,    1.685405
2015-05-31 00:00:00,   14.244770,   16.439978,    1.684161
2015-06-01 00:00:00,   12.092738,   16.368657,    1.683908
2015-06-02 00:00:00,   49.491427,   16.375149,    1.677040
2015-06-03 00:00:00,   52.045878,   16.542280,    1.675724
2015-06-04 00:00:00,   56.232791,   16.549553,    1.674280
2015-06-05 00:00:00,   59.522340,   16.687365,    1.691175
2015-06-06 00:00:00,   69.307855,   16.791452,    1.703893
2015-06-07 00:00:00,   71.539722,   16.795622,    1.704084
2015-06-08 00:00:00,   72.823301,   16.798613,    1.704146
2015-06-09 00:00:00,   72.248322,   16.512986,    1.662404
2015-06-10 00:00:00,   71.056681,   16.712203,    1.688049
2015-06-11 00:00:00,   71.219593,   16.657037,    1.680491
2015-06-12 00:00:00,  156.349914,   16.647622,    1.679064
2015-06-13 00:00:00,  154.647550,   16.602829,    1.672746
2015-06-14 00:00:00,  152.424936,   16.357726,    1.653335
2015-06-15 00:00:00,  151.166462,   16.230229,    1.652455
2015-06-16 00:00:00,  146.493238,   16.151704,    1.651569
2015-06-17 00:00:00,  138.569045,   16.030812,    1.651502
2015-06-18 00:00:00,  330.697993,   16.164903,    1.659673
2015-06-19 00:00:00,  564.861996,   16.085757,    1.650803
2015-06-20 00:00:00,  572.930809,   15.990871,    1.640330
2015-06-21 00:00:00,  694.219112,   15.982909,    1.639132
2015-06-22 00:00:00,  725.377179,   15.953886,    1.628811
2015-06-23 00:00:00,  717.001553,   15.775515,    1.627319
2015-06-24 00:00:00,  708.735465,   15.702367,    1.626005
2015-06-25 00:00:00,  701.424717,   15.580515,    1.624718
2015-06-26 00:00:00,  695.009446,   15.518845,    1.618582
2015-06-27 00:00:00,  686.908453,   15.540064,    1.622127
2015-06-28 00:00:00,  676.310160,   15.482270,    1.620955
2015-06-29 00:00:00,  668.585406,   15.419413,    1.619844
2015-06-30 00:00:00,  661.021736,   15.357896,    1.614129
2015-07-01 00:00:00,  665.693421,   15.248908,    1.604439
2015-07-02 00:00:00,  659.753804,   15.327769,    1.610397
2015-07-03 00:00:00,  659.069767,   15.311883,    1.608580
2015-07-04 00:00:00,  655.081304,   15.208216,    1.599635
2015-07-05 00:00:00,  653.207119,   15.202172,    1.598709
2015-07-06 00:00:00,  646.901782,   15.196147,    1.597802
2015-07-07 00:00:00,  666.120664,   15.190293,    1.596913
2015-07-08 00:00:00,  648.464868,   15.184587,    1.596045
2015-07-09 00:00:00,  641.838320,   15.301799,    1.606381
2015-07-10 00:00:00,  659.691160,   15.246959,    1.601629
2015-07-11 00:00:00,  652.448383,   15.276143,    1.603169
2015-07-12 00:00:00,  643.870441,   15.158875,    1.602332
2015-07-13 00:00:00,  634.883252,   15.041602,    1.601581
2015-07-14 00:00:00,  626.112454,   14.941937,    1.600814
2015-07-15 00:00:00,  617.545832,   14.928035,    1.600092
2015-07-16 00:00:00,  600.173371,   14.904416,    1.599914
2015-07-17 00:00:00,  615.531714,   14.763236,    1.599342
2015-07-18 00:00:00,  616.684316,   14.762431,    1.598785
2015-07-19 00:00:00,  710.802638,   14.930561,    1.590543
2015-07-20 00:00:00,  750.621443,   15.018220,    1.587188
2015-07-21 00:00:00,  755.532144,   14.886892,    1.586077
2015-07-22 00:00:00,  795.658623,   14.885573,    1.582431
2015-07-23 00:00:00,  835.933133,   14.812366,    1.579295
2015-07-24 00:00:00,  823.722369,   14.729309,    1.578534
2015-07-25 00:00:00,  814.465626,   14.673723,    1.574661
2015-07-26 00:00:00,  805.508753,   14.670354,    1.574093
2015-07-27 00:00:00,  790.574666,   14.667242,    1.573550
2015-07-28 00:00:00,  823.711732,   14.664325,    1.573031
2015-07-29 00:00:00,  818.791590,   14.789993,    1.580298
2015-07-30 00:00:00,  978.256774,   14.791748,    1.580054
2015-07-31 00:00:00, 1020.512577,   14.485037,    1.560962
2015-08-01 00:00:00,  996.458841,   14.489689,    1.561057
2015-08-02 00:00:00,  979.468996,   14.494266,    1.561155
2015-08-03 00:00:00,  963.762121,   14.457992,    1.558466
2015-08-04 00:00:00,  946.776988,   14.461107,    1.558429
2015-08-05 00:00:00,  928.392300,   14.464251,    1.558405
2015-08-06 00:00:00,  912.165290,   14.467428,    1.558395
2015-08-07 00:00:00,  966.624828,   14.470642,    1.558398
2015-08-08 00:00:00, 1049.771312,   14.828643,    1.578962
2015-08-09 00:00:00, 1091.917435,   14.808106,    1.577509
2015-08-10 00:00:00, 1075.587630,   14.789705,    1.550002
2015-08-11 00:00:00, 1058.609081,   14.709559,    1.549825
2015-08-12 00:00:00, 1044.750347,   14.701856,    1.549813
2015-08-13 00:00:00, 1032.254399,   14.655202,    1.546555
2015-08-14 00:00:00, 1017.083756,   14.655641,    1.546475
2015-08-15 00:00:00, 1002.906204,   14.568850,    1.540571
2015-08-16 00:00:00,  988.848399,   14.570283,    1.540579
2015-08-17 00:00:00,  989.829029,   14.571818,    1.540608
2015-08-18 00:00:00,  964.236721,   14.660156,    1.546413
2015-08-19 00:00:00,  981.174912,   14.575201,    1.540704
2015-08-20 00:00:00,  969.066889,   14.577202,    1.540804
2015-08-21 00:00:00, 1069.240223,   14.579459,    1.540926
2015-08-22 00:00:00, 1171.436186,   14.579143,    1.540863
2015-08-23 00:00:00, 1149.674366,   14.675763,    1.547304
2015-08-24 00:00:00, 1125.097660,   14.679179,    1.547541
2015-08-25 00:00:00, 1100.583832,   14.682986,    1.547826
2015-08-26 00:00:00, 1079.820837,   14.687011,    1.548130
2015-08-27 00:00:00, 1057.109336,   14.691254,    1.548455
2015-08-28 00:00:00, 1358.366461,   14.747342,    1.552277
2015-08-29 00:00:00, 1570.082857,   14.752098,    1.552680
2015-08-30 00:00:00, 1529.587599,   14.757066,    1.553105
2015-08-31 00:00:00, 1536.078905,   14.762250,    1.553552
2015-09-01 00:00:00, 1501.906547,   14.766957,    1.553938
2015-09-02 00:00:00, 1472.131832,   14.771846,    1.554339
2015-09-03 00:00:00, 1440.599739,   14.777563,    1.554842
2015-09-04 00:00:00, 1518.287837,   14.783538,    1.555370
2015-09-05 00:00:00, 1479.714823,   14.790032,    1.555978
2015-09-06 00:00:00, 1444.878890,   14.796667,    1.556603
2015-09-07 00:00:00, 1416.073291,   14.803485,    1.557248
2015-09-08 00:00:00, 1387.936713,   14.810492,    1.557915
2015-09-09 00:00:00, 1349.698675,   14.817696,    1.558604
2015-09-10 00:00:00, 1332.039316,   14.825099,    1.559318
2015-09-11 00:00:00, 1310.315253,   14.886417,    1.563811
2015-09-12 00:00:00, 1344.282916,   14.894330,    1.564598
2015-09-13 00:00:00, 1310.153003,   14.902447,    1.565412
2015-09-14 00:00:00, 1290.294499,   14.910804,    1.566253
2015-09-15 00:00:00, 1258.703653,   14.919360,    1.567122
2015-09-16 00:00:00, 1228.620108,   14.928159,    1.568018
2015-09-17 00:00:00, 1201.484300,   14.937191,    1.568943
2015-09-18 00:00:00, 1174.388230,   14.946448,    1.569896
2015-09-19 00:00:00, 1134.643342,   14.955923,    1.570876
2015-09-20 00:00:00, 1100.978817,   14.965622,    1.571886
2015-09-21 00:00:00, 1073.385727,   14.975545,    1.572923
2015-09-22 00:00:00, 1034.853985,   14.985689,    1.573989
2015-09-23 00:00:00, 1002.885143,   14.996055,    1.575084
2015-09-24 00:00:00,  972.777949,   15.006640,    1.576207
2015-09-25 00:00:00,  947.876976,   15.017440,    1.577359
2015-09-26 00:00:00,  917.504736,   15.028449,    1.578540
2015-09-27 00:00:00,  884.339719,   15.039688,    1.579749
2015-09-28 00:00:00,  862.385165,   15.051144,    1.580987
2015-09-29 00:00:00,  840.911135,   15.062816,    1.582254
2015-09-30 00:00:00,  823.393851,   15.074695,    1.583549
2015-10-01 00:00:00,  804.413725,   15.088801,    1.585131
2015-10-02 00:00:00,  790.549839,   15.103187,    1.586750
2015-10-03 00:00:00,  773.947994,   15.115779,    1.588146
2015-10-04 00:00:00,  746.555198,   15.128592,    1.589570
2015-10-05 00:00:00,  703.224620,   15.141587,    1.591023
2015-10-06 00:00:00,  680.619103,   15.154803,    1.592503
2015-10-07 00:00:00,  649.558349,   15.168267,    1.594012
2015-10-08 00:00:00,  627.255750,   15.181932,    1.595549
2015-10-09 00:00:00,  612.080560,   15.195806,    1.597114
2015-10-10 00:00:00,  597.829780,   15.209883,    1.598707
2015-10-11 00:00:00,  579.582379,   15.224146,    1.600328
2015-10-12 00:00:00,  562.287377,   15.238602,    1.601975
2015-10-13 00:00:00,  542.756607,   15.253277,    1.603651
2015-10-14 00:00:00,  530.905538,   15.268137,    1.605353
2015-10-15 00:00:00,  503.242252,   15.283145,    1.607082
2015-10-16 00:00:00,  484.238198,   15.298396,    1.608837
2015-10-17 00:00:00,  464.115768,   15.313842,    1.610620
2015-10-18 00:00:00,  501.546152,   15.330255,    1.612564
2015-10-19 00:00:00,  482.074258,   15.346645,    1.614508
2015-10-20 00:00:00,  465.166656,   15.363118,    1.616461
2015-10-21 00:00:00,  451.733107,   15.379701,    1.618426
2015-10-22 00:00:00,  437.031589,   15.465496,    1.626584
2015-10-23 00:00:00,  412.757203,   15.482751,    1.628658
2015-10-24 00:00:00,  392.117423,   15.500169,    1.630752
2015-10-25 00:00:00,  372.193305,   15.517730,    1.632866
2015-10-26 00:00:00,  357.659159,   15.535450,    1.635001
2015-10-27 00:00:00,  345.536027,   15.553331,    1.637156
2015-10-28 00:00:00,  338.080484,   15.571319,    1.639333
2015-10-29 00:00:00,  329.567636,   15.589492,    1.641530
2015-10-30 00:00:00,  317.147089,   15.607810,    1.643748
2015-10-31 00:00:00,  302.325355,   15.626238,    1.645986
2015-11-01 00:00:00,  330.761625,   15.640677,    1.647689
2015-11-02 00:00:00,  470.528104,   15.655202,    1.649402
2015-11-03 00:00:00,  449.739323,   15.673975,    1.651684
2015-11-04 00:00:00,  430.068108,   15.692900,    1.653985
2015-11-05 00:00:00,  417.647314,   15.711962,    1.656304
2015-11-06 00:00:00,  409.753300,   15.731117,    1.658642
2015-11-07 00:00:00,  377.219976,   15.750388,    1.660997
2015-11-08 00:00:00,  353.959269,   15.769794,    1.663370
2015-11-09 00:00:00,  336.490713,   15.789358,    1.665759
2015-11-10 00:00:00,  319.890086,   15.809037,    1.668165
2015-11-11 00:00:00,  304.435139,   15.828825,    1.670586
2015-11-12 00:00:00,  286.488645,   15.848727,    1.673022
2015-11-13 00:00:00,  265.742654,   15.868724,    1.675472
2015-11-14 00:00:00,  249.546640,   15.888835,    1.677936
2015-11-15 00:00:00,  229.162031,   15.909042,    1.680413
2015-11-16 00:00:00,  214.730589,   15.930431,    1.683103
2015-11-17 00:00:00,  195.876930,   15.951641,    1.685766
2015-11-18 00:00:00,  170.664090,   15.972720,    1.688413
2015-11-19 00:00:00,  148.889039,   15.993772,    1.691053
2015-11-20 00:00:00,  134.927877,   16.014824,    1.693688
2015-11-21 00:00:00,  117.144267,   16.035875,    1.696322
2015-11-22 00:00:00,  102.509237,   16.056935,    1.698956
2015-11-23 00:00:00,   95.554032,   16.078005,    1.701590
2015-11-24 00:00:00,   73.924857,   16.099080,    1.704226
2015-11-25 00:00:00,   59.073746,   16.208711,    1.716112
2015-11-26 00:00:00,   45.648733,   16.230300,    1.718831
2015-11-27 00:00:00,   36.588836,   16.251906,    1.721551
2015-11-28 00:00:00,   26.546032,   16.273523,    1.724272
2015-11-29 00:00:00,   13.925250,   16.295146,    1.726994
2015-11-30 00:00:00,    4.835939,   16.316771,    1.729714
2015-12-01 00:00:00,    1.191964,   16.342128,    1.732947
2015-12-02 00:00:00,    0.000000,-9999.000000,-9999.000000
2015-12-03 00:00:00,    0.000000,-9999.000000,-9999.000000
2015-12-04 00:00:00,    0.000000,-9999.000000,-9999.000000
2015-12-05 00:00:00,    0.000000,-9999.000000,-9999.000000
2015-12-06 00:00:00,    0.000000,-9999.000000,-9999.000000
2015-12-07 00:00:00,    0.000000,-9999.000000,-9999.000000
2015-12-08 00:00:00,    0.000000,-9999.000000,-9999.000000
2015-12-09 00:00:00,    0.000000,-9999.000000,-9999.000000
2015-12-10 00:00:00,    0.000000,-9999.000000,-9999.000000
2015-12-11 00:00:00,    0.000000,-9999.000000,-9999.000000
2015-12-12 00:00:00,    0.000000,-9999.000000,-9999.000000
2015-12-13 00:00:00,    0.000000,-9999.000000,-9999.000000
2015-12-14 00:00:00,    0.000000,-9999.000000,-9999.000000
2015-12-15 00:00:00,    0.000000,-9999.000000,-9999.000000
2015-12-16 00:00:00,    0.000000,-9999.000000,-9999.000000
2015-12-17 00:00:00,    0.000000,-9999.000000,-9999.000000
2015-12-18 00:00:00,    0.000000,-9999.000000,-9999.000000
2015-12-19 00:00:00,    0.000000,-9999.000000,-9999.000000
2015-12-20 00:00:00,    0.000000,-9999.000000,-9999.000000
2015-12-21 00:00:00,    0.000000,-9999.000000,-9999.000000
2015-12-22 00:00:00,    0.000000,-9999.000000,-9999.000000
2015-12-23 00:00:00,    0.000000,-9999.000000,-9999.000000
2015-12-24 00:00:00,    0.000000,-9999.000000,-9999.000000
2015-12-25 00:00:00,    0.000000,-9999.000000,-9999.000000
2015-12-26 00:00:00,    0.000000,-9999.000000,-9999.000000
2015-12-27 00:00:00,    0.000000,-9999.000000,-9999.000000
2015-12-28 00:00:00,    0.000000,-9999.000000,-9999.000000
2015-12-29 00:00:00,    0.000000,-9999.000000,-9999.000000
2015-12-30 00:00:00,    0.000000,-9999.000000,-9999.000000
2015-12-31 00:00:00,    0.000000,-9999.000000,-9999.000000
2016-01-01 00:00:00,    0.000000,-9999.000000,-9999.000000
2016-01-02 00:00:00,    0.000000,-9999.000000,-9999.000000
2016-01-03 00:00:00,    0.000000,-9999.000000,-9999.000000
2016-01-04 00:00:00,    0.000000,-9999.000000,-9999.000000
2016-01-05 00:00:00,    0.000000,-9999.000000,-9999.000000
2016-01-06 00:00:00,    0.000000,-9999.000000,-9999.000000
2016-01-07 00:00:00,    0.000000,-9999.000000,-9999.000000
2016-01-08 00:00:00,    0.000000,-9999.000000,-9999.000000
2016-01-09 00:00:00,    0.000000,-9999.000000,-9999.000000
2016-01-10 00:00:00,    0.000000,-9999.000000,-9999.000000
2016-01-11 00:00:00,    0.000000,-9999.000000,-9999.000000
2016-01-12 00:00:00,    0.000000,-9999.000000,-9999.000000
2016-01-13 00:00:00,    0.000000,-9999.000000,-9999.000000
2016-01-14 00:00:00,    0.000000,-9999.000000,-9999.000000
2016-01-15 00:00:00,    0.000000,-9999.000000,-9999.000000
2016-01-16 00:00:00,    0.000000,-9999.000000,-9999.000000
2016-01-17 00:00:00,    0.000000,-9999.000000,-9999.000000
2016-01-18 00:00:00,    0.000000,-9999.000000,-9999.000000
2016-01-19 00:00:00,    0.000000,-9999.000000,-9999.000000
2016-01-20 00:00:00,    0.000000,-9999.000000,-9999.000000
2016-01-21 00:00:00,    0.000000,-9999.000000,-9999.000000
2016-01-22 00:00:00,    0.000000,-9999.000000,-9999.000000
2016-01-23 00:00:00,    0.000000,-9999.000000,-9999.000000
2016-01-24 00:00:00,    0.000000,-9999.000000,-9999.000000
2016-01-25 00:00:00,    0.000000,-9999.000000,-9999.000000
2016-01-26 00:00:00,    0.000000,-9999.000000,-9999.000000
2016-01-27 00:00:00,    0.000000,-9999.000000,-9999.000000
2016-01-28 00:00:00,    0.000000,-9999.000000,-9999.000000
2016-01-29 00:00:00,    0.000000,-9999.000000,-9999.000000
2016-01-30 00:00:00,    0.000000,-9999.000000,-9999.000000
2016-01-31 00:00:00,    0.000000,-9999.000000,-9999.000000
2016-02-01 00:00:00,    0.000000,-9999.000000,-9999.000000
2016-02-02 00:00:00,    0.000000,-9999.000000,-9999.000000
2016-02-03 00:00:00,    0.000000,-9999.000000,-9999.000000
2016-02-04 00:00:00,    0.000000,-9999.000000,-9999.000000
2016-02-05 00:00:00,    0.000000,-9999.000000,-9999.000000
2016-02-06 00:00:00,    0.000000,-9999.000000,-9999.000000
2016-02-07 00:00:00,    0.000000,-9999.000000,-9999.000000
2016-02-08 00:00:00,    0.000000,-9999.000000,-9999.000000
2016-02-09 00:00:00,    0.000000,-9999.000000,-9999.000000
2016-02-10 00:00:00,    0.000000,-9999.000000,-9999.000000
2016-02-11 00:00:00,    0.000000,-9999.000000,-9999.000000
2016-02-12 00:00:00,    0.000000,-9999.000000,-9999.000000
2016-02-13 00:00:00,    0.000000,-9999.000000,-9999.000000
2016-02-14 00:00:00,    0.000000,-9999.000000,-9999.000000
2016-02-15 00:00:00,    0.000000,-9999.000000,-9999.000000
2016-02-16 00:00:00,    0.000000,-9999.000000,-9999.000000
2016-02-17 00:00:00,    0.000000,-9999.000000,-9999.000000
2016-02-18 00:00:00,    0.000000,-9999.000000,-9999.000000
2016-02-19 00:00:00,    0.000000,-9999.000000,-9999.000000
2016-02-20 00:00:00,    0.000000,-9999.000000,-9999.000000
2016-02-21 00:00:00,    0.000000,-9999.000000,-9999.000000
2016-02-22 00:00:00,    0.000000,-9999.000000,-9999.000000
2016-02-23 00:00:00,    0.000000,-9999.000000,-9999.000000
2016-02-24 00:00:00,    0.000000,-9999.000000,-9999.000000
2016-02-25 00:00:00,    0.000000,-9999.000000,-9999.000000
2016-02-26 00:00:00,    0.000000,-9999.000000,-9999.000000
2016-02-27 00:00:00,    0.000000,-9999.000000,-9999.000000
2016-02-28 00:00:00,    0.000000,-9999.000000,-9999.000000
2016-02-29 00:00:00,    0.000000,-9999.000000,-9999.000000
2016-03-01 00:00:00,    0.000000,-9999.000000,-9999.000000
2016-03-02 00:00:00,    0.000000,-9999.000000,-9999.000000
2016-03-03 00:00:00,    0.000000,-9999.000000,-9999.000000
2016-03-04 00:00:00,    0.000000,-9999.000000,-9999.000000
2016-03-05 00:00:00,    0.000000,-9999.000000,-9999.000000
2016-03-06 00:00:00,    0.000000,-9999.000000,-9999.000000
2016-03-07 00:00:00,    0.000000,-9999.000000,-9999.000000
2016-03-08 00:00:00,    0.000000,-9999.000000,-9999.000000
2016-03-09 00:00:00,    0.000000,-9999.000000,-9999.000000
2016-03-10 00:00:00,    0.000000,-9999.000000,-9999.000000
2016-03-11 00:00:00,    0.000000,-9999.000000,-9999.000000
2016-03-12 00:00:00,    0.000000,-9999.000000,-9999.000000
2016-03-13 00:00:00,    0.000000,-9999.000000,-9999.000000
2016-03-14 00:00:00,    0.000000,-9999.000000,-9999.000000
2016-03-15 00:00:00,    0.000000,-9999.000000,-9999.000000
2016-03-16 00:00:00,    0.000000,-9999.000000,-9999.000000
2016-03-17 00:00:00,    0.000000,-9999.000000,-9999.000000
2016-03-18 00:00:00,    0.000000,-9999.000000,-9999.000000
2016-03-19 00:00:00,    0.000000,-9999.000000,-9999.000000
2016-03-20 00:00:00,    0.000000,-9999.000000,-9999.000000
2016-03-21 00:00:00,    0.000000,-9999.000000,-9999.000000
2016-03-22 00:00:00,    0.000000,-9999.000000,-9999.000000
2016-03-23 00:00:00,    0.000000,-9999.000000,-9999.000000
2016-03-24 00:00:00,    0.000000,-9999.000000,-9999.000000
2016-03-25 00:00:00,    0.000000,-9999.000000,-9999.000000
2016-03-26 00:00:00,    0.000000,-9999.000000,-9999.000000
2016-03-27 00:00:00,    0.000000,-9999.000000,-9999.000000
2016-03-28 00:00:00,    0.000000,-9999.000000,-9999.000000
2016-03-29 00:00:00,    0.000000,-9999.000000,-9999.000000
2016-03-30 00:00:00,    0.000000,-9999.000000,-9999.000000
2016-03-31 00:00:00,    0.000000,-9999.000000,-9999.000000
2016-04-01 00:00:00,    0.000000,-9999.000000,-9999.000000
2016-04-02 00:00:00,    0.000000,-9999.000000,-9999.000000
2016-04-03 00:00:00,    0.000000,-9999.000000,-9999.000000
2016-04-04 00:00:00,    0.000000,-9999.000000,-9999.000000
2016-04-05 00:00:00,    0.000000,-9999.000000,-9999.000000
2016-04-06 00:00:00,    0.000000,-9999.000000,-9999.000000
2016-04-07 00:00:00,    0.000000,-9999.000000,-9999.000000
2016-04-08 00:00:00,    0.000000,-9999.000000,-9999.000000
2016-04-09 00:00:00,    0.000000,-9999.000000,-9999.000000
2016-04-10 00:00:00,    0.000000,-9999.000000,-9999.000000
2016-04-11 00:00:00,    0.000000,-9999.000000,-9999.000000
2016-04-12 00:00:00,    0.000000,-9999.000000,-9999.000000
2016-04-13 00:00:00,    0.000000,-9999.000000,-9999.000000
2016-04-14 00:00:00,    0.000000,-9999.000000,-9999.000000
2016-04-15 00:00:00,    0.000000,-9999.000000,-9999.000000
2016-04-16 00:00:00,    0.000000,-9999.000000,-9999.000000
2016-04-17 00:00:00,    0.000000,-9999.000000,-9999.000000
2016-04-18 00:00:00,    0.000000,-9999.000000,-9999.000000
2016-04-19 00:00:00,    0.000000,-9999.000000,-9999.000000
2016-04-20 00:00:00,    0.000000,-9999.000000,-9999.000000
2016-04-21 00:00:00,    0.000000,-9999.000000,-9999.000000
2016-04-22 00:00:00,    0.000000,-9999.000000,-9999.000000
2016-04-23 00:00:00,    0.000000,-9999.000000,-9999.000000
2016-04-24 00:00:00,    0.000000,-9999.000000,-9999.000000
2016-04-25 00:00:00,    0.000000,-9999.000000,-9999.000000
2016-04-26 00:00:00,    0.000000,-9999.000000,-9999.000000
2016-04-27 00:00:00,    0.000000,-9999.000000,-9999.000000
2016-04-28 00:00:00,    0.000000,-9999.000000,-9999.000000
2016-04-29 00:00:00,    0.000000,-9999.000000,-9999.000000
2016-04-30 00:00:00,    0.000000,-9999.000000,-9999.000000
2016-05-01 00:00:00,    0.000000,-9999.000000,-9999.000000
2016-05-02 00:00:00,    0.000000,-9999.000000,-9999.000000
2016-05-03 00:00:00,    0.000000,-9999.000000,-9999.000000
2016-05-04 00:00:00,    0.000000,-9999.000000,-9999.000000
2016-05-05 00:00:00,    0.000000,-9999.000000,-9999.000000
2016-05-06 00:00:00,    0.000000,-9999.000000,-9999.000000
2016-05-07 00:00:00,    0.000000,-9999.000000,-9999.000000
2016-05-08 00:00:00,    0.000000,-9999.000000,-9999.000000
2016-05-09 00:00:00,    0.000000,-9999.000000,-9999.000000
2016-05-10 00:00:00,    0.000000,-9999.000000,-9999.000000
2016-05-11 00:00:00,    0.000000,-9999.000000,-9999.000000
2016-05-12 00:00:00,    0.000000,-9999.000000,-9999.000000
2016-05-13 00:00:00,    0.000000,-9999.000000,-9999.000000
2016-05-14 00:00:00,    0.000000,-9999.000000,-9999.000000
2016-05-15 00:00:00,    0.000000,-9999.000000,-9999.000000
2016-05-16 00:00:00,    0.000000,-9999.000000,-9999.000000
2016-05-17 00:00:00,    0.000000,-9999.000000,-9999.000000
2016-05-18 00:00:00,    0.000000,-9999.000000,-9999.000000
2016-05-19 00:00:00,    0.000000,-9999.000000,-9999.000000
2016-05-20 00:00:00,    0.000000,-9999.000000,-9999.000000
2016-05-21 00:00:00,    0.000668,   17.527817,    1.848538
2016-05-22 00:00:00,    0.000000,-9999.000000,-9999.000000
2016-05-23 00:00:00,   15.983423,   17.550924,    1.849777
2016-05-24 00:00:00,   92.844899,   17.423872,    1.723805
2016-05-25 00:00:00,   90.269802,   17.337621,    1.722784
2016-05-26 00:00:00,  104.775976,   17.207157,    1.719915
2016-05-27 00:00:00,  103.785842,   17.041308,    1.718519
2016-05-28 00:00:00,  160.947493,   17.111535,    1.711777
2016-05-29 00:00:00,  162.494339,   17.016258,    1.710360
2016-05-30 00:00:00,  161.630563,   16.902816,    1.709185
2016-05-31 00:00:00,  163.063908,   16.851542,    1.708034
2016-06-01 00:00:00,  162.299304,   16.746815,    1.707233
2016-06-02 00:00:00,  157.929137,   16.603738,    1.706720
2016-06-03 00:00:00,  158.558213,   16.529260,    1.705820
2016-06-04 00:00:00,  172.054062,   16.761363,    1.730020
2016-06-05 00:00:00,  172.226070,   16.781502,    1.726914
2016-06-06 00:00:00,  256.267902,   16.583035,    1.718747
2016-06-07 00:00:00,  327.728445,   16.238724,    1.711627
2016-06-08 00:00:00,  321.697301,   16.034361,    1.709969
2016-06-09 00:00:00,  330.717583,   15.949485,    1.707856
2016-06-10 00:00:00,  355.838863,   15.914762,    1.704532
2016-06-11 00:00:00,  351.408066,   15.956053,    1.703139
2016-06-12 00:00:00,  542.748461,   15.953979,    1.701778
2016-06-13 00:00:00,  623.023595,   15.838985,    1.691623
2016-06-14 00:00:00,  617.885109,   15.823212,    1.689710
2016-06-15 00:00:00,  615.344857,   15.754515,    1.681902
2016-06-16 00:00:00,  611.781671,   15.708357,    1.676811
2016-06-17 00:00:00,  606.139576,   15.814544,    1.677839
2016-06-18 00:00:00,  596.101766,   15.663684,    1.676478
2016-06-19 00:00:00,  598.914818,   15.712983,    1.674860
2016-06-20 00:00:00,  594.495895,   15.693849,    1.673435
2016-06-21 00:00:00,  589.888314,   15.589260,    1.671907
2016-06-22 00:00:00,  588.988135,   15.635329,    1.670376
2016-06-23 00:00:00,  584.600054,   15.552730,    1.668850
2016-06-24 00:00:00,  577.193498,   15.538861,    1.667639
2016-06-25 00:00:00,  667.401528,   15.489878,    1.663081
2016-06-26 00:00:00,  659.012853,   15.369251,    1.659603
2016-06-27 00:00:00,  643.741359,   15.324225,    1.658856
2016-06-28 00:00:00,  644.736971,   15.281435,    1.657206
2016-06-29 00:00:00,  636.752503,   15.194780,    1.655916
2016-06-30 00:00:00,  632.259894,   15.128065,    1.651026
2016-07-01 00:00:00,  626.787569,   15.159506,    1.653304
2016-07-02 00:00:00,  619.958049,   15.119688,    1.651882
2016-07-03 00:00:00,  611.176856,   15.072563,    1.651073
2016-07-04 00:00:00,  599.933490,   14.896430,    1.650212
2016-07-05 00:00:00,  588.389733,   14.757510,    1.649395
2016-07-06 00:00:00,  581.497368,   14.624178,    1.648315
2016-07-07 00:00:00,  575.853746,   14.659689,    1.647479
2016-07-08 00:00:00,  648.638318,   14.657449,    1.645678
2016-07-09 00:00:00,  814.079757,   14.372894,    1.631117
2016-07-10 00:00:00,  881.838799,   14.350440,    1.625943
2016-07-11 00:00:00,  873.165526,   14.262445,    1.624777
2016-07-12 00:00:00,  859.471932,   14.173972,    1.623998
2016-07-13 00:00:00,  843.472216,   14.050375,    1.623251
2016-07-14 00:00:00,  822.832568,   14.037060,    1.623049
2016-07-15 00:00:00,  813.609157,   14.256187,    1.622240
2016-07-16 00:00:00,  828.207714,   14.472878,    1.620279
2016-07-17 00:00:00,  838.852833,   14.555925,    1.618221
2016-07-18 00:00:00,  835.147631,   14.428362,    1.616903
2016-07-19 00:00:00,  825.786723,   14.397984,    1.616288
2016-07-20 00:00:00,  809.843110,   14.457859,    1.615921
2016-07-21 00:00:00,  896.849095,   14.394670,    1.609978
2016-07-22 00:00:00,  884.990365,   14.265411,    1.609096
2016-07-23 00:00:00,  889.481047,   14.166684,    1.604290
2016-07-24 00:00:00,  877.528820,   14.136522,    1.607166
2016-07-25 00:00:00,  868.928152,   14.035547,    1.602521
2016-07-26 00:00:00,  859.347323,   14.032230,    1.601961
2016-07-27 00:00:00,  847.851735,   14.029274,    1.601424
2016-07-28 00:00:00,  839.451177,   14.078125,    1.602984
2016-07-29 00:00:00,  852.349871,   14.075374,    1.602472
2016-07-30 00:00:00,  830.876185,   13.954385,    1.597327
2016-07-31 00:00:00,  823.279391,   13.953191,    1.596959
2016-08-01 00:00:00,  811.513680,   14.013676,    1.599084
2016-08-02 00:00:00,  793.298998,   14.076424,    1.601281
2016-08-03 00:00:00,  803.926662,   14.075800,    1.600932
2016-08-04 00:00:00, 1017.937071,   14.240886,    1.606894
2016-08-05 00:00:00, 1005.515390,   14.241766,    1.606592
2016-08-06 00:00:00, 1079.748569,   13.812973,    1.590043
2016-08-07 00:00:00, 1101.520534,   14.192233,    1.603971
2016-08-08 00:00:00, 1128.389149,   14.057724,    1.579699
2016-08-09 00:00:00, 1126.773886,   13.930427,    1.579030
2016-08-10 00:00:00, 1134.798489,   13.964428,    1.577564
2016-08-11 00:00:00, 1161.280925,   14.230465,    1.575173
2016-08-12 00:00:00, 1144.912683,   14.111107,    1.575004
2016-08-13 00:00:00, 1127.234961,   14.053106,    1.572245
2016-08-14 00:00:00, 1108.022518,   14.023762,    1.570786
2016-08-15 00:00:00, 1217.344617,   14.076190,    1.573001
2016-08-16 00:00:00, 1197.762051,   13.808811,    1.561005
2016-08-17 00:00:00, 1320.991739,   13.816045,    1.561234
2016-08-18 00:00:00, 1293.168111,   13.823320,    1.561474
2016-08-19 00:00:00, 1341.325016,   13.830666,    1.561725
2016-08-20 00:00:00, 1333.327284,   13.838078,    1.561988
2016-08-21 00:00:00, 1381.715701,   13.845587,    1.562259
2016-08-22 00:00:00, 1348.633441,   14.258127,    1.576775
2016-08-23 00:00:00, 1323.202740,   14.258548,    1.557148
2016-08-24 00:00:00, 1295.616174,   14.206877,    1.554425
2016-08-25 00:00:00, 1266.253335,   14.106990,    1.549161
2016-08-26 00:00:00, 1349.879972,   14.110873,    1.549399
2016-08-27 00:00:00, 1529.491329,   14.239051,    1.556264
2016-08-28 00:00:00, 1490.781186,   14.313713,    1.560321
2016-08-29 00:00:00, 1462.340847,   14.399981,    1.565029
2016-08-30 00:00:00, 1436.812214,   14.407045,    1.565522
2016-08-31 00:00:00, 1535.640160,   14.414395,    1.566036
2016-09-01 00:00:00, 1506.527956,   14.421222,    1.566479
2016-09-02 00:00:00, 1480.307263,   14.428238,    1.566936
2016-09-03 00:00:00, 1451.112480,   14.436208,    1.567502
2016-09-04 00:00:00, 1422.533688,   14.055748,    1.547052
2016-09-05 00:00:00, 1391.225217,   14.064975,    1.547675
2016-09-06 00:00:00, 1359.353933,   14.074269,    1.548303
2016-09-07 00:00:00, 1377.201295,   14.083637,    1.548940
2016-09-08 00:00:00, 1345.697599,   14.093115,    1.549590
2016-09-09 00:00:00, 1320.543621,   14.102701,    1.550252
2016-09-10 00:00:00, 1297.695528,   14.112395,    1.550929
2016-09-11 00:00:00, 1259.492224,   14.122209,    1.551621
2016-09-12 00:00:00, 1221.400453,   14.132139,    1.552328
2016-09-13 00:00:00, 1186.960057,   14.142206,    1.553052
2016-09-14 00:00:00, 1159.420249,   14.152403,    1.553793
2016-09-15 00:00:00, 1176.162789,   14.162728,    1.554551
2016-09-16 00:00:00, 1145.638444,   14.173164,    1.555327
2016-09-17 00:00:00, 1125.739757,   14.573331,    1.578551
2016-09-18 00:00:00, 1196.232642,   14.584292,    1.579493
2016-09-19 00:00:00, 1191.513416,   14.595514,    1.580473
2016-09-20 00:00:00, 1172.294074,   14.606980,    1.581486
2016-09-21 00:00:00, 1151.415707,   14.618695,    1.582532
2016-09-22 00:00:00, 1195.224640,   14.630638,    1.583610
2016-09-23 00:00:00, 1163.526420,   14.642771,    1.584719
2016-09-24 00:00:00, 1150.833350,   14.655137,    1.585859
2016-09-25 00:00:00, 1247.352881,   14.667718,    1.587029
2016-09-26 00:00:00, 1224.861273,   14.680515,    1.588230
2016-09-27 00:00:00, 1282.138561,   14.286639,    1.563875
2016-09-28 00:00:00, 1243.712517,   14.783199,    1.595567
2016-09-29 00:00:00, 1215.808696,   14.796869,    1.596911
2016-09-30 00:00:00, 1192.788884,   14.810764,    1.598286
2016-10-01 00:00:00, 1180.994211,   14.827127,    1.599970
2016-10-02 00:00:00, 1145.301867,   14.843773,    1.601695
2016-10-03 00:00:00, 1136.595772,   14.858418,    1.603178
2016-10-04 00:00:00, 1120.668583,   14.873239,    1.604693
2016-10-05 00:00:00, 1098.340176,   14.888285,    1.606238
2016-10-06 00:00:00, 1078.303136,   14.903550,    1.607813
2016-10-07 00:00:00, 1057.561670,   14.918999,    1.609419
2016-10-08 00:00:00, 1103.694140,   14.934653,    1.611054
2016-10-09 00:00:00, 1060.730220,   14.950495,    1.612719
2016-10-10 00:00:00, 1033.928945,   14.966545,    1.614414
2016-10-11 00:00:00, 1009.321742,   14.898062,    1.609794
2016-10-12 00:00:00,  977.755858,   14.913548,    1.611384
2016-10-13 00:00:00,  955.780703,   14.929331,    1.613018
2016-10-14 00:00:00,  934.905645,   14.945348,    1.614689
2016-10-15 00:00:00,  886.255311,   14.961590,    1.616396
2016-10-16 00:00:00,  863.339463,   14.978062,    1.618136
2016-10-17 00:00:00,  837.573981,   14.994744,    1.619907
2016-10-18 00:00:00,  808.330554,   15.011606,    1.621707
2016-10-19 00:00:00,  807.812018,   15.028677,    1.623537
2016-10-20 00:00:00,  773.366646,   15.045907,    1.625396
2016-10-21 00:00:00,  749.555189,   15.063346,    1.627282
2016-10-22 00:00:00,  722.479153,   15.080968,    1.629195
2016-10-23 00:00:00,  698.200778,   15.098766,    1.631135
2016-10-24 00:00:00,  672.910261,   15.116733,    1.633100
2016-10-25 00:00:00,  657.246260,   15.134851,    1.635091
2016-10-26 00:00:00,  641.784331,   15.153112,    1.637107
2016-10-27 00:00:00,  622.393158,   15.171557,    1.639148
2016-10-28 00:00:00,  602.988099,   15.190161,    1.641212
2016-10-29 00:00:00,  583.046807,   15.208915,    1.643300
2016-10-30 00:00:00,  551.827927,   15.227791,    1.645410
2016-10-31 00:00:00,  519.797796,   15.246843,    1.647543
2016-11-01 00:00:00,  497.141176,   15.261875,    1.649165
2016-11-02 00:00:00,  475.918437,   15.276991,    1.650800
2016-11-03 00:00:00,  453.091255,   15.380729,    1.659984
2016-11-04 00:00:00,  438.487931,   15.400709,    1.662267
2016-11-05 00:00:00,  423.555933,   15.420821,    1.664572
2016-11-06 00:00:00,  395.865274,   15.441071,    1.666896
2016-11-07 00:00:00,  366.189137,   15.461429,    1.669241
2016-11-08 00:00:00,  339.675380,   15.481925,    1.671604
2016-11-09 00:00:00,  319.340684,   15.502539,    1.673985
2016-11-10 00:00:00,  315.760175,   15.523255,    1.676384
2016-11-11 00:00:00,  295.389008,   15.544046,    1.678799
2016-11-12 00:00:00,  281.115487,   15.564964,    1.681231
2016-11-13 00:00:00,  267.773072,   15.585985,    1.683677
2016-11-14 00:00:00,  246.406136,   15.607107,    1.686139
2016-11-15 00:00:00,  230.407263,   15.628318,    1.688614
2016-11-16 00:00:00,  494.280336,   15.649600,    1.691103
2016-11-17 00:00:00,  471.179904,   15.670878,    1.693604
2016-11-18 00:00:00,  454.333444,   15.692310,    1.696117
2016-11-19 00:00:00,  431.567396,   15.713809,    1.698641
2016-11-20 00:00:00,  396.125889,   15.735367,    1.701175
2016-11-21 00:00:00,  375.369486,   15.756971,    1.703719
2016-11-22 00:00:00,  355.163525,   15.778594,    1.706272
2016-11-23 00:00:00,  338.911631,   15.800308,    1.708832
2016-11-24 00:00:00,  318.134968,   15.822064,    1.711400
2016-11-25 00:00:00,  296.999163,   15.843857,    1.713974
2016-11-26 00:00:00,  277.180569,   15.865682,    1.716555
2016-11-27 00:00:00,  255.863283,   15.887535,    1.719139
2016-11-28 00:00:00,  233.122846,   15.909408,    1.721729
2016-11-29 00:00:00,  205.497623,   15.931296,    1.724321
2016-11-30 00:00:00,  187.338785,   15.953183,    1.726916
2016-12-01 00:00:00,  166.736586,   15.978806,    1.730008
2016-12-02 00:00:00,  150.863675,   16.004433,    1.733105
2016-12-03 00:00:00,  137.867320,   16.026346,    1.735706
2016-12-04 00:00:00,  119.347560,   16.048192,    1.738306
2016-12-05 00:00:00,  102.057597,   16.070065,    1.740904
2016-12-06 00:00:00,   92.087625,   16.091917,    1.743498
2016-12-07 00:00:00,   74.279118,   16.113736,    1.746090
2016-12-08 00:00:00,   62.605817,   16.135512,    1.748676
2016-12-09 00:00:00,   53.737157,   16.264236,    1.761987
2016-12-10 00:00:00,   48.112135,   16.287454,    1.764855
2016-12-11 00:00:00,   41.657257,   16.310375,    1.767678
2016-12-12 00:00:00,   37.770614,   16.333022,    1.770468
2016-12-13 00:00:00,   27.688670,   16.355483,    1.773229
2016-12-14 00:00:00,   21.524574,   16.377796,    1.775965
2016-12-15 00:00:00,   15.385501,   16.399959,    1.778679
2016-12-16 00:00:00,    5.979812,   16.421955,    1.781371
2016-12-17 00:00:00,    0.539873,   16.443825,    1.784042
2016-12-18 00:00:00,    0.000000,-9999.000000,-9999.000000
2016-12-19 00:00:00,    0.000000,-9999.000000,-9999.000000
2016-12-20 00:00:00,    0.000000,-9999.000000,-9999.000000
2016-12-21 00:00:00,    0.000000,-9999.000000,-9999.000000
2016-12-22 00:00:00,    0.000000,-9999.000000,-9999.000000
2016-12-23 00:00:00,    0.000000,-9999.000000,-9999.000000
2016-12-24 00:00:00,    0.000000,-9999.000000,-9999.000000
2016-12-25 00:00:00,    0.000000,-9999.000000,-9999.000000
2016-12-26 00:00:00,    0.000000,-9999.000000,-9999.000000
2016-12-27 00:00:00,    0.000000,-9999.000000,-9999.000000
2016-12-28 00:00:00,    0.000000,-9999.000000,-9999.000000
2016-12-29 00:00:00,    0.000000,-9999.000000,-9999.000000
2016-12-30 00:00:00,    0.000000,-9999.000000,-9999.000000
2016-12-31 00:00:00,    0.000000,-9999.000000,-9999.000000
2017-01-01 00:00:00,    0.000000,-9999.000000,-9999.000000
2017-01-02 00:00:00,    0.000000,-9999.000000,-9999.000000
2017-01-03 00:00:00,    0.000000,-9999.000000,-9999.000000
2017-01-04 00:00:00,    0.000000,-9999.000000,-9999.000000
2017-01-05 00:00:00,    0.000000,-9999.000000,-9999.000000
2017-01-06 00:00:00,    0.000000,-9999.000000,-9999.000000
2017-01-07 00:00:00,    0.000000,-9999.000000,-9999.000000
2017-01-08 00:00:00,    0.000000,-9999.000000,-9999.000000
2017-01-09 00:00:00,    0.000000,-9999.000000,-9999.000000
2017-01-10 00:00:00,    0.000000,-9999.000000,-9999.000000
2017-01-11 00:00:00,    0.000000,-9999.000000,-9999.000000
2017-01-12 00:00:00,    0.000000,-9999.000000,-9999.000000
2017-01-13 00:00:00,    0.000000,-9999.000000,-9999.000000
2017-01-14 00:00:00,    0.000000,-9999.000000,-9999.000000
2017-01-15 00:00:00,    0.000000,-9999.000000,-9999.000000
2017-01-16 00:00:00,    0.000000,-9999.000000,-9999.000000
2017-01-17 00:00:00,    0.000000,-9999.000000,-9999.000000
2017-01-18 00:00:00,    0.000000,-9999.000000,-9999.000000
2017-01-19 00:00:00,    0.000000,-9999.000000,-9999.000000
2017-01-20 00:00:00,    0.000000,-9999.000000,-9999.000000
2017-01-21 00:00:00,    0.000000,-9999.000000,-9999.000000
2017-01-22 00:00:00,    0.000000,-9999.000000,-9999.000000
2017-01-23 00:00:00,    0.000000,-9999.000000,-9999.000000
2017-01-24 00:00:00,    0.000000,-9999.000000,-9999.000000
2017-01-25 00:00:00,    0.000000,-9999.000000,-9999.000000
2017-01-26 00:00:00,    0.000000,-9999.000000,-9999.000000
2017-01-27 00:00:00,    0.000000,-9999.000000,-9999.000000
2017-01-28 00:00:00,    0.000000,-9999.000000,-9999.000000
2017-01-29 00:00:00,    0.000000,-9999.000000,-9999.000000
2017-01-30 00:00:00,    0.000000,-9999.000000,-9999.000000
2017-01-31 00:00:00,    0.000000,-9999.000000,-9999.000000
2017-02-01 00:00:00,    0.000000,-9999.000000,-9999.000000
2017-02-02 00:00:00,    0.000000,-9999.000000,-9999.000000
2017-02-03 00:00:00,    0.000000,-9999.000000,-9999.000000
2017-02-04 00:00:00,    0.000000,-9999.000000,-9999.000000
2017-02-05 00:00:00,    0.000000,-9999.000000,-9999.000000
2017-02-06 00:00:00,    0.000000,-9999.000000,-9999.000000
2017-02-07 00:00:00,    0.000000,-9999.000000,-9999.000000
2017-02-08 00:00:00,    0.000000,-9999.000000,-9999.000000
2017-02-09 00:00:00,    0.000000,-9999.000000,-9999.000000
2017-02-10 00:00:00,    0.000000,-9999.000000,-9999.000000
2017-02-11 00:00:00,    0.000000,-9999.000000,-9999.000000
2017-02-12 00:00:00,    0.000000,-9999.000000,-9999.000000
2017-02-13 00:00:00,    0.000000,-9999.000000,-9999.000000
2017-02-14 00:00:00,    0.000000,-9999.000000,-9999.000000
2017-02-15 00:00:00,    0.000000,-9999.000000,-9999.000000
2017-02-16 00:00:00,    0.000000,-9999.000000,-9999.000000
2017-02-17 00:00:00,    0.000000,-9999.000000,-9999.000000
2017-02-18 00:00:00,    0.000000,-9999.000000,-9999.000000
2017-02-19 00:00:00,    0.000000,-9999.000000,-9999.000000
2017-02-20 00:00:00,    0.000000,-9999.000000,-9999.000000
2017-02-21 00:00:00,    0.000000,-9999.000000,-9999.000000
2017-02-22 00:00:00,    0.000000,-9999.000000,-9999.000000
2017-02-23 00:00:00,    0.000000,-9999.000000,-9999.000000
2017-02-24 00:00:00,    0.000000,-9999.000000,-9999.000000
2017-02-25 00:00:00,    0.000000,-9999.000000,-9999.000000
2017-02-26 00:00:00,    0.000000,-9999.000000,-9999.000000
2017-02-27 00:00:00,    0.000000,-9999.000000,-9999.000000
2017-02-28 00:00:00,    0.000000,-9999.000000,-9999.000000
2017-03-01 00:00:00,    0.000000,-9999.000000,-9999.000000
2017-03-02 00:00:00,    0.000000,-9999.000000,-9999.000000
2017-03-03 00:00:00,    0.000000,-9999.000000,-9999.000000
2017-03-04 00:00:00,    0.000000,-9999.000000,-9999.000000
2017-03-05 00:00:00,    0.000000,-9999.000000,-9999.000000
2017-03-06 00:00:00,    0.000000,-9999.000000,-9999.000000
2017-03-07 00:00:00,    0.000000,-9999.000000,-9999.000000
2017-03-08 00:00:00,    0.000000,-9999.000000,-9999.000000
2017-03-09 00:00:00,    0.000000,-9999.000000,-9999.000000
2017-03-10 00:00:00,    0.000000,-9999.000000,-9999.000000
2017-03-11 00:00:00,    0.000000,-9999.000000,-9999.000000
2017-03-12 00:00:00,    0.000000,-9999.000000,-9999.000000
2017-03-13 00:00:00,    0.000000,-9999.000000,-9999.000000
2017-03-14 00:00:00,    0.000000,-9999.000000,-9999.000000
2017-03-15 00:00:00,    0.000000,-9999.000000,-9999.000000
2017-03-16 00:00:00,    0.000000,-9999.000000,-9999.000000
2017-03-17 00:00:00,    0.000000,-9999.000000,-9999.000000
2017-03-18 00:00:00,    0.000000,-9999.000000,-9999.000000
2017-03-19 00:00:00,    0.000000,-9999.000000,-9999.000000
2017-03-20 00:00:00,    0.000000,-9999.000000,-9999.000000
2017-03-21 00:00:00,    0.000000,-9999.000000,-9999.000000
2017-03-22 00:00:00,    0.000000,-9999.000000,-9999.000000
2017-03-23 00:00:00,    0.000000,-9999.000000,-9999.000000
2017-03-24 00:00:00,    0.000000,-9999.000000,-9999.000000
2017-03-25 00:00:00,    0.000000,-9999.000000,-9999.000000
2017-03-26 00:00:00,    0.000000,-9999.000000,-9999.000000
2017-03-27 00:00:00,    0.000000,-9999.000000,-9999.000000
2017-03-28 00:00:00,    0.000000,-9999.000000,-9999.000000
2017-03-29 00:00:00,    0.000000,-9999.000000,-9999.000000
2017-03-30 00:00:00,    0.000000,-9999.000000,-9999.000000
2017-03-31 00:00:00,    0.000000,-9999.000000,-9999.000000
2017-04-01 00:00:00,    0.000000,-9999.000000,-9999.000000
2017-04-02 00:00:00,    0.000000,-9999.000000,-9999.000000
2017-04-03 00:00:00,    0.000000,-9999.000000,-9999.000000
2017-04-04 00:00:00,    0.000000,-9999.000000,-9999.000000
2017-04-05 00:00:00,    0.000000,-9999.000000,-9999.000000
2017-04-06 00:00:00,    0.000000,-9999.000000,-9999.000000
2017-04-07 00:00:00,    0.000000,-9999.000000,-9999.000000
2017-04-08 00:00:00,    0.000000,-9999.000000,-9999.000000
2017-04-09 00:00:00,    0.000000,-9999.000000,-9999.000000
2017-04-10 00:00:00,    0.000000,-9999.000000,-9999.000000
2017-04-11 00:00:00,    0.000000,-9999.000000,-9999.000000
2017-04-12 00:00:00,    0.000000,-9999.000000,-9999.000000
2017-04-13 00:00:00,    0.000000,-9999.000000,-9999.000000
2017-04-14 00:00:00,    0.000000,-9999.000000,-9999.000000
2017-04-15 00:00:00,    0.000000,-9999.000000,-9999.000000
2017-04-16 00:00:00,    0.000000,-9999.000000,-9999.000000
2017-04-17 00:00:00,    0.000000,-9999.000000,-9999.000000
2017-04-18 00:00:00,    0.000000,-9999.000000,-9999.000000
2017-04-19 00:00:00,    0.000000,-9999.000000,-9999.000000
2017-04-20 00:00:00,    0.000000,-9999.000000,-9999.000000
2017-04-21 00:00:00,    0.000000,-9999.000000,-9999.000000
2017-04-22 00:00:00,    0.000000,-9999.000000,-9999.000000
2017-04-23 00:00:00,    0.000000,-9999.000000,-9999.000000
2017-04-24 00:00:00,    0.000000,-9999.000000,-9999.000000
2017-04-25 00:00:00,    0.000000,-9999.000000,-9999.000000
2017-04-26 00:00:00,    0.000000,-9999.000000,-9999.000000
2017-04-27 00:00:00,    0.000000,-9999.000000,-9999.000000
2017-04-28 00:00:00,    0.000000,-9999.000000,-9999.000000
2017-04-29 00:00:00,    0.000000,-9999.000000,-9999.000000
2017-04-30 00:00:00,    0.000000,-9999.000000,-9999.000000
2017-05-01 00:00:00,    0.000000,-9999.000000,-9999.000000
2017-05-02 00:00:00,    0.000000,-9999.000000,-9999.000000
2017-05-03 00:00:00,    0.000000,-9999.000000,-9999.000000
2017-05-04 00:00:00,    0.000000,-9999.000000,-9999.000000
2017-05-05 00:00:00,    0.000000,-9999.000000,-9999.000000
2017-05-06 00:00:00,    0.000000,-9999.000000,-9999.000000
2017-05-07 00:00:00,    0.000000,-9999.000000,-9999.000000
2017-05-08 00:00:00,    0.000000,-9999.000000,-9999.000000
2017-05-09 00:00:00,    0.000000,-9999.000000,-9999.000000
2017-05-10 00:00:00,    0.000000,-9999.000000,-9999.000000
2017-05-11 00:00:00,    0.000000,-9999.000000,-9999.000000
2017-05-12 00:00:00,    0.000000,-9999.000000,-9999.000000
2017-05-13 00:00:00,    0.000000,-9999.000000,-9999.000000
2017-05-14 00:00:00,    0.000000,-9999.000000,-9999.000000
2017-05-15 00:00:00,    0.000000,-9999.000000,-9999.000000
2017-05-16 00:00:00,    0.000000,-9999.000000,-9999.000000
2017-05-17 00:00:00,    0.000000,-9999.000000,-9999.000000
2017-05-18 00:00:00,    0.000000,-9999.000000,-9999.000000
2017-05-19 00:00:00,    0.000000,-9999.000000,-9999.000000
2017-05-20 00:00:00,    0.000000,-9999.000000,-9999.000000
2017-05-21 00:00:00,    0.000000,-9999.000000,-9999.000000
2017-05-22 00:00:00,    0.000000,-9999.000000,-9999.000000
2017-05-23 00:00:00,    0.000000,-9999.000000,-9999.000000
2017-05-24 00:00:00,    0.000000,-9999.000000,-9999.000000
2017-05-25 00:00:00,    0.000000,-9999.000000,-9999.000000
2017-05-26 00:00:00,    0.000000,-9999.000000,-9999.000000
2017-05-27 00:00:00,    0.000000,-9999.000000,-9999.000000
2017-05-28 00:00:00,    0.000000,-9999.000000,-9999.000000
2017-05-29 00:00:00,    0.000000,-9999.000000,-9999.000000
2017-05-30 00:00:00,    0.000000,-9999.000000,-9999.000000
2017-05-31 00:00:00,    0.000000,-9999.000000,-9999.000000
2017-06-01 00:00:00,    0.000000,-9999.000000,-9999.000000
2017-06-02 00:00:00,    0.000000,-9999.000000,-9999.000000
2017-06-03 00:00:00,    0.000000,-9999.000000,-9999.000000
2017-06-04 00:00:00,    0.000000,-9999.000000,-9999.000000
2017-06-05 00:00:00,    0.000000,-9999.000000,-9999.000000
2017-06-06 00:00:00,    0.000000,-9999.000000,-9999.000000
2017-06-07 00:00:00,    0.000000,-9999.000000,-9999.000000
2017-06-08 00:00:00,    0.000000,-9999.000000,-9999.000000
2017-06-09 00:00:00,    0.000000,-9999.000000,-9999.000000
2017-06-10 00:00:00,    0.000000,-9999.000000,-9999.000000
2017-06-11 00:00:00,    0.000000,-9999.000000,-9999.000000
2017-06-12 00:00:00,    0.000000,-9999.000000,-9999.000000
2017-06-13 00:00:00,    0.000000,-9999.000000,-9999.000000
2017-06-14 00:00:00,    0.000000,-9999.000000,-9999.000000
2017-06-15 00:00:00,    0.000000,-9999.000000,-9999.000000
2017-06-16 00:00:00,    0.000000,-9999.000000,-9999.000000
2017-06-17 00:00:00,    0.000000,-9999.000000,-9999.000000
2017-06-18 00:00:00,    0.000000,-9999.000000,-9999.000000
2017-06-19 00:00:00,    0.374303,   15.929713,    1.733284
2017-06-20 00:00:00,    0.689405,   15.919837,    1.731874
2017-06-21 00:00:00,    1.307401,   15.910346,    1.730495
2017-06-22 00:00:00,    1.839403,   15.900976,    1.729135
2017-06-23 00:00:00,   68.661560,   15.951258,    1.731190
2017-06-24 00:00:00,   68.748439,   15.716278,    1.717218
2017-06-25 00:00:00,   69.416679,   15.529320,    1.704382
2017-06-26 00:00:00,   68.603077,   15.378267,    1.703633
2017-06-27 00:00:00,   88.637960,   15.152812,    1.700574
2017-06-28 00:00:00,   90.172155,   15.027974,    1.699580
2017-06-29 00:00:00,   91.278916,   14.998438,    1.698799
2017-06-30 00:00:00,   92.295373,   14.889514,    1.698075
2017-07-01 00:00:00,   92.568308,   14.806490,    1.697134
2017-07-02 00:00:00,  171.061746,   14.987275,    1.699495
2017-07-03 00:00:00,  170.203343,   14.861950,    1.698567
2017-07-04 00:00:00,  170.775345,   14.799593,    1.697610
2017-07-05 00:00:00,  171.809471,   14.692949,    1.696618
2017-07-06 00:00:00,  171.929726,   14.637909,    1.695646
2017-07-07 00:00:00,  170.350892,   14.545723,    1.694722
2017-07-08 00:00:00,  283.197583,   14.532703,    1.684753
2017-07-09 00:00:00,  359.426468,   14.246991,    1.677858
2017-07-10 00:00:00,  452.174286,   14.151753,    1.675306
2017-07-11 00:00:00,  548.001547,   14.294727,    1.663275
2017-07-12 00:00:00,  582.461416,   14.097367,    1.659566
2017-07-13 00:00:00,  597.784734,   14.022895,    1.657926
2017-07-14 00:00:00,  595.002348,   13.873952,    1.652540
2017-07-15 00:00:00,  588.006910,   13.923431,    1.653427
2017-07-16 00:00:00,  652.426475,   14.142170,    1.659314
2017-07-17 00:00:00,  651.463101,   14.004421,    1.650306
2017-07-18 00:00:00,  653.316055,   13.939393,    1.649284
2017-07-19 00:00:00,  648.318119,   13.794486,    1.644348
2017-07-20 00:00:00,  642.181471,   13.843978,    1.645229
2017-07-21 00:00:00,  636.030760,   13.839583,    1.644529
2017-07-22 00:00:00,  629.504066,   13.835504,    1.643859
2017-07-23 00:00:00,  623.032588,   13.831661,    1.643212
2017-07-24 00:00:00,  614.474078,   13.828050,    1.642589
2017-07-25 00:00:00,  608.023753,   13.824563,    1.641988
2017-07-26 00:00:00,  617.922613,   13.772450,    1.639668
2017-07-27 00:00:00,  629.848576,   13.793624,    1.639681
2017-07-28 00:00:00,  647.755911,   13.813036,    1.639678
2017-07-29 00:00:00,  703.249699,   13.831046,    1.639665
2017-07-30 00:00:00,  695.223379,   13.847916,    1.639644
2017-07-31 00:00:00,  690.220031,   13.815588,    1.637988
2017-08-01 00:00:00,  681.954009,   13.830011,    1.638030
2017-08-02 00:00:00,  671.595552,   13.843844,    1.638072
2017-08-03 00:00:00,  663.820184,   13.765071,    1.635086
2017-08-04 00:00:00,  655.149204,   13.775138,    1.634981
2017-08-05 00:00:00,  648.867874,   13.784872,    1.634891
2017-08-06 00:00:00,  639.346840,   14.150764,    1.642801
2017-08-07 00:00:00,  630.705925,   14.155194,    1.642533
2017-08-08 00:00:00,  620.644294,   13.794577,    1.633002
2017-08-09 00:00:00,  608.574722,   13.800494,    1.632893
2017-08-10 00:00:00,  586.250596,   13.806411,    1.632802
2017-08-11 00:00:00,  559.941003,   14.244173,    1.642157
2017-08-12 00:00:00,  883.334255,   14.553023,    1.616651
2017-08-13 00:00:00,  923.081111,   14.624957,    1.613854
2017-08-14 00:00:00,  911.194181,   14.569929,    1.613731
2017-08-15 00:00:00,  896.929472,   14.495823,    1.610858
2017-08-16 00:00:00,  881.295486,   14.537255,    1.612274
2017-08-17 00:00:00,  889.445514,   14.496212,    1.610674
2017-08-18 00:00:00,  896.097993,   14.596137,    1.613915
2017-08-19 00:00:00,  881.443824,   14.483236,    1.612159
2017-08-20 00:00:00,  944.714538,   14.434453,    1.610371
2017-08-21 00:00:00,  956.544991,   14.410375,    1.609478
2017-08-22 00:00:00,  970.210068,   14.454269,    1.611038
2017-08-23 00:00:00,  962.816694,   14.457059,    1.611144
2017-08-24 00:00:00,  943.215623,   14.460051,    1.611275
2017-08-25 00:00:00,  923.814851,   14.463238,    1.611430
2017-08-26 00:00:00,  906.809678,   14.466686,    1.611609
2017-08-27 00:00:00,  889.907614,   14.470406,    1.611812
2017-08-28 00:00:00,  876.433779,   14.378337,    1.608572
2017-08-29 00:00:00,  863.753356,   14.478589,    1.612296
2017-08-30 00:00:00,  853.488217,   14.386921,    1.609076
2017-08-31 00:00:00,  959.702050,   14.487405,    1.612878
2017-09-01 00:00:00,  934.484373,   14.491275,    1.613128
2017-09-02 00:00:00,  915.194494,   14.399508,    1.609854
2017-09-03 00:00:00,  913.524892,   14.404577,    1.610204
2017-09-04 00:00:00,  899.548067,   14.409942,    1.610575
2017-09-05 00:00:00,  882.384131,   14.415509,    1.610968
2017-09-06 00:00:00,  868.811108,   14.421429,    1.611397
2017-09-07 00:00:00,  984.052217,   14.427308,    1.611821
2017-09-08 00:00:00,  975.524269,   14.433402,    1.612280
2017-09-09 00:00:00,  985.895594,   14.439845,    1.612780
2017-09-10 00:00:00,  968.106206,   14.446426,    1.613299
2017-09-11 00:00:00,  954.800611,   14.453295,    1.613840
2017-09-12 00:00:00,  992.187504,   14.460280,    1.614402
2017-09-13 00:00:00,  969.716076,   14.467546,    1.614986
2017-09-14 00:00:00,  947.433001,   14.475063,    1.615593
2017-09-15 00:00:00,  924.773762,   14.482806,    1.616223
2017-09-16 00:00:00,  890.558086,   14.490769,    1.616875
2017-09-17 00:00:00,  863.070471,   14.545817,    1.619551
2017-09-18 00:00:00,  837.259193,   14.554468,    1.620298
2017-09-19 00:00:00,  811.338554,   14.563218,    1.621068
2017-09-20 00:00:00,  789.356367,   14.572267,    1.621861
2017-09-21 00:00:00,  768.503221,   14.581529,    1.622678
2017-09-22 00:00:00,  750.877378,   14.591002,    1.623518
2017-09-23 00:00:00,  734.282335,   14.600697,    1.624383
2017-09-24 00:00:00,  722.296311,   14.610607,    1.625271
2017-09-25 00:00:00,  705.792208,   14.620682,    1.626185
2017-09-26 00:00:00,  682.493304,   14.631013,    1.627122
2017-09-27 00:00:00,  661.965532,   14.641557,    1.628085
2017-09-28 00:00:00,  636.996547,   14.652507,    1.629104
2017-09-29 00:00:00,  613.760609,   14.663633,    1.630143
2017-09-30 00:00:00,  592.150338,   14.674876,    1.631204
2017-10-01 00:00:00,  576.899134,   14.739986,    1.635095
2017-10-02 00:00:00,  552.702012,   14.753937,    1.636478
2017-10-03 00:00:00,  540.063241,   14.766172,    1.637667
2017-10-04 00:00:00,  520.858724,   14.778658,    1.638881
2017-10-05 00:00:00,  500.171420,   14.791371,    1.640120
2017-10-06 00:00:00,  476.817396,   14.804208,    1.641385
2017-10-07 00:00:00,  457.457425,   14.817362,    1.642674
2017-10-08 00:00:00,  440.007188,   14.830737,    1.643989
2017-10-09 00:00:00,  422.845748,   14.844571,    1.645372
2017-10-10 00:00:00,  391.186609,   14.858534,    1.646774
2017-10-11 00:00:00,  373.073924,   14.872583,    1.648195
2017-10-12 00:00:00,  355.239406,   14.886866,    1.649638
2017-10-13 00:00:00,  335.401014,   14.901354,    1.651104
2017-10-14 00:00:00,  310.769011,   14.916031,    1.652593
2017-10-15 00:00:00,  290.069652,   14.930905,    1.654105
2017-10-16 00:00:00,  274.378809,   14.945972,    1.655641
2017-10-17 00:00:00,  263.697891,   14.961235,    1.657200
2017-10-18 00:00:00,  254.081543,   14.976690,    1.658783
2017-10-19 00:00:00,  249.511713,   14.992336,    1.660389
2017-10-20 00:00:00,  291.135954,   15.008169,    1.662019
2017-10-21 00:00:00,  273.985445,   15.024036,    1.663671
2017-10-22 00:00:00,  257.697688,   15.040227,    1.665347
2017-10-23 00:00:00,  240.118219,   15.123892,    1.671412
2017-10-24 00:00:00,  221.047934,   15.141175,    1.673259
2017-10-25 00:00:00,  205.832612,   15.158581,    1.675122
2017-10-26 00:00:00,  196.416685,   15.176120,    1.677003
2017-10-27 00:00:00,  184.527334,   15.193799,    1.678902
2017-10-28 00:00:00,  160.587994,   15.211524,    1.680820
2017-10-29 00:00:00,  147.936978,   15.229455,    1.682758
2017-10-30 00:00:00,  136.179311,   15.247578,    1.684715
2017-10-31 00:00:00,  122.684591,   15.265862,    1.686692
2017-11-01 00:00:00,  108.971799,   15.280311,    1.688193
2017-11-02 00:00:00,   95.581727,   15.294858,    1.689706
2017-11-03 00:00:00,   85.457410,   15.313497,    1.691726
2017-11-04 00:00:00,   77.023035,   15.332288,    1.693765
2017-11-05 00:00:00,   67.534741,   15.351139,    1.695822
2017-11-06 00:00:00,   60.072351,   15.370157,    1.697897
2017-11-07 00:00:00,   52.689585,   15.389850,    1.700083
2017-11-08 00:00:00,   47.452032,   15.409513,    1.702269
2017-11-09 00:00:00,   48.421431,   15.429249,    1.704461
2017-11-10 00:00:00,   52.423605,   15.448922,    1.706661
2017-11-11 00:00:00,   39.690176,   15.468683,    1.708872
2017-11-12 00:00:00,   31.548073,   15.488616,    1.711093
2017-11-13 00:00:00,   22.044976,   15.587632,    1.719383
2017-11-14 00:00:00,   13.786796,   15.608244,    1.721708
2017-11-15 00:00:00,    7.328377,   15.628933,    1.724044
2017-11-16 00:00:00,    3.416301,   15.649724,    1.726391
2017-11-17 00:00:00,    0.656791,   15.670601,    1.728750
2017-11-18 00:00:00,    0.000000,-9999.000000,-9999.000000
2017-11-19 00:00:00,    0.000000,-9999.000000,-9999.000000
2017-11-20 00:00:00,    0.000000,-9999.000000,-9999.000000
2017-11-21 00:00:00,    0.000000,-9999.000000,-9999.000000
2017-11-22 00:00:00,    0.000000,-9999.000000,-9999.000000
2017-11-23 00:00:00,    0.000000,-9999.000000,-9999.000000
2017-11-24 00:00:00,    0.000000,-9999.000000,-9999.000000
2017-11-25 00:00:00,    0.000000,-9999.000000,-9999.000000
2017-11-26 00:00:00,    0.000000,-9999.000000,-9999.000000
2017-11-27 00:00:00,    0.000000,-9999.000000,-9999.000000
2017-11-28 00:00:00,    0.000000,-9999.000000,-9999.000000
2017-11-29 00:00:00,    0.000000,-9999.000000,-9999.000000
2017-11-30 00:00:00,    0.000000,-9999.000000,-9999.000000
2017-12-01 00:00:00,    0.000000,-9999.000000,-9999.000000
2017-12-02 00:00:00,    0.000000,-9999.000000,-9999.000000
2017-12-03 00:00:00,    0.000000,-9999.000000,-9999.000000
2017-12-04 00:00:00,    0.000000,-9999.000000,-9999.000000
2017-12-05 00:00:00,    0.000000,-9999.000000,-9999.000000
2017-12-06 00:00:00,    0.000000,-9999.000000,-9999.000000
2017-12-07 00:00:00,    0.000000,-9999.000000,-9999.000000
2017-12-08 00:00:00,    0.000000,-9999.000000,-9999.000000
2017-12-09 00:00:00,    0.000000,-9999.000000,-9999.000000
2017-12-10 00:00:00,    0.000000,-9999.000000,-9999.000000
2017-12-11 00:00:00,    0.000000,-9999.000000,-9999.000000
2017-12-12 00:00:00,    0.000000,-9999.000000,-9999.000000
2017-12-13 00:00:00,    0.000000,-9999.000000,-9999.000000
2017-12-14 00:00:00,    0.000000,-9999.000000,-9999.000000
2017-12-15 00:00:00,    0.000000,-9999.000000,-9999.000000
2017-12-16 00:00:00,    0.000000,-9999.000000,-9999.000000
2017-12-17 00:00:00,    0.000000,-9999.000000,-9999.000000
2017-12-18 00:00:00,    0.000000,-9999.000000,-9999.000000
2017-12-19 00:00:00,    0.000000,-9999.000000,-9999.000000
2017-12-20 00:00:00,    0.000000,-9999.000000,-9999.000000
2017-12-21 00:00:00,    0.000000,-9999.000000,-9999.000000
2017-12-22 00:00:00,    0.000000,-9999.000000,-9999.000000
2017-12-23 00:00:00,    0.000000,-9999.000000,-9999.000000
2017-12-24 00:00:00,    0.000000,-9999.000000,-9999.000000
2017-12-25 00:00:00,    0.000000,-9999.000000,-9999.000000
2017-12-26 00:00:00,    0.000000,-9999.000000,-9999.000000
2017-12-27 00:00:00,    0.000000,-9999.000000,-9999.000000
2017-12-28 00:00:00,    0.000000,-9999.000000,-9999.000000
2017-12-29 00:00:00,    0.000000,-9999.000000,-9999.000000
2017-12-30 00:00:00,    0.000000,-9999.000000,-9999.000000
2017-12-31 00:00:00,    0.000000,-9999.000000,-9999.000000
2018-01-01 00:00:00,    0.000000,-9999.000000,-9999.000000
2018-01-02 00:00:00,    0.000000,-9999.000000,-9999.000000
2018-01-03 00:00:00,    0.000000,-9999.000000,-9999.000000
2018-01-04 00:00:00,    0.000000,-9999.000000,-9999.000000
2018-01-05 00:00:00,    0.000000,-9999.000000,-9999.000000
2018-01-06 00:00:00,    0.000000,-9999.000000,-9999.000000
2018-01-07 00:00:00,    0.000000,-9999.000000,-9999.000000
2018-01-08 00:00:00,    0.000000,-9999.000000,-9999.000000
2018-01-09 00:00:00,    0.000000,-9999.000000,-9999.000000
2018-01-10 00:00:00,    0.000000,-9999.000000,-9999.000000
2018-01-11 00:00:00,    0.000000,-9999.000000,-9999.000000
2018-01-12 00:00:00,    0.000000,-9999.000000,-9999.000000
2018-01-13 00:00:00,    0.000000,-9999.000000,-9999.000000
2018-01-14 00:00:00,    0.000000,-9999.000000,-9999.000000
2018-01-15 00:00:00,    0.000000,-9999.000000,-9999.000000
2018-01-16 00:00:00,    0.000000,-9999.000000,-9999.000000
2018-01-17 00:00:00,    0.000000,-9999.000000,-9999.000000
2018-01-18 00:00:00,    0.000000,-9999.000000,-9999.000000
2018-01-19 00:00:00,    0.000000,-9999.000000,-9999.000000
2018-01-20 00:00:00,    0.000000,-9999.000000,-9999.000000
2018-01-21 00:00:00,    0.000000,-9999.000000,-9999.000000
2018-01-22 00:00:00,    0.000000,-9999.000000,-9999.000000
2018-01-23 00:00:00,    0.000000,-9999.000000,-9999.000000
2018-01-24 00:00:00,    0.000000,-9999.000000,-9999.000000
2018-01-25 00:00:00,    0.000000,-9999.000000,-9999.000000
2018-01-26 00:00:00,    0.000000,-9999.000000,-9999.000000
2018-01-27 00:00:00,    0.000000,-9999.000000,-9999.000000
2018-01-28 00:00:00,    0.000000,-9999.000000,-9999.000000
2018-01-29 00:00:00,    0.000000,-9999.000000,-9999.000000
2018-01-30 00:00:00,    0.000000,-9999.000000,-9999.000000
2018-01-31 00:00:00,    0.000000,-9999.000000,-9999.000000
2018-02-01 00:00:00,    0.000000,-9999.000000,-9999.000000
2018-02-02 00:00:00,    0.000000,-9999.000000,-9999.000000
2018-02-03 00:00:00,    0.000000,-9999.000000,-9999.000000
2018-02-04 00:00:00,    0.000000,-9999.000000,-9999.000000
2018-02-05 00:00:00,    0.000000,-9999.000000,-9999.000000
2018-02-06 00:00:00,    0.000000,-9999.000000,-9999.000000
2018-02-07 00:00:00,    0.000000,-9999.000000,-9999.000000
2018-02-08 00:00:00,    0.000000,-9999.000000,-9999.000000
2018-02-09 00:00:00,    0.000000,-9999.000000,-9999.000000
2018-02-10 00:00:00,    0.000000,-9999.000000,-9999.000000
2018-02-11 00:00:00,    0.000000,-9999.000000,-9999.000000
2018-02-12 00:00:00,    0.000000,-9999.000000,-9999.000000
2018-02-13 00:00:00,    0.000000,-9999.000000,-9999.000000
2018-02-14 00:00:00,    0.000000,-9999.000000,-9999.000000
2018-02-15 00:00:00,    0.000000,-9999.000000,-9999.000000
2018-02-16 00:00:00,    0.000000,-9999.000000,-9999.000000
2018-02-17 00:00:00,    0.000000,-9999.000000,-9999.000000
2018-02-18 00:00:00,    0.000000,-9999.000000,-9999.000000
2018-02-19 00:00:00,    0.000000,-9999.000000,-9999.000000
2018-02-20 00:00:00,    0.000000,-9999.000000,-9999.000000
2018-02-21 00:00:00,    0.000000,-9999.000000,-9999.000000
2018-02-22 00:00:00,    0.000000,-9999.000000,-9999.000000
2018-02-23 00:00:00,    0.000000,-9999.000000,-9999.000000
2018-02-24 00:00:00,    0.000000,-9999.000000,-9999.000000
2018-02-25 00:00:00,    0.000000,-9999.000000,-9999.000000
2018-02-26 00:00:00,    0.000000,-9999.000000,-9999.000000
2018-02-27 00:00:00,    0.000000,-9999.000000,-9999.000000
2018-02-28 00:00:00,    0.000000,-9999.000000,-9999.000000
2018-03-01 00:00:00,    0.000000,-9999.000000,-9999.000000
2018-03-02 00:00:00,    0.000000,-9999.000000,-9999.000000
2018-03-03 00:00:00,    0.000000,-9999.000000,-9999.000000
2018-03-04 00:00:00,    0.000000,-9999.000000,-9999.000000
2018-03-05 00:00:00,    0.000000,-9999.000000,-9999.000000
2018-03-06 00:00:00,    0.000000,-9999.000000,-9999.000000
2018-03-07 00:00:00,    0.000000,-9999.000000,-9999.000000
2018-03-08 00:00:00,    0.000000,-9999.000000,-9999.000000
2018-03-09 00:00:00,    0.000000,-9999.000000,-9999.000000
2018-03-10 00:00:00,    0.000000,-9999.000000,-9999.000000
2018-03-11 00:00:00,    0.000000,-9999.000000,-9999.000000
2018-03-12 00:00:00,    0.000000,-9999.000000,-9999.000000
2018-03-13 00:00:00,    0.000000,-9999.000000,-9999.000000
2018-03-14 00:00:00,    0.000000,-9999.000000,-9999.000000
2018-03-15 00:00:00,    0.000000,-9999.000000,-9999.000000
2018-03-16 00:00:00,    0.000000,-9999.000000,-9999.000000
2018-03-17 00:00:00,    0.000000,-9999.000000,-9999.000000
2018-03-18 00:00:00,    0.000000,-9999.000000,-9999.000000
2018-03-19 00:00:00,    0.000000,-9999.000000,-9999.000000
2018-03-20 00:00:00,    0.000000,-9999.000000,-9999.000000
2018-03-21 00:00:00,    0.000000,-9999.000000,-9999.000000
2018-03-22 00:00:00,    0.000000,-9999.000000,-9999.000000
2018-03-23 00:00:00,    0.000000,-9999.000000,-9999.000000
2018-03-24 00:00:00,    0.000000,-9999.000000,-9999.000000
2018-03-25 00:00:00,    0.000000,-9999.000000,-9999.000000
2018-03-26 00:00:00,    0.000000,-9999.000000,-9999.000000
2018-03-27 00:00:00,    0.000000,-9999.000000,-9999.000000
2018-03-28 00:00:00,    0.000000,-9999.000000,-9999.000000
2018-03-29 00:00:00,    0.000000,-9999.000000,-9999.000000
2018-03-30 00:00:00,    0.000000,-9999.000000,-9999.000000
2018-03-31 00:00:00,    0.000000,-9999.000000,-9999.000000
2018-04-01 00:00:00,    0.000000,-9999.000000,-9999.000000
2018-04-02 00:00:00,    0.000000,-9999.000000,-9999.000000
2018-04-03 00:00:00,    0.000000,-9999.000000,-9999.000000
2018-04-04 00:00:00,    0.000000,-9999.000000,-9999.000000
2018-04-05 00:00:00,    0.000000,-9999.000000,-9999.000000
2018-04-06 00:00:00,    0.000000,-9999.000000,-9999.000000
2018-04-07 00:00:00,    0.000000,-9999.000000,-9999.000000
2018-04-08 00:00:00,    0.000000,-9999.000000,-9999.000000
2018-04-09 00:00:00,    0.000000,-9999.000000,-9999.000000
2018-04-10 00:00:00,    0.000000,-9999.000000,-9999.000000
2018-04-11 00:00:00,    0.000000,-9999.000000,-9999.000000
2018-04-12 00:00:00,    0.000000,-9999.000000,-9999.000000
2018-04-13 00:00:00,    0.000000,-9999.000000,-9999.000000
2018-04-14 00:00:00,    0.000000,-9999.000000,-9999.000000
2018-04-15 00:00:00,    0.000000,-9999.000000,-9999.000000
2018-04-16 00:00:00,    0.000000,-9999.000000,-9999.000000
2018-04-17 00:00:00,    0.000000,-9999.000000,-9999.000000
2018-04-18 00:00:00,    0.000000,-9999.000000,-9999.000000
2018-04-19 00:00:00,    0.000000,-9999.000000,-9999.000000
2018-04-20 00:00:00,    0.000000,-9999.000000,-9999.000000
2018-04-21 00:00:00,    0.000000,-9999.000000,-9999.000000
2018-04-22 00:00:00,    0.000000,-9999.000000,-9999.000000
2018-04-23 00:00:00,    0.000000,-9999.000000,-9999.000000
2018-04-24 00:00:00,    0.000000,-9999.000000,-9999.000000
2018-04-25 00:00:00,    0.000000,-9999.000000,-9999.000000
2018-04-26 00:00:00,    0.000000,-9999.000000,-9999.000000
2018-04-27 00:00:00,    0.000000,-9999.000000,-9999.000000
2018-04-28 00:00:00,    0.000000,-9999.000000,-9999.000000
2018-04-29 00:00:00,    0.000000,-9999.000000,-9999.000000
2018-04-30 00:00:00,    0.000000,-9999.000000,-9999.000000
2018-05-01 00:00:00,    0.000000,-9999.000000,-9999.000000
2018-05-02 00:00:00,    0.000000,-9999.000000,-9999.000000
2018-05-03 00:00:00,    0.000000,-9999.000000,-9999.000000
2018-05-04 00:00:00,    0.000000,-9999.000000,-9999.000000
2018-05-05 00:00:00,    0.000000,-9999.000000,-9999.000000
2018-05-06 00:00:00,    0.000000,-9999.000000,-9999.000000
2018-05-07 00:00:00,    0.000000,-9999.000000,-9999.000000
2018-05-08 00:00:00,    0.000000,-9999.000000,-9999.000000
2018-05-09 00:00:00,    0.000000,-9999.000000,-9999.000000
2018-05-10 00:00:00,    0.000000,-9999.000000,-9999.000000
2018-05-11 00:00:00,    0.000000,-9999.000000,-9999.000000
2018-05-12 00:00:00,    0.000000,-9999.000000,-9999.000000
2018-05-13 00:00:00,    0.000000,-9999.000000,-9999.000000
2018-05-14 00:00:00,    0.000000,-9999.000000,-9999.000000
2018-05-15 00:00:00,    0.000000,-9999.000000,-9999.000000
2018-05-16 00:00:00,    0.000000,-9999.000000,-9999.000000
2018-05-17 00:00:00,    0.000000,-9999.000000,-9999.000000
2018-05-18 00:00:00,    0.000000,-9999.000000,-9999.000000
2018-05-19 00:00:00,    0.000000,-9999.000000,-9999.000000
2018-05-20 00:00:00,    0.000000,-9999.000000,-9999.000000
2018-05-21 00:00:00,    0.000000,-9999.000000,-9999.000000
2018-05-22 00:00:00,    0.000000,-9999.000000,-9999.000000
2018-05-23 00:00:00,    0.000000,-9999.000000,-9999.000000
2018-05-24 00:00:00,    0.000000,-9999.000000,-9999.000000
2018-05-25 00:00:00,    0.000000,-9999.000000,-9999.000000
2018-05-26 00:00:00,    0.000000,-9999.000000,-9999.000000
2018-05-27 00:00:00,    0.000000,-9999.000000,-9999.000000
2018-05-28 00:00:00,    0.000000,-9999.000000,-9999.000000
2018-05-29 00:00:00,    0.000000,-9999.000000,-9999.000000
2018-05-30 00:00:00,    0.000000,-9999.000000,-9999.000000
2018-05-31 00:00:00,    0.000000,-9999.000000,-9999.000000
2018-06-01 00:00:00,    0.000000,-9999.000000,-9999.000000
2018-06-02 00:00:00,    0.000000,-9999.000000,-9999.000000
2018-06-03 00:00:00,    0.000000,-9999.000000,-9999.000000
2018-06-04 00:00:00,    0.000000,-9999.000000,-9999.000000
2018-06-05 00:00:00,    0.000000,-9999.000000,-9999.000000
2018-06-06 00:00:00,    0.000000,-9999.000000,-9999.000000
2018-06-07 00:00:00,    0.000000,-9999.000000,-9999.000000
2018-06-08 00:00:00,    0.000000,-9999.000000,-9999.000000
2018-06-09 00:00:00,    0.000000,-9999.000000,-9999.000000
2018-06-10 00:00:00,    0.000000,-9999.000000,-9999.000000
2018-06-11 00:00:00,    0.000000,-9999.000000,-9999.000000
2018-06-12 00:00:00,    0.000000,-9999.000000,-9999.000000
2018-06-13 00:00:00,    0.000000,-9999.000000,-9999.000000
2018-06-14 00:00:00,    0.000000,-9999.000000,-9999.000000
2018-06-15 00:00:00,    0.000000,-9999.000000,-9999.000000
2018-06-16 00:00:00,    0.000000,-9999.000000,-9999.000000
2018-06-17 00:00:00,    0.000000,-9999.000000,-9999.000000
2018-06-18 00:00:00,    0.000000,-9999.000000,-9999.000000
2018-06-19 00:00:00,    0.000000,-9999.000000,-9999.000000
2018-06-20 00:00:00,    0.000000,-9999.000000,-9999.000000
2018-06-21 00:00:00,    0.000000,-9999.000000,-9999.000000
2018-06-22 00:00:00,    0.000000,-9999.000000,-9999.000000
2018-06-23 00:00:00,    0.000000,-9999.000000,-9999.000000
2018-06-24 00:00:00,    0.000000,-9999.000000,-9999.000000
2018-06-25 00:00:00,    0.000000,-9999.000000,-9999.000000
2018-06-26 00:00:00,    0.000000,-9999.000000,-9999.000000
2018-06-27 00:00:00,    0.000000,-9999.000000,-9999.000000
2018-06-28 00:00:00,    0.000000,-9999.000000,-9999.000000
2018-06-29 00:00:00,    0.000000,-9999.000000,-9999.000000
2018-06-30 00:00:00,    0.000000,-9999.000000,-9999.000000
2018-07-01 00:00:00,    0.000000,-9999.000000,-9999.000000
2018-07-02 00:00:00,    0.000000,-9999.000000,-9999.000000
2018-07-03 00:00:00,    0.000000,-9999.000000,-9999.000000
2018-07-04 00:00:00,    0.000000,-9999.000000,-9999.000000
2018-07-05 00:00:00,    0.000000,-9999.000000,-9999.000000
2018-07-06 00:00:00,    0.000000,-9999.000000,-9999.000000
2018-07-07 00:00:00,    0.000000,-9999.000000,-9999.000000
2018-07-08 00:00:00,    0.000000,-9999.000000,-9999.000000
2018-07-09 00:00:00,    0.000000,-9999.000000,-9999.000000
2018-07-10 00:00:00,    0.000000,-9999.000000,-9999.000000
2018-07-11 00:00:00,   17.321601,   14.235701,    1.761537
2018-07-12 00:00:00,   18.232519,   14.153338,    1.760874
2018-07-13 00:00:00,   19.601788,   14.339517,    1.760543
2018-07-14 00:00:00,   20.728739,   14.334032,    1.759725
2018-07-15 00:00:00,   56.726185,   14.328801,    1.758929
2018-07-16 00:00:00,   58.101313,   14.374673,    1.758137
2018-07-17 00:00:00,   58.226616,   14.369508,    1.757348
2018-07-18 00:00:00,   58.495740,   14.364600,    1.756581
2018-07-19 00:00:00,   62.087951,   14.359947,    1.755837
2018-07-20 00:00:00,  201.280136,   14.239766,    1.755482
2018-07-21 00:00:00,  211.021646,   14.236300,    1.754857
2018-07-22 00:00:00,  318.641022,   14.233072,    1.754252
2018-07-23 00:00:00,  319.293349,   14.230064,    1.753666
2018-07-24 00:00:00,  321.999684,   14.227271,    1.753100
2018-07-25 00:00:00,  408.666364,   14.224754,    1.752553
2018-07-26 00:00:00,  415.128735,   14.222288,    1.752026
2018-07-27 00:00:00,  545.178991,   14.220130,    1.751517
2018-07-28 00:00:00,  645.483348,   14.218247,    1.751028
2018-07-29 00:00:00,  632.286274,   14.216596,    1.750558
2018-07-30 00:00:00,  679.246928,   14.215110,    1.750107
2018-07-31 00:00:00,  722.435935,   14.213812,    1.749674
2018-08-01 00:00:00,  759.994328,   14.213892,    1.749362
2018-08-02 00:00:00,  829.104554,   14.214086,    1.749064
2018-08-03 00:00:00,  811.895826,   14.213245,    1.748676
2018-08-04 00:00:00,  800.125873,   14.212671,    1.748305
2018-08-05 00:00:00,  783.941676,   14.212385,    1.747952
2018-08-06 00:00:00,  760.345099,   14.212370,    1.747615
2018-08-07 00:00:00,  774.109329,   14.260927,    1.746683
2018-08-08 00:00:00,  758.243283,   14.261036,    1.746368
2018-08-09 00:00:00,  745.916556,   14.261364,    1.746069
2018-08-10 00:00:00,  736.446657,   14.262041,    1.745783
2018-08-11 00:00:00,  725.642863,   14.262972,    1.745523
2018-08-12 00:00:00,  715.022563,   14.264132,    1.745280
2018-08-13 00:00:00,  992.298813,   14.265545,    1.745052
2018-08-14 00:00:00,  992.146585,   14.267208,    1.744838
2018-08-15 00:00:00, 1031.365441,   14.269063,    1.744639
2018-08-16 00:00:00, 1035.387871,   14.323435,    1.743687
2018-08-17 00:00:00, 1020.168913,   14.325605,    1.743532
2018-08-18 00:00:00, 1003.192027,   14.327996,    1.743395
2018-08-19 00:00:00,  987.729290,   14.330618,    1.743275
2018-08-20 00:00:00,  975.512266,   14.333517,    1.743171
2018-08-21 00:00:00, 1124.592230,   14.336638,    1.743086
2018-08-22 00:00:00, 1133.465632,   14.339969,    1.743017
2018-08-23 00:00:00, 1122.698365,   14.343568,    1.742965
2018-08-24 00:00:00, 1104.466059,   14.347394,    1.742931
2018-08-25 00:00:00, 1084.025128,   14.404651,    1.742133
2018-08-26 00:00:00, 1066.834795,   14.408921,    1.742166
2018-08-27 00:00:00, 1047.824278,   14.413408,    1.742218
2018-08-28 00:00:00, 1029.890183,   14.418119,    1.742288
2018-08-29 00:00:00, 1012.423413,   14.423054,    1.742377
2018-08-30 00:00:00,  995.426969,   14.428239,    1.742485
2018-08-31 00:00:00,  981.543702,   14.433659,    1.742614
2018-09-01 00:00:00,  990.619153,   14.438607,    1.742695
2018-09-02 00:00:00,  984.089748,   14.443720,    1.742791
2018-09-03 00:00:00,  962.451735,   14.449697,    1.742966
2018-09-04 00:00:00,  945.909259,   14.455906,    1.743161
2018-09-05 00:00:00,  920.852544,   14.462350,    1.743376
2018-09-06 00:00:00,  898.784799,   14.469039,    1.743612
2018-09-07 00:00:00,  874.739679,   14.475981,    1.743868
2018-09-08 00:00:00,  853.485166,   14.483155,    1.744145
2018-09-09 00:00:00,  833.595738,   14.490736,    1.744484
2018-09-10 00:00:00,  814.652762,   14.498525,    1.744838
2018-09-11 00:00:00,  797.664873,   14.506511,    1.745209
2018-09-12 00:00:00,  778.572917,   14.514706,    1.745601
2018-09-13 00:00:00,  762.487003,   14.523115,    1.746012
2018-09-14 00:00:00,  750.138659,   14.531729,    1.746443
2018-09-15 00:00:00,  735.958293,   14.540574,    1.746896
2018-09-16 00:00:00,  711.937877,   14.549603,    1.747370
2018-09-17 00:00:00,  743.409106,   14.558864,    1.747866
2018-09-18 00:00:00,  925.626079,   14.568339,    1.748383
2018-09-19 00:00:00,  898.264509,   14.578044,    1.748923
2018-09-20 00:00:00,  875.426741,   14.587954,    1.749485
2018-09-21 00:00:00,  943.150481,   14.598111,    1.750070
2018-09-22 00:00:00,  930.687967,   14.608456,    1.750677
2018-09-23 00:00:00,  913.697760,   14.619016,    1.751307
2018-09-24 00:00:00,  894.772638,   14.629856,    1.751959
2018-09-25 00:00:00,  875.765718,   14.640919,    1.752635
2018-09-26 00:00:00,  856.030666,   14.652195,    1.753334
2018-09-27 00:00:00,  965.859016,   14.663648,    1.754057
2018-09-28 00:00:00,  947.902707,   14.675338,    1.754803
2018-09-29 00:00:00,  924.082763,   14.687287,    1.755572
2018-09-30 00:00:00,  898.281024,   14.699457,    1.756365
2018-10-01 00:00:00,  882.102944,   14.713742,    1.757379
2018-10-02 00:00:00,  965.255964,   14.728343,    1.758424
2018-10-03 00:00:00,  934.667204,   14.741201,    1.759301
2018-10-04 00:00:00,  912.748017,   14.754312,    1.760201
2018-10-05 00:00:00,  896.768563,   14.767648,    1.761126
2018-10-06 00:00:00,  874.952325,   14.781173,    1.762074
2018-10-07 00:00:00,  856.375837,   14.862023,    1.763832
2018-10-08 00:00:00,  840.060264,   14.876633,    1.764956
2018-10-09 00:00:00,  812.207169,   14.891383,    1.766098
2018-10-10 00:00:00,  783.401547,   14.906276,    1.767260
2018-10-11 00:00:00,  760.175459,   14.921384,    1.768443
2018-10-12 00:00:00,  737.639299,   14.936681,    1.769648
2018-10-13 00:00:00,  700.451400,   14.952133,    1.770876
2018-10-14 00:00:00,  678.952471,   14.967772,    1.772126
2018-10-15 00:00:00,  661.689381,   14.983589,    1.773400
2018-10-16 00:00:00,  630.670298,   14.999612,    1.774698
2018-10-17 00:00:00,  612.159040,   15.015830,    1.776019
2018-10-18 00:00:00,  685.170437,   15.032209,    1.777363
2018-10-19 00:00:00,  655.182263,   15.048774,    1.778731
2018-10-20 00:00:00,  628.615743,   15.065561,    1.780123
2018-10-21 00:00:00,  605.589027,   15.082531,    1.781538
2018-10-22 00:00:00,  594.634514,   15.099682,    1.782976
2018-10-23 00:00:00,  574.532974,   15.116936,    1.784437
2018-10-24 00:00:00,  557.755897,   15.134393,    1.785921
2018-10-25 00:00:00,  623.497781,   15.152005,    1.787428
2018-10-26 00:00:00,  620.238559,   15.169768,    1.788957
2018-10-27 00:00:00,  602.156679,   15.187680,    1.790508
2018-10-28 00:00:00,  580.385102,   15.205821,    1.792082
2018-10-29 00:00:00,  552.323063,   15.224108,    1.793677
2018-10-30 00:00:00,  526.086849,   15.242586,    1.795294
2018-10-31 00:00:00,  499.108015,   15.261219,    1.796931
2018-11-01 00:00:00,  474.388950,   15.275971,    1.798138
2018-11-02 00:00:00,  487.171740,   15.290818,    1.799358
2018-11-03 00:00:00,  479.378819,   15.309764,    1.801043
2018-11-04 00:00:00,  458.204004,   15.328798,    1.802747
2018-11-05 00:00:00,  551.730704,   15.348013,    1.804472
2018-11-06 00:00:00,  638.301643,   15.367285,    1.806216
2018-11-07 00:00:00,  611.773117,   15.386766,    1.807978
2018-11-08 00:00:00,  637.394478,   15.406357,    1.809758
2018-11-09 00:00:00,  617.892150,   15.426063,    1.811557
2018-11-10 00:00:00,  602.998348,   15.445908,    1.813373
2018-11-11 00:00:00,  576.680907,   15.465881,    1.815205
2018-11-12 00:00:00,  553.468847,   15.485975,    1.817054
2018-11-13 00:00:00,  530.170020,   15.506179,    1.818919
2018-11-14 00:00:00,  508.313002,   15.526455,    1.820800
2018-11-15 00:00:00,  477.828354,   15.546821,    1.822695
2018-11-16 00:00:00,  458.936807,   15.567326,    1.824604
2018-11-17 00:00:00,  454.709646,   15.677362,    1.830826
2018-11-18 00:00:00,  429.229708,   15.699019,    1.832968
2018-11-19 00:00:00,  401.431073,   15.720674,    1.835106
2018-11-20 00:00:00,  376.175340,   15.742329,    1.837245
2018-11-21 00:00:00,  354.105564,   15.763989,    1.839386
2018-11-22 00:00:00,  332.821041,   15.785665,    1.841531
2018-11-23 00:00:00,  305.817745,   15.807359,    1.843681
2018-11-24 00:00:00,  280.089574,   15.829075,    1.845835
2018-11-25 00:00:00,  265.531221,   15.850783,    1.847995
2018-11-26 00:00:00,  233.350533,   15.872496,    1.850159
2018-11-27 00:00:00,  209.331194,   15.894225,    1.852328
2018-11-28 00:00:00,  192.559102,   15.915964,    1.854501
2018-11-29 00:00:00,  171.141829,   15.937722,    1.856678
2018-11-30 00:00:00,  152.194653,   15.959512,    1.858858
2018-12-01 00:00:00,  131.363970,   15.984927,    1.861478
2018-12-02 00:00:00,  113.619427,   16.010353,    1.864104
2018-12-03 00:00:00,   96.602862,   16.032158,    1.866294
2018-12-04 00:00:00,   83.830557,   16.053942,    1.868484
2018-12-05 00:00:00,   75.651000,   16.075702,    1.870674
2018-12-06 00:00:00,  195.368791,   16.097437,    1.872863
2018-12-07 00:00:00,  209.824808,   16.119067,    1.875051
2018-12-08 00:00:00,  200.095443,   16.140686,    1.877236
2018-12-09 00:00:00,  189.909567,   16.162232,    1.879418
2018-12-10 00:00:00,  176.124568,   16.183784,    1.881596
2018-12-11 00:00:00,  161.688521,   16.205317,    1.883770
2018-12-12 00:00:00,  651.847936,   16.226776,    1.885938
2018-12-13 00:00:00,  630.202970,   16.248051,    1.888100
2018-12-14 00:00:00,  614.031995,   16.269272,    1.890256
2018-12-15 00:00:00,  596.670530,   16.290499,    1.892404
2018-12-16 00:00:00,  573.666034,   16.311597,    1.894543
2018-12-17 00:00:00,  556.058762,   16.332703,    1.896674
2018-12-18 00:00:00,  528.900135,   16.353720,    1.898795
2018-12-19 00:00:00,  499.903807,   16.482341,    1.908323
2018-12-20 00:00:00,  473.547980,   16.504264,    1.910663
2018-12-21 00:00:00,  446.701479,   16.525910,    1.912964
2018-12-22 00:00:00,  416.222521,   16.547321,    1.915234
2018-12-23 00:00:00,  383.024863,   15.802116,    1.864219
2018-12-24 00:00:00,  355.152865,   15.820924,    1.865932
2018-12-25 00:00:00,  324.907898,   15.839613,    1.867627
2018-12-26 00:00:00,  299.995782,   15.858184,    1.869306
2018-12-27 00:00:00,  272.915293,   15.876646,    1.870970
2018-12-28 00:00:00,  250.075382,   15.894989,    1.872619
2018-12-29 00:00:00,  231.504820,   15.913207,    1.874252
2018-12-30 00:00:00,  213.414721,   15.931336,    1.875871
2018-12-31 00:00:00,  193.267551,   15.949358,    1.877476
2019-01-01 00:00:00,  169.955387,   15.964664,    1.878745
2019-01-02 00:00:00,  148.312854,   15.979889,    1.880001
2019-01-03 00:00:00,  121.311698,   15.997616,    1.881562
2019-01-04 00:00:00,  102.108150,   16.015229,    1.883108
2019-01-05 00:00:00,   94.993515,   16.032721,    1.884639
2019-01-06 00:00:00,   77.014222,   16.050084,    1.886154
2019-01-07 00:00:00,   58.984143,   16.067338,    1.887653
2019-01-08 00:00:00,   46.395910,   16.084499,    1.889135
2019-01-09 00:00:00,   35.640719,   16.101557,    1.890601
2019-01-10 00:00:00,   26.390168,   16.118499,    1.892049
2019-01-11 00:00:00,   17.264308,   16.135322,    1.893479
2019-01-12 00:00:00,   11.496319,   16.240018,    1.901876
2019-01-13 00:00:00,    6.153310,   16.257879,    1.903560
2019-01-14 00:00:00,    5.177802,   16.275325,    1.905186
2019-01-15 00:00:00,    1.780254,   16.292438,    1.906764
2019-01-16 00:00:00,    0.000000,-9999.000000,-9999.000000
2019-01-17 00:00:00,    0.000000,-9999.000000,-9999.000000
2019-01-18 00:00:00,    0.000000,-9999.000000,-9999.000000
2019-01-19 00:00:00,    0.000000,-9999.000000,-9999.000000
2019-01-20 00:00:00,    0.000000,-9999.000000,-9999.000000
2019-01-21 00:00:00,    0.000000,-9999.000000,-9999.000000
2019-01-22 00:00:00,    0.000000,-9999.000000,-9999.000000
2019-01-23 00:00:00,    0.000000,-9999.000000,-9999.000000
2019-01-24 00:00:00,    0.000000,-9999.000000,-9999.000000
2019-01-25 00:00:00,    0.000000,-9999.000000,-9999.000000
2019-01-26 00:00:00,    0.000000,-9999.000000,-9999.000000
2019-01-27 00:00:00,    0.000000,-9999.000000,-9999.000000
2019-01-28 00:00:00,    0.000000,-9999.000000,-9999.000000
2019-01-29 00:00:00,    0.000000,-9999.000000,-9999.000000
2019-01-30 00:00:00,    0.000000,-9999.000000,-9999.000000
2019-01-31 00:00:00,    0.000000,-9999.000000,-9999.000000
2019-02-01 00:00:00,    0.000000,-9999.000000,-9999.000000
2019-02-02 00:00:00,    0.000000,-9999.000000,-9999.000000
2019-02-03 00:00:00,    0.000000,-9999.000000,-9999.000000
2019-02-04 00:00:00,    0.000000,-9999.000000,-9999.000000
2019-02-05 00:00:00,    0.000000,-9999.000000,-9999.000000
2019-02-06 00:00:00,    0.000000,-9999.000000,-9999.000000
2019-02-07 00:00:00,    0.000000,-9999.000000,-9999.000000
2019-02-08 00:00:00,    0.000000,-9999.000000,-9999.000000
2019-02-09 00:00:00,    0.000000,-9999.000000,-9999.000000
2019-02-10 00:00:00,    0.000000,-9999.000000,-9999.000000
2019-02-11 00:00:00,    0.000000,-9999.000000,-9999.000000
2019-02-12 00:00:00,    0.000000,-9999.000000,-9999.000000
2019-02-13 00:00:00,    0.000000,-9999.000000,-9999.000000
2019-02-14 00:00:00,    0.000000,-9999.000000,-9999.000000
2019-02-15 00:00:00,    0.000000,-9999.000000,-9999.000000
2019-02-16 00:00:00,    0.000000,-9999.000000,-9999.000000
2019-02-17 00:00:00,    0.000000,-9999.000000,-9999.000000
2019-02-18 00:00:00,    0.000000,-9999.000000,-9999.000000
2019-02-19 00:00:00,    0.000000,-9999.000000,-9999.000000
2019-02-20 00:00:00,    0.000000,-9999.000000,-9999.000000
2019-02-21 00:00:00,    0.000000,-9999.000000,-9999.000000
2019-02-22 00:00:00,    0.000000,-9999.000000,-9999.000000
2019-02-23 00:00:00,    0.000000,-9999.000000,-9999.000000
2019-02-24 00:00:00,    0.000000,-9999.000000,-9999.000000
2019-02-25 00:00:00,    0.000000,-9999.000000,-9999.000000
2019-02-26 00:00:00,    0.000000,-9999.000000,-9999.000000
2019-02-27 00:00:00,    0.000000,-9999.000000,-9999.000000
2019-02-28 00:00:00,    0.000000,-9999.000000,-9999.000000
2019-03-01 00:00:00,    0.000000,-9999.000000,-9999.000000
2019-03-02 00:00:00,    0.000000,-9999.000000,-9999.000000
2019-03-03 00:00:00,    0.000000,-9999.000000,-9999.000000
2019-03-04 00:00:00,    0.000000,-9999.000000,-9999.000000
2019-03-05 00:00:00,    0.000000,-9999.000000,-9999.000000
2019-03-06 00:00:00,    0.000000,-9999.000000,-9999.000000
2019-03-07 00:00:00,    0.000000,-9999.000000,-9999.000000
2019-03-08 00:00:00,    0.000000,-9999.000000,-9999.000000
2019-03-09 00:00:00,    0.000000,-9999.000000,-9999.000000
2019-03-10 00:00:00,    0.000000,-9999.000000,-9999.000000
2019-03-11 00:00:00,    0.000000,-9999.000000,-9999.000000
2019-03-12 00:00:00,    0.000000,-9999.000000,-9999.000000
2019-03-13 00:00:00,    0.000000,-9999.000000,-9999.000000
2019-03-14 00:00:00,    0.000000,-9999.000000,-9999.000000
2019-03-15 00:00:00,    0.000000,-9999.000000,-9999.000000
2019-03-16 00:00:00,    0.000000,-9999.000000,-9999.000000
2019-03-17 00:00:00,    0.000000,-9999.000000,-9999.000000
2019-03-18 00:00:00,    0.000000,-9999.000000,-9999.000000
2019-03-19 00:00:00,    0.000000,-9999.000000,-9999.000000
2019-03-20 00:00:00,    0.000000,-9999.000000,-9999.000000
2019-03-21 00:00:00,    0.000000,-9999.000000,-9999.000000
2019-03-22 00:00:00,    0.000000,-9999.000000,-9999.000000
2019-03-23 00:00:00,    0.000000,-9999.000000,-9999.000000
2019-03-24 00:00:00,    0.000000,-9999.000000,-9999.000000
2019-03-25 00:00:00,    0.000000,-9999.000000,-9999.000000
2019-03-26 00:00:00,    0.000000,-9999.000000,-9999.000000
2019-03-27 00:00:00,    0.000000,-9999.000000,-9999.000000
2019-03-28 00:00:00,    0.000000,-9999.000000,-9999.000000
2019-03-29 00:00:00,    0.000000,-9999.000000,-9999.000000
2019-03-30 00:00:00,    0.000000,-9999.000000,-9999.000000
2019-03-31 00:00:00,    0.000000,-9999.000000,-9999.000000
2019-04-01 00:00:00,    0.000000,-9999.000000,-9999.000000
2019-04-02 00:00:00,    0.000000,-9999.000000,-9999.000000
2019-04-03 00:00:00,    0.000000,-9999.000000,-9999.000000
2019-04-04 00:00:00,    0.000000,-9999.000000,-9999.000000
2019-04-05 00:00:00,    0.000000,-9999.000000,-9999.000000
2019-04-06 00:00:00,    0.000000,-9999.000000,-9999.000000
2019-04-07 00:00:00,    0.000000,-9999.000000,-9999.000000
2019-04-08 00:00:00,    0.000000,-9999.000000,-9999.000000
2019-04-09 00:00:00,    0.000000,-9999.000000,-9999.000000
2019-04-10 00:00:00,    0.000000,-9999.000000,-9999.000000
2019-04-11 00:00:00,    0.000000,-9999.000000,-9999.000000
2019-04-12 00:00:00,    0.000000,-9999.000000,-9999.000000
2019-04-13 00:00:00,    0.000000,-9999.000000,-9999.000000
2019-04-14 00:00:00,    0.000000,-9999.000000,-9999.000000
2019-04-15 00:00:00,    0.000000,-9999.000000,-9999.000000
2019-04-16 00:00:00,    0.000000,-9999.000000,-9999.000000
2019-04-17 00:00:00,    0.000000,-9999.000000,-9999.000000
2019-04-18 00:00:00,    0.000000,-9999.000000,-9999.000000
2019-04-19 00:00:00,    0.000000,-9999.000000,-9999.000000
2019-04-20 00:00:00,    0.000000,-9999.000000,-9999.000000
2019-04-21 00:00:00,    0.000000,-9999.000000,-9999.000000
2019-04-22 00:00:00,    0.000000,-9999.000000,-9999.000000
2019-04-23 00:00:00,    0.000000,-9999.000000,-9999.000000
2019-04-24 00:00:00,    0.000000,-9999.000000,-9999.000000
2019-04-25 00:00:00,    0.000000,-9999.000000,-9999.000000
2019-04-26 00:00:00,    0.000000,-9999.000000,-9999.000000
2019-04-27 00:00:00,    0.000000,-9999.000000,-9999.000000
2019-04-28 00:00:00,    0.000000,-9999.000000,-9999.000000
2019-04-29 00:00:00,    0.000000,-9999.000000,-9999.000000
2019-04-30 00:00:00,    0.000000,-9999.000000,-9999.000000
2019-05-01 00:00:00,    0.000000,-9999.000000,-9999.000000
2019-05-02 00:00:00,    0.000000,-9999.000000,-9999.000000
2019-05-03 00:00:00,    0.000000,-9999.000000,-9999.000000
2019-05-04 00:00:00,    0.000000,-9999.000000,-9999.000000
2019-05-05 00:00:00,    0.000000,-9999.000000,-9999.000000
2019-05-06 00:00:00,    0.000000,-9999.000000,-9999.000000
2019-05-07 00:00:00,    0.000000,-9999.000000,-9999.000000
2019-05-08 00:00:00,    0.000000,-9999.000000,-9999.000000
2019-05-09 00:00:00,    0.000000,-9999.000000,-9999.000000
2019-05-10 00:00:00,    0.000000,-9999.000000,-9999.000000
2019-05-11 00:00:00,    0.000000,-9999.000000,-9999.000000
2019-05-12 00:00:00,    0.000000,-9999.000000,-9999.000000
2019-05-13 00:00:00,    0.000000,-9999.000000,-9999.000000
2019-05-14 00:00:00,    0.000000,-9999.000000,-9999.000000
2019-05-15 00:00:00,    0.000000,-9999.000000,-9999.000000
2019-05-16 00:00:00,    0.000000,-9999.000000,-9999.000000
2019-05-17 00:00:00,    0.000000,-9999.000000,-9999.000000
2019-05-18 00:00:00,    0.000000,-9999.000000,-9999.000000
2019-05-19 00:00:00,    0.000000,-9999.000000,-9999.000000
2019-05-20 00:00:00,    0.000000,-9999.000000,-9999.000000
2019-05-21 00:00:00,    0.000000,-9999.000000,-9999.000000
2019-05-22 00:00:00,    0.000000,-9999.000000,-9999.000000
2019-05-23 00:00:00,    0.000000,-9999.000000,-9999.000000
2019-05-24 00:00:00,    0.000000,-9999.000000,-9999.000000
2019-05-25 00:00:00,    0.000000,-9999.000000,-9999.000000
2019-05-26 00:00:00,    0.000000,-9999.000000,-9999.000000
2019-05-27 00:00:00,    0.000000,-9999.000000,-9999.000000
2019-05-28 00:00:00,    0.000000,-9999.000000,-9999.000000
2019-05-29 00:00:00,    0.000000,-9999.000000,-9999.000000
2019-05-30 00:00:00,    0.000000,-9999.000000,-9999.000000
2019-05-31 00:00:00,    0.000000,-9999.000000,-9999.000000
2019-06-01 00:00:00,    9.825737,   17.038611,    1.821931
2019-06-02 00:00:00,   10.955209,   16.988576,    1.820999
2019-06-03 00:00:00,   12.479723,   16.936166,    1.819927
2019-06-04 00:00:00,    9.811572,   16.863101,    1.819543
2019-06-05 00:00:00,    7.406889,   16.707364,    1.818517
2019-06-06 00:00:00,    5.207618,   16.675431,    1.818553
2019-06-07 00:00:00,   15.762122,   16.348066,    1.814608
2019-06-08 00:00:00,  198.363239,   16.518932,    1.804141
2019-06-09 00:00:00,  201.128843,   16.443010,    1.802458
2019-06-10 00:00:00,  202.006538,   16.360261,    1.796939
2019-06-11 00:00:00,  240.870619,   16.634453,    1.796319
2019-06-12 00:00:00,  256.574792,   16.439179,    1.793205
2019-06-13 00:00:00,  345.779539,   16.295716,    1.784737
2019-06-14 00:00:00,  366.663541,   16.069780,    1.781343
2019-06-15 00:00:00,  461.701267,   15.898653,    1.773231
2019-06-16 00:00:00,  461.465839,   15.801201,    1.771730
2019-06-17 00:00:00,  461.613506,   15.682222,    1.765511
2019-06-18 00:00:00,  459.857587,   15.672455,    1.764159
2019-06-19 00:00:00,  456.578823,   15.706876,    1.764650
2019-06-20 00:00:00,  496.627260,   15.660468,    1.761807
2019-06-21 00:00:00,  549.706556,   15.777722,    1.765432
2019-06-22 00:00:00,  544.894147,   15.773715,    1.757016
2019-06-23 00:00:00,  541.573170,   15.712370,    1.755779
2019-06-24 00:00:00,  536.519990,   15.643075,    1.754576
2019-06-25 00:00:00,  528.174624,   15.516844,    1.753442
2019-06-26 00:00:00,  532.641026,   15.329093,    1.751731
2019-06-27 00:00:00,  626.738404,   15.181851,    1.744358
2019-06-28 00:00:00,  657.546834,   15.213036,    1.740948
2019-06-29 00:00:00,  662.855147,   15.122467,    1.739589
2019-06-30 00:00:00,  659.024729,   15.102800,    1.737813
2019-07-01 00:00:00,  652.502979,   15.002113,    1.733796
2019-07-02 00:00:00,  646.851070,   14.991997,    1.732446
2019-07-03 00:00:00,  641.274219,   14.984460,    1.731376
2019-07-04 00:00:00,  630.100964,   15.057913,    1.733185
2019-07-05 00:00:00,  620.610577,   14.969291,    1.732434
2019-07-06 00:00:00,  608.215781,   14.878178,    1.731680
2019-07-07 00:00:00,  645.937884,   14.825263,    1.730959
2019-07-08 00:00:00,  641.828550,   14.862903,    1.730417
2019-07-09 00:00:00,  629.661271,   14.879585,    1.729690
2019-07-10 00:00:00,  620.169131,   14.795353,    1.725890
2019-07-11 00:00:00,  884.216424,   14.690126,    1.709788
2019-07-12 00:00:00,  870.762756,   14.561241,    1.709087
2019-07-13 00:00:00,  860.396934,   14.396126,    1.708201
2019-07-14 00:00:00,  851.951295,   14.365571,    1.707427
2019-07-15 00:00:00,  842.782133,   14.325781,    1.706663
2019-07-16 00:00:00,  830.519599,   14.221417,    1.704146
2019-07-17 00:00:00,  931.291164,   14.296980,    1.704696
2019-07-18 00:00:00,  916.928401,   14.293962,    1.703935
2019-07-19 00:00:00,  904.547705,   14.291137,    1.703197
2019-07-20 00:00:00,  893.200179,   14.288470,    1.702478
2019-07-21 00:00:00,  881.919231,   14.285740,    1.701721
2019-07-22 00:00:00,  870.160523,   14.361432,    1.702038
2019-07-23 00:00:00,  857.229819,   14.358298,    1.701265
2019-07-24 00:00:00,  864.868146,   14.170375,    1.696192
2019-07-25 00:00:00,  848.295825,   14.325992,    1.697589
2019-07-26 00:00:00,  840.311732,   14.324122,    1.696974
2019-07-27 00:00:00,  830.592579,   14.264096,    1.693184
2019-07-28 00:00:00,  819.832192,   14.169840,    1.691540
2019-07-29 00:00:00,  807.027852,   14.167462,    1.691041
2019-07-30 00:00:00,  790.994785,   14.213941,    1.691094
2019-07-31 00:00:00,  771.547926,   14.113500,    1.689556
2019-08-01 00:00:00,  909.791560,   14.527757,    1.683997
2019-08-02 00:00:00,  956.243304,   14.561423,    1.682065
2019-08-03 00:00:00,  984.506833,   14.560481,    1.679809
2019-08-04 00:00:00,  997.026103,   14.635594,    1.676398
2019-08-05 00:00:00, 1063.510683,   14.743106,    1.672102
2019-08-06 00:00:00, 1045.110785,   14.669972,    1.670487
2019-08-07 00:00:00, 1063.064203,   14.707667,    1.670843
2019-08-08 00:00:00, 1105.804459,   14.663698,    1.669818
2019-08-09 00:00:00, 1102.538344,   14.701324,    1.670186
2019-08-10 00:00:00, 1082.968909,   14.701045,    1.669939
2019-08-11 00:00:00, 1064.010039,   14.701045,    1.669714
2019-08-12 00:00:00, 1048.718367,   14.701278,    1.669513
2019-08-13 00:00:00, 1367.329672,   14.614584,    1.667993
2019-08-14 00:00:00, 1338.264671,   14.702099,    1.669177
2019-08-15 00:00:00, 1342.771094,   14.616408,    1.667746
2019-08-16 00:00:00, 1319.566301,   14.617675,    1.667657
2019-08-17 00:00:00, 1295.085502,   14.619219,    1.667587
2019-08-18 00:00:00, 1273.446757,   14.620978,    1.667537
2019-08-19 00:00:00, 1251.379981,   14.622862,    1.667507
2019-08-20 00:00:00, 1232.283456,   14.625132,    1.667502
2019-08-21 00:00:00, 1254.586265,   14.627519,    1.667518
2019-08-22 00:00:00, 1237.809651,   14.630118,    1.667552
2019-08-23 00:00:00, 1206.790106,   14.632820,    1.667607
2019-08-24 00:00:00, 1187.023198,   14.635764,    1.667681
2019-08-25 00:00:00, 1168.556220,   14.638887,    1.667775
2019-08-26 00:00:00, 1149.044724,   14.642174,    1.667889
2019-08-27 00:00:00, 1129.337589,   14.645823,    1.668023
2019-08-28 00:00:00, 1113.290929,   14.649647,    1.668177
2019-08-29 00:00:00, 1090.046883,   14.653615,    1.668351
2019-08-30 00:00:00, 1070.527966,   14.697531,    1.669173
2019-08-31 00:00:00, 1053.271765,   14.701986,    1.669407
2019-09-01 00:00:00, 1079.336897,   14.706074,    1.669595
2019-09-02 00:00:00, 1056.519931,   14.710189,    1.669798
2019-09-03 00:00:00, 1036.709660,   14.715154,    1.670082
2019-09-04 00:00:00, 1107.482094,   14.720303,    1.670387
2019-09-05 00:00:00, 1174.390123,   14.725584,    1.670714
2019-09-06 00:00:00, 1167.585686,   14.731116,    1.671062
2019-09-07 00:00:00, 1142.238302,   14.736772,    1.671432
2019-09-08 00:00:00, 1115.552453,   14.742773,    1.671824
2019-09-09 00:00:00, 1088.164289,   14.790805,    1.673037
2019-09-10 00:00:00, 1065.593325,   14.797437,    1.673507
2019-09-11 00:00:00, 1051.676648,   14.804266,    1.673999
2019-09-12 00:00:00, 1033.014737,   14.811229,    1.674514
2019-09-13 00:00:00, 1002.983990,   14.818411,    1.675051
2019-09-14 00:00:00,  976.677425,   14.825866,    1.675612
2019-09-15 00:00:00,  953.094301,   14.833555,    1.676195
2019-09-16 00:00:00,  928.066363,   14.841471,    1.676802
2019-09-17 00:00:00,  900.645144,   14.849618,    1.677431
2019-09-18 00:00:00,  881.165124,   14.857991,    1.678084
2019-09-19 00:00:00, 1041.851909,   14.866550,    1.678760
2019-09-20 00:00:00, 1018.957845,   14.875427,    1.679483
2019-09-21 00:00:00,  980.031325,   14.884490,    1.680227
2019-09-22 00:00:00,  973.529147,   14.893755,    1.680992
2019-09-23 00:00:00,  956.143894,   14.903158,    1.681779
2019-09-24 00:00:00,  933.739655,   14.912801,    1.682588
2019-09-25 00:00:00,  914.526858,   14.922686,    1.683421
2019-09-26 00:00:00,  978.399054,   14.932750,    1.684277
2019-09-27 00:00:00,  996.085518,   14.943019,    1.685156
2019-09-28 00:00:00, 1020.864277,   14.953472,    1.686059
2019-09-29 00:00:00, 1000.838657,   14.964167,    1.686985
2019-09-30 00:00:00,  979.989988,   14.975140,    1.687934
2019-10-01 00:00:00,  959.082017,   14.988142,    1.689113
2019-10-02 00:00:00,  924.300498,   15.053547,    1.692136
2019-10-03 00:00:00,  908.415676,   15.065736,    1.693255
2019-10-04 00:00:00,  875.651744,   15.078036,    1.694396
2019-10-05 00:00:00,  859.187508,   15.090561,    1.695559
2019-10-06 00:00:00,  831.145475,   15.103275,    1.696745
2019-10-07 00:00:00,  803.047328,   15.116222,    1.697955
2019-10-08 00:00:00,  779.349754,   15.129367,    1.699189
2019-10-09 00:00:00,  754.513363,   15.142689,    1.700447
2019-10-10 00:00:00,  730.422730,   15.156237,    1.701730
2019-10-11 00:00:00,  695.967789,   15.169988,    1.703036
2019-10-12 00:00:00,  654.848384,   15.183946,    1.704368
2019-10-13 00:00:00,  635.473765,   15.198089,    1.705723
2019-10-14 00:00:00,  624.687757,   15.212395,    1.707103
2019-10-15 00:00:00,  597.615286,   15.226870,    1.708507
2019-10-16 00:00:00,  583.950536,   15.241547,    1.709935
2019-10-17 00:00:00,  569.148338,   15.256409,    1.711387
2019-10-18 00:00:00,  550.829298,   15.271491,    1.712863
2019-10-19 00:00:00,  539.292725,   15.286814,    1.714363
2019-10-20 00:00:00,  523.405339,   15.302656,    1.715951
2019-10-21 00:00:00,  505.808068,   15.318557,    1.717551
2019-10-22 00:00:00,  489.583294,   15.334618,    1.719168
2019-10-23 00:00:00,  473.948361,   15.350811,    1.720803
2019-10-24 00:00:00,  443.045887,   15.367103,    1.722456
2019-10-25 00:00:00,  420.972010,   15.383604,    1.724130
2019-10-26 00:00:00,  396.168575,   15.463808,    1.729240
2019-10-27 00:00:00,  373.634248,   15.481084,    1.731028
2019-10-28 00:00:00,  352.201428,   15.498523,    1.732838
2019-10-29 00:00:00,  339.661491,   15.516120,    1.734668
2019-10-30 00:00:00,  328.139477,   15.533859,    1.736519
2019-10-31 00:00:00,  307.412530,   15.551705,    1.738390
2019-11-01 00:00:00,  284.675991,   15.565717,    1.739794
2019-11-02 00:00:00,  270.094029,   15.579817,    1.741211
2019-11-03 00:00:00,  261.199538,   15.597991,    1.743127
2019-11-04 00:00:00,  247.592079,   15.616340,    1.745063
2019-11-05 00:00:00,  287.087931,   15.634792,    1.747018
2019-11-06 00:00:00,  294.118000,   15.653368,    1.748991
2019-11-07 00:00:00,  284.579337,   15.672085,    1.750982
2019-11-08 00:00:00,  272.186658,   15.690961,    1.752991
2019-11-09 00:00:00,  257.840100,   15.710002,    1.755018
2019-11-10 00:00:00,  249.635044,   15.729177,    1.757060
2019-11-11 00:00:00,  234.467117,   15.748991,    1.759224
2019-11-12 00:00:00,  216.575881,   15.768773,    1.761383
2019-11-13 00:00:00,  201.457003,   15.788583,    1.763545
2019-11-14 00:00:00,  187.274074,   15.808429,    1.765713
2019-11-15 00:00:00,  172.623301,   15.828316,    1.767889
2019-11-16 00:00:00,  159.616477,   15.848279,    1.770072
2019-11-17 00:00:00,  145.629698,   15.868316,    1.772265
2019-11-18 00:00:00,  134.213619,   15.888413,    1.774467
2019-11-19 00:00:00,  116.677033,   15.908575,    1.776679
2019-11-20 00:00:00,  107.370822,   15.928786,    1.778898
2019-11-21 00:00:00,   93.841514,   15.949050,    1.781127
2019-11-22 00:00:00,   82.700807,   15.969383,    1.783363
2019-11-23 00:00:00,   75.007758,   15.989768,    1.785608
2019-11-24 00:00:00,   65.695488,   16.010206,    1.787859
2019-11-25 00:00:00,   54.731325,   16.030627,    1.790117
2019-11-26 00:00:00,   45.246201,   16.051100,    1.792381
2019-11-27 00:00:00,   39.450610,   16.071660,    1.794650
2019-11-28 00:00:00,   31.123272,   16.092260,    1.796925
2019-11-29 00:00:00,   46.197641,   16.112825,    1.799203
2019-11-30 00:00:00,   50.181336,   16.215846,    1.807871
2019-12-01 00:00:00,   41.574528,   16.240504,    1.810698
2019-12-02 00:00:00,   35.939413,   16.265963,    1.813679
2019-12-03 00:00:00,   30.160039,   16.287660,    1.816170
2019-12-04 00:00:00,   23.061807,   16.309221,    1.818641
2019-12-05 00:00:00,   17.832398,   16.330692,    1.821099
2019-12-06 00:00:00,   14.580007,   16.352072,    1.823545
2019-12-07 00:00:00,   10.662951,   16.373349,    1.825981
2019-12-08 00:00:00,    5.041626,   16.394541,    1.828409
2019-12-09 00:00:00,    1.517463,   16.415694,    1.830827
2019-12-10 00:00:00,    0.000000,-9999.000000,-9999.000000
2019-12-11 00:00:00,    0.000000,-9999.000000,-9999.000000
2019-12-12 00:00:00,    0.000000,-9999.000000,-9999.000000
2019-12-13 00:00:00,    1.348059,   16.499731,    1.840413
2019-12-14 00:00:00,   16.547863,   16.520517,    1.842786
2019-12-15 00:00:00,    9.160361,   16.541211,    1.845148
2019-12-16 00:00:00,    4.140880,   16.561878,    1.847498
2019-12-17 00:00:00,    1.296283,   16.582474,    1.849837
2019-12-18 00:00:00,    0.000000,-9999.000000,-9999.000000
2019-12-19 00:00:00,    0.000000,-9999.000000,-9999.000000
2019-12-20 00:00:00,    0.000000,-9999.000000,-9999.000000
2019-12-21 00:00:00,    0.000000,-9999.000000,-9999.000000
2019-12-22 00:00:00,    0.000000,-9999.000000,-9999.000000
2019-12-23 00:00:00,    0.000000,-9999.000000,-9999.000000
2019-12-24 00:00:00,    0.000000,-9999.000000,-9999.000000
2019-12-25 00:00:00,    0.000000,-9999.000000,-9999.000000
2019-12-26 00:00:00,    0.000000,-9999.000000,-9999.000000
2019-12-27 00:00:00,    0.000000,-9999.000000,-9999.000000
2019-12-28 00:00:00,    0.000000,-9999.000000,-9999.000000
2019-12-29 00:00:00,    0.000000,-9999.000000,-9999.000000
2019-12-30 00:00:00,    0.000000,-9999.000000,-9999.000000
2019-12-31 00:00:00,    0.000000,-9999.000000,-9999.000000
2020-01-01 00:00:00,    0.000000,-9999.000000,-9999.000000
2020-01-02 00:00:00,    0.000000,-9999.000000,-9999.000000
2020-01-03 00:00:00,    0.000000,-9999.000000,-9999.000000
2020-01-04 00:00:00,    0.000000,-9999.000000,-9999.000000
2020-01-05 00:00:00,    0.000000,-9999.000000,-9999.000000
