time,temp,salt
2009-12-31 25:00:00,   24.515688,    0.859588
2010-01-01 25:00:00,   24.679048,    0.875187
2010-01-02 25:00:00,   25.174329,    0.876771
2010-01-03 25:00:00,   26.349813,    0.880101
2010-01-04 25:00:00,   26.074026,    0.883060
2010-01-05 25:00:00,   27.450157,    0.884685
2010-01-06 25:00:00,   27.922729,    0.887712
2010-01-07 25:00:00,   27.371743,    0.889894
2010-01-08 25:00:00,   27.353389,    0.891721
2010-01-09 25:00:00,   27.246054,    0.894373
2010-01-10 25:00:00,   26.029572,    0.895768
2010-01-11 25:00:00,   25.529132,    0.897862
2010-01-12 25:00:00,   25.556284,    0.900295
2010-01-13 25:00:00,   26.363112,    0.902603
2010-01-14 25:00:00,   26.502497,    0.905096
2010-01-15 25:00:00,   25.925740,    0.907450
2010-01-16 25:00:00,   26.705424,    0.910568
2010-01-17 25:00:00,   26.971560,    0.910043
2010-01-18 25:00:00,   28.061149,    0.915364
2010-01-19 25:00:00,   29.039988,    0.918432
2010-01-20 25:00:00,   27.912604,    0.920068
2010-01-21 25:00:00,   26.940746,    0.922747
2010-01-22 25:00:00,   27.163410,    0.924508
2010-01-23 25:00:00,   27.301469,    0.926651
2010-01-24 25:00:00,   28.061759,    0.929390
2010-01-25 25:00:00,   27.829365,    0.931517
2010-01-26 25:00:00,   28.027068,    0.933958
2010-01-27 25:00:00,   27.985171,    0.936663
2010-01-28 25:00:00,   28.032629,    0.938953
2010-01-29 25:00:00,   28.007325,    0.941861
2010-01-30 25:00:00,   26.726211,    0.943608
2010-01-31 25:00:00,   26.358398,    0.945227
2010-02-01 25:00:00,   26.400519,    0.947315
2010-02-02 25:00:00,   25.110481,    0.948575
2010-02-03 25:00:00,   24.504828,    0.950304
2010-02-04 25:00:00,   24.083290,    0.951552
2010-02-05 25:00:00,   24.475542,    0.952974
2010-02-06 25:00:00,   24.034452,    0.953852
2010-02-07 25:00:00,   25.261376,    0.955625
2010-02-08 25:00:00,   25.451431,    0.957067
2010-02-09 25:00:00,   26.821474,    0.958687
2010-02-10 25:00:00,   25.798156,    0.959481
2010-02-11 25:00:00,   26.589161,    0.961860
2010-02-12 25:00:00,   26.579215,    0.964419
2010-02-13 25:00:00,   27.045490,    0.966167
2010-02-14 25:00:00,   27.294972,    0.968129
2010-02-15 25:00:00,   26.849140,    0.969109
2010-02-16 25:00:00,   26.291145,    0.969245
2010-02-17 25:00:00,   27.083510,    0.970650
2010-02-18 25:00:00,   28.214234,    0.972995
2010-02-19 25:00:00,   26.597665,    0.974430
2010-02-20 25:00:00,   25.937279,    0.974781
2010-02-21 25:00:00,   25.454601,    0.976272
2010-02-22 25:00:00,   25.827017,    0.978119
2010-02-23 25:00:00,   25.548359,    0.979740
2010-02-24 25:00:00,   26.092262,    0.981388
2010-02-25 25:00:00,   26.589277,    0.983392
2010-02-26 25:00:00,   26.977833,    0.987110
2010-02-27 25:00:00,   27.178801,    0.990584
2010-02-28 25:00:00,   26.861526,    0.992661
2010-03-01 25:00:00,   27.073886,    0.995004
2010-03-02 25:00:00,   27.333079,    0.997256
2010-03-03 25:00:00,   26.469587,    0.998773
2010-03-04 25:00:00,   25.037148,    0.997855
2010-03-05 25:00:00,   24.651858,    0.998332
2010-03-06 25:00:00,   25.040134,    0.999516
2010-03-07 25:00:00,   25.272234,    1.001035
2010-03-08 25:00:00,   25.276101,    1.003238
2010-03-09 25:00:00,   25.421313,    1.004974
2010-03-10 25:00:00,   25.323605,    1.006923
2010-03-11 25:00:00,   25.722256,    1.008559
2010-03-12 25:00:00,   26.413568,    1.011789
2010-03-13 25:00:00,   26.058999,    1.012235
2010-03-14 25:00:00,   26.748779,    1.011533
2010-03-15 25:00:00,   26.273837,    1.013724
2010-03-16 25:00:00,   25.006545,    1.014580
2010-03-17 25:00:00,   24.580365,    1.013910
2010-03-18 25:00:00,   24.045055,    1.014924
2010-03-19 25:00:00,   23.343290,    1.014060
2010-03-20 25:00:00,   23.716152,    1.013872
2010-03-21 25:00:00,   25.013896,    1.016564
2010-03-22 25:00:00,   24.790507,    0.944251
2010-03-23 25:00:00,   25.057231,    0.955479
2010-03-24 25:00:00,   25.736456,    0.958118
2010-03-25 25:00:00,   25.224007,    0.962573
2010-03-26 25:00:00,   25.135608,    0.972910
2010-03-27 25:00:00,   24.121894,    0.978005
2010-03-28 25:00:00,   23.752935,    0.985096
2010-03-29 25:00:00,   23.848970,    0.988035
2010-03-30 25:00:00,   23.884598,    0.989660
2010-03-31 25:00:00,   23.578609,    0.991121
2010-04-01 25:00:00,   23.745061,    0.992314
2010-04-02 25:00:00,   23.860887,    0.993986
2010-04-03 25:00:00,   22.950591,    0.994960
2010-04-04 25:00:00,   22.354213,    0.995259
2010-04-05 25:00:00,   22.778011,    0.996005
2010-04-06 25:00:00,   22.206659,    0.995929
2010-04-07 25:00:00,   22.741889,    0.996830
2010-04-08 25:00:00,   22.828233,    0.997874
2010-04-09 25:00:00,   22.529280,    0.999180
2010-04-10 25:00:00,   22.173822,    0.999656
2010-04-11 25:00:00,   22.642625,    1.000143
2010-04-12 25:00:00,   21.114038,    0.999469
2010-04-13 25:00:00,   20.695364,    0.992505
2010-04-14 25:00:00,   20.250684,    0.991510
2010-04-15 25:00:00,   20.721627,    0.991244
2010-04-16 25:00:00,   21.427839,    0.992296
2010-04-17 25:00:00,   21.321393,    0.992653
2010-04-18 25:00:00,   21.792657,    0.993494
2010-04-19 25:00:00,   22.150823,    0.994520
2010-04-20 25:00:00,   22.582158,    0.995588
2010-04-21 25:00:00,   21.984825,    0.995659
2010-04-22 25:00:00,   21.140659,    0.996575
2010-04-23 25:00:00,   20.724878,    0.996727
2010-04-24 25:00:00,   20.593261,    0.997154
2010-04-25 25:00:00,   20.425570,    0.997411
2010-04-26 25:00:00,   20.484609,    0.998294
2010-04-27 25:00:00,   20.412297,    0.998526
2010-04-28 25:00:00,   20.602497,    0.998810
2010-04-29 25:00:00,   20.252082,    0.998907
2010-04-30 25:00:00,   20.333543,    0.999552
2010-05-01 25:00:00,   19.909424,    0.999323
2010-05-02 25:00:00,   20.138964,    0.999596
2010-05-03 25:00:00,   19.599612,    0.999000
2010-05-04 25:00:00,   19.451312,    0.999416
2010-05-05 25:00:00,   19.516932,    0.999867
2010-05-06 25:00:00,   19.234139,    1.000069
2010-05-07 25:00:00,   19.291129,    1.000243
2010-05-08 25:00:00,   19.240427,    1.000628
2010-05-09 25:00:00,   18.935629,    1.000746
2010-05-10 25:00:00,   18.627225,    1.000974
2010-05-11 25:00:00,   18.614426,    1.001830
2010-05-12 25:00:00,   18.811304,    1.002283
2010-05-13 25:00:00,   17.964907,    0.993999
2010-05-14 25:00:00,   17.788531,    0.995514
2010-05-15 25:00:00,   17.788709,    0.996778
2010-05-16 25:00:00,   17.630555,    0.998265
2010-05-17 25:00:00,   17.595969,    0.999027
2010-05-18 25:00:00,   17.328466,    1.000694
2010-05-19 25:00:00,   17.903411,    1.001386
2010-05-20 25:00:00,   18.026608,    1.001152
2010-05-21 25:00:00,   17.528135,    1.001945
2010-05-22 25:00:00,   17.678352,    0.978606
2010-05-23 25:00:00,   16.970102,    0.989531
2010-05-24 25:00:00,   17.121928,    0.991756
2010-05-25 25:00:00,   16.899719,    0.992648
2010-05-26 25:00:00,   16.721442,    0.998714
2010-05-27 25:00:00,   16.552809,    1.000092
2010-05-28 25:00:00,   16.981234,    1.001115
2010-05-29 25:00:00,   16.628159,    1.001333
2010-05-30 25:00:00,   16.887300,    1.002802
2010-05-31 25:00:00,   16.733320,    0.994261
2010-06-01 25:00:00,   16.809943,    1.000728
2010-06-02 25:00:00,   16.698494,    1.003145
2010-06-03 25:00:00,   16.895177,    1.004124
2010-06-04 25:00:00,   16.187593,    1.004798
2010-06-05 25:00:00,   16.287241,    1.008020
2010-06-06 25:00:00,   16.707777,    1.009300
2010-06-07 25:00:00,   16.382187,    1.009484
2010-06-08 25:00:00,   15.902407,    1.014713
2010-06-09 25:00:00,   15.769153,    1.040329
2010-06-10 25:00:00,   15.953398,    1.052614
2010-06-11 25:00:00,   15.485546,    1.054206
2010-06-12 25:00:00,   15.853137,    1.055712
2010-06-13 25:00:00,   15.509188,    1.056542
2010-06-14 25:00:00,   16.030997,    1.087732
2010-06-15 25:00:00,   15.518894,    1.081350
2010-06-16 25:00:00,   15.871949,    1.083954
2010-06-17 25:00:00,   15.593986,    1.083732
2010-06-18 25:00:00,   15.968667,    1.083873
2010-06-19 25:00:00,   16.200153,    1.084502
2010-06-20 25:00:00,   16.096018,    1.084934
2010-06-21 25:00:00,   16.132919,    1.084638
2010-06-22 25:00:00,   15.653894,    1.087049
2010-06-23 25:00:00,   15.565587,    1.079782
2010-06-24 25:00:00,   15.427923,    1.080921
2010-06-25 25:00:00,   15.301181,    1.081260
2010-06-26 25:00:00,   15.094198,    1.081677
2010-06-27 25:00:00,   14.661542,    1.080161
2010-06-28 25:00:00,   14.891470,    1.080839
2010-06-29 25:00:00,   14.550446,    1.080688
2010-06-30 25:00:00,   14.467033,    1.081221
2010-07-01 25:00:00,   14.305783,    1.081572
2010-07-02 25:00:00,   14.236543,    1.075605
2010-07-03 25:00:00,   14.185728,    1.077125
2010-07-04 25:00:00,   14.098440,    1.078461
2010-07-05 25:00:00,   14.244934,    1.078935
2010-07-06 25:00:00,   13.981013,    1.079388
2010-07-07 25:00:00,   13.742698,    1.079737
2010-07-08 25:00:00,   13.516962,    1.071741
2010-07-09 25:00:00,   13.124882,    1.066806
2010-07-10 25:00:00,   13.109294,    1.061436
2010-07-11 25:00:00,   13.194987,    1.056179
2010-07-12 25:00:00,   12.922810,    1.054088
2010-07-13 25:00:00,   13.425924,    1.052842
2010-07-14 25:00:00,   13.653557,    1.052736
2010-07-15 25:00:00,   13.037022,    1.053768
2010-07-16 25:00:00,   12.982392,    1.050939
2010-07-17 25:00:00,   13.097401,    1.050776
2010-07-18 25:00:00,   13.288906,    1.051715
2010-07-19 25:00:00,   13.463274,    1.051475
2010-07-20 25:00:00,   13.544010,    1.052113
2010-07-21 25:00:00,   13.712816,    1.051862
2010-07-22 25:00:00,   13.869023,    1.052872
2010-07-23 25:00:00,   13.943291,    1.053279
2010-07-24 25:00:00,   13.404759,    1.053563
2010-07-25 25:00:00,   13.284525,    1.052825
2010-07-26 25:00:00,   13.620992,    1.051825
2010-07-27 25:00:00,   14.062245,    1.048818
2010-07-28 25:00:00,   14.153767,    1.046910
2010-07-29 25:00:00,   13.919007,    1.043649
2010-07-30 25:00:00,   13.961394,    1.044544
2010-07-31 25:00:00,   14.516700,    1.044599
2010-08-01 25:00:00,   14.839600,    1.045023
2010-08-02 25:00:00,   14.807458,    1.045936
2010-08-03 25:00:00,   15.191578,    1.046036
2010-08-04 25:00:00,   15.284449,    1.046634
2010-08-05 25:00:00,   15.272244,    1.047155
2010-08-06 25:00:00,   15.381725,    1.048247
2010-08-07 25:00:00,   15.490906,    1.049032
2010-08-08 25:00:00,   15.189495,    1.049674
2010-08-09 25:00:00,   14.991798,    1.049969
2010-08-10 25:00:00,   14.402396,    1.050017
2010-08-11 25:00:00,   13.790394,    1.050039
2010-08-12 25:00:00,   13.853912,    1.028463
2010-08-13 25:00:00,   13.957109,    1.026518
2010-08-14 25:00:00,   14.764374,    1.027415
2010-08-15 25:00:00,   15.010455,    1.028211
2010-08-16 25:00:00,   14.390567,    1.027910
2010-08-17 25:00:00,   14.156545,    1.026480
2010-08-18 25:00:00,   13.908801,    1.025448
2010-08-19 25:00:00,   14.662323,    1.026833
2010-08-20 25:00:00,   14.280071,    1.014211
2010-08-21 25:00:00,   14.297158,    1.017760
2010-08-22 25:00:00,   14.694430,    1.015868
2010-08-23 25:00:00,   15.256702,    1.015935
2010-08-24 25:00:00,   15.160830,    1.016119
2010-08-25 25:00:00,   15.472663,    1.017365
2010-08-26 25:00:00,   15.782485,    1.018262
2010-08-27 25:00:00,   16.290474,    1.019185
2010-08-28 25:00:00,   16.201272,    1.019192
2010-08-29 25:00:00,   17.453028,    1.020710
2010-08-30 25:00:00,   17.402938,    1.021282
2010-08-31 25:00:00,   16.112022,    1.003364
2010-09-01 25:00:00,   15.622774,    1.006756
2010-09-02 25:00:00,   15.544958,    1.008930
2010-09-03 25:00:00,   16.215192,    1.008881
2010-09-04 25:00:00,   17.175784,    1.007390
2010-09-05 25:00:00,   17.822466,    1.009633
2010-09-06 25:00:00,   17.770924,    1.009752
2010-09-07 25:00:00,   16.805745,    0.994803
2010-09-08 25:00:00,   16.132926,    0.995724
2010-09-09 25:00:00,   16.230147,    0.993706
2010-09-10 25:00:00,   16.936263,    0.994788
2010-09-11 25:00:00,   16.462019,    0.994403
2010-09-12 25:00:00,   16.162746,    0.989192
2010-09-13 25:00:00,   16.424451,    0.990654
2010-09-14 25:00:00,   16.941078,    0.991976
2010-09-15 25:00:00,   17.032256,    0.992789
2010-09-16 25:00:00,   17.255412,    0.995001
2010-09-17 25:00:00,   17.794566,    0.996992
2010-09-18 25:00:00,   16.730911,    0.997810
2010-09-19 25:00:00,   17.662039,    1.000316
2010-09-20 25:00:00,   18.118265,    1.001383
2010-09-21 25:00:00,   18.615505,    1.002956
2010-09-22 25:00:00,   19.293618,    1.004438
2010-09-23 25:00:00,   20.167676,    1.006147
2010-09-24 25:00:00,   20.644358,    1.007173
2010-09-25 25:00:00,   21.095433,    1.008253
2010-09-26 25:00:00,   20.840331,    1.009627
2010-09-27 25:00:00,   21.088766,    1.011283
2010-09-28 25:00:00,   21.183727,    1.013537
2010-09-29 25:00:00,   20.812012,    1.014714
2010-09-30 25:00:00,   20.689668,    1.016432
2010-10-01 25:00:00,   21.297484,    1.017156
2010-10-02 25:00:00,   20.763491,    1.018395
2010-10-03 25:00:00,   21.599996,    1.019497
2010-10-04 25:00:00,   21.939337,    1.021786
2010-10-05 25:00:00,   20.661350,    1.021417
2010-10-06 25:00:00,   20.728822,    1.024093
2010-10-07 25:00:00,   21.187604,    1.025715
2010-10-08 25:00:00,   21.691604,    1.025935
2010-10-09 25:00:00,   22.575651,    1.030448
2010-10-10 25:00:00,   20.477455,    1.032296
2010-10-11 25:00:00,   20.322566,    1.033528
2010-10-12 25:00:00,   20.483943,    1.035353
2010-10-13 25:00:00,   20.414631,    1.036468
2010-10-14 25:00:00,   20.157025,    1.038579
2010-10-15 25:00:00,   20.230332,    1.040472
2010-10-16 25:00:00,   20.287037,    1.041398
2010-10-17 25:00:00,   21.600925,    1.044059
2010-10-18 25:00:00,   22.296426,    1.045708
2010-10-19 25:00:00,   23.610023,    1.046357
2010-10-20 25:00:00,   21.495198,    1.036309
2010-10-21 25:00:00,   21.521944,    1.039621
2010-10-22 25:00:00,   21.771778,    1.042167
2010-10-23 25:00:00,   21.433232,    1.042755
2010-10-24 25:00:00,   21.514635,    1.045447
2010-10-25 25:00:00,   21.827306,    1.047617
2010-10-26 25:00:00,   22.848898,    1.049407
2010-10-27 25:00:00,   21.892483,    1.051330
2010-10-28 25:00:00,   20.800313,    1.053361
2010-10-29 25:00:00,   21.083771,    1.055034
2010-10-30 25:00:00,   21.326060,    1.056009
2010-10-31 25:00:00,   21.918279,    1.059017
2010-11-01 25:00:00,   22.575886,    1.063290
2010-11-02 25:00:00,   23.148329,    1.066280
2010-11-03 25:00:00,   24.391706,    1.069129
2010-11-04 25:00:00,   23.273772,    1.071493
2010-11-05 25:00:00,   22.783718,    1.072568
2010-11-06 25:00:00,   23.274245,    1.075211
2010-11-07 25:00:00,   22.868084,    1.076843
2010-11-08 25:00:00,   24.029777,    1.077597
2010-11-09 25:00:00,   23.631603,    1.078495
2010-11-10 25:00:00,   22.810376,    1.076790
2010-11-11 25:00:00,   22.405960,    1.079330
2010-11-12 25:00:00,   21.919527,    1.079599
2010-11-13 25:00:00,   21.979890,    1.080569
2010-11-14 25:00:00,   21.938665,    1.082450
2010-11-15 25:00:00,   22.577354,    1.085827
2010-11-16 25:00:00,   23.088889,    1.087945
2010-11-17 25:00:00,   24.078377,    1.091290
2010-11-18 25:00:00,   24.917715,    1.094736
2010-11-19 25:00:00,   25.198091,    1.098643
2010-11-20 25:00:00,   25.860447,    1.101397
2010-11-21 25:00:00,   25.867681,    1.101872
2010-11-22 25:00:00,   25.328739,    1.103857
2010-11-23 25:00:00,   24.506445,    1.108075
2010-11-24 25:00:00,   24.667822,    1.109706
2010-11-25 25:00:00,   24.522450,    1.111684
2010-11-26 25:00:00,   24.934247,    1.116733
2010-11-27 25:00:00,   25.138506,    1.119420
2010-11-28 25:00:00,   25.028675,    1.120857
2010-11-29 25:00:00,   25.618558,    1.125499
2010-11-30 25:00:00,   25.962631,    1.127837
2010-12-01 25:00:00,   24.042861,    1.128885
2010-12-02 25:00:00,   23.335577,    1.128049
2010-12-03 25:00:00,   22.940945,    1.128199
2010-12-04 25:00:00,   23.687613,    1.130766
2010-12-05 25:00:00,   23.128775,    1.129880
2010-12-06 25:00:00,   22.348988,    1.128059
2010-12-07 25:00:00,   23.080579,    1.126787
2010-12-08 25:00:00,   22.793465,    1.128499
2010-12-09 25:00:00,   22.934132,    1.130465
2010-12-10 25:00:00,   23.462748,    1.132768
2010-12-11 25:00:00,   24.113117,    1.135324
2010-12-12 25:00:00,   24.926267,    1.137870
2010-12-13 25:00:00,   24.457757,    1.141191
2010-12-14 25:00:00,   24.108799,    1.143637
2010-12-15 25:00:00,   24.387213,    1.143964
2010-12-16 25:00:00,   24.078352,    1.139236
2010-12-17 25:00:00,   24.622630,    1.142508
2010-12-18 25:00:00,   24.862482,    1.145909
2010-12-19 25:00:00,   24.229415,    1.147159
2010-12-20 25:00:00,   22.330256,    1.141365
2010-12-21 25:00:00,   22.508178,    1.142464
2010-12-22 25:00:00,   22.581048,    1.143161
2010-12-23 25:00:00,   23.226052,    1.143989
2010-12-24 25:00:00,   26.169399,    1.145361
2010-12-25 25:00:00,   27.321265,    1.148974
2010-12-26 25:00:00,   27.177916,    1.154756
2010-12-27 25:00:00,   27.014630,    1.157463
2010-12-28 25:00:00,   26.644140,    1.161265
2010-12-29 25:00:00,   26.789946,    1.165494
2010-12-30 25:00:00,   26.795409,    1.168972
2010-12-31 25:00:00,   26.170143,    1.171202
2011-01-01 25:00:00,   26.419395,    1.173604
2011-01-02 25:00:00,   27.329018,    1.174134
2011-01-03 25:00:00,   27.306008,    1.174068
2011-01-04 25:00:00,   28.936224,    1.177797
2011-01-05 25:00:00,   27.744840,    1.159002
2011-01-06 25:00:00,   27.504686,    1.165569
2011-01-07 25:00:00,   26.957574,    1.168602
2011-01-08 25:00:00,   27.089742,    1.171872
2011-01-09 25:00:00,   27.589874,    1.175279
2011-01-10 25:00:00,   27.796629,    1.179956
2011-01-11 25:00:00,   27.985231,    1.182995
2011-01-12 25:00:00,   27.674560,    1.185420
2011-01-13 25:00:00,   27.718467,    1.189248
2011-01-14 25:00:00,   26.925279,    1.191423
2011-01-15 25:00:00,   26.423407,    1.192545
2011-01-16 25:00:00,   26.824086,    1.191689
2011-01-17 25:00:00,   27.092330,    1.195029
2011-01-18 25:00:00,   27.358899,    1.197624
2011-01-19 25:00:00,   27.066629,    1.200553
2011-01-20 25:00:00,   26.638851,    1.200374
2011-01-21 25:00:00,   26.207676,    1.201781
2011-01-22 25:00:00,   26.078202,    1.201972
2011-01-23 25:00:00,   25.790382,    1.203728
2011-01-24 25:00:00,   24.303493,    1.189118
2011-01-25 25:00:00,   24.905748,    1.187807
2011-01-26 25:00:00,   25.096556,    1.189970
2011-01-27 25:00:00,   26.293972,    1.191870
2011-01-28 25:00:00,   27.831093,    1.193240
2011-01-29 25:00:00,   28.959901,    1.195420
2011-01-30 25:00:00,   29.557972,    1.198700
2011-01-31 25:00:00,   27.886957,    1.198919
2011-02-01 25:00:00,   27.341502,    1.202975
2011-02-02 25:00:00,   27.418928,    1.205332
2011-02-03 25:00:00,   27.648580,    1.208783
2011-02-04 25:00:00,   27.591900,    1.212631
2011-02-05 25:00:00,   26.225706,    1.214358
2011-02-06 25:00:00,   25.255061,    1.210889
2011-02-07 25:00:00,   26.183395,    1.213708
2011-02-08 25:00:00,   26.766911,    1.214701
2011-02-09 25:00:00,   27.933803,    1.217192
2011-02-10 25:00:00,   28.169676,    1.221671
2011-02-11 25:00:00,   27.309209,    1.225845
2011-02-12 25:00:00,   26.627657,    1.228240
2011-02-13 25:00:00,   27.058691,    1.229540
2011-02-14 25:00:00,   27.430923,    1.231130
2011-02-15 25:00:00,   27.903763,    1.234197
2011-02-16 25:00:00,   28.388180,    1.238513
2011-02-17 25:00:00,   28.018143,    1.241798
2011-02-18 25:00:00,   28.549429,    1.245033
2011-02-19 25:00:00,   28.011719,    1.247562
2011-02-20 25:00:00,   26.099504,    1.244152
2011-02-21 25:00:00,   27.500681,    1.247519
2011-02-22 25:00:00,   27.483406,    1.252410
2011-02-23 25:00:00,   28.228259,    1.254570
2011-02-24 25:00:00,   28.224629,    1.256398
2011-02-25 25:00:00,   29.006852,    1.256232
2011-02-26 25:00:00,   30.574360,    1.258501
2011-02-27 25:00:00,   30.637137,    1.262372
2011-02-28 25:00:00,   30.590174,    1.266862
2011-03-01 25:00:00,   29.165723,    1.266552
2011-03-02 25:00:00,   28.989599,    1.269959
2011-03-03 25:00:00,   28.711141,    1.272928
2011-03-04 25:00:00,   28.963771,    1.275233
2011-03-05 25:00:00,   28.140716,    1.276654
2011-03-06 25:00:00,   27.255983,    1.274828
2011-03-07 25:00:00,   26.670951,    1.272229
2011-03-08 25:00:00,   26.114879,    1.273018
2011-03-09 25:00:00,   26.099756,    1.275942
2011-03-10 25:00:00,   26.282477,    1.277555
2011-03-11 25:00:00,   25.842210,    1.278690
2011-03-12 25:00:00,   24.923711,    1.274523
2011-03-13 25:00:00,   24.710915,    1.270181
2011-03-14 25:00:00,   25.370968,    1.271176
2011-03-15 25:00:00,   24.997627,    1.274345
2011-03-16 25:00:00,   25.334726,    1.277183
2011-03-17 25:00:00,   25.870080,    1.278697
2011-03-18 25:00:00,   26.151937,    1.279601
2011-03-19 25:00:00,   25.635415,    1.282353
2011-03-20 25:00:00,   24.859987,    1.284673
2011-03-21 25:00:00,   24.774328,    1.280143
2011-03-22 25:00:00,   25.591217,    1.282448
2011-03-23 25:00:00,   25.865857,    1.284418
2011-03-24 25:00:00,   26.059123,    1.286540
2011-03-25 25:00:00,   26.449576,    1.289814
2011-03-26 25:00:00,   26.367884,    1.292560
2011-03-27 25:00:00,   26.506976,    1.293758
2011-03-28 25:00:00,   26.130070,    1.295561
2011-03-29 25:00:00,   25.798546,    1.297547
2011-03-30 25:00:00,   25.537489,    1.294861
2011-03-31 25:00:00,   25.354555,    1.295949
2011-04-01 25:00:00,   25.066455,    1.298154
2011-04-02 25:00:00,   24.656164,    1.296009
2011-04-03 25:00:00,   24.489169,    1.296999
2011-04-04 25:00:00,   24.252176,    1.298489
2011-04-05 25:00:00,   24.671329,    1.299237
2011-04-06 25:00:00,   24.455910,    1.300208
2011-04-07 25:00:00,   23.474265,    1.295867
2011-04-08 25:00:00,   23.082537,    1.293458
2011-04-09 25:00:00,   22.254969,    1.288017
2011-04-10 25:00:00,   21.732742,    1.279763
2011-04-11 25:00:00,   21.907414,    1.256237
2011-04-12 25:00:00,   21.693256,    1.262699
2011-04-13 25:00:00,   22.127352,    1.263276
2011-04-14 25:00:00,   22.252435,    1.264516
2011-04-15 25:00:00,   22.237379,    1.266492
2011-04-16 25:00:00,   22.350690,    1.267529
2011-04-17 25:00:00,   21.726293,    1.267353
2011-04-18 25:00:00,   21.450692,    1.266887
2011-04-19 25:00:00,   21.251793,    1.265911
2011-04-20 25:00:00,   20.904870,    1.266491
2011-04-21 25:00:00,   21.100083,    1.267761
2011-04-22 25:00:00,   21.726590,    1.267924
2011-04-23 25:00:00,   22.103220,    1.268583
2011-04-24 25:00:00,   22.348433,    1.270010
2011-04-25 25:00:00,   22.790101,    1.271065
2011-04-26 25:00:00,   22.502011,    1.262713
2011-04-27 25:00:00,   21.118293,    1.260378
2011-04-28 25:00:00,   20.440784,    1.258484
2011-04-29 25:00:00,   20.382965,    1.257505
2011-04-30 25:00:00,   20.326307,    1.257701
2011-05-01 25:00:00,   20.452036,    1.257872
2011-05-02 25:00:00,   20.496173,    1.258598
2011-05-03 25:00:00,   20.604882,    1.259611
2011-05-04 25:00:00,   20.667680,    1.260571
2011-05-05 25:00:00,   20.297578,    1.260963
2011-05-06 25:00:00,   19.906704,    1.260101
2011-05-07 25:00:00,   19.567236,    1.259289
2011-05-08 25:00:00,   19.559542,    1.259042
2011-05-09 25:00:00,   19.215374,    1.260153
2011-05-10 25:00:00,   19.322405,    1.258882
2011-05-11 25:00:00,   19.091918,    1.259426
2011-05-12 25:00:00,   18.835612,    1.259022
2011-05-13 25:00:00,   18.495964,    1.258756
2011-05-14 25:00:00,   18.225293,    1.259381
2011-05-15 25:00:00,   17.786945,    1.258293
2011-05-16 25:00:00,   17.911434,    1.254938
2011-05-17 25:00:00,   17.901649,    1.254372
2011-05-18 25:00:00,   18.251096,    1.247576
2011-05-19 25:00:00,   18.149469,    1.247904
2011-05-20 25:00:00,   17.538454,    1.237521
2011-05-21 25:00:00,   17.441520,    1.240284
2011-05-22 25:00:00,   17.638045,    1.240995
2011-05-23 25:00:00,   17.955856,    1.241522
2011-05-24 25:00:00,   17.401806,    1.241996
2011-05-25 25:00:00,   17.075069,    1.241953
2011-05-26 25:00:00,   17.080082,    1.244707
2011-05-27 25:00:00,   17.183217,    1.245485
2011-05-28 25:00:00,   17.405205,    1.246081
2011-05-29 25:00:00,   17.097053,    1.244196
2011-05-30 25:00:00,   17.202490,    1.235162
2011-05-31 25:00:00,   17.373833,    1.235673
2011-06-01 25:00:00,   17.268469,    1.220971
2011-06-02 25:00:00,   17.146691,    1.224238
2011-06-03 25:00:00,   17.119728,    1.225941
2011-06-04 25:00:00,   16.580036,    1.229282
2011-06-05 25:00:00,   16.484858,    1.239574
2011-06-06 25:00:00,   16.336543,    1.243912
2011-06-07 25:00:00,   16.229757,    1.248546
2011-06-08 25:00:00,   15.981058,    1.249524
2011-06-09 25:00:00,   15.836599,    1.254468
2011-06-10 25:00:00,   15.591236,    1.267240
2011-06-11 25:00:00,   15.436948,    1.299710
2011-06-12 25:00:00,   15.464503,    1.342965
2011-06-13 25:00:00,   15.086702,    1.344110
2011-06-14 25:00:00,   14.774887,    1.342120
2011-06-15 25:00:00,   14.795348,    1.339566
2011-06-16 25:00:00,   15.163654,    1.340055
2011-06-17 25:00:00,   14.782604,    1.340314
2011-06-18 25:00:00,   14.818004,    1.338651
2011-06-19 25:00:00,   14.887911,    1.339175
2011-06-20 25:00:00,   15.017378,    1.339251
2011-06-21 25:00:00,   15.382561,    1.339602
2011-06-22 25:00:00,   15.098827,    1.339482
2011-06-23 25:00:00,   15.454321,    1.338880
2011-06-24 25:00:00,   15.528739,    1.295318
2011-06-25 25:00:00,   15.781246,    1.319115
2011-06-26 25:00:00,   15.901616,    1.322360
2011-06-27 25:00:00,   15.491496,    1.324557
2011-06-28 25:00:00,   15.301899,    1.306951
2011-06-29 25:00:00,   15.430340,    1.281808
2011-06-30 25:00:00,   14.979012,    1.296104
2011-07-01 25:00:00,   14.812377,    1.295642
2011-07-02 25:00:00,   14.509490,    1.294166
2011-07-03 25:00:00,   14.343922,    1.291758
2011-07-04 25:00:00,   14.411722,    1.292740
2011-07-05 25:00:00,   14.611626,    1.293408
2011-07-06 25:00:00,   14.513205,    1.293732
2011-07-07 25:00:00,   14.045064,    1.293837
2011-07-08 25:00:00,   13.891113,    1.294217
2011-07-09 25:00:00,   13.831324,    1.294753
2011-07-10 25:00:00,   13.591924,    1.294824
2011-07-11 25:00:00,   13.364694,    1.288856
2011-07-12 25:00:00,   13.922549,    1.289562
2011-07-13 25:00:00,   14.648324,    1.290186
2011-07-14 25:00:00,   14.622773,    1.290475
2011-07-15 25:00:00,   14.106691,    1.278389
2011-07-16 25:00:00,   14.522429,    1.280138
2011-07-17 25:00:00,   14.268424,    1.280706
2011-07-18 25:00:00,   14.292629,    1.282305
2011-07-19 25:00:00,   14.508815,    1.282243
2011-07-20 25:00:00,   14.187834,    1.277435
2011-07-21 25:00:00,   14.185728,    1.249580
2011-07-22 25:00:00,   14.039266,    1.234297
2011-07-23 25:00:00,   14.252694,    1.237192
2011-07-24 25:00:00,   14.299794,    1.238337
2011-07-25 25:00:00,   14.138193,    1.232081
2011-07-26 25:00:00,   14.791253,    1.232533
2011-07-27 25:00:00,   14.721852,    1.217277
2011-07-28 25:00:00,   15.056350,    1.209130
2011-07-29 25:00:00,   14.828976,    1.213687
2011-07-30 25:00:00,   15.035057,    1.209649
2011-07-31 25:00:00,   15.083836,    1.207195
2011-08-01 25:00:00,   15.311666,    1.203557
2011-08-02 25:00:00,   15.326830,    1.197278
2011-08-03 25:00:00,   14.995942,    1.198252
2011-08-04 25:00:00,   15.382565,    1.199502
2011-08-05 25:00:00,   15.071142,    1.200396
2011-08-06 25:00:00,   14.905085,    1.202648
2011-08-07 25:00:00,   15.287904,    1.199002
2011-08-08 25:00:00,   15.014803,    1.200645
2011-08-09 25:00:00,   15.446424,    1.201965
2011-08-10 25:00:00,   15.409919,    1.202435
2011-08-11 25:00:00,   15.425162,    1.203082
2011-08-12 25:00:00,   16.011601,    1.202885
2011-08-13 25:00:00,   15.941104,    1.128962
2011-08-14 25:00:00,   15.610006,    1.170529
2011-08-15 25:00:00,   15.074221,    1.174441
2011-08-16 25:00:00,   14.756943,    1.175312
2011-08-17 25:00:00,   15.094505,    1.176081
2011-08-18 25:00:00,   15.424712,    1.177080
2011-08-19 25:00:00,   15.842455,    1.176659
2011-08-20 25:00:00,   17.196910,    1.177732
2011-08-21 25:00:00,   17.134125,    1.147173
2011-08-22 25:00:00,   17.347990,    1.153220
2011-08-23 25:00:00,   16.943912,    1.152228
2011-08-24 25:00:00,   16.582106,    1.153573
2011-08-25 25:00:00,   16.928866,    1.154813
2011-08-26 25:00:00,   17.350989,    1.154848
2011-08-27 25:00:00,   17.619395,    1.156553
2011-08-28 25:00:00,   17.716125,    1.157520
2011-08-29 25:00:00,   18.163959,    1.157393
2011-08-30 25:00:00,   19.203288,    1.159491
2011-08-31 25:00:00,   19.888407,    1.160230
2011-09-01 25:00:00,   19.373789,    1.155158
2011-09-02 25:00:00,   17.844224,    1.153065
2011-09-03 25:00:00,   17.179217,    1.154088
2011-09-04 25:00:00,   17.134246,    1.155349
2011-09-05 25:00:00,   16.916429,    1.156824
2011-09-06 25:00:00,   16.835617,    1.158541
2011-09-07 25:00:00,   16.774490,    1.160289
2011-09-08 25:00:00,   16.693598,    1.161212
2011-09-09 25:00:00,   17.477235,    1.163444
2011-09-10 25:00:00,   17.672837,    1.164630
2011-09-11 25:00:00,   18.235870,    1.165809
2011-09-12 25:00:00,   18.699834,    1.167177
2011-09-13 25:00:00,   19.485062,    1.168900
2011-09-14 25:00:00,   20.218156,    1.168814
2011-09-15 25:00:00,   20.493874,    1.170801
2011-09-16 25:00:00,   19.862857,    1.171989
2011-09-17 25:00:00,   19.437009,    1.164403
2011-09-18 25:00:00,   18.030629,    1.137481
2011-09-19 25:00:00,   17.678601,    1.141147
2011-09-20 25:00:00,   18.370203,    1.142988
2011-09-21 25:00:00,   17.377702,    1.132929
2011-09-22 25:00:00,   17.044411,    1.133386
2011-09-23 25:00:00,   18.053017,    1.135481
2011-09-24 25:00:00,   18.817104,    1.138210
2011-09-25 25:00:00,   19.254970,    1.139212
2011-09-26 25:00:00,   17.931670,    1.139066
2011-09-27 25:00:00,   16.821256,    1.124973
2011-09-28 25:00:00,   17.770034,    1.125300
2011-09-29 25:00:00,   18.184397,    1.127373
2011-09-30 25:00:00,   18.013029,    1.129259
2011-10-01 25:00:00,   19.981422,    1.130351
2011-10-02 25:00:00,   19.342943,    1.113872
2011-10-03 25:00:00,   19.438175,    1.117858
2011-10-04 25:00:00,   20.382955,    1.119860
2011-10-05 25:00:00,   20.753946,    1.121201
2011-10-06 25:00:00,   21.354563,    1.122625
2011-10-07 25:00:00,   22.315510,    1.124317
2011-10-08 25:00:00,   23.032790,    1.126157
2011-10-09 25:00:00,   22.068131,    1.128117
2011-10-10 25:00:00,   22.708147,    1.130457
2011-10-11 25:00:00,   23.246688,    1.132567
2011-10-12 25:00:00,   23.110306,    1.135016
2011-10-13 25:00:00,   21.871491,    1.137256
2011-10-14 25:00:00,   21.826458,    1.139758
2011-10-15 25:00:00,   22.460734,    1.140497
2011-10-16 25:00:00,   23.085517,    1.143707
2011-10-17 25:00:00,   22.955741,    1.145786
2011-10-18 25:00:00,   21.948305,    1.129754
2011-10-19 25:00:00,   21.767188,    1.133697
2011-10-20 25:00:00,   21.949146,    1.136318
2011-10-21 25:00:00,   22.645650,    1.138953
2011-10-22 25:00:00,   22.175731,    1.139654
2011-10-23 25:00:00,   22.264684,    1.141895
2011-10-24 25:00:00,   21.606643,    1.142697
2011-10-25 25:00:00,   21.554115,    1.131593
2011-10-26 25:00:00,   21.714938,    1.131804
2011-10-27 25:00:00,   22.671113,    1.133918
2011-10-28 25:00:00,   22.469055,    1.136364
2011-10-29 25:00:00,   22.854975,    1.139702
2011-10-30 25:00:00,   23.113748,    1.142830
2011-10-31 25:00:00,   23.534564,    1.146039
2011-11-01 25:00:00,   24.335600,    1.149281
2011-11-02 25:00:00,   24.834236,    1.150149
2011-11-03 25:00:00,   24.950072,    1.143898
2011-11-04 25:00:00,   24.746441,    1.148532
2011-11-05 25:00:00,   22.949165,    1.129825
2011-11-06 25:00:00,   23.418088,    1.110000
2011-11-07 25:00:00,   22.295982,    1.118260
2011-11-08 25:00:00,   20.939358,    1.114718
2011-11-09 25:00:00,   21.888893,    1.119872
2011-11-10 25:00:00,   22.923843,    1.120072
2011-11-11 25:00:00,   23.213766,    1.125280
2011-11-12 25:00:00,   23.727004,    1.127457
2011-11-13 25:00:00,   24.071505,    1.130586
2011-11-14 25:00:00,   23.983868,    1.133010
2011-11-15 25:00:00,   23.745751,    1.135758
2011-11-16 25:00:00,   24.142493,    1.137926
2011-11-17 25:00:00,   23.659443,    1.136748
2011-11-18 25:00:00,   23.646185,    1.139526
2011-11-19 25:00:00,   23.509242,    1.143002
2011-11-20 25:00:00,   23.595360,    1.146275
2011-11-21 25:00:00,   23.784012,    1.147688
2011-11-22 25:00:00,   24.974989,    1.151270
2011-11-23 25:00:00,   25.514058,    1.156124
2011-11-24 25:00:00,   25.396725,    1.160026
2011-11-25 25:00:00,   25.471126,    1.162036
2011-11-26 25:00:00,   23.868697,    1.164878
2011-11-27 25:00:00,   23.073233,    1.167069
2011-11-28 25:00:00,   23.004907,    1.169241
2011-11-29 25:00:00,   22.792995,    1.172590
2011-11-30 25:00:00,   23.005174,    1.175470
2011-12-01 25:00:00,   23.811667,    1.180710
2011-12-02 25:00:00,   24.425572,    1.184791
2011-12-03 25:00:00,   25.100068,    1.188709
2011-12-04 25:00:00,   26.476897,    1.193898
2011-12-05 25:00:00,   26.731421,    1.195734
2011-12-06 25:00:00,   24.849441,    1.155358
2011-12-07 25:00:00,   24.988461,    1.151986
2011-12-08 25:00:00,   24.384447,    1.154908
2011-12-09 25:00:00,   24.995675,    1.160255
2011-12-10 25:00:00,   25.870342,    1.163755
2011-12-11 25:00:00,   26.432449,    1.167348
2011-12-12 25:00:00,   23.545725,    1.081580
2011-12-13 25:00:00,   22.499535,    1.091221
2011-12-14 25:00:00,   24.161217,    1.093882
2011-12-15 25:00:00,   23.532746,    1.095967
2011-12-16 25:00:00,   24.602451,    1.098154
2011-12-17 25:00:00,   25.617172,    1.100819
2011-12-18 25:00:00,   25.900625,    1.103919
2011-12-19 25:00:00,   25.983706,    1.107948
2011-12-20 25:00:00,   26.487450,    1.111405
2011-12-21 25:00:00,   26.674630,    1.115166
2011-12-22 25:00:00,   26.647735,    1.119392
2011-12-23 25:00:00,   26.232138,    1.122598
2011-12-24 25:00:00,   26.248179,    1.125136
2011-12-25 25:00:00,   26.222527,    1.129274
2011-12-26 25:00:00,   26.448785,    1.132847
2011-12-27 25:00:00,   26.729895,    1.137920
2011-12-28 25:00:00,   26.605120,    1.140509
2011-12-29 25:00:00,   28.085887,    1.145122
2011-12-30 25:00:00,   28.309014,    1.150173
2011-12-31 25:00:00,   27.713991,    1.152615
2012-01-01 25:00:00,   27.252671,    1.156412
2012-01-02 25:00:00,   27.011804,    1.160528
2012-01-03 25:00:00,   26.391338,    1.164527
2012-01-04 25:00:00,   26.455923,    1.164243
2012-01-05 25:00:00,   27.236575,    1.171314
2012-01-06 25:00:00,   26.129854,    1.173287
2012-01-07 25:00:00,   25.331805,    1.176515
2012-01-08 25:00:00,   25.266188,    1.180035
2012-01-09 25:00:00,   25.702124,    1.183623
2012-01-10 25:00:00,   25.892255,    1.185390
2012-01-11 25:00:00,   26.803177,    1.191243
2012-01-12 25:00:00,   27.711871,    1.196073
2012-01-13 25:00:00,   28.236907,    1.198538
2012-01-14 25:00:00,   29.026741,    1.199394
2012-01-15 25:00:00,   29.305084,    1.204030
2012-01-16 25:00:00,   27.305680,    1.207329
2012-01-17 25:00:00,   26.752323,    1.208437
2012-01-18 25:00:00,   27.211579,    1.212450
2012-01-19 25:00:00,   28.705754,    1.216050
2012-01-20 25:00:00,   29.577745,    1.216526
2012-01-21 25:00:00,   30.437997,    1.220047
2012-01-22 25:00:00,   29.547920,    1.224144
2012-01-23 25:00:00,   28.889437,    1.229164
2012-01-24 25:00:00,   29.849346,    1.228805
2012-01-25 25:00:00,   30.133177,    1.219965
2012-01-26 25:00:00,   30.384916,    1.231407
2012-01-27 25:00:00,   31.020474,    1.235097
2012-01-28 25:00:00,   31.120533,    1.239709
2012-01-29 25:00:00,   28.454497,    1.245129
2012-01-30 25:00:00,   27.281210,    1.245062
2012-01-31 25:00:00,   27.737632,    1.249740
2012-02-01 25:00:00,   27.476650,    1.252409
2012-02-02 25:00:00,   27.155831,    1.241189
2012-02-03 25:00:00,   26.391540,    1.246601
2012-02-04 25:00:00,   25.323976,    1.246920
2012-02-05 25:00:00,   25.480221,    1.250735
2012-02-06 25:00:00,   25.350615,    1.252319
2012-02-07 25:00:00,   25.724289,    1.255250
2012-02-08 25:00:00,   26.158750,    1.259361
2012-02-09 25:00:00,   26.572016,    1.260928
2012-02-10 25:00:00,   27.986058,    1.263834
2012-02-11 25:00:00,   27.811199,    1.266647
2012-02-12 25:00:00,   27.148075,    1.270203
2012-02-13 25:00:00,   27.472374,    1.270484
2012-02-14 25:00:00,   27.586880,    1.272760
2012-02-15 25:00:00,   27.281181,    1.275374
2012-02-16 25:00:00,   27.114274,    1.278522
2012-02-17 25:00:00,   27.176339,    1.281989
2012-02-18 25:00:00,   27.039259,    1.284364
2012-02-19 25:00:00,   27.255831,    1.285638
2012-02-20 25:00:00,   27.278108,    1.288585
2012-02-21 25:00:00,   28.080793,    1.291287
2012-02-22 25:00:00,   28.846162,    1.294597
2012-02-23 25:00:00,   27.823275,    1.296370
2012-02-24 25:00:00,   26.923703,    1.297262
2012-02-25 25:00:00,   26.255391,    1.296494
2012-02-26 25:00:00,   25.517120,    1.298223
2012-02-27 25:00:00,   25.372471,    1.298042
2012-02-28 25:00:00,   25.058671,    1.299996
2012-02-29 25:00:00,   24.905046,    1.303517
2012-03-01 25:00:00,   24.499796,    1.302372
2012-03-02 25:00:00,   24.350741,    1.303454
2012-03-03 25:00:00,   24.465227,    1.306492
2012-03-04 25:00:00,   25.457679,    1.308501
2012-03-05 25:00:00,   26.054720,    1.308487
2012-03-06 25:00:00,   26.460563,    1.315308
2012-03-07 25:00:00,   25.820368,    1.317089
2012-03-08 25:00:00,   25.491512,    1.317322
2012-03-09 25:00:00,   25.942562,    1.319477
2012-03-10 25:00:00,   26.721272,    1.321758
2012-03-11 25:00:00,   27.329545,    1.325004
2012-03-12 25:00:00,   27.216366,    1.327890
2012-03-13 25:00:00,   26.117627,    1.330972
2012-03-14 25:00:00,   25.211801,    1.330891
2012-03-15 25:00:00,   24.611250,    1.332078
2012-03-16 25:00:00,   24.308895,    1.331836
2012-03-17 25:00:00,   24.477725,    1.334021
2012-03-18 25:00:00,   24.896455,    1.336396
2012-03-19 25:00:00,   24.256070,    1.338568
2012-03-20 25:00:00,   23.832315,    1.338373
2012-03-21 25:00:00,   23.642004,    1.337530
2012-03-22 25:00:00,   23.320877,    1.339068
2012-03-23 25:00:00,   23.225744,    1.340487
2012-03-24 25:00:00,   23.628903,    1.342278
2012-03-25 25:00:00,   23.422558,    1.343582
2012-03-26 25:00:00,   23.547075,    1.344994
2012-03-27 25:00:00,   23.639070,    1.346089
2012-03-28 25:00:00,   23.724918,    1.347761
2012-03-29 25:00:00,   23.880137,    1.350075
2012-03-30 25:00:00,   22.804777,    1.348793
2012-03-31 25:00:00,   22.684547,    1.349684
2012-04-01 25:00:00,   22.382066,    1.350622
2012-04-02 25:00:00,   22.041291,    1.347727
2012-04-03 25:00:00,   22.397310,    1.349120
2012-04-04 25:00:00,   22.189491,    1.349473
2012-04-05 25:00:00,   21.560534,    1.350246
2012-04-06 25:00:00,   21.025217,    1.349494
2012-04-07 25:00:00,   21.479118,    1.348862
2012-04-08 25:00:00,   22.034546,    1.349968
2012-04-09 25:00:00,   22.555649,    1.350172
2012-04-10 25:00:00,   23.034813,    1.351187
2012-04-11 25:00:00,   23.117473,    1.354586
2012-04-12 25:00:00,   22.807275,    1.355302
2012-04-13 25:00:00,   22.718246,    1.357428
2012-04-14 25:00:00,   22.825130,    1.357915
2012-04-15 25:00:00,   23.136072,    1.359527
2012-04-16 25:00:00,   23.329318,    1.361231
2012-04-17 25:00:00,   22.670635,    1.361875
2012-04-18 25:00:00,   21.825587,    1.360606
2012-04-19 25:00:00,   21.556181,    1.360654
2012-04-20 25:00:00,   21.162183,    1.360958
2012-04-21 25:00:00,   20.978907,    1.359722
2012-04-22 25:00:00,   20.922428,    1.357274
2012-04-23 25:00:00,   20.780218,    1.357625
2012-04-24 25:00:00,   20.118276,    1.358271
2012-04-25 25:00:00,   19.637511,    1.358000
2012-04-26 25:00:00,   20.309040,    1.357779
2012-04-27 25:00:00,   19.804340,    1.360538
2012-04-28 25:00:00,   19.124761,    1.359521
2012-04-29 25:00:00,   19.438233,    1.351214
2012-04-30 25:00:00,   19.606911,    1.353574
2012-05-01 25:00:00,   19.267098,    1.356207
2012-05-02 25:00:00,   19.218740,    1.357931
2012-05-03 25:00:00,   19.649322,    1.358380
2012-05-04 25:00:00,   19.375875,    1.298705
2012-05-05 25:00:00,   19.588507,    1.302865
2012-05-06 25:00:00,   19.059292,    1.303225
2012-05-07 25:00:00,   18.403941,    1.307061
2012-05-08 25:00:00,   17.972254,    1.314757
2012-05-09 25:00:00,   18.400670,    1.303967
2012-05-10 25:00:00,   18.572055,    1.293274
2012-05-11 25:00:00,   18.464996,    1.300086
2012-05-12 25:00:00,   18.532729,    1.307724
2012-05-13 25:00:00,   18.097641,    1.307542
2012-05-14 25:00:00,   18.800180,    1.308699
2012-05-15 25:00:00,   18.605470,    1.309402
2012-05-16 25:00:00,   18.710791,    1.309708
2012-05-17 25:00:00,   18.295541,    1.309733
2012-05-18 25:00:00,   18.300069,    1.309892
2012-05-19 25:00:00,   18.565951,    1.311257
2012-05-20 25:00:00,   18.300357,    1.311755
2012-05-21 25:00:00,   18.226619,    1.312498
2012-05-22 25:00:00,   17.955157,    1.314347
2012-05-23 25:00:00,   17.691918,    1.315421
2012-05-24 25:00:00,   17.523919,    1.320275
2012-05-25 25:00:00,   17.079131,    1.322908
2012-05-26 25:00:00,   16.799031,    1.326221
2012-05-27 25:00:00,   17.160687,    1.330170
2012-05-28 25:00:00,   17.294344,    1.330911
2012-05-29 25:00:00,   16.818622,    1.332473
2012-05-30 25:00:00,   16.758155,    1.336208
2012-05-31 25:00:00,   16.378060,    1.283466
2012-06-01 25:00:00,   16.620237,    1.290271
2012-06-02 25:00:00,   17.030170,    1.301038
2012-06-03 25:00:00,   16.139927,    1.308182
2012-06-04 25:00:00,   16.141139,    1.320081
2012-06-05 25:00:00,   15.935873,    1.325933
2012-06-06 25:00:00,   15.540047,    1.350943
2012-06-07 25:00:00,   15.572509,    1.347261
2012-06-08 25:00:00,   16.198308,    1.355428
2012-06-09 25:00:00,   16.649546,    1.356858
2012-06-10 25:00:00,   15.949248,    1.381578
2012-06-11 25:00:00,   15.669172,    1.380203
2012-06-12 25:00:00,   15.471019,    1.372693
2012-06-13 25:00:00,   15.149998,    1.370951
2012-06-14 25:00:00,   14.916761,    1.363842
2012-06-15 25:00:00,   15.294314,    1.364097
2012-06-16 25:00:00,   15.252545,    1.364751
2012-06-17 25:00:00,   15.371464,    1.364890
2012-06-18 25:00:00,   15.359075,    1.365152
2012-06-19 25:00:00,   15.613189,    1.360452
2012-06-20 25:00:00,   15.086750,    1.358981
2012-06-21 25:00:00,   15.297608,    1.360022
2012-06-22 25:00:00,   15.299820,    1.360447
2012-06-23 25:00:00,   14.733162,    1.360669
2012-06-24 25:00:00,   14.674549,    1.361169
2012-06-25 25:00:00,   14.271731,    1.360643
2012-06-26 25:00:00,   14.077778,    1.354133
2012-06-27 25:00:00,   14.137212,    1.352021
2012-06-28 25:00:00,   14.119096,    1.351383
2012-06-29 25:00:00,   14.785583,    1.351895
2012-06-30 25:00:00,   14.691598,    1.352872
2012-07-01 25:00:00,   14.789006,    1.353504
2012-07-02 25:00:00,   14.786429,    1.353729
2012-07-03 25:00:00,   14.464219,    1.354808
2012-07-04 25:00:00,   14.383360,    1.355274
2012-07-05 25:00:00,   13.908595,    1.355093
2012-07-06 25:00:00,   14.016067,    1.352051
2012-07-07 25:00:00,   14.550484,    1.352900
2012-07-08 25:00:00,   13.976273,    1.353170
2012-07-09 25:00:00,   13.844089,    1.354092
2012-07-10 25:00:00,   13.595551,    1.337357
2012-07-11 25:00:00,   13.429593,    1.337852
2012-07-12 25:00:00,   13.579373,    1.338679
2012-07-13 25:00:00,   13.317538,    1.338621
2012-07-14 25:00:00,   13.859541,    1.339178
2012-07-15 25:00:00,   13.785362,    1.339434
2012-07-16 25:00:00,   13.574639,    1.329554
2012-07-17 25:00:00,   13.830538,    1.330951
2012-07-18 25:00:00,   13.819640,    1.331383
2012-07-19 25:00:00,   13.871141,    1.331968
2012-07-20 25:00:00,   14.053915,    1.332634
2012-07-21 25:00:00,   14.277159,    1.333160
2012-07-22 25:00:00,   14.586550,    1.333749
2012-07-23 25:00:00,   13.592188,    1.334666
2012-07-24 25:00:00,   13.788296,    1.336144
2012-07-25 25:00:00,   13.579920,    1.335943
2012-07-26 25:00:00,   14.152817,    1.336630
2012-07-27 25:00:00,   14.158891,    1.337275
2012-07-28 25:00:00,   14.233703,    1.337968
2012-07-29 25:00:00,   13.625110,    1.337550
2012-07-30 25:00:00,   13.656150,    1.338245
2012-07-31 25:00:00,   13.884191,    1.328130
2012-08-01 25:00:00,   14.131304,    1.320296
2012-08-02 25:00:00,   13.974996,    1.319124
2012-08-03 25:00:00,   14.111086,    1.318802
2012-08-04 25:00:00,   14.701091,    1.315223
2012-08-05 25:00:00,   14.866304,    1.315874
2012-08-06 25:00:00,   14.916073,    1.311970
2012-08-07 25:00:00,   14.832773,    1.302917
2012-08-08 25:00:00,   15.278528,    1.304725
2012-08-09 25:00:00,   15.369549,    1.306072
2012-08-10 25:00:00,   16.027435,    1.306897
2012-08-11 25:00:00,   16.074893,    1.306807
2012-08-12 25:00:00,   15.189563,    1.274657
2012-08-13 25:00:00,   15.479579,    1.277395
2012-08-14 25:00:00,   15.193176,    1.273096
2012-08-15 25:00:00,   15.805989,    1.275265
2012-08-16 25:00:00,   15.947978,    1.276252
2012-08-17 25:00:00,   15.516716,    1.276616
2012-08-18 25:00:00,   16.055655,    1.276219
2012-08-19 25:00:00,   16.318016,    1.277056
2012-08-20 25:00:00,   17.343193,    1.277700
2012-08-21 25:00:00,   16.686395,    1.270793
2012-08-22 25:00:00,   15.680640,    1.272260
2012-08-23 25:00:00,   15.823592,    1.273247
2012-08-24 25:00:00,   15.755355,    1.273982
2012-08-25 25:00:00,   16.437954,    1.273803
2012-08-26 25:00:00,   17.140097,    1.275731
2012-08-27 25:00:00,   17.282195,    1.276224
2012-08-28 25:00:00,   16.869302,    1.276403
2012-08-29 25:00:00,   17.635156,    1.277735
2012-08-30 25:00:00,   18.060589,    1.277470
2012-08-31 25:00:00,   17.133341,    1.271596
2012-09-01 25:00:00,   17.758519,    1.273366
2012-09-02 25:00:00,   17.766956,    1.274172
2012-09-03 25:00:00,   16.703739,    1.262530
2012-09-04 25:00:00,   15.475349,    1.256266
2012-09-05 25:00:00,   15.072106,    1.258038
2012-09-06 25:00:00,   15.379180,    1.260215
2012-09-07 25:00:00,   15.602586,    1.261000
2012-09-08 25:00:00,   16.788833,    1.262755
2012-09-09 25:00:00,   17.547156,    1.263361
2012-09-10 25:00:00,   18.555830,    1.264824
2012-09-11 25:00:00,   18.787982,    1.266020
2012-09-12 25:00:00,   18.085314,    1.266732
2012-09-13 25:00:00,   18.193871,    1.268316
2012-09-14 25:00:00,   18.282982,    1.268815
2012-09-15 25:00:00,   18.689357,    1.270493
2012-09-16 25:00:00,   19.682240,    1.273159
2012-09-17 25:00:00,   19.411756,    1.272593
2012-09-18 25:00:00,   19.643993,    1.248607
2012-09-19 25:00:00,   20.068721,    1.249943
2012-09-20 25:00:00,   19.633567,    1.252352
2012-09-21 25:00:00,   17.834015,    1.250951
2012-09-22 25:00:00,   17.086221,    1.250556
2012-09-23 25:00:00,   17.521915,    1.252110
2012-09-24 25:00:00,   17.522950,    1.253081
2012-09-25 25:00:00,   17.370220,    1.242046
2012-09-26 25:00:00,   16.584017,    1.240413
2012-09-27 25:00:00,   15.905380,    1.236779
2012-09-28 25:00:00,   17.243727,    1.238613
2012-09-29 25:00:00,   17.924478,    1.240317
2012-09-30 25:00:00,   18.663194,    1.241077
2012-10-01 25:00:00,   19.957607,    1.245064
2012-10-02 25:00:00,   19.551124,    1.244240
2012-10-03 25:00:00,   19.544258,    1.246684
2012-10-04 25:00:00,   19.948123,    1.247584
2012-10-05 25:00:00,   19.551499,    1.247898
2012-10-06 25:00:00,   20.275420,    1.250315
2012-10-07 25:00:00,   20.400284,    1.252173
2012-10-08 25:00:00,   20.761058,    1.254231
2012-10-09 25:00:00,   21.433839,    1.257008
2012-10-10 25:00:00,   21.277955,    1.260260
2012-10-11 25:00:00,   21.205885,    1.264241
2012-10-12 25:00:00,   21.632294,    1.265920
2012-10-13 25:00:00,   20.666631,    1.264635
2012-10-14 25:00:00,   20.027744,    1.266090
2012-10-15 25:00:00,   20.250759,    1.267975
2012-10-16 25:00:00,   20.358470,    1.268800
2012-10-17 25:00:00,   21.415384,    1.271122
2012-10-18 25:00:00,   22.641599,    1.271207
2012-10-19 25:00:00,   22.461698,    1.275277
2012-10-20 25:00:00,   23.168788,    1.278152
2012-10-21 25:00:00,   23.906747,    1.280477
2012-10-22 25:00:00,   22.480159,    1.280650
2012-10-23 25:00:00,   21.962922,    1.283014
2012-10-24 25:00:00,   22.052863,    1.285807
2012-10-25 25:00:00,   22.157688,    1.289488
2012-10-26 25:00:00,   22.046881,    1.289372
2012-10-27 25:00:00,   23.080224,    1.292569
2012-10-28 25:00:00,   23.933922,    1.295934
2012-10-29 25:00:00,   23.581299,    1.297897
2012-10-30 25:00:00,   22.514918,    1.299579
2012-10-31 25:00:00,   21.591575,    1.300259
2012-11-01 25:00:00,   21.366264,    1.302566
2012-11-02 25:00:00,   22.070420,    1.304144
2012-11-03 25:00:00,   21.747452,    1.306817
2012-11-04 25:00:00,   20.365460,    1.294254
2012-11-05 25:00:00,   19.761896,    1.290339
2012-11-06 25:00:00,   20.821505,    1.292531
2012-11-07 25:00:00,   21.399245,    1.294459
2012-11-08 25:00:00,   22.282008,    1.299054
2012-11-09 25:00:00,   23.240631,    1.301290
2012-11-10 25:00:00,   23.281329,    1.305003
2012-11-11 25:00:00,   22.534754,    1.306098
2012-11-12 25:00:00,   22.596588,    1.308626
2012-11-13 25:00:00,   22.579385,    1.311543
2012-11-14 25:00:00,   23.036529,    1.315788
2012-11-15 25:00:00,   23.493060,    1.317866
2012-11-16 25:00:00,   24.039762,    1.320864
2012-11-17 25:00:00,   24.826608,    1.324912
2012-11-18 25:00:00,   24.202228,    1.328912
2012-11-19 25:00:00,   24.716259,    1.330477
2012-11-20 25:00:00,   24.818344,    1.335322
2012-11-21 25:00:00,   25.200786,    1.336994
2012-11-22 25:00:00,   26.455842,    1.341242
2012-11-23 25:00:00,   25.356969,    1.343402
2012-11-24 25:00:00,   24.496601,    1.342585
2012-11-25 25:00:00,   25.072501,    1.346353
2012-11-26 25:00:00,   26.338893,    1.350454
2012-11-27 25:00:00,   25.210858,    1.353310
2012-11-28 25:00:00,   21.910120,    1.331107
2012-11-29 25:00:00,   20.200503,    1.324698
2012-11-30 25:00:00,   20.136913,    1.327618
2012-12-01 25:00:00,   21.265118,    1.329881
2012-12-02 25:00:00,   22.155396,    1.332996
2012-12-03 25:00:00,   23.636000,    1.337290
2012-12-04 25:00:00,   24.603431,    1.339069
2012-12-05 25:00:00,   25.951494,    1.346095
2012-12-06 25:00:00,   25.392262,    1.351254
2012-12-07 25:00:00,   24.210834,    1.350660
2012-12-08 25:00:00,   24.657346,    1.354739
2012-12-09 25:00:00,   25.049655,    1.357676
2012-12-10 25:00:00,   26.504825,    1.362153
2012-12-11 25:00:00,   27.093595,    1.361939
2012-12-12 25:00:00,   26.160628,    1.352355
2012-12-13 25:00:00,   25.343381,    1.338110
2012-12-14 25:00:00,   25.191082,    1.343738
2012-12-15 25:00:00,   25.514300,    1.347820
2012-12-16 25:00:00,   26.362949,    1.353161
2012-12-17 25:00:00,   27.104109,    1.357586
2012-12-18 25:00:00,   25.632263,    1.358974
2012-12-19 25:00:00,   25.570248,    1.361939
2012-12-20 25:00:00,   26.222627,    1.365664
2012-12-21 25:00:00,   25.844404,    1.369815
2012-12-22 25:00:00,   26.020031,    1.373323
2012-12-23 25:00:00,   26.284983,    1.378035
2012-12-24 25:00:00,   26.876747,    1.381936
2012-12-25 25:00:00,   27.570844,    1.387832
2012-12-26 25:00:00,   27.523818,    1.394446
2012-12-27 25:00:00,   28.774311,    1.399003
2012-12-28 25:00:00,   29.473323,    1.402439
2012-12-29 25:00:00,   29.261073,    1.406401
2012-12-30 25:00:00,   30.278668,    1.413944
2012-12-31 25:00:00,   31.302240,    1.420576
2013-01-01 25:00:00,   30.130648,    1.423781
2013-01-02 25:00:00,   29.736539,    1.423052
2013-01-03 25:00:00,   27.888832,    1.421334
2013-01-04 25:00:00,   26.950758,    1.420429
2013-01-05 25:00:00,   27.631000,    1.423644
2013-01-06 25:00:00,   26.986905,    1.425023
2013-01-07 25:00:00,   26.664468,    1.424015
2013-01-08 25:00:00,   27.511628,    1.425719
2013-01-09 25:00:00,   26.650091,    1.427974
2013-01-10 25:00:00,   26.244586,    1.427424
2013-01-11 25:00:00,   26.072986,    1.430644
2013-01-12 25:00:00,   26.352579,    1.432935
2013-01-13 25:00:00,   25.408963,    1.433945
2013-01-14 25:00:00,   27.441023,    1.434518
2013-01-15 25:00:00,   29.423631,    1.437179
2013-01-16 25:00:00,   26.317257,    1.440207
2013-01-17 25:00:00,   24.755309,    1.442040
2013-01-18 25:00:00,   24.786012,    1.440042
2013-01-19 25:00:00,   25.563551,    1.442594
2013-01-20 25:00:00,   26.362339,    1.446847
2013-01-21 25:00:00,   26.047789,    1.451101
2013-01-22 25:00:00,   26.589252,    1.454807
2013-01-23 25:00:00,   25.923152,    1.459813
2013-01-24 25:00:00,   25.394765,    1.458794
2013-01-25 25:00:00,   25.669305,    1.462182
2013-01-26 25:00:00,   25.971626,    1.464327
2013-01-27 25:00:00,   26.682719,    1.469025
2013-01-28 25:00:00,   26.551189,    1.471682
2013-01-29 25:00:00,   26.566422,    1.475466
2013-01-30 25:00:00,   26.611679,    1.480035
2013-01-31 25:00:00,   26.750863,    1.480761
2013-02-01 25:00:00,   26.520255,    1.482628
2013-02-02 25:00:00,   27.482249,    1.485834
2013-02-03 25:00:00,   28.451798,    1.489864
2013-02-04 25:00:00,   28.368995,    1.493684
2013-02-05 25:00:00,   27.131003,    1.494057
2013-02-06 25:00:00,   26.249419,    1.495072
2013-02-07 25:00:00,   25.804634,    1.486115
2013-02-08 25:00:00,   26.339289,    1.488157
2013-02-09 25:00:00,   26.766653,    1.491615
2013-02-10 25:00:00,   26.939314,    1.495163
2013-02-11 25:00:00,   26.774039,    1.498400
2013-02-12 25:00:00,   27.860025,    1.502882
2013-02-13 25:00:00,   28.795027,    1.506944
2013-02-14 25:00:00,   27.510467,    1.508498
2013-02-15 25:00:00,   27.752099,    1.510223
2013-02-16 25:00:00,   27.927405,    1.512721
2013-02-17 25:00:00,   25.832536,    1.509642
2013-02-18 25:00:00,   25.884666,    1.508522
2013-02-19 25:00:00,   25.698410,    1.509923
2013-02-20 25:00:00,   26.203558,    1.511596
2013-02-21 25:00:00,   27.285357,    1.514503
2013-02-22 25:00:00,   25.604794,    1.516076
2013-02-23 25:00:00,   25.416666,    1.517536
2013-02-24 25:00:00,   25.347087,    1.519547
2013-02-25 25:00:00,   25.827816,    1.522135
2013-02-26 25:00:00,   26.453637,    1.525850
2013-02-27 25:00:00,   26.656862,    1.529090
2013-02-28 25:00:00,   26.584244,    1.533031
2013-03-01 25:00:00,   26.786501,    1.536541
2013-03-02 25:00:00,   27.080146,    1.538628
2013-03-03 25:00:00,   28.063380,    1.540791
2013-03-04 25:00:00,   27.223497,    1.540781
2013-03-05 25:00:00,   27.024148,    1.542248
2013-03-06 25:00:00,   26.509219,    1.543828
2013-03-07 25:00:00,   26.388977,    1.543546
2013-03-08 25:00:00,   26.271873,    1.545344
2013-03-09 25:00:00,   26.230162,    1.546673
2013-03-10 25:00:00,   25.462906,    1.546800
2013-03-11 25:00:00,   24.685779,    1.544530
2013-03-12 25:00:00,   24.091117,    1.543088
2013-03-13 25:00:00,   24.411928,    1.544826
2013-03-14 25:00:00,   23.049651,    1.536418
2013-03-15 25:00:00,   23.883226,    1.533059
2013-03-16 25:00:00,   24.379195,    1.535784
2013-03-17 25:00:00,   24.911556,    1.537075
2013-03-18 25:00:00,   25.728266,    1.539181
2013-03-19 25:00:00,   25.490699,    1.541036
2013-03-20 25:00:00,   24.146996,    1.542660
2013-03-21 25:00:00,   23.317562,    1.542819
2013-03-22 25:00:00,   23.244429,    1.540443
2013-03-23 25:00:00,   23.542140,    1.540650
2013-03-24 25:00:00,   23.393229,    1.542308
2013-03-25 25:00:00,   22.960732,    1.518346
2013-03-26 25:00:00,   21.634282,    1.462394
2013-03-27 25:00:00,   21.901427,    1.462205
2013-03-28 25:00:00,   22.276063,    1.463898
2013-03-29 25:00:00,   22.439132,    1.465363
2013-03-30 25:00:00,   22.895664,    1.467517
2013-03-31 25:00:00,   23.024086,    1.469345
2013-04-01 25:00:00,   23.381338,    1.471273
2013-04-02 25:00:00,   23.586318,    1.474045
2013-04-03 25:00:00,   24.074642,    1.475205
2013-04-04 25:00:00,   25.015589,    1.476945
2013-04-05 25:00:00,   24.971235,    1.479273
2013-04-06 25:00:00,   24.272353,    1.482133
2013-04-07 25:00:00,   24.332895,    1.482859
2013-04-08 25:00:00,   25.226654,    1.485327
2013-04-09 25:00:00,   25.945129,    1.486673
2013-04-10 25:00:00,   25.996005,    1.488175
2013-04-11 25:00:00,   25.114761,    1.489292
2013-04-12 25:00:00,   23.884268,    1.482758
2013-04-13 25:00:00,   23.618230,    1.482304
2013-04-14 25:00:00,   24.055735,    1.483062
2013-04-15 25:00:00,   24.095036,    1.484159
2013-04-16 25:00:00,   24.214934,    1.484636
2013-04-17 25:00:00,   24.602932,    1.485582
2013-04-18 25:00:00,   24.412398,    1.486148
2013-04-19 25:00:00,   23.594568,    1.452228
2013-04-20 25:00:00,   22.639909,    1.455804
2013-04-21 25:00:00,   21.820167,    1.456198
2013-04-22 25:00:00,   22.150928,    1.453163
2013-04-23 25:00:00,   22.310833,    1.454196
2013-04-24 25:00:00,   21.683529,    1.454419
2013-04-25 25:00:00,   21.432466,    1.454631
2013-04-26 25:00:00,   21.869728,    1.455640
2013-04-27 25:00:00,   21.666114,    1.456368
2013-04-28 25:00:00,   21.296777,    1.456843
2013-04-29 25:00:00,   20.869367,    1.456800
2013-04-30 25:00:00,   21.149476,    1.457422
2013-05-01 25:00:00,   20.893374,    1.415394
2013-05-02 25:00:00,   20.554743,    1.435046
2013-05-03 25:00:00,   20.565684,    1.436328
2013-05-04 25:00:00,   20.771165,    1.437951
2013-05-05 25:00:00,   20.832447,    1.438289
2013-05-06 25:00:00,   20.921245,    1.439203
2013-05-07 25:00:00,   20.104462,    1.424937
2013-05-08 25:00:00,   19.258791,    1.395355
2013-05-09 25:00:00,   18.384868,    1.395712
2013-05-10 25:00:00,   17.902777,    1.396748
2013-05-11 25:00:00,   17.690058,    1.397771
2013-05-12 25:00:00,   17.935629,    1.399199
2013-05-13 25:00:00,   17.565533,    1.399746
2013-05-14 25:00:00,   17.546624,    1.403128
2013-05-15 25:00:00,   17.769476,    1.404317
2013-05-16 25:00:00,   17.326656,    1.389934
2013-05-17 25:00:00,   17.339403,    1.394712
2013-05-18 25:00:00,   17.206782,    1.394852
2013-05-19 25:00:00,   17.495072,    1.397122
2013-05-20 25:00:00,   16.850118,    1.358398
2013-05-21 25:00:00,   17.388703,    1.376947
2013-05-22 25:00:00,   17.450713,    1.376781
2013-05-23 25:00:00,   16.972460,    1.378413
2013-05-24 25:00:00,   16.971243,    1.380395
2013-05-25 25:00:00,   16.920543,    1.383698
2013-05-26 25:00:00,   17.165538,    1.383586
2013-05-27 25:00:00,   17.453164,    1.366452
2013-05-28 25:00:00,   17.381583,    1.367184
2013-05-29 25:00:00,   16.754688,    1.374293
2013-05-30 25:00:00,   16.120985,    1.356741
2013-05-31 25:00:00,   15.916025,    1.366400
2013-06-01 25:00:00,   15.713388,    1.400865
2013-06-02 25:00:00,   15.697902,    1.427678
2013-06-03 25:00:00,   15.976778,    1.442642
2013-06-04 25:00:00,   15.729926,    1.442789
2013-06-05 25:00:00,   15.698321,    1.441218
2013-06-06 25:00:00,   15.985190,    1.442201
2013-06-07 25:00:00,   15.644078,    1.442257
2013-06-08 25:00:00,   15.745801,    1.442810
2013-06-09 25:00:00,   15.892511,    1.442486
2013-06-10 25:00:00,   16.085753,    1.443677
2013-06-11 25:00:00,   15.712609,    1.443657
2013-06-12 25:00:00,   15.608888,    1.444818
2013-06-13 25:00:00,   15.860428,    1.445775
2013-06-14 25:00:00,   15.272972,    1.445712
2013-06-15 25:00:00,   15.686826,    1.446922
2013-06-16 25:00:00,   15.714675,    1.446398
2013-06-17 25:00:00,   15.431809,    1.444419
2013-06-18 25:00:00,   15.357694,    1.445662
2013-06-19 25:00:00,   15.397672,    1.446909
2013-06-20 25:00:00,   15.622905,    1.447362
2013-06-21 25:00:00,   14.980021,    1.447662
2013-06-22 25:00:00,   14.762236,    1.448405
2013-06-23 25:00:00,   14.474108,    1.438579
2013-06-24 25:00:00,   14.567780,    1.439213
2013-06-25 25:00:00,   14.651093,    1.439681
2013-06-26 25:00:00,   14.917564,    1.440594
2013-06-27 25:00:00,   15.322369,    1.441063
2013-06-28 25:00:00,   15.032960,    1.441309
2013-06-29 25:00:00,   15.249907,    1.441698
2013-06-30 25:00:00,   15.221458,    1.442120
2013-07-01 25:00:00,   15.213713,    1.441875
2013-07-02 25:00:00,   15.274170,    1.443298
2013-07-03 25:00:00,   14.734397,    1.439637
2013-07-04 25:00:00,   14.653470,    1.439664
2013-07-05 25:00:00,   14.732704,    1.441373
2013-07-06 25:00:00,   14.289727,    1.441533
2013-07-07 25:00:00,   14.363358,    1.442505
2013-07-08 25:00:00,   14.534172,    1.443001
2013-07-09 25:00:00,   13.927570,    1.432259
2013-07-10 25:00:00,   14.213392,    1.433137
2013-07-11 25:00:00,   14.470195,    1.432561
2013-07-12 25:00:00,   14.839653,    1.424177
2013-07-13 25:00:00,   14.613301,    1.423106
2013-07-14 25:00:00,   14.583396,    1.426143
2013-07-15 25:00:00,   14.772245,    1.425336
2013-07-16 25:00:00,   14.390487,    1.423479
2013-07-17 25:00:00,   13.980985,    1.423214
2013-07-18 25:00:00,   14.040806,    1.424345
2013-07-19 25:00:00,   13.926755,    1.425164
2013-07-20 25:00:00,   13.872319,    1.425745
2013-07-21 25:00:00,   13.861843,    1.426574
2013-07-22 25:00:00,   13.481653,    1.426664
2013-07-23 25:00:00,   13.430180,    1.415759
2013-07-24 25:00:00,   13.643910,    1.403018
2013-07-25 25:00:00,   13.735403,    1.402301
2013-07-26 25:00:00,   13.441005,    1.378256
2013-07-27 25:00:00,   13.463683,    1.370241
2013-07-28 25:00:00,   13.571250,    1.370572
2013-07-29 25:00:00,   13.876606,    1.367260
2013-07-30 25:00:00,   13.771653,    1.369013
2013-07-31 25:00:00,   14.353881,    1.367669
2013-08-01 25:00:00,   14.696450,    1.367101
2013-08-02 25:00:00,   14.981982,    1.363636
2013-08-03 25:00:00,   15.922743,    1.364392
2013-08-04 25:00:00,   15.068143,    1.366887
2013-08-05 25:00:00,   15.980580,    1.362360
2013-08-06 25:00:00,   16.225529,    1.361765
2013-08-07 25:00:00,   16.626707,    1.339973
2013-08-08 25:00:00,   16.495034,    1.344703
2013-08-09 25:00:00,   16.706460,    1.345702
2013-08-10 25:00:00,   16.547392,    1.330280
2013-08-11 25:00:00,   16.186009,    1.325293
2013-08-12 25:00:00,   16.097032,    1.328747
2013-08-13 25:00:00,   15.890864,    1.318028
2013-08-14 25:00:00,   15.657005,    1.321096
2013-08-15 25:00:00,   15.032323,    1.318231
2013-08-16 25:00:00,   14.689281,    1.318441
2013-08-17 25:00:00,   15.394088,    1.321078
2013-08-18 25:00:00,   15.470685,    1.321643
2013-08-19 25:00:00,   15.602241,    1.322295
2013-08-20 25:00:00,   15.703084,    1.322255
2013-08-21 25:00:00,   16.354129,    1.320700
2013-08-22 25:00:00,   16.813296,    1.321980
2013-08-23 25:00:00,   17.321193,    1.323125
2013-08-24 25:00:00,   17.167022,    1.323095
2013-08-25 25:00:00,   16.491663,    1.307018
2013-08-26 25:00:00,   16.164199,    1.295013
2013-08-27 25:00:00,   15.616841,    1.279034
2013-08-28 25:00:00,   16.028844,    1.266467
2013-08-29 25:00:00,   16.259529,    1.264421
2013-08-30 25:00:00,   16.335652,    1.268566
2013-08-31 25:00:00,   16.704710,    1.269386
2013-09-01 25:00:00,   17.873185,    1.269846
2013-09-02 25:00:00,   18.609955,    1.270064
2013-09-03 25:00:00,   17.658648,    1.265350
2013-09-04 25:00:00,   17.636133,    1.269020
2013-09-05 25:00:00,   17.871756,    1.270362
2013-09-06 25:00:00,   18.087780,    1.270735
2013-09-07 25:00:00,   17.543231,    1.270573
2013-09-08 25:00:00,   18.476626,    1.271552
2013-09-09 25:00:00,   19.087180,    1.271476
2013-09-10 25:00:00,   18.316881,    1.272313
2013-09-11 25:00:00,   17.287024,    1.246458
2013-09-12 25:00:00,   17.195211,    1.248527
2013-09-13 25:00:00,   17.116509,    1.246006
2013-09-14 25:00:00,   16.102670,    1.228117
2013-09-15 25:00:00,   17.005139,    1.232636
2013-09-16 25:00:00,   15.775032,    1.221996
2013-09-17 25:00:00,   15.971310,    1.224470
2013-09-18 25:00:00,   15.776324,    1.223886
2013-09-19 25:00:00,   15.990057,    1.226064
2013-09-20 25:00:00,   16.216097,    1.223825
2013-09-21 25:00:00,   17.001790,    1.224823
2013-09-22 25:00:00,   16.638279,    1.209601
2013-09-23 25:00:00,   16.794517,    1.209383
2013-09-24 25:00:00,   16.598343,    1.206136
2013-09-25 25:00:00,   17.296392,    1.208941
2013-09-26 25:00:00,   16.991022,    1.205382
2013-09-27 25:00:00,   17.911012,    1.206324
2013-09-28 25:00:00,   18.425316,    1.209637
2013-09-29 25:00:00,   17.504231,    1.171257
2013-09-30 25:00:00,   17.953564,    1.161827
2013-10-01 25:00:00,   18.435330,    1.164555
2013-10-02 25:00:00,   19.428019,    1.165962
2013-10-03 25:00:00,   20.881124,    1.168074
2013-10-04 25:00:00,   21.119626,    1.169031
2013-10-05 25:00:00,   20.830524,    1.157885
2013-10-06 25:00:00,   21.210570,    1.161792
2013-10-07 25:00:00,   21.449444,    1.164195
2013-10-08 25:00:00,   21.206445,    1.163441
2013-10-09 25:00:00,   21.072444,    1.146484
2013-10-10 25:00:00,   21.823678,    1.149077
2013-10-11 25:00:00,   19.854338,    1.155355
2013-10-12 25:00:00,   19.584469,    1.160148
2013-10-13 25:00:00,   19.710810,    1.163712
2013-10-14 25:00:00,   20.519400,    1.167245
2013-10-15 25:00:00,   20.669601,    1.168465
2013-10-16 25:00:00,   20.710215,    1.169177
2013-10-17 25:00:00,   22.053775,    1.169284
2013-10-18 25:00:00,   22.237295,    1.173026
2013-10-19 25:00:00,   20.179681,    1.153176
2013-10-20 25:00:00,   19.573345,    1.136223
2013-10-21 25:00:00,   20.281457,    1.141540
2013-10-22 25:00:00,   20.279199,    1.145716
2013-10-23 25:00:00,   20.641723,    1.152847
2013-10-24 25:00:00,   20.613309,    1.155657
2013-10-25 25:00:00,   21.508998,    1.155636
2013-10-26 25:00:00,   22.871655,    1.159366
2013-10-27 25:00:00,   23.267448,    1.160452
2013-10-28 25:00:00,   23.882258,    1.163690
2013-10-29 25:00:00,   24.621063,    1.167238
2013-10-30 25:00:00,   25.870407,    1.170069
2013-10-31 25:00:00,   24.648005,    1.172282
2013-11-01 25:00:00,   24.494873,    1.175594
2013-11-02 25:00:00,   24.079387,    1.178993
2013-11-03 25:00:00,   24.897477,    1.179885
2013-11-04 25:00:00,   25.203549,    1.182926
2013-11-05 25:00:00,   23.772102,    1.185605
2013-11-06 25:00:00,   22.962357,    1.186903
2013-11-07 25:00:00,   23.135311,    1.186530
2013-11-08 25:00:00,   23.477488,    1.189096
2013-11-09 25:00:00,   24.304838,    1.191961
2013-11-10 25:00:00,   25.272376,    1.196856
2013-11-11 25:00:00,   25.274430,    1.199542
2013-11-12 25:00:00,   24.185484,    1.202272
2013-11-13 25:00:00,   23.640090,    1.205742
2013-11-14 25:00:00,   24.315749,    1.210027
2013-11-15 25:00:00,   24.666400,    1.215355
2013-11-16 25:00:00,   25.545051,    1.216574
2013-11-17 25:00:00,   26.732664,    1.219280
2013-11-18 25:00:00,   24.990066,    1.223923
2013-11-19 25:00:00,   23.989517,    1.226548
2013-11-20 25:00:00,   23.787134,    1.229287
2013-11-21 25:00:00,   24.633259,    1.232874
2013-11-22 25:00:00,   25.101767,    1.234725
2013-11-23 25:00:00,   26.417795,    1.238261
2013-11-24 25:00:00,   24.936847,    1.241393
2013-11-25 25:00:00,   24.890334,    1.245324
2013-11-26 25:00:00,   25.023717,    1.247954
2013-11-27 25:00:00,   25.412006,    1.249616
2013-11-28 25:00:00,   25.788597,    1.253691
2013-11-29 25:00:00,   23.861794,    1.252305
2013-11-30 25:00:00,   23.809711,    1.253168
2013-12-01 25:00:00,   24.767417,    1.256426
2013-12-02 25:00:00,   24.439777,    1.259341
2013-12-03 25:00:00,   23.434947,    1.263401
2013-12-04 25:00:00,   24.348010,    1.266650
2013-12-05 25:00:00,   24.295295,    1.266250
2013-12-06 25:00:00,   25.222417,    1.274397
2013-12-07 25:00:00,   24.577694,    1.277904
2013-12-08 25:00:00,   23.996550,    1.281730
2013-12-09 25:00:00,   24.371122,    1.282613
2013-12-10 25:00:00,   24.448465,    1.285252
2013-12-11 25:00:00,   25.380416,    1.289537
2013-12-12 25:00:00,   26.169824,    1.293490
2013-12-13 25:00:00,   27.417434,    1.297782
2013-12-14 25:00:00,   28.265930,    1.303100
2013-12-15 25:00:00,   29.444562,    1.306909
2013-12-16 25:00:00,   29.571243,    1.311318
2013-12-17 25:00:00,   28.988621,    1.313972
2013-12-18 25:00:00,   26.710316,    1.315184
2013-12-19 25:00:00,   25.658496,    1.316263
2013-12-20 25:00:00,   25.153357,    1.317014
2013-12-21 25:00:00,   25.352037,    1.320751
2013-12-22 25:00:00,   25.412180,    1.324120
2013-12-23 25:00:00,   26.347317,    1.327364
2013-12-24 25:00:00,   26.692294,    1.330776
2013-12-25 25:00:00,   26.694009,    1.335635
2013-12-26 25:00:00,   26.960040,    1.339691
2013-12-27 25:00:00,   26.305375,    1.339586
2013-12-28 25:00:00,   26.396135,    1.345001
2013-12-29 25:00:00,   26.067240,    1.347338
2013-12-30 25:00:00,   26.744838,    1.349421
2013-12-31 25:00:00,   26.085967,    1.352922
2014-01-01 25:00:00,   26.415502,    1.355895
2014-01-02 25:00:00,   26.191603,    1.358911
2014-01-03 25:00:00,   25.374397,    1.361279
2014-01-04 25:00:00,   24.821710,    1.361655
2014-01-05 25:00:00,   25.531587,    1.364104
2014-01-06 25:00:00,   26.870205,    1.367101
2014-01-07 25:00:00,   26.846765,    1.370655
2014-01-08 25:00:00,   26.547513,    1.374530
2014-01-09 25:00:00,   26.376370,    1.376910
2014-01-10 25:00:00,   27.118171,    1.380340
2014-01-11 25:00:00,   28.236461,    1.385214
2014-01-12 25:00:00,   28.887000,    1.390130
2014-01-13 25:00:00,   27.207475,    1.393618
2014-01-14 25:00:00,   26.750878,    1.392142
2014-01-15 25:00:00,   26.573650,    1.394857
2014-01-16 25:00:00,   25.547835,    1.392652
2014-01-17 25:00:00,   25.987249,    1.397382
2014-01-18 25:00:00,   26.588424,    1.398789
2014-01-19 25:00:00,   27.024534,    1.402345
2014-01-20 25:00:00,   27.358678,    1.403575
2014-01-21 25:00:00,   27.500152,    1.406228
2014-01-22 25:00:00,   27.990965,    1.409218
2014-01-23 25:00:00,   28.456327,    1.413863
2014-01-24 25:00:00,   28.039617,    1.417625
2014-01-25 25:00:00,   27.767682,    1.418491
2014-01-26 25:00:00,   27.696873,    1.421976
2014-01-27 25:00:00,   26.267117,    1.422621
2014-01-28 25:00:00,   26.221884,    1.422314
2014-01-29 25:00:00,   26.319009,    1.424815
2014-01-30 25:00:00,   27.148929,    1.428651
2014-01-31 25:00:00,   26.740908,    1.431927
2014-02-01 25:00:00,   26.081641,    1.434234
2014-02-02 25:00:00,   26.118878,    1.435630
2014-02-03 25:00:00,   25.955342,    1.429285
2014-02-04 25:00:00,   27.164073,    1.437362
2014-02-05 25:00:00,   27.057805,    1.441661
2014-02-06 25:00:00,   26.982856,    1.444586
2014-02-07 25:00:00,   25.928712,    1.446462
2014-02-08 25:00:00,   25.291314,    1.445133
2014-02-09 25:00:00,   25.150463,    1.447625
2014-02-10 25:00:00,   24.606252,    1.449066
2014-02-11 25:00:00,   25.312964,    1.448001
2014-02-12 25:00:00,   25.569179,    1.450796
2014-02-13 25:00:00,   26.060741,    1.451869
2014-02-14 25:00:00,   27.224367,    1.455856
2014-02-15 25:00:00,   27.242575,    1.458451
2014-02-16 25:00:00,   26.057072,    1.460328
2014-02-17 25:00:00,   26.390654,    1.462722
2014-02-18 25:00:00,   26.373139,    1.466006
2014-02-19 25:00:00,   26.476896,    1.469477
2014-02-20 25:00:00,   26.820848,    1.472869
2014-02-21 25:00:00,   26.817534,    1.476144
2014-02-22 25:00:00,   26.676059,    1.479312
2014-02-23 25:00:00,   27.148788,    1.481648
2014-02-24 25:00:00,   27.224929,    1.485171
2014-02-25 25:00:00,   26.793358,    1.487990
2014-02-26 25:00:00,   26.499358,    1.485845
2014-02-27 25:00:00,   26.079643,    1.488782
2014-02-28 25:00:00,   26.350148,    1.490986
2014-03-01 25:00:00,   26.979628,    1.494365
2014-03-02 25:00:00,   26.917831,    1.495609
2014-03-03 25:00:00,   26.166760,    1.498153
2014-03-04 25:00:00,   25.609029,    1.499786
2014-03-05 25:00:00,   25.337271,    1.496688
2014-03-06 25:00:00,   25.784461,    1.497981
2014-03-07 25:00:00,   26.254573,    1.501894
2014-03-08 25:00:00,   25.217505,    1.504259
2014-03-09 25:00:00,   24.906541,    1.505891
2014-03-10 25:00:00,   24.312462,    1.504626
2014-03-11 25:00:00,   24.487855,    1.502040
2014-03-12 25:00:00,   24.634880,    1.503526
2014-03-13 25:00:00,   24.447015,    1.505436
2014-03-14 25:00:00,   23.655474,    1.507609
2014-03-15 25:00:00,   23.524677,    1.507347
2014-03-16 25:00:00,   24.026059,    1.509167
2014-03-17 25:00:00,   23.630312,    1.509726
2014-03-18 25:00:00,   24.127518,    1.511230
2014-03-19 25:00:00,   24.377790,    1.514407
2014-03-20 25:00:00,   24.156071,    1.517130
2014-03-21 25:00:00,   24.194558,    1.515977
2014-03-22 25:00:00,   24.351710,    1.520101
2014-03-23 25:00:00,   24.704370,    1.522058
2014-03-24 25:00:00,   24.264719,    1.523572
2014-03-25 25:00:00,   23.549637,    1.514359
2014-03-26 25:00:00,   23.638972,    1.514912
2014-03-27 25:00:00,   23.884426,    1.515677
2014-03-28 25:00:00,   24.941109,    1.515079
2014-03-29 25:00:00,   23.218751,    1.508919
2014-03-30 25:00:00,   22.468437,    1.505798
2014-03-31 25:00:00,   22.134810,    1.505208
2014-04-01 25:00:00,   21.821000,    1.504152
2014-04-02 25:00:00,   21.711362,    1.502189
2014-04-03 25:00:00,   21.742016,    1.503240
2014-04-04 25:00:00,   21.112532,    1.503288
2014-04-05 25:00:00,   21.934771,    1.503378
2014-04-06 25:00:00,   22.226884,    1.504969
2014-04-07 25:00:00,   22.207861,    1.507082
2014-04-08 25:00:00,   22.674160,    1.507729
2014-04-09 25:00:00,   23.168428,    1.511426
2014-04-10 25:00:00,   22.523249,    1.512915
2014-04-11 25:00:00,   23.054585,    1.512475
2014-04-12 25:00:00,   23.652512,    1.514731
2014-04-13 25:00:00,   24.195617,    1.516760
2014-04-14 25:00:00,   24.874167,    1.518624
2014-04-15 25:00:00,   24.658402,    1.520720
2014-04-16 25:00:00,   24.007300,    1.521865
2014-04-17 25:00:00,   23.516889,    1.522628
2014-04-18 25:00:00,   22.857355,    1.523183
2014-04-19 25:00:00,   22.164451,    1.522054
2014-04-20 25:00:00,   21.698347,    1.521433
2014-04-21 25:00:00,   21.394582,    1.520614
2014-04-22 25:00:00,   21.302525,    1.518539
2014-04-23 25:00:00,   21.031649,    1.518943
2014-04-24 25:00:00,   20.454912,    1.518658
2014-04-25 25:00:00,   20.672224,    1.516829
2014-04-26 25:00:00,   20.334342,    1.506293
2014-04-27 25:00:00,   20.425903,    1.508629
2014-04-28 25:00:00,   19.662523,    1.504764
2014-04-29 25:00:00,   19.624445,    1.505446
2014-04-30 25:00:00,   19.648508,    1.505750
2014-05-01 25:00:00,   19.203405,    1.505779
2014-05-02 25:00:00,   19.054883,    1.504073
2014-05-03 25:00:00,   19.689643,    1.504378
2014-05-04 25:00:00,   18.951624,    1.504950
2014-05-05 25:00:00,   18.594891,    1.502643
2014-05-06 25:00:00,   19.022520,    1.502365
2014-05-07 25:00:00,   18.743677,    1.448854
2014-05-08 25:00:00,   18.067620,    1.475988
2014-05-09 25:00:00,   18.241693,    1.478132
2014-05-10 25:00:00,   18.796057,    1.478225
2014-05-11 25:00:00,   18.540408,    1.479057
2014-05-12 25:00:00,   18.366504,    1.479747
2014-05-13 25:00:00,   18.634724,    1.480678
2014-05-14 25:00:00,   18.381400,    1.481019
2014-05-15 25:00:00,   18.723832,    1.478734
2014-05-16 25:00:00,   18.817289,    1.478242
2014-05-17 25:00:00,   19.125421,    1.455309
2014-05-18 25:00:00,   19.032824,    1.463563
2014-05-19 25:00:00,   19.175930,    1.463948
2014-05-20 25:00:00,   19.068047,    1.459042
2014-05-21 25:00:00,   18.974034,    1.461033
2014-05-22 25:00:00,   18.775497,    1.463669
2014-05-23 25:00:00,   18.309229,    1.453064
2014-05-24 25:00:00,   17.708476,    1.458421
2014-05-25 25:00:00,   17.500124,    1.462990
2014-05-26 25:00:00,   17.487101,    1.463937
2014-05-27 25:00:00,   17.462161,    1.459355
2014-05-28 25:00:00,   17.318839,    1.461394
2014-05-29 25:00:00,   17.762140,    1.463603
2014-05-30 25:00:00,   17.337806,    1.464175
2014-05-31 25:00:00,   16.746389,    1.470273
2014-06-01 25:00:00,   17.183942,    1.473586
2014-06-02 25:00:00,   17.424595,    1.473402
2014-06-03 25:00:00,   17.041426,    1.474066
2014-06-04 25:00:00,   17.262387,    1.474267
2014-06-05 25:00:00,   17.044788,    1.474940
2014-06-06 25:00:00,   16.756316,    1.479554
2014-06-07 25:00:00,   16.348871,    1.499446
2014-06-08 25:00:00,   16.234570,    1.535069
2014-06-09 25:00:00,   16.409387,    1.533923
2014-06-10 25:00:00,   16.031173,    1.530025
2014-06-11 25:00:00,   16.030071,    1.530889
2014-06-12 25:00:00,   15.948389,    1.531353
2014-06-13 25:00:00,   15.778196,    1.531636
2014-06-14 25:00:00,   15.791976,    1.532160
2014-06-15 25:00:00,   15.737196,    1.532763
2014-06-16 25:00:00,   15.412884,    1.532897
2014-06-17 25:00:00,   14.908316,    1.508747
2014-06-18 25:00:00,   14.815678,    1.507478
2014-06-19 25:00:00,   14.876987,    1.506570
2014-06-20 25:00:00,   14.878669,    1.506041
2014-06-21 25:00:00,   14.720912,    1.485711
2014-06-22 25:00:00,   14.409865,    1.485331
2014-06-23 25:00:00,   14.732142,    1.486620
2014-06-24 25:00:00,   14.731962,    1.486536
2014-06-25 25:00:00,   14.614797,    1.486924
2014-06-26 25:00:00,   14.280589,    1.486675
2014-06-27 25:00:00,   14.566956,    1.488035
2014-06-28 25:00:00,   14.365635,    1.488320
2014-06-29 25:00:00,   13.761614,    1.488397
2014-06-30 25:00:00,   13.649713,    1.489066
2014-07-01 25:00:00,   13.938588,    1.489383
2014-07-02 25:00:00,   14.046262,    1.480401
2014-07-03 25:00:00,   14.008209,    1.481566
2014-07-04 25:00:00,   13.828161,    1.480538
2014-07-05 25:00:00,   14.136566,    1.480749
2014-07-06 25:00:00,   14.151052,    1.475219
2014-07-07 25:00:00,   13.866277,    1.474124
2014-07-08 25:00:00,   13.626510,    1.472051
2014-07-09 25:00:00,   13.750602,    1.472745
2014-07-10 25:00:00,   13.958077,    1.472939
2014-07-11 25:00:00,   14.472305,    1.473541
2014-07-12 25:00:00,   14.012303,    1.473906
2014-07-13 25:00:00,   13.657992,    1.473959
2014-07-14 25:00:00,   13.637406,    1.462019
2014-07-15 25:00:00,   13.719348,    1.462449
2014-07-16 25:00:00,   14.393179,    1.463599
2014-07-17 25:00:00,   13.995589,    1.464165
2014-07-18 25:00:00,   14.372992,    1.464460
2014-07-19 25:00:00,   13.700103,    1.461004
2014-07-20 25:00:00,   14.350731,    1.442190
2014-07-21 25:00:00,   13.822254,    1.448125
2014-07-22 25:00:00,   13.702203,    1.441622
2014-07-23 25:00:00,   13.676856,    1.441886
2014-07-24 25:00:00,   14.231512,    1.441775
2014-07-25 25:00:00,   14.016658,    1.441859
2014-07-26 25:00:00,   14.088538,    1.438437
2014-07-27 25:00:00,   14.178678,    1.438840
2014-07-28 25:00:00,   14.335138,    1.439247
2014-07-29 25:00:00,   14.517803,    1.439098
2014-07-30 25:00:00,   14.663401,    1.439215
2014-07-31 25:00:00,   14.705993,    1.440365
2014-08-01 25:00:00,   14.793352,    1.440702
2014-08-02 25:00:00,   14.627703,    1.440881
2014-08-03 25:00:00,   15.363674,    1.441772
2014-08-04 25:00:00,   15.299643,    1.442980
2014-08-05 25:00:00,   15.411155,    1.443426
2014-08-06 25:00:00,   15.466602,    1.444117
2014-08-07 25:00:00,   15.223262,    1.442155
2014-08-08 25:00:00,   15.773366,    1.442214
2014-08-09 25:00:00,   16.246535,    1.444018
2014-08-10 25:00:00,   16.094525,    1.443860
2014-08-11 25:00:00,   16.317716,    1.444550
2014-08-12 25:00:00,   15.806143,    1.446025
2014-08-13 25:00:00,   15.824616,    1.447500
2014-08-14 25:00:00,   15.580742,    1.448782
2014-08-15 25:00:00,   15.929316,    1.448748
2014-08-16 25:00:00,   17.391531,    1.448824
2014-08-17 25:00:00,   17.010610,    1.431341
2014-08-18 25:00:00,   16.762643,    1.428697
2014-08-19 25:00:00,   17.448761,    1.429306
2014-08-20 25:00:00,   17.164084,    1.428758
2014-08-21 25:00:00,   17.384686,    1.428911
2014-08-22 25:00:00,   17.534334,    1.431137
2014-08-23 25:00:00,   17.534799,    1.431764
2014-08-24 25:00:00,   17.935007,    1.432610
2014-08-25 25:00:00,   18.552551,    1.433743
2014-08-26 25:00:00,   18.049496,    1.434853
2014-08-27 25:00:00,   18.795498,    1.435235
2014-08-28 25:00:00,   18.455878,    1.436337
2014-08-29 25:00:00,   18.091570,    1.300118
2014-08-30 25:00:00,   17.636774,    1.347389
2014-08-31 25:00:00,   17.316146,    1.346842
2014-09-01 25:00:00,   17.759372,    1.352816
2014-09-02 25:00:00,   17.329190,    1.351693
2014-09-03 25:00:00,   17.736851,    1.353515
2014-09-04 25:00:00,   17.786772,    1.356898
2014-09-05 25:00:00,   18.995578,    1.357390
2014-09-06 25:00:00,   18.352866,    1.349701
2014-09-07 25:00:00,   17.447189,    1.355712
2014-09-08 25:00:00,   16.365342,    1.365075
2014-09-09 25:00:00,   16.463975,    1.366594
2014-09-10 25:00:00,   17.302882,    1.367338
2014-09-11 25:00:00,   18.000073,    1.367358
2014-09-12 25:00:00,   18.564533,    1.369246
2014-09-13 25:00:00,   19.024765,    1.371004
2014-09-14 25:00:00,   19.533308,    1.372486
2014-09-15 25:00:00,   19.288453,    1.373985
2014-09-16 25:00:00,   19.799189,    1.374766
2014-09-17 25:00:00,   19.974914,    1.377956
2014-09-18 25:00:00,   20.501828,    1.379887
2014-09-19 25:00:00,   21.383195,    1.381581
2014-09-20 25:00:00,   21.825267,    1.385290
2014-09-21 25:00:00,   19.471504,    1.349294
2014-09-22 25:00:00,   19.212903,    1.339136
2014-09-23 25:00:00,   19.059815,    1.340486
2014-09-24 25:00:00,   20.085271,    1.340852
2014-09-25 25:00:00,   20.528821,    1.343549
2014-09-26 25:00:00,   20.500332,    1.346457
2014-09-27 25:00:00,   18.491259,    1.345360
2014-09-28 25:00:00,   17.792600,    1.349300
2014-09-29 25:00:00,   18.321730,    1.350692
2014-09-30 25:00:00,   19.474457,    1.352388
2014-10-01 25:00:00,   20.286330,    1.354555
2014-10-02 25:00:00,   21.286229,    1.357382
2014-10-03 25:00:00,   22.255915,    1.359926
2014-10-04 25:00:00,   23.218408,    1.362894
2014-10-05 25:00:00,   20.424382,    1.357881
2014-10-06 25:00:00,   20.754952,    1.359945
2014-10-07 25:00:00,   21.386566,    1.361688
2014-10-08 25:00:00,   22.046006,    1.364054
2014-10-09 25:00:00,   21.978640,    1.366097
2014-10-10 25:00:00,   21.989612,    1.368377
2014-10-11 25:00:00,   21.622224,    1.370470
2014-10-12 25:00:00,   21.287978,    1.372251
2014-10-13 25:00:00,   21.434864,    1.374029
2014-10-14 25:00:00,   22.076966,    1.376264
2014-10-15 25:00:00,   23.432940,    1.380431
2014-10-16 25:00:00,   23.824719,    1.382900
2014-10-17 25:00:00,   24.240804,    1.379672
2014-10-18 25:00:00,   22.217671,    1.349697
2014-10-19 25:00:00,   20.868152,    1.353918
2014-10-20 25:00:00,   20.990842,    1.354582
2014-10-21 25:00:00,   21.993256,    1.356999
2014-10-22 25:00:00,   22.676234,    1.360167
2014-10-23 25:00:00,   22.888367,    1.362971
2014-10-24 25:00:00,   23.405992,    1.365621
2014-10-25 25:00:00,   22.822482,    1.369060
2014-10-26 25:00:00,   22.736775,    1.370805
2014-10-27 25:00:00,   22.718597,    1.371652
2014-10-28 25:00:00,   22.669287,    1.373908
2014-10-29 25:00:00,   22.606009,    1.377034
2014-10-30 25:00:00,   22.139313,    1.379507
2014-10-31 25:00:00,   22.436819,    1.382750
2014-11-01 25:00:00,   23.386544,    1.386346
2014-11-02 25:00:00,   22.776331,    1.388372
2014-11-03 25:00:00,   22.663133,    1.392192
2014-11-04 25:00:00,   23.098593,    1.394810
2014-11-05 25:00:00,   23.262132,    1.398445
2014-11-06 25:00:00,   22.116949,    1.397619
2014-11-07 25:00:00,   21.997386,    1.400626
2014-11-08 25:00:00,   22.244390,    1.402920
2014-11-09 25:00:00,   23.515272,    1.405010
2014-11-10 25:00:00,   23.041847,    1.407556
2014-11-11 25:00:00,   23.754171,    1.410461
2014-11-12 25:00:00,   22.987581,    1.412799
2014-11-13 25:00:00,   21.894880,    1.416806
2014-11-14 25:00:00,   21.962259,    1.418104
2014-11-15 25:00:00,   22.570386,    1.422197
2014-11-16 25:00:00,   22.963760,    1.424840
2014-11-17 25:00:00,   24.653115,    1.426585
2014-11-18 25:00:00,   24.606282,    1.429668
2014-11-19 25:00:00,   25.064473,    1.432757
2014-11-20 25:00:00,   24.728481,    1.430801
2014-11-21 25:00:00,   24.403165,    1.434703
2014-11-22 25:00:00,   24.118353,    1.436998
2014-11-23 25:00:00,   23.391720,    1.440689
2014-11-24 25:00:00,   23.425566,    1.442440
2014-11-25 25:00:00,   23.963114,    1.447248
2014-11-26 25:00:00,   23.263534,    1.418204
2014-11-27 25:00:00,   23.745012,    1.418279
2014-11-28 25:00:00,   24.213731,    1.422172
2014-11-29 25:00:00,   24.999608,    1.426464
2014-11-30 25:00:00,   25.082016,    1.429470
2014-12-01 25:00:00,   24.301900,    1.432931
2014-12-02 25:00:00,   24.391669,    1.436822
2014-12-03 25:00:00,   24.699285,    1.441032
2014-12-04 25:00:00,   24.741514,    1.444997
2014-12-05 25:00:00,   23.377856,    1.445350
2014-12-06 25:00:00,   24.791457,    1.448991
2014-12-07 25:00:00,   25.114959,    1.452678
2014-12-08 25:00:00,   23.931278,    1.456909
2014-12-09 25:00:00,   23.096319,    1.458832
2014-12-10 25:00:00,   23.434411,    1.460286
2014-12-11 25:00:00,   24.413819,    1.463753
2014-12-12 25:00:00,   23.953378,    1.468972
2014-12-13 25:00:00,   23.765850,    1.473053
2014-12-14 25:00:00,   23.777459,    1.477117
2014-12-15 25:00:00,   23.785921,    1.480232
2014-12-16 25:00:00,   24.218144,    1.484705
2014-12-17 25:00:00,   23.916991,    1.488839
2014-12-18 25:00:00,   24.787064,    1.493617
2014-12-19 25:00:00,   25.503019,    1.495910
2014-12-20 25:00:00,   25.200922,    1.501723
2014-12-21 25:00:00,   25.276462,    1.507581
2014-12-22 25:00:00,   25.671057,    1.511634
2014-12-23 25:00:00,   25.239159,    1.511744
2014-12-24 25:00:00,   25.264810,    1.518376
2014-12-25 25:00:00,   25.589926,    1.521992
2014-12-26 25:00:00,   25.844572,    1.525054
2014-12-27 25:00:00,   26.662149,    1.530385
2014-12-28 25:00:00,   26.297009,    1.533981
2014-12-29 25:00:00,   27.128222,    1.538205
2014-12-30 25:00:00,   27.337548,    1.541706
2014-12-31 25:00:00,   26.879256,    1.546402
2015-01-01 25:00:00,   26.767724,    1.548378
2015-01-02 25:00:00,   25.213480,    1.546166
2015-01-03 25:00:00,   25.146450,    1.543830
2015-01-04 25:00:00,   26.215948,    1.548131
2015-01-05 25:00:00,   27.517177,    1.550696
2015-01-06 25:00:00,   27.714943,    1.555709
2015-01-07 25:00:00,   26.811348,    1.559895
2015-01-08 25:00:00,   26.018208,    1.564030
2015-01-09 25:00:00,   25.559595,    1.566044
2015-01-10 25:00:00,   26.020202,    1.569922
2015-01-11 25:00:00,   26.148805,    1.572861
2015-01-12 25:00:00,   26.831133,    1.575782
2015-01-13 25:00:00,   27.564550,    1.580520
2015-01-14 25:00:00,   28.075688,    1.585472
2015-01-15 25:00:00,   26.889216,    1.587210
2015-01-16 25:00:00,   26.995472,    1.590306
2015-01-17 25:00:00,   27.400570,    1.593881
2015-01-18 25:00:00,   28.618950,    1.597395
2015-01-19 25:00:00,   28.957444,    1.601166
2015-01-20 25:00:00,   30.107151,    1.605336
2015-01-21 25:00:00,   28.572112,    1.607269
2015-01-22 25:00:00,   26.664875,    1.607199
2015-01-23 25:00:00,   26.193668,    1.605066
2015-01-24 25:00:00,   25.568245,    1.603788
2015-01-25 25:00:00,   26.125845,    1.605021
2015-01-26 25:00:00,   26.452444,    1.607463
2015-01-27 25:00:00,   27.275606,    1.612513
2015-01-28 25:00:00,   28.423665,    1.617721
2015-01-29 25:00:00,   28.600683,    1.622897
2015-01-30 25:00:00,   28.929006,    1.626723
2015-01-31 25:00:00,   27.546082,    1.630296
2015-02-01 25:00:00,   27.502413,    1.632767
2015-02-02 25:00:00,   27.574352,    1.606709
2015-02-03 25:00:00,   28.039639,    1.620216
2015-02-04 25:00:00,   29.111389,    1.623489
2015-02-05 25:00:00,   29.106079,    1.627176
2015-02-06 25:00:00,   27.977772,    1.631399
2015-02-07 25:00:00,   27.967812,    1.633999
2015-02-08 25:00:00,   28.882873,    1.638108
2015-02-09 25:00:00,   28.655352,    1.642928
2015-02-10 25:00:00,   28.289925,    1.645851
2015-02-11 25:00:00,   28.542949,    1.648199
2015-02-12 25:00:00,   27.956222,    1.649875
2015-02-13 25:00:00,   27.240450,    1.650962
2015-02-14 25:00:00,   25.989186,    1.645034
2015-02-15 25:00:00,   25.984250,    1.645031
2015-02-16 25:00:00,   26.033886,    1.645699
2015-02-17 25:00:00,   25.647051,    1.647466
2015-02-18 25:00:00,   26.625516,    1.648959
2015-02-19 25:00:00,   26.534579,    1.653195
2015-02-20 25:00:00,   26.124091,    1.655633
2015-02-21 25:00:00,   26.024222,    1.658174
2015-02-22 25:00:00,   25.486631,    1.660237
2015-02-23 25:00:00,   26.275221,    1.657149
2015-02-24 25:00:00,   27.378427,    1.660035
2015-02-25 25:00:00,   28.070463,    1.662061
2015-02-26 25:00:00,   28.968456,    1.665314
2015-02-27 25:00:00,   27.384370,    1.671569
2015-02-28 25:00:00,   26.650378,    1.671604
2015-03-01 25:00:00,   26.074185,    1.674819
2015-03-02 25:00:00,   25.590813,    1.676285
2015-03-03 25:00:00,   25.692359,    1.678175
2015-03-04 25:00:00,   26.032277,    1.681154
2015-03-05 25:00:00,   26.296876,    1.684549
2015-03-06 25:00:00,   26.434104,    1.686588
2015-03-07 25:00:00,   26.569970,    1.689476
2015-03-08 25:00:00,   26.532135,    1.693202
2015-03-09 25:00:00,   26.638331,    1.695647
2015-03-10 25:00:00,   26.349444,    1.698243
2015-03-11 25:00:00,   26.326903,    1.697659
2015-03-12 25:00:00,   27.012044,    1.700536
2015-03-13 25:00:00,   25.787352,    1.697962
2015-03-14 25:00:00,   25.092363,    1.669733
2015-03-15 25:00:00,   25.481769,    1.668859
2015-03-16 25:00:00,   25.189091,    1.670521
2015-03-17 25:00:00,   25.089473,    1.671039
2015-03-18 25:00:00,   24.491143,    1.663377
2015-03-19 25:00:00,   24.373975,    1.660138
2015-03-20 25:00:00,   24.576782,    1.662205
2015-03-21 25:00:00,   23.938173,    1.663831
2015-03-22 25:00:00,   23.199210,    1.658107
2015-03-23 25:00:00,   22.863577,    1.661468
2015-03-24 25:00:00,   22.502327,    1.662858
2015-03-25 25:00:00,   22.493096,    1.656518
2015-03-26 25:00:00,   22.815233,    1.658015
2015-03-27 25:00:00,   23.010915,    1.659643
2015-03-28 25:00:00,   23.204953,    1.662421
2015-03-29 25:00:00,   23.725828,    1.664026
2015-03-30 25:00:00,   22.995630,    1.665250
2015-03-31 25:00:00,   23.120912,    1.666598
2015-04-01 25:00:00,   22.996121,    1.668269
2015-04-02 25:00:00,   22.897441,    1.668097
2015-04-03 25:00:00,   23.183265,    1.669607
2015-04-04 25:00:00,   22.642506,    1.670393
2015-04-05 25:00:00,   22.817803,    1.672692
2015-04-06 25:00:00,   21.743374,    1.665213
2015-04-07 25:00:00,   20.869113,    1.640001
2015-04-08 25:00:00,   20.682310,    1.636489
2015-04-09 25:00:00,   20.475017,    1.601615
2015-04-10 25:00:00,   20.708344,    1.597002
2015-04-11 25:00:00,   20.687368,    1.597330
2015-04-12 25:00:00,   20.333600,    1.595412
2015-04-13 25:00:00,   21.151490,    1.595576
2015-04-14 25:00:00,   20.555097,    1.597182
2015-04-15 25:00:00,   20.230869,    1.597870
2015-04-16 25:00:00,   20.556465,    1.599389
2015-04-17 25:00:00,   20.554557,    1.599901
2015-04-18 25:00:00,   20.754666,    1.601847
2015-04-19 25:00:00,   20.597350,    1.602540
2015-04-20 25:00:00,   21.135198,    1.604146
2015-04-21 25:00:00,   20.993348,    1.605022
2015-04-22 25:00:00,   21.236361,    1.606853
2015-04-23 25:00:00,   20.666906,    1.608006
2015-04-24 25:00:00,   19.805492,    1.607139
2015-04-25 25:00:00,   19.706075,    1.606898
2015-04-26 25:00:00,   19.554554,    1.607184
2015-04-27 25:00:00,   19.389540,    1.607477
2015-04-28 25:00:00,   19.482482,    1.608501
2015-04-29 25:00:00,   19.431124,    1.609307
2015-04-30 25:00:00,   19.224160,    1.594546
2015-05-01 25:00:00,   19.094381,    1.602459
2015-05-02 25:00:00,   18.774308,    1.602829
2015-05-03 25:00:00,   18.528096,    1.599291
2015-05-04 25:00:00,   17.811206,    1.600177
2015-05-05 25:00:00,   17.727847,    1.602043
2015-05-06 25:00:00,   18.171781,    1.602587
2015-05-07 25:00:00,   17.992397,    1.603351
2015-05-08 25:00:00,   18.014439,    1.603843
2015-05-09 25:00:00,   18.423881,    1.604460
2015-05-10 25:00:00,   18.496627,    1.605261
2015-05-11 25:00:00,   18.798871,    1.607011
2015-05-12 25:00:00,   18.417313,    1.607786
2015-05-13 25:00:00,   17.959462,    1.607913
2015-05-14 25:00:00,   17.848248,    1.608183
2015-05-15 25:00:00,   17.457579,    1.610185
2015-05-16 25:00:00,   16.862716,    1.588605
2015-05-17 25:00:00,   16.722530,    1.587179
2015-05-18 25:00:00,   16.595473,    1.586741
2015-05-19 25:00:00,   16.365480,    1.587534
2015-05-20 25:00:00,   16.174076,    1.588462
2015-05-21 25:00:00,   15.995913,    1.589313
2015-05-22 25:00:00,   16.300967,    1.590598
2015-05-23 25:00:00,   16.482315,    1.590015
2015-05-24 25:00:00,   16.760340,    1.591427
2015-05-25 25:00:00,   17.046698,    1.592052
2015-05-26 25:00:00,   16.742630,    1.592846
2015-05-27 25:00:00,   16.536585,    1.594007
2015-05-28 25:00:00,   16.225874,    1.594334
2015-05-29 25:00:00,   16.125794,    1.594104
2015-05-30 25:00:00,   16.298267,    1.594804
2015-05-31 25:00:00,   16.303998,    1.595004
2015-06-01 25:00:00,   15.608994,    1.595518
2015-06-02 25:00:00,   15.630808,    1.588178
2015-06-03 25:00:00,   15.868044,    1.588560
2015-06-04 25:00:00,   16.141478,    1.588778
2015-06-05 25:00:00,   16.985854,    1.588847
2015-06-06 25:00:00,   16.694917,    1.586467
2015-06-07 25:00:00,   17.012439,    1.586767
2015-06-08 25:00:00,   16.805153,    1.588344
2015-06-09 25:00:00,   16.524615,    1.589086
2015-06-10 25:00:00,   16.640391,    1.590470
2015-06-11 25:00:00,   16.336729,    1.590637
2015-06-12 25:00:00,   16.217161,    1.575879
2015-06-13 25:00:00,   16.033184,    1.579175
2015-06-14 25:00:00,   15.992613,    1.582498
2015-06-15 25:00:00,   16.011849,    1.583081
2015-06-16 25:00:00,   15.614558,    1.583080
2015-06-17 25:00:00,   15.388899,    1.584191
2015-06-18 25:00:00,   15.498656,    1.562789
2015-06-19 25:00:00,   15.888589,    1.526581
2015-06-20 25:00:00,   16.288012,    1.526191
2015-06-21 25:00:00,   15.431656,    1.515601
2015-06-22 25:00:00,   15.066302,    1.532332
2015-06-23 25:00:00,   15.116434,    1.533292
2015-06-24 25:00:00,   14.870527,    1.533730
2015-06-25 25:00:00,   15.312238,    1.534204
2015-06-26 25:00:00,   15.032632,    1.534714
2015-06-27 25:00:00,   14.849867,    1.534686
2015-06-28 25:00:00,   14.669788,    1.535205
2015-06-29 25:00:00,   15.044795,    1.536226
2015-06-30 25:00:00,   14.777722,    1.536249
2015-07-01 25:00:00,   14.686310,    1.533361
2015-07-02 25:00:00,   14.866968,    1.535580
2015-07-03 25:00:00,   15.513505,    1.535394
2015-07-04 25:00:00,   16.377977,    1.536421
2015-07-05 25:00:00,   16.010004,    1.536475
2015-07-06 25:00:00,   15.436778,    1.536577
2015-07-07 25:00:00,   15.353367,    1.532657
2015-07-08 25:00:00,   14.700643,    1.535084
2015-07-09 25:00:00,   14.756867,    1.536818
2015-07-10 25:00:00,   14.731096,    1.533573
2015-07-11 25:00:00,   14.652716,    1.535755
2015-07-12 25:00:00,   14.481797,    1.536208
2015-07-13 25:00:00,   14.294689,    1.536752
2015-07-14 25:00:00,   14.175711,    1.536672
2015-07-15 25:00:00,   14.146871,    1.537128
2015-07-16 25:00:00,   13.933331,    1.537935
2015-07-17 25:00:00,   13.851872,    1.533766
2015-07-18 25:00:00,   14.370395,    1.525126
2015-07-19 25:00:00,   14.005390,    1.529126
2015-07-20 25:00:00,   14.138164,    1.525802
2015-07-21 25:00:00,   14.451240,    1.524033
2015-07-22 25:00:00,   13.974795,    1.521700
2015-07-23 25:00:00,   13.972416,    1.518400
2015-07-24 25:00:00,   14.608968,    1.519474
2015-07-25 25:00:00,   14.573882,    1.519891
2015-07-26 25:00:00,   14.788030,    1.519735
2015-07-27 25:00:00,   14.522454,    1.521180
2015-07-28 25:00:00,   14.053247,    1.516578
2015-07-29 25:00:00,   14.507827,    1.516644
2015-07-30 25:00:00,   14.361765,    1.499728
2015-07-31 25:00:00,   15.349588,    1.496168
2015-08-01 25:00:00,   14.650353,    1.497326
2015-08-02 25:00:00,   15.054045,    1.498829
2015-08-03 25:00:00,   14.980642,    1.498097
2015-08-04 25:00:00,   14.617420,    1.499106
2015-08-05 25:00:00,   14.541552,    1.499933
2015-08-06 25:00:00,   14.342089,    1.501067
2015-08-07 25:00:00,   14.529359,    1.485071
2015-08-08 25:00:00,   13.933817,    1.491371
2015-08-09 25:00:00,   13.970840,    1.486666
2015-08-10 25:00:00,   13.968036,    1.492365
2015-08-11 25:00:00,   14.105028,    1.492884
2015-08-12 25:00:00,   14.900770,    1.492937
2015-08-13 25:00:00,   15.078870,    1.493809
2015-08-14 25:00:00,   15.743757,    1.494424
2015-08-15 25:00:00,   16.825198,    1.496415
2015-08-16 25:00:00,   17.369355,    1.497022
2015-08-17 25:00:00,   16.931134,    1.493607
2015-08-18 25:00:00,   16.849664,    1.496021
2015-08-19 25:00:00,   15.785188,    1.489547
2015-08-20 25:00:00,   15.492256,    1.489548
2015-08-21 25:00:00,   14.893357,    1.473679
2015-08-22 25:00:00,   14.624554,    1.469839
2015-08-23 25:00:00,   15.046520,    1.471621
2015-08-24 25:00:00,   15.099864,    1.472482
2015-08-25 25:00:00,   15.575061,    1.473862
2015-08-26 25:00:00,   15.614203,    1.474123
2015-08-27 25:00:00,   16.513328,    1.476628
2015-08-28 25:00:00,   16.741477,    1.457672
2015-08-29 25:00:00,   16.987496,    1.358015
2015-08-30 25:00:00,   16.640211,    1.403717
2015-08-31 25:00:00,   15.754543,    1.403357
2015-09-01 25:00:00,   15.529984,    1.406954
2015-09-02 25:00:00,   15.442359,    1.410672
2015-09-03 25:00:00,   16.224737,    1.412280
2015-09-04 25:00:00,   16.122694,    1.395097
2015-09-05 25:00:00,   16.085236,    1.399473
2015-09-06 25:00:00,   16.411012,    1.401475
2015-09-07 25:00:00,   17.409474,    1.403000
2015-09-08 25:00:00,   17.751846,    1.403157
2015-09-09 25:00:00,   18.550790,    1.406595
2015-09-10 25:00:00,   17.256454,    1.403908
2015-09-11 25:00:00,   17.621200,    1.403141
2015-09-12 25:00:00,   16.959067,    1.395171
2015-09-13 25:00:00,   17.502450,    1.397312
2015-09-14 25:00:00,   17.012765,    1.398225
2015-09-15 25:00:00,   17.209584,    1.400863
2015-09-16 25:00:00,   17.306030,    1.401961
2015-09-17 25:00:00,   18.083159,    1.402335
2015-09-18 25:00:00,   18.031828,    1.406052
2015-09-19 25:00:00,   18.134147,    1.409586
2015-09-20 25:00:00,   17.860427,    1.412456
2015-09-21 25:00:00,   18.987608,    1.415094
2015-09-22 25:00:00,   18.976809,    1.417347
2015-09-23 25:00:00,   19.786578,    1.419909
2015-09-24 25:00:00,   20.460628,    1.422554
2015-09-25 25:00:00,   20.665418,    1.424776
2015-09-26 25:00:00,   20.491393,    1.426300
2015-09-27 25:00:00,   20.953599,    1.429350
2015-09-28 25:00:00,   21.330124,    1.430395
2015-09-29 25:00:00,   22.086709,    1.433369
2015-09-30 25:00:00,   22.985650,    1.433127
2015-10-01 25:00:00,   23.728343,    1.437243
2015-10-02 25:00:00,   23.478778,    1.438989
2015-10-03 25:00:00,   23.933813,    1.440711
2015-10-04 25:00:00,   22.373747,    1.442298
2015-10-05 25:00:00,   20.321031,    1.442098
2015-10-06 25:00:00,   20.935112,    1.444116
2015-10-07 25:00:00,   20.994131,    1.447432
2015-10-08 25:00:00,   21.185664,    1.448744
2015-10-09 25:00:00,   22.644638,    1.451305
2015-10-10 25:00:00,   23.095038,    1.453039
2015-10-11 25:00:00,   23.692306,    1.456203
2015-10-12 25:00:00,   24.484353,    1.458811
2015-10-13 25:00:00,   24.908586,    1.462269
2015-10-14 25:00:00,   22.707367,    1.459730
2015-10-15 25:00:00,   22.471482,    1.463287
2015-10-16 25:00:00,   22.624534,    1.466027
2015-10-17 25:00:00,   22.855379,    1.468818
2015-10-18 25:00:00,   22.001626,    1.456720
2015-10-19 25:00:00,   22.412756,    1.459519
2015-10-20 25:00:00,   23.082511,    1.462566
2015-10-21 25:00:00,   23.893581,    1.464915
2015-10-22 25:00:00,   23.602541,    1.467905
2015-10-23 25:00:00,   23.222074,    1.471238
2015-10-24 25:00:00,   22.717339,    1.470656
2015-10-25 25:00:00,   23.114097,    1.474855
2015-10-26 25:00:00,   24.096585,    1.477935
2015-10-27 25:00:00,   23.116517,    1.480098
2015-10-28 25:00:00,   24.767058,    1.482492
2015-10-29 25:00:00,   25.945049,    1.485334
2015-10-30 25:00:00,   25.161477,    1.488147
2015-10-31 25:00:00,   25.317335,    1.492304
2015-11-01 25:00:00,   25.678372,    1.477924
2015-11-02 25:00:00,   25.405042,    1.435751
2015-11-03 25:00:00,   25.642261,    1.445597
2015-11-04 25:00:00,   26.018856,    1.449141
2015-11-05 25:00:00,   25.708941,    1.451946
2015-11-06 25:00:00,   24.219716,    1.452548
2015-11-07 25:00:00,   22.913335,    1.458107
2015-11-08 25:00:00,   23.234436,    1.462155
2015-11-09 25:00:00,   24.134868,    1.465506
2015-11-10 25:00:00,   24.827559,    1.469388
2015-11-11 25:00:00,   25.329018,    1.473253
2015-11-12 25:00:00,   25.769092,    1.478303
2015-11-13 25:00:00,   26.823372,    1.484122
2015-11-14 25:00:00,   27.568872,    1.487416
2015-11-15 25:00:00,   27.269347,    1.493361
2015-11-16 25:00:00,   27.758372,    1.495882
2015-11-17 25:00:00,   25.883227,    1.496968
2015-11-18 25:00:00,   24.367720,    1.498456
2015-11-19 25:00:00,   23.911434,    1.500485
2015-11-20 25:00:00,   23.948800,    1.501981
2015-11-21 25:00:00,   24.623457,    1.505704
2015-11-22 25:00:00,   25.488254,    1.511181
2015-11-23 25:00:00,   26.421731,    1.515081
2015-11-24 25:00:00,   25.096625,    1.520510
2015-11-25 25:00:00,   24.739538,    1.524178
2015-11-26 25:00:00,   24.729691,    1.528456
2015-11-27 25:00:00,   25.502326,    1.532972
2015-11-28 25:00:00,   25.257613,    1.536201
2015-11-29 25:00:00,   24.423129,    1.540032
2015-11-30 25:00:00,   23.760377,    1.542114
2015-12-01 25:00:00,   24.270482,    1.545397
2015-12-02 25:00:00,   25.196002,    1.551447
2015-12-03 25:00:00,   25.620852,    1.555490
2015-12-04 25:00:00,   24.091455,    1.558776
2015-12-05 25:00:00,   22.287684,    1.540501
2015-12-06 25:00:00,   21.870315,    1.540272
2015-12-07 25:00:00,   22.419852,    1.543864
2015-12-08 25:00:00,   23.239039,    1.546011
2015-12-09 25:00:00,   24.013564,    1.551080
2015-12-10 25:00:00,   23.871816,    1.553091
2015-12-11 25:00:00,   24.294178,    1.556473
2015-12-12 25:00:00,   23.883568,    1.559781
2015-12-13 25:00:00,   24.803056,    1.562839
2015-12-14 25:00:00,   25.179547,    1.567330
2015-12-15 25:00:00,   25.715379,    1.571991
2015-12-16 25:00:00,   25.533921,    1.577745
2015-12-17 25:00:00,   25.757942,    1.582184
2015-12-18 25:00:00,   25.497891,    1.586391
2015-12-19 25:00:00,   24.147144,    1.589711
2015-12-20 25:00:00,   24.683999,    1.592727
2015-12-21 25:00:00,   24.925343,    1.594353
2015-12-22 25:00:00,   26.571041,    1.598472
2015-12-23 25:00:00,   27.609130,    1.605565
2015-12-24 25:00:00,   25.318007,    1.606452
2015-12-25 25:00:00,   24.860449,    1.601308
2015-12-26 25:00:00,   25.236319,    1.603626
2015-12-27 25:00:00,   26.814666,    1.609235
2015-12-28 25:00:00,   27.486803,    1.614811
2015-12-29 25:00:00,   27.071990,    1.618302
2015-12-30 25:00:00,   25.921005,    1.620616
2015-12-31 25:00:00,   26.168349,    1.623569
2016-01-01 25:00:00,   26.312704,    1.627972
2016-01-02 25:00:00,   27.181019,    1.631880
2016-01-03 25:00:00,   27.447636,    1.633173
2016-01-04 25:00:00,   27.654788,    1.635968
2016-01-05 25:00:00,   29.359519,    1.640142
2016-01-06 25:00:00,   30.441763,    1.645372
2016-01-07 25:00:00,   30.245814,    1.649211
2016-01-08 25:00:00,   28.921531,    1.650936
2016-01-09 25:00:00,   29.590146,    1.654943
2016-01-10 25:00:00,   29.695198,    1.658708
2016-01-11 25:00:00,   29.499711,    1.662365
2016-01-12 25:00:00,   27.714584,    1.663547
2016-01-13 25:00:00,   27.084350,    1.664213
2016-01-14 25:00:00,   26.824388,    1.665275
2016-01-15 25:00:00,   27.560618,    1.668549
2016-01-16 25:00:00,   28.549912,    1.673123
2016-01-17 25:00:00,   26.223732,    1.672199
2016-01-18 25:00:00,   25.432130,    1.671447
2016-01-19 25:00:00,   24.598802,    1.652939
2016-01-20 25:00:00,   25.124689,    1.655043
2016-01-21 25:00:00,   24.211971,    1.654832
2016-01-22 25:00:00,   25.378183,    1.658428
2016-01-23 25:00:00,   26.746153,    1.662534
2016-01-24 25:00:00,   27.759033,    1.667144
2016-01-25 25:00:00,   29.128097,    1.673473
2016-01-26 25:00:00,   28.309894,    1.677008
2016-01-27 25:00:00,   27.632709,    1.681865
2016-01-28 25:00:00,   27.384765,    1.685013
2016-01-29 25:00:00,   27.409909,    1.689949
2016-01-30 25:00:00,   25.702086,    1.648715
2016-01-31 25:00:00,   24.277762,    1.648808
2016-02-01 25:00:00,   23.796888,    1.648999
2016-02-02 25:00:00,   24.236359,    1.651416
2016-02-03 25:00:00,   24.620519,    1.653407
2016-02-04 25:00:00,   25.730901,    1.658513
2016-02-05 25:00:00,   26.534142,    1.661909
2016-02-06 25:00:00,   26.661637,    1.664706
2016-02-07 25:00:00,   27.805224,    1.669252
2016-02-08 25:00:00,   28.526234,    1.675922
2016-02-09 25:00:00,   28.949570,    1.680954
2016-02-10 25:00:00,   30.013425,    1.684354
2016-02-11 25:00:00,   29.876765,    1.687681
2016-02-12 25:00:00,   28.097639,    1.690442
2016-02-13 25:00:00,   27.061784,    1.692381
2016-02-14 25:00:00,   26.516479,    1.693208
2016-02-15 25:00:00,   26.501567,    1.698270
2016-02-16 25:00:00,   27.225785,    1.698694
2016-02-17 25:00:00,   27.006529,    1.702605
2016-02-18 25:00:00,   26.443416,    1.707239
2016-02-19 25:00:00,   25.335413,    1.708747
2016-02-20 25:00:00,   25.988340,    1.703355
2016-02-21 25:00:00,   26.770821,    1.706797
2016-02-22 25:00:00,   25.932758,    1.695823
2016-02-23 25:00:00,   25.231853,    1.699691
2016-02-24 25:00:00,   24.359940,    1.699755
2016-02-25 25:00:00,   24.132438,    1.696939
2016-02-26 25:00:00,   24.609439,    1.696946
2016-02-27 25:00:00,   26.180313,    1.699190
2016-02-28 25:00:00,   26.490664,    1.703259
2016-02-29 25:00:00,   26.270040,    1.705687
2016-03-01 25:00:00,   25.515297,    1.709256
2016-03-02 25:00:00,   25.558515,    1.711716
2016-03-03 25:00:00,   24.937413,    1.714416
2016-03-04 25:00:00,   25.070387,    1.714263
2016-03-05 25:00:00,   25.533032,    1.716756
2016-03-06 25:00:00,   25.916472,    1.719267
2016-03-07 25:00:00,   25.871572,    1.722634
2016-03-08 25:00:00,   26.417918,    1.725562
2016-03-09 25:00:00,   27.373897,    1.729332
2016-03-10 25:00:00,   26.291513,    1.731439
2016-03-11 25:00:00,   26.119589,    1.733235
2016-03-12 25:00:00,   26.459453,    1.736754
2016-03-13 25:00:00,   26.916652,    1.739881
2016-03-14 25:00:00,   26.930791,    1.740370
2016-03-15 25:00:00,   26.985151,    1.746330
2016-03-16 25:00:00,   25.352772,    1.745973
2016-03-17 25:00:00,   24.762633,    1.745541
2016-03-18 25:00:00,   25.210849,    1.743529
2016-03-19 25:00:00,   25.299214,    1.745808
2016-03-20 25:00:00,   26.145486,    1.748869
2016-03-21 25:00:00,   25.737915,    1.750011
2016-03-22 25:00:00,   25.306703,    1.753696
2016-03-23 25:00:00,   23.581386,    1.692073
2016-03-24 25:00:00,   23.425565,    1.693068
2016-03-25 25:00:00,   24.031451,    1.693505
2016-03-26 25:00:00,   23.339270,    1.675231
2016-03-27 25:00:00,   23.139687,    1.679541
2016-03-28 25:00:00,   23.402328,    1.682097
2016-03-29 25:00:00,   23.856275,    1.683133
2016-03-30 25:00:00,   24.471485,    1.685503
2016-03-31 25:00:00,   24.225760,    1.687184
2016-04-01 25:00:00,   23.753457,    1.688325
2016-04-02 25:00:00,   24.284637,    1.689210
2016-04-03 25:00:00,   25.016247,    1.690982
2016-04-04 25:00:00,   23.810399,    1.692749
2016-04-05 25:00:00,   22.661525,    1.692810
2016-04-06 25:00:00,   22.334327,    1.690125
2016-04-07 25:00:00,   22.084156,    1.690677
2016-04-08 25:00:00,   21.889658,    1.691954
2016-04-09 25:00:00,   21.219440,    1.686352
2016-04-10 25:00:00,   21.517949,    1.681503
2016-04-11 25:00:00,   21.053690,    1.678671
2016-04-12 25:00:00,   21.346007,    1.679560
2016-04-13 25:00:00,   21.481322,    1.680305
2016-04-14 25:00:00,   21.678622,    1.681386
2016-04-15 25:00:00,   22.009590,    1.683262
2016-04-16 25:00:00,   21.888074,    1.682752
2016-04-17 25:00:00,   21.432155,    1.673825
2016-04-18 25:00:00,   21.263710,    1.634987
2016-04-19 25:00:00,   21.550895,    1.659700
2016-04-20 25:00:00,   21.717515,    1.661436
2016-04-21 25:00:00,   21.735975,    1.662999
2016-04-22 25:00:00,   21.399490,    1.665850
2016-04-23 25:00:00,   21.603523,    1.667550
2016-04-24 25:00:00,   21.301724,    1.667435
2016-04-25 25:00:00,   20.877391,    1.642491
2016-04-26 25:00:00,   19.895715,    1.648567
2016-04-27 25:00:00,   19.607137,    1.644534
2016-04-28 25:00:00,   19.167639,    1.640586
2016-04-29 25:00:00,   19.042826,    1.639347
2016-04-30 25:00:00,   18.729656,    1.639919
2016-05-01 25:00:00,   18.977397,    1.640741
2016-05-02 25:00:00,   19.101162,    1.641181
2016-05-03 25:00:00,   19.077130,    1.642126
2016-05-04 25:00:00,   18.910289,    1.642154
2016-05-05 25:00:00,   19.358714,    1.642209
2016-05-06 25:00:00,   18.847755,    1.630055
2016-05-07 25:00:00,   18.110390,    1.629331
2016-05-08 25:00:00,   17.971318,    1.631236
2016-05-09 25:00:00,   18.168994,    1.631322
2016-05-10 25:00:00,   18.394386,    1.632428
2016-05-11 25:00:00,   18.295390,    1.632650
2016-05-12 25:00:00,   18.763774,    1.633965
2016-05-13 25:00:00,   18.517203,    1.635416
2016-05-14 25:00:00,   18.632253,    1.636640
2016-05-15 25:00:00,   18.101400,    1.634953
2016-05-16 25:00:00,   18.327694,    1.636709
2016-05-17 25:00:00,   18.006720,    1.636667
2016-05-18 25:00:00,   18.141362,    1.636902
2016-05-19 25:00:00,   17.937126,    1.621400
2016-05-20 25:00:00,   17.993780,    1.631350
2016-05-21 25:00:00,   17.013283,    1.611452
2016-05-22 25:00:00,   16.746357,    1.616726
2016-05-23 25:00:00,   16.895804,    1.645941
2016-05-24 25:00:00,   16.911441,    1.632530
2016-05-25 25:00:00,   16.809858,    1.633370
2016-05-26 25:00:00,   16.649643,    1.631797
2016-05-27 25:00:00,   16.605251,    1.632614
2016-05-28 25:00:00,   16.551996,    1.625503
2016-05-29 25:00:00,   16.677286,    1.626528
2016-05-30 25:00:00,   16.659278,    1.627496
2016-05-31 25:00:00,   16.441203,    1.627515
2016-06-01 25:00:00,   16.420413,    1.628723
2016-06-02 25:00:00,   16.075138,    1.628729
2016-06-03 25:00:00,   16.244525,    1.629199
2016-06-04 25:00:00,   16.096304,    1.627888
2016-06-05 25:00:00,   16.021797,    1.628807
2016-06-06 25:00:00,   15.665042,    1.619276
2016-06-07 25:00:00,   15.179121,    1.611912
2016-06-08 25:00:00,   14.982859,    1.612706
2016-06-09 25:00:00,   14.795123,    1.612064
2016-06-10 25:00:00,   15.059609,    1.610173
2016-06-11 25:00:00,   14.847865,    1.610759
2016-06-12 25:00:00,   14.865283,    1.611472
2016-06-13 25:00:00,   14.969554,    1.568670
2016-06-14 25:00:00,   14.902413,    1.587249
2016-06-15 25:00:00,   15.488406,    1.588992
2016-06-16 25:00:00,   14.990070,    1.589368
2016-06-17 25:00:00,   14.843401,    1.591067
2016-06-18 25:00:00,   14.691031,    1.591329
2016-06-19 25:00:00,   14.661202,    1.591091
2016-06-20 25:00:00,   14.652156,    1.591460
2016-06-21 25:00:00,   15.032169,    1.592638
2016-06-22 25:00:00,   14.604349,    1.591796
2016-06-23 25:00:00,   15.098795,    1.592974
2016-06-24 25:00:00,   14.577162,    1.592555
2016-06-25 25:00:00,   14.521555,    1.584809
2016-06-26 25:00:00,   14.441529,    1.586427
2016-06-27 25:00:00,   14.248205,    1.586617
2016-06-28 25:00:00,   14.204197,    1.586388
2016-06-29 25:00:00,   14.408134,    1.587026
2016-06-30 25:00:00,   14.791125,    1.587644
2016-07-01 25:00:00,   14.686786,    1.588176
2016-07-02 25:00:00,   14.651506,    1.588691
2016-07-03 25:00:00,   13.994609,    1.588447
2016-07-04 25:00:00,   13.760562,    1.589071
2016-07-05 25:00:00,   13.579332,    1.589715
2016-07-06 25:00:00,   13.468070,    1.590160
2016-07-07 25:00:00,   13.471264,    1.590506
2016-07-08 25:00:00,   13.494543,    1.584288
2016-07-09 25:00:00,   13.105881,    1.571258
2016-07-10 25:00:00,   13.091095,    1.565741
2016-07-11 25:00:00,   13.138059,    1.566023
2016-07-12 25:00:00,   13.145472,    1.566936
2016-07-13 25:00:00,   12.811522,    1.566956
2016-07-14 25:00:00,   12.706435,    1.567721
2016-07-15 25:00:00,   13.041899,    1.568003
2016-07-16 25:00:00,   13.339020,    1.566677
2016-07-17 25:00:00,   13.466575,    1.565175
2016-07-18 25:00:00,   13.549380,    1.565040
2016-07-19 25:00:00,   14.009267,    1.565836
2016-07-20 25:00:00,   13.362806,    1.565743
2016-07-21 25:00:00,   13.288260,    1.558816
2016-07-22 25:00:00,   13.855416,    1.559920
2016-07-23 25:00:00,   13.167061,    1.557952
2016-07-24 25:00:00,   13.705467,    1.559187
2016-07-25 25:00:00,   13.750403,    1.559165
2016-07-26 25:00:00,   14.016819,    1.559657
2016-07-27 25:00:00,   14.495964,    1.561357
2016-07-28 25:00:00,   14.658776,    1.561363
2016-07-29 25:00:00,   14.395803,    1.557241
2016-07-30 25:00:00,   14.153564,    1.558663
2016-07-31 25:00:00,   13.802762,    1.557935
2016-08-01 25:00:00,   14.210809,    1.559135
2016-08-02 25:00:00,   13.688666,    1.559429
2016-08-03 25:00:00,   13.153296,    1.557459
2016-08-04 25:00:00,   13.272847,    1.550465
2016-08-05 25:00:00,   13.615356,    1.540599
2016-08-06 25:00:00,   13.327959,    1.534052
2016-08-07 25:00:00,   13.211840,    1.534223
2016-08-08 25:00:00,   12.961655,    1.532050
2016-08-09 25:00:00,   12.940436,    1.531083
2016-08-10 25:00:00,   13.067627,    1.529747
2016-08-11 25:00:00,   13.210266,    1.527250
2016-08-12 25:00:00,   14.498396,    1.528284
2016-08-13 25:00:00,   14.427735,    1.529222
2016-08-14 25:00:00,   15.052065,    1.530028
2016-08-15 25:00:00,   13.811799,    1.515964
2016-08-16 25:00:00,   14.516348,    1.518200
2016-08-17 25:00:00,   13.691453,    1.507454
2016-08-18 25:00:00,   13.624479,    1.509105
2016-08-19 25:00:00,   13.494027,    1.490784
2016-08-20 25:00:00,   13.741952,    1.502954
2016-08-21 25:00:00,   13.469728,    1.503797
2016-08-22 25:00:00,   13.454787,    1.504668
2016-08-23 25:00:00,   14.299280,    1.506282
2016-08-24 25:00:00,   14.333292,    1.506991
2016-08-25 25:00:00,   14.157298,    1.507470
2016-08-26 25:00:00,   14.250802,    1.494619
2016-08-27 25:00:00,   14.124663,    1.481580
2016-08-28 25:00:00,   13.886252,    1.483909
2016-08-29 25:00:00,   14.840815,    1.484502
2016-08-30 25:00:00,   15.384898,    1.486964
2016-08-31 25:00:00,   14.531735,    1.471532
2016-09-01 25:00:00,   15.421561,    1.473362
2016-09-02 25:00:00,   15.641349,    1.474165
2016-09-03 25:00:00,   16.413412,    1.475601
2016-09-04 25:00:00,   16.282760,    1.476646
2016-09-05 25:00:00,   17.083398,    1.478193
2016-09-06 25:00:00,   16.708333,    1.478311
2016-09-07 25:00:00,   15.924415,    1.470361
2016-09-08 25:00:00,   16.587308,    1.470967
2016-09-09 25:00:00,   17.239841,    1.474088
2016-09-10 25:00:00,   17.341535,    1.473959
2016-09-11 25:00:00,   16.112474,    1.475757
2016-09-12 25:00:00,   15.774669,    1.476663
2016-09-13 25:00:00,   16.160419,    1.478653
2016-09-14 25:00:00,   16.760239,    1.480250
2016-09-15 25:00:00,   15.771491,    1.473646
2016-09-16 25:00:00,   16.256546,    1.476575
2016-09-17 25:00:00,   16.646617,    1.477787
2016-09-18 25:00:00,   15.605572,    1.466638
2016-09-19 25:00:00,   15.387988,    1.465675
2016-09-20 25:00:00,   16.517820,    1.465738
2016-09-21 25:00:00,   17.447154,    1.466958
2016-09-22 25:00:00,   16.341211,    1.456142
2016-09-23 25:00:00,   15.782648,    1.459564
2016-09-24 25:00:00,   16.642711,    1.460011
2016-09-25 25:00:00,   16.604512,    1.444134
2016-09-26 25:00:00,   16.449250,    1.444248
2016-09-27 25:00:00,   15.766383,    1.436465
2016-09-28 25:00:00,   15.898758,    1.440339
2016-09-29 25:00:00,   17.320246,    1.442711
2016-09-30 25:00:00,   16.543619,    1.441844
2016-10-01 25:00:00,   15.553475,    1.439910
2016-10-02 25:00:00,   16.004588,    1.444932
2016-10-03 25:00:00,   15.764698,    1.443642
2016-10-04 25:00:00,   16.506470,    1.444063
2016-10-05 25:00:00,   18.180750,    1.445691
2016-10-06 25:00:00,   19.143458,    1.447017
2016-10-07 25:00:00,   19.948527,    1.448565
2016-10-08 25:00:00,   18.567799,    1.435078
2016-10-09 25:00:00,   17.908795,    1.439851
2016-10-10 25:00:00,   18.301654,    1.441869
2016-10-11 25:00:00,   19.216645,    1.443682
2016-10-12 25:00:00,   20.728670,    1.444869
2016-10-13 25:00:00,   21.276617,    1.448914
2016-10-14 25:00:00,   20.016681,    1.447743
2016-10-15 25:00:00,   18.754593,    1.450480
2016-10-16 25:00:00,   19.581293,    1.452339
2016-10-17 25:00:00,   19.635667,    1.455051
2016-10-18 25:00:00,   19.774600,    1.457341
2016-10-19 25:00:00,   19.577938,    1.453940
2016-10-20 25:00:00,   19.114033,    1.457668
2016-10-21 25:00:00,   19.538001,    1.459275
2016-10-22 25:00:00,   20.573519,    1.460717
2016-10-23 25:00:00,   21.284831,    1.465738
2016-10-24 25:00:00,   21.399936,    1.469404
2016-10-25 25:00:00,   21.367024,    1.471916
2016-10-26 25:00:00,   22.516249,    1.474706
2016-10-27 25:00:00,   23.079520,    1.477438
2016-10-28 25:00:00,   23.498690,    1.480853
2016-10-29 25:00:00,   21.702009,    1.479453
2016-10-30 25:00:00,   21.348359,    1.482225
2016-10-31 25:00:00,   20.941731,    1.484121
2016-11-01 25:00:00,   21.322843,    1.486794
2016-11-02 25:00:00,   22.108102,    1.490549
2016-11-03 25:00:00,   22.693646,    1.494745
2016-11-04 25:00:00,   23.345440,    1.496668
2016-11-05 25:00:00,   24.647517,    1.499469
2016-11-06 25:00:00,   23.823942,    1.504214
2016-11-07 25:00:00,   22.941348,    1.507489
2016-11-08 25:00:00,   22.685411,    1.510551
2016-11-09 25:00:00,   22.873559,    1.513944
2016-11-10 25:00:00,   22.036112,    1.511967
2016-11-11 25:00:00,   22.092952,    1.513642
2016-11-12 25:00:00,   22.788732,    1.517004
2016-11-13 25:00:00,   23.405495,    1.519269
2016-11-14 25:00:00,   24.713035,    1.525187
2016-11-15 25:00:00,   25.124319,    1.528269
2016-11-16 25:00:00,   22.494061,    1.460575
2016-11-17 25:00:00,   22.923750,    1.467404
2016-11-18 25:00:00,   23.882414,    1.470213
2016-11-19 25:00:00,   24.285399,    1.474842
2016-11-20 25:00:00,   23.047260,    1.478564
2016-11-21 25:00:00,   21.987910,    1.480949
2016-11-22 25:00:00,   22.954276,    1.485177
2016-11-23 25:00:00,   23.773254,    1.487878
2016-11-24 25:00:00,   24.525370,    1.491457
2016-11-25 25:00:00,   25.602129,    1.496613
2016-11-26 25:00:00,   26.418244,    1.502150
2016-11-27 25:00:00,   26.365013,    1.507398
2016-11-28 25:00:00,   26.028295,    1.512700
2016-11-29 25:00:00,   25.009738,    1.514400
2016-11-30 25:00:00,   25.150006,    1.519373
2016-12-01 25:00:00,   24.597554,    1.523551
2016-12-02 25:00:00,   24.889213,    1.526147
2016-12-03 25:00:00,   24.084844,    1.527898
2016-12-04 25:00:00,   23.889123,    1.532515
2016-12-05 25:00:00,   23.960833,    1.534470
2016-12-06 25:00:00,   24.678733,    1.537597
2016-12-07 25:00:00,   24.127640,    1.543420
2016-12-08 25:00:00,   24.633869,    1.545620
2016-12-09 25:00:00,   25.350219,    1.549688
2016-12-10 25:00:00,   26.710154,    1.553571
2016-12-11 25:00:00,   26.161287,    1.557860
2016-12-12 25:00:00,   25.933245,    1.559454
2016-12-13 25:00:00,   25.733404,    1.562913
2016-12-14 25:00:00,   26.651644,    1.568400
2016-12-15 25:00:00,   26.510719,    1.572308
2016-12-16 25:00:00,   25.917454,    1.577567
2016-12-17 25:00:00,   25.662918,    1.580760
2016-12-18 25:00:00,   25.016789,    1.585131
2016-12-19 25:00:00,   25.189082,    1.585060
2016-12-20 25:00:00,   25.873433,    1.589398
2016-12-21 25:00:00,   27.439125,    1.596535
2016-12-22 25:00:00,   26.180805,    1.602078
2016-12-23 25:00:00,   26.609023,    1.606303
2016-12-24 25:00:00,   26.160514,    1.612558
2016-12-25 25:00:00,   26.037076,    1.612597
2016-12-26 25:00:00,   26.056391,    1.615207
2016-12-27 25:00:00,   24.318859,    1.616270
2016-12-28 25:00:00,   24.004822,    1.616274
2016-12-29 25:00:00,   24.448852,    1.619586
2016-12-30 25:00:00,   24.069313,    1.624524
2016-12-31 25:00:00,   24.344851,    1.624745
2017-01-01 25:00:00,   25.345761,    1.629525
2017-01-02 25:00:00,   25.940378,    1.631574
2017-01-03 25:00:00,   27.121250,    1.635290
2017-01-04 25:00:00,   28.566886,    1.639531
2017-01-05 25:00:00,   28.384405,    1.643839
2017-01-06 25:00:00,   28.581228,    1.648322
2017-01-07 25:00:00,   27.888124,    1.653420
2017-01-08 25:00:00,   27.672482,    1.654881
2017-01-09 25:00:00,   27.432338,    1.657291
2017-01-10 25:00:00,   26.194210,    1.662093
2017-01-11 25:00:00,   25.578089,    1.662791
2017-01-12 25:00:00,   25.273587,    1.656480
2017-01-13 25:00:00,   26.365588,    1.662216
2017-01-14 25:00:00,   26.467631,    1.665993
2017-01-15 25:00:00,   25.885346,    1.669822
2017-01-16 25:00:00,   26.635634,    1.671725
2017-01-17 25:00:00,   26.525723,    1.671520
2017-01-18 25:00:00,   28.174226,    1.681270
2017-01-19 25:00:00,   28.971831,    1.685927
2017-01-20 25:00:00,   28.068613,    1.691636
2017-01-21 25:00:00,   26.927609,    1.696413
2017-01-22 25:00:00,   27.130497,    1.695850
2017-01-23 25:00:00,   27.366860,    1.699350
2017-01-24 25:00:00,   28.064421,    1.704612
2017-01-25 25:00:00,   27.750902,    1.706976
2017-01-26 25:00:00,   28.036265,    1.712567
2017-01-27 25:00:00,   27.906104,    1.716294
2017-01-28 25:00:00,   27.953574,    1.720213
2017-01-29 25:00:00,   28.026106,    1.723475
2017-01-30 25:00:00,   26.660197,    1.727194
2017-01-31 25:00:00,   26.284408,    1.725504
2017-02-01 25:00:00,   26.309476,    1.728374
2017-02-02 25:00:00,   24.930006,    1.726345
2017-02-03 25:00:00,   24.253535,    1.724489
2017-02-04 25:00:00,   23.845376,    1.726356
2017-02-05 25:00:00,   24.297736,    1.727841
2017-02-06 25:00:00,   23.845140,    1.729220
2017-02-07 25:00:00,   24.962878,    1.731158
2017-02-08 25:00:00,   25.324991,    1.733894
2017-02-09 25:00:00,   26.813128,    1.737081
2017-02-10 25:00:00,   25.922826,    1.739998
2017-02-11 25:00:00,   26.569353,    1.742962
2017-02-12 25:00:00,   26.495195,    1.747278
2017-02-13 25:00:00,   27.080073,    1.752035
2017-02-14 25:00:00,   27.377794,    1.756984
2017-02-15 25:00:00,   26.860903,    1.759044
2017-02-16 25:00:00,   26.349910,    1.761351
2017-02-17 25:00:00,   26.983747,    1.760400
2017-02-18 25:00:00,   28.184329,    1.764854
2017-02-19 25:00:00,   26.514497,    1.767058
2017-02-20 25:00:00,   25.841813,    1.767097
2017-02-21 25:00:00,   25.285704,    1.764296
2017-02-22 25:00:00,   25.636022,    1.767774
2017-02-23 25:00:00,   25.470868,    1.771101
2017-02-24 25:00:00,   26.047044,    1.772782
2017-02-25 25:00:00,   27.050731,    1.778723
2017-02-26 25:00:00,   27.038883,    1.785795
2017-02-27 25:00:00,   27.117304,    1.789820
2017-02-28 25:00:00,   26.880410,    1.794076
2017-03-01 25:00:00,   27.033071,    1.797844
2017-03-02 25:00:00,   27.268403,    1.801851
2017-03-03 25:00:00,   26.364174,    1.802772
2017-03-04 25:00:00,   24.823777,    1.794590
2017-03-05 25:00:00,   24.426853,    1.789551
2017-03-06 25:00:00,   24.817338,    1.789924
2017-03-07 25:00:00,   25.083878,    1.792693
2017-03-08 25:00:00,   25.098002,    1.796524
2017-03-09 25:00:00,   25.216822,    1.798598
2017-03-10 25:00:00,   25.212301,    1.802172
2017-03-11 25:00:00,   25.471102,    1.802134
2017-03-12 25:00:00,   26.360469,    1.810414
2017-03-13 25:00:00,   25.948324,    1.811232
2017-03-14 25:00:00,   26.712727,    1.810703
2017-03-15 25:00:00,   26.264962,    1.815224
2017-03-16 25:00:00,   24.941306,    1.816199
2017-03-17 25:00:00,   24.478127,    1.815807
2017-03-18 25:00:00,   23.899130,    1.811392
2017-03-19 25:00:00,   23.114712,    1.803723
2017-03-20 25:00:00,   23.648258,    1.805539
2017-03-21 25:00:00,   24.414028,    1.808421
2017-03-22 25:00:00,   24.734154,    1.667943
2017-03-23 25:00:00,   25.071982,    1.699103
2017-03-24 25:00:00,   25.658257,    1.705497
2017-03-25 25:00:00,   25.191999,    1.720512
2017-03-26 25:00:00,   25.009598,    1.731803
2017-03-27 25:00:00,   24.073308,    1.741210
2017-03-28 25:00:00,   23.648748,    1.749000
2017-03-29 25:00:00,   23.751356,    1.753260
2017-03-30 25:00:00,   23.717827,    1.755414
2017-03-31 25:00:00,   23.434371,    1.757318
2017-04-01 25:00:00,   23.750955,    1.757956
2017-04-02 25:00:00,   23.795794,    1.760433
2017-04-03 25:00:00,   22.875414,    1.762501
2017-04-04 25:00:00,   22.206320,    1.758020
2017-04-05 25:00:00,   22.666998,    1.759453
2017-04-06 25:00:00,   22.057035,    1.759188
2017-04-07 25:00:00,   22.409348,    1.758821
2017-04-08 25:00:00,   22.699076,    1.760780
2017-04-09 25:00:00,   22.450521,    1.763357
2017-04-10 25:00:00,   22.089094,    1.764591
2017-04-11 25:00:00,   22.553318,    1.760099
2017-04-12 25:00:00,   20.875530,    1.753437
2017-04-13 25:00:00,   20.464683,    1.741104
2017-04-14 25:00:00,   19.987397,    1.733959
2017-04-15 25:00:00,   20.458386,    1.734218
2017-04-16 25:00:00,   21.067223,    1.735452
2017-04-17 25:00:00,   21.219108,    1.736686
2017-04-18 25:00:00,   21.777287,    1.738219
2017-04-19 25:00:00,   22.138110,    1.740118
2017-04-20 25:00:00,   22.605703,    1.741970
2017-04-21 25:00:00,   22.082607,    1.743003
2017-04-22 25:00:00,   21.016334,    1.743949
2017-04-23 25:00:00,   20.604135,    1.744970
2017-04-24 25:00:00,   20.411680,    1.744102
2017-04-25 25:00:00,   20.161302,    1.743013
2017-04-26 25:00:00,   20.316754,    1.744303
2017-04-27 25:00:00,   20.299945,    1.744914
2017-04-28 25:00:00,   20.445939,    1.745617
2017-04-29 25:00:00,   20.074496,    1.745762
2017-04-30 25:00:00,   20.215926,    1.746754
2017-05-01 25:00:00,   19.773801,    1.746739
2017-05-02 25:00:00,   19.804626,    1.744022
2017-05-03 25:00:00,   19.466644,    1.744122
2017-05-04 25:00:00,   19.263735,    1.742201
2017-05-05 25:00:00,   19.205748,    1.739389
2017-05-06 25:00:00,   19.052616,    1.739722
2017-05-07 25:00:00,   19.356188,    1.740057
2017-05-08 25:00:00,   19.039731,    1.739993
2017-05-09 25:00:00,   18.730188,    1.737556
2017-05-10 25:00:00,   18.404257,    1.736565
2017-05-11 25:00:00,   18.404901,    1.736530
2017-05-12 25:00:00,   18.476790,    1.734701
2017-05-13 25:00:00,   17.718927,    1.719338
2017-05-14 25:00:00,   17.483334,    1.717583
2017-05-15 25:00:00,   17.533583,    1.718002
2017-05-16 25:00:00,   17.322448,    1.718326
2017-05-17 25:00:00,   17.381178,    1.719145
2017-05-18 25:00:00,   17.041982,    1.719187
2017-05-19 25:00:00,   17.715921,    1.719844
2017-05-20 25:00:00,   17.708074,    1.719502
2017-05-21 25:00:00,   17.273279,    1.720669
2017-05-22 25:00:00,   17.349771,    1.691913
2017-05-23 25:00:00,   16.774392,    1.696226
2017-05-24 25:00:00,   16.912651,    1.698711
2017-05-25 25:00:00,   16.736330,    1.699736
2017-05-26 25:00:00,   16.579835,    1.687092
2017-05-27 25:00:00,   16.390914,    1.703958
2017-05-28 25:00:00,   16.873411,    1.705165
2017-05-29 25:00:00,   16.421365,    1.705279
2017-05-30 25:00:00,   16.831149,    1.706154
2017-05-31 25:00:00,   16.630824,    1.691482
2017-06-01 25:00:00,   16.679814,    1.701658
2017-06-02 25:00:00,   16.613631,    1.704324
2017-06-03 25:00:00,   16.814302,    1.705028
2017-06-04 25:00:00,   16.068508,    1.704631
2017-06-05 25:00:00,   16.185323,    1.704832
2017-06-06 25:00:00,   16.615688,    1.705810
2017-06-07 25:00:00,   16.311309,    1.706268
2017-06-08 25:00:00,   15.787067,    1.705957
2017-06-09 25:00:00,   15.551945,    1.706773
2017-06-10 25:00:00,   15.764307,    1.707525
2017-06-11 25:00:00,   15.263340,    1.707923
2017-06-12 25:00:00,   15.633604,    1.708684
2017-06-13 25:00:00,   15.322734,    1.708728
2017-06-14 25:00:00,   15.675340,    1.687414
2017-06-15 25:00:00,   15.122050,    1.666124
2017-06-16 25:00:00,   15.578492,    1.679018
2017-06-17 25:00:00,   15.279327,    1.678513
2017-06-18 25:00:00,   15.874007,    1.678791
2017-06-19 25:00:00,   15.980904,    1.679937
2017-06-20 25:00:00,   15.844448,    1.680790
2017-06-21 25:00:00,   16.004669,    1.680899
2017-06-22 25:00:00,   15.453978,    1.680324
2017-06-23 25:00:00,   15.287895,    1.662766
2017-06-24 25:00:00,   15.162437,    1.664889
2017-06-25 25:00:00,   15.058562,    1.666325
2017-06-26 25:00:00,   14.824165,    1.667043
2017-06-27 25:00:00,   14.370702,    1.663576
2017-06-28 25:00:00,   14.660525,    1.664597
2017-06-29 25:00:00,   14.292242,    1.664383
2017-06-30 25:00:00,   14.236066,    1.665073
2017-07-01 25:00:00,   14.070341,    1.665551
2017-07-02 25:00:00,   14.009547,    1.655492
2017-07-03 25:00:00,   13.978551,    1.655901
2017-07-04 25:00:00,   13.867292,    1.656281
2017-07-05 25:00:00,   14.019149,    1.656559
2017-07-06 25:00:00,   13.751622,    1.656808
2017-07-07 25:00:00,   13.500481,    1.656889
2017-07-08 25:00:00,   13.295384,    1.644265
2017-07-09 25:00:00,   12.911198,    1.636267
2017-07-10 25:00:00,   12.909454,    1.627628
2017-07-11 25:00:00,   13.015417,    1.619142
2017-07-12 25:00:00,   12.754307,    1.615492
2017-07-13 25:00:00,   13.287345,    1.613161
2017-07-14 25:00:00,   13.488738,    1.612977
2017-07-15 25:00:00,   12.941715,    1.614614
2017-07-16 25:00:00,   12.836624,    1.609420
2017-07-17 25:00:00,   12.963266,    1.608357
2017-07-18 25:00:00,   13.319918,    1.606538
2017-07-19 25:00:00,   13.413938,    1.608844
2017-07-20 25:00:00,   13.442484,    1.609856
2017-07-21 25:00:00,   13.711430,    1.610392
2017-07-22 25:00:00,   13.775699,    1.611137
2017-07-23 25:00:00,   13.860996,    1.611885
2017-07-24 25:00:00,   13.263536,    1.611973
2017-07-25 25:00:00,   13.079610,    1.611051
2017-07-26 25:00:00,   13.456115,    1.609830
2017-07-27 25:00:00,   13.979235,    1.604532
2017-07-28 25:00:00,   13.919659,    1.603223
2017-07-29 25:00:00,   13.769764,    1.599660
2017-07-30 25:00:00,   13.784807,    1.599964
2017-07-31 25:00:00,   14.388692,    1.600017
2017-08-01 25:00:00,   14.726748,    1.600655
2017-08-02 25:00:00,   14.725517,    1.602031
2017-08-03 25:00:00,   15.097001,    1.602149
2017-08-04 25:00:00,   15.185590,    1.603055
2017-08-05 25:00:00,   15.173438,    1.603840
2017-08-06 25:00:00,   15.355830,    1.606005
2017-08-07 25:00:00,   15.413078,    1.606668
2017-08-08 25:00:00,   15.097797,    1.607622
2017-08-09 25:00:00,   14.873647,    1.607622
2017-08-10 25:00:00,   14.309704,    1.608231
2017-08-11 25:00:00,   13.661052,    1.607221
2017-08-12 25:00:00,   13.647258,    1.583966
2017-08-13 25:00:00,   13.749246,    1.580499
2017-08-14 25:00:00,   14.645586,    1.581675
2017-08-15 25:00:00,   14.935816,    1.583013
2017-08-16 25:00:00,   14.245467,    1.582371
2017-08-17 25:00:00,   13.946032,    1.580328
2017-08-18 25:00:00,   13.755293,    1.579148
2017-08-19 25:00:00,   14.579617,    1.580650
2017-08-20 25:00:00,   14.188359,    1.562979
2017-08-21 25:00:00,   14.258129,    1.565962
2017-08-22 25:00:00,   14.570981,    1.562822
2017-08-23 25:00:00,   15.674912,    1.560938
2017-08-24 25:00:00,   15.147690,    1.563773
2017-08-25 25:00:00,   15.426600,    1.565506
2017-08-26 25:00:00,   15.860836,    1.567152
2017-08-27 25:00:00,   16.217619,    1.568435
2017-08-28 25:00:00,   16.247040,    1.568392
2017-08-29 25:00:00,   17.472907,    1.570775
2017-08-30 25:00:00,   17.400670,    1.571683
2017-08-31 25:00:00,   16.100720,    1.543993
2017-09-01 25:00:00,   15.577895,    1.550189
2017-09-02 25:00:00,   15.296252,    1.554040
2017-09-03 25:00:00,   16.109800,    1.554535
2017-09-04 25:00:00,   17.081703,    1.552315
2017-09-05 25:00:00,   17.777565,    1.555820
2017-09-06 25:00:00,   18.146530,    1.557377
2017-09-07 25:00:00,   16.869301,    1.530387
2017-09-08 25:00:00,   16.110749,    1.532830
2017-09-09 25:00:00,   16.191208,    1.530696
2017-09-10 25:00:00,   16.887570,    1.532261
2017-09-11 25:00:00,   16.403625,    1.531681
2017-09-12 25:00:00,   16.122181,    1.523639
2017-09-13 25:00:00,   16.532919,    1.526407
2017-09-14 25:00:00,   16.482405,    1.528454
2017-09-15 25:00:00,   17.188526,    1.531232
2017-09-16 25:00:00,   17.129545,    1.534024
2017-09-17 25:00:00,   17.667179,    1.536413
2017-09-18 25:00:00,   16.696555,    1.537826
2017-09-19 25:00:00,   17.545380,    1.540982
2017-09-20 25:00:00,   18.155122,    1.542619
2017-09-21 25:00:00,   18.683961,    1.545683
2017-09-22 25:00:00,   19.407133,    1.547797
2017-09-23 25:00:00,   20.201467,    1.550301
2017-09-24 25:00:00,   20.375634,    1.549650
2017-09-25 25:00:00,   21.093766,    1.553282
2017-09-26 25:00:00,   20.862786,    1.555868
2017-09-27 25:00:00,   20.444972,    1.554527
2017-09-28 25:00:00,   20.813752,    1.557443
2017-09-29 25:00:00,   20.672982,    1.560322
2017-09-30 25:00:00,   20.542250,    1.563139
2017-10-01 25:00:00,   21.275510,    1.564715
2017-10-02 25:00:00,   20.744066,    1.567406
2017-10-03 25:00:00,   21.805379,    1.570204
2017-10-04 25:00:00,   21.771705,    1.572034
2017-10-05 25:00:00,   20.630020,    1.571503
2017-10-06 25:00:00,   20.750768,    1.575490
2017-10-07 25:00:00,   21.157290,    1.577848
2017-10-08 25:00:00,   21.828328,    1.578474
2017-10-09 25:00:00,   22.471748,    1.584511
2017-10-10 25:00:00,   20.514744,    1.587486
2017-10-11 25:00:00,   20.416706,    1.589525
2017-10-12 25:00:00,   20.434142,    1.591236
2017-10-13 25:00:00,   20.536400,    1.593803
2017-10-14 25:00:00,   20.256180,    1.598078
2017-10-15 25:00:00,   20.296014,    1.601412
2017-10-16 25:00:00,   20.352575,    1.602827
2017-10-17 25:00:00,   21.414855,    1.606165
2017-10-18 25:00:00,   22.577722,    1.609814
2017-10-19 25:00:00,   23.544257,    1.609905
2017-10-20 25:00:00,   21.550758,    1.595023
2017-10-21 25:00:00,   21.525375,    1.600255
2017-10-22 25:00:00,   21.490492,    1.602261
2017-10-23 25:00:00,   21.201853,    1.601761
2017-10-24 25:00:00,   21.362160,    1.605599
2017-10-25 25:00:00,   21.764944,    1.608821
2017-10-26 25:00:00,   22.764862,    1.611500
2017-10-27 25:00:00,   21.837282,    1.614469
2017-10-28 25:00:00,   20.757921,    1.616858
2017-10-29 25:00:00,   21.050250,    1.619763
2017-10-30 25:00:00,   21.351458,    1.622129
2017-10-31 25:00:00,   21.830900,    1.626014
2017-11-01 25:00:00,   22.311225,    1.630669
2017-11-02 25:00:00,   23.239432,    1.637149
2017-11-03 25:00:00,   24.253359,    1.640875
2017-11-04 25:00:00,   23.319217,    1.644513
2017-11-05 25:00:00,   22.860869,    1.645919
2017-11-06 25:00:00,   23.213364,    1.648877
2017-11-07 25:00:00,   22.940306,    1.652193
2017-11-08 25:00:00,   24.381070,    1.656286
2017-11-09 25:00:00,   23.737781,    1.657202
2017-11-10 25:00:00,   22.860336,    1.654367
2017-11-11 25:00:00,   22.379993,    1.656078
2017-11-12 25:00:00,   21.945579,    1.657057
2017-11-13 25:00:00,   21.927665,    1.660496
2017-11-14 25:00:00,   22.162483,    1.665942
2017-11-15 25:00:00,   22.321446,    1.668215
2017-11-16 25:00:00,   23.240645,    1.672452
2017-11-17 25:00:00,   24.085667,    1.677249
2017-11-18 25:00:00,   24.584330,    1.680941
2017-11-19 25:00:00,   24.964377,    1.685129
2017-11-20 25:00:00,   25.479081,    1.687964
2017-11-21 25:00:00,   25.851120,    1.689284
2017-11-22 25:00:00,   25.438666,    1.694928
2017-11-23 25:00:00,   24.519659,    1.696351
2017-11-24 25:00:00,   24.765076,    1.701748
2017-11-25 25:00:00,   24.623839,    1.706030
2017-11-26 25:00:00,   24.950392,    1.711794
2017-11-27 25:00:00,   25.112932,    1.714771
2017-11-28 25:00:00,   25.623704,    1.721419
2017-11-29 25:00:00,   25.742310,    1.727154
2017-11-30 25:00:00,   25.976813,    1.730636
2017-12-01 25:00:00,   24.006730,    1.731787
2017-12-02 25:00:00,   23.272267,    1.732001
2017-12-03 25:00:00,   22.907293,    1.733215
2017-12-04 25:00:00,   23.658160,    1.736001
2017-12-05 25:00:00,   23.115650,    1.734873
2017-12-06 25:00:00,   22.355286,    1.733994
2017-12-07 25:00:00,   22.915901,    1.729981
2017-12-08 25:00:00,   22.801141,    1.734260
2017-12-09 25:00:00,   22.702134,    1.729541
2017-12-10 25:00:00,   23.432103,    1.732557
2017-12-11 25:00:00,   23.450445,    1.731792
2017-12-12 25:00:00,   24.638768,    1.734621
2017-12-13 25:00:00,   24.184342,    1.739455
2017-12-14 25:00:00,   23.942150,    1.743693
2017-12-15 25:00:00,   24.070640,    1.744578
2017-12-16 25:00:00,   24.416562,    1.748528
2017-12-17 25:00:00,   24.892012,    1.754648
2017-12-18 25:00:00,   24.881253,    1.758568
2017-12-19 25:00:00,   24.357123,    1.761249
2017-12-20 25:00:00,   22.331194,    1.749550
2017-12-21 25:00:00,   22.632037,    1.751820
2017-12-22 25:00:00,   22.628954,    1.752586
2017-12-23 25:00:00,   23.255355,    1.754273
2017-12-24 25:00:00,   26.075489,    1.755977
2017-12-25 25:00:00,   27.354853,    1.761905
2017-12-26 25:00:00,   27.165058,    1.770279
2017-12-27 25:00:00,   27.016974,    1.776341
2017-12-28 25:00:00,   26.701203,    1.781196
2017-12-29 25:00:00,   26.773912,    1.786599
2017-12-30 25:00:00,   26.732592,    1.790686
2017-12-31 25:00:00,   26.163712,    1.795427
2018-01-01 25:00:00,   26.498694,    1.798007
2018-01-02 25:00:00,   27.212673,    1.802321
2018-01-03 25:00:00,   27.259577,    1.802233
2018-01-04 25:00:00,   28.990514,    1.807675
2018-01-05 25:00:00,   27.847520,    1.780541
2018-01-06 25:00:00,   27.650143,    1.788954
2018-01-07 25:00:00,   27.037259,    1.794572
2018-01-08 25:00:00,   27.174252,    1.798782
2018-01-09 25:00:00,   27.648244,    1.803106
2018-01-10 25:00:00,   27.771406,    1.809969
2018-01-11 25:00:00,   27.973805,    1.814239
2018-01-12 25:00:00,   27.799587,    1.818946
2018-01-13 25:00:00,   27.693988,    1.823391
2018-01-14 25:00:00,   26.908117,    1.826527
2018-01-15 25:00:00,   26.409650,    1.827018
2018-01-16 25:00:00,   26.897066,    1.831374
2018-01-17 25:00:00,   27.172327,    1.836320
2018-01-18 25:00:00,   27.414993,    1.840385
2018-01-19 25:00:00,   27.161979,    1.845120
2018-01-20 25:00:00,   26.788122,    1.846473
2018-01-21 25:00:00,   26.276120,    1.847917
2018-01-22 25:00:00,   26.124996,    1.848567
2018-01-23 25:00:00,   25.824799,    1.851480
2018-01-24 25:00:00,   24.262718,    1.821314
2018-01-25 25:00:00,   24.941744,    1.826244
2018-01-26 25:00:00,   25.150146,    1.829661
2018-01-27 25:00:00,   26.907621,    1.833611
2018-01-28 25:00:00,   28.519021,    1.836853
2018-01-29 25:00:00,   29.322006,    1.840157
2018-01-30 25:00:00,   29.543767,    1.843993
2018-01-31 25:00:00,   27.822639,    1.845187
2018-02-01 25:00:00,   27.151163,    1.848789
2018-02-02 25:00:00,   27.186087,    1.851982
2018-02-03 25:00:00,   27.581249,    1.858273
2018-02-04 25:00:00,   27.501930,    1.862159
2018-02-05 25:00:00,   26.209203,    1.864958
2018-02-06 25:00:00,   25.287088,    1.862301
2018-02-07 25:00:00,   26.190554,    1.866389
2018-02-08 25:00:00,   26.793058,    1.868247
2018-02-09 25:00:00,   28.001794,    1.872171
2018-02-10 25:00:00,   28.182694,    1.879021
2018-02-11 25:00:00,   27.303100,    1.885457
2018-02-12 25:00:00,   26.612240,    1.889020
2018-02-13 25:00:00,   27.036692,    1.890709
2018-02-14 25:00:00,   27.798303,    1.895180
2018-02-15 25:00:00,   28.043508,    1.900673
2018-02-16 25:00:00,   28.342710,    1.906445
2018-02-17 25:00:00,   27.998150,    1.910917
2018-02-18 25:00:00,   28.480930,    1.915869
2018-02-19 25:00:00,   28.002333,    1.919650
2018-02-20 25:00:00,   26.070778,    1.913885
2018-02-21 25:00:00,   27.508190,    1.911766
2018-02-22 25:00:00,   27.439376,    1.919515
2018-02-23 25:00:00,   27.990193,    1.921527
2018-02-24 25:00:00,   28.274787,    1.925280
2018-02-25 25:00:00,   29.057830,    1.925886
2018-02-26 25:00:00,   30.550792,    1.928233
2018-02-27 25:00:00,   30.648131,    1.934173
2018-02-28 25:00:00,   30.526426,    1.939842
2018-03-01 25:00:00,   29.192132,    1.943127
2018-03-02 25:00:00,   29.001580,    1.949226
2018-03-03 25:00:00,   28.682815,    1.948685
2018-03-04 25:00:00,   28.920762,    1.951994
2018-03-05 25:00:00,   28.101631,    1.953859
2018-03-06 25:00:00,   27.295386,    1.958368
2018-03-07 25:00:00,   26.696123,    1.954104
2018-03-08 25:00:00,   26.125889,    1.956210
2018-03-09 25:00:00,   26.090474,    1.952508
2018-03-10 25:00:00,   26.219251,    1.955971
2018-03-11 25:00:00,   25.830283,    1.959027
2018-03-12 25:00:00,   24.959578,    1.957825
2018-03-13 25:00:00,   24.710467,    1.950877
2018-03-14 25:00:00,   25.566867,    1.953211
2018-03-15 25:00:00,   25.137090,    1.958875
2018-03-16 25:00:00,   25.303771,    1.958200
2018-03-17 25:00:00,   25.457980,    1.958508
2018-03-18 25:00:00,   26.244332,    1.961406
2018-03-19 25:00:00,   25.580608,    1.965414
2018-03-20 25:00:00,   24.859731,    1.967373
2018-03-21 25:00:00,   25.075270,    1.959312
2018-03-22 25:00:00,   25.683009,    1.962362
2018-03-23 25:00:00,   25.986873,    1.966048
2018-03-24 25:00:00,   26.257111,    1.970205
2018-03-25 25:00:00,   26.268400,    1.972412
2018-03-26 25:00:00,   26.228938,    1.975297
2018-03-27 25:00:00,   26.448995,    1.978080
2018-03-28 25:00:00,   26.144091,    1.981425
2018-03-29 25:00:00,   25.728574,    1.982261
2018-03-30 25:00:00,   25.457410,    1.982735
2018-03-31 25:00:00,   25.530138,    1.987002
2018-04-01 25:00:00,   25.082420,    1.984847
2018-04-02 25:00:00,   24.675367,    1.987146
2018-04-03 25:00:00,   24.559521,    1.982492
2018-04-04 25:00:00,   24.269889,    1.983695
2018-04-05 25:00:00,   24.698599,    1.984234
2018-04-06 25:00:00,   24.481782,    1.985721
2018-04-07 25:00:00,   23.480119,    1.978851
2018-04-08 25:00:00,   23.097548,    1.975838
2018-04-09 25:00:00,   22.283742,    1.968704
2018-04-10 25:00:00,   21.732764,    1.948696
2018-04-11 25:00:00,   21.897654,    1.910659
2018-04-12 25:00:00,   21.708824,    1.924867
2018-04-13 25:00:00,   22.327945,    1.926435
2018-04-14 25:00:00,   22.407577,    1.928615
2018-04-15 25:00:00,   22.241405,    1.930498
2018-04-16 25:00:00,   22.258312,    1.931101
2018-04-17 25:00:00,   21.718661,    1.931381
2018-04-18 25:00:00,   21.457950,    1.932266
2018-04-19 25:00:00,   21.224413,    1.927842
2018-04-20 25:00:00,   20.932802,    1.928991
2018-04-21 25:00:00,   21.005686,    1.925326
2018-04-22 25:00:00,   21.311260,    1.925013
2018-04-23 25:00:00,   22.102038,    1.926390
2018-04-24 25:00:00,   22.337086,    1.928716
2018-04-25 25:00:00,   22.775998,    1.930559
2018-04-26 25:00:00,   22.500805,    1.917092
2018-04-27 25:00:00,   21.184861,    1.914189
2018-04-28 25:00:00,   20.509319,    1.913522
2018-04-29 25:00:00,   20.422906,    1.912655
2018-04-30 25:00:00,   20.376884,    1.913158
2018-05-01 25:00:00,   20.528690,    1.913401
2018-05-02 25:00:00,   20.658093,    1.914821
2018-05-03 25:00:00,   20.675977,    1.916184
2018-05-04 25:00:00,   20.701186,    1.917282
2018-05-05 25:00:00,   20.348043,    1.917965
2018-05-06 25:00:00,   19.966484,    1.916180
2018-05-07 25:00:00,   19.638913,    1.911133
2018-05-08 25:00:00,   19.598345,    1.906465
2018-05-09 25:00:00,   19.254264,    1.908065
2018-05-10 25:00:00,   19.345128,    1.904517
2018-05-11 25:00:00,   19.144450,    1.905057
2018-05-12 25:00:00,   18.912862,    1.902153
2018-05-13 25:00:00,   18.549711,    1.898601
2018-05-14 25:00:00,   18.240648,    1.895195
2018-05-15 25:00:00,   17.851452,    1.890561
2018-05-16 25:00:00,   17.993503,    1.880713
2018-05-17 25:00:00,   17.979458,    1.879988
2018-05-18 25:00:00,   18.311059,    1.873180
2018-05-19 25:00:00,   18.011860,    1.872986
2018-05-20 25:00:00,   17.607699,    1.859298
2018-05-21 25:00:00,   17.537468,    1.857790
2018-05-22 25:00:00,   17.717421,    1.858107
2018-05-23 25:00:00,   17.849646,    1.857306
2018-05-24 25:00:00,   17.479929,    1.858849
2018-05-25 25:00:00,   17.149474,    1.857334
2018-05-26 25:00:00,   17.145252,    1.856393
2018-05-27 25:00:00,   17.305884,    1.854123
2018-05-28 25:00:00,   17.590431,    1.854449
2018-05-29 25:00:00,   17.023985,    1.851658
2018-05-30 25:00:00,   17.089204,    1.844727
2018-05-31 25:00:00,   17.120616,    1.845046
2018-06-01 25:00:00,   17.139136,    1.839187
2018-06-02 25:00:00,   17.138206,    1.836763
2018-06-03 25:00:00,   17.201436,    1.837483
2018-06-04 25:00:00,   16.748076,    1.837146
2018-06-05 25:00:00,   16.685295,    1.838353
2018-06-06 25:00:00,   16.568234,    1.838928
2018-06-07 25:00:00,   16.420433,    1.839025
2018-06-08 25:00:00,   16.214821,    1.839212
2018-06-09 25:00:00,   16.062458,    1.839771
2018-06-10 25:00:00,   15.813939,    1.840592
2018-06-11 25:00:00,   15.542363,    1.841611
2018-06-12 25:00:00,   15.379718,    1.842488
2018-06-13 25:00:00,   15.007500,    1.843674
2018-06-14 25:00:00,   14.702478,    1.840565
2018-06-15 25:00:00,   14.728123,    1.836676
2018-06-16 25:00:00,   15.099930,    1.836981
2018-06-17 25:00:00,   14.727819,    1.837317
2018-06-18 25:00:00,   14.760241,    1.834332
2018-06-19 25:00:00,   14.836168,    1.834693
2018-06-20 25:00:00,   14.972436,    1.834440
2018-06-21 25:00:00,   15.338291,    1.834864
2018-06-22 25:00:00,   15.060992,    1.834696
2018-06-23 25:00:00,   15.207941,    1.833107
2018-06-24 25:00:00,   15.457156,    1.816425
2018-06-25 25:00:00,   15.583418,    1.812374
2018-06-26 25:00:00,   15.847300,    1.815303
2018-06-27 25:00:00,   15.453451,    1.815067
2018-06-28 25:00:00,   15.286693,    1.790521
2018-06-29 25:00:00,   15.395796,    1.748186
2018-06-30 25:00:00,   14.960888,    1.771606
2018-07-01 25:00:00,   14.794621,    1.770665
2018-07-02 25:00:00,   14.491770,    1.768340
2018-07-03 25:00:00,   14.325944,    1.764742
2018-07-04 25:00:00,   14.393877,    1.765775
2018-07-05 25:00:00,   14.595123,    1.766384
2018-07-06 25:00:00,   14.496043,    1.766526
2018-07-07 25:00:00,   14.027039,    1.766375
2018-07-08 25:00:00,   13.875106,    1.766642
2018-07-09 25:00:00,   13.814776,    1.767040
2018-07-10 25:00:00,   13.572499,    1.766844
2018-07-11 25:00:00,   13.347189,    1.758416
2018-07-12 25:00:00,   13.910370,    1.759121
2018-07-13 25:00:00,   14.644486,    1.759954
2018-07-14 25:00:00,   14.434333,    1.760092
2018-07-15 25:00:00,   14.179708,    1.743211
2018-07-16 25:00:00,   14.575386,    1.745623
2018-07-17 25:00:00,   14.337910,    1.746604
2018-07-18 25:00:00,   14.239596,    1.747835
2018-07-19 25:00:00,   14.557759,    1.747697
2018-07-20 25:00:00,   14.233225,    1.741262
2018-07-21 25:00:00,   14.188875,    1.699016
2018-07-22 25:00:00,   14.124899,    1.667018
2018-07-23 25:00:00,   14.296793,    1.673409
2018-07-24 25:00:00,   14.510051,    1.677459
2018-07-25 25:00:00,   14.220011,    1.658465
2018-07-26 25:00:00,   14.624217,    1.664718
2018-07-27 25:00:00,   14.797072,    1.647266
2018-07-28 25:00:00,   15.153536,    1.635692
2018-07-29 25:00:00,   14.939452,    1.639503
2018-07-30 25:00:00,   15.145457,    1.631704
2018-07-31 25:00:00,   15.217592,    1.627084
2018-08-01 25:00:00,   15.426504,    1.622310
2018-08-02 25:00:00,   15.443933,    1.611313
2018-08-03 25:00:00,   15.021908,    1.616165
2018-08-04 25:00:00,   15.445339,    1.619064
2018-08-05 25:00:00,   15.118174,    1.620658
2018-08-06 25:00:00,   14.707272,    1.625440
2018-08-07 25:00:00,   15.174134,    1.623572
2018-08-08 25:00:00,   14.903572,    1.624965
2018-08-09 25:00:00,   15.403545,    1.626454
2018-08-10 25:00:00,   15.371971,    1.627000
2018-08-11 25:00:00,   15.373242,    1.628059
2018-08-12 25:00:00,   15.713715,    1.627422
2018-08-13 25:00:00,   16.047736,    1.550869
2018-08-14 25:00:00,   15.681517,    1.579136
2018-08-15 25:00:00,   15.165060,    1.575995
2018-08-16 25:00:00,   14.730606,    1.582494
2018-08-17 25:00:00,   15.163650,    1.584695
2018-08-18 25:00:00,   15.421613,    1.586023
2018-08-19 25:00:00,   15.796269,    1.585484
2018-08-20 25:00:00,   17.010605,    1.586644
2018-08-21 25:00:00,   17.481112,    1.553258
2018-08-22 25:00:00,   17.549019,    1.551783
2018-08-23 25:00:00,   16.985792,    1.551864
2018-08-24 25:00:00,   16.593545,    1.551917
2018-08-25 25:00:00,   16.915627,    1.553715
2018-08-26 25:00:00,   17.646076,    1.554779
2018-08-27 25:00:00,   17.617251,    1.555998
2018-08-28 25:00:00,   17.818637,    1.557557
2018-08-29 25:00:00,   18.125498,    1.557137
2018-08-30 25:00:00,   18.838822,    1.559027
2018-08-31 25:00:00,   19.392922,    1.559141
2018-09-01 25:00:00,   19.298652,    1.554445
2018-09-02 25:00:00,   17.908920,    1.551799
2018-09-03 25:00:00,   17.199273,    1.553709
2018-09-04 25:00:00,   17.174708,    1.554758
2018-09-05 25:00:00,   16.917808,    1.557739
2018-09-06 25:00:00,   16.940153,    1.559912
2018-09-07 25:00:00,   16.751198,    1.561879
2018-09-08 25:00:00,   16.684842,    1.563592
2018-09-09 25:00:00,   17.502913,    1.566610
2018-09-10 25:00:00,   17.523376,    1.567844
2018-09-11 25:00:00,   18.283513,    1.569495
2018-09-12 25:00:00,   18.705918,    1.571381
2018-09-13 25:00:00,   19.545124,    1.573703
2018-09-14 25:00:00,   20.130766,    1.573487
2018-09-15 25:00:00,   20.668366,    1.577105
2018-09-16 25:00:00,   19.899559,    1.578313
2018-09-17 25:00:00,   19.401005,    1.567861
2018-09-18 25:00:00,   18.042668,    1.531378
2018-09-19 25:00:00,   17.702369,    1.537176
2018-09-20 25:00:00,   18.248045,    1.539244
2018-09-21 25:00:00,   17.382906,    1.525997
2018-09-22 25:00:00,   17.059295,    1.526452
2018-09-23 25:00:00,   17.992004,    1.527164
2018-09-24 25:00:00,   18.828370,    1.531358
2018-09-25 25:00:00,   19.389697,    1.533008
2018-09-26 25:00:00,   17.899275,    1.532171
2018-09-27 25:00:00,   16.799470,    1.511866
2018-09-28 25:00:00,   17.781636,    1.515594
2018-09-29 25:00:00,   18.265856,    1.518662
2018-09-30 25:00:00,   18.051329,    1.521334
2018-10-01 25:00:00,   19.985525,    1.522570
2018-10-02 25:00:00,   19.473033,    1.496931
2018-10-03 25:00:00,   19.424925,    1.505307
2018-10-04 25:00:00,   20.334515,    1.507701
2018-10-05 25:00:00,   20.681641,    1.508063
2018-10-06 25:00:00,   21.527564,    1.511815
2018-10-07 25:00:00,   22.028870,    1.511994
2018-10-08 25:00:00,   23.103232,    1.514424
2018-10-09 25:00:00,   22.124657,    1.518958
2018-10-10 25:00:00,   22.792014,    1.523063
2018-10-11 25:00:00,   23.228967,    1.525202
2018-10-12 25:00:00,   23.199460,    1.528142
2018-10-13 25:00:00,   21.961051,    1.532413
2018-10-14 25:00:00,   21.847700,    1.534833
2018-10-15 25:00:00,   22.491603,    1.536423
2018-10-16 25:00:00,   23.080008,    1.541358
2018-10-17 25:00:00,   22.917899,    1.543768
2018-10-18 25:00:00,   21.930791,    1.523417
2018-10-19 25:00:00,   21.788581,    1.527682
2018-10-20 25:00:00,   21.969576,    1.531329
2018-10-21 25:00:00,   22.584242,    1.534620
2018-10-22 25:00:00,   22.207508,    1.535954
2018-10-23 25:00:00,   22.294984,    1.539230
2018-10-24 25:00:00,   21.612892,    1.540387
2018-10-25 25:00:00,   21.572446,    1.525702
2018-10-26 25:00:00,   21.750799,    1.525785
2018-10-27 25:00:00,   22.556849,    1.528409
2018-10-28 25:00:00,   22.370820,    1.531562
2018-10-29 25:00:00,   22.696698,    1.536504
2018-10-30 25:00:00,   23.023965,    1.540725
2018-10-31 25:00:00,   23.506577,    1.545855
2018-11-01 25:00:00,   24.224370,    1.549150
2018-11-02 25:00:00,   24.743083,    1.550565
2018-11-03 25:00:00,   24.888944,    1.542018
2018-11-04 25:00:00,   24.717186,    1.548645
2018-11-05 25:00:00,   22.919436,    1.522921
2018-11-06 25:00:00,   23.356395,    1.496360
2018-11-07 25:00:00,   22.262189,    1.508021
2018-11-08 25:00:00,   20.900505,    1.503578
2018-11-09 25:00:00,   21.792484,    1.510927
2018-11-10 25:00:00,   23.146231,    1.511467
2018-11-11 25:00:00,   22.795649,    1.515905
2018-11-12 25:00:00,   23.546904,    1.519400
2018-11-13 25:00:00,   23.936538,    1.523938
2018-11-14 25:00:00,   23.914227,    1.527435
2018-11-15 25:00:00,   23.698896,    1.531562
2018-11-16 25:00:00,   24.339977,    1.536048
2018-11-17 25:00:00,   23.632118,    1.533279
2018-11-18 25:00:00,   23.643249,    1.536934
2018-11-19 25:00:00,   23.269782,    1.540860
2018-11-20 25:00:00,   23.377200,    1.545380
2018-11-21 25:00:00,   23.652240,    1.549245
2018-11-22 25:00:00,   25.017523,    1.555340
2018-11-23 25:00:00,   25.565952,    1.562201
2018-11-24 25:00:00,   25.351956,    1.566691
2018-11-25 25:00:00,   25.552590,    1.570897
2018-11-26 25:00:00,   23.859379,    1.572359
2018-11-27 25:00:00,   23.111243,    1.575786
2018-11-28 25:00:00,   23.058586,    1.579951
2018-11-29 25:00:00,   22.869937,    1.584646
2018-11-30 25:00:00,   22.834953,    1.587591
2018-12-01 25:00:00,   23.957072,    1.596430
2018-12-02 25:00:00,   24.397517,    1.600558
2018-12-03 25:00:00,   25.144037,    1.606371
2018-12-04 25:00:00,   26.474548,    1.613252
2018-12-05 25:00:00,   26.762070,    1.615829
2018-12-06 25:00:00,   24.925167,    1.560740
2018-12-07 25:00:00,   24.884694,    1.561659
2018-12-08 25:00:00,   24.346887,    1.566047
2018-12-09 25:00:00,   24.810358,    1.569431
2018-12-10 25:00:00,   25.929494,    1.575545
2018-12-11 25:00:00,   26.429190,    1.579657
2018-12-12 25:00:00,   23.604021,    1.461851
2018-12-13 25:00:00,   22.580538,    1.472941
2018-12-14 25:00:00,   23.903425,    1.483293
2018-12-15 25:00:00,   23.496852,    1.486102
2018-12-16 25:00:00,   24.821888,    1.490368
2018-12-17 25:00:00,   25.401652,    1.492241
2018-12-18 25:00:00,   25.812837,    1.496728
2018-12-19 25:00:00,   25.974041,    1.502108
2018-12-20 25:00:00,   26.412106,    1.505847
2018-12-21 25:00:00,   26.628928,    1.511201
2018-12-22 25:00:00,   26.530739,    1.516055
2018-12-23 25:00:00,   26.173649,    1.521243
2018-12-24 25:00:00,   26.245571,    1.525358
2018-12-25 25:00:00,   26.192225,    1.531014
2018-12-26 25:00:00,   26.082356,    1.533706
2018-12-27 25:00:00,   26.570124,    1.541154
2018-12-28 25:00:00,   26.745353,    1.545488
2018-12-29 25:00:00,   27.927732,    1.551159
2018-12-30 25:00:00,   28.168014,    1.556721
2018-12-31 25:00:00,   27.722671,    1.561868
2019-01-01 25:00:00,   27.206652,    1.564827
2019-01-02 25:00:00,   27.059036,    1.570651
2019-01-03 25:00:00,   26.407277,    1.575929
2019-01-04 25:00:00,   26.663608,    1.581230
2019-01-05 25:00:00,   27.291837,    1.585518
2019-01-06 25:00:00,   26.282633,    1.590073
2019-01-07 25:00:00,   25.456971,    1.594729
2019-01-08 25:00:00,   25.308817,    1.598325
2019-01-09 25:00:00,   25.720372,    1.603756
2019-01-10 25:00:00,   26.292596,    1.608083
2019-01-11 25:00:00,   26.680565,    1.613633
2019-01-12 25:00:00,   27.634874,    1.620161
2019-01-13 25:00:00,   27.929077,    1.621563
2019-01-14 25:00:00,   29.008766,    1.626155
2019-01-15 25:00:00,   29.343033,    1.631994
2019-01-16 25:00:00,   27.434419,    1.637720
2019-01-17 25:00:00,   26.857761,    1.639341
2019-01-18 25:00:00,   27.376089,    1.645883
2019-01-19 25:00:00,   28.770103,    1.651168
2019-01-20 25:00:00,   29.467912,    1.650369
2019-01-21 25:00:00,   30.201192,    1.650948
2019-01-22 25:00:00,   29.531172,    1.661635
2019-01-23 25:00:00,   28.869294,    1.666106
2019-01-24 25:00:00,   29.832621,    1.667657
2019-01-25 25:00:00,   30.077643,    1.655166
2019-01-26 25:00:00,   30.323698,    1.669934
2019-01-27 25:00:00,   31.062359,    1.676149
2019-01-28 25:00:00,   31.139923,    1.681896
2019-01-29 25:00:00,   28.418330,    1.686064
2019-01-30 25:00:00,   27.278330,    1.689709
2019-01-31 25:00:00,   27.613515,    1.691889
2019-02-01 25:00:00,   27.377495,    1.696180
2019-02-02 25:00:00,   27.145672,    1.680945
2019-02-03 25:00:00,   26.333739,    1.688547
2019-02-04 25:00:00,   25.318107,    1.692449
2019-02-05 25:00:00,   25.314163,    1.693301
2019-02-06 25:00:00,   25.485712,    1.697532
2019-02-07 25:00:00,   25.606191,    1.700401
2019-02-08 25:00:00,   25.954496,    1.705539
2019-02-09 25:00:00,   26.632899,    1.709553
2019-02-10 25:00:00,   27.721907,    1.712167
2019-02-11 25:00:00,   27.766205,    1.716502
2019-02-12 25:00:00,   27.166148,    1.720271
2019-02-13 25:00:00,   27.766699,    1.724483
2019-02-14 25:00:00,   27.540399,    1.724613
2019-02-15 25:00:00,   27.303731,    1.729256
2019-02-16 25:00:00,   27.145535,    1.732118
2019-02-17 25:00:00,   27.174630,    1.736402
2019-02-18 25:00:00,   26.947673,    1.738331
2019-02-19 25:00:00,   27.304358,    1.743757
2019-02-20 25:00:00,   27.324896,    1.745241
2019-02-21 25:00:00,   28.130787,    1.749223
2019-02-22 25:00:00,   28.831399,    1.752976
2019-02-23 25:00:00,   27.876972,    1.756090
2019-02-24 25:00:00,   26.975202,    1.757873
2019-02-25 25:00:00,   26.306866,    1.759061
2019-02-26 25:00:00,   25.567543,    1.762134
2019-02-27 25:00:00,   25.166647,    1.753010
2019-02-28 25:00:00,   25.046054,    1.755318
2019-03-01 25:00:00,   24.795783,    1.758465
2019-03-02 25:00:00,   24.532842,    1.763002
2019-03-03 25:00:00,   24.506176,    1.765212
2019-03-04 25:00:00,   24.395567,    1.767229
2019-03-05 25:00:00,   25.638446,    1.771241
2019-03-06 25:00:00,   26.693175,    1.775191
2019-03-07 25:00:00,   26.481925,    1.779711
2019-03-08 25:00:00,   25.814652,    1.782224
2019-03-09 25:00:00,   25.518812,    1.783400
2019-03-10 25:00:00,   25.956604,    1.785969
2019-03-11 25:00:00,   26.797693,    1.789206
2019-03-12 25:00:00,   27.439049,    1.794167
2019-03-13 25:00:00,   27.201672,    1.797369
2019-03-14 25:00:00,   26.085129,    1.801107
2019-03-15 25:00:00,   25.183826,    1.801353
2019-03-16 25:00:00,   24.593250,    1.802871
2019-03-17 25:00:00,   24.297160,    1.802986
2019-03-18 25:00:00,   24.510719,    1.806290
2019-03-19 25:00:00,   24.900942,    1.809087
2019-03-20 25:00:00,   24.231123,    1.811974
2019-03-21 25:00:00,   23.839721,    1.812121
2019-03-22 25:00:00,   23.670934,    1.812534
2019-03-23 25:00:00,   23.320589,    1.814365
2019-03-24 25:00:00,   23.248927,    1.816898
2019-03-25 25:00:00,   23.463511,    1.815831
2019-03-26 25:00:00,   23.379069,    1.820046
2019-03-27 25:00:00,   23.605744,    1.822547
2019-03-28 25:00:00,   23.771028,    1.824500
2019-03-29 25:00:00,   23.569248,    1.824556
2019-03-30 25:00:00,   23.815357,    1.827643
2019-03-31 25:00:00,   22.813461,    1.827278
2019-04-01 25:00:00,   22.719882,    1.826079
2019-04-02 25:00:00,   22.377238,    1.827739
2019-04-03 25:00:00,   22.038654,    1.823296
2019-04-04 25:00:00,   22.426255,    1.825274
2019-04-05 25:00:00,   22.212611,    1.825667
2019-04-06 25:00:00,   21.561675,    1.826405
2019-04-07 25:00:00,   21.047483,    1.826175
2019-04-08 25:00:00,   21.772580,    1.828529
2019-04-09 25:00:00,   22.357521,    1.829539
2019-04-10 25:00:00,   22.581451,    1.829644
2019-04-11 25:00:00,   23.043595,    1.830998
2019-04-12 25:00:00,   23.065652,    1.835230
2019-04-13 25:00:00,   22.816474,    1.836446
2019-04-14 25:00:00,   22.690895,    1.839049
2019-04-15 25:00:00,   22.874941,    1.840868
2019-04-16 25:00:00,   23.148977,    1.843128
2019-04-17 25:00:00,   23.319928,    1.844624
2019-04-18 25:00:00,   22.647250,    1.845687
2019-04-19 25:00:00,   21.795632,    1.843268
2019-04-20 25:00:00,   21.530172,    1.843025
2019-04-21 25:00:00,   21.143090,    1.842896
2019-04-22 25:00:00,   20.990328,    1.842332
2019-04-23 25:00:00,   20.902752,    1.838479
2019-04-24 25:00:00,   20.759935,    1.838153
2019-04-25 25:00:00,   20.104979,    1.836818
2019-04-26 25:00:00,   19.627838,    1.835099
2019-04-27 25:00:00,   20.705447,    1.836083
2019-04-28 25:00:00,   19.803231,    1.837280
2019-04-29 25:00:00,   19.118714,    1.835141
2019-04-30 25:00:00,   19.341498,    1.825580
2019-05-01 25:00:00,   19.531952,    1.827687
2019-05-02 25:00:00,   19.267537,    1.829428
2019-05-03 25:00:00,   19.248923,    1.829813
2019-05-04 25:00:00,   19.516592,    1.830388
2019-05-05 25:00:00,   19.340683,    1.754162
2019-05-06 25:00:00,   19.515192,    1.765033
2019-05-07 25:00:00,   19.089472,    1.760559
2019-05-08 25:00:00,   18.432204,    1.760866
2019-05-09 25:00:00,   17.997150,    1.765355
2019-05-10 25:00:00,   18.413541,    1.749629
2019-05-11 25:00:00,   18.565166,    1.733176
2019-05-12 25:00:00,   18.450790,    1.746604
2019-05-13 25:00:00,   18.478880,    1.755098
2019-05-14 25:00:00,   18.299775,    1.756042
2019-05-15 25:00:00,   18.641935,    1.756511
2019-05-16 25:00:00,   18.571080,    1.757289
2019-05-17 25:00:00,   18.774727,    1.758387
2019-05-18 25:00:00,   18.344180,    1.758459
2019-05-19 25:00:00,   18.423592,    1.758540
2019-05-20 25:00:00,   18.585190,    1.759433
2019-05-21 25:00:00,   18.284477,    1.759908
2019-05-22 25:00:00,   18.039443,    1.760686
2019-05-23 25:00:00,   17.847151,    1.763316
2019-05-24 25:00:00,   17.733905,    1.766492
2019-05-25 25:00:00,   17.586734,    1.768966
2019-05-26 25:00:00,   17.117225,    1.769246
2019-05-27 25:00:00,   16.844427,    1.771493
2019-05-28 25:00:00,   17.226278,    1.776424
2019-05-29 25:00:00,   17.342411,    1.777408
2019-05-30 25:00:00,   16.833754,    1.778123
2019-05-31 25:00:00,   16.790467,    1.780952
2019-06-01 25:00:00,   16.502331,    1.779578
2019-06-02 25:00:00,   16.760711,    1.780777
2019-06-03 25:00:00,   17.219445,    1.781040
2019-06-04 25:00:00,   16.306639,    1.781515
2019-06-05 25:00:00,   16.224951,    1.782674
2019-06-06 25:00:00,   16.084938,    1.783835
2019-06-07 25:00:00,   15.666080,    1.780446
2019-06-08 25:00:00,   15.609236,    1.751051
2019-06-09 25:00:00,   16.485944,    1.751940
2019-06-10 25:00:00,   16.659119,    1.753100
2019-06-11 25:00:00,   15.840563,    1.747360
2019-06-12 25:00:00,   15.573668,    1.745336
2019-06-13 25:00:00,   15.385862,    1.735575
2019-06-14 25:00:00,   15.075819,    1.733106
2019-06-15 25:00:00,   14.849141,    1.723853
2019-06-16 25:00:00,   15.228599,    1.723933
2019-06-17 25:00:00,   15.203087,    1.724743
2019-06-18 25:00:00,   15.326090,    1.724911
2019-06-19 25:00:00,   15.302015,    1.725260
2019-06-20 25:00:00,   15.631147,    1.720100
2019-06-21 25:00:00,   15.039499,    1.716265
2019-06-22 25:00:00,   15.255920,    1.717319
2019-06-23 25:00:00,   15.260131,    1.717621
2019-06-24 25:00:00,   14.693096,    1.717671
2019-06-25 25:00:00,   14.653641,    1.718124
2019-06-26 25:00:00,   14.234371,    1.717178
2019-06-27 25:00:00,   14.044438,    1.708719
2019-06-28 25:00:00,   14.107175,    1.705835
2019-06-29 25:00:00,   14.115754,    1.704654
2019-06-30 25:00:00,   14.757437,    1.705224
2019-07-01 25:00:00,   14.635278,    1.706401
2019-07-02 25:00:00,   14.768880,    1.707137
2019-07-03 25:00:00,   14.780032,    1.707539
2019-07-04 25:00:00,   14.446424,    1.708030
2019-07-05 25:00:00,   14.366365,    1.708406
2019-07-06 25:00:00,   13.892223,    1.707969
2019-07-07 25:00:00,   13.973278,    1.703758
2019-07-08 25:00:00,   14.574473,    1.705274
2019-07-09 25:00:00,   13.997937,    1.705909
2019-07-10 25:00:00,   13.827724,    1.705892
2019-07-11 25:00:00,   13.580452,    1.684617
2019-07-12 25:00:00,   13.413187,    1.685040
2019-07-13 25:00:00,   13.564825,    1.685883
2019-07-14 25:00:00,   13.303090,    1.685615
2019-07-15 25:00:00,   13.849594,    1.686119
2019-07-16 25:00:00,   13.703972,    1.686352
2019-07-17 25:00:00,   13.525879,    1.674894
2019-07-18 25:00:00,   13.814092,    1.676918
2019-07-19 25:00:00,   13.635140,    1.676974
2019-07-20 25:00:00,   13.858393,    1.677971
2019-07-21 25:00:00,   13.974577,    1.678605
2019-07-22 25:00:00,   14.022099,    1.678124
2019-07-23 25:00:00,   14.863252,    1.680477
2019-07-24 25:00:00,   13.689749,    1.677426
2019-07-25 25:00:00,   13.718199,    1.679047
2019-07-26 25:00:00,   13.562878,    1.678898
2019-07-27 25:00:00,   14.123531,    1.680642
2019-07-28 25:00:00,   14.143437,    1.681459
2019-07-29 25:00:00,   14.210237,    1.682317
2019-07-30 25:00:00,   13.626412,    1.681857
2019-07-31 25:00:00,   13.623771,    1.682021
2019-08-01 25:00:00,   13.735360,    1.670862
2019-08-02 25:00:00,   13.795288,    1.664002
2019-08-03 25:00:00,   13.794191,    1.663777
2019-08-04 25:00:00,   13.989046,    1.662072
2019-08-05 25:00:00,   15.118135,    1.656149
2019-08-06 25:00:00,   14.857580,    1.657639
2019-08-07 25:00:00,   14.782481,    1.652949
2019-08-08 25:00:00,   14.755568,    1.640314
2019-08-09 25:00:00,   15.301337,    1.644088
2019-08-10 25:00:00,   15.344667,    1.645803
2019-08-11 25:00:00,   15.575930,    1.645326
2019-08-12 25:00:00,   16.039428,    1.646566
2019-08-13 25:00:00,   15.217169,    1.600893
2019-08-14 25:00:00,   15.385105,    1.606161
2019-08-15 25:00:00,   15.188819,    1.601408
2019-08-16 25:00:00,   15.818522,    1.604109
2019-08-17 25:00:00,   15.959749,    1.605333
2019-08-18 25:00:00,   15.501114,    1.605843
2019-08-19 25:00:00,   16.222034,    1.606430
2019-08-20 25:00:00,   16.230515,    1.606242
2019-08-21 25:00:00,   17.239165,    1.607035
2019-08-22 25:00:00,   16.570973,    1.599202
2019-08-23 25:00:00,   15.703729,    1.600654
2019-08-24 25:00:00,   15.850182,    1.601490
2019-08-25 25:00:00,   15.750404,    1.602334
2019-08-26 25:00:00,   16.445618,    1.602245
2019-08-27 25:00:00,   16.720924,    1.603902
2019-08-28 25:00:00,   17.067217,    1.604477
2019-08-29 25:00:00,   16.825402,    1.605163
2019-08-30 25:00:00,   17.530528,    1.606818
2019-08-31 25:00:00,   18.082113,    1.606461
2019-09-01 25:00:00,   17.153763,    1.598955
2019-09-02 25:00:00,   17.552388,    1.601103
2019-09-03 25:00:00,   17.828036,    1.602480
2019-09-04 25:00:00,   16.742258,    1.588453
2019-09-05 25:00:00,   15.508272,    1.581532
2019-09-06 25:00:00,   15.131811,    1.580204
2019-09-07 25:00:00,   15.192132,    1.585836
2019-09-08 25:00:00,   15.724809,    1.589658
2019-09-09 25:00:00,   16.777873,    1.591982
2019-09-10 25:00:00,   17.458358,    1.592599
2019-09-11 25:00:00,   18.487935,    1.594424
2019-09-12 25:00:00,   18.548354,    1.595013
2019-09-13 25:00:00,   18.337757,    1.597707
2019-09-14 25:00:00,   18.109046,    1.598475
2019-09-15 25:00:00,   18.263014,    1.599184
2019-09-16 25:00:00,   18.823368,    1.601577
2019-09-17 25:00:00,   19.705579,    1.604847
2019-09-18 25:00:00,   19.844247,    1.604156
2019-09-19 25:00:00,   19.758407,    1.567562
2019-09-20 25:00:00,   20.119440,    1.569202
2019-09-21 25:00:00,   19.689612,    1.573637
2019-09-22 25:00:00,   17.873184,    1.576355
2019-09-23 25:00:00,   17.043162,    1.576834
2019-09-24 25:00:00,   17.538282,    1.578932
2019-09-25 25:00:00,   17.565361,    1.580262
2019-09-26 25:00:00,   17.368181,    1.565268
2019-09-27 25:00:00,   16.598798,    1.562678
2019-09-28 25:00:00,   15.889478,    1.560262
2019-09-29 25:00:00,   17.195349,    1.562486
2019-09-30 25:00:00,   18.160043,    1.565227
2019-10-01 25:00:00,   18.753708,    1.566263
2019-10-02 25:00:00,   19.985066,    1.570555
2019-10-03 25:00:00,   19.182686,    1.568307
2019-10-04 25:00:00,   19.523546,    1.571937
2019-10-05 25:00:00,   19.854499,    1.572878
2019-10-06 25:00:00,   19.684322,    1.574038
2019-10-07 25:00:00,   20.594422,    1.578060
2019-10-08 25:00:00,   20.461460,    1.579624
2019-10-09 25:00:00,   20.569218,    1.581054
2019-10-10 25:00:00,   21.212158,    1.583900
2019-10-11 25:00:00,   21.247002,    1.588220
2019-10-12 25:00:00,   21.204793,    1.592994
2019-10-13 25:00:00,   21.709524,    1.595075
2019-10-14 25:00:00,   20.682313,    1.593812
2019-10-15 25:00:00,   20.072952,    1.596349
2019-10-16 25:00:00,   20.253784,    1.598268
2019-10-17 25:00:00,   20.484119,    1.600397
2019-10-18 25:00:00,   21.589456,    1.604299
2019-10-19 25:00:00,   22.830222,    1.603921
2019-10-20 25:00:00,   22.503329,    1.609233
2019-10-21 25:00:00,   23.087954,    1.612034
2019-10-22 25:00:00,   23.881762,    1.615844
2019-10-23 25:00:00,   22.527523,    1.616272
2019-10-24 25:00:00,   21.941601,    1.618307
2019-10-25 25:00:00,   21.737136,    1.617207
2019-10-26 25:00:00,   22.073435,    1.622403
2019-10-27 25:00:00,   22.062962,    1.624466
2019-10-28 25:00:00,   23.044122,    1.629567
2019-10-29 25:00:00,   23.580375,    1.631743
2019-10-30 25:00:00,   23.558660,    1.635218
2019-10-31 25:00:00,   22.505391,    1.636996
2019-11-01 25:00:00,   21.653138,    1.639589
2019-11-02 25:00:00,   21.372972,    1.642425
2019-11-03 25:00:00,   22.228106,    1.645622
2019-11-04 25:00:00,   21.717694,    1.648614
2019-11-05 25:00:00,   20.317319,    1.630500
2019-11-06 25:00:00,   19.753660,    1.627106
2019-11-07 25:00:00,   20.709412,    1.629930
2019-11-08 25:00:00,   21.461783,    1.633005
2019-11-09 25:00:00,   22.155389,    1.637439
2019-11-10 25:00:00,   23.003753,    1.639818
2019-11-11 25:00:00,   23.166832,    1.643811
2019-11-12 25:00:00,   22.581482,    1.646865
2019-11-13 25:00:00,   22.690662,    1.651273
2019-11-14 25:00:00,   22.635336,    1.654612
2019-11-15 25:00:00,   22.975182,    1.658625
2019-11-16 25:00:00,   23.374001,    1.660679
2019-11-17 25:00:00,   24.180905,    1.664892
2019-11-18 25:00:00,   24.929341,    1.669402
2019-11-19 25:00:00,   24.313786,    1.674524
2019-11-20 25:00:00,   24.819832,    1.677662
2019-11-21 25:00:00,   24.874030,    1.683535
2019-11-22 25:00:00,   25.196173,    1.685396
2019-11-23 25:00:00,   26.335958,    1.690172
2019-11-24 25:00:00,   25.383822,    1.693379
2019-11-25 25:00:00,   24.464082,    1.689962
2019-11-26 25:00:00,   25.149858,    1.694877
2019-11-27 25:00:00,   26.399656,    1.700621
2019-11-28 25:00:00,   25.203665,    1.703430
2019-11-29 25:00:00,   22.052507,    1.679594
2019-11-30 25:00:00,   20.286454,    1.670768
2019-12-01 25:00:00,   20.234911,    1.671816
2019-12-02 25:00:00,   21.236054,    1.674692
2019-12-03 25:00:00,   22.044846,    1.678235
2019-12-04 25:00:00,   23.782738,    1.685215
2019-12-05 25:00:00,   24.620275,    1.686715
2019-12-06 25:00:00,   25.870015,    1.696029
2019-12-07 25:00:00,   25.269162,    1.698764
2019-12-08 25:00:00,   24.238493,    1.701280
2019-12-09 25:00:00,   24.693704,    1.706557
2019-12-10 25:00:00,   25.008171,    1.709749
2019-12-11 25:00:00,   26.347125,    1.714300
2019-12-12 25:00:00,   27.220471,    1.713542
2019-12-13 25:00:00,   26.192713,    1.702918
2019-12-14 25:00:00,   25.382822,    1.685660
2019-12-15 25:00:00,   25.252379,    1.692007
2019-12-16 25:00:00,   25.595757,    1.697525
2019-12-17 25:00:00,   26.324691,    1.702952
2019-12-18 25:00:00,   26.998130,    1.709502
2019-12-19 25:00:00,   25.689739,    1.712644
2019-12-20 25:00:00,   25.666901,    1.717471
2019-12-21 25:00:00,   26.018693,    1.719459
2019-12-22 25:00:00,   25.800210,    1.724466
2019-12-23 25:00:00,   26.018661,    1.728559
2019-12-24 25:00:00,   26.220064,    1.733106
2019-12-25 25:00:00,   27.003643,    1.740606
2019-12-26 25:00:00,   27.513063,    1.744673
2019-12-27 25:00:00,   27.453539,    1.751212
2019-12-28 25:00:00,   28.822903,    1.757014
2019-12-29 25:00:00,   29.520734,    1.761365
2019-12-30 25:00:00,   29.286034,    1.765591
2019-12-31 25:00:00,   30.359839,    1.772827
2020-01-01 25:00:00,   31.299221,    1.779968
2020-01-02 25:00:00,   30.215960,    1.784749
2020-01-03 25:00:00,   29.885799,    1.789272
2020-01-04 25:00:00,   28.054959,    1.790300
2020-01-05 23:00:00,   27.257861,    1.791916
2020-01-05 25:00:00,   27.257861,    1.791916
