time,flow,temp,salt
2009-12-31 00:00:00,  304.188480,   24.524047,    0.535733
2010-01-01 00:00:00,  608.817600,   24.663357,    0.539787
2010-01-02 00:00:00,  610.286400,   24.801029,    0.540452
2010-01-03 00:00:00,  612.195840,   26.236723,    0.542785
2010-01-04 00:00:00,  613.958400,   26.049438,    0.544451
2010-01-05 00:00:00,  615.867840,   27.450742,    0.545706
2010-01-06 00:00:00,  617.777280,   27.936121,    0.547664
2010-01-07 00:00:00,  619.539840,   27.342290,    0.549536
2010-01-08 00:00:00,  621.302400,   27.345273,    0.549905
2010-01-09 00:00:00,  622.918080,   27.231751,    0.551444
2010-01-10 00:00:00,  624.533760,   26.054172,    0.552302
2010-01-11 00:00:00,  626.296320,   25.538752,    0.552403
2010-01-12 00:00:00,  627.912000,   25.463877,    0.552797
2010-01-13 00:00:00,  629.380800,   26.513460,    0.554923
2010-01-14 00:00:00,  630.849600,   26.521160,    0.556306
2010-01-15 00:00:00,  632.465280,   25.931025,    0.557450
2010-01-16 00:00:00,  634.080960,   26.719626,    0.558574
2010-01-17 00:00:00,  635.402880,   27.217038,    0.558591
2010-01-18 00:00:00,  636.724800,   28.074620,    0.561769
2010-01-19 00:00:00,  638.193600,   28.381065,    0.562473
2010-01-20 00:00:00,  639.515520,   27.936452,    0.564692
2010-01-21 00:00:00,  640.837440,   26.905247,    0.565723
2010-01-22 00:00:00,  642.159360,   27.207062,    0.566810
2010-01-23 00:00:00,  643.334400,   27.411038,    0.568091
2010-01-24 00:00:00,  644.509440,   28.056649,    0.569751
2010-01-25 00:00:00,  645.684480,   27.886465,    0.571431
2010-01-26 00:00:00,  646.712640,   27.943607,    0.572547
2010-01-27 00:00:00,  647.740800,   27.931141,    0.573868
2010-01-28 00:00:00,  648.768960,   28.115557,    0.575720
2010-01-29 00:00:00,  649.797120,   27.940933,    0.576465
2010-01-30 00:00:00,  650.825280,   26.735431,    0.577153
2010-01-31 00:00:00,  651.706560,   26.448918,    0.578008
2010-02-01 00:00:00,  652.294080,   26.388535,    0.578921
2010-02-02 00:00:00,  652.881600,   25.154757,    0.579119
2010-02-03 00:00:00,  653.762880,   24.587461,    0.580680
2010-02-04 00:00:00,  654.497280,   24.214509,    0.580929
2010-02-05 00:00:00,  655.084800,   24.538808,    0.581554
2010-02-06 00:00:00,  655.819200,   24.102607,    0.582100
2010-02-07 00:00:00,  656.553600,   25.080870,    0.582792
2010-02-08 00:00:00,  657.141120,   25.427056,    0.583704
2010-02-09 00:00:00,  657.728640,   26.568614,    0.584608
2010-02-10 00:00:00,  658.169280,   25.988953,    0.585552
2010-02-11 00:00:00,  658.609920,   26.653162,    0.586829
2010-02-12 00:00:00,  659.050560,   26.607593,    0.588137
2010-02-13 00:00:00,  659.344320,   27.188857,    0.589688
2010-02-14 00:00:00,  659.784960,   27.333592,    0.590774
2010-02-15 00:00:00,  660.078720,   26.899634,    0.591475
2010-02-16 00:00:00,  660.225600,   26.412245,    0.592164
2010-02-17 00:00:00,  660.519360,   27.088994,    0.592730
2010-02-18 00:00:00,  660.666240,   28.188911,    0.594203
2010-02-19 00:00:00,  660.813120,   26.618992,    0.595019
2010-02-20 00:00:00,  660.960000,   25.979495,    0.595043
2010-02-21 00:00:00,  660.960000,   25.484572,    0.595449
2010-02-22 00:00:00,  660.960000,   25.910965,    0.597084
2010-02-23 00:00:00,  660.960000,   25.554323,    0.597722
2010-02-24 00:00:00,  660.813120,   26.198711,    0.598845
2010-02-25 00:00:00,  660.666240,   26.977356,    0.600664
2010-02-26 00:00:00,  660.519360,   26.993687,    0.602878
2010-02-27 00:00:00,  660.225600,   27.138120,    0.604586
2010-02-28 00:00:00,  659.931840,   26.892082,    0.606087
2010-03-01 00:00:00,  659.197440,   27.031710,    0.607262
2010-03-02 00:00:00,  658.316160,   27.292886,    0.608650
2010-03-03 00:00:00,  657.728640,   26.440198,    0.609594
2010-03-04 00:00:00,  657.141120,   25.053562,    0.608086
2010-03-05 00:00:00,  656.553600,   24.680467,    0.607990
2010-03-06 00:00:00,  655.966080,   24.932185,    0.608452
2010-03-07 00:00:00,  655.378560,   25.193570,    0.609436
2010-03-08 00:00:00,  654.644160,   25.245854,    0.610749
2010-03-09 00:00:00,  653.909760,   25.184832,    0.611426
2010-03-10 00:00:00,  653.175360,   25.391245,    0.612923
2010-03-11 00:00:00,  652.294080,   25.715798,    0.614175
2010-03-12 00:00:00,  651.412800,   26.356586,    0.615760
2010-03-13 00:00:00,  650.531520,   26.012425,    0.616083
2010-03-14 00:00:00,  649.503360,   26.947028,    0.616383
2010-03-15 00:00:00,  648.475200,   26.210674,    0.617210
2010-03-16 00:00:00,  647.447040,   25.050495,    0.617674
2010-03-17 00:00:00,  646.418880,   24.652101,    0.618123
2010-03-18 00:00:00,  645.390720,   24.135751,    0.617720
2010-03-19 00:00:00,  644.215680,   23.453954,    0.616890
2010-03-20 00:00:00,  643.040640,   23.975456,    0.616859
2010-03-21 00:00:00,  641.718720,   24.505215,    0.617747
2010-03-22 00:00:00,  640.396800,   24.715146,    0.582322
2010-03-23 00:00:00,  639.221760,   25.180461,    0.585738
2010-03-24 00:00:00,  637.899840,   25.701698,    0.587132
2010-03-25 00:00:00,  636.431040,   25.201826,    0.589113
2010-03-26 00:00:00,  634.962240,   25.124856,    0.592434
2010-03-27 00:00:00,  633.493440,   24.221461,    0.595448
2010-03-28 00:00:00,  632.024640,   23.827382,    0.599452
2010-03-29 00:00:00,  630.555840,   23.910798,    0.601045
2010-03-30 00:00:00,  629.087040,   23.913684,    0.601940
2010-03-31 00:00:00,  627.471360,   23.668456,    0.602836
2010-04-01 00:00:00,  626.296320,   23.936231,    0.603692
2010-04-02 00:00:00,  625.121280,   23.978143,    0.604733
2010-04-03 00:00:00,  623.358720,   23.039596,    0.605017
2010-04-04 00:00:00,  621.596160,   22.481261,    0.605256
2010-04-05 00:00:00,  619.833600,   22.895566,    0.605537
2010-04-06 00:00:00,  618.071040,   22.302777,    0.605385
2010-04-07 00:00:00,  616.308480,   22.756472,    0.605857
2010-04-08 00:00:00,  614.545920,   22.995902,    0.606732
2010-04-09 00:00:00,  612.783360,   22.593019,    0.607358
2010-04-10 00:00:00,  610.873920,   22.253957,    0.607571
2010-04-11 00:00:00,  608.964480,   22.714680,    0.607869
2010-04-12 00:00:00,  607.055040,   21.253464,    0.607344
2010-04-13 00:00:00,  604.998720,   20.839820,    0.603152
2010-04-14 00:00:00,  602.942400,   20.402934,    0.602578
2010-04-15 00:00:00,  600.886080,   20.856630,    0.602511
2010-04-16 00:00:00,  598.829760,   21.326622,    0.602966
2010-04-17 00:00:00,  596.773440,   21.435672,    0.603423
2010-04-18 00:00:00,  594.717120,   21.935348,    0.604091
2010-04-19 00:00:00,  592.660800,   22.171721,    0.604657
2010-04-20 00:00:00,  590.457600,   22.570646,    0.605287
2010-04-21 00:00:00,  588.254400,   22.130266,    0.605503
2010-04-22 00:00:00,  586.198080,   21.239778,    0.606314
2010-04-23 00:00:00,  583.994880,   20.810418,    0.606092
2010-04-24 00:00:00,  581.644800,   20.620111,    0.605905
2010-04-25 00:00:00,  579.441600,   20.439237,    0.606042
2010-04-26 00:00:00,  577.238400,   20.534756,    0.606564
2010-04-27 00:00:00,  574.888320,   20.453287,    0.606777
2010-04-28 00:00:00,  572.538240,   20.671117,    0.607265
2010-04-29 00:00:00,  570.188160,   20.375984,    0.607418
2010-04-30 00:00:00,  567.838080,   20.431291,    0.607760
2010-05-01 00:00:00,  565.047360,   20.038154,    0.607566
2010-05-02 00:00:00,  562.109760,   20.035476,    0.607524
2010-05-03 00:00:00,  559.612800,   19.761690,    0.607812
2010-05-04 00:00:00,  557.262720,   19.576284,    0.608186
2010-05-05 00:00:00,  554.912640,   19.660378,    0.608637
2010-05-06 00:00:00,  552.415680,   19.427179,    0.608859
2010-05-07 00:00:00,  549.918720,   19.549782,    0.609016
2010-05-08 00:00:00,  547.568640,   19.441404,    0.609258
2010-05-09 00:00:00,  545.071680,   19.086321,    0.609566
2010-05-10 00:00:00,  542.574720,   18.788279,    0.609960
2010-05-11 00:00:00,  540.077760,   18.751855,    0.610989
2010-05-12 00:00:00,  537.580800,   18.876200,    0.611740
2010-05-13 00:00:00,  535.083840,   18.156541,    0.606976
2010-05-14 00:00:00,  532.586880,   17.953647,    0.609607
2010-05-15 00:00:00,  530.089920,   17.974571,    0.611128
2010-05-16 00:00:00,  527.592960,   17.828077,    0.611518
2010-05-17 00:00:00,  525.096000,   17.810495,    0.612950
2010-05-18 00:00:00,  522.599040,   17.492187,    0.613151
2010-05-19 00:00:00,  520.102080,   18.004966,    0.613580
2010-05-20 00:00:00,  517.458240,   18.223123,    0.613552
2010-05-21 00:00:00,  514.961280,   17.670097,    0.613983
2010-05-22 00:00:00,  512.464320,   17.725371,    0.602757
2010-05-23 00:00:00,  509.967360,   17.181449,    0.608925
2010-05-24 00:00:00,  507.470400,   17.306041,    0.612630
2010-05-25 00:00:00,  504.826560,   17.102693,    0.613165
2010-05-26 00:00:00,  502.329600,   17.013506,    0.623679
2010-05-27 00:00:00,  499.832640,   16.815389,    0.626475
2010-05-28 00:00:00,  497.335680,   17.199460,    0.626888
2010-05-29 00:00:00,  494.838720,   16.797275,    0.626924
2010-05-30 00:00:00,  492.341760,   17.114275,    0.627405
2010-05-31 00:00:00,  489.844800,   16.944476,    0.621750
2010-06-01 00:00:00,  488.082240,   17.024235,    0.626880
2010-06-02 00:00:00,  486.319680,   16.907170,    0.626968
2010-06-03 00:00:00,  483.822720,   17.095034,    0.627348
2010-06-04 00:00:00,  481.325760,   16.447306,    0.627291
2010-06-05 00:00:00,  478.828800,   16.517938,    0.627465
2010-06-06 00:00:00,  476.478720,   16.878670,    0.627894
2010-06-07 00:00:00,  473.981760,   16.587235,    0.628047
2010-06-08 00:00:00,  471.484800,   16.154046,    0.628136
2010-06-09 00:00:00,  469.134720,   15.930853,    0.628526
2010-06-10 00:00:00,  466.784640,   16.095433,    0.628891
2010-06-11 00:00:00,  464.434560,   15.641381,    0.629091
2010-06-12 00:00:00,  462.084480,   15.942494,    0.629526
2010-06-13 00:00:00,  459.734400,   15.652884,    0.629581
2010-06-14 00:00:00,  457.384320,   15.899675,    0.622019
2010-06-15 00:00:00,  455.034240,   15.504839,    0.619619
2010-06-16 00:00:00,  452.684160,   15.780127,    0.619341
2010-06-17 00:00:00,  450.334080,   15.581161,    0.619495
2010-06-18 00:00:00,  448.130880,   16.013574,    0.619625
2010-06-19 00:00:00,  445.927680,   16.173648,    0.620002
2010-06-20 00:00:00,  443.577600,   16.092438,    0.620231
2010-06-21 00:00:00,  441.374400,   16.131019,    0.620137
2010-06-22 00:00:00,  439.318080,   15.733242,    0.620113
2010-06-23 00:00:00,  437.114880,   15.582554,    0.613645
2010-06-24 00:00:00,  434.911680,   15.470704,    0.615605
2010-06-25 00:00:00,  432.855360,   15.358258,    0.615773
2010-06-26 00:00:00,  430.799040,   15.152695,    0.616066
2010-06-27 00:00:00,  428.742720,   14.738456,    0.614954
2010-06-28 00:00:00,  426.686400,   14.976986,    0.615341
2010-06-29 00:00:00,  424.630080,   14.645776,    0.615349
2010-06-30 00:00:00,  422.573760,   14.591560,    0.615667
2010-07-01 00:00:00,  420.223680,   14.429218,    0.615862
2010-07-02 00:00:00,  417.873600,   14.370893,    0.612443
2010-07-03 00:00:00,  415.964160,   14.344387,    0.612616
2010-07-04 00:00:00,  414.201600,   14.208386,    0.612760
2010-07-05 00:00:00,  412.292160,   14.304911,    0.612916
2010-07-06 00:00:00,  410.382720,   14.114913,    0.613107
2010-07-07 00:00:00,  408.620160,   13.895401,    0.613210
2010-07-08 00:00:00,  406.857600,   13.679999,    0.608897
2010-07-09 00:00:00,  405.241920,   13.309636,    0.606205
2010-07-10 00:00:00,  403.626240,   13.288835,    0.603288
2010-07-11 00:00:00,  401.863680,   13.359028,    0.600435
2010-07-12 00:00:00,  400.248000,   13.099143,    0.599252
2010-07-13 00:00:00,  398.779200,   13.249744,    0.598990
2010-07-14 00:00:00,  397.163520,   13.731032,    0.598501
2010-07-15 00:00:00,  395.547840,   13.230047,    0.599098
2010-07-16 00:00:00,  394.079040,   13.191831,    0.596381
2010-07-17 00:00:00,  392.757120,   13.222543,    0.597163
2010-07-18 00:00:00,  391.435200,   13.399397,    0.597513
2010-07-19 00:00:00,  389.966400,   13.608673,    0.597322
2010-07-20 00:00:00,  388.644480,   13.414056,    0.597387
2010-07-21 00:00:00,  387.322560,   13.774060,    0.597559
2010-07-22 00:00:00,  386.000640,   13.820695,    0.597784
2010-07-23 00:00:00,  384.825600,   13.685204,    0.598000
2010-07-24 00:00:00,  383.650560,   13.569707,    0.598359
2010-07-25 00:00:00,  382.475520,   13.530382,    0.598127
2010-07-26 00:00:00,  381.447360,   14.026765,    0.597537
2010-07-27 00:00:00,  380.419200,   14.351117,    0.595546
2010-07-28 00:00:00,  379.391040,   14.419359,    0.594603
2010-07-29 00:00:00,  378.362880,   14.109178,    0.592938
2010-07-30 00:00:00,  377.334720,   14.097973,    0.593205
2010-07-31 00:00:00,  376.453440,   14.358782,    0.593227
2010-08-01 00:00:00,  375.865920,   14.577414,    0.593438
2010-08-02 00:00:00,  375.278400,   14.900820,    0.593815
2010-08-03 00:00:00,  374.397120,   14.925465,    0.593842
2010-08-04 00:00:00,  373.662720,   15.366128,    0.594136
2010-08-05 00:00:00,  372.928320,   15.375501,    0.594393
2010-08-06 00:00:00,  372.193920,   15.474044,    0.594916
2010-08-07 00:00:00,  371.606400,   15.596834,    0.595296
2010-08-08 00:00:00,  371.018880,   15.320944,    0.595532
2010-08-09 00:00:00,  370.431360,   15.158321,    0.595690
2010-08-10 00:00:00,  369.990720,   14.582168,    0.595810
2010-08-11 00:00:00,  369.550080,   13.990880,    0.596202
2010-08-12 00:00:00,  369.109440,   14.079191,    0.582962
2010-08-13 00:00:00,  368.815680,   14.106396,    0.583021
2010-08-14 00:00:00,  368.375040,   14.557172,    0.583077
2010-08-15 00:00:00,  368.081280,   14.758252,    0.583350
2010-08-16 00:00:00,  367.934400,   14.587376,    0.583728
2010-08-17 00:00:00,  367.640640,   14.464963,    0.582501
2010-08-18 00:00:00,  367.493760,   14.075492,    0.582140
2010-08-19 00:00:00,  367.346880,   14.490293,    0.582582
2010-08-20 00:00:00,  367.200000,   14.403011,    0.575995
2010-08-21 00:00:00,  367.200000,   14.747296,    0.576043
2010-08-22 00:00:00,  367.200000,   14.802589,    0.575555
2010-08-23 00:00:00,  367.200000,   14.803490,    0.576324
2010-08-24 00:00:00,  367.346880,   15.315855,    0.576362
2010-08-25 00:00:00,  367.493760,   15.422880,    0.576809
2010-08-26 00:00:00,  367.640640,   15.849035,    0.577304
2010-08-27 00:00:00,  367.934400,   15.767890,    0.577285
2010-08-28 00:00:00,  368.228160,   15.861062,    0.577754
2010-08-29 00:00:00,  368.521920,   16.370392,    0.577760
2010-08-30 00:00:00,  368.815680,   16.640685,    0.577798
2010-08-31 00:00:00,  369.256320,   16.151590,    0.570242
2010-09-01 00:00:00,  369.550080,   15.794691,    0.571517
2010-09-02 00:00:00,  369.843840,   15.574359,    0.572352
2010-09-03 00:00:00,  370.431360,   16.247856,    0.572430
2010-09-04 00:00:00,  371.018880,   17.191274,    0.571622
2010-09-05 00:00:00,  371.606400,   17.343701,    0.572171
2010-09-06 00:00:00,  372.193920,   17.567690,    0.572778
2010-09-07 00:00:00,  372.781440,   16.944807,    0.564311
2010-09-08 00:00:00,  373.515840,   16.321248,    0.564503
2010-09-09 00:00:00,  374.250240,   16.414312,    0.563295
2010-09-10 00:00:00,  374.984640,   16.588743,    0.563339
2010-09-11 00:00:00,  375.865920,   16.485992,    0.564173
2010-09-12 00:00:00,  376.747200,   16.336586,    0.561563
2010-09-13 00:00:00,  377.628480,   16.612245,    0.562537
2010-09-14 00:00:00,  378.656640,   16.973849,    0.563184
2010-09-15 00:00:00,  379.684800,   17.048634,    0.564120
2010-09-16 00:00:00,  380.712960,   17.477072,    0.565847
2010-09-17 00:00:00,  381.741120,   17.625392,    0.566378
2010-09-18 00:00:00,  382.769280,   16.887554,    0.567055
2010-09-19 00:00:00,  383.944320,   17.401297,    0.567442
2010-09-20 00:00:00,  385.119360,   17.755311,    0.568361
2010-09-21 00:00:00,  386.441280,   18.421225,    0.569059
2010-09-22 00:00:00,  387.763200,   18.717123,    0.569551
2010-09-23 00:00:00,  389.085120,   18.985346,    0.569710
2010-09-24 00:00:00,  390.407040,   19.693988,    0.570247
2010-09-25 00:00:00,  391.728960,   21.042161,    0.571317
2010-09-26 00:00:00,  393.197760,   20.919880,    0.572329
2010-09-27 00:00:00,  394.666560,   20.802647,    0.572430
2010-09-28 00:00:00,  396.135360,   20.950901,    0.573195
2010-09-29 00:00:00,  397.604160,   20.832439,    0.573916
2010-09-30 00:00:00,  399.219840,   20.838385,    0.574972
2010-10-01 00:00:00,  401.129280,   21.606656,    0.575436
2010-10-02 00:00:00,  403.038720,   21.032197,    0.576363
2010-10-03 00:00:00,  404.801280,   21.248256,    0.576487
2010-10-04 00:00:00,  406.563840,   21.900689,    0.577610
2010-10-05 00:00:00,  408.326400,   21.005569,    0.578132
2010-10-06 00:00:00,  410.088960,   21.036092,    0.579063
2010-10-07 00:00:00,  411.851520,   21.551039,    0.579943
2010-10-08 00:00:00,  413.614080,   21.277865,    0.579975
2010-10-09 00:00:00,  415.523520,   22.186720,    0.581069
2010-10-10 00:00:00,  417.432960,   20.733602,    0.582831
2010-10-11 00:00:00,  419.342400,   20.632009,    0.583498
2010-10-12 00:00:00,  421.251840,   20.775823,    0.584369
2010-10-13 00:00:00,  423.161280,   20.644203,    0.584806
2010-10-14 00:00:00,  425.217600,   20.424127,    0.586149
2010-10-15 00:00:00,  427.273920,   20.544912,    0.586914
2010-10-16 00:00:00,  429.330240,   20.303361,    0.586684
2010-10-17 00:00:00,  431.386560,   21.363125,    0.588288
2010-10-18 00:00:00,  433.442880,   22.612768,    0.589428
2010-10-19 00:00:00,  435.499200,   22.694142,    0.589472
2010-10-20 00:00:00,  437.702400,   21.759485,    0.584260
2010-10-21 00:00:00,  439.905600,   21.685030,    0.585940
2010-10-22 00:00:00,  442.108800,   21.945858,    0.587230
2010-10-23 00:00:00,  444.312000,   21.696157,    0.587782
2010-10-24 00:00:00,  446.515200,   21.667803,    0.588846
2010-10-25 00:00:00,  448.865280,   21.993614,    0.590089
2010-10-26 00:00:00,  451.068480,   23.005407,    0.590961
2010-10-27 00:00:00,  453.271680,   22.073191,    0.592078
2010-10-28 00:00:00,  455.621760,   21.009262,    0.592986
2010-10-29 00:00:00,  457.971840,   21.259789,    0.593729
2010-10-30 00:00:00,  460.321920,   21.678918,    0.594425
2010-10-31 00:00:00,  462.672000,   21.873988,    0.595471
2010-11-01 00:00:00,  464.434560,   22.607252,    0.597367
2010-11-02 00:00:00,  466.197120,   23.260458,    0.599071
2010-11-03 00:00:00,  468.547200,   24.442479,    0.600184
2010-11-04 00:00:00,  470.897280,   23.408785,    0.601363
2010-11-05 00:00:00,  473.247360,   22.967403,    0.601697
2010-11-06 00:00:00,  475.744320,   23.401178,    0.602747
2010-11-07 00:00:00,  478.241280,   23.007647,    0.603577
2010-11-08 00:00:00,  480.591360,   24.355441,    0.604614
2010-11-09 00:00:00,  483.088320,   23.772858,    0.604910
2010-11-10 00:00:00,  485.585280,   22.958232,    0.603933
2010-11-11 00:00:00,  488.082240,   22.561945,    0.605229
2010-11-12 00:00:00,  490.579200,   22.111009,    0.605396
2010-11-13 00:00:00,  493.076160,   21.832544,    0.603786
2010-11-14 00:00:00,  495.573120,   21.841622,    0.604145
2010-11-15 00:00:00,  498.070080,   22.289122,    0.605072
2010-11-16 00:00:00,  500.567040,   23.100439,    0.606294
2010-11-17 00:00:00,  503.064000,   24.303305,    0.608529
2010-11-18 00:00:00,  505.560960,   25.052006,    0.609706
2010-11-19 00:00:00,  508.057920,   25.266194,    0.611956
2010-11-20 00:00:00,  510.701760,   25.899989,    0.613129
2010-11-21 00:00:00,  513.198720,   25.900456,    0.613213
2010-11-22 00:00:00,  515.695680,   25.373863,    0.613965
2010-11-23 00:00:00,  518.192640,   24.601176,    0.615983
2010-11-24 00:00:00,  520.689600,   24.788316,    0.616284
2010-11-25 00:00:00,  523.333440,   24.602225,    0.617411
2010-11-26 00:00:00,  525.830400,   25.004079,    0.619985
2010-11-27 00:00:00,  528.327360,   24.914756,    0.619942
2010-11-28 00:00:00,  530.824320,   25.150393,    0.621439
2010-11-29 00:00:00,  533.321280,   25.770107,    0.624063
2010-11-30 00:00:00,  535.818240,   26.004130,    0.624954
2010-12-01 00:00:00,  538.902720,   24.207832,    0.625738
2010-12-02 00:00:00,  541.987200,   23.523958,    0.626338
2010-12-03 00:00:00,  544.337280,   23.145811,    0.626677
2010-12-04 00:00:00,  546.834240,   23.729857,    0.627781
2010-12-05 00:00:00,  549.331200,   23.318993,    0.627647
2010-12-06 00:00:00,  551.681280,   22.600343,    0.626946
2010-12-07 00:00:00,  554.178240,   23.321099,    0.626530
2010-12-08 00:00:00,  556.675200,   22.920592,    0.627696
2010-12-09 00:00:00,  559.025280,   22.977695,    0.628480
2010-12-10 00:00:00,  561.375360,   23.610807,    0.629929
2010-12-11 00:00:00,  563.725440,   24.205453,    0.631375
2010-12-12 00:00:00,  566.075520,   25.109103,    0.633275
2010-12-13 00:00:00,  568.425600,   24.305934,    0.634825
2010-12-14 00:00:00,  570.775680,   23.977777,    0.636219
2010-12-15 00:00:00,  573.125760,   24.313613,    0.637227
2010-12-16 00:00:00,  575.475840,   24.467206,    0.638573
2010-12-17 00:00:00,  577.825920,   24.777604,    0.640488
2010-12-18 00:00:00,  580.029120,   24.849480,    0.642278
2010-12-19 00:00:00,  582.232320,   24.285989,    0.643284
2010-12-20 00:00:00,  584.582400,   22.460546,    0.638598
2010-12-21 00:00:00,  586.785600,   22.673486,    0.639475
2010-12-22 00:00:00,  588.988800,   22.778442,    0.639844
2010-12-23 00:00:00,  591.192000,   23.258235,    0.640370
2010-12-24 00:00:00,  593.248320,   26.626730,    0.641231
2010-12-25 00:00:00,  595.304640,   27.505739,    0.643938
2010-12-26 00:00:00,  597.360960,   26.867095,    0.646471
2010-12-27 00:00:00,  599.417280,   26.912397,    0.649175
2010-12-28 00:00:00,  601.473600,   26.557659,    0.650690
2010-12-29 00:00:00,  603.529920,   26.606579,    0.652223
2010-12-30 00:00:00,  605.586240,   26.728834,    0.654211
2010-12-31 00:00:00,  607.495680,   26.117793,    0.654946
2011-01-01 00:00:00,  608.817600,   26.360468,    0.655813
2011-01-02 00:00:00,  610.286400,   27.063960,    0.657486
2011-01-03 00:00:00,  612.195840,   27.138809,    0.657451
2011-01-04 00:00:00,  613.958400,   28.566734,    0.658887
2011-01-05 00:00:00,  615.867840,   27.778777,    0.649180
2011-01-06 00:00:00,  617.777280,   27.600651,    0.652280
2011-01-07 00:00:00,  619.539840,   27.082094,    0.654319
2011-01-08 00:00:00,  621.302400,   27.189154,    0.655855
2011-01-09 00:00:00,  622.918080,   27.718635,    0.658017
2011-01-10 00:00:00,  624.533760,   27.695257,    0.659591
2011-01-11 00:00:00,  626.296320,   27.981806,    0.661789
2011-01-12 00:00:00,  627.912000,   27.717827,    0.662967
2011-01-13 00:00:00,  629.380800,   27.711128,    0.664834
2011-01-14 00:00:00,  630.849600,   26.996808,    0.665949
2011-01-15 00:00:00,  632.465280,   26.551123,    0.667246
2011-01-16 00:00:00,  634.080960,   26.778149,    0.667399
2011-01-17 00:00:00,  635.402880,   27.134310,    0.669248
2011-01-18 00:00:00,  636.724800,   27.349846,    0.670928
2011-01-19 00:00:00,  638.193600,   27.151198,    0.672171
2011-01-20 00:00:00,  639.515520,   26.802829,    0.672917
2011-01-21 00:00:00,  640.837440,   26.381101,    0.673752
2011-01-22 00:00:00,  642.159360,   26.242976,    0.673949
2011-01-23 00:00:00,  643.334400,   25.935531,    0.675039
2011-01-24 00:00:00,  644.509440,   24.560945,    0.666951
2011-01-25 00:00:00,  645.684480,   25.039170,    0.666387
2011-01-26 00:00:00,  646.712640,   25.285934,    0.667603
2011-01-27 00:00:00,  647.740800,   26.353710,    0.668706
2011-01-28 00:00:00,  648.768960,   28.004940,    0.669831
2011-01-29 00:00:00,  649.797120,   28.822514,    0.670942
2011-01-30 00:00:00,  650.825280,   29.476909,    0.673024
2011-01-31 00:00:00,  651.706560,   27.773648,    0.672912
2011-02-01 00:00:00,  652.294080,   27.267523,    0.674559
2011-02-02 00:00:00,  652.881600,   27.377559,    0.676153
2011-02-03 00:00:00,  653.762880,   27.470040,    0.677498
2011-02-04 00:00:00,  654.497280,   27.530008,    0.679984
2011-02-05 00:00:00,  655.084800,   26.337541,    0.681661
2011-02-06 00:00:00,  655.819200,   25.407423,    0.680032
2011-02-07 00:00:00,  656.553600,   26.149986,    0.681578
2011-02-08 00:00:00,  657.141120,   27.275219,    0.683424
2011-02-09 00:00:00,  657.728640,   28.194639,    0.685645
2011-02-10 00:00:00,  658.169280,   28.094769,    0.687471
2011-02-11 00:00:00,  658.609920,   27.166953,    0.688717
2011-02-12 00:00:00,  659.050560,   26.595873,    0.689591
2011-02-13 00:00:00,  659.344320,   26.977641,    0.690115
2011-02-14 00:00:00,  659.784960,   27.622593,    0.691449
2011-02-15 00:00:00,  660.078720,   27.934383,    0.693322
2011-02-16 00:00:00,  660.225600,   28.081490,    0.694226
2011-02-17 00:00:00,  660.519360,   27.899682,    0.696260
2011-02-18 00:00:00,  660.666240,   28.347859,    0.697426
2011-02-19 00:00:00,  660.813120,   28.021884,    0.699062
2011-02-20 00:00:00,  660.960000,   26.265674,    0.697213
2011-02-21 00:00:00,  660.960000,   27.572848,    0.698988
2011-02-22 00:00:00,  660.960000,   27.380341,    0.701076
2011-02-23 00:00:00,  660.960000,   28.126165,    0.701996
2011-02-24 00:00:00,  660.813120,   28.245107,    0.703061
2011-02-25 00:00:00,  660.666240,   29.498471,    0.704598
2011-02-26 00:00:00,  660.519360,   30.695648,    0.706002
2011-02-27 00:00:00,  660.225600,   30.567604,    0.707601
2011-02-28 00:00:00,  659.931840,   30.476148,    0.709500
2011-03-01 00:00:00,  659.197440,   29.113448,    0.709987
2011-03-02 00:00:00,  658.316160,   28.865600,    0.710279
2011-03-03 00:00:00,  657.728640,   28.625414,    0.711899
2011-03-04 00:00:00,  657.141120,   28.841407,    0.712768
2011-03-05 00:00:00,  656.553600,   28.146900,    0.713414
2011-03-06 00:00:00,  655.966080,   27.329891,    0.712555
2011-03-07 00:00:00,  655.378560,   26.782325,    0.711136
2011-03-08 00:00:00,  654.644160,   26.236268,    0.711522
2011-03-09 00:00:00,  653.909760,   26.176367,    0.712859
2011-03-10 00:00:00,  653.175360,   26.348875,    0.713588
2011-03-11 00:00:00,  652.294080,   25.979177,    0.714305
2011-03-12 00:00:00,  651.412800,   25.116568,    0.711999
2011-03-13 00:00:00,  650.531520,   24.882069,    0.709559
2011-03-14 00:00:00,  649.503360,   25.598790,    0.710223
2011-03-15 00:00:00,  648.475200,   25.144255,    0.711759
2011-03-16 00:00:00,  647.447040,   25.402207,    0.713255
2011-03-17 00:00:00,  646.418880,   25.672906,    0.713354
2011-03-18 00:00:00,  645.390720,   26.296570,    0.714393
2011-03-19 00:00:00,  644.215680,   25.666916,    0.715682
2011-03-20 00:00:00,  643.040640,   24.938258,    0.716349
2011-03-21 00:00:00,  641.718720,   25.127471,    0.714832
2011-03-22 00:00:00,  640.396800,   25.609102,    0.715709
2011-03-23 00:00:00,  639.221760,   25.893138,    0.716770
2011-03-24 00:00:00,  637.899840,   26.142461,    0.717968
2011-03-25 00:00:00,  636.431040,   26.409432,    0.719392
2011-03-26 00:00:00,  634.962240,   26.334735,    0.720764
2011-03-27 00:00:00,  633.493440,   26.510595,    0.721673
2011-03-28 00:00:00,  632.024640,   26.125064,    0.722252
2011-03-29 00:00:00,  630.555840,   25.789544,    0.722794
2011-03-30 00:00:00,  629.087040,   25.621482,    0.721764
2011-03-31 00:00:00,  627.471360,   25.395081,    0.722144
2011-04-01 00:00:00,  626.296320,   25.125906,    0.723221
2011-04-02 00:00:00,  625.121280,   24.747284,    0.722164
2011-04-03 00:00:00,  623.358720,   24.582485,    0.722618
2011-04-04 00:00:00,  621.596160,   24.340721,    0.723360
2011-04-05 00:00:00,  619.833600,   24.738857,    0.724050
2011-04-06 00:00:00,  618.071040,   24.562298,    0.724314
2011-04-07 00:00:00,  616.308480,   23.623188,    0.721904
2011-04-08 00:00:00,  614.545920,   23.245593,    0.720495
2011-04-09 00:00:00,  612.783360,   22.466479,    0.717632
2011-04-10 00:00:00,  610.873920,   21.944659,    0.713152
2011-04-11 00:00:00,  608.964480,   22.047517,    0.701648
2011-04-12 00:00:00,  607.055040,   21.847081,    0.703964
2011-04-13 00:00:00,  604.998720,   22.326191,    0.704390
2011-04-14 00:00:00,  602.942400,   22.333988,    0.704870
2011-04-15 00:00:00,  600.886080,   22.339224,    0.705817
2011-04-16 00:00:00,  598.829760,   22.386176,    0.705869
2011-04-17 00:00:00,  596.773440,   21.841948,    0.705938
2011-04-18 00:00:00,  594.717120,   21.586437,    0.706156
2011-04-19 00:00:00,  592.660800,   21.388137,    0.705554
2011-04-20 00:00:00,  590.457600,   21.075474,    0.705868
2011-04-21 00:00:00,  588.254400,   21.182293,    0.706250
2011-04-22 00:00:00,  586.198080,   21.668495,    0.706403
2011-04-23 00:00:00,  583.994880,   22.195994,    0.706875
2011-04-24 00:00:00,  581.644800,   22.386537,    0.707618
2011-04-25 00:00:00,  579.441600,   22.799248,    0.708050
2011-04-26 00:00:00,  577.238400,   22.517504,    0.703065
2011-04-27 00:00:00,  574.888320,   21.231961,    0.702279
2011-04-28 00:00:00,  572.538240,   20.618426,    0.701389
2011-04-29 00:00:00,  570.188160,   20.560064,    0.701910
2011-04-30 00:00:00,  567.838080,   20.480637,    0.702053
2011-05-01 00:00:00,  565.047360,   20.647096,    0.702275
2011-05-02 00:00:00,  562.109760,   20.672812,    0.702643
2011-05-03 00:00:00,  559.612800,   20.703060,    0.703051
2011-05-04 00:00:00,  557.262720,   20.824225,    0.703658
2011-05-05 00:00:00,  554.912640,   20.464357,    0.703824
2011-05-06 00:00:00,  552.415680,   20.092730,    0.703473
2011-05-07 00:00:00,  549.918720,   19.757455,    0.701824
2011-05-08 00:00:00,  547.568640,   19.783176,    0.700941
2011-05-09 00:00:00,  545.071680,   19.393035,    0.701163
2011-05-10 00:00:00,  542.574720,   19.522513,    0.701389
2011-05-11 00:00:00,  540.077760,   19.241993,    0.701515
2011-05-12 00:00:00,  537.580800,   19.011361,    0.701111
2011-05-13 00:00:00,  535.083840,   18.704526,    0.700602
2011-05-14 00:00:00,  532.586880,   18.447162,    0.700830
2011-05-15 00:00:00,  530.089920,   18.036861,    0.699651
2011-05-16 00:00:00,  527.592960,   18.114228,    0.697810
2011-05-17 00:00:00,  525.096000,   18.057366,    0.683443
2011-05-18 00:00:00,  522.599040,   18.402049,    0.693822
2011-05-19 00:00:00,  520.102080,   18.288913,    0.693836
2011-05-20 00:00:00,  517.458240,   17.746679,    0.688406
2011-05-21 00:00:00,  514.961280,   17.632494,    0.688736
2011-05-22 00:00:00,  512.464320,   17.802477,    0.688933
2011-05-23 00:00:00,  509.967360,   18.075373,    0.689040
2011-05-24 00:00:00,  507.470400,   17.582020,    0.689235
2011-05-25 00:00:00,  504.826560,   17.296796,    0.689197
2011-05-26 00:00:00,  502.329600,   17.261360,    0.689607
2011-05-27 00:00:00,  499.832640,   17.378190,    0.689990
2011-05-28 00:00:00,  497.335680,   17.540977,    0.690101
2011-05-29 00:00:00,  494.838720,   17.250266,    0.689110
2011-05-30 00:00:00,  492.341760,   17.318274,    0.684723
2011-05-31 00:00:00,  489.844800,   17.400961,    0.684904
2011-06-01 00:00:00,  488.082240,   17.362665,    0.678360
2011-06-02 00:00:00,  486.319680,   17.251949,    0.679221
2011-06-03 00:00:00,  483.822720,   17.228139,    0.680485
2011-06-04 00:00:00,  481.325760,   16.776783,    0.681543
2011-06-05 00:00:00,  478.828800,   16.652897,    0.683671
2011-06-06 00:00:00,  476.478720,   16.518620,    0.684778
2011-06-07 00:00:00,  473.981760,   16.367227,    0.685846
2011-06-08 00:00:00,  471.484800,   16.213804,    0.687137
2011-06-09 00:00:00,  469.134720,   16.044889,    0.688559
2011-06-10 00:00:00,  466.784640,   15.855039,    0.703284
2011-06-11 00:00:00,  464.434560,   15.618094,    0.703718
2011-06-12 00:00:00,  462.084480,   15.472897,    0.704104
2011-06-13 00:00:00,  459.734400,   15.142808,    0.704598
2011-06-14 00:00:00,  457.384320,   14.863939,    0.703505
2011-06-15 00:00:00,  455.034240,   14.877132,    0.702148
2011-06-16 00:00:00,  452.684160,   15.336761,    0.702593
2011-06-17 00:00:00,  450.334080,   14.860212,    0.702462
2011-06-18 00:00:00,  448.130880,   14.891345,    0.701501
2011-06-19 00:00:00,  445.927680,   14.950138,    0.701707
2011-06-20 00:00:00,  443.577600,   15.060226,    0.701695
2011-06-21 00:00:00,  441.374400,   15.388923,    0.701837
2011-06-22 00:00:00,  439.318080,   15.170728,    0.701788
2011-06-23 00:00:00,  437.114880,   15.328716,    0.701576
2011-06-24 00:00:00,  434.911680,   15.562968,    0.686401
2011-06-25 00:00:00,  432.855360,   15.707917,    0.690785
2011-06-26 00:00:00,  430.799040,   15.848828,    0.692201
2011-06-27 00:00:00,  428.742720,   15.517998,    0.693066
2011-06-28 00:00:00,  426.686400,   15.330535,    0.684459
2011-06-29 00:00:00,  424.630080,   15.426741,    0.678762
2011-06-30 00:00:00,  422.573760,   15.050340,    0.678738
2011-07-01 00:00:00,  420.223680,   14.909621,    0.678439
2011-07-02 00:00:00,  417.873600,   14.651213,    0.677671
2011-07-03 00:00:00,  415.964160,   14.508461,    0.676458
2011-07-04 00:00:00,  414.201600,   14.568867,    0.676843
2011-07-05 00:00:00,  412.292160,   14.686591,    0.677043
2011-07-06 00:00:00,  410.382720,   14.670064,    0.677270
2011-07-07 00:00:00,  408.620160,   14.254150,    0.677241
2011-07-08 00:00:00,  406.857600,   14.120844,    0.677381
2011-07-09 00:00:00,  405.241920,   14.090316,    0.677631
2011-07-10 00:00:00,  403.626240,   13.855856,    0.677599
2011-07-11 00:00:00,  401.863680,   13.650617,    0.674646
2011-07-12 00:00:00,  400.248000,   14.068679,    0.674930
2011-07-13 00:00:00,  398.779200,   14.530089,    0.674970
2011-07-14 00:00:00,  397.163520,   14.626786,    0.675279
2011-07-15 00:00:00,  395.547840,   14.188883,    0.670394
2011-07-16 00:00:00,  394.079040,   14.596678,    0.671188
2011-07-17 00:00:00,  392.757120,   14.385138,    0.671355
2011-07-18 00:00:00,  391.435200,   14.383075,    0.671670
2011-07-19 00:00:00,  389.966400,   14.596008,    0.671601
2011-07-20 00:00:00,  388.644480,   14.413191,    0.668552
2011-07-21 00:00:00,  387.322560,   14.338673,    0.654356
2011-07-22 00:00:00,  386.000640,   14.201608,    0.647479
2011-07-23 00:00:00,  384.825600,   14.379971,    0.648939
2011-07-24 00:00:00,  383.650560,   14.401259,    0.650325
2011-07-25 00:00:00,  382.475520,   14.174302,    0.651949
2011-07-26 00:00:00,  381.447360,   14.580913,    0.652206
2011-07-27 00:00:00,  380.419200,   14.577953,    0.646391
2011-07-28 00:00:00,  379.391040,   14.904332,    0.642222
2011-07-29 00:00:00,  378.362880,   14.825418,    0.642929
2011-07-30 00:00:00,  377.334720,   14.910251,    0.641623
2011-07-31 00:00:00,  376.453440,   15.015422,    0.640314
2011-08-01 00:00:00,  375.865920,   15.246389,    0.638205
2011-08-02 00:00:00,  375.278400,   15.244786,    0.635801
2011-08-03 00:00:00,  374.397120,   15.021130,    0.636096
2011-08-04 00:00:00,  373.662720,   15.436515,    0.636585
2011-08-05 00:00:00,  372.928320,   15.202647,    0.636862
2011-08-06 00:00:00,  372.193920,   14.950750,    0.637486
2011-08-07 00:00:00,  371.606400,   15.461659,    0.636456
2011-08-08 00:00:00,  371.018880,   15.104720,    0.636916
2011-08-09 00:00:00,  370.431360,   15.575502,    0.637349
2011-08-10 00:00:00,  369.990720,   15.559043,    0.637569
2011-08-11 00:00:00,  369.550080,   15.577433,    0.637860
2011-08-12 00:00:00,  369.109440,   15.887669,    0.637622
2011-08-13 00:00:00,  368.815680,   16.192807,    0.611012
2011-08-14 00:00:00,  368.375040,   15.668199,    0.621344
2011-08-15 00:00:00,  368.081280,   15.229213,    0.624283
2011-08-16 00:00:00,  367.934400,   15.005541,    0.624378
2011-08-17 00:00:00,  367.640640,   15.311891,    0.624885
2011-08-18 00:00:00,  367.493760,   15.615809,    0.625339
2011-08-19 00:00:00,  367.346880,   15.568486,    0.625190
2011-08-20 00:00:00,  367.200000,   17.000707,    0.625566
2011-08-21 00:00:00,  367.200000,   16.988977,    0.612603
2011-08-22 00:00:00,  367.200000,   17.314669,    0.614692
2011-08-23 00:00:00,  367.200000,   16.941196,    0.614089
2011-08-24 00:00:00,  367.346880,   16.685689,    0.614569
2011-08-25 00:00:00,  367.493760,   17.081743,    0.615102
2011-08-26 00:00:00,  367.640640,   17.025580,    0.615102
2011-08-27 00:00:00,  367.934400,   17.685502,    0.615528
2011-08-28 00:00:00,  368.228160,   17.900885,    0.616400
2011-08-29 00:00:00,  368.521920,   17.820980,    0.616265
2011-08-30 00:00:00,  368.815680,   19.227755,    0.617146
2011-08-31 00:00:00,  369.256320,   19.258632,    0.617148
2011-09-01 00:00:00,  369.550080,   19.393516,    0.615088
2011-09-02 00:00:00,  369.843840,   18.045187,    0.613876
2011-09-03 00:00:00,  370.431360,   17.449751,    0.614209
2011-09-04 00:00:00,  371.018880,   17.428653,    0.614774
2011-09-05 00:00:00,  371.606400,   17.192403,    0.615260
2011-09-06 00:00:00,  372.193920,   17.195889,    0.616008
2011-09-07 00:00:00,  372.781440,   17.021053,    0.616519
2011-09-08 00:00:00,  373.515840,   17.105292,    0.617192
2011-09-09 00:00:00,  374.250240,   17.760568,    0.617906
2011-09-10 00:00:00,  374.984640,   17.764739,    0.618230
2011-09-11 00:00:00,  375.865920,   18.417429,    0.618766
2011-09-12 00:00:00,  376.747200,   18.906860,    0.619472
2011-09-13 00:00:00,  377.628480,   19.516773,    0.620111
2011-09-14 00:00:00,  378.656640,   20.013920,    0.620141
2011-09-15 00:00:00,  379.684800,   20.705881,    0.621150
2011-09-16 00:00:00,  380.712960,   20.092795,    0.621694
2011-09-17 00:00:00,  381.741120,   19.617153,    0.617752
2011-09-18 00:00:00,  382.769280,   18.281099,    0.605148
2011-09-19 00:00:00,  383.944320,   18.012672,    0.606887
2011-09-20 00:00:00,  385.119360,   18.437597,    0.607447
2011-09-21 00:00:00,  386.441280,   17.652622,    0.602822
2011-09-22 00:00:00,  387.763200,   17.380924,    0.602945
2011-09-23 00:00:00,  389.085120,   18.306254,    0.603155
2011-09-24 00:00:00,  390.407040,   18.967258,    0.604418
2011-09-25 00:00:00,  391.728960,   19.467690,    0.604983
2011-09-26 00:00:00,  393.197760,   18.201771,    0.604764
2011-09-27 00:00:00,  394.666560,   17.175196,    0.597884
2011-09-28 00:00:00,  396.135360,   17.973440,    0.598598
2011-09-29 00:00:00,  397.604160,   18.821163,    0.599933
2011-09-30 00:00:00,  399.219840,   18.279617,    0.600493
2011-10-01 00:00:00,  401.129280,   19.210891,    0.600554
2011-10-02 00:00:00,  403.038720,   19.546974,    0.592440
2011-10-03 00:00:00,  404.801280,   19.683093,    0.594410
2011-10-04 00:00:00,  406.563840,   20.544347,    0.595325
2011-10-05 00:00:00,  408.326400,   20.447412,    0.595367
2011-10-06 00:00:00,  410.088960,   21.733862,    0.596797
2011-10-07 00:00:00,  411.851520,   21.528656,    0.596739
2011-10-08 00:00:00,  413.614080,   22.122220,    0.596778
2011-10-09 00:00:00,  415.523520,   22.319740,    0.599212
2011-10-10 00:00:00,  417.432960,   22.211030,    0.599527
2011-10-11 00:00:00,  419.342400,   23.403265,    0.601175
2011-10-12 00:00:00,  421.251840,   23.318378,    0.602054
2011-10-13 00:00:00,  423.161280,   22.130294,    0.603271
2011-10-14 00:00:00,  425.217600,   22.065673,    0.604132
2011-10-15 00:00:00,  427.273920,   22.866663,    0.604946
2011-10-16 00:00:00,  429.330240,   22.653808,    0.605423
2011-10-17 00:00:00,  431.386560,   23.024129,    0.606926
2011-10-18 00:00:00,  433.442880,   22.175379,    0.599106
2011-10-19 00:00:00,  435.499200,   22.023195,    0.600990
2011-10-20 00:00:00,  437.702400,   22.222106,    0.602103
2011-10-21 00:00:00,  439.905600,   23.011960,    0.603583
2011-10-22 00:00:00,  442.108800,   22.452224,    0.603852
2011-10-23 00:00:00,  444.312000,   22.426934,    0.604390
2011-10-24 00:00:00,  446.515200,   21.865550,    0.604725
2011-10-25 00:00:00,  448.865280,   21.495236,    0.598987
2011-10-26 00:00:00,  451.068480,   21.707442,    0.599266
2011-10-27 00:00:00,  453.271680,   22.286858,    0.599479
2011-10-28 00:00:00,  455.621760,   22.596698,    0.601537
2011-10-29 00:00:00,  457.971840,   22.260224,    0.601736
2011-10-30 00:00:00,  460.321920,   23.274251,    0.604268
2011-10-31 00:00:00,  462.672000,   23.234675,    0.604355
2011-11-01 00:00:00,  464.434560,   23.836893,    0.605604
2011-11-02 00:00:00,  466.197120,   25.298937,    0.603542
2011-11-03 00:00:00,  468.547200,   25.002875,    0.604639
2011-11-04 00:00:00,  470.897280,   24.937431,    0.606277
2011-11-05 00:00:00,  473.247360,   23.177319,    0.597319
2011-11-06 00:00:00,  475.744320,   23.660077,    0.586368
2011-11-07 00:00:00,  478.241280,   22.564668,    0.591551
2011-11-08 00:00:00,  480.591360,   21.291642,    0.589599
2011-11-09 00:00:00,  483.088320,   21.968648,    0.591608
2011-11-10 00:00:00,  485.585280,   22.481880,    0.591796
2011-11-11 00:00:00,  488.082240,   22.935787,    0.593207
2011-11-12 00:00:00,  490.579200,   24.005985,    0.594789
2011-11-13 00:00:00,  493.076160,   24.051394,    0.595874
2011-11-14 00:00:00,  495.573120,   23.962575,    0.596582
2011-11-15 00:00:00,  498.070080,   23.848539,    0.598007
2011-11-16 00:00:00,  500.567040,   23.992520,    0.598065
2011-11-17 00:00:00,  503.064000,   23.825487,    0.598405
2011-11-18 00:00:00,  505.560960,   23.870124,    0.599875
2011-11-19 00:00:00,  508.057920,   23.718026,    0.601395
2011-11-20 00:00:00,  510.701760,   23.764464,    0.602826
2011-11-21 00:00:00,  513.198720,   24.148680,    0.604008
2011-11-22 00:00:00,  515.695680,   24.656360,    0.604545
2011-11-23 00:00:00,  518.192640,   25.802819,    0.608058
2011-11-24 00:00:00,  520.689600,   25.578186,    0.609513
2011-11-25 00:00:00,  523.333440,   25.677439,    0.610710
2011-11-26 00:00:00,  525.830400,   24.119963,    0.611537
2011-11-27 00:00:00,  528.327360,   23.340865,    0.612316
2011-11-28 00:00:00,  530.824320,   23.246259,    0.613055
2011-11-29 00:00:00,  533.321280,   23.072409,    0.614433
2011-11-30 00:00:00,  535.818240,   23.172970,    0.615594
2011-12-01 00:00:00,  538.902720,   23.950723,    0.618090
2011-12-02 00:00:00,  541.987200,   24.558448,    0.619680
2011-12-03 00:00:00,  544.337280,   24.843988,    0.620809
2011-12-04 00:00:00,  546.834240,   25.952886,    0.621891
2011-12-05 00:00:00,  549.331200,   26.660255,    0.623723
2011-12-06 00:00:00,  551.681280,   25.058905,    0.604760
2011-12-07 00:00:00,  554.178240,   25.170017,    0.603039
2011-12-08 00:00:00,  556.675200,   24.580155,    0.605502
2011-12-09 00:00:00,  559.025280,   25.182548,    0.606943
2011-12-10 00:00:00,  561.375360,   26.049406,    0.608693
2011-12-11 00:00:00,  563.725440,   26.489243,    0.609971
2011-12-12 00:00:00,  566.075520,   23.817744,    0.569072
2011-12-13 00:00:00,  568.425600,   22.823374,    0.573734
2011-12-14 00:00:00,  570.775680,   24.284923,    0.574850
2011-12-15 00:00:00,  573.125760,   23.755670,    0.575859
2011-12-16 00:00:00,  575.475840,   24.966805,    0.576994
2011-12-17 00:00:00,  577.825920,   25.650041,    0.577768
2011-12-18 00:00:00,  580.029120,   26.091895,    0.579661
2011-12-19 00:00:00,  582.232320,   26.077791,    0.580813
2011-12-20 00:00:00,  584.582400,   26.636722,    0.582800
2011-12-21 00:00:00,  586.785600,   26.744265,    0.583910
2011-12-22 00:00:00,  588.988800,   26.691346,    0.585474
2011-12-23 00:00:00,  591.192000,   26.418816,    0.587614
2011-12-24 00:00:00,  593.248320,   26.562673,    0.589441
2011-12-25 00:00:00,  595.304640,   26.393194,    0.590216
2011-12-26 00:00:00,  597.360960,   26.570770,    0.591811
2011-12-27 00:00:00,  599.417280,   26.773935,    0.593905
2011-12-28 00:00:00,  601.473600,   26.656673,    0.594783
2011-12-29 00:00:00,  603.529920,   28.081781,    0.596817
2011-12-30 00:00:00,  605.586240,   28.224762,    0.598355
2011-12-31 00:00:00,  607.495680,   27.892923,    0.600579
2012-01-01 00:00:00,  608.817600,   27.430228,    0.601056
2012-01-02 00:00:00,  610.286400,   27.286601,    0.603000
2012-01-03 00:00:00,  612.195840,   26.647462,    0.604572
2012-01-04 00:00:00,  613.958400,   26.895900,    0.606022
2012-01-05 00:00:00,  615.867840,   27.457324,    0.607844
2012-01-06 00:00:00,  617.777280,   26.439983,    0.608896
2012-01-07 00:00:00,  619.539840,   25.677386,    0.610088
2012-01-08 00:00:00,  621.302400,   25.568961,    0.611858
2012-01-09 00:00:00,  622.918080,   25.575745,    0.612396
2012-01-10 00:00:00,  624.533760,   26.151045,    0.613697
2012-01-11 00:00:00,  626.296320,   26.758873,    0.615560
2012-01-12 00:00:00,  627.912000,   27.768228,    0.617571
2012-01-13 00:00:00,  629.380800,   28.351697,    0.619356
2012-01-14 00:00:00,  630.849600,   28.835604,    0.619413
2012-01-15 00:00:00,  632.465280,   29.389173,    0.621400
2012-01-16 00:00:00,  634.080960,   27.659038,    0.623244
2012-01-17 00:00:00,  635.402880,   27.126614,    0.623943
2012-01-18 00:00:00,  636.724800,   27.529675,    0.626022
2012-01-19 00:00:00,  638.193600,   28.932995,    0.627652
2012-01-20 00:00:00,  639.515520,   29.453221,    0.627063
2012-01-21 00:00:00,  640.837440,   30.437654,    0.628832
2012-01-22 00:00:00,  642.159360,   29.624211,    0.630595
2012-01-23 00:00:00,  643.334400,   28.975097,    0.632106
2012-01-24 00:00:00,  644.509440,   29.770574,    0.631641
2012-01-25 00:00:00,  645.684480,   29.679984,    0.632642
2012-01-26 00:00:00,  646.712640,   30.383793,    0.632101
2012-01-27 00:00:00,  647.740800,   31.037148,    0.633786
2012-01-28 00:00:00,  648.768960,   31.183180,    0.635837
2012-01-29 00:00:00,  649.797120,   28.672516,    0.637498
2012-01-30 00:00:00,  650.825280,   27.606948,    0.638871
2012-01-31 00:00:00,  651.706560,   27.876938,    0.639707
2012-02-01 00:00:00,  652.294080,   27.652680,    0.641360
2012-02-02 00:00:00,  652.881600,   27.329083,    0.636210
2012-02-03 00:00:00,  653.762880,   26.637013,    0.638331
2012-02-04 00:00:00,  654.497280,   25.689451,    0.639837
2012-02-05 00:00:00,  655.084800,   25.669606,    0.640624
2012-02-06 00:00:00,  655.819200,   25.707096,    0.642081
2012-02-07 00:00:00,  656.553600,   25.811775,    0.643233
2012-02-08 00:00:00,  657.141120,   26.217622,    0.645206
2012-02-09 00:00:00,  657.728640,   26.655769,    0.646198
2012-02-10 00:00:00,  658.169280,   28.065906,    0.648127
2012-02-11 00:00:00,  658.609920,   27.723732,    0.649249
2012-02-12 00:00:00,  659.050560,   27.165004,    0.651081
2012-02-13 00:00:00,  659.344320,   27.588065,    0.651408
2012-02-14 00:00:00,  659.784960,   27.707127,    0.653138
2012-02-15 00:00:00,  660.078720,   27.314214,    0.654546
2012-02-16 00:00:00,  660.225600,   27.118872,    0.654808
2012-02-17 00:00:00,  660.519360,   27.172350,    0.656624
2012-02-18 00:00:00,  660.666240,   27.030300,    0.657586
2012-02-19 00:00:00,  660.813120,   27.117581,    0.658790
2012-02-20 00:00:00,  660.960000,   27.299983,    0.659915
2012-02-21 00:00:00,  660.960000,   28.037061,    0.661423
2012-02-22 00:00:00,  660.960000,   28.713460,    0.663167
2012-02-23 00:00:00,  660.960000,   27.964279,    0.664331
2012-02-24 00:00:00,  660.813120,   27.124025,    0.664964
2012-02-25 00:00:00,  660.666240,   26.513705,    0.665497
2012-02-26 00:00:00,  660.519360,   25.832683,    0.666720
2012-02-27 00:00:00,  660.225600,   25.712557,    0.666948
2012-02-28 00:00:00,  659.931840,   25.393497,    0.666637
2012-02-29 00:00:00,  659.638080,   25.161995,    0.668202
2012-03-01 00:00:00,  659.050560,   24.779079,    0.667867
2012-03-02 00:00:00,  658.316160,   24.712375,    0.668705
2012-03-03 00:00:00,  657.728640,   24.637592,    0.669615
2012-03-04 00:00:00,  657.141120,   25.470361,    0.670493
2012-03-05 00:00:00,  656.553600,   25.963392,    0.670485
2012-03-06 00:00:00,  655.966080,   26.297339,    0.673629
2012-03-07 00:00:00,  655.378560,   25.879755,    0.674832
2012-03-08 00:00:00,  654.644160,   25.698268,    0.675891
2012-03-09 00:00:00,  653.909760,   26.113771,    0.676396
2012-03-10 00:00:00,  653.175360,   26.851869,    0.677817
2012-03-11 00:00:00,  652.294080,   27.272959,    0.679484
2012-03-12 00:00:00,  651.412800,   27.145734,    0.680677
2012-03-13 00:00:00,  650.531520,   26.153916,    0.681913
2012-03-14 00:00:00,  649.503360,   25.336338,    0.681976
2012-03-15 00:00:00,  648.475200,   24.793989,    0.682714
2012-03-16 00:00:00,  647.447040,   24.486199,    0.682462
2012-03-17 00:00:00,  646.418880,   24.569969,    0.683514
2012-03-18 00:00:00,  645.390720,   24.830268,    0.684409
2012-03-19 00:00:00,  644.215680,   24.395467,    0.685890
2012-03-20 00:00:00,  643.040640,   24.031997,    0.685933
2012-03-21 00:00:00,  641.718720,   23.856690,    0.687042
2012-03-22 00:00:00,  640.396800,   23.543695,    0.687960
2012-03-23 00:00:00,  639.221760,   23.468090,    0.687585
2012-03-24 00:00:00,  637.899840,   23.741799,    0.688366
2012-03-25 00:00:00,  636.431040,   23.571183,    0.689057
2012-03-26 00:00:00,  634.962240,   23.685207,    0.689648
2012-03-27 00:00:00,  633.493440,   23.807850,    0.690446
2012-03-28 00:00:00,  632.024640,   23.897555,    0.691240
2012-03-29 00:00:00,  630.555840,   23.906729,    0.692065
2012-03-30 00:00:00,  629.087040,   23.010674,    0.692177
2012-03-31 00:00:00,  627.471360,   22.902527,    0.691741
2012-04-01 00:00:00,  626.296320,   22.596030,    0.692025
2012-04-02 00:00:00,  625.121280,   22.262456,    0.690589
2012-04-03 00:00:00,  623.358720,   22.565623,    0.691181
2012-04-04 00:00:00,  621.596160,   22.390376,    0.691404
2012-04-05 00:00:00,  619.833600,   21.795679,    0.691606
2012-04-06 00:00:00,  618.071040,   21.316409,    0.691017
2012-04-07 00:00:00,  616.308480,   21.791513,    0.691674
2012-04-08 00:00:00,  614.545920,   22.327683,    0.692098
2012-04-09 00:00:00,  612.783360,   22.961548,    0.692745
2012-04-10 00:00:00,  610.873920,   23.266958,    0.693243
2012-04-11 00:00:00,  608.964480,   23.147264,    0.694568
2012-04-12 00:00:00,  607.055040,   22.902698,    0.694703
2012-04-13 00:00:00,  604.998720,   22.789216,    0.695555
2012-04-14 00:00:00,  602.942400,   22.851646,    0.696020
2012-04-15 00:00:00,  600.886080,   23.156844,    0.696486
2012-04-16 00:00:00,  598.829760,   23.309680,    0.696995
2012-04-17 00:00:00,  596.773440,   22.762003,    0.697564
2012-04-18 00:00:00,  594.717120,   21.992054,    0.696526
2012-04-19 00:00:00,  592.660800,   21.753293,    0.696480
2012-04-20 00:00:00,  590.457600,   21.406633,    0.696465
2012-04-21 00:00:00,  588.254400,   21.242096,    0.696301
2012-04-22 00:00:00,  586.198080,   21.160391,    0.694893
2012-04-23 00:00:00,  583.994880,   21.022220,    0.694902
2012-04-24 00:00:00,  581.644800,   20.435758,    0.694293
2012-04-25 00:00:00,  579.441600,   20.019748,    0.694526
2012-04-26 00:00:00,  577.238400,   20.826594,    0.694588
2012-04-27 00:00:00,  574.888320,   20.097601,    0.695024
2012-04-28 00:00:00,  572.538240,   19.513565,    0.694559
2012-04-29 00:00:00,  570.188160,   19.700941,    0.690268
2012-04-30 00:00:00,  567.838080,   19.787084,    0.691266
2012-05-01 00:00:00,  565.047360,   19.533443,    0.692472
2012-05-02 00:00:00,  562.109760,   19.521123,    0.693135
2012-05-03 00:00:00,  559.612800,   20.006806,    0.693287
2012-05-04 00:00:00,  557.262720,   19.626271,    0.650239
2012-05-05 00:00:00,  554.912640,   19.713173,    0.661498
2012-05-06 00:00:00,  552.415680,   19.238536,    0.664521
2012-05-07 00:00:00,  549.918720,   18.676787,    0.667887
2012-05-08 00:00:00,  547.568640,   18.275974,    0.670660
2012-05-09 00:00:00,  545.071680,   18.591411,    0.665254
2012-05-10 00:00:00,  542.574720,   18.743764,    0.662154
2012-05-11 00:00:00,  540.077760,   18.635320,    0.663929
2012-05-12 00:00:00,  537.580800,   18.702896,    0.667008
2012-05-13 00:00:00,  535.083840,   18.453561,    0.667203
2012-05-14 00:00:00,  532.586880,   18.745212,    0.667457
2012-05-15 00:00:00,  530.089920,   18.691155,    0.667722
2012-05-16 00:00:00,  527.592960,   18.881056,    0.667990
2012-05-17 00:00:00,  525.096000,   18.508762,    0.667965
2012-05-18 00:00:00,  522.599040,   18.571537,    0.667984
2012-05-19 00:00:00,  520.102080,   18.729778,    0.668381
2012-05-20 00:00:00,  517.458240,   18.436967,    0.668454
2012-05-21 00:00:00,  514.961280,   18.362015,    0.668824
2012-05-22 00:00:00,  512.464320,   18.125889,    0.669122
2012-05-23 00:00:00,  509.967360,   17.974614,    0.669958
2012-05-24 00:00:00,  507.470400,   17.821692,    0.671840
2012-05-25 00:00:00,  504.826560,   17.462144,    0.672967
2012-05-26 00:00:00,  502.329600,   17.213290,    0.674350
2012-05-27 00:00:00,  499.832640,   17.494591,    0.675948
2012-05-28 00:00:00,  497.335680,   17.570769,    0.676172
2012-05-29 00:00:00,  494.838720,   17.150211,    0.676762
2012-05-30 00:00:00,  492.341760,   17.048243,    0.678330
2012-05-31 00:00:00,  489.844800,   16.778374,    0.695436
2012-06-01 00:00:00,  488.082240,   16.984796,    0.696033
2012-06-02 00:00:00,  486.319680,   17.315418,    0.696072
2012-06-03 00:00:00,  483.822720,   16.597259,    0.696601
2012-06-04 00:00:00,  481.325760,   16.515770,    0.697388
2012-06-05 00:00:00,  478.828800,   16.383854,    0.697851
2012-06-06 00:00:00,  476.478720,   16.001041,    0.696651
2012-06-07 00:00:00,  473.981760,   15.930603,    0.685452
2012-06-08 00:00:00,  471.484800,   16.280121,    0.685951
2012-06-09 00:00:00,  469.134720,   16.703466,    0.686170
2012-06-10 00:00:00,  466.784640,   16.107587,    0.684682
2012-06-11 00:00:00,  464.434560,   15.859680,    0.684000
2012-06-12 00:00:00,  462.084480,   15.675236,    0.680480
2012-06-13 00:00:00,  459.734400,   15.392183,    0.679628
2012-06-14 00:00:00,  457.384320,   15.181242,    0.676298
2012-06-15 00:00:00,  455.034240,   15.486872,    0.676391
2012-06-16 00:00:00,  452.684160,   15.451788,    0.676681
2012-06-17 00:00:00,  450.334080,   15.527227,    0.676714
2012-06-18 00:00:00,  448.130880,   15.494773,    0.676878
2012-06-19 00:00:00,  445.927680,   15.784150,    0.674828
2012-06-20 00:00:00,  443.577600,   15.313802,    0.673761
2012-06-21 00:00:00,  441.374400,   15.490333,    0.674255
2012-06-22 00:00:00,  439.318080,   15.518918,    0.674465
2012-06-23 00:00:00,  437.114880,   15.012749,    0.674509
2012-06-24 00:00:00,  434.911680,   14.969406,    0.674728
2012-06-25 00:00:00,  432.855360,   14.593577,    0.674427
2012-06-26 00:00:00,  430.799040,   14.403176,    0.671353
2012-06-27 00:00:00,  428.742720,   14.445565,    0.670341
2012-06-28 00:00:00,  426.686400,   14.405589,    0.670116
2012-06-29 00:00:00,  424.630080,   14.966357,    0.670231
2012-06-30 00:00:00,  422.573760,   14.973636,    0.670714
2012-07-01 00:00:00,  420.223680,   15.054969,    0.670940
2012-07-02 00:00:00,  417.873600,   15.053377,    0.670990
2012-07-03 00:00:00,  415.964160,   14.717766,    0.671381
2012-07-04 00:00:00,  414.201600,   14.670095,    0.671524
2012-07-05 00:00:00,  412.292160,   14.238716,    0.671513
2012-07-06 00:00:00,  410.382720,   14.302498,    0.670155
2012-07-07 00:00:00,  408.620160,   14.769924,    0.670517
2012-07-08 00:00:00,  406.857600,   14.305753,    0.670661
2012-07-09 00:00:00,  405.241920,   14.157872,    0.670916
2012-07-10 00:00:00,  403.626240,   13.923771,    0.663095
2012-07-11 00:00:00,  401.863680,   13.769353,    0.663295
2012-07-12 00:00:00,  400.248000,   13.907939,    0.663626
2012-07-13 00:00:00,  398.779200,   13.665686,    0.663598
2012-07-14 00:00:00,  397.163520,   14.128695,    0.663825
2012-07-15 00:00:00,  395.547840,   13.944474,    0.663909
2012-07-16 00:00:00,  394.079040,   13.789451,    0.660336
2012-07-17 00:00:00,  392.757120,   14.060625,    0.660936
2012-07-18 00:00:00,  391.435200,   14.037389,    0.661003
2012-07-19 00:00:00,  389.966400,   13.997416,    0.661430
2012-07-20 00:00:00,  388.644480,   14.117782,    0.661557
2012-07-21 00:00:00,  387.322560,   14.008098,    0.661706
2012-07-22 00:00:00,  386.000640,   14.863549,    0.662386
2012-07-23 00:00:00,  384.825600,   13.901007,    0.661529
2012-07-24 00:00:00,  383.650560,   14.048116,    0.662063
2012-07-25 00:00:00,  382.475520,   13.855307,    0.661984
2012-07-26 00:00:00,  381.447360,   14.150337,    0.661973
2012-07-27 00:00:00,  380.419200,   14.445043,    0.662546
2012-07-28 00:00:00,  379.391040,   14.522618,    0.662900
2012-07-29 00:00:00,  378.362880,   14.138892,    0.663031
2012-07-30 00:00:00,  377.334720,   13.888079,    0.662930
2012-07-31 00:00:00,  376.453440,   14.025861,    0.658886
2012-08-01 00:00:00,  375.865920,   14.186752,    0.656358
2012-08-02 00:00:00,  375.278400,   14.089881,    0.656045
2012-08-03 00:00:00,  374.397120,   14.291078,    0.655420
2012-08-04 00:00:00,  373.662720,   14.565818,    0.652696
2012-08-05 00:00:00,  372.928320,   15.041454,    0.652964
2012-08-06 00:00:00,  372.193920,   14.942328,    0.651359
2012-08-07 00:00:00,  371.606400,   14.900885,    0.647835
2012-08-08 00:00:00,  371.018880,   15.080836,    0.648222
2012-08-09 00:00:00,  370.431360,   15.153933,    0.648268
2012-08-10 00:00:00,  369.990720,   15.190406,    0.648558
2012-08-11 00:00:00,  369.550080,   15.639563,    0.648958
2012-08-12 00:00:00,  369.109440,   15.324039,    0.634480
2012-08-13 00:00:00,  368.815680,   15.288125,    0.635427
2012-08-14 00:00:00,  368.375040,   15.356739,    0.633742
2012-08-15 00:00:00,  368.081280,   15.434744,    0.634197
2012-08-16 00:00:00,  367.934400,   15.711806,    0.634549
2012-08-17 00:00:00,  367.640640,   15.703700,    0.635180
2012-08-18 00:00:00,  367.493760,   15.693681,    0.634972
2012-08-19 00:00:00,  367.346880,   16.006025,    0.635383
2012-08-20 00:00:00,  367.200000,   16.502639,    0.635379
2012-08-21 00:00:00,  367.200000,   16.647564,    0.632786
2012-08-22 00:00:00,  367.200000,   15.869599,    0.633271
2012-08-23 00:00:00,  367.200000,   16.064689,    0.633553
2012-08-24 00:00:00,  367.346880,   15.899903,    0.633577
2012-08-25 00:00:00,  367.493760,   16.125454,    0.633757
2012-08-26 00:00:00,  367.640640,   17.006043,    0.634398
2012-08-27 00:00:00,  367.934400,   17.301326,    0.634620
2012-08-28 00:00:00,  368.228160,   17.090831,    0.634848
2012-08-29 00:00:00,  368.521920,   17.595710,    0.634920
2012-08-30 00:00:00,  368.815680,   17.568035,    0.635306
2012-08-31 00:00:00,  369.256320,   17.353752,    0.632461
2012-09-01 00:00:00,  369.550080,   17.867411,    0.633037
2012-09-02 00:00:00,  369.843840,   17.860198,    0.633343
2012-09-03 00:00:00,  370.431360,   16.907984,    0.627905
2012-09-04 00:00:00,  371.018880,   15.761004,    0.624557
2012-09-05 00:00:00,  371.606400,   15.369203,    0.624875
2012-09-06 00:00:00,  372.193920,   15.440783,    0.626348
2012-09-07 00:00:00,  372.781440,   16.182312,    0.627766
2012-09-08 00:00:00,  373.515840,   16.632630,    0.628471
2012-09-09 00:00:00,  374.250240,   16.681196,    0.628465
2012-09-10 00:00:00,  374.984640,   17.158746,    0.628504
2012-09-11 00:00:00,  375.865920,   18.016420,    0.629238
2012-09-12 00:00:00,  376.747200,   18.177951,    0.630288
2012-09-13 00:00:00,  377.628480,   18.078578,    0.630694
2012-09-14 00:00:00,  378.656640,   18.430887,    0.631336
2012-09-15 00:00:00,  379.684800,   18.893642,    0.632203
2012-09-16 00:00:00,  380.712960,   19.567875,    0.633232
2012-09-17 00:00:00,  381.741120,   19.560349,    0.633234
2012-09-18 00:00:00,  382.769280,   19.816646,    0.621450
2012-09-19 00:00:00,  383.944320,   20.109421,    0.622062
2012-09-20 00:00:00,  385.119360,   19.807710,    0.623205
2012-09-21 00:00:00,  386.441280,   18.254473,    0.622504
2012-09-22 00:00:00,  387.763200,   17.436758,    0.622712
2012-09-23 00:00:00,  389.085120,   17.899221,    0.623597
2012-09-24 00:00:00,  390.407040,   17.673002,    0.623815
2012-09-25 00:00:00,  391.728960,   17.578083,    0.619518
2012-09-26 00:00:00,  393.197760,   16.885591,    0.617900
2012-09-27 00:00:00,  394.666560,   16.231403,    0.616371
2012-09-28 00:00:00,  396.135360,   16.664990,    0.616488
2012-09-29 00:00:00,  397.604160,   17.365992,    0.617232
2012-09-30 00:00:00,  399.219840,   18.813454,    0.618593
2012-10-01 00:00:00,  401.129280,   19.673276,    0.619643
2012-10-02 00:00:00,  403.038720,   19.762107,    0.620213
2012-10-03 00:00:00,  404.801280,   19.870000,    0.621729
2012-10-04 00:00:00,  406.563840,   20.053585,    0.621836
2012-10-05 00:00:00,  408.326400,   19.985348,    0.622604
2012-10-06 00:00:00,  410.088960,   20.428513,    0.623573
2012-10-07 00:00:00,  411.851520,   20.832278,    0.624773
2012-10-08 00:00:00,  413.614080,   21.148915,    0.626006
2012-10-09 00:00:00,  415.523520,   20.995552,    0.625918
2012-10-10 00:00:00,  417.432960,   21.185820,    0.627471
2012-10-11 00:00:00,  419.342400,   21.161013,    0.629216
2012-10-12 00:00:00,  421.251840,   21.328382,    0.629375
2012-10-13 00:00:00,  423.161280,   20.817898,    0.629467
2012-10-14 00:00:00,  425.217600,   20.258050,    0.630062
2012-10-15 00:00:00,  427.273920,   20.436127,    0.630588
2012-10-16 00:00:00,  429.330240,   20.574843,    0.631045
2012-10-17 00:00:00,  431.386560,   20.934307,    0.631221
2012-10-18 00:00:00,  433.442880,   21.898996,    0.632200
2012-10-19 00:00:00,  435.499200,   22.645157,    0.634009
2012-10-20 00:00:00,  437.702400,   22.944015,    0.634437
2012-10-21 00:00:00,  439.905600,   23.291311,    0.634774
2012-10-22 00:00:00,  442.108800,   22.658913,    0.635714
2012-10-23 00:00:00,  444.312000,   22.208435,    0.636875
2012-10-24 00:00:00,  446.515200,   22.372916,    0.638401
2012-10-25 00:00:00,  448.865280,   22.371072,    0.639612
2012-10-26 00:00:00,  451.068480,   22.582185,    0.640337
2012-10-27 00:00:00,  453.271680,   23.220853,    0.641849
2012-10-28 00:00:00,  455.621760,   23.941950,    0.642853
2012-10-29 00:00:00,  457.971840,   23.801831,    0.644065
2012-10-30 00:00:00,  460.321920,   22.584908,    0.643053
2012-10-31 00:00:00,  462.672000,   21.837328,    0.643913
2012-11-01 00:00:00,  464.434560,   21.600113,    0.644830
2012-11-02 00:00:00,  466.197120,   22.421297,    0.645874
2012-11-03 00:00:00,  468.547200,   21.892702,    0.646646
2012-11-04 00:00:00,  470.897280,   20.588170,    0.640702
2012-11-05 00:00:00,  473.247360,   20.010042,    0.638895
2012-11-06 00:00:00,  475.744320,   20.975998,    0.639719
2012-11-07 00:00:00,  478.241280,   21.908349,    0.641382
2012-11-08 00:00:00,  480.591360,   21.988870,    0.641660
2012-11-09 00:00:00,  483.088320,   23.048364,    0.642640
2012-11-10 00:00:00,  485.585280,   23.336493,    0.644195
2012-11-11 00:00:00,  488.082240,   22.770455,    0.645065
2012-11-12 00:00:00,  490.579200,   22.841024,    0.646516
2012-11-13 00:00:00,  493.076160,   22.660084,    0.646820
2012-11-14 00:00:00,  495.573120,   23.106675,    0.648175
2012-11-15 00:00:00,  498.070080,   23.486738,    0.649041
2012-11-16 00:00:00,  500.567040,   24.401771,    0.650939
2012-11-17 00:00:00,  503.064000,   24.986073,    0.652362
2012-11-18 00:00:00,  505.560960,   24.366162,    0.653708
2012-11-19 00:00:00,  508.057920,   24.941832,    0.654657
2012-11-20 00:00:00,  510.701760,   24.943637,    0.656274
2012-11-21 00:00:00,  513.198720,   25.393069,    0.657437
2012-11-22 00:00:00,  515.695680,   26.048697,    0.657586
2012-11-23 00:00:00,  518.192640,   25.541825,    0.660243
2012-11-24 00:00:00,  520.689600,   24.709653,    0.659923
2012-11-25 00:00:00,  523.333440,   25.328261,    0.660940
2012-11-26 00:00:00,  525.830400,   26.397405,    0.662501
2012-11-27 00:00:00,  528.327360,   25.306152,    0.663482
2012-11-28 00:00:00,  530.824320,   22.330466,    0.655410
2012-11-29 00:00:00,  533.321280,   20.643451,    0.652529
2012-11-30 00:00:00,  535.818240,   20.531869,    0.653021
2012-12-01 00:00:00,  538.902720,   21.039758,    0.653305
2012-12-02 00:00:00,  541.987200,   21.838684,    0.653934
2012-12-03 00:00:00,  544.337280,   23.545216,    0.655761
2012-12-04 00:00:00,  546.834240,   24.418757,    0.656437
2012-12-05 00:00:00,  549.331200,   25.845145,    0.659498
2012-12-06 00:00:00,  551.681280,   25.186767,    0.660309
2012-12-07 00:00:00,  554.178240,   24.297292,    0.662080
2012-12-08 00:00:00,  556.675200,   24.326840,    0.661075
2012-12-09 00:00:00,  559.025280,   24.922361,    0.662594
2012-12-10 00:00:00,  561.375360,   26.047224,    0.663762
2012-12-11 00:00:00,  563.725440,   27.039511,    0.663500
2012-12-12 00:00:00,  566.075520,   26.154084,    0.659781
2012-12-13 00:00:00,  568.425600,   25.459691,    0.654205
2012-12-14 00:00:00,  570.775680,   25.421936,    0.656180
2012-12-15 00:00:00,  573.125760,   25.790742,    0.658211
2012-12-16 00:00:00,  575.475840,   26.339199,    0.659382
2012-12-17 00:00:00,  577.825920,   27.120693,    0.661610
2012-12-18 00:00:00,  580.029120,   25.901714,    0.662633
2012-12-19 00:00:00,  582.232320,   25.829624,    0.663725
2012-12-20 00:00:00,  584.582400,   26.605193,    0.665947
2012-12-21 00:00:00,  586.785600,   25.962358,    0.667004
2012-12-22 00:00:00,  588.988800,   26.116348,    0.668280
2012-12-23 00:00:00,  591.192000,   26.347188,    0.670012
2012-12-24 00:00:00,  593.248320,   26.926223,    0.671600
2012-12-25 00:00:00,  595.304640,   27.674546,    0.673956
2012-12-26 00:00:00,  597.360960,   27.612544,    0.676732
2012-12-27 00:00:00,  599.417280,   28.528912,    0.677200
2012-12-28 00:00:00,  601.473600,   29.357707,    0.678434
2012-12-29 00:00:00,  603.529920,   29.365914,    0.680449
2012-12-30 00:00:00,  605.586240,   30.297471,    0.682718
2012-12-31 00:00:00,  607.495680,   31.180668,    0.684855
2013-01-01 00:00:00,  608.817600,   30.232277,    0.686088
2013-01-02 00:00:00,  610.286400,   29.953723,    0.687758
2013-01-03 00:00:00,  612.195840,   28.231946,    0.688319
2013-01-04 00:00:00,  613.958400,   27.313168,    0.689106
2013-01-05 00:00:00,  615.867840,   27.964303,    0.690802
2013-01-06 00:00:00,  617.777280,   27.298816,    0.691524
2013-01-07 00:00:00,  619.539840,   26.959570,    0.691323
2013-01-08 00:00:00,  621.302400,   27.668158,    0.691515
2013-01-09 00:00:00,  622.918080,   26.909063,    0.693497
2013-01-10 00:00:00,  624.533760,   26.494010,    0.693841
2013-01-11 00:00:00,  626.296320,   26.237149,    0.695513
2013-01-12 00:00:00,  627.912000,   26.504079,    0.696980
2013-01-13 00:00:00,  629.380800,   25.664907,    0.697715
2013-01-14 00:00:00,  630.849600,   27.531220,    0.698164
2013-01-15 00:00:00,  632.465280,   29.074658,    0.698705
2013-01-16 00:00:00,  634.080960,   26.441380,    0.700515
2013-01-17 00:00:00,  635.402880,   24.994814,    0.700086
2013-01-18 00:00:00,  636.724800,   24.993132,    0.699119
2013-01-19 00:00:00,  638.193600,   25.757722,    0.701066
2013-01-20 00:00:00,  639.515520,   26.323235,    0.702581
2013-01-21 00:00:00,  640.837440,   26.100643,    0.704331
2013-01-22 00:00:00,  642.159360,   26.700445,    0.706255
2013-01-23 00:00:00,  643.334400,   25.993881,    0.707993
2013-01-24 00:00:00,  644.509440,   25.575520,    0.709446
2013-01-25 00:00:00,  645.684480,   25.755389,    0.710304
2013-01-26 00:00:00,  646.712640,   26.328611,    0.712358
2013-01-27 00:00:00,  647.740800,   26.730173,    0.714198
2013-01-28 00:00:00,  648.768960,   26.544074,    0.715467
2013-01-29 00:00:00,  649.797120,   26.573764,    0.717342
2013-01-30 00:00:00,  650.825280,   26.528856,    0.718687
2013-01-31 00:00:00,  651.706560,   26.649205,    0.719170
2013-02-01 00:00:00,  652.294080,   26.730824,    0.720833
2013-02-02 00:00:00,  652.881600,   27.493923,    0.722365
2013-02-03 00:00:00,  653.762880,   28.321431,    0.724451
2013-02-04 00:00:00,  654.497280,   28.244698,    0.726229
2013-02-05 00:00:00,  655.084800,   27.101552,    0.726730
2013-02-06 00:00:00,  655.819200,   26.299177,    0.728109
2013-02-07 00:00:00,  656.553600,   26.076593,    0.728074
2013-02-08 00:00:00,  657.141120,   26.466270,    0.729413
2013-02-09 00:00:00,  657.728640,   26.852619,    0.730939
2013-02-10 00:00:00,  658.169280,   27.081525,    0.732417
2013-02-11 00:00:00,  658.609920,   27.110577,    0.734997
2013-02-12 00:00:00,  659.050560,   27.547944,    0.735677
2013-02-13 00:00:00,  659.344320,   28.635672,    0.737686
2013-02-14 00:00:00,  659.784960,   27.581308,    0.738858
2013-02-15 00:00:00,  660.078720,   27.712093,    0.739597
2013-02-16 00:00:00,  660.225600,   28.016051,    0.741579
2013-02-17 00:00:00,  660.519360,   25.988083,    0.738817
2013-02-18 00:00:00,  660.666240,   25.934444,    0.740972
2013-02-19 00:00:00,  660.813120,   25.752998,    0.741998
2013-02-20 00:00:00,  660.960000,   26.494764,    0.743216
2013-02-21 00:00:00,  660.960000,   27.358186,    0.744752
2013-02-22 00:00:00,  660.960000,   25.744350,    0.745413
2013-02-23 00:00:00,  660.960000,   25.548285,    0.745044
2013-02-24 00:00:00,  660.813120,   25.488346,    0.746000
2013-02-25 00:00:00,  660.666240,   25.971398,    0.747215
2013-02-26 00:00:00,  660.519360,   26.509796,    0.749100
2013-02-27 00:00:00,  660.225600,   26.548363,    0.750781
2013-02-28 00:00:00,  659.931840,   26.555213,    0.752460
2013-03-01 00:00:00,  659.197440,   26.726205,    0.754226
2013-03-02 00:00:00,  658.316160,   27.029490,    0.755242
2013-03-03 00:00:00,  657.728640,   27.959095,    0.756421
2013-03-04 00:00:00,  657.141120,   27.170345,    0.756319
2013-03-05 00:00:00,  656.553600,   26.984886,    0.757336
2013-03-06 00:00:00,  655.966080,   26.590415,    0.757857
2013-03-07 00:00:00,  655.378560,   26.354375,    0.756405
2013-03-08 00:00:00,  654.644160,   26.403327,    0.757770
2013-03-09 00:00:00,  653.909760,   26.596022,    0.758665
2013-03-10 00:00:00,  653.175360,   25.574174,    0.758741
2013-03-11 00:00:00,  652.294080,   24.846655,    0.756294
2013-03-12 00:00:00,  651.412800,   24.270266,    0.754042
2013-03-13 00:00:00,  650.531520,   24.494548,    0.754637
2013-03-14 00:00:00,  649.503360,   23.322964,    0.750839
2013-03-15 00:00:00,  648.475200,   23.965706,    0.751462
2013-03-16 00:00:00,  647.447040,   24.439803,    0.752202
2013-03-17 00:00:00,  646.418880,   24.890354,    0.752700
2013-03-18 00:00:00,  645.390720,   25.633177,    0.753603
2013-03-19 00:00:00,  644.215680,   25.460263,    0.754375
2013-03-20 00:00:00,  643.040640,   24.267928,    0.754992
2013-03-21 00:00:00,  641.718720,   23.528342,    0.754822
2013-03-22 00:00:00,  640.396800,   23.408802,    0.754543
2013-03-23 00:00:00,  639.221760,   23.720077,    0.754886
2013-03-24 00:00:00,  637.899840,   23.509280,    0.755421
2013-03-25 00:00:00,  636.431040,   23.147446,    0.745815
2013-03-26 00:00:00,  634.962240,   21.909230,    0.714376
2013-03-27 00:00:00,  633.493440,   22.166493,    0.715179
2013-03-28 00:00:00,  632.024640,   22.482686,    0.716034
2013-03-29 00:00:00,  630.555840,   22.690274,    0.716788
2013-03-30 00:00:00,  629.087040,   22.984584,    0.717844
2013-03-31 00:00:00,  627.471360,   23.124465,    0.718819
2013-04-01 00:00:00,  626.296320,   23.502512,    0.719823
2013-04-02 00:00:00,  625.121280,   23.670906,    0.721467
2013-04-03 00:00:00,  623.358720,   23.932177,    0.721523
2013-04-04 00:00:00,  621.596160,   24.813361,    0.722302
2013-04-05 00:00:00,  619.833600,   24.829288,    0.723277
2013-04-06 00:00:00,  618.071040,   24.239784,    0.724296
2013-04-07 00:00:00,  616.308480,   24.356726,    0.724995
2013-04-08 00:00:00,  614.545920,   24.942445,    0.725733
2013-04-09 00:00:00,  612.783360,   25.658861,    0.725897
2013-04-10 00:00:00,  610.873920,   25.971502,    0.727827
2013-04-11 00:00:00,  608.964480,   25.180918,    0.728256
2013-04-12 00:00:00,  607.055040,   24.051808,    0.724842
2013-04-13 00:00:00,  604.998720,   23.828397,    0.725049
2013-04-14 00:00:00,  602.942400,   24.175258,    0.725510
2013-04-15 00:00:00,  600.886080,   24.194336,    0.725868
2013-04-16 00:00:00,  598.829760,   24.322837,    0.726258
2013-04-17 00:00:00,  596.773440,   24.652558,    0.726688
2013-04-18 00:00:00,  594.717120,   24.496874,    0.727097
2013-04-19 00:00:00,  592.660800,   23.768679,    0.709570
2013-04-20 00:00:00,  590.457600,   22.920317,    0.711747
2013-04-21 00:00:00,  588.254400,   22.152499,    0.711768
2013-04-22 00:00:00,  586.198080,   22.410270,    0.710567
2013-04-23 00:00:00,  583.994880,   22.549873,    0.711081
2013-04-24 00:00:00,  581.644800,   21.981800,    0.711007
2013-04-25 00:00:00,  579.441600,   21.740830,    0.711268
2013-04-26 00:00:00,  577.238400,   22.116779,    0.711848
2013-04-27 00:00:00,  574.888320,   21.914468,    0.712159
2013-04-28 00:00:00,  572.538240,   21.593362,    0.712430
2013-04-29 00:00:00,  570.188160,   21.206714,    0.712340
2013-04-30 00:00:00,  567.838080,   21.372700,    0.712624
2013-05-01 00:00:00,  565.047360,   21.141721,    0.699136
2013-05-02 00:00:00,  562.109760,   20.813937,    0.701841
2013-05-03 00:00:00,  559.612800,   20.807199,    0.702314
2013-05-04 00:00:00,  557.262720,   20.957551,    0.702768
2013-05-05 00:00:00,  554.912640,   21.028158,    0.703048
2013-05-06 00:00:00,  552.415680,   21.072877,    0.703307
2013-05-07 00:00:00,  549.918720,   20.378763,    0.697444
2013-05-08 00:00:00,  547.568640,   19.587913,    0.683616
2013-05-09 00:00:00,  545.071680,   18.789937,    0.682599
2013-05-10 00:00:00,  542.574720,   18.328839,    0.682730
2013-05-11 00:00:00,  540.077760,   18.121712,    0.683148
2013-05-12 00:00:00,  537.580800,   18.301296,    0.683714
2013-05-13 00:00:00,  535.083840,   17.970963,    0.683877
2013-05-14 00:00:00,  532.586880,   17.916817,    0.684424
2013-05-15 00:00:00,  530.089920,   18.129122,    0.685684
2013-05-16 00:00:00,  527.592960,   17.737094,    0.679327
2013-05-17 00:00:00,  525.096000,   17.720125,    0.681850
2013-05-18 00:00:00,  522.599040,   17.573965,    0.681917
2013-05-19 00:00:00,  520.102080,   17.840723,    0.683178
2013-05-20 00:00:00,  517.458240,   17.256528,    0.671969
2013-05-21 00:00:00,  514.961280,   17.705994,    0.674137
2013-05-22 00:00:00,  512.464320,   17.912869,    0.674398
2013-05-23 00:00:00,  509.967360,   17.316700,    0.674753
2013-05-24 00:00:00,  507.470400,   17.324151,    0.675601
2013-05-25 00:00:00,  504.826560,   17.393589,    0.677071
2013-05-26 00:00:00,  502.329600,   17.460427,    0.676780
2013-05-27 00:00:00,  499.832640,   17.558449,    0.670453
2013-05-28 00:00:00,  497.335680,   17.588814,    0.670829
2013-05-29 00:00:00,  494.838720,   17.096019,    0.671988
2013-05-30 00:00:00,  492.341760,   16.507722,    0.664204
2013-05-31 00:00:00,  489.844800,   16.311143,    0.668586
2013-06-01 00:00:00,  488.082240,   16.114996,    0.691803
2013-06-02 00:00:00,  486.319680,   16.000265,    0.692191
2013-06-03 00:00:00,  483.822720,   16.189728,    0.692648
2013-06-04 00:00:00,  481.325760,   15.962581,    0.692700
2013-06-05 00:00:00,  478.828800,   15.942152,    0.691990
2013-06-06 00:00:00,  476.478720,   16.159781,    0.692136
2013-06-07 00:00:00,  473.981760,   15.887099,    0.692413
2013-06-08 00:00:00,  471.484800,   15.978840,    0.692638
2013-06-09 00:00:00,  469.134720,   16.166625,    0.692485
2013-06-10 00:00:00,  466.784640,   16.275164,    0.692831
2013-06-11 00:00:00,  464.434560,   15.960588,    0.692805
2013-06-12 00:00:00,  462.084480,   15.875081,    0.693450
2013-06-13 00:00:00,  459.734400,   16.108455,    0.693853
2013-06-14 00:00:00,  457.384320,   15.547790,    0.693785
2013-06-15 00:00:00,  455.034240,   15.929863,    0.694266
2013-06-16 00:00:00,  452.684160,   16.061956,    0.694044
2013-06-17 00:00:00,  450.334080,   15.701037,    0.693107
2013-06-18 00:00:00,  448.130880,   15.638134,    0.693690
2013-06-19 00:00:00,  445.927680,   15.673980,    0.694234
2013-06-20 00:00:00,  443.577600,   15.831817,    0.694390
2013-06-21 00:00:00,  441.374400,   15.280630,    0.694501
2013-06-22 00:00:00,  439.318080,   15.086205,    0.694823
2013-06-23 00:00:00,  437.114880,   14.807639,    0.690370
2013-06-24 00:00:00,  434.911680,   14.878007,    0.690634
2013-06-25 00:00:00,  432.855360,   14.941392,    0.690829
2013-06-26 00:00:00,  430.799040,   15.095754,    0.690933
2013-06-27 00:00:00,  428.742720,   15.327040,    0.691104
2013-06-28 00:00:00,  426.686400,   15.250482,    0.691481
2013-06-29 00:00:00,  424.630080,   15.484317,    0.691642
2013-06-30 00:00:00,  422.573760,   15.414656,    0.691811
2013-07-01 00:00:00,  420.223680,   15.392297,    0.691715
2013-07-02 00:00:00,  417.873600,   15.520214,    0.692329
2013-07-03 00:00:00,  415.964160,   15.028644,    0.690584
2013-07-04 00:00:00,  414.201600,   14.947995,    0.690717
2013-07-05 00:00:00,  412.292160,   15.001615,    0.691408
2013-07-06 00:00:00,  410.382720,   14.617877,    0.691514
2013-07-07 00:00:00,  408.620160,   14.681619,    0.691874
2013-07-08 00:00:00,  406.857600,   14.706098,    0.691802
2013-07-09 00:00:00,  405.241920,   14.275585,    0.687271
2013-07-10 00:00:00,  403.626240,   14.521074,    0.687628
2013-07-11 00:00:00,  401.863680,   14.488475,    0.687466
2013-07-12 00:00:00,  400.248000,   14.747265,    0.683587
2013-07-13 00:00:00,  398.779200,   14.747653,    0.683901
2013-07-14 00:00:00,  397.163520,   14.825539,    0.684501
2013-07-15 00:00:00,  395.547840,   15.064465,    0.683669
2013-07-16 00:00:00,  394.079040,   14.642816,    0.683139
2013-07-17 00:00:00,  392.757120,   14.258177,    0.683191
2013-07-18 00:00:00,  391.435200,   14.313275,    0.683822
2013-07-19 00:00:00,  389.966400,   14.198809,    0.683942
2013-07-20 00:00:00,  388.644480,   14.181766,    0.684220
2013-07-21 00:00:00,  387.322560,   14.137709,    0.684516
2013-07-22 00:00:00,  386.000640,   13.814045,    0.684573
2013-07-23 00:00:00,  384.825600,   13.745170,    0.678068
2013-07-24 00:00:00,  383.650560,   13.965887,    0.673809
2013-07-25 00:00:00,  382.475520,   13.990167,    0.673580
2013-07-26 00:00:00,  381.447360,   13.717985,    0.661972
2013-07-27 00:00:00,  380.419200,   13.718508,    0.658302
2013-07-28 00:00:00,  379.391040,   13.814271,    0.658460
2013-07-29 00:00:00,  378.362880,   13.900438,    0.657673
2013-07-30 00:00:00,  377.334720,   13.966354,    0.657680
2013-07-31 00:00:00,  376.453440,   14.393061,    0.657004
2013-08-01 00:00:00,  375.865920,   14.432297,    0.656971
2013-08-02 00:00:00,  375.278400,   14.687295,    0.655569
2013-08-03 00:00:00,  374.397120,   15.122043,    0.655656
2013-08-04 00:00:00,  373.662720,   15.796422,    0.656447
2013-08-05 00:00:00,  372.928320,   16.365856,    0.654084
2013-08-06 00:00:00,  372.193920,   16.613194,    0.653775
2013-08-07 00:00:00,  371.606400,   16.925733,    0.643379
2013-08-08 00:00:00,  371.018880,   16.761612,    0.645511
2013-08-09 00:00:00,  370.431360,   16.890764,    0.645649
2013-08-10 00:00:00,  369.990720,   16.776305,    0.637979
2013-08-11 00:00:00,  369.550080,   16.428577,    0.635310
2013-08-12 00:00:00,  369.109440,   16.321084,    0.637112
2013-08-13 00:00:00,  368.815680,   16.083695,    0.631423
2013-08-14 00:00:00,  368.375040,   15.838844,    0.632303
2013-08-15 00:00:00,  368.081280,   15.158610,    0.629173
2013-08-16 00:00:00,  367.934400,   14.769509,    0.628950
2013-08-17 00:00:00,  367.640640,   15.450484,    0.630428
2013-08-18 00:00:00,  367.493760,   15.463151,    0.630686
2013-08-19 00:00:00,  367.346880,   15.457850,    0.630743
2013-08-20 00:00:00,  367.200000,   15.374799,    0.630875
2013-08-21 00:00:00,  367.200000,   15.810765,    0.630243
2013-08-22 00:00:00,  367.200000,   15.887866,    0.630289
2013-08-23 00:00:00,  367.200000,   16.256645,    0.630668
2013-08-24 00:00:00,  367.346880,   16.462677,    0.631153
2013-08-25 00:00:00,  367.493760,   16.443579,    0.624184
2013-08-26 00:00:00,  367.640640,   16.190005,    0.619230
2013-08-27 00:00:00,  367.934400,   15.746813,    0.612359
2013-08-28 00:00:00,  368.228160,   16.130170,    0.607307
2013-08-29 00:00:00,  368.521920,   16.188263,    0.608119
2013-08-30 00:00:00,  368.815680,   16.250592,    0.610168
2013-08-31 00:00:00,  369.256320,   16.488434,    0.612154
2013-09-01 00:00:00,  369.550080,   16.836119,    0.612477
2013-09-02 00:00:00,  369.843840,   17.754716,    0.612611
2013-09-03 00:00:00,  370.431360,   17.504943,    0.610554
2013-09-04 00:00:00,  371.018880,   17.359592,    0.611373
2013-09-05 00:00:00,  371.606400,   17.297389,    0.611963
2013-09-06 00:00:00,  372.193920,   17.701849,    0.612474
2013-09-07 00:00:00,  372.781440,   17.870623,    0.613129
2013-09-08 00:00:00,  373.515840,   17.780266,    0.612829
2013-09-09 00:00:00,  374.250240,   18.226491,    0.613268
2013-09-10 00:00:00,  374.984640,   18.577705,    0.613921
2013-09-11 00:00:00,  375.865920,   17.318853,    0.600418
2013-09-12 00:00:00,  376.747200,   17.261285,    0.601316
2013-09-13 00:00:00,  377.628480,   16.976860,    0.603186
2013-09-14 00:00:00,  378.656640,   16.140291,    0.597463
2013-09-15 00:00:00,  379.684800,   16.814353,    0.598914
2013-09-16 00:00:00,  380.712960,   15.913829,    0.593396
2013-09-17 00:00:00,  381.741120,   16.089425,    0.595874
2013-09-18 00:00:00,  382.769280,   15.991582,    0.593764
2013-09-19 00:00:00,  383.944320,   16.042667,    0.594457
2013-09-20 00:00:00,  385.119360,   16.293113,    0.593412
2013-09-21 00:00:00,  386.441280,   16.902294,    0.593928
2013-09-22 00:00:00,  387.763200,   16.674407,    0.587188
2013-09-23 00:00:00,  389.085120,   16.739647,    0.587688
2013-09-24 00:00:00,  390.407040,   16.576567,    0.586599
2013-09-25 00:00:00,  391.728960,   17.187077,    0.587510
2013-09-26 00:00:00,  393.197760,   16.926304,    0.586214
2013-09-27 00:00:00,  394.666560,   17.321745,    0.586393
2013-09-28 00:00:00,  396.135360,   18.424198,    0.588006
2013-09-29 00:00:00,  397.604160,   17.575067,    0.568327
2013-09-30 00:00:00,  399.219840,   17.843010,    0.567391
2013-10-01 00:00:00,  401.129280,   18.503115,    0.568044
2013-10-02 00:00:00,  403.038720,   19.838737,    0.568722
2013-10-03 00:00:00,  404.801280,   20.529803,    0.569270
2013-10-04 00:00:00,  406.563840,   20.409286,    0.569477
2013-10-05 00:00:00,  408.326400,   20.783689,    0.564282
2013-10-06 00:00:00,  410.088960,   21.226346,    0.566330
2013-10-07 00:00:00,  411.851520,   20.944834,    0.566731
2013-10-08 00:00:00,  413.614080,   21.254509,    0.567074
2013-10-09 00:00:00,  415.523520,   21.139231,    0.558879
2013-10-10 00:00:00,  417.432960,   21.176844,    0.559176
2013-10-11 00:00:00,  419.342400,   19.975433,    0.562874
2013-10-12 00:00:00,  421.251840,   19.756971,    0.565475
2013-10-13 00:00:00,  423.161280,   19.702161,    0.567346
2013-10-14 00:00:00,  425.217600,   20.241360,    0.568762
2013-10-15 00:00:00,  427.273920,   20.672739,    0.569443
2013-10-16 00:00:00,  429.330240,   20.672339,    0.569795
2013-10-17 00:00:00,  431.386560,   20.842993,    0.569669
2013-10-18 00:00:00,  433.442880,   21.469903,    0.569886
2013-10-19 00:00:00,  435.499200,   20.268548,    0.562428
2013-10-20 00:00:00,  437.702400,   19.732321,    0.555538
2013-10-21 00:00:00,  439.905600,   20.073970,    0.557258
2013-10-22 00:00:00,  442.108800,   20.540523,    0.558941
2013-10-23 00:00:00,  444.312000,   20.902957,    0.560911
2013-10-24 00:00:00,  446.515200,   20.793042,    0.562241
2013-10-25 00:00:00,  448.865280,   20.913056,    0.562123
2013-10-26 00:00:00,  451.068480,   21.704050,    0.562205
2013-10-27 00:00:00,  453.271680,   23.685417,    0.565095
2013-10-28 00:00:00,  455.621760,   23.982701,    0.566401
2013-10-29 00:00:00,  457.971840,   24.537015,    0.567731
2013-10-30 00:00:00,  460.321920,   24.457019,    0.567605
2013-10-31 00:00:00,  462.672000,   24.743453,    0.570124
2013-11-01 00:00:00,  464.434560,   24.538762,    0.571911
2013-11-02 00:00:00,  466.197120,   24.199175,    0.573546
2013-11-03 00:00:00,  468.547200,   23.737475,    0.572739
2013-11-04 00:00:00,  470.897280,   25.236657,    0.575652
2013-11-05 00:00:00,  473.247360,   23.843894,    0.576803
2013-11-06 00:00:00,  475.744320,   23.077633,    0.577387
2013-11-07 00:00:00,  478.241280,   23.295507,    0.577051
2013-11-08 00:00:00,  480.591360,   23.793936,    0.578611
2013-11-09 00:00:00,  483.088320,   24.386632,    0.579889
2013-11-10 00:00:00,  485.585280,   24.462252,    0.580263
2013-11-11 00:00:00,  488.082240,   25.379971,    0.583435
2013-11-12 00:00:00,  490.579200,   24.306681,    0.584732
2013-11-13 00:00:00,  493.076160,   23.749880,    0.586236
2013-11-14 00:00:00,  495.573120,   23.958622,    0.586479
2013-11-15 00:00:00,  498.070080,   24.424628,    0.588597
2013-11-16 00:00:00,  500.567040,   25.869868,    0.591673
2013-11-17 00:00:00,  503.064000,   26.456358,    0.591834
2013-11-18 00:00:00,  505.560960,   24.984706,    0.595232
2013-11-19 00:00:00,  508.057920,   24.081484,    0.596493
2013-11-20 00:00:00,  510.701760,   23.861543,    0.597436
2013-11-21 00:00:00,  513.198720,   24.491213,    0.598696
2013-11-22 00:00:00,  515.695680,   24.236197,    0.599228
2013-11-23 00:00:00,  518.192640,   26.238991,    0.601688
2013-11-24 00:00:00,  520.689600,   24.900545,    0.603206
2013-11-25 00:00:00,  523.333440,   24.827317,    0.604566
2013-11-26 00:00:00,  525.830400,   25.033885,    0.606536
2013-11-27 00:00:00,  528.327360,   25.028547,    0.605387
2013-11-28 00:00:00,  530.824320,   25.510650,    0.606611
2013-11-29 00:00:00,  533.321280,   23.927719,    0.606516
2013-11-30 00:00:00,  535.818240,   23.935199,    0.606974
2013-12-01 00:00:00,  538.902720,   24.822239,    0.608336
2013-12-02 00:00:00,  541.987200,   24.600132,    0.610461
2013-12-03 00:00:00,  544.337280,   23.564844,    0.611500
2013-12-04 00:00:00,  546.834240,   24.503883,    0.613173
2013-12-05 00:00:00,  549.331200,   23.591292,    0.612664
2013-12-06 00:00:00,  551.681280,   24.517152,    0.614645
2013-12-07 00:00:00,  554.178240,   24.701135,    0.618329
2013-12-08 00:00:00,  556.675200,   24.126491,    0.619814
2013-12-09 00:00:00,  559.025280,   24.228768,    0.620214
2013-12-10 00:00:00,  561.375360,   24.689534,    0.622360
2013-12-11 00:00:00,  563.725440,   25.283020,    0.623513
2013-12-12 00:00:00,  566.075520,   26.271002,    0.625162
2013-12-13 00:00:00,  568.425600,   27.071821,    0.626368
2013-12-14 00:00:00,  570.775680,   28.111294,    0.627957
2013-12-15 00:00:00,  573.125760,   29.426061,    0.629646
2013-12-16 00:00:00,  575.475840,   29.124784,    0.629959
2013-12-17 00:00:00,  577.825920,   28.949643,    0.632426
2013-12-18 00:00:00,  580.029120,   26.906961,    0.633438
2013-12-19 00:00:00,  582.232320,   25.885033,    0.633934
2013-12-20 00:00:00,  584.582400,   25.372432,    0.634351
2013-12-21 00:00:00,  586.785600,   25.507792,    0.635632
2013-12-22 00:00:00,  588.988800,   25.612575,    0.637366
2013-12-23 00:00:00,  591.192000,   25.729665,    0.636806
2013-12-24 00:00:00,  593.248320,   26.845721,    0.640147
2013-12-25 00:00:00,  595.304640,   26.786456,    0.641666
2013-12-26 00:00:00,  597.360960,   27.057201,    0.643298
2013-12-27 00:00:00,  599.417280,   26.392730,    0.643525
2013-12-28 00:00:00,  601.473600,   26.371112,    0.644719
2013-12-29 00:00:00,  603.529920,   26.129093,    0.645177
2013-12-30 00:00:00,  605.586240,   26.820955,    0.646239
2013-12-31 00:00:00,  607.495680,   26.230472,    0.647887
2014-01-01 00:00:00,  608.817600,   26.557639,    0.648865
2014-01-02 00:00:00,  610.286400,   26.340254,    0.649873
2014-01-03 00:00:00,  612.195840,   25.556379,    0.650538
2014-01-04 00:00:00,  613.958400,   25.008873,    0.651355
2014-01-05 00:00:00,  615.867840,   25.683947,    0.652498
2014-01-06 00:00:00,  617.777280,   26.805128,    0.653718
2014-01-07 00:00:00,  619.539840,   26.890140,    0.655495
2014-01-08 00:00:00,  621.302400,   26.664547,    0.657345
2014-01-09 00:00:00,  622.918080,   26.489126,    0.658517
2014-01-10 00:00:00,  624.533760,   27.238758,    0.660427
2014-01-11 00:00:00,  626.296320,   28.355232,    0.662620
2014-01-12 00:00:00,  627.912000,   28.778723,    0.664478
2014-01-13 00:00:00,  629.380800,   27.325994,    0.666476
2014-01-14 00:00:00,  630.849600,   26.931740,    0.666300
2014-01-15 00:00:00,  632.465280,   26.780450,    0.667445
2014-01-16 00:00:00,  634.080960,   25.741206,    0.666615
2014-01-17 00:00:00,  635.402880,   26.029615,    0.666135
2014-01-18 00:00:00,  636.724800,   26.651529,    0.667128
2014-01-19 00:00:00,  638.193600,   27.216263,    0.669081
2014-01-20 00:00:00,  639.515520,   27.391152,    0.670862
2014-01-21 00:00:00,  640.837440,   27.764349,    0.673343
2014-01-22 00:00:00,  642.159360,   27.934857,    0.674358
2014-01-23 00:00:00,  643.334400,   28.401214,    0.676774
2014-01-24 00:00:00,  644.509440,   28.067974,    0.678821
2014-01-25 00:00:00,  645.684480,   27.759956,    0.678814
2014-01-26 00:00:00,  646.712640,   27.737153,    0.680543
2014-01-27 00:00:00,  647.740800,   26.337299,    0.680413
2014-01-28 00:00:00,  648.768960,   26.255558,    0.680300
2014-01-29 00:00:00,  649.797120,   26.317249,    0.681530
2014-01-30 00:00:00,  650.825280,   27.113169,    0.683439
2014-01-31 00:00:00,  651.706560,   26.828972,    0.685468
2014-02-01 00:00:00,  652.294080,   26.130583,    0.685996
2014-02-02 00:00:00,  652.881600,   26.161349,    0.687040
2014-02-03 00:00:00,  653.762880,   26.512568,    0.685477
2014-02-04 00:00:00,  654.497280,   27.064864,    0.687197
2014-02-05 00:00:00,  655.084800,   27.052810,    0.689328
2014-02-06 00:00:00,  655.819200,   26.984480,    0.690818
2014-02-07 00:00:00,  656.553600,   25.999075,    0.691986
2014-02-08 00:00:00,  657.141120,   25.408615,    0.693087
2014-02-09 00:00:00,  657.728640,   25.204994,    0.692567
2014-02-10 00:00:00,  658.169280,   24.742702,    0.693508
2014-02-11 00:00:00,  658.609920,   25.414897,    0.695955
2014-02-12 00:00:00,  659.050560,   25.455214,    0.696593
2014-02-13 00:00:00,  659.344320,   26.067438,    0.697344
2014-02-14 00:00:00,  659.784960,   27.193276,    0.699118
2014-02-15 00:00:00,  660.078720,   27.197246,    0.700318
2014-02-16 00:00:00,  660.225600,   26.129328,    0.701575
2014-02-17 00:00:00,  660.519360,   26.446989,    0.702986
2014-02-18 00:00:00,  660.666240,   26.429359,    0.704666
2014-02-19 00:00:00,  660.813120,   26.550604,    0.705480
2014-02-20 00:00:00,  660.960000,   26.751369,    0.706584
2014-02-21 00:00:00,  660.960000,   26.757638,    0.707780
2014-02-22 00:00:00,  660.960000,   26.698589,    0.709801
2014-02-23 00:00:00,  660.960000,   27.291655,    0.710915
2014-02-24 00:00:00,  660.813120,   27.124806,    0.712565
2014-02-25 00:00:00,  660.666240,   26.812741,    0.713960
2014-02-26 00:00:00,  660.519360,   26.524279,    0.714355
2014-02-27 00:00:00,  660.225600,   26.106053,    0.715466
2014-02-28 00:00:00,  659.931840,   26.402003,    0.716826
2014-03-01 00:00:00,  659.197440,   26.944174,    0.717942
2014-03-02 00:00:00,  658.316160,   27.133621,    0.719215
2014-03-03 00:00:00,  657.728640,   26.248677,    0.720405
2014-03-04 00:00:00,  657.141120,   25.673382,    0.718997
2014-03-05 00:00:00,  656.553600,   25.352829,    0.719606
2014-03-06 00:00:00,  655.966080,   25.953171,    0.717330
2014-03-07 00:00:00,  655.378560,   26.238032,    0.719097
2014-03-08 00:00:00,  654.644160,   25.252235,    0.719957
2014-03-09 00:00:00,  653.909760,   24.971230,    0.720640
2014-03-10 00:00:00,  653.175360,   24.440276,    0.720095
2014-03-11 00:00:00,  652.294080,   24.278789,    0.716231
2014-03-12 00:00:00,  651.412800,   25.087936,    0.716076
2014-03-13 00:00:00,  650.531520,   24.488002,    0.716879
2014-03-14 00:00:00,  649.503360,   23.652744,    0.716645
2014-03-15 00:00:00,  648.475200,   23.598591,    0.715831
2014-03-16 00:00:00,  647.447040,   24.017553,    0.716280
2014-03-17 00:00:00,  646.418880,   23.721988,    0.716746
2014-03-18 00:00:00,  645.390720,   24.343059,    0.718050
2014-03-19 00:00:00,  644.215680,   24.373522,    0.719360
2014-03-20 00:00:00,  643.040640,   24.157058,    0.720747
2014-03-21 00:00:00,  641.718720,   24.119046,    0.720519
2014-03-22 00:00:00,  640.396800,   24.395112,    0.722793
2014-03-23 00:00:00,  639.221760,   24.593265,    0.723727
2014-03-24 00:00:00,  637.899840,   24.260918,    0.724545
2014-03-25 00:00:00,  636.431040,   23.613450,    0.720191
2014-03-26 00:00:00,  634.962240,   23.728004,    0.720547
2014-03-27 00:00:00,  633.493440,   24.139993,    0.721343
2014-03-28 00:00:00,  632.024640,   24.810302,    0.721463
2014-03-29 00:00:00,  630.555840,   23.319042,    0.719134
2014-03-30 00:00:00,  629.087040,   22.617943,    0.717016
2014-03-31 00:00:00,  627.471360,   22.308049,    0.716783
2014-04-01 00:00:00,  626.296320,   21.998204,    0.715588
2014-04-02 00:00:00,  625.121280,   21.837102,    0.716124
2014-04-03 00:00:00,  623.358720,   21.926964,    0.716942
2014-04-04 00:00:00,  621.596160,   21.343382,    0.716563
2014-04-05 00:00:00,  619.833600,   21.856179,    0.716802
2014-04-06 00:00:00,  618.071040,   22.264949,    0.717619
2014-04-07 00:00:00,  616.308480,   22.177999,    0.718379
2014-04-08 00:00:00,  614.545920,   22.613174,    0.718555
2014-04-09 00:00:00,  612.783360,   22.995251,    0.719590
2014-04-10 00:00:00,  610.873920,   22.570835,    0.721039
2014-04-11 00:00:00,  608.964480,   23.013499,    0.720918
2014-04-12 00:00:00,  607.055040,   23.982290,    0.722759
2014-04-13 00:00:00,  604.998720,   24.436317,    0.723611
2014-04-14 00:00:00,  602.942400,   24.863796,    0.724427
2014-04-15 00:00:00,  600.886080,   24.589906,    0.725302
2014-04-16 00:00:00,  598.829760,   23.958232,    0.725561
2014-04-17 00:00:00,  596.773440,   23.551736,    0.726376
2014-04-18 00:00:00,  594.717120,   22.919178,    0.726057
2014-04-19 00:00:00,  592.660800,   22.303236,    0.725802
2014-04-20 00:00:00,  590.457600,   21.875417,    0.725413
2014-04-21 00:00:00,  588.254400,   21.586110,    0.725070
2014-04-22 00:00:00,  586.198080,   21.489834,    0.724051
2014-04-23 00:00:00,  583.994880,   21.211962,    0.724118
2014-04-24 00:00:00,  581.644800,   20.713755,    0.723977
2014-04-25 00:00:00,  579.441600,   20.899736,    0.722511
2014-04-26 00:00:00,  577.238400,   20.558414,    0.718554
2014-04-27 00:00:00,  574.888320,   20.598902,    0.718302
2014-04-28 00:00:00,  572.538240,   19.942446,    0.717374
2014-04-29 00:00:00,  570.188160,   19.881014,    0.715906
2014-04-30 00:00:00,  567.838080,   19.889029,    0.716071
2014-05-01 00:00:00,  565.047360,   19.475283,    0.715899
2014-05-02 00:00:00,  562.109760,   19.310314,    0.715074
2014-05-03 00:00:00,  559.612800,   19.698850,    0.714991
2014-05-04 00:00:00,  557.262720,   19.193713,    0.715305
2014-05-05 00:00:00,  554.912640,   18.896201,    0.714353
2014-05-06 00:00:00,  552.415680,   19.530733,    0.714333
2014-05-07 00:00:00,  549.918720,   18.990778,    0.697800
2014-05-08 00:00:00,  547.568640,   18.341586,    0.700669
2014-05-09 00:00:00,  545.071680,   18.478786,    0.701132
2014-05-10 00:00:00,  542.574720,   19.071205,    0.701649
2014-05-11 00:00:00,  540.077760,   18.903208,    0.701827
2014-05-12 00:00:00,  537.580800,   18.599961,    0.702226
2014-05-13 00:00:00,  535.083840,   18.783196,    0.702631
2014-05-14 00:00:00,  532.586880,   18.553201,    0.702863
2014-05-15 00:00:00,  530.089920,   18.830106,    0.701587
2014-05-16 00:00:00,  527.592960,   18.911535,    0.701061
2014-05-17 00:00:00,  525.096000,   19.176913,    0.692114
2014-05-18 00:00:00,  522.599040,   18.991957,    0.695793
2014-05-19 00:00:00,  520.102080,   19.198986,    0.696043
2014-05-20 00:00:00,  517.458240,   19.057192,    0.693557
2014-05-21 00:00:00,  514.961280,   19.000369,    0.694095
2014-05-22 00:00:00,  512.464320,   18.831534,    0.695108
2014-05-23 00:00:00,  509.967360,   18.429708,    0.690172
2014-05-24 00:00:00,  507.470400,   17.894918,    0.692427
2014-05-25 00:00:00,  504.826560,   17.687168,    0.694103
2014-05-26 00:00:00,  502.329600,   17.672582,    0.694433
2014-05-27 00:00:00,  499.832640,   17.628511,    0.692570
2014-05-28 00:00:00,  497.335680,   17.496187,    0.693278
2014-05-29 00:00:00,  494.838720,   17.833405,    0.693829
2014-05-30 00:00:00,  492.341760,   17.501455,    0.694080
2014-05-31 00:00:00,  489.844800,   16.973870,    0.695777
2014-06-01 00:00:00,  488.082240,   17.326065,    0.697158
2014-06-02 00:00:00,  486.319680,   17.573380,    0.697081
2014-06-03 00:00:00,  483.822720,   17.198564,    0.697395
2014-06-04 00:00:00,  481.325760,   17.396139,    0.697462
2014-06-05 00:00:00,  478.828800,   17.225268,    0.697844
2014-06-06 00:00:00,  476.478720,   16.892494,    0.699529
2014-06-07 00:00:00,  473.981760,   16.538572,    0.705691
2014-06-08 00:00:00,  471.484800,   16.355117,    0.718377
2014-06-09 00:00:00,  469.134720,   16.486378,    0.717812
2014-06-10 00:00:00,  466.784640,   16.165839,    0.715868
2014-06-11 00:00:00,  464.434560,   16.157610,    0.716305
2014-06-12 00:00:00,  462.084480,   16.082359,    0.716482
2014-06-13 00:00:00,  459.734400,   15.931740,    0.716613
2014-06-14 00:00:00,  457.384320,   15.936114,    0.716856
2014-06-15 00:00:00,  455.034240,   15.871678,    0.717100
2014-06-16 00:00:00,  452.684160,   15.603239,    0.717213
2014-06-17 00:00:00,  450.334080,   15.137738,    0.706014
2014-06-18 00:00:00,  448.130880,   15.042754,    0.705468
2014-06-19 00:00:00,  445.927680,   15.085273,    0.705079
2014-06-20 00:00:00,  443.577600,   15.077505,    0.704857
2014-06-21 00:00:00,  441.374400,   14.926408,    0.695864
2014-06-22 00:00:00,  439.318080,   14.640381,    0.695690
2014-06-23 00:00:00,  437.114880,   14.920942,    0.696253
2014-06-24 00:00:00,  434.911680,   14.927918,    0.696171
2014-06-25 00:00:00,  432.855360,   14.810521,    0.696331
2014-06-26 00:00:00,  430.799040,   14.515316,    0.696234
2014-06-27 00:00:00,  428.742720,   14.767447,    0.696763
2014-06-28 00:00:00,  426.686400,   14.607882,    0.696903
2014-06-29 00:00:00,  424.630080,   14.048972,    0.696940
2014-06-30 00:00:00,  422.573760,   13.934864,    0.697216
2014-07-01 00:00:00,  420.223680,   14.165459,    0.697355
2014-07-02 00:00:00,  417.873600,   14.267481,    0.693399
2014-07-03 00:00:00,  415.964160,   14.244783,    0.693855
2014-07-04 00:00:00,  414.201600,   14.073383,    0.693447
2014-07-05 00:00:00,  412.292160,   14.340008,    0.693532
2014-07-06 00:00:00,  410.382720,   14.346711,    0.691099
2014-07-07 00:00:00,  408.620160,   14.081020,    0.690635
2014-07-08 00:00:00,  406.857600,   13.859274,    0.689743
2014-07-09 00:00:00,  405.241920,   13.957279,    0.689992
2014-07-10 00:00:00,  403.626240,   14.123877,    0.690114
2014-07-11 00:00:00,  401.863680,   14.136173,    0.690078
2014-07-12 00:00:00,  400.248000,   14.205135,    0.690520
2014-07-13 00:00:00,  398.779200,   13.877752,    0.690534
2014-07-14 00:00:00,  397.163520,   13.851295,    0.685325
2014-07-15 00:00:00,  395.547840,   13.917227,    0.685505
2014-07-16 00:00:00,  394.079040,   14.343232,    0.685612
2014-07-17 00:00:00,  392.757120,   14.175762,    0.686232
2014-07-18 00:00:00,  391.435200,   14.508476,    0.686306
2014-07-19 00:00:00,  389.966400,   13.904612,    0.684831
2014-07-20 00:00:00,  388.644480,   14.445677,    0.676897
2014-07-21 00:00:00,  387.322560,   14.002682,    0.679157
2014-07-22 00:00:00,  386.000640,   13.887278,    0.676311
2014-07-23 00:00:00,  384.825600,   13.865535,    0.676424
2014-07-24 00:00:00,  383.650560,   14.252673,    0.676377
2014-07-25 00:00:00,  382.475520,   14.166249,    0.676422
2014-07-26 00:00:00,  381.447360,   14.228893,    0.674920
2014-07-27 00:00:00,  380.419200,   14.307375,    0.675086
2014-07-28 00:00:00,  379.391040,   14.452016,    0.675255
2014-07-29 00:00:00,  378.362880,   14.625018,    0.675190
2014-07-30 00:00:00,  377.334720,   14.752495,    0.675237
2014-07-31 00:00:00,  376.453440,   14.834214,    0.675776
2014-08-01 00:00:00,  375.865920,   14.919005,    0.675860
2014-08-02 00:00:00,  375.278400,   14.747471,    0.675919
2014-08-03 00:00:00,  374.397120,   15.114016,    0.675898
2014-08-04 00:00:00,  373.662720,   15.037599,    0.676152
2014-08-05 00:00:00,  372.928320,   15.263628,    0.676628
2014-08-06 00:00:00,  372.193920,   15.505768,    0.677196
2014-08-07 00:00:00,  371.606400,   15.365130,    0.676318
2014-08-08 00:00:00,  371.018880,   15.636019,    0.676355
2014-08-09 00:00:00,  370.431360,   15.845369,    0.676578
2014-08-10 00:00:00,  369.990720,   16.215017,    0.677023
2014-08-11 00:00:00,  369.550080,   16.482625,    0.677370
2014-08-12 00:00:00,  369.109440,   15.950383,    0.677958
2014-08-13 00:00:00,  368.815680,   16.000231,    0.678644
2014-08-14 00:00:00,  368.375040,   15.711552,    0.679107
2014-08-15 00:00:00,  368.081280,   16.062944,    0.679095
2014-08-16 00:00:00,  367.934400,   16.861260,    0.679099
2014-08-17 00:00:00,  367.640640,   17.192705,    0.670564
2014-08-18 00:00:00,  367.493760,   16.819527,    0.670035
2014-08-19 00:00:00,  367.346880,   17.003817,    0.670275
2014-08-20 00:00:00,  367.200000,   17.286306,    0.669847
2014-08-21 00:00:00,  367.200000,   17.397303,    0.669846
2014-08-22 00:00:00,  367.200000,   17.620081,    0.670994
2014-08-23 00:00:00,  367.200000,   17.416412,    0.670908
2014-08-24 00:00:00,  367.346880,   17.756462,    0.671433
2014-08-25 00:00:00,  367.493760,   18.548018,    0.671868
2014-08-26 00:00:00,  367.640640,   18.145081,    0.672336
2014-08-27 00:00:00,  367.934400,   18.644043,    0.672388
2014-08-28 00:00:00,  368.228160,   18.694366,    0.673216
2014-08-29 00:00:00,  368.521920,   18.310257,    0.629485
2014-08-30 00:00:00,  368.815680,   17.768414,    0.632688
2014-08-31 00:00:00,  369.256320,   17.475075,    0.632458
2014-09-01 00:00:00,  369.550080,   17.521486,    0.635474
2014-09-02 00:00:00,  369.843840,   17.466860,    0.635714
2014-09-03 00:00:00,  370.431360,   17.717932,    0.635953
2014-09-04 00:00:00,  371.018880,   17.935461,    0.637824
2014-09-05 00:00:00,  371.606400,   18.244354,    0.637951
2014-09-06 00:00:00,  372.193920,   18.480939,    0.634572
2014-09-07 00:00:00,  372.781440,   17.653413,    0.635702
2014-09-08 00:00:00,  373.515840,   16.591165,    0.640336
2014-09-09 00:00:00,  374.250240,   16.626556,    0.642828
2014-09-10 00:00:00,  374.984640,   17.589996,    0.643207
2014-09-11 00:00:00,  375.865920,   17.572775,    0.643247
2014-09-12 00:00:00,  376.747200,   19.106337,    0.644314
2014-09-13 00:00:00,  377.628480,   19.451231,    0.645123
2014-09-14 00:00:00,  378.656640,   19.664883,    0.645153
2014-09-15 00:00:00,  379.684800,   19.641515,    0.646545
2014-09-16 00:00:00,  380.712960,   19.561258,    0.646673
2014-09-17 00:00:00,  381.741120,   19.842618,    0.647261
2014-09-18 00:00:00,  382.769280,   20.501691,    0.647954
2014-09-19 00:00:00,  383.944320,   21.423349,    0.648755
2014-09-20 00:00:00,  385.119360,   21.823471,    0.650296
2014-09-21 00:00:00,  386.441280,   19.547985,    0.634692
2014-09-22 00:00:00,  387.763200,   19.303799,    0.630472
2014-09-23 00:00:00,  389.085120,   19.245050,    0.631091
2014-09-24 00:00:00,  390.407040,   19.376451,    0.631173
2014-09-25 00:00:00,  391.728960,   19.959856,    0.631227
2014-09-26 00:00:00,  393.197760,   20.661498,    0.633587
2014-09-27 00:00:00,  394.666560,   18.703199,    0.632687
2014-09-28 00:00:00,  396.135360,   18.060939,    0.633618
2014-09-29 00:00:00,  397.604160,   18.488688,    0.634127
2014-09-30 00:00:00,  399.219840,   19.569211,    0.634750
2014-10-01 00:00:00,  401.129280,   20.368028,    0.635645
2014-10-02 00:00:00,  403.038720,   21.399604,    0.636888
2014-10-03 00:00:00,  404.801280,   22.199412,    0.637745
2014-10-04 00:00:00,  406.563840,   23.058374,    0.638469
2014-10-05 00:00:00,  408.326400,   20.572596,    0.636548
2014-10-06 00:00:00,  410.088960,   20.501016,    0.636698
2014-10-07 00:00:00,  411.851520,   20.830762,    0.637373
2014-10-08 00:00:00,  413.614080,   21.526710,    0.638144
2014-10-09 00:00:00,  415.523520,   22.123965,    0.639855
2014-10-10 00:00:00,  417.432960,   22.200215,    0.640907
2014-10-11 00:00:00,  419.342400,   21.800325,    0.641528
2014-10-12 00:00:00,  421.251840,   21.497698,    0.642147
2014-10-13 00:00:00,  423.161280,   21.734683,    0.642987
2014-10-14 00:00:00,  425.217600,   22.429240,    0.644170
2014-10-15 00:00:00,  427.273920,   23.497564,    0.645743
2014-10-16 00:00:00,  429.330240,   24.107435,    0.647122
2014-10-17 00:00:00,  431.386560,   24.404883,    0.645388
2014-10-18 00:00:00,  433.442880,   22.343266,    0.631677
2014-10-19 00:00:00,  435.499200,   21.053284,    0.633639
2014-10-20 00:00:00,  437.702400,   21.171852,    0.634447
2014-10-21 00:00:00,  439.905600,   22.125357,    0.635360
2014-10-22 00:00:00,  442.108800,   22.311479,    0.636096
2014-10-23 00:00:00,  444.312000,   22.799857,    0.637168
2014-10-24 00:00:00,  446.515200,   23.025484,    0.637590
2014-10-25 00:00:00,  448.865280,   22.755068,    0.638588
2014-10-26 00:00:00,  451.068480,   22.830127,    0.640069
2014-10-27 00:00:00,  453.271680,   23.084174,    0.641162
2014-10-28 00:00:00,  455.621760,   22.875140,    0.642029
2014-10-29 00:00:00,  457.971840,   22.759388,    0.643096
2014-10-30 00:00:00,  460.321920,   22.323766,    0.644044
2014-10-31 00:00:00,  462.672000,   22.589265,    0.645134
2014-11-01 00:00:00,  464.434560,   23.016429,    0.645569
2014-11-02 00:00:00,  466.197120,   22.962098,    0.647369
2014-11-03 00:00:00,  468.547200,   22.884458,    0.648861
2014-11-04 00:00:00,  470.897280,   23.270923,    0.649813
2014-11-05 00:00:00,  473.247360,   23.489275,    0.651492
2014-11-06 00:00:00,  475.744320,   22.349097,    0.650899
2014-11-07 00:00:00,  478.241280,   22.272464,    0.652179
2014-11-08 00:00:00,  480.591360,   22.460589,    0.652884
2014-11-09 00:00:00,  483.088320,   23.797092,    0.653832
2014-11-10 00:00:00,  485.585280,   23.266516,    0.654822
2014-11-11 00:00:00,  488.082240,   23.989305,    0.656284
2014-11-12 00:00:00,  490.579200,   23.186904,    0.656966
2014-11-13 00:00:00,  493.076160,   22.100325,    0.658088
2014-11-14 00:00:00,  495.573120,   22.321227,    0.659086
2014-11-15 00:00:00,  498.070080,   22.732154,    0.660570
2014-11-16 00:00:00,  500.567040,   23.113220,    0.661546
2014-11-17 00:00:00,  503.064000,   23.440976,    0.661576
2014-11-18 00:00:00,  505.560960,   24.671250,    0.663832
2014-11-19 00:00:00,  508.057920,   25.125453,    0.665100
2014-11-20 00:00:00,  510.701760,   24.758264,    0.663619
2014-11-21 00:00:00,  513.198720,   24.447345,    0.664852
2014-11-22 00:00:00,  515.695680,   24.256774,    0.665947
2014-11-23 00:00:00,  518.192640,   23.597394,    0.667644
2014-11-24 00:00:00,  520.689600,   23.648965,    0.668703
2014-11-25 00:00:00,  523.333440,   24.028959,    0.670383
2014-11-26 00:00:00,  525.830400,   23.361213,    0.660577
2014-11-27 00:00:00,  528.327360,   23.959274,    0.658505
2014-11-28 00:00:00,  530.824320,   24.298697,    0.659776
2014-11-29 00:00:00,  533.321280,   25.023510,    0.661191
2014-11-30 00:00:00,  535.818240,   25.185496,    0.662584
2014-12-01 00:00:00,  538.902720,   24.441529,    0.663682
2014-12-02 00:00:00,  541.987200,   24.541109,    0.665118
2014-12-03 00:00:00,  544.337280,   24.813078,    0.666710
2014-12-04 00:00:00,  546.834240,   24.804503,    0.667907
2014-12-05 00:00:00,  549.331200,   23.613728,    0.668364
2014-12-06 00:00:00,  551.681280,   24.887215,    0.669776
2014-12-07 00:00:00,  554.178240,   25.344961,    0.671305
2014-12-08 00:00:00,  556.675200,   24.177227,    0.672649
2014-12-09 00:00:00,  559.025280,   23.424881,    0.673981
2014-12-10 00:00:00,  561.375360,   23.811426,    0.674710
2014-12-11 00:00:00,  563.725440,   24.508354,    0.675839
2014-12-12 00:00:00,  566.075520,   24.108433,    0.677514
2014-12-13 00:00:00,  568.425600,   23.958509,    0.679262
2014-12-14 00:00:00,  570.775680,   23.942557,    0.680723
2014-12-15 00:00:00,  573.125760,   23.928812,    0.682002
2014-12-16 00:00:00,  575.475840,   24.334887,    0.683879
2014-12-17 00:00:00,  577.825920,   23.951011,    0.685028
2014-12-18 00:00:00,  580.029120,   24.685888,    0.686391
2014-12-19 00:00:00,  582.232320,   25.812374,    0.688336
2014-12-20 00:00:00,  584.582400,   25.257557,    0.690424
2014-12-21 00:00:00,  586.785600,   25.287113,    0.692116
2014-12-22 00:00:00,  588.988800,   25.548589,    0.693118
2014-12-23 00:00:00,  591.192000,   25.547079,    0.695311
2014-12-24 00:00:00,  593.248320,   25.359709,    0.696150
2014-12-25 00:00:00,  595.304640,   25.685058,    0.697908
2014-12-26 00:00:00,  597.360960,   25.950480,    0.699356
2014-12-27 00:00:00,  599.417280,   26.638808,    0.701462
2014-12-28 00:00:00,  601.473600,   26.352018,    0.703000
2014-12-29 00:00:00,  603.529920,   27.050252,    0.704483
2014-12-30 00:00:00,  605.586240,   27.336469,    0.706328
2014-12-31 00:00:00,  607.495680,   26.935303,    0.708017
2015-01-01 00:00:00,  608.817600,   26.883651,    0.709610
2015-01-02 00:00:00,  610.286400,   25.426593,    0.709678
2015-01-03 00:00:00,  612.195840,   25.519957,    0.709793
2015-01-04 00:00:00,  613.958400,   26.239050,    0.711459
2015-01-05 00:00:00,  615.867840,   27.510823,    0.712969
2015-01-06 00:00:00,  617.777280,   27.686242,    0.715129
2015-01-07 00:00:00,  619.539840,   26.858203,    0.717124
2015-01-08 00:00:00,  621.302400,   26.115356,    0.718807
2015-01-09 00:00:00,  622.918080,   25.664007,    0.719816
2015-01-10 00:00:00,  624.533760,   26.047006,    0.721867
2015-01-11 00:00:00,  626.296320,   26.056201,    0.722784
2015-01-12 00:00:00,  627.912000,   26.946249,    0.725068
2015-01-13 00:00:00,  629.380800,   27.536680,    0.726906
2015-01-14 00:00:00,  630.849600,   28.046684,    0.729205
2015-01-15 00:00:00,  632.465280,   26.898751,    0.728854
2015-01-16 00:00:00,  634.080960,   27.017492,    0.729610
2015-01-17 00:00:00,  635.402880,   27.563673,    0.732341
2015-01-18 00:00:00,  636.724800,   28.548639,    0.733321
2015-01-19 00:00:00,  638.193600,   28.877931,    0.735073
2015-01-20 00:00:00,  639.515520,   29.991306,    0.736965
2015-01-21 00:00:00,  640.837440,   28.608030,    0.737972
2015-01-22 00:00:00,  642.159360,   26.785497,    0.736511
2015-01-23 00:00:00,  643.334400,   26.422459,    0.738711
2015-01-24 00:00:00,  644.509440,   25.768518,    0.737447
2015-01-25 00:00:00,  645.684480,   26.256398,    0.739749
2015-01-26 00:00:00,  646.712640,   26.597448,    0.741311
2015-01-27 00:00:00,  647.740800,   26.697466,    0.742641
2015-01-28 00:00:00,  648.768960,   28.185388,    0.744664
2015-01-29 00:00:00,  649.797120,   28.392873,    0.746748
2015-01-30 00:00:00,  650.825280,   28.828878,    0.749190
2015-01-31 00:00:00,  651.706560,   27.581937,    0.750035
2015-02-01 00:00:00,  652.294080,   27.583047,    0.751693
2015-02-02 00:00:00,  652.881600,   27.646083,    0.739358
2015-02-03 00:00:00,  653.762880,   28.062653,    0.746125
2015-02-04 00:00:00,  654.497280,   29.018488,    0.747708
2015-02-05 00:00:00,  655.084800,   29.057646,    0.749440
2015-02-06 00:00:00,  655.819200,   27.978435,    0.750681
2015-02-07 00:00:00,  656.553600,   27.974529,    0.751749
2015-02-08 00:00:00,  657.141120,   28.833877,    0.753471
2015-02-09 00:00:00,  657.728640,   28.661709,    0.755611
2015-02-10 00:00:00,  658.169280,   28.354786,    0.757213
2015-02-11 00:00:00,  658.609920,   28.555502,    0.757773
2015-02-12 00:00:00,  659.050560,   28.061618,    0.758763
2015-02-13 00:00:00,  659.344320,   27.413994,    0.759107
2015-02-14 00:00:00,  659.784960,   26.289623,    0.758835
2015-02-15 00:00:00,  660.078720,   26.149294,    0.757782
2015-02-16 00:00:00,  660.225600,   26.224013,    0.758526
2015-02-17 00:00:00,  660.519360,   25.848648,    0.759224
2015-02-18 00:00:00,  660.666240,   26.710904,    0.760084
2015-02-19 00:00:00,  660.813120,   26.547036,    0.761859
2015-02-20 00:00:00,  660.960000,   26.233743,    0.763237
2015-02-21 00:00:00,  660.960000,   26.101505,    0.764275
2015-02-22 00:00:00,  660.960000,   25.636023,    0.765451
2015-02-23 00:00:00,  660.960000,   25.963517,    0.761273
2015-02-24 00:00:00,  660.813120,   27.070076,    0.764035
2015-02-25 00:00:00,  660.666240,   28.031411,    0.765114
2015-02-26 00:00:00,  660.519360,   28.779080,    0.766480
2015-02-27 00:00:00,  660.225600,   27.341540,    0.768369
2015-02-28 00:00:00,  659.931840,   26.791989,    0.769774
2015-03-01 00:00:00,  659.197440,   26.177544,    0.770967
2015-03-02 00:00:00,  658.316160,   25.690799,    0.770550
2015-03-03 00:00:00,  657.728640,   25.776260,    0.771227
2015-03-04 00:00:00,  657.141120,   25.967322,    0.772115
2015-03-05 00:00:00,  656.553600,   26.075620,    0.773021
2015-03-06 00:00:00,  655.966080,   26.411433,    0.774236
2015-03-07 00:00:00,  655.378560,   26.660949,    0.775799
2015-03-08 00:00:00,  654.644160,   26.554623,    0.777118
2015-03-09 00:00:00,  653.909760,   26.675416,    0.778600
2015-03-10 00:00:00,  653.175360,   26.339823,    0.778926
2015-03-11 00:00:00,  652.294080,   26.373251,    0.778753
2015-03-12 00:00:00,  651.412800,   26.923863,    0.779736
2015-03-13 00:00:00,  650.531520,   25.888635,    0.778593
2015-03-14 00:00:00,  649.503360,   25.257281,    0.766577
2015-03-15 00:00:00,  648.475200,   25.556532,    0.767620
2015-03-16 00:00:00,  647.447040,   25.319124,    0.768266
2015-03-17 00:00:00,  646.418880,   25.208434,    0.768952
2015-03-18 00:00:00,  645.390720,   24.625578,    0.764085
2015-03-19 00:00:00,  644.215680,   24.598481,    0.764919
2015-03-20 00:00:00,  643.040640,   24.622663,    0.765582
2015-03-21 00:00:00,  641.718720,   24.112430,    0.766110
2015-03-22 00:00:00,  640.396800,   23.467099,    0.764888
2015-03-23 00:00:00,  639.221760,   23.082613,    0.762552
2015-03-24 00:00:00,  637.899840,   22.727948,    0.763089
2015-03-25 00:00:00,  636.431040,   22.732859,    0.763951
2015-03-26 00:00:00,  634.962240,   22.989467,    0.764745
2015-03-27 00:00:00,  633.493440,   23.196097,    0.765510
2015-03-28 00:00:00,  632.024640,   23.275799,    0.766660
2015-03-29 00:00:00,  630.555840,   23.816943,    0.767366
2015-03-30 00:00:00,  629.087040,   23.064322,    0.767696
2015-03-31 00:00:00,  627.471360,   23.168143,    0.768219
2015-04-01 00:00:00,  626.296320,   23.047532,    0.768738
2015-04-02 00:00:00,  625.121280,   22.950231,    0.768281
2015-04-03 00:00:00,  623.358720,   23.281267,    0.768961
2015-04-04 00:00:00,  621.596160,   22.795493,    0.769500
2015-04-05 00:00:00,  619.833600,   22.893026,    0.769971
2015-04-06 00:00:00,  618.071040,   21.940067,    0.766287
2015-04-07 00:00:00,  616.308480,   21.147293,    0.755349
2015-04-08 00:00:00,  614.545920,   20.939481,    0.753605
2015-04-09 00:00:00,  612.783360,   20.741966,    0.737949
2015-04-10 00:00:00,  610.873920,   20.853691,    0.735882
2015-04-11 00:00:00,  608.964480,   20.912678,    0.736061
2015-04-12 00:00:00,  607.055040,   20.526674,    0.735200
2015-04-13 00:00:00,  604.998720,   21.348141,    0.735785
2015-04-14 00:00:00,  602.942400,   20.783035,    0.736065
2015-04-15 00:00:00,  600.886080,   20.409226,    0.736510
2015-04-16 00:00:00,  598.829760,   20.683883,    0.737144
2015-04-17 00:00:00,  596.773440,   20.634475,    0.737197
2015-04-18 00:00:00,  594.717120,   20.843607,    0.738194
2015-04-19 00:00:00,  592.660800,   20.783690,    0.738709
2015-04-20 00:00:00,  590.457600,   21.091627,    0.739099
2015-04-21 00:00:00,  588.254400,   21.138882,    0.739804
2015-04-22 00:00:00,  586.198080,   21.242041,    0.740402
2015-04-23 00:00:00,  583.994880,   20.788712,    0.741261
2015-04-24 00:00:00,  581.644800,   20.021555,    0.740729
2015-04-25 00:00:00,  579.441600,   19.915799,    0.741317
2015-04-26 00:00:00,  577.238400,   19.766677,    0.741411
2015-04-27 00:00:00,  574.888320,   19.589461,    0.741516
2015-04-28 00:00:00,  572.538240,   19.517982,    0.741710
2015-04-29 00:00:00,  570.188160,   19.670016,    0.742404
2015-04-30 00:00:00,  567.838080,   19.337326,    0.738263
2015-05-01 00:00:00,  565.047360,   19.275983,    0.739335
2015-05-02 00:00:00,  562.109760,   19.154361,    0.739785
2015-05-03 00:00:00,  559.612800,   18.808846,    0.737797
2015-05-04 00:00:00,  557.262720,   18.135130,    0.737819
2015-05-05 00:00:00,  554.912640,   18.015375,    0.738306
2015-05-06 00:00:00,  552.415680,   18.416395,    0.738638
2015-05-07 00:00:00,  549.918720,   18.209941,    0.738917
2015-05-08 00:00:00,  547.568640,   18.435193,    0.739305
2015-05-09 00:00:00,  545.071680,   18.701936,    0.739684
2015-05-10 00:00:00,  542.574720,   18.642069,    0.739994
2015-05-11 00:00:00,  540.077760,   18.820511,    0.740622
2015-05-12 00:00:00,  537.580800,   18.524109,    0.741063
2015-05-13 00:00:00,  535.083840,   18.144871,    0.741159
2015-05-14 00:00:00,  532.586880,   18.195928,    0.741404
2015-05-15 00:00:00,  530.089920,   17.684734,    0.742118
2015-05-16 00:00:00,  527.592960,   17.103014,    0.730796
2015-05-17 00:00:00,  525.096000,   16.850324,    0.718551
2015-05-18 00:00:00,  522.599040,   16.727945,    0.721481
2015-05-19 00:00:00,  520.102080,   16.528501,    0.727152
2015-05-20 00:00:00,  517.458240,   16.377747,    0.731204
2015-05-21 00:00:00,  514.961280,   16.217742,    0.731534
2015-05-22 00:00:00,  512.464320,   16.479132,    0.732041
2015-05-23 00:00:00,  509.967360,   16.603981,    0.731836
2015-05-24 00:00:00,  507.470400,   16.868227,    0.732362
2015-05-25 00:00:00,  504.826560,   16.943047,    0.732264
2015-05-26 00:00:00,  502.329600,   16.874025,    0.732904
2015-05-27 00:00:00,  499.832640,   16.694523,    0.733367
2015-05-28 00:00:00,  497.335680,   16.417933,    0.733423
2015-05-29 00:00:00,  494.838720,   16.338996,    0.733336
2015-05-30 00:00:00,  492.341760,   16.513618,    0.733862
2015-05-31 00:00:00,  489.844800,   16.493515,    0.733890
2015-06-01 00:00:00,  488.082240,   15.891007,    0.734121
2015-06-02 00:00:00,  486.319680,   15.892028,    0.730900
2015-06-03 00:00:00,  483.822720,   16.084630,    0.731076
2015-06-04 00:00:00,  481.325760,   16.347118,    0.731181
2015-06-05 00:00:00,  478.828800,   16.821502,    0.731208
2015-06-06 00:00:00,  476.478720,   16.994100,    0.729710
2015-06-07 00:00:00,  473.981760,   17.193088,    0.730043
2015-06-08 00:00:00,  471.484800,   16.939039,    0.730601
2015-06-09 00:00:00,  469.134720,   16.609131,    0.731159
2015-06-10 00:00:00,  466.784640,   16.743254,    0.731721
2015-06-11 00:00:00,  464.434560,   16.431942,    0.731760
2015-06-12 00:00:00,  462.084480,   16.431153,    0.723359
2015-06-13 00:00:00,  459.734400,   16.217325,    0.725423
2015-06-14 00:00:00,  457.384320,   16.195461,    0.728284
2015-06-15 00:00:00,  455.034240,   16.197362,    0.728525
2015-06-16 00:00:00,  452.684160,   15.855325,    0.728543
2015-06-17 00:00:00,  450.334080,   15.651084,    0.728993
2015-06-18 00:00:00,  448.130880,   15.732089,    0.719761
2015-06-19 00:00:00,  445.927680,   15.963144,    0.707544
2015-06-20 00:00:00,  443.577600,   16.030045,    0.711553
2015-06-21 00:00:00,  441.374400,   15.658375,    0.707445
2015-06-22 00:00:00,  439.318080,   15.376166,    0.706231
2015-06-23 00:00:00,  437.114880,   15.445300,    0.706659
2015-06-24 00:00:00,  434.911680,   15.197187,    0.706785
2015-06-25 00:00:00,  432.855360,   15.613936,    0.707058
2015-06-26 00:00:00,  430.799040,   15.314782,    0.707230
2015-06-27 00:00:00,  428.742720,   15.199909,    0.707247
2015-06-28 00:00:00,  426.686400,   15.012248,    0.707450
2015-06-29 00:00:00,  424.630080,   15.357920,    0.707913
2015-06-30 00:00:00,  422.573760,   15.058283,    0.707862
2015-07-01 00:00:00,  420.223680,   14.961491,    0.706855
2015-07-02 00:00:00,  417.873600,   15.120629,    0.707818
2015-07-03 00:00:00,  415.964160,   15.564848,    0.707749
2015-07-04 00:00:00,  414.201600,   16.114839,    0.707765
2015-07-05 00:00:00,  412.292160,   16.113746,    0.708141
2015-07-06 00:00:00,  410.382720,   15.611383,    0.708196
2015-07-07 00:00:00,  408.620160,   15.444468,    0.706738
2015-07-08 00:00:00,  406.857600,   15.019541,    0.707352
2015-07-09 00:00:00,  405.241920,   15.064930,    0.708165
2015-07-10 00:00:00,  403.626240,   15.023416,    0.706890
2015-07-11 00:00:00,  401.863680,   14.966410,    0.707678
2015-07-12 00:00:00,  400.248000,   14.825120,    0.707910
2015-07-13 00:00:00,  398.779200,   14.627483,    0.708096
2015-07-14 00:00:00,  397.163520,   14.556471,    0.708111
2015-07-15 00:00:00,  395.547840,   14.513130,    0.708305
2015-07-16 00:00:00,  394.079040,   14.310421,    0.708628
2015-07-17 00:00:00,  392.757120,   14.204241,    0.708923
2015-07-18 00:00:00,  391.435200,   14.647322,    0.707723
2015-07-19 00:00:00,  389.966400,   14.333291,    0.704837
2015-07-20 00:00:00,  388.644480,   14.438220,    0.703421
2015-07-21 00:00:00,  387.322560,   14.725972,    0.702809
2015-07-22 00:00:00,  386.000640,   14.279012,    0.701700
2015-07-23 00:00:00,  384.825600,   14.275636,    0.700290
2015-07-24 00:00:00,  383.650560,   14.805897,    0.700711
2015-07-25 00:00:00,  382.475520,   14.790609,    0.700933
2015-07-26 00:00:00,  381.447360,   14.972403,    0.700823
2015-07-27 00:00:00,  380.419200,   14.803777,    0.701481
2015-07-28 00:00:00,  379.391040,   14.384892,    0.699111
2015-07-29 00:00:00,  378.362880,   14.632352,    0.699207
2015-07-30 00:00:00,  377.334720,   14.821433,    0.686617
2015-07-31 00:00:00,  376.453440,   15.536599,    0.688027
2015-08-01 00:00:00,  375.865920,   14.948493,    0.688868
2015-08-02 00:00:00,  375.278400,   15.243015,    0.689747
2015-08-03 00:00:00,  374.397120,   15.189706,    0.689598
2015-08-04 00:00:00,  373.662720,   14.908028,    0.690027
2015-08-05 00:00:00,  372.928320,   14.670075,    0.691772
2015-08-06 00:00:00,  372.193920,   14.562499,    0.692400
2015-08-07 00:00:00,  371.606400,   14.675339,    0.687273
2015-08-08 00:00:00,  371.018880,   14.198337,    0.689700
2015-08-09 00:00:00,  370.431360,   14.244390,    0.687759
2015-08-10 00:00:00,  369.990720,   14.223519,    0.689097
2015-08-11 00:00:00,  369.550080,   14.327136,    0.689303
2015-08-12 00:00:00,  369.109440,   14.413895,    0.689320
2015-08-13 00:00:00,  368.815680,   14.730004,    0.689352
2015-08-14 00:00:00,  368.375040,   15.293718,    0.689865
2015-08-15 00:00:00,  368.081280,   15.705713,    0.690269
2015-08-16 00:00:00,  367.934400,   16.203387,    0.690750
2015-08-17 00:00:00,  367.640640,   17.165287,    0.689548
2015-08-18 00:00:00,  367.493760,   16.904372,    0.690413
2015-08-19 00:00:00,  367.346880,   15.915704,    0.687715
2015-08-20 00:00:00,  367.200000,   15.756444,    0.687558
2015-08-21 00:00:00,  367.200000,   15.131291,    0.680398
2015-08-22 00:00:00,  367.200000,   15.319346,    0.674457
2015-08-23 00:00:00,  367.200000,   15.254576,    0.674447
2015-08-24 00:00:00,  367.346880,   15.386266,    0.677275
2015-08-25 00:00:00,  367.493760,   15.718668,    0.678033
2015-08-26 00:00:00,  367.640640,   15.712459,    0.677954
2015-08-27 00:00:00,  367.934400,   15.638056,    0.678354
2015-08-28 00:00:00,  368.228160,   15.911981,    0.676519
2015-08-29 00:00:00,  368.521920,   16.757072,    0.636888
2015-08-30 00:00:00,  368.815680,   16.542322,    0.644681
2015-08-31 00:00:00,  369.256320,   15.934335,    0.646799
2015-09-01 00:00:00,  369.550080,   15.793075,    0.648289
2015-09-02 00:00:00,  369.843840,   15.708288,    0.649056
2015-09-03 00:00:00,  370.431360,   16.320773,    0.649757
2015-09-04 00:00:00,  371.018880,   16.243098,    0.643077
2015-09-05 00:00:00,  371.606400,   16.245503,    0.644514
2015-09-06 00:00:00,  372.193920,   16.714185,    0.645484
2015-09-07 00:00:00,  372.781440,   16.773644,    0.645446
2015-09-08 00:00:00,  373.515840,   17.328683,    0.646204
2015-09-09 00:00:00,  374.250240,   18.525616,    0.647637
2015-09-10 00:00:00,  374.984640,   17.398290,    0.646502
2015-09-11 00:00:00,  375.865920,   17.781708,    0.646151
2015-09-12 00:00:00,  376.747200,   17.205883,    0.642236
2015-09-13 00:00:00,  377.628480,   17.368660,    0.643886
2015-09-14 00:00:00,  378.656640,   17.167935,    0.644962
2015-09-15 00:00:00,  379.684800,   17.478096,    0.646364
2015-09-16 00:00:00,  380.712960,   17.735264,    0.646796
2015-09-17 00:00:00,  381.741120,   17.695743,    0.646900
2015-09-18 00:00:00,  382.769280,   18.489426,    0.647812
2015-09-19 00:00:00,  383.944320,   18.529379,    0.649153
2015-09-20 00:00:00,  385.119360,   18.595032,    0.650178
2015-09-21 00:00:00,  386.441280,   19.235461,    0.651230
2015-09-22 00:00:00,  387.763200,   19.317817,    0.652506
2015-09-23 00:00:00,  389.085120,   19.938129,    0.653590
2015-09-24 00:00:00,  390.407040,   19.985370,    0.653993
2015-09-25 00:00:00,  391.728960,   20.756512,    0.655703
2015-09-26 00:00:00,  393.197760,   20.767791,    0.656966
2015-09-27 00:00:00,  394.666560,   20.502254,    0.657178
2015-09-28 00:00:00,  396.135360,   21.613575,    0.658880
2015-09-29 00:00:00,  397.604160,   21.660195,    0.659163
2015-09-30 00:00:00,  399.219840,   22.129607,    0.660206
2015-10-01 00:00:00,  401.129280,   23.648938,    0.661882
2015-10-02 00:00:00,  403.038720,   23.362137,    0.662030
2015-10-03 00:00:00,  404.801280,   23.451159,    0.662696
2015-10-04 00:00:00,  406.563840,   22.580073,    0.664404
2015-10-05 00:00:00,  408.326400,   20.645450,    0.665015
2015-10-06 00:00:00,  410.088960,   21.171152,    0.665415
2015-10-07 00:00:00,  411.851520,   21.085285,    0.666465
2015-10-08 00:00:00,  413.614080,   21.481177,    0.667298
2015-10-09 00:00:00,  415.523520,   22.564041,    0.668008
2015-10-10 00:00:00,  417.432960,   23.439941,    0.669178
2015-10-11 00:00:00,  419.342400,   23.406079,    0.669179
2015-10-12 00:00:00,  421.251840,   24.749489,    0.671485
2015-10-13 00:00:00,  423.161280,   25.063756,    0.672729
2015-10-14 00:00:00,  425.217600,   22.964199,    0.671614
2015-10-15 00:00:00,  427.273920,   22.731664,    0.672610
2015-10-16 00:00:00,  429.330240,   22.823037,    0.673558
2015-10-17 00:00:00,  431.386560,   23.135826,    0.674399
2015-10-18 00:00:00,  433.442880,   22.269479,    0.669330
2015-10-19 00:00:00,  435.499200,   22.668014,    0.670563
2015-10-20 00:00:00,  437.702400,   23.235475,    0.671637
2015-10-21 00:00:00,  439.905600,   24.108675,    0.672625
2015-10-22 00:00:00,  442.108800,   23.763661,    0.673875
2015-10-23 00:00:00,  444.312000,   23.385434,    0.674920
2015-10-24 00:00:00,  446.515200,   22.857447,    0.674567
2015-10-25 00:00:00,  448.865280,   23.323649,    0.676279
2015-10-26 00:00:00,  451.068480,   23.736764,    0.676735
2015-10-27 00:00:00,  453.271680,   23.214781,    0.677416
2015-10-28 00:00:00,  455.621760,   24.620959,    0.678029
2015-10-29 00:00:00,  457.971840,   25.774959,    0.678877
2015-10-30 00:00:00,  460.321920,   25.322491,    0.679971
2015-10-31 00:00:00,  462.672000,   25.585027,    0.681316
2015-11-01 00:00:00,  464.434560,   25.975094,    0.676400
2015-11-02 00:00:00,  466.197120,   25.671395,    0.659330
2015-11-03 00:00:00,  468.547200,   25.909663,    0.661094
2015-11-04 00:00:00,  470.897280,   25.813320,    0.662836
2015-11-05 00:00:00,  473.247360,   25.863136,    0.665044
2015-11-06 00:00:00,  475.744320,   24.419142,    0.665397
2015-11-07 00:00:00,  478.241280,   23.221238,    0.667784
2015-11-08 00:00:00,  480.591360,   23.578480,    0.669788
2015-11-09 00:00:00,  483.088320,   24.238743,    0.670688
2015-11-10 00:00:00,  485.585280,   24.902029,    0.671990
2015-11-11 00:00:00,  488.082240,   25.475691,    0.673582
2015-11-12 00:00:00,  490.579200,   25.776533,    0.675065
2015-11-13 00:00:00,  493.076160,   25.883856,    0.675283
2015-11-14 00:00:00,  495.573120,   27.676692,    0.678652
2015-11-15 00:00:00,  498.070080,   27.424822,    0.680948
2015-11-16 00:00:00,  500.567040,   27.450233,    0.680195
2015-11-17 00:00:00,  503.064000,   26.045544,    0.681782
2015-11-18 00:00:00,  505.560960,   24.626932,    0.682593
2015-11-19 00:00:00,  508.057920,   24.183454,    0.683655
2015-11-20 00:00:00,  510.701760,   24.422153,    0.685091
2015-11-21 00:00:00,  513.198720,   25.007793,    0.687090
2015-11-22 00:00:00,  515.695680,   24.553126,    0.687080
2015-11-23 00:00:00,  518.192640,   25.551532,    0.688811
2015-11-24 00:00:00,  520.689600,   25.141012,    0.692193
2015-11-25 00:00:00,  523.333440,   24.845020,    0.693381
2015-11-26 00:00:00,  525.830400,   24.791742,    0.694171
2015-11-27 00:00:00,  528.327360,   25.493462,    0.696031
2015-11-28 00:00:00,  530.824320,   25.346569,    0.697835
2015-11-29 00:00:00,  533.321280,   24.557812,    0.699465
2015-11-30 00:00:00,  535.818240,   23.925253,    0.700497
2015-12-01 00:00:00,  538.902720,   24.563234,    0.701576
2015-12-02 00:00:00,  541.987200,   25.144398,    0.703308
2015-12-03 00:00:00,  544.337280,   25.551006,    0.704510
2015-12-04 00:00:00,  546.834240,   24.301452,    0.706184
2015-12-05 00:00:00,  549.331200,   22.573067,    0.699007
2015-12-06 00:00:00,  551.681280,   22.114219,    0.699187
2015-12-07 00:00:00,  554.178240,   22.578429,    0.700287
2015-12-08 00:00:00,  556.675200,   23.548280,    0.701364
2015-12-09 00:00:00,  559.025280,   24.166273,    0.703251
2015-12-10 00:00:00,  561.375360,   24.144678,    0.704551
2015-12-11 00:00:00,  563.725440,   24.728794,    0.706537
2015-12-12 00:00:00,  566.075520,   24.081607,    0.707842
2015-12-13 00:00:00,  568.425600,   24.781637,    0.708656
2015-12-14 00:00:00,  570.775680,   25.342058,    0.710605
2015-12-15 00:00:00,  573.125760,   25.893802,    0.712857
2015-12-16 00:00:00,  575.475840,   25.609097,    0.714867
2015-12-17 00:00:00,  577.825920,   25.722162,    0.715796
2015-12-18 00:00:00,  580.029120,   25.550538,    0.717392
2015-12-19 00:00:00,  582.232320,   24.261573,    0.718506
2015-12-20 00:00:00,  584.582400,   24.795525,    0.719061
2015-12-21 00:00:00,  586.785600,   25.042220,    0.719953
2015-12-22 00:00:00,  588.988800,   26.737271,    0.721702
2015-12-23 00:00:00,  591.192000,   27.697212,    0.724603
2015-12-24 00:00:00,  593.248320,   25.467568,    0.726059
2015-12-25 00:00:00,  595.304640,   25.010202,    0.724586
2015-12-26 00:00:00,  597.360960,   25.194750,    0.726466
2015-12-27 00:00:00,  599.417280,   26.454855,    0.728178
2015-12-28 00:00:00,  601.473600,   27.154556,    0.730165
2015-12-29 00:00:00,  603.529920,   27.064911,    0.732196
2015-12-30 00:00:00,  605.586240,   26.149140,    0.734123
2015-12-31 00:00:00,  607.495680,   26.289158,    0.735462
2016-01-01 00:00:00,  608.817600,   26.381114,    0.737546
2016-01-02 00:00:00,  610.286400,   27.077017,    0.738943
2016-01-03 00:00:00,  612.195840,   28.029511,    0.741704
2016-01-04 00:00:00,  613.958400,   27.877513,    0.743127
2016-01-05 00:00:00,  615.867840,   29.447195,    0.744832
2016-01-06 00:00:00,  617.777280,   30.419444,    0.746876
2016-01-07 00:00:00,  619.539840,   30.358913,    0.749191
2016-01-08 00:00:00,  621.302400,   29.063787,    0.750187
2016-01-09 00:00:00,  622.918080,   29.562348,    0.751701
2016-01-10 00:00:00,  624.533760,   29.713414,    0.752483
2016-01-11 00:00:00,  626.296320,   29.510917,    0.754058
2016-01-12 00:00:00,  627.912000,   27.821475,    0.754349
2016-01-13 00:00:00,  629.380800,   27.260450,    0.755098
2016-01-14 00:00:00,  630.849600,   26.880600,    0.755290
2016-01-15 00:00:00,  632.465280,   27.084274,    0.754521
2016-01-16 00:00:00,  634.080960,   27.899627,    0.757260
2016-01-17 00:00:00,  635.402880,   26.351851,    0.758213
2016-01-18 00:00:00,  636.724800,   25.602789,    0.757927
2016-01-19 00:00:00,  638.193600,   24.859167,    0.751830
2016-01-20 00:00:00,  639.515520,   25.267075,    0.751225
2016-01-21 00:00:00,  640.837440,   24.405685,    0.751154
2016-01-22 00:00:00,  642.159360,   25.421127,    0.752914
2016-01-23 00:00:00,  643.334400,   26.626342,    0.754841
2016-01-24 00:00:00,  644.509440,   27.722853,    0.756812
2016-01-25 00:00:00,  645.684480,   28.910280,    0.759289
2016-01-26 00:00:00,  646.712640,   28.327499,    0.761441
2016-01-27 00:00:00,  647.740800,   27.677240,    0.763584
2016-01-28 00:00:00,  648.768960,   27.421282,    0.765707
2016-01-29 00:00:00,  649.797120,   27.429144,    0.767651
2016-01-30 00:00:00,  650.825280,   25.839805,    0.748352
2016-01-31 00:00:00,  651.706560,   24.514281,    0.748637
2016-02-01 00:00:00,  652.294080,   24.019248,    0.749216
2016-02-02 00:00:00,  652.881600,   24.361332,    0.750564
2016-02-03 00:00:00,  653.762880,   25.117554,    0.752312
2016-02-04 00:00:00,  654.497280,   25.553824,    0.753992
2016-02-05 00:00:00,  655.084800,   26.361491,    0.755473
2016-02-06 00:00:00,  655.819200,   26.799926,    0.757947
2016-02-07 00:00:00,  656.553600,   27.695620,    0.759788
2016-02-08 00:00:00,  657.141120,   28.083643,    0.760956
2016-02-09 00:00:00,  657.728640,   28.749969,    0.765313
2016-02-10 00:00:00,  658.169280,   29.789104,    0.767271
2016-02-11 00:00:00,  658.609920,   29.822900,    0.768765
2016-02-12 00:00:00,  659.050560,   28.146732,    0.769686
2016-02-13 00:00:00,  659.344320,   27.147266,    0.770398
2016-02-14 00:00:00,  659.784960,   26.580758,    0.770560
2016-02-15 00:00:00,  660.078720,   26.484913,    0.770878
2016-02-16 00:00:00,  660.225600,   26.877128,    0.770926
2016-02-17 00:00:00,  660.519360,   26.909379,    0.774215
2016-02-18 00:00:00,  660.666240,   26.449071,    0.776217
2016-02-19 00:00:00,  660.813120,   25.476757,    0.776182
2016-02-20 00:00:00,  660.960000,   26.087966,    0.775615
2016-02-21 00:00:00,  660.960000,   26.691736,    0.777149
2016-02-22 00:00:00,  660.960000,   26.002808,    0.771962
2016-02-23 00:00:00,  660.960000,   25.374566,    0.773862
2016-02-24 00:00:00,  660.813120,   24.581283,    0.774085
2016-02-25 00:00:00,  660.666240,   24.492507,    0.772873
2016-02-26 00:00:00,  660.519360,   25.078640,    0.774003
2016-02-27 00:00:00,  660.225600,   26.617244,    0.775857
2016-02-28 00:00:00,  659.931840,   26.599608,    0.777434
2016-02-29 00:00:00,  659.638080,   26.363071,    0.779362
2016-03-01 00:00:00,  659.050560,   25.542872,    0.780400
2016-03-02 00:00:00,  658.316160,   25.539288,    0.781184
2016-03-03 00:00:00,  657.728640,   24.917432,    0.781620
2016-03-04 00:00:00,  657.141120,   25.043549,    0.782030
2016-03-05 00:00:00,  656.553600,   25.448867,    0.783209
2016-03-06 00:00:00,  655.966080,   25.738049,    0.784250
2016-03-07 00:00:00,  655.378560,   25.818828,    0.785612
2016-03-08 00:00:00,  654.644160,   26.437618,    0.787218
2016-03-09 00:00:00,  653.909760,   27.220026,    0.788582
2016-03-10 00:00:00,  653.175360,   26.266246,    0.789770
2016-03-11 00:00:00,  652.294080,   26.077240,    0.790740
2016-03-12 00:00:00,  651.412800,   26.356181,    0.792143
2016-03-13 00:00:00,  650.531520,   26.805871,    0.793657
2016-03-14 00:00:00,  649.503360,   27.575845,    0.795673
2016-03-15 00:00:00,  648.475200,   27.018374,    0.796433
2016-03-16 00:00:00,  647.447040,   25.509308,    0.796121
2016-03-17 00:00:00,  646.418880,   24.935813,    0.795846
2016-03-18 00:00:00,  645.390720,   25.262596,    0.794491
2016-03-19 00:00:00,  644.215680,   25.181686,    0.795024
2016-03-20 00:00:00,  643.040640,   25.900443,    0.795984
2016-03-21 00:00:00,  641.718720,   25.782058,    0.797069
2016-03-22 00:00:00,  640.396800,   25.358871,    0.798213
2016-03-23 00:00:00,  639.221760,   23.833821,    0.770403
2016-03-24 00:00:00,  637.899840,   23.639501,    0.771322
2016-03-25 00:00:00,  636.431040,   24.244083,    0.771973
2016-03-26 00:00:00,  634.962240,   23.543125,    0.762604
2016-03-27 00:00:00,  633.493440,   23.328692,    0.765656
2016-03-28 00:00:00,  632.024640,   23.493472,    0.765446
2016-03-29 00:00:00,  630.555840,   24.069976,    0.766396
2016-03-30 00:00:00,  629.087040,   24.488699,    0.767213
2016-03-31 00:00:00,  627.471360,   24.280363,    0.768028
2016-04-01 00:00:00,  626.296320,   23.843073,    0.768605
2016-04-02 00:00:00,  625.121280,   24.451036,    0.769025
2016-04-03 00:00:00,  623.358720,   25.060932,    0.769822
2016-04-04 00:00:00,  621.596160,   23.875827,    0.770284
2016-04-05 00:00:00,  619.833600,   22.872425,    0.770268
2016-04-06 00:00:00,  618.071040,   22.557672,    0.769563
2016-04-07 00:00:00,  616.308480,   22.314030,    0.769792
2016-04-08 00:00:00,  614.545920,   22.101046,    0.770390
2016-04-09 00:00:00,  612.783360,   21.531904,    0.768596
2016-04-10 00:00:00,  610.873920,   21.771755,    0.767821
2016-04-11 00:00:00,  608.964480,   21.314670,    0.766793
2016-04-12 00:00:00,  607.055040,   21.600284,    0.766734
2016-04-13 00:00:00,  604.998720,   21.668669,    0.767001
2016-04-14 00:00:00,  602.942400,   21.736742,    0.767462
2016-04-15 00:00:00,  600.886080,   22.097523,    0.768472
2016-04-16 00:00:00,  598.829760,   21.934381,    0.768076
2016-04-17 00:00:00,  596.773440,   21.576655,    0.763842
2016-04-18 00:00:00,  594.717120,   21.433176,    0.751695
2016-04-19 00:00:00,  592.660800,   21.776950,    0.758274
2016-04-20 00:00:00,  590.457600,   21.872259,    0.758899
2016-04-21 00:00:00,  588.254400,   21.862567,    0.759545
2016-04-22 00:00:00,  586.198080,   21.510645,    0.760271
2016-04-23 00:00:00,  583.994880,   21.564140,    0.760567
2016-04-24 00:00:00,  581.644800,   21.467472,    0.760659
2016-04-25 00:00:00,  579.441600,   21.032329,    0.750793
2016-04-26 00:00:00,  577.238400,   20.165386,    0.751860
2016-04-27 00:00:00,  574.888320,   19.897125,    0.750043
2016-04-28 00:00:00,  572.538240,   19.489178,    0.748589
2016-04-29 00:00:00,  570.188160,   19.339328,    0.748069
2016-04-30 00:00:00,  567.838080,   19.055486,    0.748355
2016-05-01 00:00:00,  565.047360,   19.252383,    0.748438
2016-05-02 00:00:00,  562.109760,   19.261371,    0.748551
2016-05-03 00:00:00,  559.612800,   19.272873,    0.748985
2016-05-04 00:00:00,  557.262720,   19.197735,    0.749221
2016-05-05 00:00:00,  554.912640,   19.644497,    0.749747
2016-05-06 00:00:00,  552.415680,   19.077022,    0.744173
2016-05-07 00:00:00,  549.918720,   18.418709,    0.743312
2016-05-08 00:00:00,  547.568640,   18.267752,    0.743872
2016-05-09 00:00:00,  545.071680,   18.423214,    0.744023
2016-05-10 00:00:00,  542.574720,   18.630040,    0.744492
2016-05-11 00:00:00,  540.077760,   18.605041,    0.744602
2016-05-12 00:00:00,  537.580800,   18.900709,    0.744955
2016-05-13 00:00:00,  535.083840,   18.523260,    0.745177
2016-05-14 00:00:00,  532.586880,   18.659832,    0.745557
2016-05-15 00:00:00,  530.089920,   18.325913,    0.745242
2016-05-16 00:00:00,  527.592960,   18.506567,    0.745774
2016-05-17 00:00:00,  525.096000,   18.217608,    0.745860
2016-05-18 00:00:00,  522.599040,   18.349572,    0.745986
2016-05-19 00:00:00,  520.102080,   18.153371,    0.739945
2016-05-20 00:00:00,  517.458240,   18.132506,    0.743933
2016-05-21 00:00:00,  514.961280,   17.298019,    0.735934
2016-05-22 00:00:00,  512.464320,   17.036721,    0.737218
2016-05-23 00:00:00,  509.967360,   17.084360,    0.737668
2016-05-24 00:00:00,  507.470400,   17.103791,    0.731512
2016-05-25 00:00:00,  504.826560,   16.985347,    0.732355
2016-05-26 00:00:00,  502.329600,   16.807255,    0.731688
2016-05-27 00:00:00,  499.832640,   16.832124,    0.732996
2016-05-28 00:00:00,  497.335680,   16.794695,    0.731997
2016-05-29 00:00:00,  494.838720,   16.799245,    0.732328
2016-05-30 00:00:00,  492.341760,   16.770305,    0.735231
2016-05-31 00:00:00,  489.844800,   16.596164,    0.735931
2016-06-01 00:00:00,  488.082240,   16.585790,    0.739638
2016-06-02 00:00:00,  486.319680,   16.316516,    0.743350
2016-06-03 00:00:00,  483.822720,   16.418681,    0.743521
2016-06-04 00:00:00,  481.325760,   16.302794,    0.742962
2016-06-05 00:00:00,  478.828800,   16.249413,    0.743363
2016-06-06 00:00:00,  476.478720,   15.922172,    0.739259
2016-06-07 00:00:00,  473.981760,   15.485665,    0.736108
2016-06-08 00:00:00,  471.484800,   15.313327,    0.736443
2016-06-09 00:00:00,  469.134720,   15.134638,    0.736167
2016-06-10 00:00:00,  466.784640,   15.336651,    0.735372
2016-06-11 00:00:00,  464.434560,   15.160029,    0.735624
2016-06-12 00:00:00,  462.084480,   15.170597,    0.735925
2016-06-13 00:00:00,  459.734400,   15.208722,    0.726020
2016-06-14 00:00:00,  457.384320,   15.135368,    0.726221
2016-06-15 00:00:00,  455.034240,   15.467828,    0.726317
2016-06-16 00:00:00,  452.684160,   15.230242,    0.726711
2016-06-17 00:00:00,  450.334080,   15.104532,    0.726874
2016-06-18 00:00:00,  448.130880,   14.959040,    0.726980
2016-06-19 00:00:00,  445.927680,   14.921890,    0.726898
2016-06-20 00:00:00,  443.577600,   14.903589,    0.727064
2016-06-21 00:00:00,  441.374400,   15.205231,    0.727513
2016-06-22 00:00:00,  439.318080,   14.851762,    0.727223
2016-06-23 00:00:00,  437.114880,   15.255139,    0.727670
2016-06-24 00:00:00,  434.911680,   14.823294,    0.727554
2016-06-25 00:00:00,  432.855360,   14.771179,    0.724297
2016-06-26 00:00:00,  430.799040,   14.701037,    0.724905
2016-06-27 00:00:00,  428.742720,   14.536316,    0.724995
2016-06-28 00:00:00,  426.686400,   14.487618,    0.724922
2016-06-29 00:00:00,  424.630080,   14.637501,    0.725187
2016-06-30 00:00:00,  422.573760,   15.025945,    0.725458
2016-07-01 00:00:00,  420.223680,   14.860883,    0.725611
2016-07-02 00:00:00,  417.873600,   14.915054,    0.725951
2016-07-03 00:00:00,  415.964160,   14.298932,    0.725817
2016-07-04 00:00:00,  414.201600,   14.090402,    0.726080
2016-07-05 00:00:00,  412.292160,   13.928984,    0.726353
2016-07-06 00:00:00,  410.382720,   13.815799,    0.726544
2016-07-07 00:00:00,  408.620160,   13.807094,    0.726710
2016-07-08 00:00:00,  406.857600,   13.813894,    0.724089
2016-07-09 00:00:00,  405.241920,   13.450573,    0.718492
2016-07-10 00:00:00,  403.626240,   13.424115,    0.716171
2016-07-11 00:00:00,  401.863680,   13.456461,    0.716292
2016-07-12 00:00:00,  400.248000,   13.489003,    0.716707
2016-07-13 00:00:00,  398.779200,   13.187142,    0.716723
2016-07-14 00:00:00,  397.163520,   13.064728,    0.717023
2016-07-15 00:00:00,  395.547840,   13.341459,    0.717159
2016-07-16 00:00:00,  394.079040,   13.597391,    0.716627
2016-07-17 00:00:00,  392.757120,   13.706065,    0.716000
2016-07-18 00:00:00,  391.435200,   13.810166,    0.715952
2016-07-19 00:00:00,  389.966400,   13.958209,    0.715977
2016-07-20 00:00:00,  388.644480,   13.615483,    0.716243
2016-07-21 00:00:00,  387.322560,   13.535198,    0.713302
2016-07-22 00:00:00,  386.000640,   14.028167,    0.713715
2016-07-23 00:00:00,  384.825600,   13.415550,    0.712955
2016-07-24 00:00:00,  383.650560,   13.624012,    0.713098
2016-07-25 00:00:00,  382.475520,   13.805080,    0.713448
2016-07-26 00:00:00,  381.447360,   14.138737,    0.713669
2016-07-27 00:00:00,  380.419200,   14.351291,    0.713923
2016-07-28 00:00:00,  379.391040,   14.729632,    0.714282
2016-07-29 00:00:00,  378.362880,   14.373958,    0.712691
2016-07-30 00:00:00,  377.334720,   14.268458,    0.713151
2016-07-31 00:00:00,  376.453440,   13.991820,    0.712849
2016-08-01 00:00:00,  375.865920,   14.208652,    0.712966
2016-08-02 00:00:00,  375.278400,   13.873765,    0.713385
2016-08-03 00:00:00,  374.397120,   13.442850,    0.712604
2016-08-04 00:00:00,  373.662720,   13.356795,    0.701637
2016-08-05 00:00:00,  372.928320,   13.547320,    0.706612
2016-08-06 00:00:00,  372.193920,   13.524974,    0.704249
2016-08-07 00:00:00,  371.606400,   13.445805,    0.703133
2016-08-08 00:00:00,  371.018880,   13.215294,    0.701809
2016-08-09 00:00:00,  370.431360,   13.185249,    0.701417
2016-08-10 00:00:00,  369.990720,   13.285810,    0.700877
2016-08-11 00:00:00,  369.550080,   13.417039,    0.699820
2016-08-12 00:00:00,  369.109440,   13.701229,    0.699883
2016-08-13 00:00:00,  368.815680,   14.072634,    0.699932
2016-08-14 00:00:00,  368.375040,   14.708922,    0.700768
2016-08-15 00:00:00,  368.081280,   14.326178,    0.692498
2016-08-16 00:00:00,  367.934400,   14.483056,    0.694575
2016-08-17 00:00:00,  367.640640,   13.921519,    0.689540
2016-08-18 00:00:00,  367.493760,   13.798191,    0.690520
2016-08-19 00:00:00,  367.346880,   13.676172,    0.682492
2016-08-20 00:00:00,  367.200000,   13.919795,    0.687421
2016-08-21 00:00:00,  367.200000,   13.702808,    0.686065
2016-08-22 00:00:00,  367.200000,   13.647809,    0.688222
2016-08-23 00:00:00,  367.200000,   14.013789,    0.688796
2016-08-24 00:00:00,  367.346880,   14.594624,    0.689956
2016-08-25 00:00:00,  367.493760,   14.264512,    0.689967
2016-08-26 00:00:00,  367.640640,   14.490166,    0.682169
2016-08-27 00:00:00,  367.934400,   14.296895,    0.677438
2016-08-28 00:00:00,  368.228160,   14.049000,    0.678676
2016-08-29 00:00:00,  368.521920,   14.481931,    0.678809
2016-08-30 00:00:00,  368.815680,   14.849600,    0.678865
2016-08-31 00:00:00,  369.256320,   14.624188,    0.673122
2016-09-01 00:00:00,  369.550080,   14.907600,    0.673391
2016-09-02 00:00:00,  369.843840,   15.667143,    0.674311
2016-09-03 00:00:00,  370.431360,   15.612124,    0.674273
2016-09-04 00:00:00,  371.018880,   16.122459,    0.675071
2016-09-05 00:00:00,  371.606400,   16.761957,    0.675682
2016-09-06 00:00:00,  372.193920,   16.891777,    0.676305
2016-09-07 00:00:00,  372.781440,   16.150944,    0.672606
2016-09-08 00:00:00,  373.515840,   16.186011,    0.672857
2016-09-09 00:00:00,  374.250240,   16.880400,    0.673183
2016-09-10 00:00:00,  374.984640,   17.466530,    0.674387
2016-09-11 00:00:00,  375.865920,   16.308114,    0.675310
2016-09-12 00:00:00,  376.747200,   16.002712,    0.675591
2016-09-13 00:00:00,  377.628480,   16.367556,    0.676629
2016-09-14 00:00:00,  378.656640,   16.670340,    0.677108
2016-09-15 00:00:00,  379.684800,   15.978772,    0.674513
2016-09-16 00:00:00,  380.712960,   16.441397,    0.675552
2016-09-17 00:00:00,  381.741120,   16.416532,    0.675623
2016-09-18 00:00:00,  382.769280,   16.015432,    0.669898
2016-09-19 00:00:00,  383.944320,   15.686892,    0.669698
2016-09-20 00:00:00,  385.119360,   16.059430,    0.669762
2016-09-21 00:00:00,  386.441280,   16.809373,    0.670292
2016-09-22 00:00:00,  387.763200,   16.572849,    0.665380
2016-09-23 00:00:00,  389.085120,   15.988593,    0.666954
2016-09-24 00:00:00,  390.407040,   16.495387,    0.666828
2016-09-25 00:00:00,  391.728960,   16.741317,    0.661261
2016-09-26 00:00:00,  393.197760,   16.579428,    0.661036
2016-09-27 00:00:00,  394.666560,   15.925541,    0.657671
2016-09-28 00:00:00,  396.135360,   16.134388,    0.659448
2016-09-29 00:00:00,  397.604160,   16.246342,    0.659482
2016-09-30 00:00:00,  399.219840,   16.694811,    0.660236
2016-10-01 00:00:00,  401.129280,   15.728796,    0.659284
2016-10-02 00:00:00,  403.038720,   15.912575,    0.660573
2016-10-03 00:00:00,  404.801280,   15.850987,    0.660004
2016-10-04 00:00:00,  406.563840,   16.713854,    0.660481
2016-10-05 00:00:00,  408.326400,   17.930887,    0.661069
2016-10-06 00:00:00,  410.088960,   18.732622,    0.661542
2016-10-07 00:00:00,  411.851520,   19.799975,    0.662234
2016-10-08 00:00:00,  413.614080,   18.620318,    0.656661
2016-10-09 00:00:00,  415.523520,   18.097695,    0.658702
2016-10-10 00:00:00,  417.432960,   18.550929,    0.659437
2016-10-11 00:00:00,  419.342400,   19.676121,    0.660452
2016-10-12 00:00:00,  421.251840,   19.821523,    0.661012
2016-10-13 00:00:00,  423.161280,   20.620489,    0.661126
2016-10-14 00:00:00,  425.217600,   20.179092,    0.662524
2016-10-15 00:00:00,  427.273920,   18.927375,    0.663725
2016-10-16 00:00:00,  429.330240,   19.676237,    0.664562
2016-10-17 00:00:00,  431.386560,   19.755524,    0.665732
2016-10-18 00:00:00,  433.442880,   20.015573,    0.666973
2016-10-19 00:00:00,  435.499200,   19.726519,    0.665650
2016-10-20 00:00:00,  437.702400,   19.299294,    0.667001
2016-10-21 00:00:00,  439.905600,   19.718666,    0.667596
2016-10-22 00:00:00,  442.108800,   19.704657,    0.668058
2016-10-23 00:00:00,  444.312000,   21.499471,    0.671048
2016-10-24 00:00:00,  446.515200,   21.486901,    0.672560
2016-10-25 00:00:00,  448.865280,   21.393508,    0.673391
2016-10-26 00:00:00,  451.068480,   22.368978,    0.674435
2016-10-27 00:00:00,  453.271680,   23.175255,    0.676170
2016-10-28 00:00:00,  455.621760,   22.912961,    0.675872
2016-10-29 00:00:00,  457.971840,   21.836039,    0.677047
2016-10-30 00:00:00,  460.321920,   21.524536,    0.678203
2016-10-31 00:00:00,  462.672000,   21.094105,    0.678700
2016-11-01 00:00:00,  464.434560,   21.589968,    0.679896
2016-11-02 00:00:00,  466.197120,   22.253897,    0.681645
2016-11-03 00:00:00,  468.547200,   22.621202,    0.683139
2016-11-04 00:00:00,  470.897280,   23.426217,    0.684325
2016-11-05 00:00:00,  473.247360,   25.003916,    0.686019
2016-11-06 00:00:00,  475.744320,   23.869888,    0.687946
2016-11-07 00:00:00,  478.241280,   23.090295,    0.689671
2016-11-08 00:00:00,  480.591360,   22.909978,    0.691347
2016-11-09 00:00:00,  483.088320,   23.109060,    0.692583
2016-11-10 00:00:00,  485.585280,   22.214922,    0.690514
2016-11-11 00:00:00,  488.082240,   22.303029,    0.692231
2016-11-12 00:00:00,  490.579200,   23.018154,    0.693477
2016-11-13 00:00:00,  493.076160,   23.685389,    0.694513
2016-11-14 00:00:00,  495.573120,   23.967057,    0.695354
2016-11-15 00:00:00,  498.070080,   25.385410,    0.698383
2016-11-16 00:00:00,  500.567040,   22.641969,    0.667632
2016-11-17 00:00:00,  503.064000,   23.111688,    0.670992
2016-11-18 00:00:00,  505.560960,   23.938067,    0.672228
2016-11-19 00:00:00,  508.057920,   24.395222,    0.674186
2016-11-20 00:00:00,  510.701760,   23.328306,    0.676654
2016-11-21 00:00:00,  513.198720,   22.252591,    0.677291
2016-11-22 00:00:00,  515.695680,   23.003869,    0.678899
2016-11-23 00:00:00,  518.192640,   23.922578,    0.680405
2016-11-24 00:00:00,  520.689600,   24.963308,    0.682482
2016-11-25 00:00:00,  523.333440,   25.770496,    0.684325
2016-11-26 00:00:00,  525.830400,   26.457912,    0.686261
2016-11-27 00:00:00,  528.327360,   26.486657,    0.688545
2016-11-28 00:00:00,  530.824320,   26.175602,    0.690995
2016-11-29 00:00:00,  533.321280,   25.133466,    0.690577
2016-11-30 00:00:00,  535.818240,   25.306869,    0.692397
2016-12-01 00:00:00,  538.902720,   24.779179,    0.693868
2016-12-02 00:00:00,  541.987200,   24.984729,    0.694661
2016-12-03 00:00:00,  544.337280,   24.310950,    0.695679
2016-12-04 00:00:00,  546.834240,   24.142076,    0.697562
2016-12-05 00:00:00,  549.331200,   24.161470,    0.698049
2016-12-06 00:00:00,  551.681280,   24.901477,    0.699491
2016-12-07 00:00:00,  554.178240,   24.255864,    0.701286
2016-12-08 00:00:00,  556.675200,   24.747879,    0.702303
2016-12-09 00:00:00,  559.025280,   25.338982,    0.703544
2016-12-10 00:00:00,  561.375360,   25.782855,    0.703885
2016-12-11 00:00:00,  563.725440,   26.154553,    0.706718
2016-12-12 00:00:00,  566.075520,   25.964000,    0.707019
2016-12-13 00:00:00,  568.425600,   25.872143,    0.708895
2016-12-14 00:00:00,  570.775680,   26.332512,    0.709422
2016-12-15 00:00:00,  573.125760,   26.535328,    0.711392
2016-12-16 00:00:00,  575.475840,   26.114526,    0.712855
2016-12-17 00:00:00,  577.825920,   25.751131,    0.714779
2016-12-18 00:00:00,  580.029120,   25.213916,    0.716690
2016-12-19 00:00:00,  582.232320,   25.396758,    0.716869
2016-12-20 00:00:00,  584.582400,   26.213510,    0.718880
2016-12-21 00:00:00,  586.785600,   26.238177,    0.719167
2016-12-22 00:00:00,  588.988800,   26.259713,    0.722990
2016-12-23 00:00:00,  591.192000,   26.721878,    0.724847
2016-12-24 00:00:00,  593.248320,   26.238705,    0.726871
2016-12-25 00:00:00,  595.304640,   26.123942,    0.726876
2016-12-26 00:00:00,  597.360960,   26.207142,    0.728548
2016-12-27 00:00:00,  599.417280,   24.473175,    0.727980
2016-12-28 00:00:00,  601.473600,   24.226599,    0.730075
2016-12-29 00:00:00,  603.529920,   24.609034,    0.731495
2016-12-30 00:00:00,  605.586240,   24.253537,    0.733236
2016-12-31 00:00:00,  607.495680,   24.628468,    0.734545
2017-01-01 00:00:00,  608.817600,   25.007016,    0.735029
2017-01-02 00:00:00,  610.286400,   26.531036,    0.737454
2017-01-03 00:00:00,  612.195840,   27.138470,    0.738728
2017-01-04 00:00:00,  613.958400,   28.457027,    0.740778
2017-01-05 00:00:00,  615.867840,   28.254483,    0.742547
2017-01-06 00:00:00,  617.777280,   28.520114,    0.745238
2017-01-07 00:00:00,  619.539840,   27.847237,    0.746388
2017-01-08 00:00:00,  621.302400,   27.821926,    0.749333
2017-01-09 00:00:00,  622.918080,   27.547725,    0.751062
2017-01-10 00:00:00,  624.533760,   26.248526,    0.750677
2017-01-11 00:00:00,  626.296320,   25.649519,    0.750374
2017-01-12 00:00:00,  627.912000,   25.639040,    0.751972
2017-01-13 00:00:00,  629.380800,   26.447064,    0.754221
2017-01-14 00:00:00,  630.849600,   26.484851,    0.756274
2017-01-15 00:00:00,  632.465280,   25.915373,    0.758005
2017-01-16 00:00:00,  634.080960,   26.645183,    0.759115
2017-01-17 00:00:00,  635.402880,   26.794874,    0.758438
2017-01-18 00:00:00,  636.724800,   27.907798,    0.762721
2017-01-19 00:00:00,  638.193600,   28.649923,    0.763651
2017-01-20 00:00:00,  639.515520,   28.077295,    0.768326
2017-01-21 00:00:00,  640.837440,   26.914332,    0.768037
2017-01-22 00:00:00,  642.159360,   27.150351,    0.770234
2017-01-23 00:00:00,  643.334400,   27.388059,    0.772328
2017-01-24 00:00:00,  644.509440,   28.030321,    0.774252
2017-01-25 00:00:00,  645.684480,   27.750593,    0.775181
2017-01-26 00:00:00,  646.712640,   27.947063,    0.777053
2017-01-27 00:00:00,  647.740800,   27.880354,    0.778807
2017-01-28 00:00:00,  648.768960,   27.752217,    0.777955
2017-01-29 00:00:00,  649.797120,   27.876454,    0.778861
2017-01-30 00:00:00,  650.825280,   26.673233,    0.778407
2017-01-31 00:00:00,  651.706560,   26.347806,    0.780476
2017-02-01 00:00:00,  652.294080,   26.372493,    0.782201
2017-02-02 00:00:00,  652.881600,   25.071555,    0.780014
2017-02-03 00:00:00,  653.762880,   24.477658,    0.782091
2017-02-04 00:00:00,  654.497280,   24.045965,    0.779073
2017-02-05 00:00:00,  655.084800,   24.381891,    0.779522
2017-02-06 00:00:00,  655.819200,   23.944386,    0.780048
2017-02-07 00:00:00,  656.553600,   24.932448,    0.780836
2017-02-08 00:00:00,  657.141120,   25.311428,    0.782172
2017-02-09 00:00:00,  657.728640,   26.784297,    0.783961
2017-02-10 00:00:00,  658.169280,   25.837769,    0.785028
2017-02-11 00:00:00,  658.609920,   26.482181,    0.786391
2017-02-12 00:00:00,  659.050560,   26.428812,    0.787890
2017-02-13 00:00:00,  659.344320,   26.974120,    0.789979
2017-02-14 00:00:00,  659.784960,   27.197237,    0.791387
2017-02-15 00:00:00,  660.078720,   26.892373,    0.792993
2017-02-16 00:00:00,  660.225600,   26.323704,    0.792473
2017-02-17 00:00:00,  660.519360,   27.202885,    0.793707
2017-02-18 00:00:00,  660.666240,   28.080289,    0.795054
2017-02-19 00:00:00,  660.813120,   26.582097,    0.796019
2017-02-20 00:00:00,  660.960000,   25.992683,    0.797084
2017-02-21 00:00:00,  660.960000,   25.496946,    0.797472
2017-02-22 00:00:00,  660.960000,   25.849966,    0.797385
2017-02-23 00:00:00,  660.960000,   25.488209,    0.798187
2017-02-24 00:00:00,  660.813120,   26.130300,    0.799230
2017-02-25 00:00:00,  660.666240,   26.902711,    0.801690
2017-02-26 00:00:00,  660.519360,   26.915216,    0.804691
2017-02-27 00:00:00,  660.225600,   27.049259,    0.807356
2017-02-28 00:00:00,  659.931840,   26.873985,    0.809785
2017-03-01 00:00:00,  659.197440,   27.018002,    0.810658
2017-03-02 00:00:00,  658.316160,   27.253131,    0.812160
2017-03-03 00:00:00,  657.728640,   26.450999,    0.813429
2017-03-04 00:00:00,  657.141120,   25.064132,    0.812048
2017-03-05 00:00:00,  656.553600,   24.612594,    0.810294
2017-03-06 00:00:00,  655.966080,   24.813769,    0.810757
2017-03-07 00:00:00,  655.378560,   25.225490,    0.812279
2017-03-08 00:00:00,  654.644160,   25.215811,    0.813781
2017-03-09 00:00:00,  653.909760,   25.367298,    0.815496
2017-03-10 00:00:00,  653.175360,   25.303008,    0.816918
2017-03-11 00:00:00,  652.294080,   25.675677,    0.818591
2017-03-12 00:00:00,  651.412800,   26.280563,    0.820733
2017-03-13 00:00:00,  650.531520,   25.955924,    0.821137
2017-03-14 00:00:00,  649.503360,   26.757867,    0.821200
2017-03-15 00:00:00,  648.475200,   26.193434,    0.822395
2017-03-16 00:00:00,  647.447040,   25.010606,    0.821298
2017-03-17 00:00:00,  646.418880,   24.585165,    0.820109
2017-03-18 00:00:00,  645.390720,   24.076638,    0.820726
2017-03-19 00:00:00,  644.215680,   23.351703,    0.817305
2017-03-20 00:00:00,  643.040640,   23.944128,    0.818362
2017-03-21 00:00:00,  641.718720,   24.976571,    0.820246
2017-03-22 00:00:00,  640.396800,   24.805983,    0.751210
2017-03-23 00:00:00,  639.221760,   25.089133,    0.768014
2017-03-24 00:00:00,  637.899840,   25.753317,    0.770357
2017-03-25 00:00:00,  636.431040,   25.127027,    0.778122
2017-03-26 00:00:00,  634.962240,   24.941290,    0.783572
2017-03-27 00:00:00,  633.493440,   24.152946,    0.788310
2017-03-28 00:00:00,  632.024640,   23.760280,    0.792981
2017-03-29 00:00:00,  630.555840,   23.828652,    0.793738
2017-03-30 00:00:00,  629.087040,   23.802236,    0.794514
2017-03-31 00:00:00,  627.471360,   23.574147,    0.795566
2017-04-01 00:00:00,  626.296320,   23.821031,    0.796479
2017-04-02 00:00:00,  625.121280,   23.839213,    0.797480
2017-04-03 00:00:00,  623.358720,   23.003615,    0.798534
2017-04-04 00:00:00,  621.596160,   22.397861,    0.796771
2017-04-05 00:00:00,  619.833600,   22.755605,    0.797397
2017-04-06 00:00:00,  618.071040,   22.236749,    0.797309
2017-04-07 00:00:00,  616.308480,   22.713454,    0.797564
2017-04-08 00:00:00,  614.545920,   22.875022,    0.798596
2017-04-09 00:00:00,  612.783360,   22.546900,    0.799645
2017-04-10 00:00:00,  610.873920,   22.207574,    0.799971
2017-04-11 00:00:00,  608.964480,   22.509496,    0.799821
2017-04-12 00:00:00,  607.055040,   21.153746,    0.797841
2017-04-13 00:00:00,  604.998720,   20.711273,    0.789306
2017-04-14 00:00:00,  602.942400,   20.242116,    0.786001
2017-04-15 00:00:00,  600.886080,   20.677002,    0.786138
2017-04-16 00:00:00,  598.829760,   21.332743,    0.786978
2017-04-17 00:00:00,  596.773440,   21.347520,    0.787521
2017-04-18 00:00:00,  594.717120,   21.785437,    0.788077
2017-04-19 00:00:00,  592.660800,   21.914481,    0.788612
2017-04-20 00:00:00,  590.457600,   22.412530,    0.789534
2017-04-21 00:00:00,  588.254400,   22.048717,    0.789881
2017-04-22 00:00:00,  586.198080,   21.189844,    0.790607
2017-04-23 00:00:00,  583.994880,   20.807888,    0.791016
2017-04-24 00:00:00,  581.644800,   20.662799,    0.790947
2017-04-25 00:00:00,  579.441600,   20.448143,    0.791113
2017-04-26 00:00:00,  577.238400,   20.526225,    0.791821
2017-04-27 00:00:00,  574.888320,   20.469423,    0.792072
2017-04-28 00:00:00,  572.538240,   20.603196,    0.792565
2017-04-29 00:00:00,  570.188160,   20.336775,    0.792787
2017-04-30 00:00:00,  567.838080,   20.381991,    0.793213
2017-05-01 00:00:00,  565.047360,   19.982761,    0.792791
2017-05-02 00:00:00,  562.109760,   20.076827,    0.791165
2017-05-03 00:00:00,  559.612800,   19.635485,    0.789527
2017-05-04 00:00:00,  557.262720,   19.452570,    0.789982
2017-05-05 00:00:00,  554.912640,   19.484323,    0.790156
2017-05-06 00:00:00,  552.415680,   19.325305,    0.790409
2017-05-07 00:00:00,  549.918720,   19.557160,    0.790471
2017-05-08 00:00:00,  547.568640,   19.337380,    0.790603
2017-05-09 00:00:00,  545.071680,   18.995067,    0.791038
2017-05-10 00:00:00,  542.574720,   18.662915,    0.789832
2017-05-11 00:00:00,  540.077760,   18.619040,    0.789166
2017-05-12 00:00:00,  537.580800,   18.741813,    0.789308
2017-05-13 00:00:00,  535.083840,   17.992516,    0.781755
2017-05-14 00:00:00,  532.586880,   17.798276,    0.781393
2017-05-15 00:00:00,  530.089920,   17.773731,    0.781610
2017-05-16 00:00:00,  527.592960,   17.617106,    0.780999
2017-05-17 00:00:00,  525.096000,   17.579278,    0.781291
2017-05-18 00:00:00,  522.599040,   17.289226,    0.781264
2017-05-19 00:00:00,  520.102080,   17.827680,    0.781551
2017-05-20 00:00:00,  517.458240,   18.290436,    0.781853
2017-05-21 00:00:00,  514.961280,   17.538546,    0.782085
2017-05-22 00:00:00,  512.464320,   17.550865,    0.767721
2017-05-23 00:00:00,  509.967360,   16.987444,    0.769656
2017-05-24 00:00:00,  507.470400,   17.153384,    0.770278
2017-05-25 00:00:00,  504.826560,   16.892451,    0.770464
2017-05-26 00:00:00,  502.329600,   16.683795,    0.766669
2017-05-27 00:00:00,  499.832640,   16.478867,    0.766429
2017-05-28 00:00:00,  497.335680,   16.814166,    0.767498
2017-05-29 00:00:00,  494.838720,   16.556195,    0.767961
2017-05-30 00:00:00,  492.341760,   16.789193,    0.768265
2017-05-31 00:00:00,  489.844800,   16.663906,    0.761791
2017-06-01 00:00:00,  488.082240,   16.735439,    0.766472
2017-06-02 00:00:00,  486.319680,   16.634562,    0.767387
2017-06-03 00:00:00,  483.822720,   16.809898,    0.767739
2017-06-04 00:00:00,  481.325760,   16.173647,    0.767710
2017-06-05 00:00:00,  478.828800,   16.263248,    0.768938
2017-06-06 00:00:00,  476.478720,   16.675410,    0.770783
2017-06-07 00:00:00,  473.981760,   16.374603,    0.770876
2017-06-08 00:00:00,  471.484800,   15.945722,    0.775289
2017-06-09 00:00:00,  469.134720,   15.740438,    0.775695
2017-06-10 00:00:00,  466.784640,   15.915826,    0.776047
2017-06-11 00:00:00,  464.434560,   15.477901,    0.776237
2017-06-12 00:00:00,  462.084480,   15.783835,    0.776664
2017-06-13 00:00:00,  459.734400,   15.484076,    0.776643
2017-06-14 00:00:00,  457.384320,   15.850093,    0.767340
2017-06-15 00:00:00,  455.034240,   15.355743,    0.761491
2017-06-16 00:00:00,  452.684160,   15.727988,    0.764024
2017-06-17 00:00:00,  450.334080,   15.455342,    0.763801
2017-06-18 00:00:00,  448.130880,   15.873215,    0.763894
2017-06-19 00:00:00,  445.927680,   16.068420,    0.764339
2017-06-20 00:00:00,  443.577600,   15.970627,    0.764667
2017-06-21 00:00:00,  441.374400,   16.110568,    0.764708
2017-06-22 00:00:00,  439.318080,   15.530322,    0.764554
2017-06-23 00:00:00,  437.114880,   15.457440,    0.758041
2017-06-24 00:00:00,  434.911680,   15.383687,    0.758451
2017-06-25 00:00:00,  432.855360,   15.281050,    0.758627
2017-06-26 00:00:00,  430.799040,   15.082856,    0.758918
2017-06-27 00:00:00,  428.742720,   14.677320,    0.757475
2017-06-28 00:00:00,  426.686400,   14.918340,    0.757883
2017-06-29 00:00:00,  424.630080,   14.593164,    0.757829
2017-06-30 00:00:00,  422.573760,   14.543476,    0.758152
2017-07-01 00:00:00,  420.223680,   14.386270,    0.758326
2017-07-02 00:00:00,  417.873600,   14.332333,    0.754018
2017-07-03 00:00:00,  415.964160,   14.307906,    0.754167
2017-07-04 00:00:00,  414.201600,   14.176330,    0.754280
2017-07-05 00:00:00,  412.292160,   14.272066,    0.754409
2017-07-06 00:00:00,  410.382720,   14.086691,    0.754582
2017-07-07 00:00:00,  408.620160,   13.867140,    0.754641
2017-07-08 00:00:00,  406.857600,   13.663638,    0.749247
2017-07-09 00:00:00,  405.241920,   13.302465,    0.745869
2017-07-10 00:00:00,  403.626240,   13.282930,    0.742214
2017-07-11 00:00:00,  401.863680,   13.353848,    0.738628
2017-07-12 00:00:00,  400.248000,   13.101035,    0.737109
2017-07-13 00:00:00,  398.779200,   13.251334,    0.736724
2017-07-14 00:00:00,  397.163520,   13.725143,    0.736124
2017-07-15 00:00:00,  395.547840,   13.211871,    0.736809
2017-07-16 00:00:00,  394.079040,   13.148075,    0.734575
2017-07-17 00:00:00,  392.757120,   13.225155,    0.734230
2017-07-18 00:00:00,  391.435200,   13.401483,    0.734605
2017-07-19 00:00:00,  389.966400,   13.605587,    0.734372
2017-07-20 00:00:00,  388.644480,   13.418055,    0.734452
2017-07-21 00:00:00,  387.322560,   13.773304,    0.734665
2017-07-22 00:00:00,  386.000640,   13.803914,    0.734932
2017-07-23 00:00:00,  384.825600,   14.112121,    0.735576
2017-07-24 00:00:00,  383.650560,   13.545943,    0.735586
2017-07-25 00:00:00,  382.475520,   13.545628,    0.735329
2017-07-26 00:00:00,  381.447360,   13.962477,    0.734587
2017-07-27 00:00:00,  380.419200,   14.257035,    0.734582
2017-07-28 00:00:00,  379.391040,   14.332614,    0.731410
2017-07-29 00:00:00,  378.362880,   14.101595,    0.729177
2017-07-30 00:00:00,  377.334720,   14.071238,    0.729413
2017-07-31 00:00:00,  376.453440,   14.598320,    0.729428
2017-08-01 00:00:00,  375.865920,   14.928860,    0.729685
2017-08-02 00:00:00,  375.278400,   15.012994,    0.730227
2017-08-03 00:00:00,  374.397120,   15.377087,    0.730634
2017-08-04 00:00:00,  373.662720,   15.431134,    0.730640
2017-08-05 00:00:00,  372.928320,   15.425745,    0.730964
2017-08-06 00:00:00,  372.193920,   15.488805,    0.731623
2017-08-07 00:00:00,  371.606400,   15.398761,    0.731510
2017-08-08 00:00:00,  371.018880,   15.308687,    0.732336
2017-08-09 00:00:00,  370.431360,   15.092167,    0.732383
2017-08-10 00:00:00,  369.990720,   14.667715,    0.732918
2017-08-11 00:00:00,  369.550080,   14.006797,    0.732995
2017-08-12 00:00:00,  369.109440,   14.080754,    0.716590
2017-08-13 00:00:00,  368.815680,   14.021601,    0.718405
2017-08-14 00:00:00,  368.375040,   14.276561,    0.718458
2017-08-15 00:00:00,  368.081280,   14.603605,    0.718739
2017-08-16 00:00:00,  367.934400,   14.514289,    0.719287
2017-08-17 00:00:00,  367.640640,   14.341933,    0.718100
2017-08-18 00:00:00,  367.493760,   14.038628,    0.717291
2017-08-19 00:00:00,  367.346880,   14.272281,    0.717801
2017-08-20 00:00:00,  367.200000,   14.375824,    0.710078
2017-08-21 00:00:00,  367.200000,   14.339671,    0.712879
2017-08-22 00:00:00,  367.200000,   14.752517,    0.711877
2017-08-23 00:00:00,  367.200000,   15.151141,    0.711844
2017-08-24 00:00:00,  367.346880,   15.273792,    0.711887
2017-08-25 00:00:00,  367.493760,   15.438694,    0.712494
2017-08-26 00:00:00,  367.640640,   15.885647,    0.713188
2017-08-27 00:00:00,  367.934400,   16.051879,    0.713185
2017-08-28 00:00:00,  368.228160,   16.005828,    0.713691
2017-08-29 00:00:00,  368.521920,   16.961250,    0.714198
2017-08-30 00:00:00,  368.815680,   17.289264,    0.714584
2017-08-31 00:00:00,  369.256320,   16.222319,    0.703335
2017-09-01 00:00:00,  369.550080,   15.794980,    0.705549
2017-09-02 00:00:00,  369.843840,   15.576701,    0.706613
2017-09-03 00:00:00,  370.431360,   15.869321,    0.706836
2017-09-04 00:00:00,  371.018880,   16.500788,    0.706759
2017-09-05 00:00:00,  371.606400,   17.249115,    0.706509
2017-09-06 00:00:00,  372.193920,   17.501119,    0.707246
2017-09-07 00:00:00,  372.781440,   17.023617,    0.696382
2017-09-08 00:00:00,  373.515840,   16.323995,    0.697148
2017-09-09 00:00:00,  374.250240,   16.312995,    0.695925
2017-09-10 00:00:00,  374.984640,   16.515472,    0.696431
2017-09-11 00:00:00,  375.865920,   16.481870,    0.696846
2017-09-12 00:00:00,  376.747200,   16.353738,    0.693604
2017-09-13 00:00:00,  377.628480,   16.605679,    0.694457
2017-09-14 00:00:00,  378.656640,   17.032427,    0.695141
2017-09-15 00:00:00,  379.684800,   17.518161,    0.695941
2017-09-16 00:00:00,  380.712960,   17.511527,    0.697050
2017-09-17 00:00:00,  381.741120,   17.893855,    0.698014
2017-09-18 00:00:00,  382.769280,   16.953197,    0.698546
2017-09-19 00:00:00,  383.944320,   17.683951,    0.699757
2017-09-20 00:00:00,  385.119360,   17.325855,    0.699641
2017-09-21 00:00:00,  386.441280,   18.102633,    0.700647
2017-09-22 00:00:00,  387.763200,   19.201587,    0.702171
2017-09-23 00:00:00,  389.085120,   19.089374,    0.702336
2017-09-24 00:00:00,  390.407040,   19.632111,    0.702255
2017-09-25 00:00:00,  391.728960,   21.147189,    0.704651
2017-09-26 00:00:00,  393.197760,   20.731825,    0.704829
2017-09-27 00:00:00,  394.666560,   20.995043,    0.705596
2017-09-28 00:00:00,  396.135360,   21.193942,    0.706934
2017-09-29 00:00:00,  397.604160,   20.982407,    0.708034
2017-09-30 00:00:00,  399.219840,   20.827885,    0.709172
2017-10-01 00:00:00,  401.129280,   21.444574,    0.709574
2017-10-02 00:00:00,  403.038720,   20.971054,    0.710524
2017-10-03 00:00:00,  404.801280,   21.757910,    0.711173
2017-10-04 00:00:00,  406.563840,   21.815715,    0.711763
2017-10-05 00:00:00,  408.326400,   20.900439,    0.712120
2017-10-06 00:00:00,  410.088960,   20.870822,    0.713044
2017-10-07 00:00:00,  411.851520,   21.437746,    0.714414
2017-10-08 00:00:00,  413.614080,   21.374092,    0.714634
2017-10-09 00:00:00,  415.523520,   22.680162,    0.716971
2017-10-10 00:00:00,  417.432960,   20.778158,    0.717922
2017-10-11 00:00:00,  419.342400,   20.671146,    0.718654
2017-10-12 00:00:00,  421.251840,   20.805203,    0.719677
2017-10-13 00:00:00,  423.161280,   20.781973,    0.720703
2017-10-14 00:00:00,  425.217600,   20.483806,    0.722399
2017-10-15 00:00:00,  427.273920,   20.582947,    0.723878
2017-10-16 00:00:00,  429.330240,   20.730216,    0.724508
2017-10-17 00:00:00,  431.386560,   21.819153,    0.725985
2017-10-18 00:00:00,  433.442880,   22.311637,    0.726631
2017-10-19 00:00:00,  435.499200,   22.961494,    0.726882
2017-10-20 00:00:00,  437.702400,   21.840715,    0.720364
2017-10-21 00:00:00,  439.905600,   21.745089,    0.722259
2017-10-22 00:00:00,  442.108800,   21.955231,    0.723754
2017-10-23 00:00:00,  444.312000,   21.861621,    0.724911
2017-10-24 00:00:00,  446.515200,   21.848309,    0.726353
2017-10-25 00:00:00,  448.865280,   22.055060,    0.727585
2017-10-26 00:00:00,  451.068480,   23.147782,    0.728789
2017-10-27 00:00:00,  453.271680,   22.075533,    0.730011
2017-10-28 00:00:00,  455.621760,   21.011679,    0.731036
2017-10-29 00:00:00,  457.971840,   21.253426,    0.731780
2017-10-30 00:00:00,  460.321920,   21.520154,    0.732446
2017-10-31 00:00:00,  462.672000,   21.808630,    0.733856
2017-11-01 00:00:00,  464.434560,   22.437126,    0.735775
2017-11-02 00:00:00,  466.197120,   23.230851,    0.738082
2017-11-03 00:00:00,  468.547200,   23.577466,    0.738221
2017-11-04 00:00:00,  470.897280,   23.346703,    0.740801
2017-11-05 00:00:00,  473.247360,   22.943328,    0.741514
2017-11-06 00:00:00,  475.744320,   23.381367,    0.742822
2017-11-07 00:00:00,  478.241280,   22.995082,    0.743859
2017-11-08 00:00:00,  480.591360,   24.327799,    0.745146
2017-11-09 00:00:00,  483.088320,   23.759601,    0.745517
2017-11-10 00:00:00,  485.585280,   22.962405,    0.744285
2017-11-11 00:00:00,  488.082240,   22.522952,    0.744867
2017-11-12 00:00:00,  490.579200,   22.152233,    0.746416
2017-11-13 00:00:00,  493.076160,   22.080137,    0.746405
2017-11-14 00:00:00,  495.573120,   22.177339,    0.747619
2017-11-15 00:00:00,  498.070080,   22.458722,    0.748855
2017-11-16 00:00:00,  500.567040,   23.159510,    0.750164
2017-11-17 00:00:00,  503.064000,   24.106126,    0.751943
2017-11-18 00:00:00,  505.560960,   24.685691,    0.753507
2017-11-19 00:00:00,  508.057920,   25.210142,    0.755911
2017-11-20 00:00:00,  510.701760,   25.602278,    0.756647
2017-11-21 00:00:00,  513.198720,   25.766176,    0.756501
2017-11-22 00:00:00,  515.695680,   25.513776,    0.758729
2017-11-23 00:00:00,  518.192640,   24.600384,    0.759044
2017-11-24 00:00:00,  520.689600,   24.798860,    0.760823
2017-11-25 00:00:00,  523.333440,   24.761179,    0.762717
2017-11-26 00:00:00,  525.830400,   25.083240,    0.765604
2017-11-27 00:00:00,  528.327360,   25.117653,    0.767043
2017-11-28 00:00:00,  530.824320,   25.530650,    0.769645
2017-11-29 00:00:00,  533.321280,   25.759112,    0.772235
2017-11-30 00:00:00,  535.818240,   26.145863,    0.774408
2017-12-01 00:00:00,  538.902720,   24.212180,    0.774634
2017-12-02 00:00:00,  541.987200,   23.517632,    0.774695
2017-12-03 00:00:00,  544.337280,   23.146149,    0.775394
2017-12-04 00:00:00,  546.834240,   23.648268,    0.776298
2017-12-05 00:00:00,  549.331200,   23.296637,    0.776141
2017-12-06 00:00:00,  551.681280,   22.599560,    0.775195
2017-12-07 00:00:00,  554.178240,   23.211914,    0.774286
2017-12-08 00:00:00,  556.675200,   22.955088,    0.775912
2017-12-09 00:00:00,  559.025280,   23.022953,    0.777198
2017-12-10 00:00:00,  561.375360,   23.487574,    0.778845
2017-12-11 00:00:00,  563.725440,   23.639750,    0.777891
2017-12-12 00:00:00,  566.075520,   25.013834,    0.780467
2017-12-13 00:00:00,  568.425600,   24.261881,    0.782260
2017-12-14 00:00:00,  570.775680,   23.991754,    0.784134
2017-12-15 00:00:00,  573.125760,   24.376891,    0.785429
2017-12-16 00:00:00,  575.475840,   24.526245,    0.787388
2017-12-17 00:00:00,  577.825920,   24.736635,    0.789369
2017-12-18 00:00:00,  580.029120,   24.885393,    0.791139
2017-12-19 00:00:00,  582.232320,   24.370911,    0.792369
2017-12-20 00:00:00,  584.582400,   22.476884,    0.785675
2017-12-21 00:00:00,  586.785600,   22.716451,    0.786743
2017-12-22 00:00:00,  588.988800,   22.793203,    0.787277
2017-12-23 00:00:00,  591.192000,   23.309224,    0.787950
2017-12-24 00:00:00,  593.248320,   26.151327,    0.788881
2017-12-25 00:00:00,  595.304640,   27.320788,    0.791859
2017-12-26 00:00:00,  597.360960,   27.031271,    0.795978
2017-12-27 00:00:00,  599.417280,   26.937166,    0.798498
2017-12-28 00:00:00,  601.473600,   26.575203,    0.800604
2017-12-29 00:00:00,  603.529920,   26.660274,    0.802373
2017-12-30 00:00:00,  605.586240,   26.744981,    0.804982
2017-12-31 00:00:00,  607.495680,   26.193197,    0.807620
2018-01-01 00:00:00,  608.817600,   26.469800,    0.808497
2018-01-02 00:00:00,  610.286400,   27.231679,    0.810780
2018-01-03 00:00:00,  612.195840,   27.172441,    0.810445
2018-01-04 00:00:00,  613.958400,   28.696801,    0.812489
2018-01-05 00:00:00,  615.867840,   27.781882,    0.799790
2018-01-06 00:00:00,  617.777280,   27.590249,    0.803758
2018-01-07 00:00:00,  619.539840,   27.059096,    0.806359
2018-01-08 00:00:00,  621.302400,   27.190535,    0.808499
2018-01-09 00:00:00,  622.918080,   27.643602,    0.810418
2018-01-10 00:00:00,  624.533760,   27.787556,    0.813601
2018-01-11 00:00:00,  626.296320,   27.945563,    0.815950
2018-01-12 00:00:00,  627.912000,   27.766901,    0.817787
2018-01-13 00:00:00,  629.380800,   27.724258,    0.819967
2018-01-14 00:00:00,  630.849600,   27.008953,    0.821418
2018-01-15 00:00:00,  632.465280,   26.502776,    0.821329
2018-01-16 00:00:00,  634.080960,   26.716261,    0.823017
2018-01-17 00:00:00,  635.402880,   27.175018,    0.825372
2018-01-18 00:00:00,  636.724800,   27.348448,    0.826915
2018-01-19 00:00:00,  638.193600,   27.181865,    0.828586
2018-01-20 00:00:00,  639.515520,   26.809074,    0.830655
2018-01-21 00:00:00,  640.837440,   26.385763,    0.830868
2018-01-22 00:00:00,  642.159360,   26.251773,    0.831720
2018-01-23 00:00:00,  643.334400,   25.920410,    0.830633
2018-01-24 00:00:00,  644.509440,   24.528673,    0.819449
2018-01-25 00:00:00,  645.684480,   24.999008,    0.821347
2018-01-26 00:00:00,  646.712640,   25.288595,    0.823203
2018-01-27 00:00:00,  647.740800,   26.338301,    0.824554
2018-01-28 00:00:00,  648.768960,   27.856309,    0.825784
2018-01-29 00:00:00,  649.797120,   29.011470,    0.827940
2018-01-30 00:00:00,  650.825280,   29.558367,    0.830787
2018-01-31 00:00:00,  651.706560,   27.741652,    0.830037
2018-02-01 00:00:00,  652.294080,   27.225809,    0.831724
2018-02-02 00:00:00,  652.881600,   27.336066,    0.833578
2018-02-03 00:00:00,  653.762880,   27.554832,    0.835576
2018-02-04 00:00:00,  654.497280,   27.512756,    0.837499
2018-02-05 00:00:00,  655.084800,   26.302406,    0.837300
2018-02-06 00:00:00,  655.819200,   25.446904,    0.837281
2018-02-07 00:00:00,  656.553600,   26.158945,    0.839153
2018-02-08 00:00:00,  657.141120,   26.895526,    0.840035
2018-02-09 00:00:00,  657.728640,   28.031089,    0.842036
2018-02-10 00:00:00,  658.169280,   28.125356,    0.844499
2018-02-11 00:00:00,  658.609920,   27.271373,    0.846700
2018-02-12 00:00:00,  659.050560,   26.695151,    0.848727
2018-02-13 00:00:00,  659.344320,   27.030879,    0.849629
2018-02-14 00:00:00,  659.784960,   27.582647,    0.850785
2018-02-15 00:00:00,  660.078720,   27.910397,    0.852965
2018-02-16 00:00:00,  660.225600,   28.097443,    0.853921
2018-02-17 00:00:00,  660.519360,   27.905288,    0.856171
2018-02-18 00:00:00,  660.666240,   28.380794,    0.857691
2018-02-19 00:00:00,  660.813120,   28.064743,    0.859863
2018-02-20 00:00:00,  660.960000,   26.327748,    0.858797
2018-02-21 00:00:00,  660.960000,   27.755093,    0.858326
2018-02-22 00:00:00,  660.960000,   27.387108,    0.859919
2018-02-23 00:00:00,  660.960000,   27.894864,    0.860949
2018-02-24 00:00:00,  660.813120,   28.273918,    0.862516
2018-02-25 00:00:00,  660.666240,   29.053736,    0.863120
2018-02-26 00:00:00,  660.519360,   30.524640,    0.864709
2018-02-27 00:00:00,  660.225600,   30.553170,    0.867061
2018-02-28 00:00:00,  659.931840,   30.490863,    0.869374
2018-03-01 00:00:00,  659.197440,   29.215035,    0.870018
2018-03-02 00:00:00,  658.316160,   29.026843,    0.872650
2018-03-03 00:00:00,  657.728640,   28.709198,    0.872221
2018-03-04 00:00:00,  657.141120,   28.906900,    0.874017
2018-03-05 00:00:00,  656.553600,   28.182401,    0.874102
2018-03-06 00:00:00,  655.966080,   27.418303,    0.875908
2018-03-07 00:00:00,  655.378560,   26.865632,    0.874297
2018-03-08 00:00:00,  654.644160,   26.308273,    0.875121
2018-03-09 00:00:00,  653.909760,   26.237907,    0.872987
2018-03-10 00:00:00,  653.175360,   26.327262,    0.874125
2018-03-11 00:00:00,  652.294080,   25.986915,    0.875582
2018-03-12 00:00:00,  651.412800,   25.108034,    0.871022
2018-03-13 00:00:00,  650.531520,   24.948773,    0.872695
2018-03-14 00:00:00,  649.503360,   25.508503,    0.873220
2018-03-15 00:00:00,  648.475200,   25.273593,    0.875651
2018-03-16 00:00:00,  647.447040,   25.425645,    0.875753
2018-03-17 00:00:00,  646.418880,   25.848045,    0.876230
2018-03-18 00:00:00,  645.390720,   26.484438,    0.878104
2018-03-19 00:00:00,  644.215680,   25.612162,    0.878874
2018-03-20 00:00:00,  643.040640,   24.850283,    0.877644
2018-03-21 00:00:00,  641.718720,   24.961112,    0.875047
2018-03-22 00:00:00,  640.396800,   25.637382,    0.876448
2018-03-23 00:00:00,  639.221760,   25.863226,    0.877752
2018-03-24 00:00:00,  637.899840,   26.097627,    0.879498
2018-03-25 00:00:00,  636.431040,   26.162447,    0.880215
2018-03-26 00:00:00,  634.962240,   26.279241,    0.882231
2018-03-27 00:00:00,  633.493440,   26.468545,    0.883434
2018-03-28 00:00:00,  632.024640,   26.143506,    0.884547
2018-03-29 00:00:00,  630.555840,   25.801780,    0.884720
2018-03-30 00:00:00,  629.087040,   25.600681,    0.884962
2018-03-31 00:00:00,  627.471360,   25.463491,    0.885957
2018-04-01 00:00:00,  626.296320,   25.130002,    0.885309
2018-04-02 00:00:00,  625.121280,   24.745969,    0.886237
2018-04-03 00:00:00,  623.358720,   24.628696,    0.884227
2018-04-04 00:00:00,  621.596160,   24.352181,    0.885006
2018-04-05 00:00:00,  619.833600,   24.716084,    0.884905
2018-04-06 00:00:00,  618.071040,   24.516789,    0.885438
2018-04-07 00:00:00,  616.308480,   23.611848,    0.882534
2018-04-08 00:00:00,  614.545920,   23.246600,    0.880794
2018-04-09 00:00:00,  612.783360,   22.498128,    0.880907
2018-04-10 00:00:00,  610.873920,   21.948189,    0.871217
2018-04-11 00:00:00,  608.964480,   22.034563,    0.856672
2018-04-12 00:00:00,  607.055040,   21.839892,    0.860445
2018-04-13 00:00:00,  604.998720,   22.317272,    0.860901
2018-04-14 00:00:00,  602.942400,   22.470240,    0.861865
2018-04-15 00:00:00,  600.886080,   22.303338,    0.862622
2018-04-16 00:00:00,  598.829760,   22.431143,    0.863261
2018-04-17 00:00:00,  596.773440,   21.856182,    0.863225
2018-04-18 00:00:00,  594.717120,   21.590755,    0.863651
2018-04-19 00:00:00,  592.660800,   21.406008,    0.863620
2018-04-20 00:00:00,  590.457600,   21.086570,    0.862398
2018-04-21 00:00:00,  588.254400,   21.240474,    0.862961
2018-04-22 00:00:00,  586.198080,   21.840029,    0.862993
2018-04-23 00:00:00,  583.994880,   22.134579,    0.863299
2018-04-24 00:00:00,  581.644800,   22.336036,    0.864205
2018-04-25 00:00:00,  579.441600,   22.739345,    0.864924
2018-04-26 00:00:00,  577.238400,   22.451512,    0.859162
2018-04-27 00:00:00,  574.888320,   21.245980,    0.857626
2018-04-28 00:00:00,  572.538240,   20.621457,    0.856361
2018-04-29 00:00:00,  570.188160,   20.552403,    0.856928
2018-04-30 00:00:00,  567.838080,   20.490893,    0.857143
2018-05-01 00:00:00,  565.047360,   20.627670,    0.857298
2018-05-02 00:00:00,  562.109760,   20.761042,    0.857921
2018-05-03 00:00:00,  559.612800,   20.804486,    0.858565
2018-05-04 00:00:00,  557.262720,   20.809724,    0.859020
2018-05-05 00:00:00,  554.912640,   20.428656,    0.859020
2018-05-06 00:00:00,  552.415680,   20.089308,    0.858535
2018-05-07 00:00:00,  549.918720,   19.771254,    0.855571
2018-05-08 00:00:00,  547.568640,   19.778527,    0.855566
2018-05-09 00:00:00,  545.071680,   19.408193,    0.855832
2018-05-10 00:00:00,  542.574720,   19.545827,    0.856081
2018-05-11 00:00:00,  540.077760,   19.267597,    0.854349
2018-05-12 00:00:00,  537.580800,   19.040734,    0.853032
2018-05-13 00:00:00,  535.083840,   18.716381,    0.853190
2018-05-14 00:00:00,  532.586880,   18.434542,    0.853180
2018-05-15 00:00:00,  530.089920,   18.038840,    0.849966
2018-05-16 00:00:00,  527.592960,   18.124593,    0.847736
2018-05-17 00:00:00,  525.096000,   18.063662,    0.829935
2018-05-18 00:00:00,  522.599040,   18.392047,    0.842883
2018-05-19 00:00:00,  520.102080,   18.346246,    0.843092
2018-05-20 00:00:00,  517.458240,   17.753585,    0.836286
2018-05-21 00:00:00,  514.961280,   17.641855,    0.836017
2018-05-22 00:00:00,  512.464320,   17.811241,    0.836169
2018-05-23 00:00:00,  509.967360,   18.090450,    0.836160
2018-05-24 00:00:00,  507.470400,   17.591956,    0.836405
2018-05-25 00:00:00,  504.826560,   17.303365,    0.836078
2018-05-26 00:00:00,  502.329600,   17.271672,    0.836083
2018-05-27 00:00:00,  499.832640,   17.388376,    0.835981
2018-05-28 00:00:00,  497.335680,   17.558383,    0.835885
2018-05-29 00:00:00,  494.838720,   17.152975,    0.833530
2018-05-30 00:00:00,  492.341760,   17.253912,    0.829676
2018-05-31 00:00:00,  489.844800,   17.347755,    0.829813
2018-06-01 00:00:00,  488.082240,   17.284237,    0.822222
2018-06-02 00:00:00,  486.319680,   17.214214,    0.823766
2018-06-03 00:00:00,  483.822720,   17.201137,    0.824937
2018-06-04 00:00:00,  481.325760,   16.792771,    0.825163
2018-06-05 00:00:00,  478.828800,   16.673558,    0.825968
2018-06-06 00:00:00,  476.478720,   16.568200,    0.826606
2018-06-07 00:00:00,  473.981760,   16.416489,    0.827395
2018-06-08 00:00:00,  471.484800,   16.254087,    0.831113
2018-06-09 00:00:00,  469.134720,   16.113919,    0.831361
2018-06-10 00:00:00,  466.784640,   15.896648,    0.831731
2018-06-11 00:00:00,  464.434560,   15.656873,    0.832186
2018-06-12 00:00:00,  462.084480,   15.508928,    0.832582
2018-06-13 00:00:00,  459.734400,   15.176121,    0.833108
2018-06-14 00:00:00,  457.384320,   14.894151,    0.831746
2018-06-15 00:00:00,  455.034240,   14.905561,    0.830068
2018-06-16 00:00:00,  452.684160,   15.360180,    0.830534
2018-06-17 00:00:00,  450.334080,   14.881636,    0.830363
2018-06-18 00:00:00,  448.130880,   14.916071,    0.829116
2018-06-19 00:00:00,  445.927680,   14.973552,    0.829300
2018-06-20 00:00:00,  443.577600,   15.081206,    0.829227
2018-06-21 00:00:00,  441.374400,   15.396419,    0.829398
2018-06-22 00:00:00,  439.318080,   15.189611,    0.829340
2018-06-23 00:00:00,  437.114880,   15.359483,    0.828711
2018-06-24 00:00:00,  434.911680,   15.497574,    0.821111
2018-06-25 00:00:00,  432.855360,   15.667274,    0.818870
2018-06-26 00:00:00,  430.799040,   15.840072,    0.820630
2018-06-27 00:00:00,  428.742720,   15.490671,    0.820687
2018-06-28 00:00:00,  426.686400,   15.350030,    0.809762
2018-06-29 00:00:00,  424.630080,   15.448459,    0.795890
2018-06-30 00:00:00,  422.573760,   15.077755,    0.801709
2018-07-01 00:00:00,  420.223680,   14.936964,    0.801305
2018-07-02 00:00:00,  417.873600,   14.680029,    0.800349
2018-07-03 00:00:00,  415.964160,   14.538362,    0.798855
2018-07-04 00:00:00,  414.201600,   14.595479,    0.799262
2018-07-05 00:00:00,  412.292160,   14.725241,    0.799516
2018-07-06 00:00:00,  410.382720,   14.681895,    0.799597
2018-07-07 00:00:00,  408.620160,   14.281442,    0.799561
2018-07-08 00:00:00,  406.857600,   14.151699,    0.799696
2018-07-09 00:00:00,  405.241920,   14.116422,    0.799930
2018-07-10 00:00:00,  403.626240,   13.889819,    0.799854
2018-07-11 00:00:00,  401.863680,   13.685439,    0.796309
2018-07-12 00:00:00,  400.248000,   14.094332,    0.796595
2018-07-13 00:00:00,  398.779200,   14.553328,    0.796643
2018-07-14 00:00:00,  397.163520,   14.726338,    0.797083
2018-07-15 00:00:00,  395.547840,   14.341705,    0.790414
2018-07-16 00:00:00,  394.079040,   14.668761,    0.791021
2018-07-17 00:00:00,  392.757120,   14.477629,    0.791395
2018-07-18 00:00:00,  391.435200,   14.516720,    0.791579
2018-07-19 00:00:00,  389.966400,   14.654674,    0.791483
2018-07-20 00:00:00,  388.644480,   14.392401,    0.788499
2018-07-21 00:00:00,  387.322560,   14.346291,    0.773374
2018-07-22 00:00:00,  386.000640,   14.229816,    0.764937
2018-07-23 00:00:00,  384.825600,   14.419048,    0.766086
2018-07-24 00:00:00,  383.650560,   14.445463,    0.766169
2018-07-25 00:00:00,  382.475520,   14.213632,    0.766675
2018-07-26 00:00:00,  381.447360,   14.649526,    0.767111
2018-07-27 00:00:00,  380.419200,   14.637973,    0.759853
2018-07-28 00:00:00,  379.391040,   15.000063,    0.753921
2018-07-29 00:00:00,  378.362880,   14.843592,    0.755398
2018-07-30 00:00:00,  377.334720,   15.027980,    0.752638
2018-07-31 00:00:00,  376.453440,   15.050779,    0.752017
2018-08-01 00:00:00,  375.865920,   15.148046,    0.752562
2018-08-02 00:00:00,  375.278400,   15.170551,    0.750406
2018-08-03 00:00:00,  374.397120,   14.968115,    0.750818
2018-08-04 00:00:00,  373.662720,   15.402867,    0.751441
2018-08-05 00:00:00,  372.928320,   15.151045,    0.751673
2018-08-06 00:00:00,  372.193920,   14.877798,    0.752016
2018-08-07 00:00:00,  371.606400,   15.368777,    0.750936
2018-08-08 00:00:00,  371.018880,   15.001525,    0.751329
2018-08-09 00:00:00,  370.431360,   15.516763,    0.751878
2018-08-10 00:00:00,  369.990720,   15.438496,    0.751733
2018-08-11 00:00:00,  369.550080,   15.543772,    0.752476
2018-08-12 00:00:00,  369.109440,   15.864433,    0.752226
2018-08-13 00:00:00,  368.815680,   15.898234,    0.728125
2018-08-14 00:00:00,  368.375040,   15.645788,    0.735954
2018-08-15 00:00:00,  368.081280,   15.231505,    0.737117
2018-08-16 00:00:00,  367.934400,   15.022722,    0.737231
2018-08-17 00:00:00,  367.640640,   15.308912,    0.737852
2018-08-18 00:00:00,  367.493760,   15.623340,    0.738446
2018-08-19 00:00:00,  367.346880,   15.882094,    0.738193
2018-08-20 00:00:00,  367.200000,   16.932049,    0.738631
2018-08-21 00:00:00,  367.200000,   16.947414,    0.720172
2018-08-22 00:00:00,  367.200000,   17.200774,    0.726443
2018-08-23 00:00:00,  367.200000,   16.916461,    0.725641
2018-08-24 00:00:00,  367.346880,   16.685637,    0.725662
2018-08-25 00:00:00,  367.493760,   16.726199,    0.725849
2018-08-26 00:00:00,  367.640640,   17.431919,    0.726313
2018-08-27 00:00:00,  367.934400,   17.642237,    0.726795
2018-08-28 00:00:00,  368.228160,   17.888500,    0.727800
2018-08-29 00:00:00,  368.521920,   18.221981,    0.727688
2018-08-30 00:00:00,  368.815680,   19.169497,    0.728670
2018-08-31 00:00:00,  369.256320,   19.863216,    0.729159
2018-09-01 00:00:00,  369.550080,   19.437623,    0.726185
2018-09-02 00:00:00,  369.843840,   18.037690,    0.724849
2018-09-03 00:00:00,  370.431360,   17.449732,    0.725246
2018-09-04 00:00:00,  371.018880,   17.443872,    0.725603
2018-09-05 00:00:00,  371.606400,   17.224844,    0.726524
2018-09-06 00:00:00,  372.193920,   17.256363,    0.727236
2018-09-07 00:00:00,  372.781440,   17.042117,    0.727790
2018-09-08 00:00:00,  373.515840,   17.102799,    0.728679
2018-09-09 00:00:00,  374.250240,   17.716998,    0.729441
2018-09-10 00:00:00,  374.984640,   17.963914,    0.730130
2018-09-11 00:00:00,  375.865920,   18.567921,    0.730890
2018-09-12 00:00:00,  376.747200,   19.038027,    0.731687
2018-09-13 00:00:00,  377.628480,   19.521112,    0.732441
2018-09-14 00:00:00,  378.656640,   20.434703,    0.732602
2018-09-15 00:00:00,  379.684800,   20.621273,    0.733605
2018-09-16 00:00:00,  380.712960,   20.118297,    0.734431
2018-09-17 00:00:00,  381.741120,   19.568935,    0.729511
2018-09-18 00:00:00,  382.769280,   18.250863,    0.714388
2018-09-19 00:00:00,  383.944320,   17.946446,    0.716376
2018-09-20 00:00:00,  385.119360,   18.458587,    0.717135
2018-09-21 00:00:00,  386.441280,   17.642276,    0.711598
2018-09-22 00:00:00,  387.763200,   17.372650,    0.711747
2018-09-23 00:00:00,  389.085120,   18.307155,    0.711995
2018-09-24 00:00:00,  390.407040,   18.961759,    0.713474
2018-09-25 00:00:00,  391.728960,   19.458014,    0.714147
2018-09-26 00:00:00,  393.197760,   18.191726,    0.713885
2018-09-27 00:00:00,  394.666560,   17.162504,    0.706807
2018-09-28 00:00:00,  396.135360,   17.620696,    0.706972
2018-09-29 00:00:00,  397.604160,   18.712643,    0.708428
2018-09-30 00:00:00,  399.219840,   18.319487,    0.709331
2018-10-01 00:00:00,  401.129280,   20.227399,    0.709999
2018-10-02 00:00:00,  403.038720,   19.590795,    0.699103
2018-10-03 00:00:00,  404.801280,   19.544640,    0.702426
2018-10-04 00:00:00,  406.563840,   20.140587,    0.702751
2018-10-05 00:00:00,  408.326400,   20.380884,    0.703484
2018-10-06 00:00:00,  410.088960,   21.654851,    0.705016
2018-10-07 00:00:00,  411.851520,   21.615203,    0.705046
2018-10-08 00:00:00,  413.614080,   22.279677,    0.705076
2018-10-09 00:00:00,  415.523520,   22.235373,    0.707637
2018-10-10 00:00:00,  417.432960,   21.926151,    0.707952
2018-10-11 00:00:00,  419.342400,   23.261889,    0.709801
2018-10-12 00:00:00,  421.251840,   23.225646,    0.710792
2018-10-13 00:00:00,  423.161280,   22.170833,    0.712440
2018-10-14 00:00:00,  425.217600,   22.078301,    0.713432
2018-10-15 00:00:00,  427.273920,   22.699324,    0.714076
2018-10-16 00:00:00,  429.330240,   23.262953,    0.715897
2018-10-17 00:00:00,  431.386560,   23.097237,    0.716867
2018-10-18 00:00:00,  433.442880,   22.188701,    0.707788
2018-10-19 00:00:00,  435.499200,   22.044537,    0.709679
2018-10-20 00:00:00,  437.702400,   22.180220,    0.710805
2018-10-21 00:00:00,  439.905600,   22.955580,    0.712284
2018-10-22 00:00:00,  442.108800,   22.418492,    0.712473
2018-10-23 00:00:00,  444.312000,   22.500822,    0.713610
2018-10-24 00:00:00,  446.515200,   21.922207,    0.713983
2018-10-25 00:00:00,  448.865280,   21.836558,    0.707362
2018-10-26 00:00:00,  451.068480,   21.968378,    0.707419
2018-10-27 00:00:00,  453.271680,   22.988543,    0.708989
2018-10-28 00:00:00,  455.621760,   22.631238,    0.709884
2018-10-29 00:00:00,  457.971840,   22.995247,    0.711633
2018-10-30 00:00:00,  460.321920,   23.304987,    0.713102
2018-10-31 00:00:00,  462.672000,   23.747697,    0.715158
2018-11-01 00:00:00,  464.434560,   24.139512,    0.716100
2018-11-02 00:00:00,  466.197120,   25.194970,    0.712344
2018-11-03 00:00:00,  468.547200,   24.961632,    0.713592
2018-11-04 00:00:00,  470.897280,   24.943627,    0.715461
2018-11-05 00:00:00,  473.247360,   23.258084,    0.705293
2018-11-06 00:00:00,  475.744320,   23.696678,    0.692591
2018-11-07 00:00:00,  478.241280,   22.664002,    0.697494
2018-11-08 00:00:00,  480.591360,   21.327207,    0.696283
2018-11-09 00:00:00,  483.088320,   22.232476,    0.697731
2018-11-10 00:00:00,  485.585280,   22.593614,    0.697846
2018-11-11 00:00:00,  488.082240,   23.085225,    0.699499
2018-11-12 00:00:00,  490.579200,   23.994020,    0.701302
2018-11-13 00:00:00,  493.076160,   24.192854,    0.702948
2018-11-14 00:00:00,  495.573120,   24.179461,    0.704251
2018-11-15 00:00:00,  498.070080,   23.937473,    0.705602
2018-11-16 00:00:00,  500.567040,   24.411459,    0.706583
2018-11-17 00:00:00,  503.064000,   23.936246,    0.705895
2018-11-18 00:00:00,  505.560960,   23.963589,    0.707597
2018-11-19 00:00:00,  508.057920,   23.770109,    0.709138
2018-11-20 00:00:00,  510.701760,   23.815215,    0.710715
2018-11-21 00:00:00,  513.198720,   24.359091,    0.712770
2018-11-22 00:00:00,  515.695680,   25.099868,    0.714039
2018-11-23 00:00:00,  518.192640,   25.784483,    0.716904
2018-11-24 00:00:00,  520.689600,   25.616795,    0.718921
2018-11-25 00:00:00,  523.333440,   25.742736,    0.720357
2018-11-26 00:00:00,  525.830400,   24.191953,    0.721656
2018-11-27 00:00:00,  528.327360,   23.421744,    0.722855
2018-11-28 00:00:00,  530.824320,   23.299233,    0.723953
2018-11-29 00:00:00,  533.321280,   23.140819,    0.725817
2018-11-30 00:00:00,  535.818240,   23.239999,    0.726623
2018-12-01 00:00:00,  538.902720,   23.934486,    0.729141
2018-12-02 00:00:00,  541.987200,   24.416220,    0.731268
2018-12-03 00:00:00,  544.337280,   25.012712,    0.732982
2018-12-04 00:00:00,  546.834240,   24.845483,    0.733461
2018-12-05 00:00:00,  549.331200,   26.635044,    0.736155
2018-12-06 00:00:00,  551.681280,   24.996127,    0.712933
2018-12-07 00:00:00,  554.178240,   25.082703,    0.711857
2018-12-08 00:00:00,  556.675200,   24.579399,    0.713355
2018-12-09 00:00:00,  559.025280,   25.158434,    0.716473
2018-12-10 00:00:00,  561.375360,   25.598250,    0.717729
2018-12-11 00:00:00,  563.725440,   26.371204,    0.719419
2018-12-12 00:00:00,  566.075520,   23.954303,    0.672685
2018-12-13 00:00:00,  568.425600,   22.944676,    0.677285
2018-12-14 00:00:00,  570.775680,   24.172191,    0.678430
2018-12-15 00:00:00,  573.125760,   23.797000,    0.679578
2018-12-16 00:00:00,  575.475840,   24.930315,    0.681011
2018-12-17 00:00:00,  577.825920,   25.546532,    0.681864
2018-12-18 00:00:00,  580.029120,   26.030926,    0.683630
2018-12-19 00:00:00,  582.232320,   26.180336,    0.685686
2018-12-20 00:00:00,  584.582400,   26.590366,    0.687133
2018-12-21 00:00:00,  586.785600,   26.860951,    0.689201
2018-12-22 00:00:00,  588.988800,   26.776326,    0.691022
2018-12-23 00:00:00,  591.192000,   26.449069,    0.692997
2018-12-24 00:00:00,  593.248320,   26.593060,    0.695037
2018-12-25 00:00:00,  595.304640,   26.484407,    0.697288
2018-12-26 00:00:00,  597.360960,   26.572290,    0.698448
2018-12-27 00:00:00,  599.417280,   26.639324,    0.700450
2018-12-28 00:00:00,  601.473600,   27.095042,    0.703197
2018-12-29 00:00:00,  603.529920,   28.070504,    0.705087
2018-12-30 00:00:00,  605.586240,   28.262105,    0.706910
2018-12-31 00:00:00,  607.495680,   27.919725,    0.709541
2019-01-01 00:00:00,  608.817600,   27.381245,    0.709789
2019-01-02 00:00:00,  610.286400,   27.251383,    0.711928
2019-01-03 00:00:00,  612.195840,   26.686573,    0.714115
2019-01-04 00:00:00,  613.958400,   27.026401,    0.716435
2019-01-05 00:00:00,  615.867840,   27.357660,    0.717736
2019-01-06 00:00:00,  617.777280,   26.435627,    0.719117
2019-01-07 00:00:00,  619.539840,   25.698439,    0.720783
2019-01-08 00:00:00,  621.302400,   25.548744,    0.722022
2019-01-09 00:00:00,  622.918080,   25.663896,    0.723210
2019-01-10 00:00:00,  624.533760,   26.420443,    0.725164
2019-01-11 00:00:00,  626.296320,   26.928578,    0.727585
2019-01-12 00:00:00,  627.912000,   27.808753,    0.729941
2019-01-13 00:00:00,  629.380800,   28.326390,    0.731670
2019-01-14 00:00:00,  630.849600,   29.048761,    0.731863
2019-01-15 00:00:00,  632.465280,   29.330710,    0.734120
2019-01-16 00:00:00,  634.080960,   27.590867,    0.736296
2019-01-17 00:00:00,  635.402880,   27.159803,    0.737783
2019-01-18 00:00:00,  636.724800,   27.523946,    0.739565
2019-01-19 00:00:00,  638.193600,   28.848588,    0.741802
2019-01-20 00:00:00,  639.515520,   29.400123,    0.741051
2019-01-21 00:00:00,  640.837440,   30.375843,    0.743100
2019-01-22 00:00:00,  642.159360,   29.608372,    0.745179
2019-01-23 00:00:00,  643.334400,   28.934779,    0.746900
2019-01-24 00:00:00,  644.509440,   29.821392,    0.746233
2019-01-25 00:00:00,  645.684480,   30.009153,    0.740860
2019-01-26 00:00:00,  646.712640,   30.339022,    0.746999
2019-01-27 00:00:00,  647.740800,   30.974171,    0.748918
2019-01-28 00:00:00,  648.768960,   31.100177,    0.751373
2019-01-29 00:00:00,  649.797120,   28.666847,    0.753229
2019-01-30 00:00:00,  650.825280,   27.614287,    0.754855
2019-01-31 00:00:00,  651.706560,   27.757522,    0.755560
2019-02-01 00:00:00,  652.294080,   27.659300,    0.757767
2019-02-02 00:00:00,  652.881600,   27.337573,    0.751546
2019-02-03 00:00:00,  653.762880,   26.647504,    0.754131
2019-02-04 00:00:00,  654.497280,   25.647540,    0.754742
2019-02-05 00:00:00,  655.084800,   25.657672,    0.755863
2019-02-06 00:00:00,  655.819200,   25.683430,    0.757400
2019-02-07 00:00:00,  656.553600,   25.903388,    0.759283
2019-02-08 00:00:00,  657.141120,   26.195808,    0.761414
2019-02-09 00:00:00,  657.728640,   26.603970,    0.762342
2019-02-10 00:00:00,  658.169280,   28.023501,    0.764581
2019-02-11 00:00:00,  658.609920,   27.686977,    0.765890
2019-02-12 00:00:00,  659.050560,   27.150361,    0.768035
2019-02-13 00:00:00,  659.344320,   27.558448,    0.768577
2019-02-14 00:00:00,  659.784960,   27.579764,    0.769986
2019-02-15 00:00:00,  660.078720,   27.283247,    0.771356
2019-02-16 00:00:00,  660.225600,   27.164294,    0.772779
2019-02-17 00:00:00,  660.519360,   27.154202,    0.774506
2019-02-18 00:00:00,  660.666240,   27.034292,    0.775739
2019-02-19 00:00:00,  660.813120,   27.175726,    0.777343
2019-02-20 00:00:00,  660.960000,   27.161055,    0.777895
2019-02-21 00:00:00,  660.960000,   28.122790,    0.780333
2019-02-22 00:00:00,  660.960000,   28.606727,    0.781019
2019-02-23 00:00:00,  660.960000,   27.882293,    0.782591
2019-02-24 00:00:00,  660.813120,   27.142447,    0.784154
2019-02-25 00:00:00,  660.666240,   26.534973,    0.784775
2019-02-26 00:00:00,  660.519360,   25.852013,    0.786195
2019-02-27 00:00:00,  660.225600,   25.690606,    0.786500
2019-02-28 00:00:00,  659.931840,   25.378202,    0.787811
2019-03-01 00:00:00,  659.197440,   25.150746,    0.788022
2019-03-02 00:00:00,  658.316160,   24.780344,    0.787712
2019-03-03 00:00:00,  657.728640,   24.712151,    0.788626
2019-03-04 00:00:00,  657.141120,   24.648806,    0.789702
2019-03-05 00:00:00,  656.553600,   25.483262,    0.790713
2019-03-06 00:00:00,  655.966080,   26.106697,    0.790707
2019-03-07 00:00:00,  655.378560,   26.354475,    0.794858
2019-03-08 00:00:00,  654.644160,   25.889932,    0.797013
2019-03-09 00:00:00,  653.909760,   25.415091,    0.795168
2019-03-10 00:00:00,  653.175360,   26.134998,    0.796856
2019-03-11 00:00:00,  652.294080,   26.766626,    0.798447
2019-03-12 00:00:00,  651.412800,   27.168791,    0.800511
2019-03-13 00:00:00,  650.531520,   27.070715,    0.802041
2019-03-14 00:00:00,  649.503360,   26.113164,    0.803658
2019-03-15 00:00:00,  648.475200,   25.347543,    0.803637
2019-03-16 00:00:00,  647.447040,   24.812845,    0.804645
2019-03-17 00:00:00,  646.418880,   24.512862,    0.804481
2019-03-18 00:00:00,  645.390720,   24.624049,    0.805946
2019-03-19 00:00:00,  644.215680,   24.820565,    0.806564
2019-03-20 00:00:00,  643.040640,   24.427087,    0.808091
2019-03-21 00:00:00,  641.718720,   24.063963,    0.808199
2019-03-22 00:00:00,  640.396800,   23.870608,    0.809161
2019-03-23 00:00:00,  639.221760,   23.566674,    0.810198
2019-03-24 00:00:00,  637.899840,   23.477528,    0.809515
2019-03-25 00:00:00,  636.431040,   23.744992,    0.810159
2019-03-26 00:00:00,  634.962240,   23.577864,    0.810824
2019-03-27 00:00:00,  633.493440,   23.755745,    0.811855
2019-03-28 00:00:00,  632.024640,   23.846271,    0.812559
2019-03-29 00:00:00,  630.555840,   23.838103,    0.813110
2019-03-30 00:00:00,  629.087040,   23.952741,    0.814439
2019-03-31 00:00:00,  627.471360,   23.004689,    0.814382
2019-04-01 00:00:00,  626.296320,   22.882338,    0.813820
2019-04-02 00:00:00,  625.121280,   22.593413,    0.814179
2019-04-03 00:00:00,  623.358720,   22.267607,    0.812502
2019-04-04 00:00:00,  621.596160,   22.515036,    0.813097
2019-04-05 00:00:00,  619.833600,   22.391072,    0.813362
2019-04-06 00:00:00,  618.071040,   21.804505,    0.813640
2019-04-07 00:00:00,  616.308480,   21.331986,    0.812958
2019-04-08 00:00:00,  614.545920,   21.680883,    0.813456
2019-04-09 00:00:00,  612.783360,   22.226568,    0.814066
2019-04-10 00:00:00,  610.873920,   22.713975,    0.814196
2019-04-11 00:00:00,  608.964480,   23.125134,    0.814747
2019-04-12 00:00:00,  607.055040,   23.110135,    0.816572
2019-04-13 00:00:00,  604.998720,   22.893245,    0.817000
2019-04-14 00:00:00,  602.942400,   22.799435,    0.818188
2019-04-15 00:00:00,  600.886080,   22.904817,    0.818457
2019-04-16 00:00:00,  598.829760,   23.166717,    0.819300
2019-04-17 00:00:00,  596.773440,   23.321749,    0.819900
2019-04-18 00:00:00,  594.717120,   22.772267,    0.820575
2019-04-19 00:00:00,  592.660800,   22.006221,    0.819382
2019-04-20 00:00:00,  590.457600,   21.766736,    0.819313
2019-04-21 00:00:00,  588.254400,   21.420260,    0.819239
2019-04-22 00:00:00,  586.198080,   21.254643,    0.818965
2019-04-23 00:00:00,  583.994880,   21.163730,    0.817278
2019-04-24 00:00:00,  581.644800,   21.016488,    0.817045
2019-04-25 00:00:00,  579.441600,   20.446244,    0.816263
2019-04-26 00:00:00,  577.238400,   20.011565,    0.815128
2019-04-27 00:00:00,  574.888320,   20.886917,    0.816449
2019-04-28 00:00:00,  572.538240,   20.076129,    0.816502
2019-04-29 00:00:00,  570.188160,   19.509066,    0.814988
2019-04-30 00:00:00,  567.838080,   19.653378,    0.811733
2019-05-01 00:00:00,  565.047360,   19.806961,    0.812528
2019-05-02 00:00:00,  562.109760,   19.534663,    0.813025
2019-05-03 00:00:00,  559.612800,   19.518945,    0.813692
2019-05-04 00:00:00,  557.262720,   20.011145,    0.813863
2019-05-05 00:00:00,  554.912640,   19.632849,    0.769905
2019-05-06 00:00:00,  552.415680,   19.730970,    0.780430
2019-05-07 00:00:00,  549.918720,   19.256601,    0.782661
2019-05-08 00:00:00,  547.568640,   18.702271,    0.783447
2019-05-09 00:00:00,  545.071680,   18.299617,    0.785553
2019-05-10 00:00:00,  542.574720,   18.610117,    0.778961
2019-05-11 00:00:00,  540.077760,   18.756555,    0.775210
2019-05-12 00:00:00,  537.580800,   18.660892,    0.777288
2019-05-13 00:00:00,  535.083840,   18.728228,    0.781124
2019-05-14 00:00:00,  532.586880,   18.445051,    0.781233
2019-05-15 00:00:00,  530.089920,   18.797696,    0.781597
2019-05-16 00:00:00,  527.592960,   18.725225,    0.781890
2019-05-17 00:00:00,  525.096000,   18.892020,    0.782281
2019-05-18 00:00:00,  522.599040,   18.513474,    0.782218
2019-05-19 00:00:00,  520.102080,   18.570086,    0.782222
2019-05-20 00:00:00,  517.458240,   18.732217,    0.782680
2019-05-21 00:00:00,  514.961280,   18.529435,    0.782888
2019-05-22 00:00:00,  512.464320,   18.350988,    0.783087
2019-05-23 00:00:00,  509.967360,   18.159664,    0.783685
2019-05-24 00:00:00,  507.470400,   18.006853,    0.784702
2019-05-25 00:00:00,  504.826560,   17.837919,    0.785546
2019-05-26 00:00:00,  502.329600,   17.476667,    0.786280
2019-05-27 00:00:00,  499.832640,   17.236804,    0.788019
2019-05-28 00:00:00,  497.335680,   17.514664,    0.789522
2019-05-29 00:00:00,  494.838720,   17.611513,    0.789821
2019-05-30 00:00:00,  492.341760,   17.177090,    0.790251
2019-05-31 00:00:00,  489.844800,   17.166437,    0.791662
2019-06-01 00:00:00,  488.082240,   16.789018,    0.797049
2019-06-02 00:00:00,  486.319680,   16.996705,    0.797547
2019-06-03 00:00:00,  483.822720,   17.397121,    0.797730
2019-06-04 00:00:00,  481.325760,   16.608560,    0.797889
2019-06-05 00:00:00,  478.828800,   16.525447,    0.798367
2019-06-06 00:00:00,  476.478720,   16.393393,    0.798848
2019-06-07 00:00:00,  473.981760,   16.013420,    0.797427
2019-06-08 00:00:00,  471.484800,   15.940790,    0.783702
2019-06-09 00:00:00,  469.134720,   16.286263,    0.785038
2019-06-10 00:00:00,  466.784640,   16.823723,    0.785734
2019-06-11 00:00:00,  464.434560,   16.126871,    0.783047
2019-06-12 00:00:00,  462.084480,   15.871025,    0.782660
2019-06-13 00:00:00,  459.734400,   15.687171,    0.778578
2019-06-14 00:00:00,  457.384320,   15.405662,    0.777553
2019-06-15 00:00:00,  455.034240,   15.195773,    0.773682
2019-06-16 00:00:00,  452.684160,   15.499565,    0.773745
2019-06-17 00:00:00,  450.334080,   15.460701,    0.774080
2019-06-18 00:00:00,  448.130880,   15.532520,    0.774111
2019-06-19 00:00:00,  445.927680,   15.643841,    0.774342
2019-06-20 00:00:00,  443.577600,   15.854649,    0.771798
2019-06-21 00:00:00,  441.374400,   15.310368,    0.770617
2019-06-22 00:00:00,  439.318080,   15.489800,    0.771027
2019-06-23 00:00:00,  437.114880,   15.518215,    0.771224
2019-06-24 00:00:00,  434.911680,   15.017205,    0.771230
2019-06-25 00:00:00,  432.855360,   14.974046,    0.771438
2019-06-26 00:00:00,  430.799040,   14.601640,    0.771050
2019-06-27 00:00:00,  428.742720,   14.412613,    0.767483
2019-06-28 00:00:00,  426.686400,   14.454313,    0.766286
2019-06-29 00:00:00,  424.630080,   14.415183,    0.765982
2019-06-30 00:00:00,  422.573760,   14.972745,    0.766074
2019-07-01 00:00:00,  420.223680,   14.956191,    0.766601
2019-07-02 00:00:00,  417.873600,   15.057196,    0.766879
2019-07-03 00:00:00,  415.964160,   15.055365,    0.766936
2019-07-04 00:00:00,  414.201600,   14.723630,    0.767217
2019-07-05 00:00:00,  412.292160,   14.676467,    0.767341
2019-07-06 00:00:00,  410.382720,   14.249253,    0.767288
2019-07-07 00:00:00,  408.620160,   14.347535,    0.765502
2019-07-08 00:00:00,  406.857600,   14.770195,    0.765915
2019-07-09 00:00:00,  405.241920,   14.296482,    0.766144
2019-07-10 00:00:00,  403.626240,   14.170521,    0.766450
2019-07-11 00:00:00,  401.863680,   13.935053,    0.757455
2019-07-12 00:00:00,  400.248000,   13.780877,    0.757647
2019-07-13 00:00:00,  398.779200,   13.917483,    0.757988
2019-07-14 00:00:00,  397.163520,   13.677856,    0.757919
2019-07-15 00:00:00,  395.547840,   14.136612,    0.758141
2019-07-16 00:00:00,  394.079040,   13.957599,    0.758222
2019-07-17 00:00:00,  392.757120,   13.800702,    0.754088
2019-07-18 00:00:00,  391.435200,   14.069783,    0.754773
2019-07-19 00:00:00,  389.966400,   14.007488,    0.754832
2019-07-20 00:00:00,  388.644480,   14.008989,    0.755217
2019-07-21 00:00:00,  387.322560,   14.128839,    0.755327
2019-07-22 00:00:00,  386.000640,   14.019558,    0.755498
2019-07-23 00:00:00,  384.825600,   14.645116,    0.756097
2019-07-24 00:00:00,  383.650560,   14.340787,    0.754807
2019-07-25 00:00:00,  382.475520,   14.173754,    0.755529
2019-07-26 00:00:00,  381.447360,   13.939507,    0.755473
2019-07-27 00:00:00,  380.419200,   14.152644,    0.755598
2019-07-28 00:00:00,  379.391040,   14.442666,    0.756253
2019-07-29 00:00:00,  378.362880,   14.516969,    0.756660
2019-07-30 00:00:00,  377.334720,   14.108735,    0.756726
2019-07-31 00:00:00,  376.453440,   14.045407,    0.756850
2019-08-01 00:00:00,  375.865920,   14.413194,    0.750163
2019-08-02 00:00:00,  375.278400,   14.388350,    0.746247
2019-08-03 00:00:00,  374.397120,   14.262447,    0.745479
2019-08-04 00:00:00,  373.662720,   14.467337,    0.744471
2019-08-05 00:00:00,  372.928320,   14.671340,    0.740746
2019-08-06 00:00:00,  372.193920,   15.145265,    0.741074
2019-08-07 00:00:00,  371.606400,   15.141058,    0.739023
2019-08-08 00:00:00,  371.018880,   15.032712,    0.734616
2019-08-09 00:00:00,  370.431360,   15.522343,    0.735170
2019-08-10 00:00:00,  369.990720,   15.297613,    0.735305
2019-08-11 00:00:00,  369.550080,   15.327981,    0.735656
2019-08-12 00:00:00,  369.109440,   15.762308,    0.736128
2019-08-13 00:00:00,  368.815680,   15.566428,    0.714444
2019-08-14 00:00:00,  368.375040,   15.375759,    0.717335
2019-08-15 00:00:00,  368.081280,   15.463990,    0.715841
2019-08-16 00:00:00,  367.934400,   15.807482,    0.717118
2019-08-17 00:00:00,  367.640640,   15.831674,    0.717549
2019-08-18 00:00:00,  367.493760,   15.749304,    0.718262
2019-08-19 00:00:00,  367.346880,   15.731880,    0.717978
2019-08-20 00:00:00,  367.200000,   16.042187,    0.718444
2019-08-21 00:00:00,  367.200000,   16.531296,    0.718439
2019-08-22 00:00:00,  367.200000,   16.821944,    0.715113
2019-08-23 00:00:00,  367.200000,   15.931315,    0.715785
2019-08-24 00:00:00,  367.346880,   16.027668,    0.716308
2019-08-25 00:00:00,  367.493760,   15.917727,    0.716361
2019-08-26 00:00:00,  367.640640,   16.516262,    0.716649
2019-08-27 00:00:00,  367.934400,   17.033548,    0.717377
2019-08-28 00:00:00,  368.228160,   17.379127,    0.717672
2019-08-29 00:00:00,  368.521920,   17.115731,    0.717909
2019-08-30 00:00:00,  368.815680,   17.624207,    0.717990
2019-08-31 00:00:00,  369.256320,   17.594260,    0.718428
2019-09-01 00:00:00,  369.550080,   17.383924,    0.715111
2019-09-02 00:00:00,  369.843840,   17.817103,    0.715887
2019-09-03 00:00:00,  370.431360,   17.931035,    0.716306
2019-09-04 00:00:00,  371.018880,   16.881794,    0.710711
2019-09-05 00:00:00,  371.606400,   15.736099,    0.708103
2019-09-06 00:00:00,  372.193920,   15.346912,    0.708428
2019-09-07 00:00:00,  372.781440,   15.521939,    0.710279
2019-09-08 00:00:00,  373.515840,   15.949069,    0.710821
2019-09-09 00:00:00,  374.250240,   16.824807,    0.711561
2019-09-10 00:00:00,  374.984640,   16.723634,    0.711687
2019-09-11 00:00:00,  375.865920,   17.141833,    0.711678
2019-09-12 00:00:00,  376.747200,   18.628589,    0.712647
2019-09-13 00:00:00,  377.628480,   18.502573,    0.713759
2019-09-14 00:00:00,  378.656640,   17.866518,    0.713455
2019-09-15 00:00:00,  379.684800,   18.313174,    0.714038
2019-09-16 00:00:00,  380.712960,   18.900277,    0.715024
2019-09-17 00:00:00,  381.741120,   19.516181,    0.715900
2019-09-18 00:00:00,  382.769280,   19.546532,    0.715946
2019-09-19 00:00:00,  383.944320,   19.786310,    0.702866
2019-09-20 00:00:00,  385.119360,   20.186747,    0.703654
2019-09-21 00:00:00,  386.441280,   19.796678,    0.705084
2019-09-22 00:00:00,  387.763200,   18.190293,    0.704349
2019-09-23 00:00:00,  389.085120,   17.400318,    0.704762
2019-09-24 00:00:00,  390.407040,   17.765394,    0.705507
2019-09-25 00:00:00,  391.728960,   17.926985,    0.706180
2019-09-26 00:00:00,  393.197760,   17.580143,    0.699995
2019-09-27 00:00:00,  394.666560,   16.858278,    0.699281
2019-09-28 00:00:00,  396.135360,   16.216114,    0.697853
2019-09-29 00:00:00,  397.604160,   16.790118,    0.698008
2019-09-30 00:00:00,  399.219840,   17.574570,    0.698968
2019-10-01 00:00:00,  401.129280,   18.129674,    0.700006
2019-10-02 00:00:00,  403.038720,   19.399548,    0.701477
2019-10-03 00:00:00,  404.801280,   19.817371,    0.702602
2019-10-04 00:00:00,  406.563840,   19.531315,    0.703251
2019-10-05 00:00:00,  408.326400,   20.161559,    0.704823
2019-10-06 00:00:00,  410.088960,   19.972044,    0.705333
2019-10-07 00:00:00,  411.851520,   20.635834,    0.706826
2019-10-08 00:00:00,  413.614080,   20.882849,    0.708103
2019-10-09 00:00:00,  415.523520,   21.143921,    0.709060
2019-10-10 00:00:00,  417.432960,   21.532747,    0.710089
2019-10-11 00:00:00,  419.342400,   21.438715,    0.711835
2019-10-12 00:00:00,  421.251840,   21.039057,    0.711872
2019-10-13 00:00:00,  423.161280,   21.772358,    0.714090
2019-10-14 00:00:00,  425.217600,   20.766338,    0.713047
2019-10-15 00:00:00,  427.273920,   20.158960,    0.713639
2019-10-16 00:00:00,  429.330240,   20.326118,    0.714220
2019-10-17 00:00:00,  431.386560,   20.485967,    0.714722
2019-10-18 00:00:00,  433.442880,   21.691781,    0.715911
2019-10-19 00:00:00,  435.499200,   21.867923,    0.715826
2019-10-20 00:00:00,  437.702400,   22.623889,    0.717873
2019-10-21 00:00:00,  439.905600,   22.719636,    0.718198
2019-10-22 00:00:00,  442.108800,   23.196468,    0.719467
2019-10-23 00:00:00,  444.312000,   22.560770,    0.719934
2019-10-24 00:00:00,  446.515200,   22.125678,    0.721331
2019-10-25 00:00:00,  448.865280,   22.154273,    0.722417
2019-10-26 00:00:00,  451.068480,   22.290767,    0.724158
2019-10-27 00:00:00,  453.271680,   22.560216,    0.725752
2019-10-28 00:00:00,  455.621760,   23.239198,    0.727365
2019-10-29 00:00:00,  457.971840,   24.047826,    0.728789
2019-10-30 00:00:00,  460.321920,   23.781216,    0.729757
2019-10-31 00:00:00,  462.672000,   22.778511,    0.731014
2019-11-01 00:00:00,  464.434560,   21.820996,    0.730463
2019-11-02 00:00:00,  466.197120,   21.546430,    0.731719
2019-11-03 00:00:00,  468.547200,   22.345585,    0.732549
2019-11-04 00:00:00,  470.897280,   21.858133,    0.733563
2019-11-05 00:00:00,  473.247360,   20.545499,    0.726523
2019-11-06 00:00:00,  475.744320,   19.943899,    0.724128
2019-11-07 00:00:00,  478.241280,   20.396901,    0.724415
2019-11-08 00:00:00,  480.591360,   21.796771,    0.726867
2019-11-09 00:00:00,  483.088320,   22.051012,    0.727630
2019-11-10 00:00:00,  485.585280,   22.979463,    0.728435
2019-11-11 00:00:00,  488.082240,   23.209359,    0.729847
2019-11-12 00:00:00,  490.579200,   22.775224,    0.731058
2019-11-13 00:00:00,  493.076160,   22.858392,    0.732453
2019-11-14 00:00:00,  495.573120,   22.853561,    0.734050
2019-11-15 00:00:00,  498.070080,   23.141428,    0.735270
2019-11-16 00:00:00,  500.567040,   23.771233,    0.736667
2019-11-17 00:00:00,  503.064000,   24.379004,    0.738474
2019-11-18 00:00:00,  505.560960,   24.871118,    0.739526
2019-11-19 00:00:00,  508.057920,   24.469322,    0.741751
2019-11-20 00:00:00,  510.701760,   24.912380,    0.743143
2019-11-21 00:00:00,  513.198720,   25.009704,    0.745047
2019-11-22 00:00:00,  515.695680,   25.122449,    0.744240
2019-11-23 00:00:00,  518.192640,   26.169302,    0.744844
2019-11-24 00:00:00,  520.689600,   25.438665,    0.746341
2019-11-25 00:00:00,  523.333440,   24.782775,    0.747620
2019-11-26 00:00:00,  525.830400,   25.395968,    0.748992
2019-11-27 00:00:00,  528.327360,   26.202802,    0.750116
2019-11-28 00:00:00,  530.824320,   25.421270,    0.751835
2019-11-29 00:00:00,  533.321280,   22.417194,    0.742990
2019-11-30 00:00:00,  535.818240,   20.572750,    0.738710
2019-12-01 00:00:00,  538.902720,   20.482070,    0.740070
2019-12-02 00:00:00,  541.987200,   21.595131,    0.741499
2019-12-03 00:00:00,  544.337280,   22.358716,    0.742840
2019-12-04 00:00:00,  546.834240,   23.922432,    0.745477
2019-12-05 00:00:00,  549.331200,   24.855550,    0.746126
2019-12-06 00:00:00,  551.681280,   25.952197,    0.749625
2019-12-07 00:00:00,  554.178240,   25.286373,    0.750585
2019-12-08 00:00:00,  556.675200,   24.183312,    0.750810
2019-12-09 00:00:00,  559.025280,   24.721813,    0.753096
2019-12-10 00:00:00,  561.375360,   25.131873,    0.754057
2019-12-11 00:00:00,  563.725440,   26.536046,    0.756455
2019-12-12 00:00:00,  566.075520,   27.059849,    0.755621
2019-12-13 00:00:00,  568.425600,   26.110977,    0.750607
2019-12-14 00:00:00,  570.775680,   25.379033,    0.743214
2019-12-15 00:00:00,  573.125760,   25.286429,    0.745779
2019-12-16 00:00:00,  575.475840,   25.637250,    0.747855
2019-12-17 00:00:00,  577.825920,   26.165930,    0.749250
2019-12-18 00:00:00,  580.029120,   27.020828,    0.751547
2019-12-19 00:00:00,  582.232320,   25.813551,    0.752552
2019-12-20 00:00:00,  584.582400,   25.771694,    0.754169
2019-12-21 00:00:00,  586.785600,   26.416136,    0.755926
2019-12-22 00:00:00,  588.988800,   26.035890,    0.758074
2019-12-23 00:00:00,  591.192000,   26.171400,    0.759590
2019-12-24 00:00:00,  593.248320,   26.308294,    0.761251
2019-12-25 00:00:00,  595.304640,   26.970279,    0.763398
2019-12-26 00:00:00,  597.360960,   27.269430,    0.763899
2019-12-27 00:00:00,  599.417280,   27.474825,    0.766645
2019-12-28 00:00:00,  601.473600,   28.482317,    0.768151
2019-12-29 00:00:00,  603.529920,   29.425668,    0.769993
2019-12-30 00:00:00,  605.586240,   29.289283,    0.771883
2019-12-31 00:00:00,  607.495680,   30.290769,    0.774234
2020-01-01 00:00:00,  608.817600,   31.245723,    0.776797
2020-01-02 00:00:00,  610.286400,   30.262422,    0.778501
2020-01-03 00:00:00,  612.195840,   29.980438,    0.780224
2020-01-04 00:00:00,  613.958400,   28.284213,    0.781680
2020-01-05 00:00:00,  590.206680,   27.479779,    0.782880
