time,flow,temp,salt
2009-12-31 00:00:00,    0.000000,-9999.000000,-9999.000000
2010-01-01 00:00:00,    0.000000,-9999.000000,-9999.000000
2010-01-02 00:00:00,    0.000000,-9999.000000,-9999.000000
2010-01-03 00:00:00,    0.000000,-9999.000000,-9999.000000
2010-01-04 00:00:00,    0.000000,-9999.000000,-9999.000000
2010-01-05 00:00:00,    0.000000,-9999.000000,-9999.000000
2010-01-06 00:00:00,    0.000000,-9999.000000,-9999.000000
2010-01-07 00:00:00,    0.000000,-9999.000000,-9999.000000
2010-01-08 00:00:00,    0.000000,-9999.000000,-9999.000000
2010-01-09 00:00:00,    0.000000,-9999.000000,-9999.000000
2010-01-10 00:00:00,    0.000000,-9999.000000,-9999.000000
2010-01-11 00:00:00,    0.000000,-9999.000000,-9999.000000
2010-01-12 00:00:00,    0.000000,-9999.000000,-9999.000000
2010-01-13 00:00:00,    0.000000,-9999.000000,-9999.000000
2010-01-14 00:00:00,    0.000000,-9999.000000,-9999.000000
2010-01-15 00:00:00,    0.000000,-9999.000000,-9999.000000
2010-01-16 00:00:00,    0.000000,-9999.000000,-9999.000000
2010-01-17 00:00:00,    0.000000,-9999.000000,-9999.000000
2010-01-18 00:00:00,    0.000000,-9999.000000,-9999.000000
2010-01-19 00:00:00,    0.000000,-9999.000000,-9999.000000
2010-01-20 00:00:00,    0.000000,-9999.000000,-9999.000000
2010-01-21 00:00:00,    0.000000,-9999.000000,-9999.000000
2010-01-22 00:00:00,    0.000000,-9999.000000,-9999.000000
2010-01-23 00:00:00,    0.000000,-9999.000000,-9999.000000
2010-01-24 00:00:00,    0.000000,-9999.000000,-9999.000000
2010-01-25 00:00:00,    0.000000,-9999.000000,-9999.000000
2010-01-26 00:00:00,    0.000000,-9999.000000,-9999.000000
2010-01-27 00:00:00,    0.000000,-9999.000000,-9999.000000
2010-01-28 00:00:00,    0.000000,-9999.000000,-9999.000000
2010-01-29 00:00:00,    0.000000,-9999.000000,-9999.000000
2010-01-30 00:00:00,    0.000000,-9999.000000,-9999.000000
2010-01-31 00:00:00,    0.000000,-9999.000000,-9999.000000
2010-02-01 00:00:00,    0.000000,-9999.000000,-9999.000000
2010-02-02 00:00:00,    0.000000,-9999.000000,-9999.000000
2010-02-03 00:00:00,    0.000000,-9999.000000,-9999.000000
2010-02-04 00:00:00,    0.000000,-9999.000000,-9999.000000
2010-02-05 00:00:00,    0.000000,-9999.000000,-9999.000000
2010-02-06 00:00:00,    0.000000,-9999.000000,-9999.000000
2010-02-07 00:00:00,    0.000000,-9999.000000,-9999.000000
2010-02-08 00:00:00,    0.000000,-9999.000000,-9999.000000
2010-02-09 00:00:00,    0.000000,-9999.000000,-9999.000000
2010-02-10 00:00:00,    0.000000,-9999.000000,-9999.000000
2010-02-11 00:00:00,    0.000000,-9999.000000,-9999.000000
2010-02-12 00:00:00,    0.000000,-9999.000000,-9999.000000
2010-02-13 00:00:00,    0.000000,-9999.000000,-9999.000000
2010-02-14 00:00:00,    0.000000,-9999.000000,-9999.000000
2010-02-15 00:00:00,    0.000000,-9999.000000,-9999.000000
2010-02-16 00:00:00,    0.000000,-9999.000000,-9999.000000
2010-02-17 00:00:00,    0.000000,-9999.000000,-9999.000000
2010-02-18 00:00:00,    0.000000,-9999.000000,-9999.000000
2010-02-19 00:00:00,    0.000000,-9999.000000,-9999.000000
2010-02-20 00:00:00,    0.000000,-9999.000000,-9999.000000
2010-02-21 00:00:00,    0.000000,-9999.000000,-9999.000000
2010-02-22 00:00:00,    0.000000,-9999.000000,-9999.000000
2010-02-23 00:00:00,    0.000000,-9999.000000,-9999.000000
2010-02-24 00:00:00,    0.000000,-9999.000000,-9999.000000
2010-02-25 00:00:00,    0.000000,-9999.000000,-9999.000000
2010-02-26 00:00:00,    0.000000,-9999.000000,-9999.000000
2010-02-27 00:00:00,    0.000000,-9999.000000,-9999.000000
2010-02-28 00:00:00,    0.000000,-9999.000000,-9999.000000
2010-03-01 00:00:00,    0.000000,-9999.000000,-9999.000000
2010-03-02 00:00:00,    0.000000,-9999.000000,-9999.000000
2010-03-03 00:00:00,    0.000000,-9999.000000,-9999.000000
2010-03-04 00:00:00,    0.000000,-9999.000000,-9999.000000
2010-03-05 00:00:00,    0.000000,-9999.000000,-9999.000000
2010-03-06 00:00:00,    0.000000,-9999.000000,-9999.000000
2010-03-07 00:00:00,    0.000000,-9999.000000,-9999.000000
2010-03-08 00:00:00,    0.000000,-9999.000000,-9999.000000
2010-03-09 00:00:00,    0.000000,-9999.000000,-9999.000000
2010-03-10 00:00:00,    0.000000,-9999.000000,-9999.000000
2010-03-11 00:00:00,    0.000000,-9999.000000,-9999.000000
2010-03-12 00:00:00,    0.000000,-9999.000000,-9999.000000
2010-03-13 00:00:00,    0.000000,-9999.000000,-9999.000000
2010-03-14 00:00:00,    0.000000,-9999.000000,-9999.000000
2010-03-15 00:00:00,    0.000000,-9999.000000,-9999.000000
2010-03-16 00:00:00,    0.000000,-9999.000000,-9999.000000
2010-03-17 00:00:00,    0.000000,-9999.000000,-9999.000000
2010-03-18 00:00:00,    0.000000,-9999.000000,-9999.000000
2010-03-19 00:00:00,    0.000000,-9999.000000,-9999.000000
2010-03-20 00:00:00,    0.000000,-9999.000000,-9999.000000
2010-03-21 00:00:00,    0.000000,-9999.000000,-9999.000000
2010-03-22 00:00:00,    0.000000,-9999.000000,-9999.000000
2010-03-23 00:00:00,    0.000000,-9999.000000,-9999.000000
2010-03-24 00:00:00,    0.000000,-9999.000000,-9999.000000
2010-03-25 00:00:00,    0.000000,-9999.000000,-9999.000000
2010-03-26 00:00:00,    0.000000,-9999.000000,-9999.000000
2010-03-27 00:00:00,    0.000000,-9999.000000,-9999.000000
2010-03-28 00:00:00,    0.000000,-9999.000000,-9999.000000
2010-03-29 00:00:00,    0.000000,-9999.000000,-9999.000000
2010-03-30 00:00:00,    0.000000,-9999.000000,-9999.000000
2010-03-31 00:00:00,    0.000000,-9999.000000,-9999.000000
2010-04-01 00:00:00,    0.000000,-9999.000000,-9999.000000
2010-04-02 00:00:00,    0.000000,-9999.000000,-9999.000000
2010-04-03 00:00:00,    0.000000,-9999.000000,-9999.000000
2010-04-04 00:00:00,    0.000000,-9999.000000,-9999.000000
2010-04-05 00:00:00,    0.000000,-9999.000000,-9999.000000
2010-04-06 00:00:00,    0.000000,-9999.000000,-9999.000000
2010-04-07 00:00:00,    0.000000,-9999.000000,-9999.000000
2010-04-08 00:00:00,    0.000000,-9999.000000,-9999.000000
2010-04-09 00:00:00,    0.000000,-9999.000000,-9999.000000
2010-04-10 00:00:00,    0.000000,-9999.000000,-9999.000000
2010-04-11 00:00:00,    0.000000,-9999.000000,-9999.000000
2010-04-12 00:00:00,    0.000000,-9999.000000,-9999.000000
2010-04-13 00:00:00,    0.000000,-9999.000000,-9999.000000
2010-04-14 00:00:00,    0.000000,-9999.000000,-9999.000000
2010-04-15 00:00:00,    0.000000,-9999.000000,-9999.000000
2010-04-16 00:00:00,    0.000000,-9999.000000,-9999.000000
2010-04-17 00:00:00,    0.000000,-9999.000000,-9999.000000
2010-04-18 00:00:00,    0.000000,-9999.000000,-9999.000000
2010-04-19 00:00:00,    0.000000,-9999.000000,-9999.000000
2010-04-20 00:00:00,    0.000000,-9999.000000,-9999.000000
2010-04-21 00:00:00,    0.000000,-9999.000000,-9999.000000
2010-04-22 00:00:00,    0.000000,-9999.000000,-9999.000000
2010-04-23 00:00:00,    0.000000,-9999.000000,-9999.000000
2010-04-24 00:00:00,    0.000000,-9999.000000,-9999.000000
2010-04-25 00:00:00,    0.000000,-9999.000000,-9999.000000
2010-04-26 00:00:00,    0.000000,-9999.000000,-9999.000000
2010-04-27 00:00:00,    0.000000,-9999.000000,-9999.000000
2010-04-28 00:00:00,    0.000000,-9999.000000,-9999.000000
2010-04-29 00:00:00,    0.000000,-9999.000000,-9999.000000
2010-04-30 00:00:00,    0.000000,-9999.000000,-9999.000000
2010-05-01 00:00:00,    0.000000,-9999.000000,-9999.000000
2010-05-02 00:00:00,    0.000000,-9999.000000,-9999.000000
2010-05-03 00:00:00,    0.000000,-9999.000000,-9999.000000
2010-05-04 00:00:00,    0.000000,-9999.000000,-9999.000000
2010-05-05 00:00:00,    0.000000,-9999.000000,-9999.000000
2010-05-06 00:00:00,    0.000000,-9999.000000,-9999.000000
2010-05-07 00:00:00,    0.000000,-9999.000000,-9999.000000
2010-05-08 00:00:00,    0.000000,-9999.000000,-9999.000000
2010-05-09 00:00:00,    0.000000,-9999.000000,-9999.000000
2010-05-10 00:00:00,    0.000000,-9999.000000,-9999.000000
2010-05-11 00:00:00,    0.000000,-9999.000000,-9999.000000
2010-05-12 00:00:00,    0.000000,-9999.000000,-9999.000000
2010-05-13 00:00:00,    0.000000,-9999.000000,-9999.000000
2010-05-14 00:00:00,    0.000000,-9999.000000,-9999.000000
2010-05-15 00:00:00,    0.000000,-9999.000000,-9999.000000
2010-05-16 00:00:00,    0.000000,-9999.000000,-9999.000000
2010-05-17 00:00:00,    0.000000,-9999.000000,-9999.000000
2010-05-18 00:00:00,    0.000000,-9999.000000,-9999.000000
2010-05-19 00:00:00,    0.000000,-9999.000000,-9999.000000
2010-05-20 00:00:00,    0.000000,-9999.000000,-9999.000000
2010-05-21 00:00:00,    0.000000,-9999.000000,-9999.000000
2010-05-22 00:00:00,    0.000000,-9999.000000,-9999.000000
2010-05-23 00:00:00,    0.000000,-9999.000000,-9999.000000
2010-05-24 00:00:00,    0.000000,-9999.000000,-9999.000000
2010-05-25 00:00:00,    0.000000,-9999.000000,-9999.000000
2010-05-26 00:00:00,    0.000000,-9999.000000,-9999.000000
2010-05-27 00:00:00,    0.000000,-9999.000000,-9999.000000
2010-05-28 00:00:00,    0.000000,-9999.000000,-9999.000000
2010-05-29 00:00:00,    0.000000,-9999.000000,-9999.000000
2010-05-30 00:00:00,    0.000000,-9999.000000,-9999.000000
2010-05-31 00:00:00,    0.000000,-9999.000000,-9999.000000
2010-06-01 00:00:00,    0.000000,-9999.000000,-9999.000000
2010-06-02 00:00:00,    0.000000,-9999.000000,-9999.000000
2010-06-03 00:00:00,    0.000000,-9999.000000,-9999.000000
2010-06-04 00:00:00,    0.000000,-9999.000000,-9999.000000
2010-06-05 00:00:00,    0.000000,-9999.000000,-9999.000000
2010-06-06 00:00:00,    0.000000,-9999.000000,-9999.000000
2010-06-07 00:00:00,    0.000000,-9999.000000,-9999.000000
2010-06-08 00:00:00,    0.000000,-9999.000000,-9999.000000
2010-06-09 00:00:00,    0.000000,-9999.000000,-9999.000000
2010-06-10 00:00:00,    0.000000,-9999.000000,-9999.000000
2010-06-11 00:00:00,    0.000000,-9999.000000,-9999.000000
2010-06-12 00:00:00,    0.000000,-9999.000000,-9999.000000
2010-06-13 00:00:00,    0.000000,-9999.000000,-9999.000000
2010-06-14 00:00:00,    0.000000,-9999.000000,-9999.000000
2010-06-15 00:00:00,    0.000000,-9999.000000,-9999.000000
2010-06-16 00:00:00,    0.000000,-9999.000000,-9999.000000
2010-06-17 00:00:00,    0.000000,-9999.000000,-9999.000000
2010-06-18 00:00:00,    0.000000,-9999.000000,-9999.000000
2010-06-19 00:00:00,    0.000000,-9999.000000,-9999.000000
2010-06-20 00:00:00,    0.000000,-9999.000000,-9999.000000
2010-06-21 00:00:00,    0.000000,-9999.000000,-9999.000000
2010-06-22 00:00:00,    0.000000,-9999.000000,-9999.000000
2010-06-23 00:00:00,    0.000000,-9999.000000,-9999.000000
2010-06-24 00:00:00,    0.000000,-9999.000000,-9999.000000
2010-06-25 00:00:00,    0.000000,-9999.000000,-9999.000000
2010-06-26 00:00:00,    0.000000,-9999.000000,-9999.000000
2010-06-27 00:00:00,    0.000000,-9999.000000,-9999.000000
2010-06-28 00:00:00,    0.000000,-9999.000000,-9999.000000
2010-06-29 00:00:00,    0.000000,-9999.000000,-9999.000000
2010-06-30 00:00:00,    0.000000,-9999.000000,-9999.000000
2010-07-01 00:00:00,    0.000000,-9999.000000,-9999.000000
2010-07-02 00:00:00,    0.000000,-9999.000000,-9999.000000
2010-07-03 00:00:00,    0.000000,-9999.000000,-9999.000000
2010-07-04 00:00:00,    0.000000,-9999.000000,-9999.000000
2010-07-05 00:00:00,    0.000000,-9999.000000,-9999.000000
2010-07-06 00:00:00,    0.000000,-9999.000000,-9999.000000
2010-07-07 00:00:00,    0.000000,-9999.000000,-9999.000000
2010-07-08 00:00:00,    0.000000,-9999.000000,-9999.000000
2010-07-09 00:00:00,    0.000000,-9999.000000,-9999.000000
2010-07-10 00:00:00,    0.000000,-9999.000000,-9999.000000
2010-07-11 00:00:00,    0.000000,-9999.000000,-9999.000000
2010-07-12 00:00:00,    0.000000,-9999.000000,-9999.000000
2010-07-13 00:00:00,    0.000000,-9999.000000,-9999.000000
2010-07-14 00:00:00,    0.000000,-9999.000000,-9999.000000
2010-07-15 00:00:00,    0.000000,-9999.000000,-9999.000000
2010-07-16 00:00:00,    0.000000,-9999.000000,-9999.000000
2010-07-17 00:00:00,    0.000000,-9999.000000,-9999.000000
2010-07-18 00:00:00,    0.000000,-9999.000000,-9999.000000
2010-07-19 00:00:00,    0.000000,-9999.000000,-9999.000000
2010-07-20 00:00:00,    0.000000,-9999.000000,-9999.000000
2010-07-21 00:00:00,    0.000000,-9999.000000,-9999.000000
2010-07-22 00:00:00,    0.000000,-9999.000000,-9999.000000
2010-07-23 00:00:00,    0.000000,-9999.000000,-9999.000000
2010-07-24 00:00:00,    0.000000,-9999.000000,-9999.000000
2010-07-25 00:00:00,    0.000000,-9999.000000,-9999.000000
2010-07-26 00:00:00,    0.000000,-9999.000000,-9999.000000
2010-07-27 00:00:00,    0.000000,-9999.000000,-9999.000000
2010-07-28 00:00:00,    0.000000,-9999.000000,-9999.000000
2010-07-29 00:00:00,    0.000000,-9999.000000,-9999.000000
2010-07-30 00:00:00,    0.000000,-9999.000000,-9999.000000
2010-07-31 00:00:00,    0.000000,-9999.000000,-9999.000000
2010-08-01 00:00:00,    0.000000,-9999.000000,-9999.000000
2010-08-02 00:00:00,    0.000000,-9999.000000,-9999.000000
2010-08-03 00:00:00,    0.000000,-9999.000000,-9999.000000
2010-08-04 00:00:00,    0.000000,-9999.000000,-9999.000000
2010-08-05 00:00:00,    0.000000,-9999.000000,-9999.000000
2010-08-06 00:00:00,    0.000000,-9999.000000,-9999.000000
2010-08-07 00:00:00,    0.000000,-9999.000000,-9999.000000
2010-08-08 00:00:00,    0.000000,-9999.000000,-9999.000000
2010-08-09 00:00:00,    0.000000,-9999.000000,-9999.000000
2010-08-10 00:00:00,    0.000000,-9999.000000,-9999.000000
2010-08-11 00:00:00,    0.000000,-9999.000000,-9999.000000
2010-08-12 00:00:00,    0.000000,-9999.000000,-9999.000000
2010-08-13 00:00:00,    0.000000,-9999.000000,-9999.000000
2010-08-14 00:00:00,    0.000000,-9999.000000,-9999.000000
2010-08-15 00:00:00,    0.000000,-9999.000000,-9999.000000
2010-08-16 00:00:00,    0.000000,-9999.000000,-9999.000000
2010-08-17 00:00:00,    0.000000,-9999.000000,-9999.000000
2010-08-18 00:00:00,    0.000000,-9999.000000,-9999.000000
2010-08-19 00:00:00,    0.000000,-9999.000000,-9999.000000
2010-08-20 00:00:00,    0.000000,-9999.000000,-9999.000000
2010-08-21 00:00:00,    0.000000,-9999.000000,-9999.000000
2010-08-22 00:00:00,    0.000000,-9999.000000,-9999.000000
2010-08-23 00:00:00,    0.000000,-9999.000000,-9999.000000
2010-08-24 00:00:00,    0.000000,-9999.000000,-9999.000000
2010-08-25 00:00:00,    0.000000,-9999.000000,-9999.000000
2010-08-26 00:00:00,    0.000000,-9999.000000,-9999.000000
2010-08-27 00:00:00,    0.000000,-9999.000000,-9999.000000
2010-08-28 00:00:00,    0.000000,-9999.000000,-9999.000000
2010-08-29 00:00:00,    0.000000,-9999.000000,-9999.000000
2010-08-30 00:00:00,    0.000000,-9999.000000,-9999.000000
2010-08-31 00:00:00,    0.000000,-9999.000000,-9999.000000
2010-09-01 00:00:00,    0.000000,-9999.000000,-9999.000000
2010-09-02 00:00:00,    0.000000,-9999.000000,-9999.000000
2010-09-03 00:00:00,    0.000000,-9999.000000,-9999.000000
2010-09-04 00:00:00,    0.000000,-9999.000000,-9999.000000
2010-09-05 00:00:00,    0.000000,-9999.000000,-9999.000000
2010-09-06 00:00:00,    0.000000,-9999.000000,-9999.000000
2010-09-07 00:00:00,    0.000000,-9999.000000,-9999.000000
2010-09-08 00:00:00,    0.000000,-9999.000000,-9999.000000
2010-09-09 00:00:00,    0.000000,-9999.000000,-9999.000000
2010-09-10 00:00:00,    0.000000,-9999.000000,-9999.000000
2010-09-11 00:00:00,    0.000000,-9999.000000,-9999.000000
2010-09-12 00:00:00,    0.000000,-9999.000000,-9999.000000
2010-09-13 00:00:00,    0.000000,-9999.000000,-9999.000000
2010-09-14 00:00:00,    0.000000,-9999.000000,-9999.000000
2010-09-15 00:00:00,    0.000000,-9999.000000,-9999.000000
2010-09-16 00:00:00,    0.000000,-9999.000000,-9999.000000
2010-09-17 00:00:00,    0.000000,-9999.000000,-9999.000000
2010-09-18 00:00:00,    0.000000,-9999.000000,-9999.000000
2010-09-19 00:00:00,    0.000000,-9999.000000,-9999.000000
2010-09-20 00:00:00,    0.000000,-9999.000000,-9999.000000
2010-09-21 00:00:00,    0.000000,-9999.000000,-9999.000000
2010-09-22 00:00:00,    0.000000,-9999.000000,-9999.000000
2010-09-23 00:00:00,    0.000000,-9999.000000,-9999.000000
2010-09-24 00:00:00,    0.000000,-9999.000000,-9999.000000
2010-09-25 00:00:00,    0.000000,-9999.000000,-9999.000000
2010-09-26 00:00:00,    0.000000,-9999.000000,-9999.000000
2010-09-27 00:00:00,    0.000000,-9999.000000,-9999.000000
2010-09-28 00:00:00,    0.000000,-9999.000000,-9999.000000
2010-09-29 00:00:00,    0.000000,-9999.000000,-9999.000000
2010-09-30 00:00:00,    0.000000,-9999.000000,-9999.000000
2010-10-01 00:00:00,    0.000000,-9999.000000,-9999.000000
2010-10-02 00:00:00,    0.000000,-9999.000000,-9999.000000
2010-10-03 00:00:00,    0.000000,-9999.000000,-9999.000000
2010-10-04 00:00:00,    0.000000,-9999.000000,-9999.000000
2010-10-05 00:00:00,    0.000000,-9999.000000,-9999.000000
2010-10-06 00:00:00,    0.000000,-9999.000000,-9999.000000
2010-10-07 00:00:00,    0.000000,-9999.000000,-9999.000000
2010-10-08 00:00:00,    0.000000,-9999.000000,-9999.000000
2010-10-09 00:00:00,    0.000000,-9999.000000,-9999.000000
2010-10-10 00:00:00,    0.000000,-9999.000000,-9999.000000
2010-10-11 00:00:00,    0.000000,-9999.000000,-9999.000000
2010-10-12 00:00:00,    0.000000,-9999.000000,-9999.000000
2010-10-13 00:00:00,    0.000000,-9999.000000,-9999.000000
2010-10-14 00:00:00,    0.000000,-9999.000000,-9999.000000
2010-10-15 00:00:00,    0.000000,-9999.000000,-9999.000000
2010-10-16 00:00:00,    0.000000,-9999.000000,-9999.000000
2010-10-17 00:00:00,    0.000000,-9999.000000,-9999.000000
2010-10-18 00:00:00,    0.000000,-9999.000000,-9999.000000
2010-10-19 00:00:00,    0.000000,-9999.000000,-9999.000000
2010-10-20 00:00:00,    0.000000,-9999.000000,-9999.000000
2010-10-21 00:00:00,    0.000000,-9999.000000,-9999.000000
2010-10-22 00:00:00,    0.000000,-9999.000000,-9999.000000
2010-10-23 00:00:00,    0.000000,-9999.000000,-9999.000000
2010-10-24 00:00:00,    0.000000,-9999.000000,-9999.000000
2010-10-25 00:00:00,    0.000000,-9999.000000,-9999.000000
2010-10-26 00:00:00,    0.000000,-9999.000000,-9999.000000
2010-10-27 00:00:00,    0.000000,-9999.000000,-9999.000000
2010-10-28 00:00:00,    0.000000,-9999.000000,-9999.000000
2010-10-29 00:00:00,    0.000000,-9999.000000,-9999.000000
2010-10-30 00:00:00,    0.000000,-9999.000000,-9999.000000
2010-10-31 00:00:00,    0.000000,-9999.000000,-9999.000000
2010-11-01 00:00:00,    0.000000,-9999.000000,-9999.000000
2010-11-02 00:00:00,    0.000000,-9999.000000,-9999.000000
2010-11-03 00:00:00,    0.000000,-9999.000000,-9999.000000
2010-11-04 00:00:00,    0.000000,-9999.000000,-9999.000000
2010-11-05 00:00:00,    0.000000,-9999.000000,-9999.000000
2010-11-06 00:00:00,    0.000000,-9999.000000,-9999.000000
2010-11-07 00:00:00,    0.000000,-9999.000000,-9999.000000
2010-11-08 00:00:00,    0.000000,-9999.000000,-9999.000000
2010-11-09 00:00:00,    0.000000,-9999.000000,-9999.000000
2010-11-10 00:00:00,    0.000000,-9999.000000,-9999.000000
2010-11-11 00:00:00,    0.000000,-9999.000000,-9999.000000
2010-11-12 00:00:00,    0.000000,-9999.000000,-9999.000000
2010-11-13 00:00:00,    0.000000,-9999.000000,-9999.000000
2010-11-14 00:00:00,    0.000000,-9999.000000,-9999.000000
2010-11-15 00:00:00,    0.000000,-9999.000000,-9999.000000
2010-11-16 00:00:00,    0.000000,-9999.000000,-9999.000000
2010-11-17 00:00:00,    0.000000,-9999.000000,-9999.000000
2010-11-18 00:00:00,    0.000000,-9999.000000,-9999.000000
2010-11-19 00:00:00,    0.000000,-9999.000000,-9999.000000
2010-11-20 00:00:00,    0.000000,-9999.000000,-9999.000000
2010-11-21 00:00:00,    0.000000,-9999.000000,-9999.000000
2010-11-22 00:00:00,    0.000000,-9999.000000,-9999.000000
2010-11-23 00:00:00,    0.000000,-9999.000000,-9999.000000
2010-11-24 00:00:00,    0.000000,-9999.000000,-9999.000000
2010-11-25 00:00:00,    0.000000,-9999.000000,-9999.000000
2010-11-26 00:00:00,    0.000000,-9999.000000,-9999.000000
2010-11-27 00:00:00,    0.000000,-9999.000000,-9999.000000
2010-11-28 00:00:00,    0.000000,-9999.000000,-9999.000000
2010-11-29 00:00:00,    0.000000,-9999.000000,-9999.000000
2010-11-30 00:00:00,    0.000000,-9999.000000,-9999.000000
2010-12-01 00:00:00,    0.000000,-9999.000000,-9999.000000
2010-12-02 00:00:00,    0.000000,-9999.000000,-9999.000000
2010-12-03 00:00:00,    0.000000,-9999.000000,-9999.000000
2010-12-04 00:00:00,    0.000000,-9999.000000,-9999.000000
2010-12-05 00:00:00,    0.000000,-9999.000000,-9999.000000
2010-12-06 00:00:00,    0.000000,-9999.000000,-9999.000000
2010-12-07 00:00:00,    0.000000,-9999.000000,-9999.000000
2010-12-08 00:00:00,    0.000000,-9999.000000,-9999.000000
2010-12-09 00:00:00,    0.000000,-9999.000000,-9999.000000
2010-12-10 00:00:00,    0.000000,-9999.000000,-9999.000000
2010-12-11 00:00:00,    0.000000,-9999.000000,-9999.000000
2010-12-12 00:00:00,    0.000000,-9999.000000,-9999.000000
2010-12-13 00:00:00,    0.000000,-9999.000000,-9999.000000
2010-12-14 00:00:00,    0.000000,-9999.000000,-9999.000000
2010-12-15 00:00:00,    0.000000,-9999.000000,-9999.000000
2010-12-16 00:00:00,    0.000000,-9999.000000,-9999.000000
2010-12-17 00:00:00,    0.000000,-9999.000000,-9999.000000
2010-12-18 00:00:00,    0.000000,-9999.000000,-9999.000000
2010-12-19 00:00:00,    0.000000,-9999.000000,-9999.000000
2010-12-20 00:00:00,    0.000000,-9999.000000,-9999.000000
2010-12-21 00:00:00,    0.000000,-9999.000000,-9999.000000
2010-12-22 00:00:00,    0.000000,-9999.000000,-9999.000000
2010-12-23 00:00:00,    0.000000,-9999.000000,-9999.000000
2010-12-24 00:00:00,    0.000000,-9999.000000,-9999.000000
2010-12-25 00:00:00,    0.000000,-9999.000000,-9999.000000
2010-12-26 00:00:00,    0.000000,-9999.000000,-9999.000000
2010-12-27 00:00:00,    0.000000,-9999.000000,-9999.000000
2010-12-28 00:00:00,    0.000000,-9999.000000,-9999.000000
2010-12-29 00:00:00,    0.000000,-9999.000000,-9999.000000
2010-12-30 00:00:00,    0.000000,-9999.000000,-9999.000000
2010-12-31 00:00:00,    0.000000,-9999.000000,-9999.000000
2011-01-01 00:00:00,    0.000000,-9999.000000,-9999.000000
2011-01-02 00:00:00,    0.000000,-9999.000000,-9999.000000
2011-01-03 00:00:00,    0.000000,-9999.000000,-9999.000000
2011-01-04 00:00:00,    0.000000,-9999.000000,-9999.000000
2011-01-05 00:00:00,    0.000000,-9999.000000,-9999.000000
2011-01-06 00:00:00,    0.000000,-9999.000000,-9999.000000
2011-01-07 00:00:00,    0.000000,-9999.000000,-9999.000000
2011-01-08 00:00:00,    0.000000,-9999.000000,-9999.000000
2011-01-09 00:00:00,    0.000000,-9999.000000,-9999.000000
2011-01-10 00:00:00,    0.000000,-9999.000000,-9999.000000
2011-01-11 00:00:00,    0.000000,-9999.000000,-9999.000000
2011-01-12 00:00:00,    0.000000,-9999.000000,-9999.000000
2011-01-13 00:00:00,    0.000000,-9999.000000,-9999.000000
2011-01-14 00:00:00,    0.000000,-9999.000000,-9999.000000
2011-01-15 00:00:00,    0.000000,-9999.000000,-9999.000000
2011-01-16 00:00:00,    0.000000,-9999.000000,-9999.000000
2011-01-17 00:00:00,    0.000000,-9999.000000,-9999.000000
2011-01-18 00:00:00,    0.000000,-9999.000000,-9999.000000
2011-01-19 00:00:00,    0.000000,-9999.000000,-9999.000000
2011-01-20 00:00:00,    0.000000,-9999.000000,-9999.000000
2011-01-21 00:00:00,    0.000000,-9999.000000,-9999.000000
2011-01-22 00:00:00,    0.000000,-9999.000000,-9999.000000
2011-01-23 00:00:00,    0.000000,-9999.000000,-9999.000000
2011-01-24 00:00:00,    0.000000,-9999.000000,-9999.000000
2011-01-25 00:00:00,    0.000000,-9999.000000,-9999.000000
2011-01-26 00:00:00,    0.000000,-9999.000000,-9999.000000
2011-01-27 00:00:00,    0.000000,-9999.000000,-9999.000000
2011-01-28 00:00:00,    0.000000,-9999.000000,-9999.000000
2011-01-29 00:00:00,    0.000000,-9999.000000,-9999.000000
2011-01-30 00:00:00,    0.000000,-9999.000000,-9999.000000
2011-01-31 00:00:00,    0.000000,-9999.000000,-9999.000000
2011-02-01 00:00:00,    0.000000,-9999.000000,-9999.000000
2011-02-02 00:00:00,    0.000000,-9999.000000,-9999.000000
2011-02-03 00:00:00,    0.000000,-9999.000000,-9999.000000
2011-02-04 00:00:00,    0.000000,-9999.000000,-9999.000000
2011-02-05 00:00:00,    0.000000,-9999.000000,-9999.000000
2011-02-06 00:00:00,    0.000000,-9999.000000,-9999.000000
2011-02-07 00:00:00,    0.000000,-9999.000000,-9999.000000
2011-02-08 00:00:00,    0.000000,-9999.000000,-9999.000000
2011-02-09 00:00:00,    0.000000,-9999.000000,-9999.000000
2011-02-10 00:00:00,    0.000000,-9999.000000,-9999.000000
2011-02-11 00:00:00,    0.000000,-9999.000000,-9999.000000
2011-02-12 00:00:00,    0.000000,-9999.000000,-9999.000000
2011-02-13 00:00:00,    0.000000,-9999.000000,-9999.000000
2011-02-14 00:00:00,    0.000000,-9999.000000,-9999.000000
2011-02-15 00:00:00,    0.000000,-9999.000000,-9999.000000
2011-02-16 00:00:00,    0.000000,-9999.000000,-9999.000000
2011-02-17 00:00:00,    0.000000,-9999.000000,-9999.000000
2011-02-18 00:00:00,    0.000000,-9999.000000,-9999.000000
2011-02-19 00:00:00,    0.000000,-9999.000000,-9999.000000
2011-02-20 00:00:00,    0.000000,-9999.000000,-9999.000000
2011-02-21 00:00:00,    0.000000,-9999.000000,-9999.000000
2011-02-22 00:00:00,    0.000000,-9999.000000,-9999.000000
2011-02-23 00:00:00,    0.000000,-9999.000000,-9999.000000
2011-02-24 00:00:00,    0.000000,-9999.000000,-9999.000000
2011-02-25 00:00:00,    0.000000,-9999.000000,-9999.000000
2011-02-26 00:00:00,    0.000000,-9999.000000,-9999.000000
2011-02-27 00:00:00,    0.000000,-9999.000000,-9999.000000
2011-02-28 00:00:00,    0.000000,-9999.000000,-9999.000000
2011-03-01 00:00:00,    0.000000,-9999.000000,-9999.000000
2011-03-02 00:00:00,    0.000000,-9999.000000,-9999.000000
2011-03-03 00:00:00,    0.000000,-9999.000000,-9999.000000
2011-03-04 00:00:00,    0.000000,-9999.000000,-9999.000000
2011-03-05 00:00:00,    0.000000,-9999.000000,-9999.000000
2011-03-06 00:00:00,    0.000000,-9999.000000,-9999.000000
2011-03-07 00:00:00,    0.000000,-9999.000000,-9999.000000
2011-03-08 00:00:00,    0.000000,-9999.000000,-9999.000000
2011-03-09 00:00:00,    0.000000,-9999.000000,-9999.000000
2011-03-10 00:00:00,    0.000000,-9999.000000,-9999.000000
2011-03-11 00:00:00,    0.000000,-9999.000000,-9999.000000
2011-03-12 00:00:00,    0.000000,-9999.000000,-9999.000000
2011-03-13 00:00:00,    0.000000,-9999.000000,-9999.000000
2011-03-14 00:00:00,    0.000000,-9999.000000,-9999.000000
2011-03-15 00:00:00,    0.000000,-9999.000000,-9999.000000
2011-03-16 00:00:00,    0.000000,-9999.000000,-9999.000000
2011-03-17 00:00:00,    0.000000,-9999.000000,-9999.000000
2011-03-18 00:00:00,    0.000000,-9999.000000,-9999.000000
2011-03-19 00:00:00,    0.000000,-9999.000000,-9999.000000
2011-03-20 00:00:00,    0.000000,-9999.000000,-9999.000000
2011-03-21 00:00:00,    0.000000,-9999.000000,-9999.000000
2011-03-22 00:00:00,    0.000000,-9999.000000,-9999.000000
2011-03-23 00:00:00,    0.000000,-9999.000000,-9999.000000
2011-03-24 00:00:00,    0.000000,-9999.000000,-9999.000000
2011-03-25 00:00:00,    0.000000,-9999.000000,-9999.000000
2011-03-26 00:00:00,    0.000000,-9999.000000,-9999.000000
2011-03-27 00:00:00,    0.000000,-9999.000000,-9999.000000
2011-03-28 00:00:00,    0.000000,-9999.000000,-9999.000000
2011-03-29 00:00:00,    0.000000,-9999.000000,-9999.000000
2011-03-30 00:00:00,    0.000000,-9999.000000,-9999.000000
2011-03-31 00:00:00,    0.000000,-9999.000000,-9999.000000
2011-04-01 00:00:00,    0.000000,-9999.000000,-9999.000000
2011-04-02 00:00:00,    0.000000,-9999.000000,-9999.000000
2011-04-03 00:00:00,    0.000000,-9999.000000,-9999.000000
2011-04-04 00:00:00,    0.000000,-9999.000000,-9999.000000
2011-04-05 00:00:00,    0.000000,-9999.000000,-9999.000000
2011-04-06 00:00:00,    0.000000,-9999.000000,-9999.000000
2011-04-07 00:00:00,    0.000000,-9999.000000,-9999.000000
2011-04-08 00:00:00,    0.000000,-9999.000000,-9999.000000
2011-04-09 00:00:00,    0.000000,-9999.000000,-9999.000000
2011-04-10 00:00:00,    0.000000,-9999.000000,-9999.000000
2011-04-11 00:00:00,    0.000000,-9999.000000,-9999.000000
2011-04-12 00:00:00,    0.000000,-9999.000000,-9999.000000
2011-04-13 00:00:00,    0.000000,-9999.000000,-9999.000000
2011-04-14 00:00:00,    0.000000,-9999.000000,-9999.000000
2011-04-15 00:00:00,    0.000000,-9999.000000,-9999.000000
2011-04-16 00:00:00,    0.000000,-9999.000000,-9999.000000
2011-04-17 00:00:00,    0.000000,-9999.000000,-9999.000000
2011-04-18 00:00:00,    0.000000,-9999.000000,-9999.000000
2011-04-19 00:00:00,    0.000000,-9999.000000,-9999.000000
2011-04-20 00:00:00,    0.000000,-9999.000000,-9999.000000
2011-04-21 00:00:00,    0.000000,-9999.000000,-9999.000000
2011-04-22 00:00:00,    0.000000,-9999.000000,-9999.000000
2011-04-23 00:00:00,    0.000000,-9999.000000,-9999.000000
2011-04-24 00:00:00,    0.000000,-9999.000000,-9999.000000
2011-04-25 00:00:00,    0.000000,-9999.000000,-9999.000000
2011-04-26 00:00:00,    0.000000,-9999.000000,-9999.000000
2011-04-27 00:00:00,    0.000000,-9999.000000,-9999.000000
2011-04-28 00:00:00,    0.000000,-9999.000000,-9999.000000
2011-04-29 00:00:00,    0.000000,-9999.000000,-9999.000000
2011-04-30 00:00:00,    0.000000,-9999.000000,-9999.000000
2011-05-01 00:00:00,    0.000000,-9999.000000,-9999.000000
2011-05-02 00:00:00,    0.000000,-9999.000000,-9999.000000
2011-05-03 00:00:00,    0.000000,-9999.000000,-9999.000000
2011-05-04 00:00:00,    0.000000,-9999.000000,-9999.000000
2011-05-05 00:00:00,    0.000000,-9999.000000,-9999.000000
2011-05-06 00:00:00,    0.000000,-9999.000000,-9999.000000
2011-05-07 00:00:00,    0.000000,-9999.000000,-9999.000000
2011-05-08 00:00:00,    0.000000,-9999.000000,-9999.000000
2011-05-09 00:00:00,    0.000000,-9999.000000,-9999.000000
2011-05-10 00:00:00,    0.000000,-9999.000000,-9999.000000
2011-05-11 00:00:00,    0.000000,-9999.000000,-9999.000000
2011-05-12 00:00:00,    0.000000,-9999.000000,-9999.000000
2011-05-13 00:00:00,    0.000000,-9999.000000,-9999.000000
2011-05-14 00:00:00,    0.000000,-9999.000000,-9999.000000
2011-05-15 00:00:00,    0.000000,-9999.000000,-9999.000000
2011-05-16 00:00:00,    0.000000,-9999.000000,-9999.000000
2011-05-17 00:00:00,    0.000000,-9999.000000,-9999.000000
2011-05-18 00:00:00,    0.000000,-9999.000000,-9999.000000
2011-05-19 00:00:00,    0.000000,-9999.000000,-9999.000000
2011-05-20 00:00:00,    0.000000,-9999.000000,-9999.000000
2011-05-21 00:00:00,    0.000000,-9999.000000,-9999.000000
2011-05-22 00:00:00,    0.000000,-9999.000000,-9999.000000
2011-05-23 00:00:00,    0.000000,-9999.000000,-9999.000000
2011-05-24 00:00:00,    0.000000,-9999.000000,-9999.000000
2011-05-25 00:00:00,    0.000000,-9999.000000,-9999.000000
2011-05-26 00:00:00,    0.000000,-9999.000000,-9999.000000
2011-05-27 00:00:00,    0.000000,-9999.000000,-9999.000000
2011-05-28 00:00:00,    0.000000,-9999.000000,-9999.000000
2011-05-29 00:00:00,    0.000000,-9999.000000,-9999.000000
2011-05-30 00:00:00,    0.000000,-9999.000000,-9999.000000
2011-05-31 00:00:00,    0.000000,-9999.000000,-9999.000000
2011-06-01 00:00:00,    0.000000,-9999.000000,-9999.000000
2011-06-02 00:00:00,    0.000000,-9999.000000,-9999.000000
2011-06-03 00:00:00,    0.000000,-9999.000000,-9999.000000
2011-06-04 00:00:00,    0.000000,-9999.000000,-9999.000000
2011-06-05 00:00:00,    0.000000,-9999.000000,-9999.000000
2011-06-06 00:00:00,    0.000000,-9999.000000,-9999.000000
2011-06-07 00:00:00,    0.000000,-9999.000000,-9999.000000
2011-06-08 00:00:00,    0.000000,-9999.000000,-9999.000000
2011-06-09 00:00:00,    0.000000,-9999.000000,-9999.000000
2011-06-10 00:00:00,    0.000000,-9999.000000,-9999.000000
2011-06-11 00:00:00,    0.000000,-9999.000000,-9999.000000
2011-06-12 00:00:00,    0.000000,-9999.000000,-9999.000000
2011-06-13 00:00:00,    0.000000,-9999.000000,-9999.000000
2011-06-14 00:00:00,    0.000000,-9999.000000,-9999.000000
2011-06-15 00:00:00,    0.000000,-9999.000000,-9999.000000
2011-06-16 00:00:00,    0.000000,-9999.000000,-9999.000000
2011-06-17 00:00:00,    0.000000,-9999.000000,-9999.000000
2011-06-18 00:00:00,    0.000000,-9999.000000,-9999.000000
2011-06-19 00:00:00,    0.000000,-9999.000000,-9999.000000
2011-06-20 00:00:00,    0.000000,-9999.000000,-9999.000000
2011-06-21 00:00:00,    0.000000,-9999.000000,-9999.000000
2011-06-22 00:00:00,    0.000000,-9999.000000,-9999.000000
2011-06-23 00:00:00,    0.000000,-9999.000000,-9999.000000
2011-06-24 00:00:00,    0.000000,-9999.000000,-9999.000000
2011-06-25 00:00:00,    0.000000,-9999.000000,-9999.000000
2011-06-26 00:00:00,    0.000000,-9999.000000,-9999.000000
2011-06-27 00:00:00,    0.000000,-9999.000000,-9999.000000
2011-06-28 00:00:00,    0.000000,-9999.000000,-9999.000000
2011-06-29 00:00:00,    0.000000,-9999.000000,-9999.000000
2011-06-30 00:00:00,    0.000000,-9999.000000,-9999.000000
2011-07-01 00:00:00,    0.000000,-9999.000000,-9999.000000
2011-07-02 00:00:00,    0.000000,-9999.000000,-9999.000000
2011-07-03 00:00:00,    0.000000,-9999.000000,-9999.000000
2011-07-04 00:00:00,    0.000000,-9999.000000,-9999.000000
2011-07-05 00:00:00,    0.000000,-9999.000000,-9999.000000
2011-07-06 00:00:00,    0.000000,-9999.000000,-9999.000000
2011-07-07 00:00:00,    0.000000,-9999.000000,-9999.000000
2011-07-08 00:00:00,    0.000000,-9999.000000,-9999.000000
2011-07-09 00:00:00,    0.000000,-9999.000000,-9999.000000
2011-07-10 00:00:00,    0.000000,-9999.000000,-9999.000000
2011-07-11 00:00:00,    0.000000,-9999.000000,-9999.000000
2011-07-12 00:00:00,    0.000000,-9999.000000,-9999.000000
2011-07-13 00:00:00,    0.000000,-9999.000000,-9999.000000
2011-07-14 00:00:00,    0.000000,-9999.000000,-9999.000000
2011-07-15 00:00:00,    0.000000,-9999.000000,-9999.000000
2011-07-16 00:00:00,    0.000000,-9999.000000,-9999.000000
2011-07-17 00:00:00,    0.000000,-9999.000000,-9999.000000
2011-07-18 00:00:00,    0.000000,-9999.000000,-9999.000000
2011-07-19 00:00:00,    0.000000,-9999.000000,-9999.000000
2011-07-20 00:00:00,    0.000000,-9999.000000,-9999.000000
2011-07-21 00:00:00,    0.000000,-9999.000000,-9999.000000
2011-07-22 00:00:00,    0.000000,-9999.000000,-9999.000000
2011-07-23 00:00:00,    0.000000,-9999.000000,-9999.000000
2011-07-24 00:00:00,    0.000000,-9999.000000,-9999.000000
2011-07-25 00:00:00,    0.000000,-9999.000000,-9999.000000
2011-07-26 00:00:00,    0.000000,-9999.000000,-9999.000000
2011-07-27 00:00:00,    0.000000,-9999.000000,-9999.000000
2011-07-28 00:00:00,    0.000000,-9999.000000,-9999.000000
2011-07-29 00:00:00,    0.000000,-9999.000000,-9999.000000
2011-07-30 00:00:00,    0.000000,-9999.000000,-9999.000000
2011-07-31 00:00:00,    0.000000,-9999.000000,-9999.000000
2011-08-01 00:00:00,    0.000000,-9999.000000,-9999.000000
2011-08-02 00:00:00,    0.000000,-9999.000000,-9999.000000
2011-08-03 00:00:00,    0.000000,-9999.000000,-9999.000000
2011-08-04 00:00:00,    0.000000,-9999.000000,-9999.000000
2011-08-05 00:00:00,    0.000000,-9999.000000,-9999.000000
2011-08-06 00:00:00,    0.000000,-9999.000000,-9999.000000
2011-08-07 00:00:00,    0.000000,-9999.000000,-9999.000000
2011-08-08 00:00:00,    0.000000,-9999.000000,-9999.000000
2011-08-09 00:00:00,    0.000000,-9999.000000,-9999.000000
2011-08-10 00:00:00,    0.000000,-9999.000000,-9999.000000
2011-08-11 00:00:00,    0.000000,-9999.000000,-9999.000000
2011-08-12 00:00:00,    0.000000,-9999.000000,-9999.000000
2011-08-13 00:00:00,    0.000000,-9999.000000,-9999.000000
2011-08-14 00:00:00,    0.000000,-9999.000000,-9999.000000
2011-08-15 00:00:00,    0.000000,-9999.000000,-9999.000000
2011-08-16 00:00:00,    0.000000,-9999.000000,-9999.000000
2011-08-17 00:00:00,    0.000000,-9999.000000,-9999.000000
2011-08-18 00:00:00,    0.000000,-9999.000000,-9999.000000
2011-08-19 00:00:00,    0.000000,-9999.000000,-9999.000000
2011-08-20 00:00:00,    0.000000,-9999.000000,-9999.000000
2011-08-21 00:00:00,    0.000000,-9999.000000,-9999.000000
2011-08-22 00:00:00,    0.000000,-9999.000000,-9999.000000
2011-08-23 00:00:00,    0.000000,-9999.000000,-9999.000000
2011-08-24 00:00:00,    0.000000,-9999.000000,-9999.000000
2011-08-25 00:00:00,    0.000000,-9999.000000,-9999.000000
2011-08-26 00:00:00,    0.000000,-9999.000000,-9999.000000
2011-08-27 00:00:00,    0.000000,-9999.000000,-9999.000000
2011-08-28 00:00:00,    0.000000,-9999.000000,-9999.000000
2011-08-29 00:00:00,    0.000000,-9999.000000,-9999.000000
2011-08-30 00:00:00,    0.000000,-9999.000000,-9999.000000
2011-08-31 00:00:00,    0.000000,-9999.000000,-9999.000000
2011-09-01 00:00:00,    0.000000,-9999.000000,-9999.000000
2011-09-02 00:00:00,    0.000000,-9999.000000,-9999.000000
2011-09-03 00:00:00,    0.000000,-9999.000000,-9999.000000
2011-09-04 00:00:00,    0.000000,-9999.000000,-9999.000000
2011-09-05 00:00:00,    0.000000,-9999.000000,-9999.000000
2011-09-06 00:00:00,    0.000000,-9999.000000,-9999.000000
2011-09-07 00:00:00,    0.000000,-9999.000000,-9999.000000
2011-09-08 00:00:00,    0.000000,-9999.000000,-9999.000000
2011-09-09 00:00:00,    0.000000,-9999.000000,-9999.000000
2011-09-10 00:00:00,    0.000000,-9999.000000,-9999.000000
2011-09-11 00:00:00,    0.000000,-9999.000000,-9999.000000
2011-09-12 00:00:00,    0.000000,-9999.000000,-9999.000000
2011-09-13 00:00:00,    0.000000,-9999.000000,-9999.000000
2011-09-14 00:00:00,    0.000000,-9999.000000,-9999.000000
2011-09-15 00:00:00,    0.000000,-9999.000000,-9999.000000
2011-09-16 00:00:00,    0.000000,-9999.000000,-9999.000000
2011-09-17 00:00:00,    0.000000,-9999.000000,-9999.000000
2011-09-18 00:00:00,    0.000000,-9999.000000,-9999.000000
2011-09-19 00:00:00,    0.000000,-9999.000000,-9999.000000
2011-09-20 00:00:00,    0.000000,-9999.000000,-9999.000000
2011-09-21 00:00:00,    0.000000,-9999.000000,-9999.000000
2011-09-22 00:00:00,    0.000000,-9999.000000,-9999.000000
2011-09-23 00:00:00,    0.000000,-9999.000000,-9999.000000
2011-09-24 00:00:00,    0.000000,-9999.000000,-9999.000000
2011-09-25 00:00:00,    0.000000,-9999.000000,-9999.000000
2011-09-26 00:00:00,    0.000000,-9999.000000,-9999.000000
2011-09-27 00:00:00,    0.000000,-9999.000000,-9999.000000
2011-09-28 00:00:00,    0.000000,-9999.000000,-9999.000000
2011-09-29 00:00:00,    0.000000,-9999.000000,-9999.000000
2011-09-30 00:00:00,    0.000000,-9999.000000,-9999.000000
2011-10-01 00:00:00,    0.000000,-9999.000000,-9999.000000
2011-10-02 00:00:00,    0.000000,-9999.000000,-9999.000000
2011-10-03 00:00:00,    0.000000,-9999.000000,-9999.000000
2011-10-04 00:00:00,    0.000000,-9999.000000,-9999.000000
2011-10-05 00:00:00,    0.000000,-9999.000000,-9999.000000
2011-10-06 00:00:00,    0.000000,-9999.000000,-9999.000000
2011-10-07 00:00:00,    0.000000,-9999.000000,-9999.000000
2011-10-08 00:00:00,    0.000000,-9999.000000,-9999.000000
2011-10-09 00:00:00,    0.000000,-9999.000000,-9999.000000
2011-10-10 00:00:00,    0.000000,-9999.000000,-9999.000000
2011-10-11 00:00:00,    0.000000,-9999.000000,-9999.000000
2011-10-12 00:00:00,    0.000000,-9999.000000,-9999.000000
2011-10-13 00:00:00,    0.000000,-9999.000000,-9999.000000
2011-10-14 00:00:00,    0.000000,-9999.000000,-9999.000000
2011-10-15 00:00:00,    0.000000,-9999.000000,-9999.000000
2011-10-16 00:00:00,    0.000000,-9999.000000,-9999.000000
2011-10-17 00:00:00,    0.000000,-9999.000000,-9999.000000
2011-10-18 00:00:00,    0.000000,-9999.000000,-9999.000000
2011-10-19 00:00:00,    0.000000,-9999.000000,-9999.000000
2011-10-20 00:00:00,    0.000000,-9999.000000,-9999.000000
2011-10-21 00:00:00,    0.000000,-9999.000000,-9999.000000
2011-10-22 00:00:00,    0.000000,-9999.000000,-9999.000000
2011-10-23 00:00:00,    0.000000,-9999.000000,-9999.000000
2011-10-24 00:00:00,    0.000000,-9999.000000,-9999.000000
2011-10-25 00:00:00,    0.000000,-9999.000000,-9999.000000
2011-10-26 00:00:00,    0.000000,-9999.000000,-9999.000000
2011-10-27 00:00:00,    0.000000,-9999.000000,-9999.000000
2011-10-28 00:00:00,    0.000000,-9999.000000,-9999.000000
2011-10-29 00:00:00,    0.000000,-9999.000000,-9999.000000
2011-10-30 00:00:00,    0.000000,-9999.000000,-9999.000000
2011-10-31 00:00:00,    0.000000,-9999.000000,-9999.000000
2011-11-01 00:00:00,    0.000000,-9999.000000,-9999.000000
2011-11-02 00:00:00,    0.000000,-9999.000000,-9999.000000
2011-11-03 00:00:00,    0.000000,-9999.000000,-9999.000000
2011-11-04 00:00:00,    0.000000,-9999.000000,-9999.000000
2011-11-05 00:00:00,    0.000000,-9999.000000,-9999.000000
2011-11-06 00:00:00,    0.000000,-9999.000000,-9999.000000
2011-11-07 00:00:00,    0.000000,-9999.000000,-9999.000000
2011-11-08 00:00:00,    0.000000,-9999.000000,-9999.000000
2011-11-09 00:00:00,    0.000000,-9999.000000,-9999.000000
2011-11-10 00:00:00,    0.000000,-9999.000000,-9999.000000
2011-11-11 00:00:00,    0.000000,-9999.000000,-9999.000000
2011-11-12 00:00:00,    0.000000,-9999.000000,-9999.000000
2011-11-13 00:00:00,    0.000000,-9999.000000,-9999.000000
2011-11-14 00:00:00,    0.000000,-9999.000000,-9999.000000
2011-11-15 00:00:00,    0.000000,-9999.000000,-9999.000000
2011-11-16 00:00:00,    0.000000,-9999.000000,-9999.000000
2011-11-17 00:00:00,    0.000000,-9999.000000,-9999.000000
2011-11-18 00:00:00,    0.000000,-9999.000000,-9999.000000
2011-11-19 00:00:00,    0.000000,-9999.000000,-9999.000000
2011-11-20 00:00:00,    0.000000,-9999.000000,-9999.000000
2011-11-21 00:00:00,    0.000000,-9999.000000,-9999.000000
2011-11-22 00:00:00,    0.000000,-9999.000000,-9999.000000
2011-11-23 00:00:00,    0.000000,-9999.000000,-9999.000000
2011-11-24 00:00:00,    0.000000,-9999.000000,-9999.000000
2011-11-25 00:00:00,    0.000000,-9999.000000,-9999.000000
2011-11-26 00:00:00,    0.000000,-9999.000000,-9999.000000
2011-11-27 00:00:00,    0.000000,-9999.000000,-9999.000000
2011-11-28 00:00:00,    0.000000,-9999.000000,-9999.000000
2011-11-29 00:00:00,    0.000000,-9999.000000,-9999.000000
2011-11-30 00:00:00,    0.000000,-9999.000000,-9999.000000
2011-12-01 00:00:00,    0.000000,-9999.000000,-9999.000000
2011-12-02 00:00:00,    0.000000,-9999.000000,-9999.000000
2011-12-03 00:00:00,    0.000000,-9999.000000,-9999.000000
2011-12-04 00:00:00,    0.000000,-9999.000000,-9999.000000
2011-12-05 00:00:00,    0.000000,-9999.000000,-9999.000000
2011-12-06 00:00:00,    0.000000,-9999.000000,-9999.000000
2011-12-07 00:00:00,    0.000000,-9999.000000,-9999.000000
2011-12-08 00:00:00,    0.000000,-9999.000000,-9999.000000
2011-12-09 00:00:00,    0.000000,-9999.000000,-9999.000000
2011-12-10 00:00:00,    0.000000,-9999.000000,-9999.000000
2011-12-11 00:00:00,    0.000000,-9999.000000,-9999.000000
2011-12-12 00:00:00,    0.000000,-9999.000000,-9999.000000
2011-12-13 00:00:00,    0.000000,-9999.000000,-9999.000000
2011-12-14 00:00:00,    0.000000,-9999.000000,-9999.000000
2011-12-15 00:00:00,    0.000000,-9999.000000,-9999.000000
2011-12-16 00:00:00,    0.000000,-9999.000000,-9999.000000
2011-12-17 00:00:00,    0.000000,-9999.000000,-9999.000000
2011-12-18 00:00:00,    0.000000,-9999.000000,-9999.000000
2011-12-19 00:00:00,    0.000000,-9999.000000,-9999.000000
2011-12-20 00:00:00,    0.000000,-9999.000000,-9999.000000
2011-12-21 00:00:00,    0.000000,-9999.000000,-9999.000000
2011-12-22 00:00:00,    0.000000,-9999.000000,-9999.000000
2011-12-23 00:00:00,    0.000000,-9999.000000,-9999.000000
2011-12-24 00:00:00,    0.000000,-9999.000000,-9999.000000
2011-12-25 00:00:00,    0.000000,-9999.000000,-9999.000000
2011-12-26 00:00:00,    0.000000,-9999.000000,-9999.000000
2011-12-27 00:00:00,    0.000000,-9999.000000,-9999.000000
2011-12-28 00:00:00,    0.000000,-9999.000000,-9999.000000
2011-12-29 00:00:00,    0.000000,-9999.000000,-9999.000000
2011-12-30 00:00:00,    0.000000,-9999.000000,-9999.000000
2011-12-31 00:00:00,    0.000000,-9999.000000,-9999.000000
2012-01-01 00:00:00,    0.000000,-9999.000000,-9999.000000
2012-01-02 00:00:00,    0.000000,-9999.000000,-9999.000000
2012-01-03 00:00:00,    0.000000,-9999.000000,-9999.000000
2012-01-04 00:00:00,    0.000000,-9999.000000,-9999.000000
2012-01-05 00:00:00,    0.000000,-9999.000000,-9999.000000
2012-01-06 00:00:00,    0.000000,-9999.000000,-9999.000000
2012-01-07 00:00:00,    0.000000,-9999.000000,-9999.000000
2012-01-08 00:00:00,    0.000000,-9999.000000,-9999.000000
2012-01-09 00:00:00,    0.000000,-9999.000000,-9999.000000
2012-01-10 00:00:00,    0.000000,-9999.000000,-9999.000000
2012-01-11 00:00:00,    0.000000,-9999.000000,-9999.000000
2012-01-12 00:00:00,    0.000000,-9999.000000,-9999.000000
2012-01-13 00:00:00,    0.000000,-9999.000000,-9999.000000
2012-01-14 00:00:00,    0.000000,-9999.000000,-9999.000000
2012-01-15 00:00:00,    0.000000,-9999.000000,-9999.000000
2012-01-16 00:00:00,    0.000000,-9999.000000,-9999.000000
2012-01-17 00:00:00,    0.000000,-9999.000000,-9999.000000
2012-01-18 00:00:00,    0.000000,-9999.000000,-9999.000000
2012-01-19 00:00:00,    0.000000,-9999.000000,-9999.000000
2012-01-20 00:00:00,    0.000000,-9999.000000,-9999.000000
2012-01-21 00:00:00,    0.000000,-9999.000000,-9999.000000
2012-01-22 00:00:00,    0.000000,-9999.000000,-9999.000000
2012-01-23 00:00:00,    0.000000,-9999.000000,-9999.000000
2012-01-24 00:00:00,    0.000000,-9999.000000,-9999.000000
2012-01-25 00:00:00,    0.000000,-9999.000000,-9999.000000
2012-01-26 00:00:00,    0.000000,-9999.000000,-9999.000000
2012-01-27 00:00:00,    0.000000,-9999.000000,-9999.000000
2012-01-28 00:00:00,    0.000000,-9999.000000,-9999.000000
2012-01-29 00:00:00,    0.000000,-9999.000000,-9999.000000
2012-01-30 00:00:00,    0.000000,-9999.000000,-9999.000000
2012-01-31 00:00:00,    0.000000,-9999.000000,-9999.000000
2012-02-01 00:00:00,    0.000000,-9999.000000,-9999.000000
2012-02-02 00:00:00,    0.000000,-9999.000000,-9999.000000
2012-02-03 00:00:00,    0.000000,-9999.000000,-9999.000000
2012-02-04 00:00:00,    0.000000,-9999.000000,-9999.000000
2012-02-05 00:00:00,    0.000000,-9999.000000,-9999.000000
2012-02-06 00:00:00,    0.000000,-9999.000000,-9999.000000
2012-02-07 00:00:00,    0.000000,-9999.000000,-9999.000000
2012-02-08 00:00:00,    0.000000,-9999.000000,-9999.000000
2012-02-09 00:00:00,    0.000000,-9999.000000,-9999.000000
2012-02-10 00:00:00,    0.000000,-9999.000000,-9999.000000
2012-02-11 00:00:00,    0.000000,-9999.000000,-9999.000000
2012-02-12 00:00:00,    0.000000,-9999.000000,-9999.000000
2012-02-13 00:00:00,    0.000000,-9999.000000,-9999.000000
2012-02-14 00:00:00,    0.000000,-9999.000000,-9999.000000
2012-02-15 00:00:00,    0.000000,-9999.000000,-9999.000000
2012-02-16 00:00:00,    0.000000,-9999.000000,-9999.000000
2012-02-17 00:00:00,    0.000000,-9999.000000,-9999.000000
2012-02-18 00:00:00,    0.000000,-9999.000000,-9999.000000
2012-02-19 00:00:00,    0.000000,-9999.000000,-9999.000000
2012-02-20 00:00:00,    0.000000,-9999.000000,-9999.000000
2012-02-21 00:00:00,    0.000000,-9999.000000,-9999.000000
2012-02-22 00:00:00,    0.000000,-9999.000000,-9999.000000
2012-02-23 00:00:00,    0.000000,-9999.000000,-9999.000000
2012-02-24 00:00:00,    0.000000,-9999.000000,-9999.000000
2012-02-25 00:00:00,    0.000000,-9999.000000,-9999.000000
2012-02-26 00:00:00,    0.000000,-9999.000000,-9999.000000
2012-02-27 00:00:00,    0.000000,-9999.000000,-9999.000000
2012-02-28 00:00:00,    0.000000,-9999.000000,-9999.000000
2012-02-29 00:00:00,    0.000000,-9999.000000,-9999.000000
2012-03-01 00:00:00,    0.000000,-9999.000000,-9999.000000
2012-03-02 00:00:00,    0.000000,-9999.000000,-9999.000000
2012-03-03 00:00:00,    0.000000,-9999.000000,-9999.000000
2012-03-04 00:00:00,    0.000000,-9999.000000,-9999.000000
2012-03-05 00:00:00,    0.000000,-9999.000000,-9999.000000
2012-03-06 00:00:00,    0.000000,-9999.000000,-9999.000000
2012-03-07 00:00:00,    0.000000,-9999.000000,-9999.000000
2012-03-08 00:00:00,    0.000000,-9999.000000,-9999.000000
2012-03-09 00:00:00,    0.000000,-9999.000000,-9999.000000
2012-03-10 00:00:00,    0.000000,-9999.000000,-9999.000000
2012-03-11 00:00:00,    0.000000,-9999.000000,-9999.000000
2012-03-12 00:00:00,    0.000000,-9999.000000,-9999.000000
2012-03-13 00:00:00,    0.000000,-9999.000000,-9999.000000
2012-03-14 00:00:00,    0.000000,-9999.000000,-9999.000000
2012-03-15 00:00:00,    0.000000,-9999.000000,-9999.000000
2012-03-16 00:00:00,    0.000000,-9999.000000,-9999.000000
2012-03-17 00:00:00,    0.000000,-9999.000000,-9999.000000
2012-03-18 00:00:00,    0.000000,-9999.000000,-9999.000000
2012-03-19 00:00:00,    0.000000,-9999.000000,-9999.000000
2012-03-20 00:00:00,    0.000000,-9999.000000,-9999.000000
2012-03-21 00:00:00,    0.000000,-9999.000000,-9999.000000
2012-03-22 00:00:00,    0.000000,-9999.000000,-9999.000000
2012-03-23 00:00:00,    0.000000,-9999.000000,-9999.000000
2012-03-24 00:00:00,    0.000000,-9999.000000,-9999.000000
2012-03-25 00:00:00,    0.000000,-9999.000000,-9999.000000
2012-03-26 00:00:00,    0.000000,-9999.000000,-9999.000000
2012-03-27 00:00:00,    0.000000,-9999.000000,-9999.000000
2012-03-28 00:00:00,    0.000000,-9999.000000,-9999.000000
2012-03-29 00:00:00,    0.000000,-9999.000000,-9999.000000
2012-03-30 00:00:00,    0.000000,-9999.000000,-9999.000000
2012-03-31 00:00:00,    0.000000,-9999.000000,-9999.000000
2012-04-01 00:00:00,    0.000000,-9999.000000,-9999.000000
2012-04-02 00:00:00,    0.000000,-9999.000000,-9999.000000
2012-04-03 00:00:00,    0.000000,-9999.000000,-9999.000000
2012-04-04 00:00:00,    0.000000,-9999.000000,-9999.000000
2012-04-05 00:00:00,    0.000000,-9999.000000,-9999.000000
2012-04-06 00:00:00,    0.000000,-9999.000000,-9999.000000
2012-04-07 00:00:00,    0.000000,-9999.000000,-9999.000000
2012-04-08 00:00:00,    0.000000,-9999.000000,-9999.000000
2012-04-09 00:00:00,    0.000000,-9999.000000,-9999.000000
2012-04-10 00:00:00,    0.000000,-9999.000000,-9999.000000
2012-04-11 00:00:00,    0.000000,-9999.000000,-9999.000000
2012-04-12 00:00:00,    0.000000,-9999.000000,-9999.000000
2012-04-13 00:00:00,    0.000000,-9999.000000,-9999.000000
2012-04-14 00:00:00,    0.000000,-9999.000000,-9999.000000
2012-04-15 00:00:00,    0.000000,-9999.000000,-9999.000000
2012-04-16 00:00:00,    0.000000,-9999.000000,-9999.000000
2012-04-17 00:00:00,    0.000000,-9999.000000,-9999.000000
2012-04-18 00:00:00,    0.000000,-9999.000000,-9999.000000
2012-04-19 00:00:00,    0.000000,-9999.000000,-9999.000000
2012-04-20 00:00:00,    0.000000,-9999.000000,-9999.000000
2012-04-21 00:00:00,    0.000000,-9999.000000,-9999.000000
2012-04-22 00:00:00,    0.000000,-9999.000000,-9999.000000
2012-04-23 00:00:00,    0.000000,-9999.000000,-9999.000000
2012-04-24 00:00:00,    0.000000,-9999.000000,-9999.000000
2012-04-25 00:00:00,    0.000000,-9999.000000,-9999.000000
2012-04-26 00:00:00,    0.000000,-9999.000000,-9999.000000
2012-04-27 00:00:00,    0.000000,-9999.000000,-9999.000000
2012-04-28 00:00:00,    0.000000,-9999.000000,-9999.000000
2012-04-29 00:00:00,    0.000000,-9999.000000,-9999.000000
2012-04-30 00:00:00,    0.000000,-9999.000000,-9999.000000
2012-05-01 00:00:00,    0.000000,-9999.000000,-9999.000000
2012-05-02 00:00:00,    0.000000,-9999.000000,-9999.000000
2012-05-03 00:00:00,    0.000000,-9999.000000,-9999.000000
2012-05-04 00:00:00,    0.000000,-9999.000000,-9999.000000
2012-05-05 00:00:00,    0.000000,-9999.000000,-9999.000000
2012-05-06 00:00:00,    0.000000,-9999.000000,-9999.000000
2012-05-07 00:00:00,    0.000000,-9999.000000,-9999.000000
2012-05-08 00:00:00,    0.000000,-9999.000000,-9999.000000
2012-05-09 00:00:00,    0.000000,-9999.000000,-9999.000000
2012-05-10 00:00:00,    0.000000,-9999.000000,-9999.000000
2012-05-11 00:00:00,    0.000000,-9999.000000,-9999.000000
2012-05-12 00:00:00,    0.000000,-9999.000000,-9999.000000
2012-05-13 00:00:00,    0.000000,-9999.000000,-9999.000000
2012-05-14 00:00:00,    0.000000,-9999.000000,-9999.000000
2012-05-15 00:00:00,    0.000000,-9999.000000,-9999.000000
2012-05-16 00:00:00,    0.000000,-9999.000000,-9999.000000
2012-05-17 00:00:00,    0.000000,-9999.000000,-9999.000000
2012-05-18 00:00:00,    0.000000,-9999.000000,-9999.000000
2012-05-19 00:00:00,    0.000000,-9999.000000,-9999.000000
2012-05-20 00:00:00,    0.000000,-9999.000000,-9999.000000
2012-05-21 00:00:00,    0.000000,-9999.000000,-9999.000000
2012-05-22 00:00:00,    0.000000,-9999.000000,-9999.000000
2012-05-23 00:00:00,    0.000000,-9999.000000,-9999.000000
2012-05-24 00:00:00,    0.000000,-9999.000000,-9999.000000
2012-05-25 00:00:00,    0.000000,-9999.000000,-9999.000000
2012-05-26 00:00:00,    0.000000,-9999.000000,-9999.000000
2012-05-27 00:00:00,    0.000000,-9999.000000,-9999.000000
2012-05-28 00:00:00,    0.000000,-9999.000000,-9999.000000
2012-05-29 00:00:00,    0.000000,-9999.000000,-9999.000000
2012-05-30 00:00:00,    0.000000,-9999.000000,-9999.000000
2012-05-31 00:00:00,    0.000000,-9999.000000,-9999.000000
2012-06-01 00:00:00,    0.000000,-9999.000000,-9999.000000
2012-06-02 00:00:00,    0.000000,-9999.000000,-9999.000000
2012-06-03 00:00:00,    0.000000,-9999.000000,-9999.000000
2012-06-04 00:00:00,    0.000000,-9999.000000,-9999.000000
2012-06-05 00:00:00,    0.000000,-9999.000000,-9999.000000
2012-06-06 00:00:00,    0.000000,-9999.000000,-9999.000000
2012-06-07 00:00:00,    0.000000,-9999.000000,-9999.000000
2012-06-08 00:00:00,    0.000000,-9999.000000,-9999.000000
2012-06-09 00:00:00,    0.000000,-9999.000000,-9999.000000
2012-06-10 00:00:00,    0.000000,-9999.000000,-9999.000000
2012-06-11 00:00:00,    0.000000,-9999.000000,-9999.000000
2012-06-12 00:00:00,    0.000000,-9999.000000,-9999.000000
2012-06-13 00:00:00,    0.000000,-9999.000000,-9999.000000
2012-06-14 00:00:00,    0.000000,-9999.000000,-9999.000000
2012-06-15 00:00:00,    0.000000,-9999.000000,-9999.000000
2012-06-16 00:00:00,    0.000000,-9999.000000,-9999.000000
2012-06-17 00:00:00,    0.000000,-9999.000000,-9999.000000
2012-06-18 00:00:00,    0.000000,-9999.000000,-9999.000000
2012-06-19 00:00:00,    0.000000,-9999.000000,-9999.000000
2012-06-20 00:00:00,    0.000000,-9999.000000,-9999.000000
2012-06-21 00:00:00,    0.000000,-9999.000000,-9999.000000
2012-06-22 00:00:00,    0.000000,-9999.000000,-9999.000000
2012-06-23 00:00:00,    0.000000,-9999.000000,-9999.000000
2012-06-24 00:00:00,    0.000000,-9999.000000,-9999.000000
2012-06-25 00:00:00,    0.000000,-9999.000000,-9999.000000
2012-06-26 00:00:00,    0.000000,-9999.000000,-9999.000000
2012-06-27 00:00:00,    0.000000,-9999.000000,-9999.000000
2012-06-28 00:00:00,    0.000000,-9999.000000,-9999.000000
2012-06-29 00:00:00,    0.000000,-9999.000000,-9999.000000
2012-06-30 00:00:00,    0.000000,-9999.000000,-9999.000000
2012-07-01 00:00:00,    0.000000,-9999.000000,-9999.000000
2012-07-02 00:00:00,    0.000000,-9999.000000,-9999.000000
2012-07-03 00:00:00,    0.000000,-9999.000000,-9999.000000
2012-07-04 00:00:00,    0.000000,-9999.000000,-9999.000000
2012-07-05 00:00:00,    0.000000,-9999.000000,-9999.000000
2012-07-06 00:00:00,    0.000000,-9999.000000,-9999.000000
2012-07-07 00:00:00,    0.000000,-9999.000000,-9999.000000
2012-07-08 00:00:00,    0.000000,-9999.000000,-9999.000000
2012-07-09 00:00:00,    0.000000,-9999.000000,-9999.000000
2012-07-10 00:00:00,    0.000000,-9999.000000,-9999.000000
2012-07-11 00:00:00,    0.000000,-9999.000000,-9999.000000
2012-07-12 00:00:00,    0.000000,-9999.000000,-9999.000000
2012-07-13 00:00:00,    0.000000,-9999.000000,-9999.000000
2012-07-14 00:00:00,    0.000000,-9999.000000,-9999.000000
2012-07-15 00:00:00,    0.000000,-9999.000000,-9999.000000
2012-07-16 00:00:00,    0.000000,-9999.000000,-9999.000000
2012-07-17 00:00:00,    0.000000,-9999.000000,-9999.000000
2012-07-18 00:00:00,    0.000000,-9999.000000,-9999.000000
2012-07-19 00:00:00,    0.000000,-9999.000000,-9999.000000
2012-07-20 00:00:00,    0.000000,-9999.000000,-9999.000000
2012-07-21 00:00:00,    0.000000,-9999.000000,-9999.000000
2012-07-22 00:00:00,    0.000000,-9999.000000,-9999.000000
2012-07-23 00:00:00,    0.000000,-9999.000000,-9999.000000
2012-07-24 00:00:00,    0.000000,-9999.000000,-9999.000000
2012-07-25 00:00:00,    0.000000,-9999.000000,-9999.000000
2012-07-26 00:00:00,    0.000000,-9999.000000,-9999.000000
2012-07-27 00:00:00,    0.000000,-9999.000000,-9999.000000
2012-07-28 00:00:00,    0.000000,-9999.000000,-9999.000000
2012-07-29 00:00:00,    0.000000,-9999.000000,-9999.000000
2012-07-30 00:00:00,    0.000000,-9999.000000,-9999.000000
2012-07-31 00:00:00,    0.000000,-9999.000000,-9999.000000
2012-08-01 00:00:00,    0.000000,-9999.000000,-9999.000000
2012-08-02 00:00:00,    0.000000,-9999.000000,-9999.000000
2012-08-03 00:00:00,    0.000000,-9999.000000,-9999.000000
2012-08-04 00:00:00,    0.000000,-9999.000000,-9999.000000
2012-08-05 00:00:00,    0.000000,-9999.000000,-9999.000000
2012-08-06 00:00:00,    0.000000,-9999.000000,-9999.000000
2012-08-07 00:00:00,    0.000000,-9999.000000,-9999.000000
2012-08-08 00:00:00,    0.000000,-9999.000000,-9999.000000
2012-08-09 00:00:00,    0.000000,-9999.000000,-9999.000000
2012-08-10 00:00:00,    0.000000,-9999.000000,-9999.000000
2012-08-11 00:00:00,    0.000000,-9999.000000,-9999.000000
2012-08-12 00:00:00,    0.000000,-9999.000000,-9999.000000
2012-08-13 00:00:00,    0.000000,-9999.000000,-9999.000000
2012-08-14 00:00:00,    0.000000,-9999.000000,-9999.000000
2012-08-15 00:00:00,    0.000000,-9999.000000,-9999.000000
2012-08-16 00:00:00,    0.000000,-9999.000000,-9999.000000
2012-08-17 00:00:00,    0.000000,-9999.000000,-9999.000000
2012-08-18 00:00:00,    0.000000,-9999.000000,-9999.000000
2012-08-19 00:00:00,    0.000000,-9999.000000,-9999.000000
2012-08-20 00:00:00,    0.000000,-9999.000000,-9999.000000
2012-08-21 00:00:00,    0.000000,-9999.000000,-9999.000000
2012-08-22 00:00:00,    0.000000,-9999.000000,-9999.000000
2012-08-23 00:00:00,    0.000000,-9999.000000,-9999.000000
2012-08-24 00:00:00,    0.000000,-9999.000000,-9999.000000
2012-08-25 00:00:00,    0.000000,-9999.000000,-9999.000000
2012-08-26 00:00:00,    0.000000,-9999.000000,-9999.000000
2012-08-27 00:00:00,    0.000000,-9999.000000,-9999.000000
2012-08-28 00:00:00,    0.000000,-9999.000000,-9999.000000
2012-08-29 00:00:00,    0.000000,-9999.000000,-9999.000000
2012-08-30 00:00:00,    0.000000,-9999.000000,-9999.000000
2012-08-31 00:00:00,    0.000000,-9999.000000,-9999.000000
2012-09-01 00:00:00,    0.000000,-9999.000000,-9999.000000
2012-09-02 00:00:00,    0.000000,-9999.000000,-9999.000000
2012-09-03 00:00:00,    0.000000,-9999.000000,-9999.000000
2012-09-04 00:00:00,    0.000000,-9999.000000,-9999.000000
2012-09-05 00:00:00,    0.000000,-9999.000000,-9999.000000
2012-09-06 00:00:00,    0.000000,-9999.000000,-9999.000000
2012-09-07 00:00:00,    0.000000,-9999.000000,-9999.000000
2012-09-08 00:00:00,    0.000000,-9999.000000,-9999.000000
2012-09-09 00:00:00,    0.000000,-9999.000000,-9999.000000
2012-09-10 00:00:00,    0.000000,-9999.000000,-9999.000000
2012-09-11 00:00:00,    0.000000,-9999.000000,-9999.000000
2012-09-12 00:00:00,    0.000000,-9999.000000,-9999.000000
2012-09-13 00:00:00,    0.000000,-9999.000000,-9999.000000
2012-09-14 00:00:00,    0.000000,-9999.000000,-9999.000000
2012-09-15 00:00:00,    0.000000,-9999.000000,-9999.000000
2012-09-16 00:00:00,    0.000000,-9999.000000,-9999.000000
2012-09-17 00:00:00,    0.000000,-9999.000000,-9999.000000
2012-09-18 00:00:00,    0.000000,-9999.000000,-9999.000000
2012-09-19 00:00:00,    0.000000,-9999.000000,-9999.000000
2012-09-20 00:00:00,    0.000000,-9999.000000,-9999.000000
2012-09-21 00:00:00,    0.000000,-9999.000000,-9999.000000
2012-09-22 00:00:00,    0.000000,-9999.000000,-9999.000000
2012-09-23 00:00:00,    0.000000,-9999.000000,-9999.000000
2012-09-24 00:00:00,    0.000000,-9999.000000,-9999.000000
2012-09-25 00:00:00,    0.000000,-9999.000000,-9999.000000
2012-09-26 00:00:00,    0.000000,-9999.000000,-9999.000000
2012-09-27 00:00:00,    0.000000,-9999.000000,-9999.000000
2012-09-28 00:00:00,    0.000000,-9999.000000,-9999.000000
2012-09-29 00:00:00,    0.000000,-9999.000000,-9999.000000
2012-09-30 00:00:00,    0.000000,-9999.000000,-9999.000000
2012-10-01 00:00:00,    0.000000,-9999.000000,-9999.000000
2012-10-02 00:00:00,    0.000000,-9999.000000,-9999.000000
2012-10-03 00:00:00,    0.000000,-9999.000000,-9999.000000
2012-10-04 00:00:00,    0.000000,-9999.000000,-9999.000000
2012-10-05 00:00:00,    0.000000,-9999.000000,-9999.000000
2012-10-06 00:00:00,    0.000000,-9999.000000,-9999.000000
2012-10-07 00:00:00,    0.000000,-9999.000000,-9999.000000
2012-10-08 00:00:00,    0.000000,-9999.000000,-9999.000000
2012-10-09 00:00:00,    0.000000,-9999.000000,-9999.000000
2012-10-10 00:00:00,    0.000000,-9999.000000,-9999.000000
2012-10-11 00:00:00,    0.000000,-9999.000000,-9999.000000
2012-10-12 00:00:00,    0.000000,-9999.000000,-9999.000000
2012-10-13 00:00:00,    0.000000,-9999.000000,-9999.000000
2012-10-14 00:00:00,    0.000000,-9999.000000,-9999.000000
2012-10-15 00:00:00,    0.000000,-9999.000000,-9999.000000
2012-10-16 00:00:00,    0.000000,-9999.000000,-9999.000000
2012-10-17 00:00:00,    0.000000,-9999.000000,-9999.000000
2012-10-18 00:00:00,    0.000000,-9999.000000,-9999.000000
2012-10-19 00:00:00,    0.000000,-9999.000000,-9999.000000
2012-10-20 00:00:00,    0.000000,-9999.000000,-9999.000000
2012-10-21 00:00:00,    0.000000,-9999.000000,-9999.000000
2012-10-22 00:00:00,    0.000000,-9999.000000,-9999.000000
2012-10-23 00:00:00,    0.000000,-9999.000000,-9999.000000
2012-10-24 00:00:00,    0.000000,-9999.000000,-9999.000000
2012-10-25 00:00:00,    0.000000,-9999.000000,-9999.000000
2012-10-26 00:00:00,    0.000000,-9999.000000,-9999.000000
2012-10-27 00:00:00,    0.000000,-9999.000000,-9999.000000
2012-10-28 00:00:00,    0.000000,-9999.000000,-9999.000000
2012-10-29 00:00:00,    0.000000,-9999.000000,-9999.000000
2012-10-30 00:00:00,    0.000000,-9999.000000,-9999.000000
2012-10-31 00:00:00,    0.000000,-9999.000000,-9999.000000
2012-11-01 00:00:00,    0.000000,-9999.000000,-9999.000000
2012-11-02 00:00:00,    0.000000,-9999.000000,-9999.000000
2012-11-03 00:00:00,    0.000000,-9999.000000,-9999.000000
2012-11-04 00:00:00,    0.000000,-9999.000000,-9999.000000
2012-11-05 00:00:00,    0.000000,-9999.000000,-9999.000000
2012-11-06 00:00:00,    0.000000,-9999.000000,-9999.000000
2012-11-07 00:00:00,    0.000000,-9999.000000,-9999.000000
2012-11-08 00:00:00,    0.000000,-9999.000000,-9999.000000
2012-11-09 00:00:00,    0.000000,-9999.000000,-9999.000000
2012-11-10 00:00:00,    0.000000,-9999.000000,-9999.000000
2012-11-11 00:00:00,    0.000000,-9999.000000,-9999.000000
2012-11-12 00:00:00,    0.000000,-9999.000000,-9999.000000
2012-11-13 00:00:00,    0.000000,-9999.000000,-9999.000000
2012-11-14 00:00:00,    0.000000,-9999.000000,-9999.000000
2012-11-15 00:00:00,    0.000000,-9999.000000,-9999.000000
2012-11-16 00:00:00,    0.000000,-9999.000000,-9999.000000
2012-11-17 00:00:00,    0.000000,-9999.000000,-9999.000000
2012-11-18 00:00:00,    0.000000,-9999.000000,-9999.000000
2012-11-19 00:00:00,    0.000000,-9999.000000,-9999.000000
2012-11-20 00:00:00,    0.000000,-9999.000000,-9999.000000
2012-11-21 00:00:00,    0.000000,-9999.000000,-9999.000000
2012-11-22 00:00:00,    0.000000,-9999.000000,-9999.000000
2012-11-23 00:00:00,    0.000000,-9999.000000,-9999.000000
2012-11-24 00:00:00,    0.000000,-9999.000000,-9999.000000
2012-11-25 00:00:00,    0.000000,-9999.000000,-9999.000000
2012-11-26 00:00:00,    0.000000,-9999.000000,-9999.000000
2012-11-27 00:00:00,    0.000000,-9999.000000,-9999.000000
2012-11-28 00:00:00,    0.000000,-9999.000000,-9999.000000
2012-11-29 00:00:00,    0.000000,-9999.000000,-9999.000000
2012-11-30 00:00:00,    0.000000,-9999.000000,-9999.000000
2012-12-01 00:00:00,    0.000000,-9999.000000,-9999.000000
2012-12-02 00:00:00,    0.000000,-9999.000000,-9999.000000
2012-12-03 00:00:00,    0.000000,-9999.000000,-9999.000000
2012-12-04 00:00:00,    0.000000,-9999.000000,-9999.000000
2012-12-05 00:00:00,    0.000000,-9999.000000,-9999.000000
2012-12-06 00:00:00,    0.000000,-9999.000000,-9999.000000
2012-12-07 00:00:00,    0.000000,-9999.000000,-9999.000000
2012-12-08 00:00:00,    0.000000,-9999.000000,-9999.000000
2012-12-09 00:00:00,    0.000000,-9999.000000,-9999.000000
2012-12-10 00:00:00,    0.000000,-9999.000000,-9999.000000
2012-12-11 00:00:00,    0.000000,-9999.000000,-9999.000000
2012-12-12 00:00:00,    0.000000,-9999.000000,-9999.000000
2012-12-13 00:00:00,    0.000000,-9999.000000,-9999.000000
2012-12-14 00:00:00,    0.000000,-9999.000000,-9999.000000
2012-12-15 00:00:00,    0.000000,-9999.000000,-9999.000000
2012-12-16 00:00:00,    0.000000,-9999.000000,-9999.000000
2012-12-17 00:00:00,    0.000000,-9999.000000,-9999.000000
2012-12-18 00:00:00,    0.000000,-9999.000000,-9999.000000
2012-12-19 00:00:00,    0.000000,-9999.000000,-9999.000000
2012-12-20 00:00:00,    0.000000,-9999.000000,-9999.000000
2012-12-21 00:00:00,    0.000000,-9999.000000,-9999.000000
2012-12-22 00:00:00,    0.000000,-9999.000000,-9999.000000
2012-12-23 00:00:00,    0.000000,-9999.000000,-9999.000000
2012-12-24 00:00:00,    0.000000,-9999.000000,-9999.000000
2012-12-25 00:00:00,    0.000000,-9999.000000,-9999.000000
2012-12-26 00:00:00,    0.000000,-9999.000000,-9999.000000
2012-12-27 00:00:00,    0.000000,-9999.000000,-9999.000000
2012-12-28 00:00:00,    0.000000,-9999.000000,-9999.000000
2012-12-29 00:00:00,    0.000000,-9999.000000,-9999.000000
2012-12-30 00:00:00,    0.000000,-9999.000000,-9999.000000
2012-12-31 00:00:00,    0.000000,-9999.000000,-9999.000000
2013-01-01 00:00:00,    0.000000,-9999.000000,-9999.000000
2013-01-02 00:00:00,    0.000000,-9999.000000,-9999.000000
2013-01-03 00:00:00,    0.000000,-9999.000000,-9999.000000
2013-01-04 00:00:00,    0.000000,-9999.000000,-9999.000000
2013-01-05 00:00:00,    0.000000,-9999.000000,-9999.000000
2013-01-06 00:00:00,    0.000000,-9999.000000,-9999.000000
2013-01-07 00:00:00,    0.000000,-9999.000000,-9999.000000
2013-01-08 00:00:00,    0.000000,-9999.000000,-9999.000000
2013-01-09 00:00:00,    0.000000,-9999.000000,-9999.000000
2013-01-10 00:00:00,    0.000000,-9999.000000,-9999.000000
2013-01-11 00:00:00,    0.000000,-9999.000000,-9999.000000
2013-01-12 00:00:00,    0.000000,-9999.000000,-9999.000000
2013-01-13 00:00:00,    0.000000,-9999.000000,-9999.000000
2013-01-14 00:00:00,    0.000000,-9999.000000,-9999.000000
2013-01-15 00:00:00,    0.000000,-9999.000000,-9999.000000
2013-01-16 00:00:00,    0.000000,-9999.000000,-9999.000000
2013-01-17 00:00:00,    0.000000,-9999.000000,-9999.000000
2013-01-18 00:00:00,    0.000000,-9999.000000,-9999.000000
2013-01-19 00:00:00,    0.000000,-9999.000000,-9999.000000
2013-01-20 00:00:00,    0.000000,-9999.000000,-9999.000000
2013-01-21 00:00:00,    0.000000,-9999.000000,-9999.000000
2013-01-22 00:00:00,    0.000000,-9999.000000,-9999.000000
2013-01-23 00:00:00,    0.000000,-9999.000000,-9999.000000
2013-01-24 00:00:00,    0.000000,-9999.000000,-9999.000000
2013-01-25 00:00:00,    0.000000,-9999.000000,-9999.000000
2013-01-26 00:00:00,    0.000000,-9999.000000,-9999.000000
2013-01-27 00:00:00,    0.000000,-9999.000000,-9999.000000
2013-01-28 00:00:00,    0.000000,-9999.000000,-9999.000000
2013-01-29 00:00:00,    0.000000,-9999.000000,-9999.000000
2013-01-30 00:00:00,    0.000000,-9999.000000,-9999.000000
2013-01-31 00:00:00,    0.000000,-9999.000000,-9999.000000
2013-02-01 00:00:00,    0.000000,-9999.000000,-9999.000000
2013-02-02 00:00:00,    0.000000,-9999.000000,-9999.000000
2013-02-03 00:00:00,    0.000000,-9999.000000,-9999.000000
2013-02-04 00:00:00,    0.000000,-9999.000000,-9999.000000
2013-02-05 00:00:00,    0.000000,-9999.000000,-9999.000000
2013-02-06 00:00:00,    0.000000,-9999.000000,-9999.000000
2013-02-07 00:00:00,    0.000000,-9999.000000,-9999.000000
2013-02-08 00:00:00,    0.000000,-9999.000000,-9999.000000
2013-02-09 00:00:00,    0.000000,-9999.000000,-9999.000000
2013-02-10 00:00:00,    0.000000,-9999.000000,-9999.000000
2013-02-11 00:00:00,    0.000000,-9999.000000,-9999.000000
2013-02-12 00:00:00,    0.000000,-9999.000000,-9999.000000
2013-02-13 00:00:00,    0.000000,-9999.000000,-9999.000000
2013-02-14 00:00:00,    0.000000,-9999.000000,-9999.000000
2013-02-15 00:00:00,    0.000000,-9999.000000,-9999.000000
2013-02-16 00:00:00,    0.000000,-9999.000000,-9999.000000
2013-02-17 00:00:00,    0.000000,-9999.000000,-9999.000000
2013-02-18 00:00:00,    0.000000,-9999.000000,-9999.000000
2013-02-19 00:00:00,    0.000000,-9999.000000,-9999.000000
2013-02-20 00:00:00,    0.000000,-9999.000000,-9999.000000
2013-02-21 00:00:00,    0.000000,-9999.000000,-9999.000000
2013-02-22 00:00:00,    0.000000,-9999.000000,-9999.000000
2013-02-23 00:00:00,    0.000000,-9999.000000,-9999.000000
2013-02-24 00:00:00,    0.000000,-9999.000000,-9999.000000
2013-02-25 00:00:00,    0.000000,-9999.000000,-9999.000000
2013-02-26 00:00:00,    0.000000,-9999.000000,-9999.000000
2013-02-27 00:00:00,    0.000000,-9999.000000,-9999.000000
2013-02-28 00:00:00,    0.000000,-9999.000000,-9999.000000
2013-03-01 00:00:00,    0.000000,-9999.000000,-9999.000000
2013-03-02 00:00:00,    0.000000,-9999.000000,-9999.000000
2013-03-03 00:00:00,    0.000000,-9999.000000,-9999.000000
2013-03-04 00:00:00,    0.000000,-9999.000000,-9999.000000
2013-03-05 00:00:00,    0.000000,-9999.000000,-9999.000000
2013-03-06 00:00:00,    0.000000,-9999.000000,-9999.000000
2013-03-07 00:00:00,    0.000000,-9999.000000,-9999.000000
2013-03-08 00:00:00,    0.000000,-9999.000000,-9999.000000
2013-03-09 00:00:00,    0.000000,-9999.000000,-9999.000000
2013-03-10 00:00:00,    0.000000,-9999.000000,-9999.000000
2013-03-11 00:00:00,    0.000000,-9999.000000,-9999.000000
2013-03-12 00:00:00,    0.000000,-9999.000000,-9999.000000
2013-03-13 00:00:00,    0.000000,-9999.000000,-9999.000000
2013-03-14 00:00:00,    0.000000,-9999.000000,-9999.000000
2013-03-15 00:00:00,    0.000000,-9999.000000,-9999.000000
2013-03-16 00:00:00,    0.000000,-9999.000000,-9999.000000
2013-03-17 00:00:00,    0.000000,-9999.000000,-9999.000000
2013-03-18 00:00:00,    0.000000,-9999.000000,-9999.000000
2013-03-19 00:00:00,    0.000000,-9999.000000,-9999.000000
2013-03-20 00:00:00,    0.000000,-9999.000000,-9999.000000
2013-03-21 00:00:00,    0.000000,-9999.000000,-9999.000000
2013-03-22 00:00:00,    0.000000,-9999.000000,-9999.000000
2013-03-23 00:00:00,    0.000000,-9999.000000,-9999.000000
2013-03-24 00:00:00,    0.000000,-9999.000000,-9999.000000
2013-03-25 00:00:00,    0.000000,-9999.000000,-9999.000000
2013-03-26 00:00:00,    0.000000,-9999.000000,-9999.000000
2013-03-27 00:00:00,    0.000000,-9999.000000,-9999.000000
2013-03-28 00:00:00,    0.000000,-9999.000000,-9999.000000
2013-03-29 00:00:00,    0.000000,-9999.000000,-9999.000000
2013-03-30 00:00:00,    0.000000,-9999.000000,-9999.000000
2013-03-31 00:00:00,    0.000000,-9999.000000,-9999.000000
2013-04-01 00:00:00,    0.000000,-9999.000000,-9999.000000
2013-04-02 00:00:00,    0.000000,-9999.000000,-9999.000000
2013-04-03 00:00:00,    0.000000,-9999.000000,-9999.000000
2013-04-04 00:00:00,    0.000000,-9999.000000,-9999.000000
2013-04-05 00:00:00,    0.000000,-9999.000000,-9999.000000
2013-04-06 00:00:00,    0.000000,-9999.000000,-9999.000000
2013-04-07 00:00:00,    0.000000,-9999.000000,-9999.000000
2013-04-08 00:00:00,    0.000000,-9999.000000,-9999.000000
2013-04-09 00:00:00,    0.000000,-9999.000000,-9999.000000
2013-04-10 00:00:00,    0.000000,-9999.000000,-9999.000000
2013-04-11 00:00:00,    0.000000,-9999.000000,-9999.000000
2013-04-12 00:00:00,    0.000000,-9999.000000,-9999.000000
2013-04-13 00:00:00,    0.000000,-9999.000000,-9999.000000
2013-04-14 00:00:00,    0.000000,-9999.000000,-9999.000000
2013-04-15 00:00:00,    0.000000,-9999.000000,-9999.000000
2013-04-16 00:00:00,    0.000000,-9999.000000,-9999.000000
2013-04-17 00:00:00,    0.000000,-9999.000000,-9999.000000
2013-04-18 00:00:00,    0.000000,-9999.000000,-9999.000000
2013-04-19 00:00:00,    0.000000,-9999.000000,-9999.000000
2013-04-20 00:00:00,    0.000000,-9999.000000,-9999.000000
2013-04-21 00:00:00,    0.000000,-9999.000000,-9999.000000
2013-04-22 00:00:00,    0.000000,-9999.000000,-9999.000000
2013-04-23 00:00:00,    0.000000,-9999.000000,-9999.000000
2013-04-24 00:00:00,    0.000000,-9999.000000,-9999.000000
2013-04-25 00:00:00,    0.000000,-9999.000000,-9999.000000
2013-04-26 00:00:00,    0.000000,-9999.000000,-9999.000000
2013-04-27 00:00:00,    0.000000,-9999.000000,-9999.000000
2013-04-28 00:00:00,    0.000000,-9999.000000,-9999.000000
2013-04-29 00:00:00,    0.000000,-9999.000000,-9999.000000
2013-04-30 00:00:00,    0.000000,-9999.000000,-9999.000000
2013-05-01 00:00:00,    0.000000,-9999.000000,-9999.000000
2013-05-02 00:00:00,    0.000000,-9999.000000,-9999.000000
2013-05-03 00:00:00,    0.000000,-9999.000000,-9999.000000
2013-05-04 00:00:00,    0.000000,-9999.000000,-9999.000000
2013-05-05 00:00:00,    0.000000,-9999.000000,-9999.000000
2013-05-06 00:00:00,    0.000000,-9999.000000,-9999.000000
2013-05-07 00:00:00,    0.000000,-9999.000000,-9999.000000
2013-05-08 00:00:00,    0.000000,-9999.000000,-9999.000000
2013-05-09 00:00:00,    0.000000,-9999.000000,-9999.000000
2013-05-10 00:00:00,    0.000000,-9999.000000,-9999.000000
2013-05-11 00:00:00,    0.000000,-9999.000000,-9999.000000
2013-05-12 00:00:00,    0.000000,-9999.000000,-9999.000000
2013-05-13 00:00:00,    0.000000,-9999.000000,-9999.000000
2013-05-14 00:00:00,    0.000000,-9999.000000,-9999.000000
2013-05-15 00:00:00,    0.000000,-9999.000000,-9999.000000
2013-05-16 00:00:00,    0.000000,-9999.000000,-9999.000000
2013-05-17 00:00:00,    0.000000,-9999.000000,-9999.000000
2013-05-18 00:00:00,    0.000000,-9999.000000,-9999.000000
2013-05-19 00:00:00,    0.000000,-9999.000000,-9999.000000
2013-05-20 00:00:00,    0.000000,-9999.000000,-9999.000000
2013-05-21 00:00:00,    0.000000,-9999.000000,-9999.000000
2013-05-22 00:00:00,    0.000000,-9999.000000,-9999.000000
2013-05-23 00:00:00,    0.000000,-9999.000000,-9999.000000
2013-05-24 00:00:00,    0.000000,-9999.000000,-9999.000000
2013-05-25 00:00:00,    0.000000,-9999.000000,-9999.000000
2013-05-26 00:00:00,    0.000000,-9999.000000,-9999.000000
2013-05-27 00:00:00,    0.000000,-9999.000000,-9999.000000
2013-05-28 00:00:00,    0.000000,-9999.000000,-9999.000000
2013-05-29 00:00:00,    0.000000,-9999.000000,-9999.000000
2013-05-30 00:00:00,    0.000000,-9999.000000,-9999.000000
2013-05-31 00:00:00,    0.000000,-9999.000000,-9999.000000
2013-06-01 00:00:00,    0.000000,-9999.000000,-9999.000000
2013-06-02 00:00:00,    0.000000,-9999.000000,-9999.000000
2013-06-03 00:00:00,    0.000000,-9999.000000,-9999.000000
2013-06-04 00:00:00,    0.000000,-9999.000000,-9999.000000
2013-06-05 00:00:00,    0.000000,-9999.000000,-9999.000000
2013-06-06 00:00:00,    0.000000,-9999.000000,-9999.000000
2013-06-07 00:00:00,    0.000000,-9999.000000,-9999.000000
2013-06-08 00:00:00,    0.000000,-9999.000000,-9999.000000
2013-06-09 00:00:00,    0.000000,-9999.000000,-9999.000000
2013-06-10 00:00:00,    0.000000,-9999.000000,-9999.000000
2013-06-11 00:00:00,    0.000000,-9999.000000,-9999.000000
2013-06-12 00:00:00,    0.000000,-9999.000000,-9999.000000
2013-06-13 00:00:00,    0.000000,-9999.000000,-9999.000000
2013-06-14 00:00:00,    0.000000,-9999.000000,-9999.000000
2013-06-15 00:00:00,    0.000000,-9999.000000,-9999.000000
2013-06-16 00:00:00,    0.000000,-9999.000000,-9999.000000
2013-06-17 00:00:00,    0.000000,-9999.000000,-9999.000000
2013-06-18 00:00:00,    0.000000,-9999.000000,-9999.000000
2013-06-19 00:00:00,    0.000000,-9999.000000,-9999.000000
2013-06-20 00:00:00,    0.000000,-9999.000000,-9999.000000
2013-06-21 00:00:00,    0.000000,-9999.000000,-9999.000000
2013-06-22 00:00:00,    0.000000,-9999.000000,-9999.000000
2013-06-23 00:00:00,    0.000000,-9999.000000,-9999.000000
2013-06-24 00:00:00,    0.000000,-9999.000000,-9999.000000
2013-06-25 00:00:00,    0.000000,-9999.000000,-9999.000000
2013-06-26 00:00:00,    0.000000,-9999.000000,-9999.000000
2013-06-27 00:00:00,    0.000000,-9999.000000,-9999.000000
2013-06-28 00:00:00,    0.000000,-9999.000000,-9999.000000
2013-06-29 00:00:00,    0.000000,-9999.000000,-9999.000000
2013-06-30 00:00:00,    0.000000,-9999.000000,-9999.000000
2013-07-01 00:00:00,    0.000000,-9999.000000,-9999.000000
2013-07-02 00:00:00,    0.000000,-9999.000000,-9999.000000
2013-07-03 00:00:00,    0.000000,-9999.000000,-9999.000000
2013-07-04 00:00:00,    0.000000,-9999.000000,-9999.000000
2013-07-05 00:00:00,    0.000000,-9999.000000,-9999.000000
2013-07-06 00:00:00,    0.000000,-9999.000000,-9999.000000
2013-07-07 00:00:00,    0.000000,-9999.000000,-9999.000000
2013-07-08 00:00:00,    0.000000,-9999.000000,-9999.000000
2013-07-09 00:00:00,    0.000000,-9999.000000,-9999.000000
2013-07-10 00:00:00,    0.000000,-9999.000000,-9999.000000
2013-07-11 00:00:00,    0.000000,-9999.000000,-9999.000000
2013-07-12 00:00:00,    0.000000,-9999.000000,-9999.000000
2013-07-13 00:00:00,    0.000000,-9999.000000,-9999.000000
2013-07-14 00:00:00,    0.000000,-9999.000000,-9999.000000
2013-07-15 00:00:00,    0.000000,-9999.000000,-9999.000000
2013-07-16 00:00:00,    0.000000,-9999.000000,-9999.000000
2013-07-17 00:00:00,    0.000000,-9999.000000,-9999.000000
2013-07-18 00:00:00,    0.000000,-9999.000000,-9999.000000
2013-07-19 00:00:00,    0.000000,-9999.000000,-9999.000000
2013-07-20 00:00:00,    0.000000,-9999.000000,-9999.000000
2013-07-21 00:00:00,    0.000000,-9999.000000,-9999.000000
2013-07-22 00:00:00,    0.000000,-9999.000000,-9999.000000
2013-07-23 00:00:00,    0.000000,-9999.000000,-9999.000000
2013-07-24 00:00:00,    0.000000,-9999.000000,-9999.000000
2013-07-25 00:00:00,    0.000000,-9999.000000,-9999.000000
2013-07-26 00:00:00,    0.000000,-9999.000000,-9999.000000
2013-07-27 00:00:00,    0.000000,-9999.000000,-9999.000000
2013-07-28 00:00:00,    0.000000,-9999.000000,-9999.000000
2013-07-29 00:00:00,    0.000000,-9999.000000,-9999.000000
2013-07-30 00:00:00,    0.000000,-9999.000000,-9999.000000
2013-07-31 00:00:00,    0.000000,-9999.000000,-9999.000000
2013-08-01 00:00:00,    0.000000,-9999.000000,-9999.000000
2013-08-02 00:00:00,    0.000000,-9999.000000,-9999.000000
2013-08-03 00:00:00,    0.000000,-9999.000000,-9999.000000
2013-08-04 00:00:00,    0.000000,-9999.000000,-9999.000000
2013-08-05 00:00:00,    0.000000,-9999.000000,-9999.000000
2013-08-06 00:00:00,    0.000000,-9999.000000,-9999.000000
2013-08-07 00:00:00,   20.803402,   14.498603,    0.692563
2013-08-08 00:00:00,   18.494823,   14.466643,    0.690463
2013-08-09 00:00:00,   18.276914,   14.498487,    0.692492
2013-08-10 00:00:00,   57.623461,   14.498321,    0.692490
2013-08-11 00:00:00,   81.337380,   14.498965,    0.692491
2013-08-12 00:00:00,   75.242340,   14.499640,    0.692499
2013-08-13 00:00:00,  122.911789,   14.500480,    0.692523
2013-08-14 00:00:00,  116.919376,   14.501263,    0.692561
2013-08-15 00:00:00,  166.434586,   14.501966,    0.692581
2013-08-16 00:00:00,  187.944917,   14.503918,    0.692655
2013-08-17 00:00:00,  181.171034,   14.504843,    0.692722
2013-08-18 00:00:00,  177.979137,   14.505954,    0.692804
2013-08-19 00:00:00,  175.283899,   14.507857,    0.692891
2013-08-20 00:00:00,  174.508598,   14.509768,    0.692984
2013-08-21 00:00:00,  176.456377,   14.511871,    0.693092
2013-08-22 00:00:00,  172.591153,   14.549091,    0.695446
2013-08-23 00:00:00,  168.525285,   14.551296,    0.695585
2013-08-24 00:00:00,  164.056479,   14.553687,    0.695740
2013-08-25 00:00:00,  232.673467,   14.556959,    0.695900
2013-08-26 00:00:00,  290.676669,   14.560160,    0.696065
2013-08-27 00:00:00,  381.096343,   14.562629,    0.696248
2013-08-28 00:00:00,  456.216025,   14.566005,    0.696435
2013-08-29 00:00:00,  467.753674,   14.569441,    0.696630
2013-08-30 00:00:00,  473.552008,   14.572175,    0.696863
2013-08-31 00:00:00,  485.093282,   14.575940,    0.697109
2013-09-01 00:00:00,  476.074702,   14.579505,    0.697322
2013-09-02 00:00:00,  470.545199,   14.583074,    0.697537
2013-09-03 00:00:00,  485.823037,   14.628100,    0.700376
2013-09-04 00:00:00,  462.413325,   14.632265,    0.700679
2013-09-05 00:00:00,  448.254141,   14.636482,    0.700985
2013-09-06 00:00:00,  434.740470,   14.641910,    0.701327
2013-09-07 00:00:00,  426.197750,   14.647311,    0.701670
2013-09-08 00:00:00,  419.491471,   14.652860,    0.702028
2013-09-09 00:00:00,  409.435969,   14.658441,    0.702392
2013-09-10 00:00:00,  399.305977,   14.664065,    0.702759
2013-09-11 00:00:00,  580.107758,   14.717048,    0.706191
2013-09-12 00:00:00,  567.495979,   14.724235,    0.706628
2013-09-13 00:00:00,  575.256597,   14.731413,    0.707070
2013-09-14 00:00:00,  862.115602,   14.737734,    0.707527
2013-09-15 00:00:00,  832.642780,   14.745514,    0.708031
2013-09-16 00:00:00,  979.635309,   14.500991,    0.692339
2013-09-17 00:00:00,  950.562408,   14.508279,    0.692806
2013-09-18 00:00:00,  971.154938,   14.515687,    0.693269
2013-09-19 00:00:00,  942.747778,   14.523633,    0.693801
2013-09-20 00:00:00,  936.964191,   14.531562,    0.694324
2013-09-21 00:00:00,  915.008197,   14.539690,    0.694849
2013-09-22 00:00:00, 1037.004820,   14.774079,    0.709990
2013-09-23 00:00:00, 1036.089400,   14.784454,    0.710653
2013-09-24 00:00:00, 1049.553622,   14.793800,    0.711312
2013-09-25 00:00:00, 1008.529789,   14.803162,    0.711970
2013-09-26 00:00:00, 1005.208826,   14.813779,    0.712640
2013-09-27 00:00:00,  978.526376,   14.824454,    0.713311
2013-09-28 00:00:00,  945.529704,   14.835211,    0.713984
2013-09-29 00:00:00, 1192.963024,   14.910223,    0.718919
2013-09-30 00:00:00, 1240.783897,   14.923076,    0.719723
2013-10-01 00:00:00, 1208.886666,   14.937435,    0.720629
2013-10-02 00:00:00, 1177.303174,   14.950688,    0.721534
2013-10-03 00:00:00, 1143.603898,   14.962640,    0.722344
2013-10-04 00:00:00, 1115.630821,   14.975741,    0.723156
2013-10-05 00:00:00, 1155.416800,   14.988877,    0.723969
2013-10-06 00:00:00, 1112.376253,   15.000933,    0.724785
2013-10-07 00:00:00, 1073.670194,   15.014164,    0.725605
2013-10-08 00:00:00, 1053.178182,   15.027444,    0.726429
2013-10-09 00:00:00, 1135.462793,   15.040983,    0.727270
2013-10-10 00:00:00, 1098.302847,   15.056600,    0.728274
2013-10-11 00:00:00, 1048.877653,   15.070884,    0.729249
2013-10-12 00:00:00, 1000.337143,   15.085050,    0.730209
2013-10-13 00:00:00,  961.589097,   15.100305,    0.731162
2013-10-14 00:00:00,  927.600374,   15.114623,    0.732123
2013-10-15 00:00:00,  902.075940,   15.128937,    0.733083
2013-10-16 00:00:00,  878.960566,   15.144388,    0.734043
2013-10-17 00:00:00,  855.009344,   15.159867,    0.735005
2013-10-18 00:00:00,  827.287136,   15.175382,    0.735969
2013-10-19 00:00:00,  927.991728,   15.190927,    0.736936
2013-10-20 00:00:00, 1049.576069,   15.205566,    0.737920
2013-10-21 00:00:00, 1012.802520,   15.220237,    0.738908
2013-10-22 00:00:00,  973.045536,   15.236094,    0.739901
2013-10-23 00:00:00,  920.598837,   15.251994,    0.740898
2013-10-24 00:00:00,  868.052769,   15.269089,    0.741898
2013-10-25 00:00:00,  845.558494,   15.286453,    0.742918
2013-10-26 00:00:00,  819.015682,   15.302502,    0.743928
2013-10-27 00:00:00,  789.881938,   15.318593,    0.744943
2013-10-28 00:00:00,  753.961580,   15.334941,    0.745978
2013-10-29 00:00:00,  719.252943,   15.351331,    0.747017
2013-10-30 00:00:00,  691.410250,   15.367763,    0.748061
2013-10-31 00:00:00,  661.218124,   15.385400,    0.749110
2013-11-01 00:00:00,  619.412558,   15.399883,    0.749946
2013-11-02 00:00:00,  578.507816,   15.413223,    0.750784
2013-11-03 00:00:00,  541.948370,   15.430929,    0.751840
2013-11-04 00:00:00,  513.776700,   15.448690,    0.752902
2013-11-05 00:00:00,  478.704565,   15.550183,    0.759818
2013-11-06 00:00:00,  450.644743,   15.567536,    0.760944
2013-11-07 00:00:00,  424.287479,   15.586217,    0.762075
2013-11-08 00:00:00,  392.547025,   15.604730,    0.763197
2013-11-09 00:00:00,  367.383056,   15.623525,    0.764340
2013-11-10 00:00:00,  340.084192,   15.642370,    0.765490
2013-11-11 00:00:00,  317.626621,   15.659973,    0.766644
2013-11-12 00:00:00,  278.659984,   15.678899,    0.767802
2013-11-13 00:00:00,  243.887771,   15.697874,    0.768966
2013-11-14 00:00:00,  217.519244,   15.715597,    0.770135
2013-11-15 00:00:00,  187.698524,   15.734648,    0.771306
2013-11-16 00:00:00,  168.476077,   15.753744,    0.772482
2013-11-17 00:00:00,  157.932032,   15.772883,    0.773661
2013-11-18 00:00:00,  128.263892,   15.792060,    0.774845
2013-11-19 00:00:00,  100.959201,   15.811278,    0.776032
2013-11-20 00:00:00,   77.823757,   15.830775,    0.777239
2013-11-21 00:00:00,   62.381178,   15.850077,    0.778432
2013-11-22 00:00:00,   52.608613,   15.869415,    0.779627
2013-11-23 00:00:00,   44.310453,   15.887475,    0.780825
2013-11-24 00:00:00,   31.909332,   15.906875,    0.782025
2013-11-25 00:00:00,   21.334017,   15.926538,    0.783243
2013-11-26 00:00:00,   12.157034,   15.946012,    0.784448
2013-11-27 00:00:00,    5.017426,   15.965522,    0.785654
2013-11-28 00:00:00,    0.323261,   15.985068,    0.786861
2013-11-29 00:00:00,    0.000000,-9999.000000,-9999.000000
2013-11-30 00:00:00,    0.000000,-9999.000000,-9999.000000
2013-12-01 00:00:00,    0.000000,-9999.000000,-9999.000000
2013-12-02 00:00:00,    0.000000,-9999.000000,-9999.000000
2013-12-03 00:00:00,    0.000000,-9999.000000,-9999.000000
2013-12-04 00:00:00,    0.000000,-9999.000000,-9999.000000
2013-12-05 00:00:00,    0.000000,-9999.000000,-9999.000000
2013-12-06 00:00:00,    0.000000,-9999.000000,-9999.000000
2013-12-07 00:00:00,    0.000000,-9999.000000,-9999.000000
2013-12-08 00:00:00,    0.000000,-9999.000000,-9999.000000
2013-12-09 00:00:00,    0.000000,-9999.000000,-9999.000000
2013-12-10 00:00:00,    0.000000,-9999.000000,-9999.000000
2013-12-11 00:00:00,    0.000000,-9999.000000,-9999.000000
2013-12-12 00:00:00,    0.000000,-9999.000000,-9999.000000
2013-12-13 00:00:00,    0.000000,-9999.000000,-9999.000000
2013-12-14 00:00:00,    0.000000,-9999.000000,-9999.000000
2013-12-15 00:00:00,    0.000000,-9999.000000,-9999.000000
2013-12-16 00:00:00,    0.000000,-9999.000000,-9999.000000
2013-12-17 00:00:00,    0.000000,-9999.000000,-9999.000000
2013-12-18 00:00:00,    0.000000,-9999.000000,-9999.000000
2013-12-19 00:00:00,    0.000000,-9999.000000,-9999.000000
2013-12-20 00:00:00,    0.000000,-9999.000000,-9999.000000
2013-12-21 00:00:00,    0.000000,-9999.000000,-9999.000000
2013-12-22 00:00:00,    0.000000,-9999.000000,-9999.000000
2013-12-23 00:00:00,    0.000000,-9999.000000,-9999.000000
2013-12-24 00:00:00,    0.000000,-9999.000000,-9999.000000
2013-12-25 00:00:00,    0.000000,-9999.000000,-9999.000000
2013-12-26 00:00:00,    0.000000,-9999.000000,-9999.000000
2013-12-27 00:00:00,    0.000000,-9999.000000,-9999.000000
2013-12-28 00:00:00,    0.000000,-9999.000000,-9999.000000
2013-12-29 00:00:00,    0.000000,-9999.000000,-9999.000000
2013-12-30 00:00:00,    0.000000,-9999.000000,-9999.000000
2013-12-31 00:00:00,    0.000000,-9999.000000,-9999.000000
2014-01-01 00:00:00,    0.000000,-9999.000000,-9999.000000
2014-01-02 00:00:00,    0.000000,-9999.000000,-9999.000000
2014-01-03 00:00:00,    0.000000,-9999.000000,-9999.000000
2014-01-04 00:00:00,    0.000000,-9999.000000,-9999.000000
2014-01-05 00:00:00,    0.000000,-9999.000000,-9999.000000
2014-01-06 00:00:00,    0.000000,-9999.000000,-9999.000000
2014-01-07 00:00:00,    0.000000,-9999.000000,-9999.000000
2014-01-08 00:00:00,    0.000000,-9999.000000,-9999.000000
2014-01-09 00:00:00,    0.000000,-9999.000000,-9999.000000
2014-01-10 00:00:00,    0.000000,-9999.000000,-9999.000000
2014-01-11 00:00:00,    0.000000,-9999.000000,-9999.000000
2014-01-12 00:00:00,    0.000000,-9999.000000,-9999.000000
2014-01-13 00:00:00,    0.000000,-9999.000000,-9999.000000
2014-01-14 00:00:00,    0.000000,-9999.000000,-9999.000000
2014-01-15 00:00:00,    0.000000,-9999.000000,-9999.000000
2014-01-16 00:00:00,    0.000000,-9999.000000,-9999.000000
2014-01-17 00:00:00,    0.000000,-9999.000000,-9999.000000
2014-01-18 00:00:00,    0.000000,-9999.000000,-9999.000000
2014-01-19 00:00:00,    0.000000,-9999.000000,-9999.000000
2014-01-20 00:00:00,    0.000000,-9999.000000,-9999.000000
2014-01-21 00:00:00,    0.000000,-9999.000000,-9999.000000
2014-01-22 00:00:00,    0.000000,-9999.000000,-9999.000000
2014-01-23 00:00:00,    0.000000,-9999.000000,-9999.000000
2014-01-24 00:00:00,    0.000000,-9999.000000,-9999.000000
2014-01-25 00:00:00,    0.000000,-9999.000000,-9999.000000
2014-01-26 00:00:00,    0.000000,-9999.000000,-9999.000000
2014-01-27 00:00:00,    0.000000,-9999.000000,-9999.000000
2014-01-28 00:00:00,    0.000000,-9999.000000,-9999.000000
2014-01-29 00:00:00,    0.000000,-9999.000000,-9999.000000
2014-01-30 00:00:00,    0.000000,-9999.000000,-9999.000000
2014-01-31 00:00:00,    0.000000,-9999.000000,-9999.000000
2014-02-01 00:00:00,    0.000000,-9999.000000,-9999.000000
2014-02-02 00:00:00,    0.000000,-9999.000000,-9999.000000
2014-02-03 00:00:00,    0.000000,-9999.000000,-9999.000000
2014-02-04 00:00:00,    0.000000,-9999.000000,-9999.000000
2014-02-05 00:00:00,    0.000000,-9999.000000,-9999.000000
2014-02-06 00:00:00,    0.000000,-9999.000000,-9999.000000
2014-02-07 00:00:00,    0.000000,-9999.000000,-9999.000000
2014-02-08 00:00:00,    0.000000,-9999.000000,-9999.000000
2014-02-09 00:00:00,    0.000000,-9999.000000,-9999.000000
2014-02-10 00:00:00,    0.000000,-9999.000000,-9999.000000
2014-02-11 00:00:00,    0.000000,-9999.000000,-9999.000000
2014-02-12 00:00:00,    0.000000,-9999.000000,-9999.000000
2014-02-13 00:00:00,    0.000000,-9999.000000,-9999.000000
2014-02-14 00:00:00,    0.000000,-9999.000000,-9999.000000
2014-02-15 00:00:00,    0.000000,-9999.000000,-9999.000000
2014-02-16 00:00:00,    0.000000,-9999.000000,-9999.000000
2014-02-17 00:00:00,    0.000000,-9999.000000,-9999.000000
2014-02-18 00:00:00,    0.000000,-9999.000000,-9999.000000
2014-02-19 00:00:00,    0.000000,-9999.000000,-9999.000000
2014-02-20 00:00:00,    0.000000,-9999.000000,-9999.000000
2014-02-21 00:00:00,    0.000000,-9999.000000,-9999.000000
2014-02-22 00:00:00,    0.000000,-9999.000000,-9999.000000
2014-02-23 00:00:00,    0.000000,-9999.000000,-9999.000000
2014-02-24 00:00:00,    0.000000,-9999.000000,-9999.000000
2014-02-25 00:00:00,    0.000000,-9999.000000,-9999.000000
2014-02-26 00:00:00,    0.000000,-9999.000000,-9999.000000
2014-02-27 00:00:00,    0.000000,-9999.000000,-9999.000000
2014-02-28 00:00:00,    0.000000,-9999.000000,-9999.000000
2014-03-01 00:00:00,    0.000000,-9999.000000,-9999.000000
2014-03-02 00:00:00,    0.000000,-9999.000000,-9999.000000
2014-03-03 00:00:00,    0.000000,-9999.000000,-9999.000000
2014-03-04 00:00:00,    0.000000,-9999.000000,-9999.000000
2014-03-05 00:00:00,    0.000000,-9999.000000,-9999.000000
2014-03-06 00:00:00,    0.000000,-9999.000000,-9999.000000
2014-03-07 00:00:00,    0.000000,-9999.000000,-9999.000000
2014-03-08 00:00:00,    0.000000,-9999.000000,-9999.000000
2014-03-09 00:00:00,    0.000000,-9999.000000,-9999.000000
2014-03-10 00:00:00,    0.000000,-9999.000000,-9999.000000
2014-03-11 00:00:00,    0.000000,-9999.000000,-9999.000000
2014-03-12 00:00:00,    0.000000,-9999.000000,-9999.000000
2014-03-13 00:00:00,    0.000000,-9999.000000,-9999.000000
2014-03-14 00:00:00,    0.000000,-9999.000000,-9999.000000
2014-03-15 00:00:00,    0.000000,-9999.000000,-9999.000000
2014-03-16 00:00:00,    0.000000,-9999.000000,-9999.000000
2014-03-17 00:00:00,    0.000000,-9999.000000,-9999.000000
2014-03-18 00:00:00,    0.000000,-9999.000000,-9999.000000
2014-03-19 00:00:00,    0.000000,-9999.000000,-9999.000000
2014-03-20 00:00:00,    0.000000,-9999.000000,-9999.000000
2014-03-21 00:00:00,    0.000000,-9999.000000,-9999.000000
2014-03-22 00:00:00,    0.000000,-9999.000000,-9999.000000
2014-03-23 00:00:00,    0.000000,-9999.000000,-9999.000000
2014-03-24 00:00:00,    0.000000,-9999.000000,-9999.000000
2014-03-25 00:00:00,    0.000000,-9999.000000,-9999.000000
2014-03-26 00:00:00,    0.000000,-9999.000000,-9999.000000
2014-03-27 00:00:00,    0.000000,-9999.000000,-9999.000000
2014-03-28 00:00:00,    0.000000,-9999.000000,-9999.000000
2014-03-29 00:00:00,    0.000000,-9999.000000,-9999.000000
2014-03-30 00:00:00,    0.000000,-9999.000000,-9999.000000
2014-03-31 00:00:00,    0.000000,-9999.000000,-9999.000000
2014-04-01 00:00:00,    0.000000,-9999.000000,-9999.000000
2014-04-02 00:00:00,    0.000000,-9999.000000,-9999.000000
2014-04-03 00:00:00,    0.000000,-9999.000000,-9999.000000
2014-04-04 00:00:00,    0.000000,-9999.000000,-9999.000000
2014-04-05 00:00:00,    0.000000,-9999.000000,-9999.000000
2014-04-06 00:00:00,    0.000000,-9999.000000,-9999.000000
2014-04-07 00:00:00,    0.000000,-9999.000000,-9999.000000
2014-04-08 00:00:00,    0.000000,-9999.000000,-9999.000000
2014-04-09 00:00:00,    0.000000,-9999.000000,-9999.000000
2014-04-10 00:00:00,    0.000000,-9999.000000,-9999.000000
2014-04-11 00:00:00,    0.000000,-9999.000000,-9999.000000
2014-04-12 00:00:00,    0.000000,-9999.000000,-9999.000000
2014-04-13 00:00:00,    0.000000,-9999.000000,-9999.000000
2014-04-14 00:00:00,    0.000000,-9999.000000,-9999.000000
2014-04-15 00:00:00,    0.000000,-9999.000000,-9999.000000
2014-04-16 00:00:00,    0.000000,-9999.000000,-9999.000000
2014-04-17 00:00:00,    0.000000,-9999.000000,-9999.000000
2014-04-18 00:00:00,    0.000000,-9999.000000,-9999.000000
2014-04-19 00:00:00,    0.000000,-9999.000000,-9999.000000
2014-04-20 00:00:00,    0.000000,-9999.000000,-9999.000000
2014-04-21 00:00:00,    0.000000,-9999.000000,-9999.000000
2014-04-22 00:00:00,    0.000000,-9999.000000,-9999.000000
2014-04-23 00:00:00,    0.000000,-9999.000000,-9999.000000
2014-04-24 00:00:00,    0.000000,-9999.000000,-9999.000000
2014-04-25 00:00:00,    0.000000,-9999.000000,-9999.000000
2014-04-26 00:00:00,    0.000000,-9999.000000,-9999.000000
2014-04-27 00:00:00,    0.000000,-9999.000000,-9999.000000
2014-04-28 00:00:00,    0.000000,-9999.000000,-9999.000000
2014-04-29 00:00:00,    0.000000,-9999.000000,-9999.000000
2014-04-30 00:00:00,    0.000000,-9999.000000,-9999.000000
2014-05-01 00:00:00,    0.000000,-9999.000000,-9999.000000
2014-05-02 00:00:00,    0.000000,-9999.000000,-9999.000000
2014-05-03 00:00:00,    0.000000,-9999.000000,-9999.000000
2014-05-04 00:00:00,    0.000000,-9999.000000,-9999.000000
2014-05-05 00:00:00,    0.000000,-9999.000000,-9999.000000
2014-05-06 00:00:00,    0.000000,-9999.000000,-9999.000000
2014-05-07 00:00:00,    0.000000,-9999.000000,-9999.000000
2014-05-08 00:00:00,    0.000000,-9999.000000,-9999.000000
2014-05-09 00:00:00,    0.000000,-9999.000000,-9999.000000
2014-05-10 00:00:00,    0.000000,-9999.000000,-9999.000000
2014-05-11 00:00:00,    0.000000,-9999.000000,-9999.000000
2014-05-12 00:00:00,    0.000000,-9999.000000,-9999.000000
2014-05-13 00:00:00,    0.000000,-9999.000000,-9999.000000
2014-05-14 00:00:00,    0.000000,-9999.000000,-9999.000000
2014-05-15 00:00:00,    0.000000,-9999.000000,-9999.000000
2014-05-16 00:00:00,    0.000000,-9999.000000,-9999.000000
2014-05-17 00:00:00,    0.000000,-9999.000000,-9999.000000
2014-05-18 00:00:00,    0.000000,-9999.000000,-9999.000000
2014-05-19 00:00:00,    0.000000,-9999.000000,-9999.000000
2014-05-20 00:00:00,    0.000000,-9999.000000,-9999.000000
2014-05-21 00:00:00,    0.000000,-9999.000000,-9999.000000
2014-05-22 00:00:00,    0.000000,-9999.000000,-9999.000000
2014-05-23 00:00:00,    0.000000,-9999.000000,-9999.000000
2014-05-24 00:00:00,    0.000000,-9999.000000,-9999.000000
2014-05-25 00:00:00,    0.000000,-9999.000000,-9999.000000
2014-05-26 00:00:00,    0.000000,-9999.000000,-9999.000000
2014-05-27 00:00:00,    0.000000,-9999.000000,-9999.000000
2014-05-28 00:00:00,    0.000000,-9999.000000,-9999.000000
2014-05-29 00:00:00,    0.000000,-9999.000000,-9999.000000
2014-05-30 00:00:00,    0.000000,-9999.000000,-9999.000000
2014-05-31 00:00:00,    0.000000,-9999.000000,-9999.000000
2014-06-01 00:00:00,    0.000000,-9999.000000,-9999.000000
2014-06-02 00:00:00,    0.000000,-9999.000000,-9999.000000
2014-06-03 00:00:00,    0.000000,-9999.000000,-9999.000000
2014-06-04 00:00:00,    0.000000,-9999.000000,-9999.000000
2014-06-05 00:00:00,    0.000000,-9999.000000,-9999.000000
2014-06-06 00:00:00,    0.000000,-9999.000000,-9999.000000
2014-06-07 00:00:00,    0.000000,-9999.000000,-9999.000000
2014-06-08 00:00:00,    0.000000,-9999.000000,-9999.000000
2014-06-09 00:00:00,    0.000000,-9999.000000,-9999.000000
2014-06-10 00:00:00,    0.000000,-9999.000000,-9999.000000
2014-06-11 00:00:00,    0.000000,-9999.000000,-9999.000000
2014-06-12 00:00:00,    0.000000,-9999.000000,-9999.000000
2014-06-13 00:00:00,    0.000000,-9999.000000,-9999.000000
2014-06-14 00:00:00,    0.000000,-9999.000000,-9999.000000
2014-06-15 00:00:00,    0.000000,-9999.000000,-9999.000000
2014-06-16 00:00:00,    0.000000,-9999.000000,-9999.000000
2014-06-17 00:00:00,    0.000000,-9999.000000,-9999.000000
2014-06-18 00:00:00,    0.000000,-9999.000000,-9999.000000
2014-06-19 00:00:00,    0.000000,-9999.000000,-9999.000000
2014-06-20 00:00:00,    0.000000,-9999.000000,-9999.000000
2014-06-21 00:00:00,    0.000000,-9999.000000,-9999.000000
2014-06-22 00:00:00,    0.000000,-9999.000000,-9999.000000
2014-06-23 00:00:00,    0.000000,-9999.000000,-9999.000000
2014-06-24 00:00:00,    0.000000,-9999.000000,-9999.000000
2014-06-25 00:00:00,    0.000000,-9999.000000,-9999.000000
2014-06-26 00:00:00,    0.000000,-9999.000000,-9999.000000
2014-06-27 00:00:00,    0.000000,-9999.000000,-9999.000000
2014-06-28 00:00:00,    0.000000,-9999.000000,-9999.000000
2014-06-29 00:00:00,    0.000000,-9999.000000,-9999.000000
2014-06-30 00:00:00,    0.000000,-9999.000000,-9999.000000
2014-07-01 00:00:00,    0.000000,-9999.000000,-9999.000000
2014-07-02 00:00:00,    0.000000,-9999.000000,-9999.000000
2014-07-03 00:00:00,    0.000000,-9999.000000,-9999.000000
2014-07-04 00:00:00,    0.000000,-9999.000000,-9999.000000
2014-07-05 00:00:00,    0.000000,-9999.000000,-9999.000000
2014-07-06 00:00:00,    0.000000,-9999.000000,-9999.000000
2014-07-07 00:00:00,    0.000000,-9999.000000,-9999.000000
2014-07-08 00:00:00,    0.000000,-9999.000000,-9999.000000
2014-07-09 00:00:00,    0.000000,-9999.000000,-9999.000000
2014-07-10 00:00:00,    0.000000,-9999.000000,-9999.000000
2014-07-11 00:00:00,    0.000000,-9999.000000,-9999.000000
2014-07-12 00:00:00,    0.000000,-9999.000000,-9999.000000
2014-07-13 00:00:00,    0.000000,-9999.000000,-9999.000000
2014-07-14 00:00:00,    0.000000,-9999.000000,-9999.000000
2014-07-15 00:00:00,    0.000000,-9999.000000,-9999.000000
2014-07-16 00:00:00,    0.000000,-9999.000000,-9999.000000
2014-07-17 00:00:00,    0.000000,-9999.000000,-9999.000000
2014-07-18 00:00:00,    0.000000,-9999.000000,-9999.000000
2014-07-19 00:00:00,    0.000000,-9999.000000,-9999.000000
2014-07-20 00:00:00,    0.000000,-9999.000000,-9999.000000
2014-07-21 00:00:00,    0.000000,-9999.000000,-9999.000000
2014-07-22 00:00:00,    0.000000,-9999.000000,-9999.000000
2014-07-23 00:00:00,    0.000000,-9999.000000,-9999.000000
2014-07-24 00:00:00,    0.000000,-9999.000000,-9999.000000
2014-07-25 00:00:00,    0.000000,-9999.000000,-9999.000000
2014-07-26 00:00:00,    0.000000,-9999.000000,-9999.000000
2014-07-27 00:00:00,    0.000000,-9999.000000,-9999.000000
2014-07-28 00:00:00,    0.000000,-9999.000000,-9999.000000
2014-07-29 00:00:00,    0.000000,-9999.000000,-9999.000000
2014-07-30 00:00:00,    0.000000,-9999.000000,-9999.000000
2014-07-31 00:00:00,    0.000000,-9999.000000,-9999.000000
2014-08-01 00:00:00,    0.000000,-9999.000000,-9999.000000
2014-08-02 00:00:00,    0.000000,-9999.000000,-9999.000000
2014-08-03 00:00:00,    0.000000,-9999.000000,-9999.000000
2014-08-04 00:00:00,    0.000000,-9999.000000,-9999.000000
2014-08-05 00:00:00,    0.000000,-9999.000000,-9999.000000
2014-08-06 00:00:00,    0.000000,-9999.000000,-9999.000000
2014-08-07 00:00:00,    0.000000,-9999.000000,-9999.000000
2014-08-08 00:00:00,    0.000000,-9999.000000,-9999.000000
2014-08-09 00:00:00,    0.000000,-9999.000000,-9999.000000
2014-08-10 00:00:00,    0.000000,-9999.000000,-9999.000000
2014-08-11 00:00:00,    0.000000,-9999.000000,-9999.000000
2014-08-12 00:00:00,    0.000000,-9999.000000,-9999.000000
2014-08-13 00:00:00,    0.000000,-9999.000000,-9999.000000
2014-08-14 00:00:00,    0.000000,-9999.000000,-9999.000000
2014-08-15 00:00:00,    0.000000,-9999.000000,-9999.000000
2014-08-16 00:00:00,    0.000000,-9999.000000,-9999.000000
2014-08-17 00:00:00,    0.000000,-9999.000000,-9999.000000
2014-08-18 00:00:00,    0.000000,-9999.000000,-9999.000000
2014-08-19 00:00:00,    0.000000,-9999.000000,-9999.000000
2014-08-20 00:00:00,    0.000000,-9999.000000,-9999.000000
2014-08-21 00:00:00,    0.000000,-9999.000000,-9999.000000
2014-08-22 00:00:00,    0.000000,-9999.000000,-9999.000000
2014-08-23 00:00:00,    0.000000,-9999.000000,-9999.000000
2014-08-24 00:00:00,    0.000000,-9999.000000,-9999.000000
2014-08-25 00:00:00,    0.000000,-9999.000000,-9999.000000
2014-08-26 00:00:00,    0.000000,-9999.000000,-9999.000000
2014-08-27 00:00:00,    0.000000,-9999.000000,-9999.000000
2014-08-28 00:00:00,    0.000000,-9999.000000,-9999.000000
2014-08-29 00:00:00,    0.000000,-9999.000000,-9999.000000
2014-08-30 00:00:00,    0.000000,-9999.000000,-9999.000000
2014-08-31 00:00:00,    0.000000,-9999.000000,-9999.000000
2014-09-01 00:00:00,    0.000000,-9999.000000,-9999.000000
2014-09-02 00:00:00,    0.000000,-9999.000000,-9999.000000
2014-09-03 00:00:00,    0.000000,-9999.000000,-9999.000000
2014-09-04 00:00:00,    0.000000,-9999.000000,-9999.000000
2014-09-05 00:00:00,    0.000000,-9999.000000,-9999.000000
2014-09-06 00:00:00,    0.000000,-9999.000000,-9999.000000
2014-09-07 00:00:00,    0.000000,-9999.000000,-9999.000000
2014-09-08 00:00:00,    0.000000,-9999.000000,-9999.000000
2014-09-09 00:00:00,    0.000000,-9999.000000,-9999.000000
2014-09-10 00:00:00,    0.000000,-9999.000000,-9999.000000
2014-09-11 00:00:00,    0.000000,-9999.000000,-9999.000000
2014-09-12 00:00:00,    0.000000,-9999.000000,-9999.000000
2014-09-13 00:00:00,    0.000000,-9999.000000,-9999.000000
2014-09-14 00:00:00,    0.000000,-9999.000000,-9999.000000
2014-09-15 00:00:00,    0.000000,-9999.000000,-9999.000000
2014-09-16 00:00:00,    0.000000,-9999.000000,-9999.000000
2014-09-17 00:00:00,    0.000000,-9999.000000,-9999.000000
2014-09-18 00:00:00,    0.000000,-9999.000000,-9999.000000
2014-09-19 00:00:00,    0.000000,-9999.000000,-9999.000000
2014-09-20 00:00:00,    0.000000,-9999.000000,-9999.000000
2014-09-21 00:00:00,    0.000000,-9999.000000,-9999.000000
2014-09-22 00:00:00,    0.000000,-9999.000000,-9999.000000
2014-09-23 00:00:00,    0.000000,-9999.000000,-9999.000000
2014-09-24 00:00:00,    0.000000,-9999.000000,-9999.000000
2014-09-25 00:00:00,    0.000000,-9999.000000,-9999.000000
2014-09-26 00:00:00,    0.000000,-9999.000000,-9999.000000
2014-09-27 00:00:00,    0.000000,-9999.000000,-9999.000000
2014-09-28 00:00:00,    0.000000,-9999.000000,-9999.000000
2014-09-29 00:00:00,    0.000000,-9999.000000,-9999.000000
2014-09-30 00:00:00,    0.000000,-9999.000000,-9999.000000
2014-10-01 00:00:00,    0.000000,-9999.000000,-9999.000000
2014-10-02 00:00:00,    0.000000,-9999.000000,-9999.000000
2014-10-03 00:00:00,    0.000000,-9999.000000,-9999.000000
2014-10-04 00:00:00,    0.000000,-9999.000000,-9999.000000
2014-10-05 00:00:00,    0.000000,-9999.000000,-9999.000000
2014-10-06 00:00:00,    0.000000,-9999.000000,-9999.000000
2014-10-07 00:00:00,    0.000000,-9999.000000,-9999.000000
2014-10-08 00:00:00,    0.000000,-9999.000000,-9999.000000
2014-10-09 00:00:00,    0.000000,-9999.000000,-9999.000000
2014-10-10 00:00:00,    0.000000,-9999.000000,-9999.000000
2014-10-11 00:00:00,    0.000000,-9999.000000,-9999.000000
2014-10-12 00:00:00,    0.000000,-9999.000000,-9999.000000
2014-10-13 00:00:00,    0.000000,-9999.000000,-9999.000000
2014-10-14 00:00:00,    0.000000,-9999.000000,-9999.000000
2014-10-15 00:00:00,    0.000000,-9999.000000,-9999.000000
2014-10-16 00:00:00,    0.000000,-9999.000000,-9999.000000
2014-10-17 00:00:00,    0.000000,-9999.000000,-9999.000000
2014-10-18 00:00:00,    0.000000,-9999.000000,-9999.000000
2014-10-19 00:00:00,    0.000000,-9999.000000,-9999.000000
2014-10-20 00:00:00,    0.000000,-9999.000000,-9999.000000
2014-10-21 00:00:00,    0.000000,-9999.000000,-9999.000000
2014-10-22 00:00:00,    0.000000,-9999.000000,-9999.000000
2014-10-23 00:00:00,    0.000000,-9999.000000,-9999.000000
2014-10-24 00:00:00,    0.000000,-9999.000000,-9999.000000
2014-10-25 00:00:00,    0.000000,-9999.000000,-9999.000000
2014-10-26 00:00:00,    0.000000,-9999.000000,-9999.000000
2014-10-27 00:00:00,    0.000000,-9999.000000,-9999.000000
2014-10-28 00:00:00,    0.000000,-9999.000000,-9999.000000
2014-10-29 00:00:00,    0.000000,-9999.000000,-9999.000000
2014-10-30 00:00:00,    0.000000,-9999.000000,-9999.000000
2014-10-31 00:00:00,    0.000000,-9999.000000,-9999.000000
2014-11-01 00:00:00,    0.000000,-9999.000000,-9999.000000
2014-11-02 00:00:00,    0.000000,-9999.000000,-9999.000000
2014-11-03 00:00:00,    0.000000,-9999.000000,-9999.000000
2014-11-04 00:00:00,    0.000000,-9999.000000,-9999.000000
2014-11-05 00:00:00,    0.000000,-9999.000000,-9999.000000
2014-11-06 00:00:00,    0.000000,-9999.000000,-9999.000000
2014-11-07 00:00:00,    0.000000,-9999.000000,-9999.000000
2014-11-08 00:00:00,    0.000000,-9999.000000,-9999.000000
2014-11-09 00:00:00,    0.000000,-9999.000000,-9999.000000
2014-11-10 00:00:00,    0.000000,-9999.000000,-9999.000000
2014-11-11 00:00:00,    0.000000,-9999.000000,-9999.000000
2014-11-12 00:00:00,    0.000000,-9999.000000,-9999.000000
2014-11-13 00:00:00,    0.000000,-9999.000000,-9999.000000
2014-11-14 00:00:00,    0.000000,-9999.000000,-9999.000000
2014-11-15 00:00:00,    0.000000,-9999.000000,-9999.000000
2014-11-16 00:00:00,    0.000000,-9999.000000,-9999.000000
2014-11-17 00:00:00,    0.000000,-9999.000000,-9999.000000
2014-11-18 00:00:00,    0.000000,-9999.000000,-9999.000000
2014-11-19 00:00:00,    0.000000,-9999.000000,-9999.000000
2014-11-20 00:00:00,    0.000000,-9999.000000,-9999.000000
2014-11-21 00:00:00,    0.000000,-9999.000000,-9999.000000
2014-11-22 00:00:00,    0.000000,-9999.000000,-9999.000000
2014-11-23 00:00:00,    0.000000,-9999.000000,-9999.000000
2014-11-24 00:00:00,    0.000000,-9999.000000,-9999.000000
2014-11-25 00:00:00,    0.000000,-9999.000000,-9999.000000
2014-11-26 00:00:00,    0.000000,-9999.000000,-9999.000000
2014-11-27 00:00:00,    0.000000,-9999.000000,-9999.000000
2014-11-28 00:00:00,    0.000000,-9999.000000,-9999.000000
2014-11-29 00:00:00,    0.000000,-9999.000000,-9999.000000
2014-11-30 00:00:00,    0.000000,-9999.000000,-9999.000000
2014-12-01 00:00:00,    0.000000,-9999.000000,-9999.000000
2014-12-02 00:00:00,    0.000000,-9999.000000,-9999.000000
2014-12-03 00:00:00,    0.000000,-9999.000000,-9999.000000
2014-12-04 00:00:00,    0.000000,-9999.000000,-9999.000000
2014-12-05 00:00:00,    0.000000,-9999.000000,-9999.000000
2014-12-06 00:00:00,    0.000000,-9999.000000,-9999.000000
2014-12-07 00:00:00,    0.000000,-9999.000000,-9999.000000
2014-12-08 00:00:00,    0.000000,-9999.000000,-9999.000000
2014-12-09 00:00:00,    0.000000,-9999.000000,-9999.000000
2014-12-10 00:00:00,    0.000000,-9999.000000,-9999.000000
2014-12-11 00:00:00,    0.000000,-9999.000000,-9999.000000
2014-12-12 00:00:00,    0.000000,-9999.000000,-9999.000000
2014-12-13 00:00:00,    0.000000,-9999.000000,-9999.000000
2014-12-14 00:00:00,    0.000000,-9999.000000,-9999.000000
2014-12-15 00:00:00,    0.000000,-9999.000000,-9999.000000
2014-12-16 00:00:00,    0.000000,-9999.000000,-9999.000000
2014-12-17 00:00:00,    0.000000,-9999.000000,-9999.000000
2014-12-18 00:00:00,    0.000000,-9999.000000,-9999.000000
2014-12-19 00:00:00,    0.000000,-9999.000000,-9999.000000
2014-12-20 00:00:00,    0.000000,-9999.000000,-9999.000000
2014-12-21 00:00:00,    0.000000,-9999.000000,-9999.000000
2014-12-22 00:00:00,    0.000000,-9999.000000,-9999.000000
2014-12-23 00:00:00,    0.000000,-9999.000000,-9999.000000
2014-12-24 00:00:00,    0.000000,-9999.000000,-9999.000000
2014-12-25 00:00:00,    0.000000,-9999.000000,-9999.000000
2014-12-26 00:00:00,    0.000000,-9999.000000,-9999.000000
2014-12-27 00:00:00,    0.000000,-9999.000000,-9999.000000
2014-12-28 00:00:00,    0.000000,-9999.000000,-9999.000000
2014-12-29 00:00:00,    0.000000,-9999.000000,-9999.000000
2014-12-30 00:00:00,    0.000000,-9999.000000,-9999.000000
2014-12-31 00:00:00,    0.000000,-9999.000000,-9999.000000
2015-01-01 00:00:00,    0.000000,-9999.000000,-9999.000000
2015-01-02 00:00:00,    0.000000,-9999.000000,-9999.000000
2015-01-03 00:00:00,    0.000000,-9999.000000,-9999.000000
2015-01-04 00:00:00,    0.000000,-9999.000000,-9999.000000
2015-01-05 00:00:00,    0.000000,-9999.000000,-9999.000000
2015-01-06 00:00:00,    0.000000,-9999.000000,-9999.000000
2015-01-07 00:00:00,    0.000000,-9999.000000,-9999.000000
2015-01-08 00:00:00,    0.000000,-9999.000000,-9999.000000
2015-01-09 00:00:00,    0.000000,-9999.000000,-9999.000000
2015-01-10 00:00:00,    0.000000,-9999.000000,-9999.000000
2015-01-11 00:00:00,    0.000000,-9999.000000,-9999.000000
2015-01-12 00:00:00,    0.000000,-9999.000000,-9999.000000
2015-01-13 00:00:00,    0.000000,-9999.000000,-9999.000000
2015-01-14 00:00:00,    0.000000,-9999.000000,-9999.000000
2015-01-15 00:00:00,    0.000000,-9999.000000,-9999.000000
2015-01-16 00:00:00,    0.000000,-9999.000000,-9999.000000
2015-01-17 00:00:00,    0.000000,-9999.000000,-9999.000000
2015-01-18 00:00:00,    0.000000,-9999.000000,-9999.000000
2015-01-19 00:00:00,    0.000000,-9999.000000,-9999.000000
2015-01-20 00:00:00,    0.000000,-9999.000000,-9999.000000
2015-01-21 00:00:00,    0.000000,-9999.000000,-9999.000000
2015-01-22 00:00:00,    0.000000,-9999.000000,-9999.000000
2015-01-23 00:00:00,    0.000000,-9999.000000,-9999.000000
2015-01-24 00:00:00,    0.000000,-9999.000000,-9999.000000
2015-01-25 00:00:00,    0.000000,-9999.000000,-9999.000000
2015-01-26 00:00:00,    0.000000,-9999.000000,-9999.000000
2015-01-27 00:00:00,    0.000000,-9999.000000,-9999.000000
2015-01-28 00:00:00,    0.000000,-9999.000000,-9999.000000
2015-01-29 00:00:00,    0.000000,-9999.000000,-9999.000000
2015-01-30 00:00:00,    0.000000,-9999.000000,-9999.000000
2015-01-31 00:00:00,    0.000000,-9999.000000,-9999.000000
2015-02-01 00:00:00,    0.000000,-9999.000000,-9999.000000
2015-02-02 00:00:00,    0.000000,-9999.000000,-9999.000000
2015-02-03 00:00:00,    0.000000,-9999.000000,-9999.000000
2015-02-04 00:00:00,    0.000000,-9999.000000,-9999.000000
2015-02-05 00:00:00,    0.000000,-9999.000000,-9999.000000
2015-02-06 00:00:00,    0.000000,-9999.000000,-9999.000000
2015-02-07 00:00:00,    0.000000,-9999.000000,-9999.000000
2015-02-08 00:00:00,    0.000000,-9999.000000,-9999.000000
2015-02-09 00:00:00,    0.000000,-9999.000000,-9999.000000
2015-02-10 00:00:00,    0.000000,-9999.000000,-9999.000000
2015-02-11 00:00:00,    0.000000,-9999.000000,-9999.000000
2015-02-12 00:00:00,    0.000000,-9999.000000,-9999.000000
2015-02-13 00:00:00,    0.000000,-9999.000000,-9999.000000
2015-02-14 00:00:00,    0.000000,-9999.000000,-9999.000000
2015-02-15 00:00:00,    0.000000,-9999.000000,-9999.000000
2015-02-16 00:00:00,    0.000000,-9999.000000,-9999.000000
2015-02-17 00:00:00,    0.000000,-9999.000000,-9999.000000
2015-02-18 00:00:00,    0.000000,-9999.000000,-9999.000000
2015-02-19 00:00:00,    0.000000,-9999.000000,-9999.000000
2015-02-20 00:00:00,    0.000000,-9999.000000,-9999.000000
2015-02-21 00:00:00,    0.000000,-9999.000000,-9999.000000
2015-02-22 00:00:00,    0.000000,-9999.000000,-9999.000000
2015-02-23 00:00:00,    0.000000,-9999.000000,-9999.000000
2015-02-24 00:00:00,    0.000000,-9999.000000,-9999.000000
2015-02-25 00:00:00,    0.000000,-9999.000000,-9999.000000
2015-02-26 00:00:00,    0.000000,-9999.000000,-9999.000000
2015-02-27 00:00:00,    0.000000,-9999.000000,-9999.000000
2015-02-28 00:00:00,    0.000000,-9999.000000,-9999.000000
2015-03-01 00:00:00,    0.000000,-9999.000000,-9999.000000
2015-03-02 00:00:00,    0.000000,-9999.000000,-9999.000000
2015-03-03 00:00:00,    0.000000,-9999.000000,-9999.000000
2015-03-04 00:00:00,    0.000000,-9999.000000,-9999.000000
2015-03-05 00:00:00,    0.000000,-9999.000000,-9999.000000
2015-03-06 00:00:00,    0.000000,-9999.000000,-9999.000000
2015-03-07 00:00:00,    0.000000,-9999.000000,-9999.000000
2015-03-08 00:00:00,    0.000000,-9999.000000,-9999.000000
2015-03-09 00:00:00,    0.000000,-9999.000000,-9999.000000
2015-03-10 00:00:00,    0.000000,-9999.000000,-9999.000000
2015-03-11 00:00:00,    0.000000,-9999.000000,-9999.000000
2015-03-12 00:00:00,    0.000000,-9999.000000,-9999.000000
2015-03-13 00:00:00,    0.000000,-9999.000000,-9999.000000
2015-03-14 00:00:00,    0.000000,-9999.000000,-9999.000000
2015-03-15 00:00:00,    0.000000,-9999.000000,-9999.000000
2015-03-16 00:00:00,    0.000000,-9999.000000,-9999.000000
2015-03-17 00:00:00,    0.000000,-9999.000000,-9999.000000
2015-03-18 00:00:00,    0.000000,-9999.000000,-9999.000000
2015-03-19 00:00:00,    0.000000,-9999.000000,-9999.000000
2015-03-20 00:00:00,    0.000000,-9999.000000,-9999.000000
2015-03-21 00:00:00,    0.000000,-9999.000000,-9999.000000
2015-03-22 00:00:00,    0.000000,-9999.000000,-9999.000000
2015-03-23 00:00:00,    0.000000,-9999.000000,-9999.000000
2015-03-24 00:00:00,    0.000000,-9999.000000,-9999.000000
2015-03-25 00:00:00,    0.000000,-9999.000000,-9999.000000
2015-03-26 00:00:00,    0.000000,-9999.000000,-9999.000000
2015-03-27 00:00:00,    0.000000,-9999.000000,-9999.000000
2015-03-28 00:00:00,    0.000000,-9999.000000,-9999.000000
2015-03-29 00:00:00,    0.000000,-9999.000000,-9999.000000
2015-03-30 00:00:00,    0.000000,-9999.000000,-9999.000000
2015-03-31 00:00:00,    0.000000,-9999.000000,-9999.000000
2015-04-01 00:00:00,    0.000000,-9999.000000,-9999.000000
2015-04-02 00:00:00,    0.000000,-9999.000000,-9999.000000
2015-04-03 00:00:00,    0.000000,-9999.000000,-9999.000000
2015-04-04 00:00:00,    0.000000,-9999.000000,-9999.000000
2015-04-05 00:00:00,    0.000000,-9999.000000,-9999.000000
2015-04-06 00:00:00,    0.000000,-9999.000000,-9999.000000
2015-04-07 00:00:00,    0.000000,-9999.000000,-9999.000000
2015-04-08 00:00:00,    0.000000,-9999.000000,-9999.000000
2015-04-09 00:00:00,    0.000000,-9999.000000,-9999.000000
2015-04-10 00:00:00,    0.000000,-9999.000000,-9999.000000
2015-04-11 00:00:00,    0.000000,-9999.000000,-9999.000000
2015-04-12 00:00:00,    0.000000,-9999.000000,-9999.000000
2015-04-13 00:00:00,    0.000000,-9999.000000,-9999.000000
2015-04-14 00:00:00,    0.000000,-9999.000000,-9999.000000
2015-04-15 00:00:00,    0.000000,-9999.000000,-9999.000000
2015-04-16 00:00:00,    0.000000,-9999.000000,-9999.000000
2015-04-17 00:00:00,    0.000000,-9999.000000,-9999.000000
2015-04-18 00:00:00,    0.000000,-9999.000000,-9999.000000
2015-04-19 00:00:00,    0.000000,-9999.000000,-9999.000000
2015-04-20 00:00:00,    0.000000,-9999.000000,-9999.000000
2015-04-21 00:00:00,    0.000000,-9999.000000,-9999.000000
2015-04-22 00:00:00,    0.000000,-9999.000000,-9999.000000
2015-04-23 00:00:00,    0.000000,-9999.000000,-9999.000000
2015-04-24 00:00:00,    0.000000,-9999.000000,-9999.000000
2015-04-25 00:00:00,    0.000000,-9999.000000,-9999.000000
2015-04-26 00:00:00,    0.000000,-9999.000000,-9999.000000
2015-04-27 00:00:00,    0.000000,-9999.000000,-9999.000000
2015-04-28 00:00:00,    0.000000,-9999.000000,-9999.000000
2015-04-29 00:00:00,    0.000000,-9999.000000,-9999.000000
2015-04-30 00:00:00,    0.000000,-9999.000000,-9999.000000
2015-05-01 00:00:00,    0.000000,-9999.000000,-9999.000000
2015-05-02 00:00:00,    0.000000,-9999.000000,-9999.000000
2015-05-03 00:00:00,    0.000000,-9999.000000,-9999.000000
2015-05-04 00:00:00,    0.000000,-9999.000000,-9999.000000
2015-05-05 00:00:00,    0.000000,-9999.000000,-9999.000000
2015-05-06 00:00:00,    0.000000,-9999.000000,-9999.000000
2015-05-07 00:00:00,    0.000000,-9999.000000,-9999.000000
2015-05-08 00:00:00,    0.000000,-9999.000000,-9999.000000
2015-05-09 00:00:00,    0.000000,-9999.000000,-9999.000000
2015-05-10 00:00:00,    0.000000,-9999.000000,-9999.000000
2015-05-11 00:00:00,    0.000000,-9999.000000,-9999.000000
2015-05-12 00:00:00,    0.000000,-9999.000000,-9999.000000
2015-05-13 00:00:00,    0.000000,-9999.000000,-9999.000000
2015-05-14 00:00:00,    0.000000,-9999.000000,-9999.000000
2015-05-15 00:00:00,    0.000000,-9999.000000,-9999.000000
2015-05-16 00:00:00,    0.000000,-9999.000000,-9999.000000
2015-05-17 00:00:00,    0.000000,-9999.000000,-9999.000000
2015-05-18 00:00:00,    0.000000,-9999.000000,-9999.000000
2015-05-19 00:00:00,    0.000000,-9999.000000,-9999.000000
2015-05-20 00:00:00,    0.000000,-9999.000000,-9999.000000
2015-05-21 00:00:00,    0.000000,-9999.000000,-9999.000000
2015-05-22 00:00:00,    0.000000,-9999.000000,-9999.000000
2015-05-23 00:00:00,    0.000000,-9999.000000,-9999.000000
2015-05-24 00:00:00,    0.000000,-9999.000000,-9999.000000
2015-05-25 00:00:00,    0.000000,-9999.000000,-9999.000000
2015-05-26 00:00:00,    0.000000,-9999.000000,-9999.000000
2015-05-27 00:00:00,    0.000000,-9999.000000,-9999.000000
2015-05-28 00:00:00,    0.000000,-9999.000000,-9999.000000
2015-05-29 00:00:00,    0.000000,-9999.000000,-9999.000000
2015-05-30 00:00:00,    0.000000,-9999.000000,-9999.000000
2015-05-31 00:00:00,    0.000000,-9999.000000,-9999.000000
2015-06-01 00:00:00,    0.000000,-9999.000000,-9999.000000
2015-06-02 00:00:00,    0.000000,-9999.000000,-9999.000000
2015-06-03 00:00:00,    0.000000,-9999.000000,-9999.000000
2015-06-04 00:00:00,    0.000000,-9999.000000,-9999.000000
2015-06-05 00:00:00,    0.000000,-9999.000000,-9999.000000
2015-06-06 00:00:00,    0.000000,-9999.000000,-9999.000000
2015-06-07 00:00:00,    0.000000,-9999.000000,-9999.000000
2015-06-08 00:00:00,    0.000000,-9999.000000,-9999.000000
2015-06-09 00:00:00,    0.000000,-9999.000000,-9999.000000
2015-06-10 00:00:00,    0.000000,-9999.000000,-9999.000000
2015-06-11 00:00:00,    0.000000,-9999.000000,-9999.000000
2015-06-12 00:00:00,    0.000000,-9999.000000,-9999.000000
2015-06-13 00:00:00,    0.000000,-9999.000000,-9999.000000
2015-06-14 00:00:00,    0.000000,-9999.000000,-9999.000000
2015-06-15 00:00:00,    0.000000,-9999.000000,-9999.000000
2015-06-16 00:00:00,    0.000000,-9999.000000,-9999.000000
2015-06-17 00:00:00,    0.000000,-9999.000000,-9999.000000
2015-06-18 00:00:00,    0.000000,-9999.000000,-9999.000000
2015-06-19 00:00:00,    0.000000,-9999.000000,-9999.000000
2015-06-20 00:00:00,    0.000000,-9999.000000,-9999.000000
2015-06-21 00:00:00,    0.000000,-9999.000000,-9999.000000
2015-06-22 00:00:00,    0.000000,-9999.000000,-9999.000000
2015-06-23 00:00:00,    0.000000,-9999.000000,-9999.000000
2015-06-24 00:00:00,    0.000000,-9999.000000,-9999.000000
2015-06-25 00:00:00,    0.000000,-9999.000000,-9999.000000
2015-06-26 00:00:00,    0.000000,-9999.000000,-9999.000000
2015-06-27 00:00:00,    0.000000,-9999.000000,-9999.000000
2015-06-28 00:00:00,    0.000000,-9999.000000,-9999.000000
2015-06-29 00:00:00,    0.000000,-9999.000000,-9999.000000
2015-06-30 00:00:00,    0.000000,-9999.000000,-9999.000000
2015-07-01 00:00:00,    0.000000,-9999.000000,-9999.000000
2015-07-02 00:00:00,    0.000000,-9999.000000,-9999.000000
2015-07-03 00:00:00,    0.000000,-9999.000000,-9999.000000
2015-07-04 00:00:00,    0.000000,-9999.000000,-9999.000000
2015-07-05 00:00:00,    0.000000,-9999.000000,-9999.000000
2015-07-06 00:00:00,    0.000000,-9999.000000,-9999.000000
2015-07-07 00:00:00,    0.000000,-9999.000000,-9999.000000
2015-07-08 00:00:00,    0.000000,-9999.000000,-9999.000000
2015-07-09 00:00:00,    0.000000,-9999.000000,-9999.000000
2015-07-10 00:00:00,    0.000000,-9999.000000,-9999.000000
2015-07-11 00:00:00,    0.000000,-9999.000000,-9999.000000
2015-07-12 00:00:00,    0.000000,-9999.000000,-9999.000000
2015-07-13 00:00:00,    0.000000,-9999.000000,-9999.000000
2015-07-14 00:00:00,    0.000000,-9999.000000,-9999.000000
2015-07-15 00:00:00,    0.000000,-9999.000000,-9999.000000
2015-07-16 00:00:00,    0.000000,-9999.000000,-9999.000000
2015-07-17 00:00:00,    0.000000,-9999.000000,-9999.000000
2015-07-18 00:00:00,    0.000000,-9999.000000,-9999.000000
2015-07-19 00:00:00,    0.000000,-9999.000000,-9999.000000
2015-07-20 00:00:00,    0.000000,-9999.000000,-9999.000000
2015-07-21 00:00:00,    0.000000,-9999.000000,-9999.000000
2015-07-22 00:00:00,    0.000000,-9999.000000,-9999.000000
2015-07-23 00:00:00,    0.000000,-9999.000000,-9999.000000
2015-07-24 00:00:00,    0.000000,-9999.000000,-9999.000000
2015-07-25 00:00:00,    0.000000,-9999.000000,-9999.000000
2015-07-26 00:00:00,    0.000000,-9999.000000,-9999.000000
2015-07-27 00:00:00,    0.000000,-9999.000000,-9999.000000
2015-07-28 00:00:00,    0.000000,-9999.000000,-9999.000000
2015-07-29 00:00:00,    0.000000,-9999.000000,-9999.000000
2015-07-30 00:00:00,    0.000000,-9999.000000,-9999.000000
2015-07-31 00:00:00,    0.000000,-9999.000000,-9999.000000
2015-08-01 00:00:00,    0.000000,-9999.000000,-9999.000000
2015-08-02 00:00:00,    0.000000,-9999.000000,-9999.000000
2015-08-03 00:00:00,    0.000000,-9999.000000,-9999.000000
2015-08-04 00:00:00,    0.000000,-9999.000000,-9999.000000
2015-08-05 00:00:00,    0.000000,-9999.000000,-9999.000000
2015-08-06 00:00:00,    0.000000,-9999.000000,-9999.000000
2015-08-07 00:00:00,    0.000000,-9999.000000,-9999.000000
2015-08-08 00:00:00,    0.000000,-9999.000000,-9999.000000
2015-08-09 00:00:00,    0.000000,-9999.000000,-9999.000000
2015-08-10 00:00:00,    0.000000,-9999.000000,-9999.000000
2015-08-11 00:00:00,    0.000000,-9999.000000,-9999.000000
2015-08-12 00:00:00,    0.000000,-9999.000000,-9999.000000
2015-08-13 00:00:00,    0.000000,-9999.000000,-9999.000000
2015-08-14 00:00:00,    0.000000,-9999.000000,-9999.000000
2015-08-15 00:00:00,    0.000000,-9999.000000,-9999.000000
2015-08-16 00:00:00,    0.000000,-9999.000000,-9999.000000
2015-08-17 00:00:00,    0.000000,-9999.000000,-9999.000000
2015-08-18 00:00:00,    0.000000,-9999.000000,-9999.000000
2015-08-19 00:00:00,    0.000000,-9999.000000,-9999.000000
2015-08-20 00:00:00,    0.000000,-9999.000000,-9999.000000
2015-08-21 00:00:00,    0.000000,-9999.000000,-9999.000000
2015-08-22 00:00:00,    0.000000,-9999.000000,-9999.000000
2015-08-23 00:00:00,    0.000000,-9999.000000,-9999.000000
2015-08-24 00:00:00,    0.000000,-9999.000000,-9999.000000
2015-08-25 00:00:00,    0.000000,-9999.000000,-9999.000000
2015-08-26 00:00:00,    0.000000,-9999.000000,-9999.000000
2015-08-27 00:00:00,    0.000000,-9999.000000,-9999.000000
2015-08-28 00:00:00,    0.000000,-9999.000000,-9999.000000
2015-08-29 00:00:00,    0.000000,-9999.000000,-9999.000000
2015-08-30 00:00:00,    0.000000,-9999.000000,-9999.000000
2015-08-31 00:00:00,    0.000000,-9999.000000,-9999.000000
2015-09-01 00:00:00,    0.000000,-9999.000000,-9999.000000
2015-09-02 00:00:00,    0.000000,-9999.000000,-9999.000000
2015-09-03 00:00:00,    0.000000,-9999.000000,-9999.000000
2015-09-04 00:00:00,    0.000000,-9999.000000,-9999.000000
2015-09-05 00:00:00,    0.000000,-9999.000000,-9999.000000
2015-09-06 00:00:00,    0.000000,-9999.000000,-9999.000000
2015-09-07 00:00:00,    0.000000,-9999.000000,-9999.000000
2015-09-08 00:00:00,    0.000000,-9999.000000,-9999.000000
2015-09-09 00:00:00,    0.000000,-9999.000000,-9999.000000
2015-09-10 00:00:00,    0.000000,-9999.000000,-9999.000000
2015-09-11 00:00:00,    0.000000,-9999.000000,-9999.000000
2015-09-12 00:00:00,    0.000000,-9999.000000,-9999.000000
2015-09-13 00:00:00,    0.000000,-9999.000000,-9999.000000
2015-09-14 00:00:00,    0.000000,-9999.000000,-9999.000000
2015-09-15 00:00:00,    0.000000,-9999.000000,-9999.000000
2015-09-16 00:00:00,    0.000000,-9999.000000,-9999.000000
2015-09-17 00:00:00,    0.000000,-9999.000000,-9999.000000
2015-09-18 00:00:00,    0.000000,-9999.000000,-9999.000000
2015-09-19 00:00:00,    0.000000,-9999.000000,-9999.000000
2015-09-20 00:00:00,    0.000000,-9999.000000,-9999.000000
2015-09-21 00:00:00,    0.000000,-9999.000000,-9999.000000
2015-09-22 00:00:00,    0.000000,-9999.000000,-9999.000000
2015-09-23 00:00:00,    0.000000,-9999.000000,-9999.000000
2015-09-24 00:00:00,    0.000000,-9999.000000,-9999.000000
2015-09-25 00:00:00,    0.000000,-9999.000000,-9999.000000
2015-09-26 00:00:00,    0.000000,-9999.000000,-9999.000000
2015-09-27 00:00:00,    0.000000,-9999.000000,-9999.000000
2015-09-28 00:00:00,    0.000000,-9999.000000,-9999.000000
2015-09-29 00:00:00,    0.000000,-9999.000000,-9999.000000
2015-09-30 00:00:00,    0.000000,-9999.000000,-9999.000000
2015-10-01 00:00:00,    0.000000,-9999.000000,-9999.000000
2015-10-02 00:00:00,    0.000000,-9999.000000,-9999.000000
2015-10-03 00:00:00,    0.000000,-9999.000000,-9999.000000
2015-10-04 00:00:00,    0.000000,-9999.000000,-9999.000000
2015-10-05 00:00:00,    0.000000,-9999.000000,-9999.000000
2015-10-06 00:00:00,    0.000000,-9999.000000,-9999.000000
2015-10-07 00:00:00,    0.000000,-9999.000000,-9999.000000
2015-10-08 00:00:00,    0.000000,-9999.000000,-9999.000000
2015-10-09 00:00:00,    0.000000,-9999.000000,-9999.000000
2015-10-10 00:00:00,    0.000000,-9999.000000,-9999.000000
2015-10-11 00:00:00,    0.000000,-9999.000000,-9999.000000
2015-10-12 00:00:00,    0.000000,-9999.000000,-9999.000000
2015-10-13 00:00:00,    0.000000,-9999.000000,-9999.000000
2015-10-14 00:00:00,    0.000000,-9999.000000,-9999.000000
2015-10-15 00:00:00,    0.000000,-9999.000000,-9999.000000
2015-10-16 00:00:00,    0.000000,-9999.000000,-9999.000000
2015-10-17 00:00:00,    0.000000,-9999.000000,-9999.000000
2015-10-18 00:00:00,    0.000000,-9999.000000,-9999.000000
2015-10-19 00:00:00,    0.000000,-9999.000000,-9999.000000
2015-10-20 00:00:00,    0.000000,-9999.000000,-9999.000000
2015-10-21 00:00:00,    0.000000,-9999.000000,-9999.000000
2015-10-22 00:00:00,    0.000000,-9999.000000,-9999.000000
2015-10-23 00:00:00,    0.000000,-9999.000000,-9999.000000
2015-10-24 00:00:00,    0.000000,-9999.000000,-9999.000000
2015-10-25 00:00:00,    0.000000,-9999.000000,-9999.000000
2015-10-26 00:00:00,    0.000000,-9999.000000,-9999.000000
2015-10-27 00:00:00,    0.000000,-9999.000000,-9999.000000
2015-10-28 00:00:00,    0.000000,-9999.000000,-9999.000000
2015-10-29 00:00:00,    0.000000,-9999.000000,-9999.000000
2015-10-30 00:00:00,    0.000000,-9999.000000,-9999.000000
2015-10-31 00:00:00,    0.000000,-9999.000000,-9999.000000
2015-11-01 00:00:00,    0.000000,-9999.000000,-9999.000000
2015-11-02 00:00:00,    0.000000,-9999.000000,-9999.000000
2015-11-03 00:00:00,    0.000000,-9999.000000,-9999.000000
2015-11-04 00:00:00,    0.000000,-9999.000000,-9999.000000
2015-11-05 00:00:00,    0.000000,-9999.000000,-9999.000000
2015-11-06 00:00:00,    0.000000,-9999.000000,-9999.000000
2015-11-07 00:00:00,    0.000000,-9999.000000,-9999.000000
2015-11-08 00:00:00,    0.000000,-9999.000000,-9999.000000
2015-11-09 00:00:00,    0.000000,-9999.000000,-9999.000000
2015-11-10 00:00:00,    0.000000,-9999.000000,-9999.000000
2015-11-11 00:00:00,    0.000000,-9999.000000,-9999.000000
2015-11-12 00:00:00,    0.000000,-9999.000000,-9999.000000
2015-11-13 00:00:00,    0.000000,-9999.000000,-9999.000000
2015-11-14 00:00:00,    0.000000,-9999.000000,-9999.000000
2015-11-15 00:00:00,    0.000000,-9999.000000,-9999.000000
2015-11-16 00:00:00,    0.000000,-9999.000000,-9999.000000
2015-11-17 00:00:00,    0.000000,-9999.000000,-9999.000000
2015-11-18 00:00:00,    0.000000,-9999.000000,-9999.000000
2015-11-19 00:00:00,    0.000000,-9999.000000,-9999.000000
2015-11-20 00:00:00,    0.000000,-9999.000000,-9999.000000
2015-11-21 00:00:00,    0.000000,-9999.000000,-9999.000000
2015-11-22 00:00:00,    0.000000,-9999.000000,-9999.000000
2015-11-23 00:00:00,    0.000000,-9999.000000,-9999.000000
2015-11-24 00:00:00,    0.000000,-9999.000000,-9999.000000
2015-11-25 00:00:00,    0.000000,-9999.000000,-9999.000000
2015-11-26 00:00:00,    0.000000,-9999.000000,-9999.000000
2015-11-27 00:00:00,    0.000000,-9999.000000,-9999.000000
2015-11-28 00:00:00,    0.000000,-9999.000000,-9999.000000
2015-11-29 00:00:00,    0.000000,-9999.000000,-9999.000000
2015-11-30 00:00:00,    0.000000,-9999.000000,-9999.000000
2015-12-01 00:00:00,    0.000000,-9999.000000,-9999.000000
2015-12-02 00:00:00,    0.000000,-9999.000000,-9999.000000
2015-12-03 00:00:00,    0.000000,-9999.000000,-9999.000000
2015-12-04 00:00:00,    0.000000,-9999.000000,-9999.000000
2015-12-05 00:00:00,    0.000000,-9999.000000,-9999.000000
2015-12-06 00:00:00,    0.000000,-9999.000000,-9999.000000
2015-12-07 00:00:00,    0.000000,-9999.000000,-9999.000000
2015-12-08 00:00:00,    0.000000,-9999.000000,-9999.000000
2015-12-09 00:00:00,    0.000000,-9999.000000,-9999.000000
2015-12-10 00:00:00,    0.000000,-9999.000000,-9999.000000
2015-12-11 00:00:00,    0.000000,-9999.000000,-9999.000000
2015-12-12 00:00:00,    0.000000,-9999.000000,-9999.000000
2015-12-13 00:00:00,    0.000000,-9999.000000,-9999.000000
2015-12-14 00:00:00,    0.000000,-9999.000000,-9999.000000
2015-12-15 00:00:00,    0.000000,-9999.000000,-9999.000000
2015-12-16 00:00:00,    0.000000,-9999.000000,-9999.000000
2015-12-17 00:00:00,    0.000000,-9999.000000,-9999.000000
2015-12-18 00:00:00,    0.000000,-9999.000000,-9999.000000
2015-12-19 00:00:00,    0.000000,-9999.000000,-9999.000000
2015-12-20 00:00:00,    0.000000,-9999.000000,-9999.000000
2015-12-21 00:00:00,    0.000000,-9999.000000,-9999.000000
2015-12-22 00:00:00,    0.000000,-9999.000000,-9999.000000
2015-12-23 00:00:00,    0.000000,-9999.000000,-9999.000000
2015-12-24 00:00:00,    0.000000,-9999.000000,-9999.000000
2015-12-25 00:00:00,    0.000000,-9999.000000,-9999.000000
2015-12-26 00:00:00,    0.000000,-9999.000000,-9999.000000
2015-12-27 00:00:00,    0.000000,-9999.000000,-9999.000000
2015-12-28 00:00:00,    0.000000,-9999.000000,-9999.000000
2015-12-29 00:00:00,    0.000000,-9999.000000,-9999.000000
2015-12-30 00:00:00,    0.000000,-9999.000000,-9999.000000
2015-12-31 00:00:00,    0.000000,-9999.000000,-9999.000000
2016-01-01 00:00:00,    0.000000,-9999.000000,-9999.000000
2016-01-02 00:00:00,    0.000000,-9999.000000,-9999.000000
2016-01-03 00:00:00,    0.000000,-9999.000000,-9999.000000
2016-01-04 00:00:00,    0.000000,-9999.000000,-9999.000000
2016-01-05 00:00:00,    0.000000,-9999.000000,-9999.000000
2016-01-06 00:00:00,    0.000000,-9999.000000,-9999.000000
2016-01-07 00:00:00,    0.000000,-9999.000000,-9999.000000
2016-01-08 00:00:00,    0.000000,-9999.000000,-9999.000000
2016-01-09 00:00:00,    0.000000,-9999.000000,-9999.000000
2016-01-10 00:00:00,    0.000000,-9999.000000,-9999.000000
2016-01-11 00:00:00,    0.000000,-9999.000000,-9999.000000
2016-01-12 00:00:00,    0.000000,-9999.000000,-9999.000000
2016-01-13 00:00:00,    0.000000,-9999.000000,-9999.000000
2016-01-14 00:00:00,    0.000000,-9999.000000,-9999.000000
2016-01-15 00:00:00,    0.000000,-9999.000000,-9999.000000
2016-01-16 00:00:00,    0.000000,-9999.000000,-9999.000000
2016-01-17 00:00:00,    0.000000,-9999.000000,-9999.000000
2016-01-18 00:00:00,    0.000000,-9999.000000,-9999.000000
2016-01-19 00:00:00,    0.000000,-9999.000000,-9999.000000
2016-01-20 00:00:00,    0.000000,-9999.000000,-9999.000000
2016-01-21 00:00:00,    0.000000,-9999.000000,-9999.000000
2016-01-22 00:00:00,    0.000000,-9999.000000,-9999.000000
2016-01-23 00:00:00,    0.000000,-9999.000000,-9999.000000
2016-01-24 00:00:00,    0.000000,-9999.000000,-9999.000000
2016-01-25 00:00:00,    0.000000,-9999.000000,-9999.000000
2016-01-26 00:00:00,    0.000000,-9999.000000,-9999.000000
2016-01-27 00:00:00,    0.000000,-9999.000000,-9999.000000
2016-01-28 00:00:00,    0.000000,-9999.000000,-9999.000000
2016-01-29 00:00:00,    0.000000,-9999.000000,-9999.000000
2016-01-30 00:00:00,    0.000000,-9999.000000,-9999.000000
2016-01-31 00:00:00,    0.000000,-9999.000000,-9999.000000
2016-02-01 00:00:00,    0.000000,-9999.000000,-9999.000000
2016-02-02 00:00:00,    0.000000,-9999.000000,-9999.000000
2016-02-03 00:00:00,    0.000000,-9999.000000,-9999.000000
2016-02-04 00:00:00,    0.000000,-9999.000000,-9999.000000
2016-02-05 00:00:00,    0.000000,-9999.000000,-9999.000000
2016-02-06 00:00:00,    0.000000,-9999.000000,-9999.000000
2016-02-07 00:00:00,    0.000000,-9999.000000,-9999.000000
2016-02-08 00:00:00,    0.000000,-9999.000000,-9999.000000
2016-02-09 00:00:00,    0.000000,-9999.000000,-9999.000000
2016-02-10 00:00:00,    0.000000,-9999.000000,-9999.000000
2016-02-11 00:00:00,    0.000000,-9999.000000,-9999.000000
2016-02-12 00:00:00,    0.000000,-9999.000000,-9999.000000
2016-02-13 00:00:00,    0.000000,-9999.000000,-9999.000000
2016-02-14 00:00:00,    0.000000,-9999.000000,-9999.000000
2016-02-15 00:00:00,    0.000000,-9999.000000,-9999.000000
2016-02-16 00:00:00,    0.000000,-9999.000000,-9999.000000
2016-02-17 00:00:00,    0.000000,-9999.000000,-9999.000000
2016-02-18 00:00:00,    0.000000,-9999.000000,-9999.000000
2016-02-19 00:00:00,    0.000000,-9999.000000,-9999.000000
2016-02-20 00:00:00,    0.000000,-9999.000000,-9999.000000
2016-02-21 00:00:00,    0.000000,-9999.000000,-9999.000000
2016-02-22 00:00:00,    0.000000,-9999.000000,-9999.000000
2016-02-23 00:00:00,    0.000000,-9999.000000,-9999.000000
2016-02-24 00:00:00,    0.000000,-9999.000000,-9999.000000
2016-02-25 00:00:00,    0.000000,-9999.000000,-9999.000000
2016-02-26 00:00:00,    0.000000,-9999.000000,-9999.000000
2016-02-27 00:00:00,    0.000000,-9999.000000,-9999.000000
2016-02-28 00:00:00,    0.000000,-9999.000000,-9999.000000
2016-02-29 00:00:00,    0.000000,-9999.000000,-9999.000000
2016-03-01 00:00:00,    0.000000,-9999.000000,-9999.000000
2016-03-02 00:00:00,    0.000000,-9999.000000,-9999.000000
2016-03-03 00:00:00,    0.000000,-9999.000000,-9999.000000
2016-03-04 00:00:00,    0.000000,-9999.000000,-9999.000000
2016-03-05 00:00:00,    0.000000,-9999.000000,-9999.000000
2016-03-06 00:00:00,    0.000000,-9999.000000,-9999.000000
2016-03-07 00:00:00,    0.000000,-9999.000000,-9999.000000
2016-03-08 00:00:00,    0.000000,-9999.000000,-9999.000000
2016-03-09 00:00:00,    0.000000,-9999.000000,-9999.000000
2016-03-10 00:00:00,    0.000000,-9999.000000,-9999.000000
2016-03-11 00:00:00,    0.000000,-9999.000000,-9999.000000
2016-03-12 00:00:00,    0.000000,-9999.000000,-9999.000000
2016-03-13 00:00:00,    0.000000,-9999.000000,-9999.000000
2016-03-14 00:00:00,    0.000000,-9999.000000,-9999.000000
2016-03-15 00:00:00,    0.000000,-9999.000000,-9999.000000
2016-03-16 00:00:00,    0.000000,-9999.000000,-9999.000000
2016-03-17 00:00:00,    0.000000,-9999.000000,-9999.000000
2016-03-18 00:00:00,    0.000000,-9999.000000,-9999.000000
2016-03-19 00:00:00,    0.000000,-9999.000000,-9999.000000
2016-03-20 00:00:00,    0.000000,-9999.000000,-9999.000000
2016-03-21 00:00:00,    0.000000,-9999.000000,-9999.000000
2016-03-22 00:00:00,    0.000000,-9999.000000,-9999.000000
2016-03-23 00:00:00,    0.000000,-9999.000000,-9999.000000
2016-03-24 00:00:00,    0.000000,-9999.000000,-9999.000000
2016-03-25 00:00:00,    0.000000,-9999.000000,-9999.000000
2016-03-26 00:00:00,    0.000000,-9999.000000,-9999.000000
2016-03-27 00:00:00,    0.000000,-9999.000000,-9999.000000
2016-03-28 00:00:00,    0.000000,-9999.000000,-9999.000000
2016-03-29 00:00:00,    0.000000,-9999.000000,-9999.000000
2016-03-30 00:00:00,    0.000000,-9999.000000,-9999.000000
2016-03-31 00:00:00,    0.000000,-9999.000000,-9999.000000
2016-04-01 00:00:00,    0.000000,-9999.000000,-9999.000000
2016-04-02 00:00:00,    0.000000,-9999.000000,-9999.000000
2016-04-03 00:00:00,    0.000000,-9999.000000,-9999.000000
2016-04-04 00:00:00,    0.000000,-9999.000000,-9999.000000
2016-04-05 00:00:00,    0.000000,-9999.000000,-9999.000000
2016-04-06 00:00:00,    0.000000,-9999.000000,-9999.000000
2016-04-07 00:00:00,    0.000000,-9999.000000,-9999.000000
2016-04-08 00:00:00,    0.000000,-9999.000000,-9999.000000
2016-04-09 00:00:00,    0.000000,-9999.000000,-9999.000000
2016-04-10 00:00:00,    0.000000,-9999.000000,-9999.000000
2016-04-11 00:00:00,    0.000000,-9999.000000,-9999.000000
2016-04-12 00:00:00,    0.000000,-9999.000000,-9999.000000
2016-04-13 00:00:00,    0.000000,-9999.000000,-9999.000000
2016-04-14 00:00:00,    0.000000,-9999.000000,-9999.000000
2016-04-15 00:00:00,    0.000000,-9999.000000,-9999.000000
2016-04-16 00:00:00,    0.000000,-9999.000000,-9999.000000
2016-04-17 00:00:00,    0.000000,-9999.000000,-9999.000000
2016-04-18 00:00:00,    0.000000,-9999.000000,-9999.000000
2016-04-19 00:00:00,    0.000000,-9999.000000,-9999.000000
2016-04-20 00:00:00,    0.000000,-9999.000000,-9999.000000
2016-04-21 00:00:00,    0.000000,-9999.000000,-9999.000000
2016-04-22 00:00:00,    0.000000,-9999.000000,-9999.000000
2016-04-23 00:00:00,    0.000000,-9999.000000,-9999.000000
2016-04-24 00:00:00,    0.000000,-9999.000000,-9999.000000
2016-04-25 00:00:00,    0.000000,-9999.000000,-9999.000000
2016-04-26 00:00:00,    0.000000,-9999.000000,-9999.000000
2016-04-27 00:00:00,    0.000000,-9999.000000,-9999.000000
2016-04-28 00:00:00,    0.000000,-9999.000000,-9999.000000
2016-04-29 00:00:00,    0.000000,-9999.000000,-9999.000000
2016-04-30 00:00:00,    0.000000,-9999.000000,-9999.000000
2016-05-01 00:00:00,    0.000000,-9999.000000,-9999.000000
2016-05-02 00:00:00,    0.000000,-9999.000000,-9999.000000
2016-05-03 00:00:00,    0.000000,-9999.000000,-9999.000000
2016-05-04 00:00:00,    0.000000,-9999.000000,-9999.000000
2016-05-05 00:00:00,    0.000000,-9999.000000,-9999.000000
2016-05-06 00:00:00,    0.000000,-9999.000000,-9999.000000
2016-05-07 00:00:00,    0.000000,-9999.000000,-9999.000000
2016-05-08 00:00:00,    0.000000,-9999.000000,-9999.000000
2016-05-09 00:00:00,    0.000000,-9999.000000,-9999.000000
2016-05-10 00:00:00,    0.000000,-9999.000000,-9999.000000
2016-05-11 00:00:00,    0.000000,-9999.000000,-9999.000000
2016-05-12 00:00:00,    0.000000,-9999.000000,-9999.000000
2016-05-13 00:00:00,    0.000000,-9999.000000,-9999.000000
2016-05-14 00:00:00,    0.000000,-9999.000000,-9999.000000
2016-05-15 00:00:00,    0.000000,-9999.000000,-9999.000000
2016-05-16 00:00:00,    0.000000,-9999.000000,-9999.000000
2016-05-17 00:00:00,    0.000000,-9999.000000,-9999.000000
2016-05-18 00:00:00,    0.000000,-9999.000000,-9999.000000
2016-05-19 00:00:00,    0.000000,-9999.000000,-9999.000000
2016-05-20 00:00:00,    0.000000,-9999.000000,-9999.000000
2016-05-21 00:00:00,    0.000000,-9999.000000,-9999.000000
2016-05-22 00:00:00,    0.000000,-9999.000000,-9999.000000
2016-05-23 00:00:00,    0.000000,-9999.000000,-9999.000000
2016-05-24 00:00:00,    0.000000,-9999.000000,-9999.000000
2016-05-25 00:00:00,    0.000000,-9999.000000,-9999.000000
2016-05-26 00:00:00,    0.000000,-9999.000000,-9999.000000
2016-05-27 00:00:00,    0.000000,-9999.000000,-9999.000000
2016-05-28 00:00:00,    0.000000,-9999.000000,-9999.000000
2016-05-29 00:00:00,    0.000000,-9999.000000,-9999.000000
2016-05-30 00:00:00,    0.000000,-9999.000000,-9999.000000
2016-05-31 00:00:00,    0.000000,-9999.000000,-9999.000000
2016-06-01 00:00:00,    0.000000,-9999.000000,-9999.000000
2016-06-02 00:00:00,    0.000000,-9999.000000,-9999.000000
2016-06-03 00:00:00,    0.000000,-9999.000000,-9999.000000
2016-06-04 00:00:00,    0.000000,-9999.000000,-9999.000000
2016-06-05 00:00:00,    0.000000,-9999.000000,-9999.000000
2016-06-06 00:00:00,    0.000000,-9999.000000,-9999.000000
2016-06-07 00:00:00,    0.000000,-9999.000000,-9999.000000
2016-06-08 00:00:00,    0.000000,-9999.000000,-9999.000000
2016-06-09 00:00:00,    0.000000,-9999.000000,-9999.000000
2016-06-10 00:00:00,    0.000000,-9999.000000,-9999.000000
2016-06-11 00:00:00,    0.000000,-9999.000000,-9999.000000
2016-06-12 00:00:00,    0.000000,-9999.000000,-9999.000000
2016-06-13 00:00:00,    0.000000,-9999.000000,-9999.000000
2016-06-14 00:00:00,    0.000000,-9999.000000,-9999.000000
2016-06-15 00:00:00,    0.000000,-9999.000000,-9999.000000
2016-06-16 00:00:00,    0.000000,-9999.000000,-9999.000000
2016-06-17 00:00:00,    0.000000,-9999.000000,-9999.000000
2016-06-18 00:00:00,    0.000000,-9999.000000,-9999.000000
2016-06-19 00:00:00,    0.000000,-9999.000000,-9999.000000
2016-06-20 00:00:00,    0.000000,-9999.000000,-9999.000000
2016-06-21 00:00:00,    0.000000,-9999.000000,-9999.000000
2016-06-22 00:00:00,    0.000000,-9999.000000,-9999.000000
2016-06-23 00:00:00,    0.000000,-9999.000000,-9999.000000
2016-06-24 00:00:00,    0.000000,-9999.000000,-9999.000000
2016-06-25 00:00:00,    0.000000,-9999.000000,-9999.000000
2016-06-26 00:00:00,    0.000000,-9999.000000,-9999.000000
2016-06-27 00:00:00,    0.000000,-9999.000000,-9999.000000
2016-06-28 00:00:00,    0.000000,-9999.000000,-9999.000000
2016-06-29 00:00:00,    0.000000,-9999.000000,-9999.000000
2016-06-30 00:00:00,    0.000000,-9999.000000,-9999.000000
2016-07-01 00:00:00,    0.000000,-9999.000000,-9999.000000
2016-07-02 00:00:00,    0.000000,-9999.000000,-9999.000000
2016-07-03 00:00:00,    0.000000,-9999.000000,-9999.000000
2016-07-04 00:00:00,    0.000000,-9999.000000,-9999.000000
2016-07-05 00:00:00,    0.000000,-9999.000000,-9999.000000
2016-07-06 00:00:00,    0.000000,-9999.000000,-9999.000000
2016-07-07 00:00:00,    0.000000,-9999.000000,-9999.000000
2016-07-08 00:00:00,    0.000000,-9999.000000,-9999.000000
2016-07-09 00:00:00,    0.000000,-9999.000000,-9999.000000
2016-07-10 00:00:00,    0.000000,-9999.000000,-9999.000000
2016-07-11 00:00:00,    0.000000,-9999.000000,-9999.000000
2016-07-12 00:00:00,    0.000000,-9999.000000,-9999.000000
2016-07-13 00:00:00,    0.000000,-9999.000000,-9999.000000
2016-07-14 00:00:00,    0.000000,-9999.000000,-9999.000000
2016-07-15 00:00:00,    0.000000,-9999.000000,-9999.000000
2016-07-16 00:00:00,    0.000000,-9999.000000,-9999.000000
2016-07-17 00:00:00,    0.000000,-9999.000000,-9999.000000
2016-07-18 00:00:00,    0.000000,-9999.000000,-9999.000000
2016-07-19 00:00:00,    0.000000,-9999.000000,-9999.000000
2016-07-20 00:00:00,    0.000000,-9999.000000,-9999.000000
2016-07-21 00:00:00,    0.000000,-9999.000000,-9999.000000
2016-07-22 00:00:00,    0.000000,-9999.000000,-9999.000000
2016-07-23 00:00:00,    0.000000,-9999.000000,-9999.000000
2016-07-24 00:00:00,    0.000000,-9999.000000,-9999.000000
2016-07-25 00:00:00,    0.000000,-9999.000000,-9999.000000
2016-07-26 00:00:00,    0.000000,-9999.000000,-9999.000000
2016-07-27 00:00:00,    0.000000,-9999.000000,-9999.000000
2016-07-28 00:00:00,    0.000000,-9999.000000,-9999.000000
2016-07-29 00:00:00,    0.000000,-9999.000000,-9999.000000
2016-07-30 00:00:00,    0.000000,-9999.000000,-9999.000000
2016-07-31 00:00:00,    0.000000,-9999.000000,-9999.000000
2016-08-01 00:00:00,    0.000000,-9999.000000,-9999.000000
2016-08-02 00:00:00,    0.000000,-9999.000000,-9999.000000
2016-08-03 00:00:00,    0.000000,-9999.000000,-9999.000000
2016-08-04 00:00:00,    0.000000,-9999.000000,-9999.000000
2016-08-05 00:00:00,    0.000000,-9999.000000,-9999.000000
2016-08-06 00:00:00,    0.000000,-9999.000000,-9999.000000
2016-08-07 00:00:00,    0.000000,-9999.000000,-9999.000000
2016-08-08 00:00:00,    0.000000,-9999.000000,-9999.000000
2016-08-09 00:00:00,    0.000000,-9999.000000,-9999.000000
2016-08-10 00:00:00,    0.000000,-9999.000000,-9999.000000
2016-08-11 00:00:00,    0.000000,-9999.000000,-9999.000000
2016-08-12 00:00:00,    0.000000,-9999.000000,-9999.000000
2016-08-13 00:00:00,    0.000000,-9999.000000,-9999.000000
2016-08-14 00:00:00,    0.000000,-9999.000000,-9999.000000
2016-08-15 00:00:00,    0.000000,-9999.000000,-9999.000000
2016-08-16 00:00:00,    0.000000,-9999.000000,-9999.000000
2016-08-17 00:00:00,    0.000000,-9999.000000,-9999.000000
2016-08-18 00:00:00,    0.000000,-9999.000000,-9999.000000
2016-08-19 00:00:00,    0.000000,-9999.000000,-9999.000000
2016-08-20 00:00:00,    0.000000,-9999.000000,-9999.000000
2016-08-21 00:00:00,    0.000000,-9999.000000,-9999.000000
2016-08-22 00:00:00,    0.000000,-9999.000000,-9999.000000
2016-08-23 00:00:00,    0.000000,-9999.000000,-9999.000000
2016-08-24 00:00:00,    0.000000,-9999.000000,-9999.000000
2016-08-25 00:00:00,    0.000000,-9999.000000,-9999.000000
2016-08-26 00:00:00,    0.000000,-9999.000000,-9999.000000
2016-08-27 00:00:00,    0.000000,-9999.000000,-9999.000000
2016-08-28 00:00:00,    0.000000,-9999.000000,-9999.000000
2016-08-29 00:00:00,    0.000000,-9999.000000,-9999.000000
2016-08-30 00:00:00,    0.000000,-9999.000000,-9999.000000
2016-08-31 00:00:00,    5.934521,   13.900528,    0.724022
2016-09-01 00:00:00,    5.039094,   13.909553,    0.724242
2016-09-02 00:00:00,    4.496185,   13.918415,    0.724470
2016-09-03 00:00:00,    3.467684,   13.928092,    0.724736
2016-09-04 00:00:00,    2.601221,   13.936984,    0.725011
2016-09-05 00:00:00,    1.474362,   13.945731,    0.725293
2016-09-06 00:00:00,    0.436524,   14.201864,    0.735263
2016-09-07 00:00:00,    5.402287,   14.210009,    0.735514
2016-09-08 00:00:00,    3.587866,   14.218330,    0.735789
2016-09-09 00:00:00,    2.721936,   14.226601,    0.736079
2016-09-10 00:00:00,    2.162749,   14.234818,    0.736383
2016-09-11 00:00:00,    0.245791,   14.243212,    0.736710
2016-09-12 00:00:00,    0.000000,-9999.000000,-9999.000000
2016-09-13 00:00:00,    0.000000,-9999.000000,-9999.000000
2016-09-14 00:00:00,    0.000000,-9999.000000,-9999.000000
2016-09-15 00:00:00,    0.000000,-9999.000000,-9999.000000
2016-09-16 00:00:00,    0.000000,-9999.000000,-9999.000000
2016-09-17 00:00:00,    0.000000,-9999.000000,-9999.000000
2016-09-18 00:00:00,    6.966734,   14.042087,    0.726333
2016-09-19 00:00:00,    9.091018,   14.050412,    0.726646
2016-09-20 00:00:00,    8.262985,   14.058748,    0.726970
2016-09-21 00:00:00,    7.049467,   14.067265,    0.727312
2016-09-22 00:00:00,   21.124248,   14.076455,    0.727665
2016-09-23 00:00:00,   16.791985,   14.085637,    0.728028
2016-09-24 00:00:00,   17.258086,   14.094188,    0.728400
2016-09-25 00:00:00,   53.133122,   14.102745,    0.728782
2016-09-26 00:00:00,   50.703176,   14.112135,    0.729180
2016-09-27 00:00:00,   79.559206,   14.121525,    0.729586
2016-09-28 00:00:00,   70.510365,   14.130926,    0.730002
2016-09-29 00:00:00,   65.440985,   14.140356,    0.730426
2016-09-30 00:00:00,   62.280851,   14.486015,    0.745702
2016-10-01 00:00:00,   63.548318,   14.171810,    0.731069
2016-10-02 00:00:00,   55.398838,   14.182810,    0.731661
2016-10-03 00:00:00,   57.187774,   14.192836,    0.732180
2016-10-04 00:00:00,   55.998588,   14.203458,    0.732692
2016-10-05 00:00:00,   52.543250,   14.214071,    0.733202
2016-10-06 00:00:00,   49.986994,   14.559832,    0.749506
2016-10-07 00:00:00,   47.081617,   14.572085,    0.750124
2016-10-08 00:00:00,   70.873742,   14.584404,    0.750758
2016-10-09 00:00:00,   58.394084,   14.597013,    0.751418
2016-10-10 00:00:00,   52.265644,   14.610827,    0.752092
2016-10-11 00:00:00,   46.650307,   14.623570,    0.752780
2016-10-12 00:00:00,   38.879597,   14.636359,    0.753482
2016-10-13 00:00:00,   34.505510,   14.650338,    0.754196
2016-10-14 00:00:00,   30.927629,   14.663447,    0.754935
2016-10-15 00:00:00,   18.772908,   14.676589,    0.755685
2016-10-16 00:00:00,   14.748911,   14.690936,    0.756447
2016-10-17 00:00:00,   10.289898,   14.705334,    0.757221
2016-10-18 00:00:00,    5.482716,   14.719765,    0.758006
2016-10-19 00:00:00,    6.844733,   14.734255,    0.758801
2016-10-20 00:00:00,    1.974736,   14.747852,    0.759619
2016-10-21 00:00:00,    0.124004,   14.761505,    0.760448
2016-10-22 00:00:00,    0.000000,-9999.000000,-9999.000000
2016-10-23 00:00:00,    0.000000,-9999.000000,-9999.000000
2016-10-24 00:00:00,    0.000000,-9999.000000,-9999.000000
2016-10-25 00:00:00,    0.000000,-9999.000000,-9999.000000
2016-10-26 00:00:00,    0.000000,-9999.000000,-9999.000000
2016-10-27 00:00:00,    0.000000,-9999.000000,-9999.000000
2016-10-28 00:00:00,    0.000000,-9999.000000,-9999.000000
2016-10-29 00:00:00,    0.000000,-9999.000000,-9999.000000
2016-10-30 00:00:00,    0.000000,-9999.000000,-9999.000000
2016-10-31 00:00:00,    0.000000,-9999.000000,-9999.000000
2016-11-01 00:00:00,    0.000000,-9999.000000,-9999.000000
2016-11-02 00:00:00,    0.000000,-9999.000000,-9999.000000
2016-11-03 00:00:00,    0.000000,-9999.000000,-9999.000000
2016-11-04 00:00:00,    0.000000,-9999.000000,-9999.000000
2016-11-05 00:00:00,    0.000000,-9999.000000,-9999.000000
2016-11-06 00:00:00,    0.000000,-9999.000000,-9999.000000
2016-11-07 00:00:00,    0.000000,-9999.000000,-9999.000000
2016-11-08 00:00:00,    0.000000,-9999.000000,-9999.000000
2016-11-09 00:00:00,    0.000000,-9999.000000,-9999.000000
2016-11-10 00:00:00,    0.000000,-9999.000000,-9999.000000
2016-11-11 00:00:00,    0.000000,-9999.000000,-9999.000000
2016-11-12 00:00:00,    0.000000,-9999.000000,-9999.000000
2016-11-13 00:00:00,    0.000000,-9999.000000,-9999.000000
2016-11-14 00:00:00,    0.000000,-9999.000000,-9999.000000
2016-11-15 00:00:00,    0.000000,-9999.000000,-9999.000000
2016-11-16 00:00:00,    0.000000,-9999.000000,-9999.000000
2016-11-17 00:00:00,    0.000000,-9999.000000,-9999.000000
2016-11-18 00:00:00,    0.000000,-9999.000000,-9999.000000
2016-11-19 00:00:00,    0.000000,-9999.000000,-9999.000000
2016-11-20 00:00:00,    0.000000,-9999.000000,-9999.000000
2016-11-21 00:00:00,    0.000000,-9999.000000,-9999.000000
2016-11-22 00:00:00,    0.000000,-9999.000000,-9999.000000
2016-11-23 00:00:00,    0.000000,-9999.000000,-9999.000000
2016-11-24 00:00:00,    0.000000,-9999.000000,-9999.000000
2016-11-25 00:00:00,    0.000000,-9999.000000,-9999.000000
2016-11-26 00:00:00,    0.000000,-9999.000000,-9999.000000
2016-11-27 00:00:00,    0.000000,-9999.000000,-9999.000000
2016-11-28 00:00:00,    0.000000,-9999.000000,-9999.000000
2016-11-29 00:00:00,    0.000000,-9999.000000,-9999.000000
2016-11-30 00:00:00,    0.000000,-9999.000000,-9999.000000
2016-12-01 00:00:00,    0.000000,-9999.000000,-9999.000000
2016-12-02 00:00:00,    0.000000,-9999.000000,-9999.000000
2016-12-03 00:00:00,    0.000000,-9999.000000,-9999.000000
2016-12-04 00:00:00,    0.000000,-9999.000000,-9999.000000
2016-12-05 00:00:00,    0.000000,-9999.000000,-9999.000000
2016-12-06 00:00:00,    0.000000,-9999.000000,-9999.000000
2016-12-07 00:00:00,    0.000000,-9999.000000,-9999.000000
2016-12-08 00:00:00,    0.000000,-9999.000000,-9999.000000
2016-12-09 00:00:00,    0.000000,-9999.000000,-9999.000000
2016-12-10 00:00:00,    0.000000,-9999.000000,-9999.000000
2016-12-11 00:00:00,    0.000000,-9999.000000,-9999.000000
2016-12-12 00:00:00,    0.000000,-9999.000000,-9999.000000
2016-12-13 00:00:00,    0.000000,-9999.000000,-9999.000000
2016-12-14 00:00:00,    0.000000,-9999.000000,-9999.000000
2016-12-15 00:00:00,    0.000000,-9999.000000,-9999.000000
2016-12-16 00:00:00,    0.000000,-9999.000000,-9999.000000
2016-12-17 00:00:00,    0.000000,-9999.000000,-9999.000000
2016-12-18 00:00:00,    0.000000,-9999.000000,-9999.000000
2016-12-19 00:00:00,    0.000000,-9999.000000,-9999.000000
2016-12-20 00:00:00,    0.000000,-9999.000000,-9999.000000
2016-12-21 00:00:00,    0.000000,-9999.000000,-9999.000000
2016-12-22 00:00:00,    0.000000,-9999.000000,-9999.000000
2016-12-23 00:00:00,    0.000000,-9999.000000,-9999.000000
2016-12-24 00:00:00,    0.000000,-9999.000000,-9999.000000
2016-12-25 00:00:00,    0.000000,-9999.000000,-9999.000000
2016-12-26 00:00:00,    0.000000,-9999.000000,-9999.000000
2016-12-27 00:00:00,    0.000000,-9999.000000,-9999.000000
2016-12-28 00:00:00,    0.000000,-9999.000000,-9999.000000
2016-12-29 00:00:00,    0.000000,-9999.000000,-9999.000000
2016-12-30 00:00:00,    0.000000,-9999.000000,-9999.000000
2016-12-31 00:00:00,    0.000000,-9999.000000,-9999.000000
2017-01-01 00:00:00,    0.000000,-9999.000000,-9999.000000
2017-01-02 00:00:00,    0.000000,-9999.000000,-9999.000000
2017-01-03 00:00:00,    0.000000,-9999.000000,-9999.000000
2017-01-04 00:00:00,    0.000000,-9999.000000,-9999.000000
2017-01-05 00:00:00,    0.000000,-9999.000000,-9999.000000
2017-01-06 00:00:00,    0.000000,-9999.000000,-9999.000000
2017-01-07 00:00:00,    0.000000,-9999.000000,-9999.000000
2017-01-08 00:00:00,    0.000000,-9999.000000,-9999.000000
2017-01-09 00:00:00,    0.000000,-9999.000000,-9999.000000
2017-01-10 00:00:00,    0.000000,-9999.000000,-9999.000000
2017-01-11 00:00:00,    0.000000,-9999.000000,-9999.000000
2017-01-12 00:00:00,    0.000000,-9999.000000,-9999.000000
2017-01-13 00:00:00,    0.000000,-9999.000000,-9999.000000
2017-01-14 00:00:00,    0.000000,-9999.000000,-9999.000000
2017-01-15 00:00:00,    0.000000,-9999.000000,-9999.000000
2017-01-16 00:00:00,    0.000000,-9999.000000,-9999.000000
2017-01-17 00:00:00,    0.000000,-9999.000000,-9999.000000
2017-01-18 00:00:00,    0.000000,-9999.000000,-9999.000000
2017-01-19 00:00:00,    0.000000,-9999.000000,-9999.000000
2017-01-20 00:00:00,    0.000000,-9999.000000,-9999.000000
2017-01-21 00:00:00,    0.000000,-9999.000000,-9999.000000
2017-01-22 00:00:00,    0.000000,-9999.000000,-9999.000000
2017-01-23 00:00:00,    0.000000,-9999.000000,-9999.000000
2017-01-24 00:00:00,    0.000000,-9999.000000,-9999.000000
2017-01-25 00:00:00,    0.000000,-9999.000000,-9999.000000
2017-01-26 00:00:00,    0.000000,-9999.000000,-9999.000000
2017-01-27 00:00:00,    0.000000,-9999.000000,-9999.000000
2017-01-28 00:00:00,    0.000000,-9999.000000,-9999.000000
2017-01-29 00:00:00,    0.000000,-9999.000000,-9999.000000
2017-01-30 00:00:00,    0.000000,-9999.000000,-9999.000000
2017-01-31 00:00:00,    0.000000,-9999.000000,-9999.000000
2017-02-01 00:00:00,    0.000000,-9999.000000,-9999.000000
2017-02-02 00:00:00,    0.000000,-9999.000000,-9999.000000
2017-02-03 00:00:00,    0.000000,-9999.000000,-9999.000000
2017-02-04 00:00:00,    0.000000,-9999.000000,-9999.000000
2017-02-05 00:00:00,    0.000000,-9999.000000,-9999.000000
2017-02-06 00:00:00,    0.000000,-9999.000000,-9999.000000
2017-02-07 00:00:00,    0.000000,-9999.000000,-9999.000000
2017-02-08 00:00:00,    0.000000,-9999.000000,-9999.000000
2017-02-09 00:00:00,    0.000000,-9999.000000,-9999.000000
2017-02-10 00:00:00,    0.000000,-9999.000000,-9999.000000
2017-02-11 00:00:00,    0.000000,-9999.000000,-9999.000000
2017-02-12 00:00:00,    0.000000,-9999.000000,-9999.000000
2017-02-13 00:00:00,    0.000000,-9999.000000,-9999.000000
2017-02-14 00:00:00,    0.000000,-9999.000000,-9999.000000
2017-02-15 00:00:00,    0.000000,-9999.000000,-9999.000000
2017-02-16 00:00:00,    0.000000,-9999.000000,-9999.000000
2017-02-17 00:00:00,    0.000000,-9999.000000,-9999.000000
2017-02-18 00:00:00,    0.000000,-9999.000000,-9999.000000
2017-02-19 00:00:00,    0.000000,-9999.000000,-9999.000000
2017-02-20 00:00:00,    0.000000,-9999.000000,-9999.000000
2017-02-21 00:00:00,    0.000000,-9999.000000,-9999.000000
2017-02-22 00:00:00,    0.000000,-9999.000000,-9999.000000
2017-02-23 00:00:00,    0.000000,-9999.000000,-9999.000000
2017-02-24 00:00:00,    0.000000,-9999.000000,-9999.000000
2017-02-25 00:00:00,    0.000000,-9999.000000,-9999.000000
2017-02-26 00:00:00,    0.000000,-9999.000000,-9999.000000
2017-02-27 00:00:00,    0.000000,-9999.000000,-9999.000000
2017-02-28 00:00:00,    0.000000,-9999.000000,-9999.000000
2017-03-01 00:00:00,    0.000000,-9999.000000,-9999.000000
2017-03-02 00:00:00,    0.000000,-9999.000000,-9999.000000
2017-03-03 00:00:00,    0.000000,-9999.000000,-9999.000000
2017-03-04 00:00:00,    0.000000,-9999.000000,-9999.000000
2017-03-05 00:00:00,    0.000000,-9999.000000,-9999.000000
2017-03-06 00:00:00,    0.000000,-9999.000000,-9999.000000
2017-03-07 00:00:00,    0.000000,-9999.000000,-9999.000000
2017-03-08 00:00:00,    0.000000,-9999.000000,-9999.000000
2017-03-09 00:00:00,    0.000000,-9999.000000,-9999.000000
2017-03-10 00:00:00,    0.000000,-9999.000000,-9999.000000
2017-03-11 00:00:00,    0.000000,-9999.000000,-9999.000000
2017-03-12 00:00:00,    0.000000,-9999.000000,-9999.000000
2017-03-13 00:00:00,    0.000000,-9999.000000,-9999.000000
2017-03-14 00:00:00,    0.000000,-9999.000000,-9999.000000
2017-03-15 00:00:00,    0.000000,-9999.000000,-9999.000000
2017-03-16 00:00:00,    0.000000,-9999.000000,-9999.000000
2017-03-17 00:00:00,    0.000000,-9999.000000,-9999.000000
2017-03-18 00:00:00,    0.000000,-9999.000000,-9999.000000
2017-03-19 00:00:00,    0.000000,-9999.000000,-9999.000000
2017-03-20 00:00:00,    0.000000,-9999.000000,-9999.000000
2017-03-21 00:00:00,    0.000000,-9999.000000,-9999.000000
2017-03-22 00:00:00,    0.000000,-9999.000000,-9999.000000
2017-03-23 00:00:00,    0.000000,-9999.000000,-9999.000000
2017-03-24 00:00:00,    0.000000,-9999.000000,-9999.000000
2017-03-25 00:00:00,    0.000000,-9999.000000,-9999.000000
2017-03-26 00:00:00,    0.000000,-9999.000000,-9999.000000
2017-03-27 00:00:00,    0.000000,-9999.000000,-9999.000000
2017-03-28 00:00:00,    0.000000,-9999.000000,-9999.000000
2017-03-29 00:00:00,    0.000000,-9999.000000,-9999.000000
2017-03-30 00:00:00,    0.000000,-9999.000000,-9999.000000
2017-03-31 00:00:00,    0.000000,-9999.000000,-9999.000000
2017-04-01 00:00:00,    0.000000,-9999.000000,-9999.000000
2017-04-02 00:00:00,    0.000000,-9999.000000,-9999.000000
2017-04-03 00:00:00,    0.000000,-9999.000000,-9999.000000
2017-04-04 00:00:00,    0.000000,-9999.000000,-9999.000000
2017-04-05 00:00:00,    0.000000,-9999.000000,-9999.000000
2017-04-06 00:00:00,    0.000000,-9999.000000,-9999.000000
2017-04-07 00:00:00,    0.000000,-9999.000000,-9999.000000
2017-04-08 00:00:00,    0.000000,-9999.000000,-9999.000000
2017-04-09 00:00:00,    0.000000,-9999.000000,-9999.000000
2017-04-10 00:00:00,    0.000000,-9999.000000,-9999.000000
2017-04-11 00:00:00,    0.000000,-9999.000000,-9999.000000
2017-04-12 00:00:00,    0.000000,-9999.000000,-9999.000000
2017-04-13 00:00:00,    0.000000,-9999.000000,-9999.000000
2017-04-14 00:00:00,    0.000000,-9999.000000,-9999.000000
2017-04-15 00:00:00,    0.000000,-9999.000000,-9999.000000
2017-04-16 00:00:00,    0.000000,-9999.000000,-9999.000000
2017-04-17 00:00:00,    0.000000,-9999.000000,-9999.000000
2017-04-18 00:00:00,    0.000000,-9999.000000,-9999.000000
2017-04-19 00:00:00,    0.000000,-9999.000000,-9999.000000
2017-04-20 00:00:00,    0.000000,-9999.000000,-9999.000000
2017-04-21 00:00:00,    0.000000,-9999.000000,-9999.000000
2017-04-22 00:00:00,    0.000000,-9999.000000,-9999.000000
2017-04-23 00:00:00,    0.000000,-9999.000000,-9999.000000
2017-04-24 00:00:00,    0.000000,-9999.000000,-9999.000000
2017-04-25 00:00:00,    0.000000,-9999.000000,-9999.000000
2017-04-26 00:00:00,    0.000000,-9999.000000,-9999.000000
2017-04-27 00:00:00,    0.000000,-9999.000000,-9999.000000
2017-04-28 00:00:00,    0.000000,-9999.000000,-9999.000000
2017-04-29 00:00:00,    0.000000,-9999.000000,-9999.000000
2017-04-30 00:00:00,    0.000000,-9999.000000,-9999.000000
2017-05-01 00:00:00,    0.000000,-9999.000000,-9999.000000
2017-05-02 00:00:00,    0.000000,-9999.000000,-9999.000000
2017-05-03 00:00:00,    0.000000,-9999.000000,-9999.000000
2017-05-04 00:00:00,    0.000000,-9999.000000,-9999.000000
2017-05-05 00:00:00,    0.000000,-9999.000000,-9999.000000
2017-05-06 00:00:00,    0.000000,-9999.000000,-9999.000000
2017-05-07 00:00:00,    0.000000,-9999.000000,-9999.000000
2017-05-08 00:00:00,    0.000000,-9999.000000,-9999.000000
2017-05-09 00:00:00,    0.000000,-9999.000000,-9999.000000
2017-05-10 00:00:00,    0.000000,-9999.000000,-9999.000000
2017-05-11 00:00:00,    0.000000,-9999.000000,-9999.000000
2017-05-12 00:00:00,    0.000000,-9999.000000,-9999.000000
2017-05-13 00:00:00,    0.000000,-9999.000000,-9999.000000
2017-05-14 00:00:00,    0.000000,-9999.000000,-9999.000000
2017-05-15 00:00:00,    0.000000,-9999.000000,-9999.000000
2017-05-16 00:00:00,    0.000000,-9999.000000,-9999.000000
2017-05-17 00:00:00,    0.000000,-9999.000000,-9999.000000
2017-05-18 00:00:00,    0.000000,-9999.000000,-9999.000000
2017-05-19 00:00:00,    0.000000,-9999.000000,-9999.000000
2017-05-20 00:00:00,    0.000000,-9999.000000,-9999.000000
2017-05-21 00:00:00,    0.000000,-9999.000000,-9999.000000
2017-05-22 00:00:00,    0.000000,-9999.000000,-9999.000000
2017-05-23 00:00:00,    0.000000,-9999.000000,-9999.000000
2017-05-24 00:00:00,    0.000000,-9999.000000,-9999.000000
2017-05-25 00:00:00,    0.000000,-9999.000000,-9999.000000
2017-05-26 00:00:00,    0.000000,-9999.000000,-9999.000000
2017-05-27 00:00:00,    0.000000,-9999.000000,-9999.000000
2017-05-28 00:00:00,    0.000000,-9999.000000,-9999.000000
2017-05-29 00:00:00,    0.000000,-9999.000000,-9999.000000
2017-05-30 00:00:00,    0.000000,-9999.000000,-9999.000000
2017-05-31 00:00:00,    0.000000,-9999.000000,-9999.000000
2017-06-01 00:00:00,    0.000000,-9999.000000,-9999.000000
2017-06-02 00:00:00,    0.000000,-9999.000000,-9999.000000
2017-06-03 00:00:00,    0.000000,-9999.000000,-9999.000000
2017-06-04 00:00:00,    0.000000,-9999.000000,-9999.000000
2017-06-05 00:00:00,    0.000000,-9999.000000,-9999.000000
2017-06-06 00:00:00,    0.000000,-9999.000000,-9999.000000
2017-06-07 00:00:00,    0.000000,-9999.000000,-9999.000000
2017-06-08 00:00:00,    0.000000,-9999.000000,-9999.000000
2017-06-09 00:00:00,    0.000000,-9999.000000,-9999.000000
2017-06-10 00:00:00,    0.000000,-9999.000000,-9999.000000
2017-06-11 00:00:00,    0.000000,-9999.000000,-9999.000000
2017-06-12 00:00:00,    0.000000,-9999.000000,-9999.000000
2017-06-13 00:00:00,    0.000000,-9999.000000,-9999.000000
2017-06-14 00:00:00,    0.000000,-9999.000000,-9999.000000
2017-06-15 00:00:00,    0.000000,-9999.000000,-9999.000000
2017-06-16 00:00:00,    0.000000,-9999.000000,-9999.000000
2017-06-17 00:00:00,    0.000000,-9999.000000,-9999.000000
2017-06-18 00:00:00,    0.000000,-9999.000000,-9999.000000
2017-06-19 00:00:00,    0.000000,-9999.000000,-9999.000000
2017-06-20 00:00:00,    0.000000,-9999.000000,-9999.000000
2017-06-21 00:00:00,    0.000000,-9999.000000,-9999.000000
2017-06-22 00:00:00,    0.000000,-9999.000000,-9999.000000
2017-06-23 00:00:00,    0.000000,-9999.000000,-9999.000000
2017-06-24 00:00:00,    0.000000,-9999.000000,-9999.000000
2017-06-25 00:00:00,    0.000000,-9999.000000,-9999.000000
2017-06-26 00:00:00,    0.000000,-9999.000000,-9999.000000
2017-06-27 00:00:00,    0.000000,-9999.000000,-9999.000000
2017-06-28 00:00:00,    0.000000,-9999.000000,-9999.000000
2017-06-29 00:00:00,    0.000000,-9999.000000,-9999.000000
2017-06-30 00:00:00,    0.000000,-9999.000000,-9999.000000
2017-07-01 00:00:00,    0.000000,-9999.000000,-9999.000000
2017-07-02 00:00:00,    0.000000,-9999.000000,-9999.000000
2017-07-03 00:00:00,    0.000000,-9999.000000,-9999.000000
2017-07-04 00:00:00,    0.000000,-9999.000000,-9999.000000
2017-07-05 00:00:00,    0.000000,-9999.000000,-9999.000000
2017-07-06 00:00:00,    0.000000,-9999.000000,-9999.000000
2017-07-07 00:00:00,    0.000000,-9999.000000,-9999.000000
2017-07-08 00:00:00,    0.000000,-9999.000000,-9999.000000
2017-07-09 00:00:00,    0.000000,-9999.000000,-9999.000000
2017-07-10 00:00:00,    0.000000,-9999.000000,-9999.000000
2017-07-11 00:00:00,    0.000000,-9999.000000,-9999.000000
2017-07-12 00:00:00,    0.000000,-9999.000000,-9999.000000
2017-07-13 00:00:00,    0.000000,-9999.000000,-9999.000000
2017-07-14 00:00:00,    0.000000,-9999.000000,-9999.000000
2017-07-15 00:00:00,    0.000000,-9999.000000,-9999.000000
2017-07-16 00:00:00,    0.000000,-9999.000000,-9999.000000
2017-07-17 00:00:00,    0.000000,-9999.000000,-9999.000000
2017-07-18 00:00:00,    0.000000,-9999.000000,-9999.000000
2017-07-19 00:00:00,    0.000000,-9999.000000,-9999.000000
2017-07-20 00:00:00,    0.000000,-9999.000000,-9999.000000
2017-07-21 00:00:00,    0.000000,-9999.000000,-9999.000000
2017-07-22 00:00:00,    0.000000,-9999.000000,-9999.000000
2017-07-23 00:00:00,    0.000000,-9999.000000,-9999.000000
2017-07-24 00:00:00,    0.000000,-9999.000000,-9999.000000
2017-07-25 00:00:00,    0.000000,-9999.000000,-9999.000000
2017-07-26 00:00:00,    0.000000,-9999.000000,-9999.000000
2017-07-27 00:00:00,    0.000000,-9999.000000,-9999.000000
2017-07-28 00:00:00,    0.000000,-9999.000000,-9999.000000
2017-07-29 00:00:00,    0.000000,-9999.000000,-9999.000000
2017-07-30 00:00:00,    0.000000,-9999.000000,-9999.000000
2017-07-31 00:00:00,    0.000000,-9999.000000,-9999.000000
2017-08-01 00:00:00,    0.000000,-9999.000000,-9999.000000
2017-08-02 00:00:00,    0.000000,-9999.000000,-9999.000000
2017-08-03 00:00:00,    0.000000,-9999.000000,-9999.000000
2017-08-04 00:00:00,    0.000000,-9999.000000,-9999.000000
2017-08-05 00:00:00,    0.000000,-9999.000000,-9999.000000
2017-08-06 00:00:00,    0.000000,-9999.000000,-9999.000000
2017-08-07 00:00:00,    0.000000,-9999.000000,-9999.000000
2017-08-08 00:00:00,    0.000000,-9999.000000,-9999.000000
2017-08-09 00:00:00,    0.000000,-9999.000000,-9999.000000
2017-08-10 00:00:00,    0.000000,-9999.000000,-9999.000000
2017-08-11 00:00:00,    0.000000,-9999.000000,-9999.000000
2017-08-12 00:00:00,    0.000000,-9999.000000,-9999.000000
2017-08-13 00:00:00,    0.000000,-9999.000000,-9999.000000
2017-08-14 00:00:00,    0.000000,-9999.000000,-9999.000000
2017-08-15 00:00:00,    0.000000,-9999.000000,-9999.000000
2017-08-16 00:00:00,    0.000000,-9999.000000,-9999.000000
2017-08-17 00:00:00,    0.000000,-9999.000000,-9999.000000
2017-08-18 00:00:00,    0.000000,-9999.000000,-9999.000000
2017-08-19 00:00:00,    0.000000,-9999.000000,-9999.000000
2017-08-20 00:00:00,    0.000000,-9999.000000,-9999.000000
2017-08-21 00:00:00,    0.000000,-9999.000000,-9999.000000
2017-08-22 00:00:00,    0.000000,-9999.000000,-9999.000000
2017-08-23 00:00:00,    0.000000,-9999.000000,-9999.000000
2017-08-24 00:00:00,    0.000000,-9999.000000,-9999.000000
2017-08-25 00:00:00,    0.000000,-9999.000000,-9999.000000
2017-08-26 00:00:00,    0.000000,-9999.000000,-9999.000000
2017-08-27 00:00:00,    0.000000,-9999.000000,-9999.000000
2017-08-28 00:00:00,    0.000000,-9999.000000,-9999.000000
2017-08-29 00:00:00,    0.000000,-9999.000000,-9999.000000
2017-08-30 00:00:00,    0.000000,-9999.000000,-9999.000000
2017-08-31 00:00:00,    0.000000,-9999.000000,-9999.000000
2017-09-01 00:00:00,    0.000000,-9999.000000,-9999.000000
2017-09-02 00:00:00,    0.000000,-9999.000000,-9999.000000
2017-09-03 00:00:00,    0.000000,-9999.000000,-9999.000000
2017-09-04 00:00:00,    0.000000,-9999.000000,-9999.000000
2017-09-05 00:00:00,    0.000000,-9999.000000,-9999.000000
2017-09-06 00:00:00,    0.000000,-9999.000000,-9999.000000
2017-09-07 00:00:00,    0.000000,-9999.000000,-9999.000000
2017-09-08 00:00:00,    0.000000,-9999.000000,-9999.000000
2017-09-09 00:00:00,    0.000000,-9999.000000,-9999.000000
2017-09-10 00:00:00,    0.000000,-9999.000000,-9999.000000
2017-09-11 00:00:00,    0.000000,-9999.000000,-9999.000000
2017-09-12 00:00:00,    0.000000,-9999.000000,-9999.000000
2017-09-13 00:00:00,    0.000000,-9999.000000,-9999.000000
2017-09-14 00:00:00,    0.000000,-9999.000000,-9999.000000
2017-09-15 00:00:00,    0.000000,-9999.000000,-9999.000000
2017-09-16 00:00:00,    0.000000,-9999.000000,-9999.000000
2017-09-17 00:00:00,    0.000000,-9999.000000,-9999.000000
2017-09-18 00:00:00,    0.000000,-9999.000000,-9999.000000
2017-09-19 00:00:00,    0.000000,-9999.000000,-9999.000000
2017-09-20 00:00:00,    0.000000,-9999.000000,-9999.000000
2017-09-21 00:00:00,    0.000000,-9999.000000,-9999.000000
2017-09-22 00:00:00,    0.000000,-9999.000000,-9999.000000
2017-09-23 00:00:00,    0.000000,-9999.000000,-9999.000000
2017-09-24 00:00:00,    0.000000,-9999.000000,-9999.000000
2017-09-25 00:00:00,    0.000000,-9999.000000,-9999.000000
2017-09-26 00:00:00,    0.000000,-9999.000000,-9999.000000
2017-09-27 00:00:00,    0.000000,-9999.000000,-9999.000000
2017-09-28 00:00:00,    0.000000,-9999.000000,-9999.000000
2017-09-29 00:00:00,    0.000000,-9999.000000,-9999.000000
2017-09-30 00:00:00,    0.000000,-9999.000000,-9999.000000
2017-10-01 00:00:00,    0.000000,-9999.000000,-9999.000000
2017-10-02 00:00:00,    0.000000,-9999.000000,-9999.000000
2017-10-03 00:00:00,    0.000000,-9999.000000,-9999.000000
2017-10-04 00:00:00,    0.000000,-9999.000000,-9999.000000
2017-10-05 00:00:00,    0.000000,-9999.000000,-9999.000000
2017-10-06 00:00:00,    0.000000,-9999.000000,-9999.000000
2017-10-07 00:00:00,    0.000000,-9999.000000,-9999.000000
2017-10-08 00:00:00,    0.000000,-9999.000000,-9999.000000
2017-10-09 00:00:00,    0.000000,-9999.000000,-9999.000000
2017-10-10 00:00:00,    0.000000,-9999.000000,-9999.000000
2017-10-11 00:00:00,    0.000000,-9999.000000,-9999.000000
2017-10-12 00:00:00,    0.000000,-9999.000000,-9999.000000
2017-10-13 00:00:00,    0.000000,-9999.000000,-9999.000000
2017-10-14 00:00:00,    0.000000,-9999.000000,-9999.000000
2017-10-15 00:00:00,    0.000000,-9999.000000,-9999.000000
2017-10-16 00:00:00,    0.000000,-9999.000000,-9999.000000
2017-10-17 00:00:00,    0.000000,-9999.000000,-9999.000000
2017-10-18 00:00:00,    0.000000,-9999.000000,-9999.000000
2017-10-19 00:00:00,    0.000000,-9999.000000,-9999.000000
2017-10-20 00:00:00,    0.000000,-9999.000000,-9999.000000
2017-10-21 00:00:00,    0.000000,-9999.000000,-9999.000000
2017-10-22 00:00:00,    0.000000,-9999.000000,-9999.000000
2017-10-23 00:00:00,    0.000000,-9999.000000,-9999.000000
2017-10-24 00:00:00,    0.000000,-9999.000000,-9999.000000
2017-10-25 00:00:00,    0.000000,-9999.000000,-9999.000000
2017-10-26 00:00:00,    0.000000,-9999.000000,-9999.000000
2017-10-27 00:00:00,    0.000000,-9999.000000,-9999.000000
2017-10-28 00:00:00,    0.000000,-9999.000000,-9999.000000
2017-10-29 00:00:00,    0.000000,-9999.000000,-9999.000000
2017-10-30 00:00:00,    0.000000,-9999.000000,-9999.000000
2017-10-31 00:00:00,    0.000000,-9999.000000,-9999.000000
2017-11-01 00:00:00,    0.000000,-9999.000000,-9999.000000
2017-11-02 00:00:00,    0.000000,-9999.000000,-9999.000000
2017-11-03 00:00:00,    0.000000,-9999.000000,-9999.000000
2017-11-04 00:00:00,    0.000000,-9999.000000,-9999.000000
2017-11-05 00:00:00,    0.000000,-9999.000000,-9999.000000
2017-11-06 00:00:00,    0.000000,-9999.000000,-9999.000000
2017-11-07 00:00:00,    0.000000,-9999.000000,-9999.000000
2017-11-08 00:00:00,    0.000000,-9999.000000,-9999.000000
2017-11-09 00:00:00,    0.000000,-9999.000000,-9999.000000
2017-11-10 00:00:00,    0.000000,-9999.000000,-9999.000000
2017-11-11 00:00:00,    0.000000,-9999.000000,-9999.000000
2017-11-12 00:00:00,    0.000000,-9999.000000,-9999.000000
2017-11-13 00:00:00,    0.000000,-9999.000000,-9999.000000
2017-11-14 00:00:00,    0.000000,-9999.000000,-9999.000000
2017-11-15 00:00:00,    0.000000,-9999.000000,-9999.000000
2017-11-16 00:00:00,    0.000000,-9999.000000,-9999.000000
2017-11-17 00:00:00,    0.000000,-9999.000000,-9999.000000
2017-11-18 00:00:00,    0.000000,-9999.000000,-9999.000000
2017-11-19 00:00:00,    0.000000,-9999.000000,-9999.000000
2017-11-20 00:00:00,    0.000000,-9999.000000,-9999.000000
2017-11-21 00:00:00,    0.000000,-9999.000000,-9999.000000
2017-11-22 00:00:00,    0.000000,-9999.000000,-9999.000000
2017-11-23 00:00:00,    0.000000,-9999.000000,-9999.000000
2017-11-24 00:00:00,    0.000000,-9999.000000,-9999.000000
2017-11-25 00:00:00,    0.000000,-9999.000000,-9999.000000
2017-11-26 00:00:00,    0.000000,-9999.000000,-9999.000000
2017-11-27 00:00:00,    0.000000,-9999.000000,-9999.000000
2017-11-28 00:00:00,    0.000000,-9999.000000,-9999.000000
2017-11-29 00:00:00,    0.000000,-9999.000000,-9999.000000
2017-11-30 00:00:00,    0.000000,-9999.000000,-9999.000000
2017-12-01 00:00:00,    0.000000,-9999.000000,-9999.000000
2017-12-02 00:00:00,    0.000000,-9999.000000,-9999.000000
2017-12-03 00:00:00,    0.000000,-9999.000000,-9999.000000
2017-12-04 00:00:00,    0.000000,-9999.000000,-9999.000000
2017-12-05 00:00:00,    0.000000,-9999.000000,-9999.000000
2017-12-06 00:00:00,    0.000000,-9999.000000,-9999.000000
2017-12-07 00:00:00,    0.000000,-9999.000000,-9999.000000
2017-12-08 00:00:00,    0.000000,-9999.000000,-9999.000000
2017-12-09 00:00:00,    0.000000,-9999.000000,-9999.000000
2017-12-10 00:00:00,    0.000000,-9999.000000,-9999.000000
2017-12-11 00:00:00,    0.000000,-9999.000000,-9999.000000
2017-12-12 00:00:00,    0.000000,-9999.000000,-9999.000000
2017-12-13 00:00:00,    0.000000,-9999.000000,-9999.000000
2017-12-14 00:00:00,    0.000000,-9999.000000,-9999.000000
2017-12-15 00:00:00,    0.000000,-9999.000000,-9999.000000
2017-12-16 00:00:00,    0.000000,-9999.000000,-9999.000000
2017-12-17 00:00:00,    0.000000,-9999.000000,-9999.000000
2017-12-18 00:00:00,    0.000000,-9999.000000,-9999.000000
2017-12-19 00:00:00,    0.000000,-9999.000000,-9999.000000
2017-12-20 00:00:00,    0.000000,-9999.000000,-9999.000000
2017-12-21 00:00:00,    0.000000,-9999.000000,-9999.000000
2017-12-22 00:00:00,    0.000000,-9999.000000,-9999.000000
2017-12-23 00:00:00,    0.000000,-9999.000000,-9999.000000
2017-12-24 00:00:00,    0.000000,-9999.000000,-9999.000000
2017-12-25 00:00:00,    0.000000,-9999.000000,-9999.000000
2017-12-26 00:00:00,    0.000000,-9999.000000,-9999.000000
2017-12-27 00:00:00,    0.000000,-9999.000000,-9999.000000
2017-12-28 00:00:00,    0.000000,-9999.000000,-9999.000000
2017-12-29 00:00:00,    0.000000,-9999.000000,-9999.000000
2017-12-30 00:00:00,    0.000000,-9999.000000,-9999.000000
2017-12-31 00:00:00,    0.000000,-9999.000000,-9999.000000
2018-01-01 00:00:00,    0.000000,-9999.000000,-9999.000000
2018-01-02 00:00:00,    0.000000,-9999.000000,-9999.000000
2018-01-03 00:00:00,    0.000000,-9999.000000,-9999.000000
2018-01-04 00:00:00,    0.000000,-9999.000000,-9999.000000
2018-01-05 00:00:00,    0.000000,-9999.000000,-9999.000000
2018-01-06 00:00:00,    0.000000,-9999.000000,-9999.000000
2018-01-07 00:00:00,    0.000000,-9999.000000,-9999.000000
2018-01-08 00:00:00,    0.000000,-9999.000000,-9999.000000
2018-01-09 00:00:00,    0.000000,-9999.000000,-9999.000000
2018-01-10 00:00:00,    0.000000,-9999.000000,-9999.000000
2018-01-11 00:00:00,    0.000000,-9999.000000,-9999.000000
2018-01-12 00:00:00,    0.000000,-9999.000000,-9999.000000
2018-01-13 00:00:00,    0.000000,-9999.000000,-9999.000000
2018-01-14 00:00:00,    0.000000,-9999.000000,-9999.000000
2018-01-15 00:00:00,    0.000000,-9999.000000,-9999.000000
2018-01-16 00:00:00,    0.000000,-9999.000000,-9999.000000
2018-01-17 00:00:00,    0.000000,-9999.000000,-9999.000000
2018-01-18 00:00:00,    0.000000,-9999.000000,-9999.000000
2018-01-19 00:00:00,    0.000000,-9999.000000,-9999.000000
2018-01-20 00:00:00,    0.000000,-9999.000000,-9999.000000
2018-01-21 00:00:00,    0.000000,-9999.000000,-9999.000000
2018-01-22 00:00:00,    0.000000,-9999.000000,-9999.000000
2018-01-23 00:00:00,    0.000000,-9999.000000,-9999.000000
2018-01-24 00:00:00,    0.000000,-9999.000000,-9999.000000
2018-01-25 00:00:00,    0.000000,-9999.000000,-9999.000000
2018-01-26 00:00:00,    0.000000,-9999.000000,-9999.000000
2018-01-27 00:00:00,    0.000000,-9999.000000,-9999.000000
2018-01-28 00:00:00,    0.000000,-9999.000000,-9999.000000
2018-01-29 00:00:00,    0.000000,-9999.000000,-9999.000000
2018-01-30 00:00:00,    0.000000,-9999.000000,-9999.000000
2018-01-31 00:00:00,    0.000000,-9999.000000,-9999.000000
2018-02-01 00:00:00,    0.000000,-9999.000000,-9999.000000
2018-02-02 00:00:00,    0.000000,-9999.000000,-9999.000000
2018-02-03 00:00:00,    0.000000,-9999.000000,-9999.000000
2018-02-04 00:00:00,    0.000000,-9999.000000,-9999.000000
2018-02-05 00:00:00,    0.000000,-9999.000000,-9999.000000
2018-02-06 00:00:00,    0.000000,-9999.000000,-9999.000000
2018-02-07 00:00:00,    0.000000,-9999.000000,-9999.000000
2018-02-08 00:00:00,    0.000000,-9999.000000,-9999.000000
2018-02-09 00:00:00,    0.000000,-9999.000000,-9999.000000
2018-02-10 00:00:00,    0.000000,-9999.000000,-9999.000000
2018-02-11 00:00:00,    0.000000,-9999.000000,-9999.000000
2018-02-12 00:00:00,    0.000000,-9999.000000,-9999.000000
2018-02-13 00:00:00,    0.000000,-9999.000000,-9999.000000
2018-02-14 00:00:00,    0.000000,-9999.000000,-9999.000000
2018-02-15 00:00:00,    0.000000,-9999.000000,-9999.000000
2018-02-16 00:00:00,    0.000000,-9999.000000,-9999.000000
2018-02-17 00:00:00,    0.000000,-9999.000000,-9999.000000
2018-02-18 00:00:00,    0.000000,-9999.000000,-9999.000000
2018-02-19 00:00:00,    0.000000,-9999.000000,-9999.000000
2018-02-20 00:00:00,    0.000000,-9999.000000,-9999.000000
2018-02-21 00:00:00,    0.000000,-9999.000000,-9999.000000
2018-02-22 00:00:00,    0.000000,-9999.000000,-9999.000000
2018-02-23 00:00:00,    0.000000,-9999.000000,-9999.000000
2018-02-24 00:00:00,    0.000000,-9999.000000,-9999.000000
2018-02-25 00:00:00,    0.000000,-9999.000000,-9999.000000
2018-02-26 00:00:00,    0.000000,-9999.000000,-9999.000000
2018-02-27 00:00:00,    0.000000,-9999.000000,-9999.000000
2018-02-28 00:00:00,    0.000000,-9999.000000,-9999.000000
2018-03-01 00:00:00,    0.000000,-9999.000000,-9999.000000
2018-03-02 00:00:00,    0.000000,-9999.000000,-9999.000000
2018-03-03 00:00:00,    0.000000,-9999.000000,-9999.000000
2018-03-04 00:00:00,    0.000000,-9999.000000,-9999.000000
2018-03-05 00:00:00,    0.000000,-9999.000000,-9999.000000
2018-03-06 00:00:00,    0.000000,-9999.000000,-9999.000000
2018-03-07 00:00:00,    0.000000,-9999.000000,-9999.000000
2018-03-08 00:00:00,    0.000000,-9999.000000,-9999.000000
2018-03-09 00:00:00,    0.000000,-9999.000000,-9999.000000
2018-03-10 00:00:00,    0.000000,-9999.000000,-9999.000000
2018-03-11 00:00:00,    0.000000,-9999.000000,-9999.000000
2018-03-12 00:00:00,    0.000000,-9999.000000,-9999.000000
2018-03-13 00:00:00,    0.000000,-9999.000000,-9999.000000
2018-03-14 00:00:00,    0.000000,-9999.000000,-9999.000000
2018-03-15 00:00:00,    0.000000,-9999.000000,-9999.000000
2018-03-16 00:00:00,    0.000000,-9999.000000,-9999.000000
2018-03-17 00:00:00,    0.000000,-9999.000000,-9999.000000
2018-03-18 00:00:00,    0.000000,-9999.000000,-9999.000000
2018-03-19 00:00:00,    0.000000,-9999.000000,-9999.000000
2018-03-20 00:00:00,    0.000000,-9999.000000,-9999.000000
2018-03-21 00:00:00,    0.000000,-9999.000000,-9999.000000
2018-03-22 00:00:00,    0.000000,-9999.000000,-9999.000000
2018-03-23 00:00:00,    0.000000,-9999.000000,-9999.000000
2018-03-24 00:00:00,    0.000000,-9999.000000,-9999.000000
2018-03-25 00:00:00,    0.000000,-9999.000000,-9999.000000
2018-03-26 00:00:00,    0.000000,-9999.000000,-9999.000000
2018-03-27 00:00:00,    0.000000,-9999.000000,-9999.000000
2018-03-28 00:00:00,    0.000000,-9999.000000,-9999.000000
2018-03-29 00:00:00,    0.000000,-9999.000000,-9999.000000
2018-03-30 00:00:00,    0.000000,-9999.000000,-9999.000000
2018-03-31 00:00:00,    0.000000,-9999.000000,-9999.000000
2018-04-01 00:00:00,    0.000000,-9999.000000,-9999.000000
2018-04-02 00:00:00,    0.000000,-9999.000000,-9999.000000
2018-04-03 00:00:00,    0.000000,-9999.000000,-9999.000000
2018-04-04 00:00:00,    0.000000,-9999.000000,-9999.000000
2018-04-05 00:00:00,    0.000000,-9999.000000,-9999.000000
2018-04-06 00:00:00,    0.000000,-9999.000000,-9999.000000
2018-04-07 00:00:00,    0.000000,-9999.000000,-9999.000000
2018-04-08 00:00:00,    0.000000,-9999.000000,-9999.000000
2018-04-09 00:00:00,    0.000000,-9999.000000,-9999.000000
2018-04-10 00:00:00,    0.000000,-9999.000000,-9999.000000
2018-04-11 00:00:00,    0.000000,-9999.000000,-9999.000000
2018-04-12 00:00:00,    0.000000,-9999.000000,-9999.000000
2018-04-13 00:00:00,    0.000000,-9999.000000,-9999.000000
2018-04-14 00:00:00,    0.000000,-9999.000000,-9999.000000
2018-04-15 00:00:00,    0.000000,-9999.000000,-9999.000000
2018-04-16 00:00:00,    0.000000,-9999.000000,-9999.000000
2018-04-17 00:00:00,    0.000000,-9999.000000,-9999.000000
2018-04-18 00:00:00,    0.000000,-9999.000000,-9999.000000
2018-04-19 00:00:00,    0.000000,-9999.000000,-9999.000000
2018-04-20 00:00:00,    0.000000,-9999.000000,-9999.000000
2018-04-21 00:00:00,    0.000000,-9999.000000,-9999.000000
2018-04-22 00:00:00,    0.000000,-9999.000000,-9999.000000
2018-04-23 00:00:00,    0.000000,-9999.000000,-9999.000000
2018-04-24 00:00:00,    0.000000,-9999.000000,-9999.000000
2018-04-25 00:00:00,    0.000000,-9999.000000,-9999.000000
2018-04-26 00:00:00,    0.000000,-9999.000000,-9999.000000
2018-04-27 00:00:00,    0.000000,-9999.000000,-9999.000000
2018-04-28 00:00:00,    0.000000,-9999.000000,-9999.000000
2018-04-29 00:00:00,    0.000000,-9999.000000,-9999.000000
2018-04-30 00:00:00,    0.000000,-9999.000000,-9999.000000
2018-05-01 00:00:00,    0.000000,-9999.000000,-9999.000000
2018-05-02 00:00:00,    0.000000,-9999.000000,-9999.000000
2018-05-03 00:00:00,    0.000000,-9999.000000,-9999.000000
2018-05-04 00:00:00,    0.000000,-9999.000000,-9999.000000
2018-05-05 00:00:00,    0.000000,-9999.000000,-9999.000000
2018-05-06 00:00:00,    0.000000,-9999.000000,-9999.000000
2018-05-07 00:00:00,    0.000000,-9999.000000,-9999.000000
2018-05-08 00:00:00,    0.000000,-9999.000000,-9999.000000
2018-05-09 00:00:00,    0.000000,-9999.000000,-9999.000000
2018-05-10 00:00:00,    0.000000,-9999.000000,-9999.000000
2018-05-11 00:00:00,    0.000000,-9999.000000,-9999.000000
2018-05-12 00:00:00,    0.000000,-9999.000000,-9999.000000
2018-05-13 00:00:00,    0.000000,-9999.000000,-9999.000000
2018-05-14 00:00:00,    0.000000,-9999.000000,-9999.000000
2018-05-15 00:00:00,    0.000000,-9999.000000,-9999.000000
2018-05-16 00:00:00,    0.000000,-9999.000000,-9999.000000
2018-05-17 00:00:00,    0.000000,-9999.000000,-9999.000000
2018-05-18 00:00:00,    0.000000,-9999.000000,-9999.000000
2018-05-19 00:00:00,    0.000000,-9999.000000,-9999.000000
2018-05-20 00:00:00,    0.000000,-9999.000000,-9999.000000
2018-05-21 00:00:00,    0.000000,-9999.000000,-9999.000000
2018-05-22 00:00:00,    0.000000,-9999.000000,-9999.000000
2018-05-23 00:00:00,    0.000000,-9999.000000,-9999.000000
2018-05-24 00:00:00,    0.000000,-9999.000000,-9999.000000
2018-05-25 00:00:00,    0.000000,-9999.000000,-9999.000000
2018-05-26 00:00:00,    0.000000,-9999.000000,-9999.000000
2018-05-27 00:00:00,    0.000000,-9999.000000,-9999.000000
2018-05-28 00:00:00,    0.000000,-9999.000000,-9999.000000
2018-05-29 00:00:00,    0.000000,-9999.000000,-9999.000000
2018-05-30 00:00:00,    0.000000,-9999.000000,-9999.000000
2018-05-31 00:00:00,    0.000000,-9999.000000,-9999.000000
2018-06-01 00:00:00,    0.000000,-9999.000000,-9999.000000
2018-06-02 00:00:00,    0.000000,-9999.000000,-9999.000000
2018-06-03 00:00:00,    0.000000,-9999.000000,-9999.000000
2018-06-04 00:00:00,    0.000000,-9999.000000,-9999.000000
2018-06-05 00:00:00,    0.000000,-9999.000000,-9999.000000
2018-06-06 00:00:00,    0.000000,-9999.000000,-9999.000000
2018-06-07 00:00:00,    0.000000,-9999.000000,-9999.000000
2018-06-08 00:00:00,    0.000000,-9999.000000,-9999.000000
2018-06-09 00:00:00,    0.000000,-9999.000000,-9999.000000
2018-06-10 00:00:00,    0.000000,-9999.000000,-9999.000000
2018-06-11 00:00:00,    0.000000,-9999.000000,-9999.000000
2018-06-12 00:00:00,    0.000000,-9999.000000,-9999.000000
2018-06-13 00:00:00,    0.000000,-9999.000000,-9999.000000
2018-06-14 00:00:00,    0.000000,-9999.000000,-9999.000000
2018-06-15 00:00:00,    0.000000,-9999.000000,-9999.000000
2018-06-16 00:00:00,    0.000000,-9999.000000,-9999.000000
2018-06-17 00:00:00,    0.000000,-9999.000000,-9999.000000
2018-06-18 00:00:00,    0.000000,-9999.000000,-9999.000000
2018-06-19 00:00:00,    0.000000,-9999.000000,-9999.000000
2018-06-20 00:00:00,    0.000000,-9999.000000,-9999.000000
2018-06-21 00:00:00,    0.000000,-9999.000000,-9999.000000
2018-06-22 00:00:00,    0.000000,-9999.000000,-9999.000000
2018-06-23 00:00:00,    0.000000,-9999.000000,-9999.000000
2018-06-24 00:00:00,    0.000000,-9999.000000,-9999.000000
2018-06-25 00:00:00,    0.000000,-9999.000000,-9999.000000
2018-06-26 00:00:00,    0.000000,-9999.000000,-9999.000000
2018-06-27 00:00:00,    0.000000,-9999.000000,-9999.000000
2018-06-28 00:00:00,    0.000000,-9999.000000,-9999.000000
2018-06-29 00:00:00,    0.000000,-9999.000000,-9999.000000
2018-06-30 00:00:00,    0.000000,-9999.000000,-9999.000000
2018-07-01 00:00:00,    0.000000,-9999.000000,-9999.000000
2018-07-02 00:00:00,    0.000000,-9999.000000,-9999.000000
2018-07-03 00:00:00,    0.000000,-9999.000000,-9999.000000
2018-07-04 00:00:00,    0.000000,-9999.000000,-9999.000000
2018-07-05 00:00:00,    0.000000,-9999.000000,-9999.000000
2018-07-06 00:00:00,    0.000000,-9999.000000,-9999.000000
2018-07-07 00:00:00,    0.000000,-9999.000000,-9999.000000
2018-07-08 00:00:00,    0.000000,-9999.000000,-9999.000000
2018-07-09 00:00:00,    0.000000,-9999.000000,-9999.000000
2018-07-10 00:00:00,    0.000000,-9999.000000,-9999.000000
2018-07-11 00:00:00,    0.000000,-9999.000000,-9999.000000
2018-07-12 00:00:00,    0.000000,-9999.000000,-9999.000000
2018-07-13 00:00:00,    0.000000,-9999.000000,-9999.000000
2018-07-14 00:00:00,    0.000000,-9999.000000,-9999.000000
2018-07-15 00:00:00,    0.000000,-9999.000000,-9999.000000
2018-07-16 00:00:00,    0.000000,-9999.000000,-9999.000000
2018-07-17 00:00:00,    0.000000,-9999.000000,-9999.000000
2018-07-18 00:00:00,    0.000000,-9999.000000,-9999.000000
2018-07-19 00:00:00,    0.000000,-9999.000000,-9999.000000
2018-07-20 00:00:00,    0.000000,-9999.000000,-9999.000000
2018-07-21 00:00:00,    0.000000,-9999.000000,-9999.000000
2018-07-22 00:00:00,    0.000000,-9999.000000,-9999.000000
2018-07-23 00:00:00,    0.000000,-9999.000000,-9999.000000
2018-07-24 00:00:00,    0.000000,-9999.000000,-9999.000000
2018-07-25 00:00:00,    0.000000,-9999.000000,-9999.000000
2018-07-26 00:00:00,    0.000000,-9999.000000,-9999.000000
2018-07-27 00:00:00,    0.000000,-9999.000000,-9999.000000
2018-07-28 00:00:00,    0.000000,-9999.000000,-9999.000000
2018-07-29 00:00:00,    0.000000,-9999.000000,-9999.000000
2018-07-30 00:00:00,    0.000000,-9999.000000,-9999.000000
2018-07-31 00:00:00,    0.000000,-9999.000000,-9999.000000
2018-08-01 00:00:00,    0.000000,-9999.000000,-9999.000000
2018-08-02 00:00:00,    0.000000,-9999.000000,-9999.000000
2018-08-03 00:00:00,    0.000000,-9999.000000,-9999.000000
2018-08-04 00:00:00,    0.000000,-9999.000000,-9999.000000
2018-08-05 00:00:00,    0.000000,-9999.000000,-9999.000000
2018-08-06 00:00:00,    0.000000,-9999.000000,-9999.000000
2018-08-07 00:00:00,    0.000000,-9999.000000,-9999.000000
2018-08-08 00:00:00,    0.000000,-9999.000000,-9999.000000
2018-08-09 00:00:00,    0.000000,-9999.000000,-9999.000000
2018-08-10 00:00:00,    0.000000,-9999.000000,-9999.000000
2018-08-11 00:00:00,    0.000000,-9999.000000,-9999.000000
2018-08-12 00:00:00,    0.000000,-9999.000000,-9999.000000
2018-08-13 00:00:00,    0.000000,-9999.000000,-9999.000000
2018-08-14 00:00:00,    0.000000,-9999.000000,-9999.000000
2018-08-15 00:00:00,    0.000000,-9999.000000,-9999.000000
2018-08-16 00:00:00,    0.000000,-9999.000000,-9999.000000
2018-08-17 00:00:00,    0.000000,-9999.000000,-9999.000000
2018-08-18 00:00:00,    0.000000,-9999.000000,-9999.000000
2018-08-19 00:00:00,    0.000000,-9999.000000,-9999.000000
2018-08-20 00:00:00,    0.000000,-9999.000000,-9999.000000
2018-08-21 00:00:00,    0.000000,-9999.000000,-9999.000000
2018-08-22 00:00:00,    0.000000,-9999.000000,-9999.000000
2018-08-23 00:00:00,    0.000000,-9999.000000,-9999.000000
2018-08-24 00:00:00,    0.000000,-9999.000000,-9999.000000
2018-08-25 00:00:00,    0.000000,-9999.000000,-9999.000000
2018-08-26 00:00:00,    0.000000,-9999.000000,-9999.000000
2018-08-27 00:00:00,    0.000000,-9999.000000,-9999.000000
2018-08-28 00:00:00,    0.000000,-9999.000000,-9999.000000
2018-08-29 00:00:00,    0.000000,-9999.000000,-9999.000000
2018-08-30 00:00:00,    0.000000,-9999.000000,-9999.000000
2018-08-31 00:00:00,    0.000000,-9999.000000,-9999.000000
2018-09-01 00:00:00,    0.000000,-9999.000000,-9999.000000
2018-09-02 00:00:00,    0.000000,-9999.000000,-9999.000000
2018-09-03 00:00:00,    0.000000,-9999.000000,-9999.000000
2018-09-04 00:00:00,    0.000000,-9999.000000,-9999.000000
2018-09-05 00:00:00,    0.000000,-9999.000000,-9999.000000
2018-09-06 00:00:00,    0.000000,-9999.000000,-9999.000000
2018-09-07 00:00:00,    0.000000,-9999.000000,-9999.000000
2018-09-08 00:00:00,    0.000000,-9999.000000,-9999.000000
2018-09-09 00:00:00,    0.000000,-9999.000000,-9999.000000
2018-09-10 00:00:00,    0.000000,-9999.000000,-9999.000000
2018-09-11 00:00:00,    0.000000,-9999.000000,-9999.000000
2018-09-12 00:00:00,    0.000000,-9999.000000,-9999.000000
2018-09-13 00:00:00,    0.000000,-9999.000000,-9999.000000
2018-09-14 00:00:00,    0.000000,-9999.000000,-9999.000000
2018-09-15 00:00:00,    0.000000,-9999.000000,-9999.000000
2018-09-16 00:00:00,    0.000000,-9999.000000,-9999.000000
2018-09-17 00:00:00,    0.000000,-9999.000000,-9999.000000
2018-09-18 00:00:00,    0.000000,-9999.000000,-9999.000000
2018-09-19 00:00:00,    0.000000,-9999.000000,-9999.000000
2018-09-20 00:00:00,    0.000000,-9999.000000,-9999.000000
2018-09-21 00:00:00,    0.000000,-9999.000000,-9999.000000
2018-09-22 00:00:00,    0.000000,-9999.000000,-9999.000000
2018-09-23 00:00:00,    0.000000,-9999.000000,-9999.000000
2018-09-24 00:00:00,    0.000000,-9999.000000,-9999.000000
2018-09-25 00:00:00,    0.000000,-9999.000000,-9999.000000
2018-09-26 00:00:00,    0.000000,-9999.000000,-9999.000000
2018-09-27 00:00:00,    0.000000,-9999.000000,-9999.000000
2018-09-28 00:00:00,    0.000000,-9999.000000,-9999.000000
2018-09-29 00:00:00,    0.000000,-9999.000000,-9999.000000
2018-09-30 00:00:00,    0.000000,-9999.000000,-9999.000000
2018-10-01 00:00:00,    0.000000,-9999.000000,-9999.000000
2018-10-02 00:00:00,    0.000000,-9999.000000,-9999.000000
2018-10-03 00:00:00,    0.000000,-9999.000000,-9999.000000
2018-10-04 00:00:00,    0.000000,-9999.000000,-9999.000000
2018-10-05 00:00:00,    0.000000,-9999.000000,-9999.000000
2018-10-06 00:00:00,    0.000000,-9999.000000,-9999.000000
2018-10-07 00:00:00,    0.000000,-9999.000000,-9999.000000
2018-10-08 00:00:00,    0.000000,-9999.000000,-9999.000000
2018-10-09 00:00:00,    0.000000,-9999.000000,-9999.000000
2018-10-10 00:00:00,    0.000000,-9999.000000,-9999.000000
2018-10-11 00:00:00,    0.000000,-9999.000000,-9999.000000
2018-10-12 00:00:00,    0.000000,-9999.000000,-9999.000000
2018-10-13 00:00:00,    0.000000,-9999.000000,-9999.000000
2018-10-14 00:00:00,    0.000000,-9999.000000,-9999.000000
2018-10-15 00:00:00,    0.000000,-9999.000000,-9999.000000
2018-10-16 00:00:00,    0.000000,-9999.000000,-9999.000000
2018-10-17 00:00:00,    0.000000,-9999.000000,-9999.000000
2018-10-18 00:00:00,    0.000000,-9999.000000,-9999.000000
2018-10-19 00:00:00,    0.000000,-9999.000000,-9999.000000
2018-10-20 00:00:00,    0.000000,-9999.000000,-9999.000000
2018-10-21 00:00:00,    0.000000,-9999.000000,-9999.000000
2018-10-22 00:00:00,    0.000000,-9999.000000,-9999.000000
2018-10-23 00:00:00,    0.000000,-9999.000000,-9999.000000
2018-10-24 00:00:00,    0.000000,-9999.000000,-9999.000000
2018-10-25 00:00:00,    0.000000,-9999.000000,-9999.000000
2018-10-26 00:00:00,    0.000000,-9999.000000,-9999.000000
2018-10-27 00:00:00,    0.000000,-9999.000000,-9999.000000
2018-10-28 00:00:00,    0.000000,-9999.000000,-9999.000000
2018-10-29 00:00:00,    0.000000,-9999.000000,-9999.000000
2018-10-30 00:00:00,    0.000000,-9999.000000,-9999.000000
2018-10-31 00:00:00,    0.000000,-9999.000000,-9999.000000
2018-11-01 00:00:00,    0.000000,-9999.000000,-9999.000000
2018-11-02 00:00:00,    0.000000,-9999.000000,-9999.000000
2018-11-03 00:00:00,    0.000000,-9999.000000,-9999.000000
2018-11-04 00:00:00,    0.000000,-9999.000000,-9999.000000
2018-11-05 00:00:00,    0.000000,-9999.000000,-9999.000000
2018-11-06 00:00:00,    0.000000,-9999.000000,-9999.000000
2018-11-07 00:00:00,    0.000000,-9999.000000,-9999.000000
2018-11-08 00:00:00,    0.000000,-9999.000000,-9999.000000
2018-11-09 00:00:00,    0.000000,-9999.000000,-9999.000000
2018-11-10 00:00:00,    0.000000,-9999.000000,-9999.000000
2018-11-11 00:00:00,    0.000000,-9999.000000,-9999.000000
2018-11-12 00:00:00,    0.000000,-9999.000000,-9999.000000
2018-11-13 00:00:00,    0.000000,-9999.000000,-9999.000000
2018-11-14 00:00:00,    0.000000,-9999.000000,-9999.000000
2018-11-15 00:00:00,    0.000000,-9999.000000,-9999.000000
2018-11-16 00:00:00,    0.000000,-9999.000000,-9999.000000
2018-11-17 00:00:00,    0.000000,-9999.000000,-9999.000000
2018-11-18 00:00:00,    0.000000,-9999.000000,-9999.000000
2018-11-19 00:00:00,    0.000000,-9999.000000,-9999.000000
2018-11-20 00:00:00,    0.000000,-9999.000000,-9999.000000
2018-11-21 00:00:00,    0.000000,-9999.000000,-9999.000000
2018-11-22 00:00:00,    0.000000,-9999.000000,-9999.000000
2018-11-23 00:00:00,    0.000000,-9999.000000,-9999.000000
2018-11-24 00:00:00,    0.000000,-9999.000000,-9999.000000
2018-11-25 00:00:00,    0.000000,-9999.000000,-9999.000000
2018-11-26 00:00:00,    0.000000,-9999.000000,-9999.000000
2018-11-27 00:00:00,    0.000000,-9999.000000,-9999.000000
2018-11-28 00:00:00,    0.000000,-9999.000000,-9999.000000
2018-11-29 00:00:00,    0.000000,-9999.000000,-9999.000000
2018-11-30 00:00:00,    0.000000,-9999.000000,-9999.000000
2018-12-01 00:00:00,    0.000000,-9999.000000,-9999.000000
2018-12-02 00:00:00,    0.000000,-9999.000000,-9999.000000
2018-12-03 00:00:00,    0.000000,-9999.000000,-9999.000000
2018-12-04 00:00:00,    0.000000,-9999.000000,-9999.000000
2018-12-05 00:00:00,    0.000000,-9999.000000,-9999.000000
2018-12-06 00:00:00,    0.000000,-9999.000000,-9999.000000
2018-12-07 00:00:00,    0.000000,-9999.000000,-9999.000000
2018-12-08 00:00:00,    0.000000,-9999.000000,-9999.000000
2018-12-09 00:00:00,    0.000000,-9999.000000,-9999.000000
2018-12-10 00:00:00,    0.000000,-9999.000000,-9999.000000
2018-12-11 00:00:00,    0.000000,-9999.000000,-9999.000000
2018-12-12 00:00:00,    0.000000,-9999.000000,-9999.000000
2018-12-13 00:00:00,    0.000000,-9999.000000,-9999.000000
2018-12-14 00:00:00,    0.000000,-9999.000000,-9999.000000
2018-12-15 00:00:00,    0.000000,-9999.000000,-9999.000000
2018-12-16 00:00:00,    0.000000,-9999.000000,-9999.000000
2018-12-17 00:00:00,    0.000000,-9999.000000,-9999.000000
2018-12-18 00:00:00,    0.000000,-9999.000000,-9999.000000
2018-12-19 00:00:00,    0.000000,-9999.000000,-9999.000000
2018-12-20 00:00:00,    0.000000,-9999.000000,-9999.000000
2018-12-21 00:00:00,    0.000000,-9999.000000,-9999.000000
2018-12-22 00:00:00,    0.000000,-9999.000000,-9999.000000
2018-12-23 00:00:00,    0.000000,-9999.000000,-9999.000000
2018-12-24 00:00:00,    0.000000,-9999.000000,-9999.000000
2018-12-25 00:00:00,    0.000000,-9999.000000,-9999.000000
2018-12-26 00:00:00,    0.000000,-9999.000000,-9999.000000
2018-12-27 00:00:00,    0.000000,-9999.000000,-9999.000000
2018-12-28 00:00:00,    0.000000,-9999.000000,-9999.000000
2018-12-29 00:00:00,    0.000000,-9999.000000,-9999.000000
2018-12-30 00:00:00,    0.000000,-9999.000000,-9999.000000
2018-12-31 00:00:00,    0.000000,-9999.000000,-9999.000000
2019-01-01 00:00:00,    0.000000,-9999.000000,-9999.000000
2019-01-02 00:00:00,    0.000000,-9999.000000,-9999.000000
2019-01-03 00:00:00,    0.000000,-9999.000000,-9999.000000
2019-01-04 00:00:00,    0.000000,-9999.000000,-9999.000000
2019-01-05 00:00:00,    0.000000,-9999.000000,-9999.000000
2019-01-06 00:00:00,    0.000000,-9999.000000,-9999.000000
2019-01-07 00:00:00,    0.000000,-9999.000000,-9999.000000
2019-01-08 00:00:00,    0.000000,-9999.000000,-9999.000000
2019-01-09 00:00:00,    0.000000,-9999.000000,-9999.000000
2019-01-10 00:00:00,    0.000000,-9999.000000,-9999.000000
2019-01-11 00:00:00,    0.000000,-9999.000000,-9999.000000
2019-01-12 00:00:00,    0.000000,-9999.000000,-9999.000000
2019-01-13 00:00:00,    0.000000,-9999.000000,-9999.000000
2019-01-14 00:00:00,    0.000000,-9999.000000,-9999.000000
2019-01-15 00:00:00,    0.000000,-9999.000000,-9999.000000
2019-01-16 00:00:00,    0.000000,-9999.000000,-9999.000000
2019-01-17 00:00:00,    0.000000,-9999.000000,-9999.000000
2019-01-18 00:00:00,    0.000000,-9999.000000,-9999.000000
2019-01-19 00:00:00,    0.000000,-9999.000000,-9999.000000
2019-01-20 00:00:00,    0.000000,-9999.000000,-9999.000000
2019-01-21 00:00:00,    0.000000,-9999.000000,-9999.000000
2019-01-22 00:00:00,    0.000000,-9999.000000,-9999.000000
2019-01-23 00:00:00,    0.000000,-9999.000000,-9999.000000
2019-01-24 00:00:00,    0.000000,-9999.000000,-9999.000000
2019-01-25 00:00:00,    0.000000,-9999.000000,-9999.000000
2019-01-26 00:00:00,    0.000000,-9999.000000,-9999.000000
2019-01-27 00:00:00,    0.000000,-9999.000000,-9999.000000
2019-01-28 00:00:00,    0.000000,-9999.000000,-9999.000000
2019-01-29 00:00:00,    0.000000,-9999.000000,-9999.000000
2019-01-30 00:00:00,    0.000000,-9999.000000,-9999.000000
2019-01-31 00:00:00,    0.000000,-9999.000000,-9999.000000
2019-02-01 00:00:00,    0.000000,-9999.000000,-9999.000000
2019-02-02 00:00:00,    0.000000,-9999.000000,-9999.000000
2019-02-03 00:00:00,    0.000000,-9999.000000,-9999.000000
2019-02-04 00:00:00,    0.000000,-9999.000000,-9999.000000
2019-02-05 00:00:00,    0.000000,-9999.000000,-9999.000000
2019-02-06 00:00:00,    0.000000,-9999.000000,-9999.000000
2019-02-07 00:00:00,    0.000000,-9999.000000,-9999.000000
2019-02-08 00:00:00,    0.000000,-9999.000000,-9999.000000
2019-02-09 00:00:00,    0.000000,-9999.000000,-9999.000000
2019-02-10 00:00:00,    0.000000,-9999.000000,-9999.000000
2019-02-11 00:00:00,    0.000000,-9999.000000,-9999.000000
2019-02-12 00:00:00,    0.000000,-9999.000000,-9999.000000
2019-02-13 00:00:00,    0.000000,-9999.000000,-9999.000000
2019-02-14 00:00:00,    0.000000,-9999.000000,-9999.000000
2019-02-15 00:00:00,    0.000000,-9999.000000,-9999.000000
2019-02-16 00:00:00,    0.000000,-9999.000000,-9999.000000
2019-02-17 00:00:00,    0.000000,-9999.000000,-9999.000000
2019-02-18 00:00:00,    0.000000,-9999.000000,-9999.000000
2019-02-19 00:00:00,    0.000000,-9999.000000,-9999.000000
2019-02-20 00:00:00,    0.000000,-9999.000000,-9999.000000
2019-02-21 00:00:00,    0.000000,-9999.000000,-9999.000000
2019-02-22 00:00:00,    0.000000,-9999.000000,-9999.000000
2019-02-23 00:00:00,    0.000000,-9999.000000,-9999.000000
2019-02-24 00:00:00,    0.000000,-9999.000000,-9999.000000
2019-02-25 00:00:00,    0.000000,-9999.000000,-9999.000000
2019-02-26 00:00:00,    0.000000,-9999.000000,-9999.000000
2019-02-27 00:00:00,    0.000000,-9999.000000,-9999.000000
2019-02-28 00:00:00,    0.000000,-9999.000000,-9999.000000
2019-03-01 00:00:00,    0.000000,-9999.000000,-9999.000000
2019-03-02 00:00:00,    0.000000,-9999.000000,-9999.000000
2019-03-03 00:00:00,    0.000000,-9999.000000,-9999.000000
2019-03-04 00:00:00,    0.000000,-9999.000000,-9999.000000
2019-03-05 00:00:00,    0.000000,-9999.000000,-9999.000000
2019-03-06 00:00:00,    0.000000,-9999.000000,-9999.000000
2019-03-07 00:00:00,    0.000000,-9999.000000,-9999.000000
2019-03-08 00:00:00,    0.000000,-9999.000000,-9999.000000
2019-03-09 00:00:00,    0.000000,-9999.000000,-9999.000000
2019-03-10 00:00:00,    0.000000,-9999.000000,-9999.000000
2019-03-11 00:00:00,    0.000000,-9999.000000,-9999.000000
2019-03-12 00:00:00,    0.000000,-9999.000000,-9999.000000
2019-03-13 00:00:00,    0.000000,-9999.000000,-9999.000000
2019-03-14 00:00:00,    0.000000,-9999.000000,-9999.000000
2019-03-15 00:00:00,    0.000000,-9999.000000,-9999.000000
2019-03-16 00:00:00,    0.000000,-9999.000000,-9999.000000
2019-03-17 00:00:00,    0.000000,-9999.000000,-9999.000000
2019-03-18 00:00:00,    0.000000,-9999.000000,-9999.000000
2019-03-19 00:00:00,    0.000000,-9999.000000,-9999.000000
2019-03-20 00:00:00,    0.000000,-9999.000000,-9999.000000
2019-03-21 00:00:00,    0.000000,-9999.000000,-9999.000000
2019-03-22 00:00:00,    0.000000,-9999.000000,-9999.000000
2019-03-23 00:00:00,    0.000000,-9999.000000,-9999.000000
2019-03-24 00:00:00,    0.000000,-9999.000000,-9999.000000
2019-03-25 00:00:00,    0.000000,-9999.000000,-9999.000000
2019-03-26 00:00:00,    0.000000,-9999.000000,-9999.000000
2019-03-27 00:00:00,    0.000000,-9999.000000,-9999.000000
2019-03-28 00:00:00,    0.000000,-9999.000000,-9999.000000
2019-03-29 00:00:00,    0.000000,-9999.000000,-9999.000000
2019-03-30 00:00:00,    0.000000,-9999.000000,-9999.000000
2019-03-31 00:00:00,    0.000000,-9999.000000,-9999.000000
2019-04-01 00:00:00,    0.000000,-9999.000000,-9999.000000
2019-04-02 00:00:00,    0.000000,-9999.000000,-9999.000000
2019-04-03 00:00:00,    0.000000,-9999.000000,-9999.000000
2019-04-04 00:00:00,    0.000000,-9999.000000,-9999.000000
2019-04-05 00:00:00,    0.000000,-9999.000000,-9999.000000
2019-04-06 00:00:00,    0.000000,-9999.000000,-9999.000000
2019-04-07 00:00:00,    0.000000,-9999.000000,-9999.000000
2019-04-08 00:00:00,    0.000000,-9999.000000,-9999.000000
2019-04-09 00:00:00,    0.000000,-9999.000000,-9999.000000
2019-04-10 00:00:00,    0.000000,-9999.000000,-9999.000000
2019-04-11 00:00:00,    0.000000,-9999.000000,-9999.000000
2019-04-12 00:00:00,    0.000000,-9999.000000,-9999.000000
2019-04-13 00:00:00,    0.000000,-9999.000000,-9999.000000
2019-04-14 00:00:00,    0.000000,-9999.000000,-9999.000000
2019-04-15 00:00:00,    0.000000,-9999.000000,-9999.000000
2019-04-16 00:00:00,    0.000000,-9999.000000,-9999.000000
2019-04-17 00:00:00,    0.000000,-9999.000000,-9999.000000
2019-04-18 00:00:00,    0.000000,-9999.000000,-9999.000000
2019-04-19 00:00:00,    0.000000,-9999.000000,-9999.000000
2019-04-20 00:00:00,    0.000000,-9999.000000,-9999.000000
2019-04-21 00:00:00,    0.000000,-9999.000000,-9999.000000
2019-04-22 00:00:00,    0.000000,-9999.000000,-9999.000000
2019-04-23 00:00:00,    0.000000,-9999.000000,-9999.000000
2019-04-24 00:00:00,    0.000000,-9999.000000,-9999.000000
2019-04-25 00:00:00,    0.000000,-9999.000000,-9999.000000
2019-04-26 00:00:00,    0.000000,-9999.000000,-9999.000000
2019-04-27 00:00:00,    0.000000,-9999.000000,-9999.000000
2019-04-28 00:00:00,    0.000000,-9999.000000,-9999.000000
2019-04-29 00:00:00,    0.000000,-9999.000000,-9999.000000
2019-04-30 00:00:00,    0.000000,-9999.000000,-9999.000000
2019-05-01 00:00:00,    0.000000,-9999.000000,-9999.000000
2019-05-02 00:00:00,    0.000000,-9999.000000,-9999.000000
2019-05-03 00:00:00,    0.000000,-9999.000000,-9999.000000
2019-05-04 00:00:00,    0.000000,-9999.000000,-9999.000000
2019-05-05 00:00:00,    0.000000,-9999.000000,-9999.000000
2019-05-06 00:00:00,    0.000000,-9999.000000,-9999.000000
2019-05-07 00:00:00,    0.000000,-9999.000000,-9999.000000
2019-05-08 00:00:00,    0.000000,-9999.000000,-9999.000000
2019-05-09 00:00:00,    0.000000,-9999.000000,-9999.000000
2019-05-10 00:00:00,    0.000000,-9999.000000,-9999.000000
2019-05-11 00:00:00,    0.000000,-9999.000000,-9999.000000
2019-05-12 00:00:00,    0.000000,-9999.000000,-9999.000000
2019-05-13 00:00:00,    0.000000,-9999.000000,-9999.000000
2019-05-14 00:00:00,    0.000000,-9999.000000,-9999.000000
2019-05-15 00:00:00,    0.000000,-9999.000000,-9999.000000
2019-05-16 00:00:00,    0.000000,-9999.000000,-9999.000000
2019-05-17 00:00:00,    0.000000,-9999.000000,-9999.000000
2019-05-18 00:00:00,    0.000000,-9999.000000,-9999.000000
2019-05-19 00:00:00,    0.000000,-9999.000000,-9999.000000
2019-05-20 00:00:00,    0.000000,-9999.000000,-9999.000000
2019-05-21 00:00:00,    0.000000,-9999.000000,-9999.000000
2019-05-22 00:00:00,    0.000000,-9999.000000,-9999.000000
2019-05-23 00:00:00,    0.000000,-9999.000000,-9999.000000
2019-05-24 00:00:00,    0.000000,-9999.000000,-9999.000000
2019-05-25 00:00:00,    0.000000,-9999.000000,-9999.000000
2019-05-26 00:00:00,    0.000000,-9999.000000,-9999.000000
2019-05-27 00:00:00,    0.000000,-9999.000000,-9999.000000
2019-05-28 00:00:00,    0.000000,-9999.000000,-9999.000000
2019-05-29 00:00:00,    0.000000,-9999.000000,-9999.000000
2019-05-30 00:00:00,    0.000000,-9999.000000,-9999.000000
2019-05-31 00:00:00,    0.000000,-9999.000000,-9999.000000
2019-06-01 00:00:00,    0.000000,-9999.000000,-9999.000000
2019-06-02 00:00:00,    0.000000,-9999.000000,-9999.000000
2019-06-03 00:00:00,    0.000000,-9999.000000,-9999.000000
2019-06-04 00:00:00,    0.000000,-9999.000000,-9999.000000
2019-06-05 00:00:00,    0.000000,-9999.000000,-9999.000000
2019-06-06 00:00:00,    0.000000,-9999.000000,-9999.000000
2019-06-07 00:00:00,    0.000000,-9999.000000,-9999.000000
2019-06-08 00:00:00,    0.000000,-9999.000000,-9999.000000
2019-06-09 00:00:00,    0.000000,-9999.000000,-9999.000000
2019-06-10 00:00:00,    0.000000,-9999.000000,-9999.000000
2019-06-11 00:00:00,    0.000000,-9999.000000,-9999.000000
2019-06-12 00:00:00,    0.000000,-9999.000000,-9999.000000
2019-06-13 00:00:00,    0.000000,-9999.000000,-9999.000000
2019-06-14 00:00:00,    0.000000,-9999.000000,-9999.000000
2019-06-15 00:00:00,    0.000000,-9999.000000,-9999.000000
2019-06-16 00:00:00,    0.000000,-9999.000000,-9999.000000
2019-06-17 00:00:00,    0.000000,-9999.000000,-9999.000000
2019-06-18 00:00:00,    0.000000,-9999.000000,-9999.000000
2019-06-19 00:00:00,    0.000000,-9999.000000,-9999.000000
2019-06-20 00:00:00,    0.000000,-9999.000000,-9999.000000
2019-06-21 00:00:00,    0.000000,-9999.000000,-9999.000000
2019-06-22 00:00:00,    0.000000,-9999.000000,-9999.000000
2019-06-23 00:00:00,    0.000000,-9999.000000,-9999.000000
2019-06-24 00:00:00,    0.000000,-9999.000000,-9999.000000
2019-06-25 00:00:00,    0.000000,-9999.000000,-9999.000000
2019-06-26 00:00:00,    0.000000,-9999.000000,-9999.000000
2019-06-27 00:00:00,    0.000000,-9999.000000,-9999.000000
2019-06-28 00:00:00,    0.000000,-9999.000000,-9999.000000
2019-06-29 00:00:00,    0.000000,-9999.000000,-9999.000000
2019-06-30 00:00:00,    0.000000,-9999.000000,-9999.000000
2019-07-01 00:00:00,    0.000000,-9999.000000,-9999.000000
2019-07-02 00:00:00,    0.000000,-9999.000000,-9999.000000
2019-07-03 00:00:00,    0.000000,-9999.000000,-9999.000000
2019-07-04 00:00:00,    0.000000,-9999.000000,-9999.000000
2019-07-05 00:00:00,    0.000000,-9999.000000,-9999.000000
2019-07-06 00:00:00,    0.000000,-9999.000000,-9999.000000
2019-07-07 00:00:00,    0.000000,-9999.000000,-9999.000000
2019-07-08 00:00:00,    0.000000,-9999.000000,-9999.000000
2019-07-09 00:00:00,    0.000000,-9999.000000,-9999.000000
2019-07-10 00:00:00,    0.000000,-9999.000000,-9999.000000
2019-07-11 00:00:00,    0.000000,-9999.000000,-9999.000000
2019-07-12 00:00:00,    0.000000,-9999.000000,-9999.000000
2019-07-13 00:00:00,    0.000000,-9999.000000,-9999.000000
2019-07-14 00:00:00,    0.000000,-9999.000000,-9999.000000
2019-07-15 00:00:00,    0.000000,-9999.000000,-9999.000000
2019-07-16 00:00:00,    0.000000,-9999.000000,-9999.000000
2019-07-17 00:00:00,    0.000000,-9999.000000,-9999.000000
2019-07-18 00:00:00,    0.000000,-9999.000000,-9999.000000
2019-07-19 00:00:00,    0.000000,-9999.000000,-9999.000000
2019-07-20 00:00:00,    0.000000,-9999.000000,-9999.000000
2019-07-21 00:00:00,    0.000000,-9999.000000,-9999.000000
2019-07-22 00:00:00,    0.000000,-9999.000000,-9999.000000
2019-07-23 00:00:00,    0.000000,-9999.000000,-9999.000000
2019-07-24 00:00:00,    0.000000,-9999.000000,-9999.000000
2019-07-25 00:00:00,    0.000000,-9999.000000,-9999.000000
2019-07-26 00:00:00,    0.000000,-9999.000000,-9999.000000
2019-07-27 00:00:00,    0.000000,-9999.000000,-9999.000000
2019-07-28 00:00:00,    0.000000,-9999.000000,-9999.000000
2019-07-29 00:00:00,    0.000000,-9999.000000,-9999.000000
2019-07-30 00:00:00,    0.000000,-9999.000000,-9999.000000
2019-07-31 00:00:00,    0.000000,-9999.000000,-9999.000000
2019-08-01 00:00:00,    0.000000,-9999.000000,-9999.000000
2019-08-02 00:00:00,    0.000000,-9999.000000,-9999.000000
2019-08-03 00:00:00,    0.000000,-9999.000000,-9999.000000
2019-08-04 00:00:00,    0.000000,-9999.000000,-9999.000000
2019-08-05 00:00:00,    0.000000,-9999.000000,-9999.000000
2019-08-06 00:00:00,    0.000000,-9999.000000,-9999.000000
2019-08-07 00:00:00,    0.000000,-9999.000000,-9999.000000
2019-08-08 00:00:00,    0.000000,-9999.000000,-9999.000000
2019-08-09 00:00:00,    0.000000,-9999.000000,-9999.000000
2019-08-10 00:00:00,    0.000000,-9999.000000,-9999.000000
2019-08-11 00:00:00,    0.000000,-9999.000000,-9999.000000
2019-08-12 00:00:00,    0.000000,-9999.000000,-9999.000000
2019-08-13 00:00:00,    0.000000,-9999.000000,-9999.000000
2019-08-14 00:00:00,    0.000000,-9999.000000,-9999.000000
2019-08-15 00:00:00,    0.000000,-9999.000000,-9999.000000
2019-08-16 00:00:00,    0.000000,-9999.000000,-9999.000000
2019-08-17 00:00:00,    0.000000,-9999.000000,-9999.000000
2019-08-18 00:00:00,    0.000000,-9999.000000,-9999.000000
2019-08-19 00:00:00,    0.000000,-9999.000000,-9999.000000
2019-08-20 00:00:00,    0.000000,-9999.000000,-9999.000000
2019-08-21 00:00:00,    0.000000,-9999.000000,-9999.000000
2019-08-22 00:00:00,    0.000000,-9999.000000,-9999.000000
2019-08-23 00:00:00,    0.000000,-9999.000000,-9999.000000
2019-08-24 00:00:00,    0.000000,-9999.000000,-9999.000000
2019-08-25 00:00:00,    0.000000,-9999.000000,-9999.000000
2019-08-26 00:00:00,    0.000000,-9999.000000,-9999.000000
2019-08-27 00:00:00,    0.000000,-9999.000000,-9999.000000
2019-08-28 00:00:00,    0.000000,-9999.000000,-9999.000000
2019-08-29 00:00:00,    0.000000,-9999.000000,-9999.000000
2019-08-30 00:00:00,    0.000000,-9999.000000,-9999.000000
2019-08-31 00:00:00,    0.000000,-9999.000000,-9999.000000
2019-09-01 00:00:00,    0.000000,-9999.000000,-9999.000000
2019-09-02 00:00:00,    0.000000,-9999.000000,-9999.000000
2019-09-03 00:00:00,    0.000000,-9999.000000,-9999.000000
2019-09-04 00:00:00,    0.000000,-9999.000000,-9999.000000
2019-09-05 00:00:00,    0.000000,-9999.000000,-9999.000000
2019-09-06 00:00:00,    0.000000,-9999.000000,-9999.000000
2019-09-07 00:00:00,    0.000000,-9999.000000,-9999.000000
2019-09-08 00:00:00,    0.000000,-9999.000000,-9999.000000
2019-09-09 00:00:00,    0.000000,-9999.000000,-9999.000000
2019-09-10 00:00:00,    0.000000,-9999.000000,-9999.000000
2019-09-11 00:00:00,    0.000000,-9999.000000,-9999.000000
2019-09-12 00:00:00,    0.000000,-9999.000000,-9999.000000
2019-09-13 00:00:00,    0.000000,-9999.000000,-9999.000000
2019-09-14 00:00:00,    0.000000,-9999.000000,-9999.000000
2019-09-15 00:00:00,    0.000000,-9999.000000,-9999.000000
2019-09-16 00:00:00,    0.000000,-9999.000000,-9999.000000
2019-09-17 00:00:00,    0.000000,-9999.000000,-9999.000000
2019-09-18 00:00:00,    0.000000,-9999.000000,-9999.000000
2019-09-19 00:00:00,    0.000000,-9999.000000,-9999.000000
2019-09-20 00:00:00,    0.000000,-9999.000000,-9999.000000
2019-09-21 00:00:00,    0.000000,-9999.000000,-9999.000000
2019-09-22 00:00:00,    0.000000,-9999.000000,-9999.000000
2019-09-23 00:00:00,    0.000000,-9999.000000,-9999.000000
2019-09-24 00:00:00,    0.000000,-9999.000000,-9999.000000
2019-09-25 00:00:00,    0.000000,-9999.000000,-9999.000000
2019-09-26 00:00:00,    0.000000,-9999.000000,-9999.000000
2019-09-27 00:00:00,    0.000000,-9999.000000,-9999.000000
2019-09-28 00:00:00,    0.000000,-9999.000000,-9999.000000
2019-09-29 00:00:00,    0.000000,-9999.000000,-9999.000000
2019-09-30 00:00:00,    0.000000,-9999.000000,-9999.000000
2019-10-01 00:00:00,    0.000000,-9999.000000,-9999.000000
2019-10-02 00:00:00,    0.000000,-9999.000000,-9999.000000
2019-10-03 00:00:00,    0.000000,-9999.000000,-9999.000000
2019-10-04 00:00:00,    0.000000,-9999.000000,-9999.000000
2019-10-05 00:00:00,    0.000000,-9999.000000,-9999.000000
2019-10-06 00:00:00,    0.000000,-9999.000000,-9999.000000
2019-10-07 00:00:00,    0.000000,-9999.000000,-9999.000000
2019-10-08 00:00:00,    0.000000,-9999.000000,-9999.000000
2019-10-09 00:00:00,    0.000000,-9999.000000,-9999.000000
2019-10-10 00:00:00,    0.000000,-9999.000000,-9999.000000
2019-10-11 00:00:00,    0.000000,-9999.000000,-9999.000000
2019-10-12 00:00:00,    0.000000,-9999.000000,-9999.000000
2019-10-13 00:00:00,    0.000000,-9999.000000,-9999.000000
2019-10-14 00:00:00,    0.000000,-9999.000000,-9999.000000
2019-10-15 00:00:00,    0.000000,-9999.000000,-9999.000000
2019-10-16 00:00:00,    0.000000,-9999.000000,-9999.000000
2019-10-17 00:00:00,    0.000000,-9999.000000,-9999.000000
2019-10-18 00:00:00,    0.000000,-9999.000000,-9999.000000
2019-10-19 00:00:00,    0.000000,-9999.000000,-9999.000000
2019-10-20 00:00:00,    0.000000,-9999.000000,-9999.000000
2019-10-21 00:00:00,    0.000000,-9999.000000,-9999.000000
2019-10-22 00:00:00,    0.000000,-9999.000000,-9999.000000
2019-10-23 00:00:00,    0.000000,-9999.000000,-9999.000000
2019-10-24 00:00:00,    0.000000,-9999.000000,-9999.000000
2019-10-25 00:00:00,    0.000000,-9999.000000,-9999.000000
2019-10-26 00:00:00,    0.000000,-9999.000000,-9999.000000
2019-10-27 00:00:00,    0.000000,-9999.000000,-9999.000000
2019-10-28 00:00:00,    0.000000,-9999.000000,-9999.000000
2019-10-29 00:00:00,    0.000000,-9999.000000,-9999.000000
2019-10-30 00:00:00,    0.000000,-9999.000000,-9999.000000
2019-10-31 00:00:00,    0.000000,-9999.000000,-9999.000000
2019-11-01 00:00:00,    0.000000,-9999.000000,-9999.000000
2019-11-02 00:00:00,    0.000000,-9999.000000,-9999.000000
2019-11-03 00:00:00,    0.000000,-9999.000000,-9999.000000
2019-11-04 00:00:00,    0.000000,-9999.000000,-9999.000000
2019-11-05 00:00:00,    0.000000,-9999.000000,-9999.000000
2019-11-06 00:00:00,    0.000000,-9999.000000,-9999.000000
2019-11-07 00:00:00,    0.000000,-9999.000000,-9999.000000
2019-11-08 00:00:00,    0.000000,-9999.000000,-9999.000000
2019-11-09 00:00:00,    0.000000,-9999.000000,-9999.000000
2019-11-10 00:00:00,    0.000000,-9999.000000,-9999.000000
2019-11-11 00:00:00,    0.000000,-9999.000000,-9999.000000
2019-11-12 00:00:00,    0.000000,-9999.000000,-9999.000000
2019-11-13 00:00:00,    0.000000,-9999.000000,-9999.000000
2019-11-14 00:00:00,    0.000000,-9999.000000,-9999.000000
2019-11-15 00:00:00,    0.000000,-9999.000000,-9999.000000
2019-11-16 00:00:00,    0.000000,-9999.000000,-9999.000000
2019-11-17 00:00:00,    0.000000,-9999.000000,-9999.000000
2019-11-18 00:00:00,    0.000000,-9999.000000,-9999.000000
2019-11-19 00:00:00,    0.000000,-9999.000000,-9999.000000
2019-11-20 00:00:00,    0.000000,-9999.000000,-9999.000000
2019-11-21 00:00:00,    0.000000,-9999.000000,-9999.000000
2019-11-22 00:00:00,    0.000000,-9999.000000,-9999.000000
2019-11-23 00:00:00,    0.000000,-9999.000000,-9999.000000
2019-11-24 00:00:00,    0.000000,-9999.000000,-9999.000000
2019-11-25 00:00:00,    0.000000,-9999.000000,-9999.000000
2019-11-26 00:00:00,    0.000000,-9999.000000,-9999.000000
2019-11-27 00:00:00,    0.000000,-9999.000000,-9999.000000
2019-11-28 00:00:00,    0.000000,-9999.000000,-9999.000000
2019-11-29 00:00:00,    0.000000,-9999.000000,-9999.000000
2019-11-30 00:00:00,    0.000000,-9999.000000,-9999.000000
2019-12-01 00:00:00,    0.000000,-9999.000000,-9999.000000
2019-12-02 00:00:00,    0.000000,-9999.000000,-9999.000000
2019-12-03 00:00:00,    0.000000,-9999.000000,-9999.000000
2019-12-04 00:00:00,    0.000000,-9999.000000,-9999.000000
2019-12-05 00:00:00,    0.000000,-9999.000000,-9999.000000
2019-12-06 00:00:00,    0.000000,-9999.000000,-9999.000000
2019-12-07 00:00:00,    0.000000,-9999.000000,-9999.000000
2019-12-08 00:00:00,    0.000000,-9999.000000,-9999.000000
2019-12-09 00:00:00,    0.000000,-9999.000000,-9999.000000
2019-12-10 00:00:00,    0.000000,-9999.000000,-9999.000000
2019-12-11 00:00:00,    0.000000,-9999.000000,-9999.000000
2019-12-12 00:00:00,    0.000000,-9999.000000,-9999.000000
2019-12-13 00:00:00,    0.000000,-9999.000000,-9999.000000
2019-12-14 00:00:00,    0.000000,-9999.000000,-9999.000000
2019-12-15 00:00:00,    0.000000,-9999.000000,-9999.000000
2019-12-16 00:00:00,    0.000000,-9999.000000,-9999.000000
2019-12-17 00:00:00,    0.000000,-9999.000000,-9999.000000
2019-12-18 00:00:00,    0.000000,-9999.000000,-9999.000000
2019-12-19 00:00:00,    0.000000,-9999.000000,-9999.000000
2019-12-20 00:00:00,    0.000000,-9999.000000,-9999.000000
2019-12-21 00:00:00,    0.000000,-9999.000000,-9999.000000
2019-12-22 00:00:00,    0.000000,-9999.000000,-9999.000000
2019-12-23 00:00:00,    0.000000,-9999.000000,-9999.000000
2019-12-24 00:00:00,    0.000000,-9999.000000,-9999.000000
2019-12-25 00:00:00,    0.000000,-9999.000000,-9999.000000
2019-12-26 00:00:00,    0.000000,-9999.000000,-9999.000000
2019-12-27 00:00:00,    0.000000,-9999.000000,-9999.000000
2019-12-28 00:00:00,    0.000000,-9999.000000,-9999.000000
2019-12-29 00:00:00,    0.000000,-9999.000000,-9999.000000
2019-12-30 00:00:00,    0.000000,-9999.000000,-9999.000000
2019-12-31 00:00:00,    0.000000,-9999.000000,-9999.000000
2020-01-01 00:00:00,    0.000000,-9999.000000,-9999.000000
2020-01-02 00:00:00,    0.000000,-9999.000000,-9999.000000
2020-01-03 00:00:00,    0.000000,-9999.000000,-9999.000000
2020-01-04 00:00:00,    0.000000,-9999.000000,-9999.000000
2020-01-05 00:00:00,    0.000000,-9999.000000,-9999.000000
