time,flow,temp,salt
2009-12-31 00:00:00,  304.188480,   24.652537,    0.536193
2010-01-01 00:00:00,  608.817600,   25.182730,    0.539340
2010-01-02 00:00:00,  610.286400,   25.911860,    0.540569
2010-01-03 00:00:00,  612.195840,   26.872088,    0.542309
2010-01-04 00:00:00,  613.958400,   26.811350,    0.544478
2010-01-05 00:00:00,  615.867840,   27.798706,    0.545422
2010-01-06 00:00:00,  617.777280,   28.622066,    0.547467
2010-01-07 00:00:00,  619.539840,   28.086115,    0.548372
2010-01-08 00:00:00,  621.302400,   28.187713,    0.549578
2010-01-09 00:00:00,  622.918080,   28.042563,    0.550498
2010-01-10 00:00:00,  624.533760,   26.867659,    0.551699
2010-01-11 00:00:00,  626.296320,   26.305723,    0.553273
2010-01-12 00:00:00,  627.912000,   26.302565,    0.553978
2010-01-13 00:00:00,  629.380800,   27.140165,    0.555579
2010-01-14 00:00:00,  630.849600,   27.296766,    0.557143
2010-01-15 00:00:00,  632.465280,   26.730447,    0.558750
2010-01-16 00:00:00,  634.080960,   27.385242,    0.560211
2010-01-17 00:00:00,  635.402880,   28.112685,    0.560228
2010-01-18 00:00:00,  636.724800,   28.703193,    0.563033
2010-01-19 00:00:00,  638.193600,   29.502281,    0.564511
2010-01-20 00:00:00,  639.515520,   28.876602,    0.566326
2010-01-21 00:00:00,  640.837440,   27.746105,    0.567168
2010-01-22 00:00:00,  642.159360,   27.957548,    0.568731
2010-01-23 00:00:00,  643.334400,   28.213323,    0.570191
2010-01-24 00:00:00,  644.509440,   28.993299,    0.572105
2010-01-25 00:00:00,  645.684480,   28.759403,    0.573517
2010-01-26 00:00:00,  646.712640,   28.975070,    0.575248
2010-01-27 00:00:00,  647.740800,   28.858737,    0.576016
2010-01-28 00:00:00,  648.768960,   28.924941,    0.577661
2010-01-29 00:00:00,  649.797120,   28.854722,    0.579469
2010-01-30 00:00:00,  650.825280,   27.613293,    0.579858
2010-01-31 00:00:00,  651.706560,   27.223235,    0.580164
2010-02-01 00:00:00,  652.294080,   27.245198,    0.581349
2010-02-02 00:00:00,  652.881600,   25.977198,    0.581409
2010-02-03 00:00:00,  653.762880,   25.301709,    0.581805
2010-02-04 00:00:00,  654.497280,   24.905926,    0.582906
2010-02-05 00:00:00,  655.084800,   25.202971,    0.583353
2010-02-06 00:00:00,  655.819200,   24.889588,    0.584019
2010-02-07 00:00:00,  656.553600,   26.283043,    0.585031
2010-02-08 00:00:00,  657.141120,   26.402487,    0.585748
2010-02-09 00:00:00,  657.728640,   27.464378,    0.586491
2010-02-10 00:00:00,  658.169280,   26.950614,    0.587366
2010-02-11 00:00:00,  658.609920,   27.766199,    0.588580
2010-02-12 00:00:00,  659.050560,   27.658045,    0.589965
2010-02-13 00:00:00,  659.344320,   28.085264,    0.591391
2010-02-14 00:00:00,  659.784960,   28.380746,    0.592845
2010-02-15 00:00:00,  660.078720,   27.956103,    0.594007
2010-02-16 00:00:00,  660.225600,   27.438193,    0.594394
2010-02-17 00:00:00,  660.519360,   28.098547,    0.595498
2010-02-18 00:00:00,  660.666240,   28.983238,    0.596381
2010-02-19 00:00:00,  660.813120,   27.698241,    0.597481
2010-02-20 00:00:00,  660.960000,   27.065817,    0.598101
2010-02-21 00:00:00,  660.960000,   26.522975,    0.598396
2010-02-22 00:00:00,  660.960000,   26.937457,    0.598824
2010-02-23 00:00:00,  660.960000,   26.546481,    0.599617
2010-02-24 00:00:00,  660.813120,   27.046049,    0.600398
2010-02-25 00:00:00,  660.666240,   27.822770,    0.602144
2010-02-26 00:00:00,  660.519360,   27.917641,    0.604470
2010-02-27 00:00:00,  660.225600,   28.041552,    0.606194
2010-02-28 00:00:00,  659.931840,   27.680751,    0.607612
2010-03-01 00:00:00,  659.197440,   27.849393,    0.609538
2010-03-02 00:00:00,  658.316160,   28.144997,    0.610290
2010-03-03 00:00:00,  657.728640,   27.358643,    0.611630
2010-03-04 00:00:00,  657.141120,   25.867092,    0.609799
2010-03-05 00:00:00,  656.553600,   25.412481,    0.609841
2010-03-06 00:00:00,  655.966080,   25.804945,    0.610368
2010-03-07 00:00:00,  655.378560,   26.180542,    0.611546
2010-03-08 00:00:00,  654.644160,   26.063477,    0.612682
2010-03-09 00:00:00,  653.909760,   26.251352,    0.613801
2010-03-10 00:00:00,  653.175360,   26.111066,    0.614910
2010-03-11 00:00:00,  652.294080,   26.425081,    0.615991
2010-03-12 00:00:00,  651.412800,   27.149136,    0.617863
2010-03-13 00:00:00,  650.531520,   26.861841,    0.618236
2010-03-14 00:00:00,  649.503360,   27.766810,    0.618157
2010-03-15 00:00:00,  648.475200,   27.140133,    0.619259
2010-03-16 00:00:00,  647.447040,   25.835012,    0.619756
2010-03-17 00:00:00,  646.418880,   25.396882,    0.620223
2010-03-18 00:00:00,  645.390720,   24.924932,    0.619882
2010-03-19 00:00:00,  644.215680,   24.235904,    0.619982
2010-03-20 00:00:00,  643.040640,   24.513206,    0.618319
2010-03-21 00:00:00,  641.718720,   25.617451,    0.618907
2010-03-22 00:00:00,  640.396800,   25.822505,    0.584038
2010-03-23 00:00:00,  639.221760,   26.320083,    0.588578
2010-03-24 00:00:00,  637.899840,   26.873557,    0.590129
2010-03-25 00:00:00,  636.431040,   26.292297,    0.592353
2010-03-26 00:00:00,  634.962240,   26.096563,    0.595008
2010-03-27 00:00:00,  633.493440,   25.207332,    0.598823
2010-03-28 00:00:00,  632.024640,   24.775613,    0.602570
2010-03-29 00:00:00,  630.555840,   24.881751,    0.604373
2010-03-30 00:00:00,  629.087040,   24.808434,    0.605165
2010-03-31 00:00:00,  627.471360,   24.611680,    0.606497
2010-04-01 00:00:00,  626.296320,   24.914827,    0.607361
2010-04-02 00:00:00,  625.121280,   25.037232,    0.608360
2010-04-03 00:00:00,  623.358720,   23.987566,    0.608816
2010-04-04 00:00:00,  621.596160,   23.379377,    0.608841
2010-04-05 00:00:00,  619.833600,   23.690226,    0.608946
2010-04-06 00:00:00,  618.071040,   23.205729,    0.609311
2010-04-07 00:00:00,  616.308480,   23.633235,    0.609623
2010-04-08 00:00:00,  614.545920,   23.907949,    0.610297
2010-04-09 00:00:00,  612.783360,   23.631735,    0.611097
2010-04-10 00:00:00,  610.873920,   23.248618,    0.611601
2010-04-11 00:00:00,  608.964480,   23.491705,    0.611617
2010-04-12 00:00:00,  607.055040,   22.156421,    0.611543
2010-04-13 00:00:00,  604.998720,   21.770499,    0.607631
2010-04-14 00:00:00,  602.942400,   21.373038,    0.607050
2010-04-15 00:00:00,  600.886080,   21.929669,    0.606922
2010-04-16 00:00:00,  598.829760,   22.447524,    0.607406
2010-04-17 00:00:00,  596.773440,   22.541110,    0.607892
2010-04-18 00:00:00,  594.717120,   23.054687,    0.608473
2010-04-19 00:00:00,  592.660800,   23.357259,    0.609108
2010-04-20 00:00:00,  590.457600,   23.760224,    0.609780
2010-04-21 00:00:00,  588.254400,   23.373067,    0.610282
2010-04-22 00:00:00,  586.198080,   22.244709,    0.610564
2010-04-23 00:00:00,  583.994880,   21.781722,    0.610596
2010-04-24 00:00:00,  581.644800,   21.621451,    0.610489
2010-04-25 00:00:00,  579.441600,   21.467429,    0.610606
2010-04-26 00:00:00,  577.238400,   21.547187,    0.611203
2010-04-27 00:00:00,  574.888320,   21.478805,    0.611319
2010-04-28 00:00:00,  572.538240,   21.575431,    0.611687
2010-04-29 00:00:00,  570.188160,   21.239546,    0.611735
2010-04-30 00:00:00,  567.838080,   21.319349,    0.611958
2010-05-01 00:00:00,  565.047360,   20.955058,    0.612080
2010-05-02 00:00:00,  562.109760,   21.005659,    0.612228
2010-05-03 00:00:00,  559.612800,   20.652617,    0.612503
2010-05-04 00:00:00,  557.262720,   20.383858,    0.612844
2010-05-05 00:00:00,  554.912640,   20.481013,    0.613349
2010-05-06 00:00:00,  552.415680,   20.298912,    0.613756
2010-05-07 00:00:00,  549.918720,   20.308366,    0.613780
2010-05-08 00:00:00,  547.568640,   20.497531,    0.614156
2010-05-09 00:00:00,  545.071680,   19.982082,    0.614373
2010-05-10 00:00:00,  542.574720,   19.631919,    0.614807
2010-05-11 00:00:00,  540.077760,   19.571409,    0.615867
2010-05-12 00:00:00,  537.580800,   19.650138,    0.616506
2010-05-13 00:00:00,  535.083840,   18.967238,    0.612163
2010-05-14 00:00:00,  532.586880,   18.758975,    0.613178
2010-05-15 00:00:00,  530.089920,   18.731537,    0.614423
2010-05-16 00:00:00,  527.592960,   18.531497,    0.615676
2010-05-17 00:00:00,  525.096000,   18.527353,    0.616286
2010-05-18 00:00:00,  522.599040,   18.206146,    0.616545
2010-05-19 00:00:00,  520.102080,   18.862595,    0.616933
2010-05-20 00:00:00,  517.458240,   18.917152,    0.616890
2010-05-21 00:00:00,  514.961280,   18.438703,    0.617258
2010-05-22 00:00:00,  512.464320,   18.627031,    0.607737
2010-05-23 00:00:00,  509.967360,   18.048694,    0.611205
2010-05-24 00:00:00,  507.470400,   18.115950,    0.612784
2010-05-25 00:00:00,  504.826560,   17.945201,    0.613367
2010-05-26 00:00:00,  502.329600,   17.771537,    0.622894
2010-05-27 00:00:00,  499.832640,   17.658610,    0.642418
2010-05-28 00:00:00,  497.335680,   17.839415,    0.643325
2010-05-29 00:00:00,  494.838720,   17.675571,    0.643577
2010-05-30 00:00:00,  492.341760,   17.820760,    0.643767
2010-05-31 00:00:00,  489.844800,   17.710811,    0.643794
2010-06-01 00:00:00,  488.082240,   17.906437,    0.643431
2010-06-02 00:00:00,  486.319680,   17.778760,    0.644480
2010-06-03 00:00:00,  483.822720,   17.950515,    0.645395
2010-06-04 00:00:00,  481.325760,   17.311086,    0.645490
2010-06-05 00:00:00,  478.828800,   17.438441,    0.646883
2010-06-06 00:00:00,  476.478720,   17.799623,    0.648674
2010-06-07 00:00:00,  473.981760,   17.509243,    0.648797
2010-06-08 00:00:00,  471.484800,   17.042739,    0.650248
2010-06-09 00:00:00,  469.134720,   16.792965,    0.650667
2010-06-10 00:00:00,  466.784640,   16.954586,    0.651114
2010-06-11 00:00:00,  464.434560,   16.480650,    0.651388
2010-06-12 00:00:00,  462.084480,   16.689779,    0.651487
2010-06-13 00:00:00,  459.734400,   16.516814,    0.651941
2010-06-14 00:00:00,  457.384320,   16.842776,    0.645484
2010-06-15 00:00:00,  455.034240,   16.388461,    0.641635
2010-06-16 00:00:00,  452.684160,   16.561225,    0.642930
2010-06-17 00:00:00,  450.334080,   16.490159,    0.643131
2010-06-18 00:00:00,  448.130880,   16.720093,    0.643189
2010-06-19 00:00:00,  445.927680,   17.059438,    0.643308
2010-06-20 00:00:00,  443.577600,   16.871951,    0.643441
2010-06-21 00:00:00,  441.374400,   17.054232,    0.643634
2010-06-22 00:00:00,  439.318080,   16.602684,    0.644172
2010-06-23 00:00:00,  437.114880,   16.549165,    0.639557
2010-06-24 00:00:00,  434.911680,   16.419954,    0.639988
2010-06-25 00:00:00,  432.855360,   16.302524,    0.640282
2010-06-26 00:00:00,  430.799040,   16.072504,    0.640602
2010-06-27 00:00:00,  428.742720,   15.634764,    0.639632
2010-06-28 00:00:00,  426.686400,   15.776648,    0.639928
2010-06-29 00:00:00,  424.630080,   15.532348,    0.640081
2010-06-30 00:00:00,  422.573760,   15.468344,    0.640423
2010-07-01 00:00:00,  420.223680,   15.301260,    0.640655
2010-07-02 00:00:00,  417.873600,   15.250878,    0.637622
2010-07-03 00:00:00,  415.964160,   15.105134,    0.637761
2010-07-04 00:00:00,  414.201600,   15.058648,    0.638071
2010-07-05 00:00:00,  412.292160,   15.064485,    0.638076
2010-07-06 00:00:00,  410.382720,   14.948400,    0.638473
2010-07-07 00:00:00,  408.620160,   14.717405,    0.638591
2010-07-08 00:00:00,  406.857600,   14.560966,    0.634462
2010-07-09 00:00:00,  405.241920,   14.207241,    0.631903
2010-07-10 00:00:00,  403.626240,   14.225653,    0.629062
2010-07-11 00:00:00,  401.863680,   14.389203,    0.626269
2010-07-12 00:00:00,  400.248000,   14.170869,    0.625195
2010-07-13 00:00:00,  398.779200,   14.325041,    0.624987
2010-07-14 00:00:00,  397.163520,   14.515600,    0.624505
2010-07-15 00:00:00,  395.547840,   14.311836,    0.625156
2010-07-16 00:00:00,  394.079040,   14.255987,    0.623509
2010-07-17 00:00:00,  392.757120,   14.311713,    0.623382
2010-07-18 00:00:00,  391.435200,   14.292380,    0.623718
2010-07-19 00:00:00,  389.966400,   14.433065,    0.623382
2010-07-20 00:00:00,  388.644480,   14.465891,    0.623665
2010-07-21 00:00:00,  387.322560,   14.465391,    0.624095
2010-07-22 00:00:00,  386.000640,   14.569431,    0.624347
2010-07-23 00:00:00,  384.825600,   14.663590,    0.624614
2010-07-24 00:00:00,  383.650560,   14.515550,    0.624974
2010-07-25 00:00:00,  382.475520,   14.411553,    0.624937
2010-07-26 00:00:00,  381.447360,   14.804257,    0.624673
2010-07-27 00:00:00,  380.419200,   15.169684,    0.623519
2010-07-28 00:00:00,  379.391040,   15.331492,    0.622109
2010-07-29 00:00:00,  378.362880,   15.130175,    0.620830
2010-07-30 00:00:00,  377.334720,   15.153058,    0.621234
2010-07-31 00:00:00,  376.453440,   15.410718,    0.621248
2010-08-01 00:00:00,  375.865920,   15.598243,    0.621438
2010-08-02 00:00:00,  375.278400,   15.882415,    0.621862
2010-08-03 00:00:00,  374.397120,   15.758696,    0.621829
2010-08-04 00:00:00,  373.662720,   15.919963,    0.622159
2010-08-05 00:00:00,  372.928320,   16.082698,    0.622506
2010-08-06 00:00:00,  372.193920,   16.405189,    0.623064
2010-08-07 00:00:00,  371.606400,   16.234421,    0.623078
2010-08-08 00:00:00,  371.018880,   16.194032,    0.623827
2010-08-09 00:00:00,  370.431360,   15.972170,    0.623911
2010-08-10 00:00:00,  369.990720,   15.456272,    0.623995
2010-08-11 00:00:00,  369.550080,   14.930157,    0.624573
2010-08-12 00:00:00,  369.109440,   14.999231,    0.617549
2010-08-13 00:00:00,  368.815680,   15.113557,    0.616452
2010-08-14 00:00:00,  368.375040,   15.402600,    0.616578
2010-08-15 00:00:00,  368.081280,   15.704946,    0.616964
2010-08-16 00:00:00,  367.934400,   15.526446,    0.617277
2010-08-17 00:00:00,  367.640640,   15.268531,    0.616679
2010-08-18 00:00:00,  367.493760,   15.072534,    0.616490
2010-08-19 00:00:00,  367.346880,   15.314314,    0.616632
2010-08-20 00:00:00,  367.200000,   15.397432,    0.611780
2010-08-21 00:00:00,  367.200000,   15.392691,    0.613217
2010-08-22 00:00:00,  367.200000,   15.650034,    0.612475
2010-08-23 00:00:00,  367.200000,   15.849711,    0.612517
2010-08-24 00:00:00,  367.346880,   16.287079,    0.612759
2010-08-25 00:00:00,  367.493760,   16.367340,    0.613331
2010-08-26 00:00:00,  367.640640,   16.758243,    0.613898
2010-08-27 00:00:00,  367.934400,   17.096897,    0.614355
2010-08-28 00:00:00,  368.228160,   16.673799,    0.614495
2010-08-29 00:00:00,  368.521920,   17.316292,    0.614620
2010-08-30 00:00:00,  368.815680,   17.547723,    0.614699
2010-08-31 00:00:00,  369.256320,   17.170514,    0.606831
2010-09-01 00:00:00,  369.550080,   16.679154,    0.608678
2010-09-02 00:00:00,  369.843840,   16.603765,    0.609425
2010-09-03 00:00:00,  370.431360,   16.751992,    0.609440
2010-09-04 00:00:00,  371.018880,   17.500219,    0.609365
2010-09-05 00:00:00,  371.606400,   18.163436,    0.609397
2010-09-06 00:00:00,  372.193920,   18.437042,    0.610135
2010-09-07 00:00:00,  372.781440,   17.778937,    0.603203
2010-09-08 00:00:00,  373.515840,   17.209416,    0.603859
2010-09-09 00:00:00,  374.250240,   17.329131,    0.603032
2010-09-10 00:00:00,  374.984640,   17.535215,    0.602983
2010-09-11 00:00:00,  375.865920,   17.381614,    0.603413
2010-09-12 00:00:00,  376.747200,   17.220381,    0.601582
2010-09-13 00:00:00,  377.628480,   17.407102,    0.602292
2010-09-14 00:00:00,  378.656640,   17.874109,    0.602944
2010-09-15 00:00:00,  379.684800,   18.266467,    0.603617
2010-09-16 00:00:00,  380.712960,   18.261082,    0.604745
2010-09-17 00:00:00,  381.741120,   18.114657,    0.604802
2010-09-18 00:00:00,  382.769280,   17.784246,    0.606185
2010-09-19 00:00:00,  383.944320,   18.475833,    0.606903
2010-09-20 00:00:00,  385.119360,   18.476251,    0.607263
2010-09-21 00:00:00,  386.441280,   18.732719,    0.607983
2010-09-22 00:00:00,  387.763200,   19.353074,    0.608897
2010-09-23 00:00:00,  389.085120,   19.675378,    0.609696
2010-09-24 00:00:00,  390.407040,   21.205235,    0.610693
2010-09-25 00:00:00,  391.728960,   21.944960,    0.611523
2010-09-26 00:00:00,  393.197760,   21.924722,    0.612738
2010-09-27 00:00:00,  394.666560,   21.740059,    0.612866
2010-09-28 00:00:00,  396.135360,   21.687861,    0.613562
2010-09-29 00:00:00,  397.604160,   21.798824,    0.615720
2010-09-30 00:00:00,  399.219840,   21.592005,    0.616752
2010-10-01 00:00:00,  401.129280,   21.728971,    0.616685
2010-10-02 00:00:00,  403.038720,   21.859774,    0.618930
2010-10-03 00:00:00,  404.801280,   22.303103,    0.618876
2010-10-04 00:00:00,  406.563840,   22.868294,    0.621029
2010-10-05 00:00:00,  408.326400,   21.763818,    0.621584
2010-10-06 00:00:00,  410.088960,   21.552539,    0.622173
2010-10-07 00:00:00,  411.851520,   22.045181,    0.622800
2010-10-08 00:00:00,  413.614080,   21.917052,    0.622853
2010-10-09 00:00:00,  415.523520,   23.256915,    0.625267
2010-10-10 00:00:00,  417.432960,   21.450560,    0.626735
2010-10-11 00:00:00,  419.342400,   21.263245,    0.627417
2010-10-12 00:00:00,  421.251840,   21.447677,    0.628673
2010-10-13 00:00:00,  423.161280,   21.429637,    0.629612
2010-10-14 00:00:00,  425.217600,   21.075061,    0.630441
2010-10-15 00:00:00,  427.273920,   21.121347,    0.631813
2010-10-16 00:00:00,  429.330240,   21.376225,    0.632468
2010-10-17 00:00:00,  431.386560,   22.281508,    0.633796
2010-10-18 00:00:00,  433.442880,   22.206101,    0.633876
2010-10-19 00:00:00,  435.499200,   23.504051,    0.635189
2010-10-20 00:00:00,  437.702400,   22.522508,    0.630285
2010-10-21 00:00:00,  439.905600,   22.444906,    0.632041
2010-10-22 00:00:00,  442.108800,   22.693439,    0.633755
2010-10-23 00:00:00,  444.312000,   22.557185,    0.634533
2010-10-24 00:00:00,  446.515200,   22.564384,    0.635904
2010-10-25 00:00:00,  448.865280,   22.941795,    0.637508
2010-10-26 00:00:00,  451.068480,   23.249385,    0.637712
2010-10-27 00:00:00,  453.271680,   23.037968,    0.640052
2010-10-28 00:00:00,  455.621760,   21.803602,    0.640356
2010-10-29 00:00:00,  457.971840,   22.017593,    0.642032
2010-10-30 00:00:00,  460.321920,   22.546312,    0.643261
2010-10-31 00:00:00,  462.672000,   22.774755,    0.644599
2010-11-01 00:00:00,  464.434560,   23.147893,    0.646629
2010-11-02 00:00:00,  466.197120,   23.878054,    0.648985
2010-11-03 00:00:00,  468.547200,   23.563177,    0.649232
2010-11-04 00:00:00,  470.897280,   24.094772,    0.652380
2010-11-05 00:00:00,  473.247360,   23.576216,    0.652796
2010-11-06 00:00:00,  475.744320,   23.782099,    0.653074
2010-11-07 00:00:00,  478.241280,   23.726712,    0.655811
2010-11-08 00:00:00,  480.591360,   24.782571,    0.656804
2010-11-09 00:00:00,  483.088320,   24.488115,    0.657181
2010-11-10 00:00:00,  485.585280,   23.831502,    0.656198
2010-11-11 00:00:00,  488.082240,   23.379278,    0.657138
2010-11-12 00:00:00,  490.579200,   22.763630,    0.655474
2010-11-13 00:00:00,  493.076160,   22.901281,    0.656533
2010-11-14 00:00:00,  495.573120,   22.602721,    0.654801
2010-11-15 00:00:00,  498.070080,   23.092538,    0.655477
2010-11-16 00:00:00,  500.567040,   23.739148,    0.656732
2010-11-17 00:00:00,  503.064000,   24.979941,    0.658892
2010-11-18 00:00:00,  505.560960,   25.151120,    0.659910
2010-11-19 00:00:00,  508.057920,   25.653712,    0.661980
2010-11-20 00:00:00,  510.701760,   25.630488,    0.662053
2010-11-21 00:00:00,  513.198720,   25.904570,    0.663644
2010-11-22 00:00:00,  515.695680,   26.244408,    0.665753
2010-11-23 00:00:00,  518.192640,   25.409509,    0.666401
2010-11-24 00:00:00,  520.689600,   25.684890,    0.667846
2010-11-25 00:00:00,  523.333440,   25.604384,    0.669046
2010-11-26 00:00:00,  525.830400,   25.858403,    0.671491
2010-11-27 00:00:00,  528.327360,   26.023366,    0.673125
2010-11-28 00:00:00,  530.824320,   26.001607,    0.674093
2010-11-29 00:00:00,  533.321280,   26.472234,    0.676780
2010-11-30 00:00:00,  535.818240,   26.852657,    0.678101
2010-12-01 00:00:00,  538.902720,   24.970215,    0.678551
2010-12-02 00:00:00,  541.987200,   24.247423,    0.678867
2010-12-03 00:00:00,  544.337280,   23.878074,    0.679431
2010-12-04 00:00:00,  546.834240,   24.502093,    0.680320
2010-12-05 00:00:00,  549.331200,   24.071288,    0.680198
2010-12-06 00:00:00,  551.681280,   23.351811,    0.680020
2010-12-07 00:00:00,  554.178240,   24.174386,    0.679148
2010-12-08 00:00:00,  556.675200,   23.778185,    0.680684
2010-12-09 00:00:00,  559.025280,   23.849206,    0.681318
2010-12-10 00:00:00,  561.375360,   24.168562,    0.682343
2010-12-11 00:00:00,  563.725440,   24.927595,    0.683741
2010-12-12 00:00:00,  566.075520,   25.966058,    0.685611
2010-12-13 00:00:00,  568.425600,   25.345910,    0.687690
2010-12-14 00:00:00,  570.775680,   24.986445,    0.689302
2010-12-15 00:00:00,  573.125760,   25.207531,    0.690225
2010-12-16 00:00:00,  575.475840,   25.509724,    0.692104
2010-12-17 00:00:00,  577.825920,   25.709693,    0.694299
2010-12-18 00:00:00,  580.029120,   25.656230,    0.696116
2010-12-19 00:00:00,  582.232320,   25.111412,    0.695841
2010-12-20 00:00:00,  584.582400,   23.172067,    0.691848
2010-12-21 00:00:00,  586.785600,   23.327999,    0.690474
2010-12-22 00:00:00,  588.988800,   23.616769,    0.691221
2010-12-23 00:00:00,  591.192000,   24.464953,    0.691940
2010-12-24 00:00:00,  593.248320,   27.681847,    0.692682
2010-12-25 00:00:00,  595.304640,   28.607853,    0.695321
2010-12-26 00:00:00,  597.360960,   28.109507,    0.698702
2010-12-27 00:00:00,  599.417280,   28.006162,    0.701625
2010-12-28 00:00:00,  601.473600,   27.610368,    0.703708
2010-12-29 00:00:00,  603.529920,   27.644784,    0.705850
2010-12-30 00:00:00,  605.586240,   27.663881,    0.708199
2010-12-31 00:00:00,  607.495680,   26.937429,    0.708224
2011-01-01 00:00:00,  608.817600,   27.202092,    0.709245
2011-01-02 00:00:00,  610.286400,   27.915520,    0.711018
2011-01-03 00:00:00,  612.195840,   28.093965,    0.711079
2011-01-04 00:00:00,  613.958400,   28.608159,    0.711224
2011-01-05 00:00:00,  615.867840,   28.726073,    0.703967
2011-01-06 00:00:00,  617.777280,   28.498058,    0.707096
2011-01-07 00:00:00,  619.539840,   27.880968,    0.709228
2011-01-08 00:00:00,  621.302400,   28.026543,    0.710870
2011-01-09 00:00:00,  622.918080,   28.450163,    0.712633
2011-01-10 00:00:00,  624.533760,   28.489789,    0.715112
2011-01-11 00:00:00,  626.296320,   28.754585,    0.717260
2011-01-12 00:00:00,  627.912000,   28.473217,    0.718922
2011-01-13 00:00:00,  629.380800,   28.460564,    0.720969
2011-01-14 00:00:00,  630.849600,   27.679183,    0.722209
2011-01-15 00:00:00,  632.465280,   27.216514,    0.722491
2011-01-16 00:00:00,  634.080960,   27.463735,    0.723367
2011-01-17 00:00:00,  635.402880,   27.998256,    0.724486
2011-01-18 00:00:00,  636.724800,   28.160815,    0.725341
2011-01-19 00:00:00,  638.193600,   28.066167,    0.727426
2011-01-20 00:00:00,  639.515520,   27.619990,    0.728609
2011-01-21 00:00:00,  640.837440,   27.179041,    0.729491
2011-01-22 00:00:00,  642.159360,   27.107257,    0.729664
2011-01-23 00:00:00,  643.334400,   26.823793,    0.730830
2011-01-24 00:00:00,  644.509440,   25.369195,    0.723385
2011-01-25 00:00:00,  645.684480,   25.783111,    0.721713
2011-01-26 00:00:00,  646.712640,   26.282118,    0.723656
2011-01-27 00:00:00,  647.740800,   27.390459,    0.724717
2011-01-28 00:00:00,  648.768960,   29.216667,    0.725819
2011-01-29 00:00:00,  649.797120,   30.287732,    0.727423
2011-01-30 00:00:00,  650.825280,   30.913442,    0.730134
2011-01-31 00:00:00,  651.706560,   28.770712,    0.729652
2011-02-01 00:00:00,  652.294080,   28.174543,    0.731467
2011-02-02 00:00:00,  652.881600,   28.294377,    0.733737
2011-02-03 00:00:00,  653.762880,   28.529071,    0.735876
2011-02-04 00:00:00,  654.497280,   28.428296,    0.737676
2011-02-05 00:00:00,  655.084800,   27.092612,    0.739332
2011-02-06 00:00:00,  655.819200,   26.064806,    0.737209
2011-02-07 00:00:00,  656.553600,   26.923019,    0.738916
2011-02-08 00:00:00,  657.141120,   28.146920,    0.740575
2011-02-09 00:00:00,  657.728640,   29.066861,    0.742059
2011-02-10 00:00:00,  658.169280,   29.156544,    0.745171
2011-02-11 00:00:00,  658.609920,   28.109222,    0.746770
2011-02-12 00:00:00,  659.050560,   27.411240,    0.748167
2011-02-13 00:00:00,  659.344320,   27.681566,    0.748580
2011-02-14 00:00:00,  659.784960,   28.150681,    0.749623
2011-02-15 00:00:00,  660.078720,   28.758390,    0.751439
2011-02-16 00:00:00,  660.225600,   29.271903,    0.754000
2011-02-17 00:00:00,  660.519360,   28.926106,    0.755579
2011-02-18 00:00:00,  660.666240,   29.373538,    0.756637
2011-02-19 00:00:00,  660.813120,   28.970520,    0.758975
2011-02-20 00:00:00,  660.960000,   27.143186,    0.757756
2011-02-21 00:00:00,  660.960000,   28.569079,    0.757196
2011-02-22 00:00:00,  660.960000,   28.293087,    0.759903
2011-02-23 00:00:00,  660.960000,   28.947254,    0.761259
2011-02-24 00:00:00,  660.813120,   29.174758,    0.762712
2011-02-25 00:00:00,  660.666240,   30.446467,    0.764422
2011-02-26 00:00:00,  660.519360,   31.824182,    0.765959
2011-02-27 00:00:00,  660.225600,   31.756424,    0.768694
2011-02-28 00:00:00,  659.931840,   31.568928,    0.770651
2011-03-01 00:00:00,  659.197440,   30.097687,    0.772065
2011-03-02 00:00:00,  658.316160,   29.735223,    0.772988
2011-03-03 00:00:00,  657.728640,   29.456159,    0.775278
2011-03-04 00:00:00,  657.141120,   29.722010,    0.776212
2011-03-05 00:00:00,  656.553600,   28.992970,    0.777447
2011-03-06 00:00:00,  655.966080,   28.100895,    0.776654
2011-03-07 00:00:00,  655.378560,   27.531818,    0.774643
2011-03-08 00:00:00,  654.644160,   26.981073,    0.775482
2011-03-09 00:00:00,  653.909760,   26.926553,    0.773685
2011-03-10 00:00:00,  653.175360,   27.177680,    0.775317
2011-03-11 00:00:00,  652.294080,   26.760886,    0.776585
2011-03-12 00:00:00,  651.412800,   25.893729,    0.776152
2011-03-13 00:00:00,  650.531520,   25.615941,    0.773405
2011-03-14 00:00:00,  649.503360,   26.131605,    0.774102
2011-03-15 00:00:00,  648.475200,   25.881985,    0.776101
2011-03-16 00:00:00,  647.447040,   26.240903,    0.776679
2011-03-17 00:00:00,  646.418880,   26.835075,    0.777678
2011-03-18 00:00:00,  645.390720,   27.481167,    0.778969
2011-03-19 00:00:00,  644.215680,   26.644166,    0.780420
2011-03-20 00:00:00,  643.040640,   25.779607,    0.781241
2011-03-21 00:00:00,  641.718720,   25.733400,    0.779633
2011-03-22 00:00:00,  640.396800,   26.524721,    0.780950
2011-03-23 00:00:00,  639.221760,   26.926329,    0.782315
2011-03-24 00:00:00,  637.899840,   27.163540,    0.784045
2011-03-25 00:00:00,  636.431040,   27.354372,    0.785312
2011-03-26 00:00:00,  634.962240,   27.250569,    0.787355
2011-03-27 00:00:00,  633.493440,   27.392223,    0.788072
2011-03-28 00:00:00,  632.024640,   27.066615,    0.789124
2011-03-29 00:00:00,  630.555840,   26.754170,    0.790157
2011-03-30 00:00:00,  629.087040,   26.532899,    0.788760
2011-03-31 00:00:00,  627.471360,   26.365180,    0.789595
2011-04-01 00:00:00,  626.296320,   25.977161,    0.790933
2011-04-02 00:00:00,  625.121280,   25.494943,    0.789465
2011-04-03 00:00:00,  623.358720,   25.367051,    0.787593
2011-04-04 00:00:00,  621.596160,   25.015899,    0.787963
2011-04-05 00:00:00,  619.833600,   25.459140,    0.788379
2011-04-06 00:00:00,  618.071040,   25.226528,    0.788593
2011-04-07 00:00:00,  616.308480,   24.366579,    0.787574
2011-04-08 00:00:00,  614.545920,   23.942684,    0.785937
2011-04-09 00:00:00,  612.783360,   23.120473,    0.783878
2011-04-10 00:00:00,  610.873920,   22.634949,    0.776908
2011-04-11 00:00:00,  608.964480,   22.857865,    0.764645
2011-04-12 00:00:00,  607.055040,   22.674079,    0.768649
2011-04-13 00:00:00,  604.998720,   23.054093,    0.768798
2011-04-14 00:00:00,  602.942400,   23.285554,    0.769665
2011-04-15 00:00:00,  600.886080,   23.122399,    0.770744
2011-04-16 00:00:00,  598.829760,   23.242338,    0.771238
2011-04-17 00:00:00,  596.773440,   22.687249,    0.771061
2011-04-18 00:00:00,  594.717120,   22.498899,    0.771557
2011-04-19 00:00:00,  592.660800,   22.302385,    0.771826
2011-04-20 00:00:00,  590.457600,   21.914080,    0.770643
2011-04-21 00:00:00,  588.254400,   22.065588,    0.771211
2011-04-22 00:00:00,  586.198080,   22.780843,    0.771337
2011-04-23 00:00:00,  583.994880,   23.176764,    0.771450
2011-04-24 00:00:00,  581.644800,   23.574951,    0.772315
2011-04-25 00:00:00,  579.441600,   23.970937,    0.772858
2011-04-26 00:00:00,  577.238400,   23.663935,    0.768657
2011-04-27 00:00:00,  574.888320,   22.302326,    0.767568
2011-04-28 00:00:00,  572.538240,   21.576434,    0.767307
2011-04-29 00:00:00,  570.188160,   21.485842,    0.767134
2011-04-30 00:00:00,  567.838080,   21.367899,    0.766238
2011-05-01 00:00:00,  565.047360,   21.636737,    0.766514
2011-05-02 00:00:00,  562.109760,   21.537725,    0.766756
2011-05-03 00:00:00,  559.612800,   21.657120,    0.767341
2011-05-04 00:00:00,  557.262720,   21.687731,    0.767858
2011-05-05 00:00:00,  554.912640,   21.381949,    0.768108
2011-05-06 00:00:00,  552.415680,   20.967694,    0.767564
2011-05-07 00:00:00,  549.918720,   20.670283,    0.766224
2011-05-08 00:00:00,  547.568640,   20.654983,    0.766126
2011-05-09 00:00:00,  545.071680,   20.329120,    0.766430
2011-05-10 00:00:00,  542.574720,   20.379647,    0.765550
2011-05-11 00:00:00,  540.077760,   20.165107,    0.765896
2011-05-12 00:00:00,  537.580800,   19.918355,    0.765500
2011-05-13 00:00:00,  535.083840,   19.606324,    0.764984
2011-05-14 00:00:00,  532.586880,   19.287039,    0.764251
2011-05-15 00:00:00,  530.089920,   18.901480,    0.763085
2011-05-16 00:00:00,  527.592960,   19.032328,    0.761373
2011-05-17 00:00:00,  525.096000,   18.995017,    0.746899
2011-05-18 00:00:00,  522.599040,   19.371072,    0.757654
2011-05-19 00:00:00,  520.102080,   19.170720,    0.757618
2011-05-20 00:00:00,  517.458240,   18.795285,    0.752383
2011-05-21 00:00:00,  514.961280,   18.661455,    0.752940
2011-05-22 00:00:00,  512.464320,   18.826280,    0.753195
2011-05-23 00:00:00,  509.967360,   18.944841,    0.752997
2011-05-24 00:00:00,  507.470400,   18.581873,    0.753566
2011-05-25 00:00:00,  504.826560,   18.276634,    0.753525
2011-05-26 00:00:00,  502.329600,   18.265893,    0.754234
2011-05-27 00:00:00,  499.832640,   18.390194,    0.755025
2011-05-28 00:00:00,  497.335680,   18.551472,    0.755187
2011-05-29 00:00:00,  494.838720,   18.224540,    0.754573
2011-05-30 00:00:00,  492.341760,   18.433374,    0.751579
2011-05-31 00:00:00,  489.844800,   18.555555,    0.751704
2011-06-01 00:00:00,  488.082240,   18.544768,    0.746680
2011-06-02 00:00:00,  486.319680,   18.433397,    0.746537
2011-06-03 00:00:00,  483.822720,   18.386046,    0.747340
2011-06-04 00:00:00,  481.325760,   17.900836,    0.749384
2011-06-05 00:00:00,  478.828800,   17.734736,    0.751969
2011-06-06 00:00:00,  476.478720,   17.614882,    0.755512
2011-06-07 00:00:00,  473.981760,   17.434255,    0.767158
2011-06-08 00:00:00,  471.484800,   17.320559,    0.767437
2011-06-09 00:00:00,  469.134720,   17.174351,    0.767753
2011-06-10 00:00:00,  466.784640,   16.936247,    0.768189
2011-06-11 00:00:00,  464.434560,   16.675671,    0.768714
2011-06-12 00:00:00,  462.084480,   16.519905,    0.769177
2011-06-13 00:00:00,  459.734400,   16.161487,    0.769779
2011-06-14 00:00:00,  457.384320,   15.910613,    0.768760
2011-06-15 00:00:00,  455.034240,   15.962290,    0.767446
2011-06-16 00:00:00,  452.684160,   16.357309,    0.767802
2011-06-17 00:00:00,  450.334080,   15.946203,    0.767712
2011-06-18 00:00:00,  448.130880,   16.024240,    0.766846
2011-06-19 00:00:00,  445.927680,   16.116500,    0.767059
2011-06-20 00:00:00,  443.577600,   16.278134,    0.767034
2011-06-21 00:00:00,  441.374400,   16.595506,    0.767185
2011-06-22 00:00:00,  439.318080,   16.354998,    0.767133
2011-06-23 00:00:00,  437.114880,   16.616360,    0.766910
2011-06-24 00:00:00,  434.911680,   16.895324,    0.757484
2011-06-25 00:00:00,  432.855360,   17.060415,    0.757286
2011-06-26 00:00:00,  430.799040,   17.107697,    0.758721
2011-06-27 00:00:00,  428.742720,   16.848336,    0.759060
2011-06-28 00:00:00,  426.686400,   16.689984,    0.749936
2011-06-29 00:00:00,  424.630080,   16.770169,    0.745373
2011-06-30 00:00:00,  422.573760,   16.364493,    0.745271
2011-07-01 00:00:00,  420.223680,   16.192579,    0.745049
2011-07-02 00:00:00,  417.873600,   15.901989,    0.744366
2011-07-03 00:00:00,  415.964160,   15.724047,    0.743236
2011-07-04 00:00:00,  414.201600,   15.738884,    0.743617
2011-07-05 00:00:00,  412.292160,   15.739207,    0.743556
2011-07-06 00:00:00,  410.382720,   15.816345,    0.744060
2011-07-07 00:00:00,  408.620160,   15.344046,    0.744056
2011-07-08 00:00:00,  406.857600,   15.195458,    0.744200
2011-07-09 00:00:00,  405.241920,   15.138408,    0.744428
2011-07-10 00:00:00,  403.626240,   14.895543,    0.744441
2011-07-11 00:00:00,  401.863680,   14.687535,    0.741662
2011-07-12 00:00:00,  400.248000,   15.159935,    0.741896
2011-07-13 00:00:00,  398.779200,   15.224931,    0.741953
2011-07-14 00:00:00,  397.163520,   15.886774,    0.742259
2011-07-15 00:00:00,  395.547840,   15.543369,    0.737038
2011-07-16 00:00:00,  394.079040,   15.762244,    0.737383
2011-07-17 00:00:00,  392.757120,   15.633251,    0.738161
2011-07-18 00:00:00,  391.435200,   15.400985,    0.738232
2011-07-19 00:00:00,  389.966400,   15.957780,    0.738189
2011-07-20 00:00:00,  388.644480,   15.521279,    0.721340
2011-07-21 00:00:00,  387.322560,   15.578414,    0.720692
2011-07-22 00:00:00,  386.000640,   15.326324,    0.718333
2011-07-23 00:00:00,  384.825600,   15.395981,    0.719386
2011-07-24 00:00:00,  383.650560,   15.599333,    0.719382
2011-07-25 00:00:00,  382.475520,   15.452751,    0.715540
2011-07-26 00:00:00,  381.447360,   15.683429,    0.715436
2011-07-27 00:00:00,  380.419200,   15.874771,    0.712327
2011-07-28 00:00:00,  379.391040,   16.405475,    0.707230
2011-07-29 00:00:00,  378.362880,   16.193590,    0.709769
2011-07-30 00:00:00,  377.334720,   16.506117,    0.707212
2011-07-31 00:00:00,  376.453440,   16.518640,    0.706941
2011-08-01 00:00:00,  375.865920,   16.670627,    0.706917
2011-08-02 00:00:00,  375.278400,   16.673243,    0.705739
2011-08-03 00:00:00,  374.397120,   16.413600,    0.706395
2011-08-04 00:00:00,  373.662720,   16.736739,    0.706963
2011-08-05 00:00:00,  372.928320,   16.412265,    0.707208
2011-08-06 00:00:00,  372.193920,   16.146428,    0.707715
2011-08-07 00:00:00,  371.606400,   16.401212,    0.706930
2011-08-08 00:00:00,  371.018880,   16.320569,    0.707437
2011-08-09 00:00:00,  370.431360,   16.516667,    0.707477
2011-08-10 00:00:00,  369.990720,   16.524616,    0.707801
2011-08-11 00:00:00,  369.550080,   16.530328,    0.707989
2011-08-12 00:00:00,  369.109440,   16.355468,    0.708050
2011-08-13 00:00:00,  368.815680,   17.331487,    0.675888
2011-08-14 00:00:00,  368.375040,   16.935636,    0.693855
2011-08-15 00:00:00,  368.081280,   16.467672,    0.696850
2011-08-16 00:00:00,  367.934400,   16.265683,    0.696847
2011-08-17 00:00:00,  367.640640,   16.450516,    0.697484
2011-08-18 00:00:00,  367.493760,   16.694720,    0.697935
2011-08-19 00:00:00,  367.346880,   16.866866,    0.697814
2011-08-20 00:00:00,  367.200000,   18.267895,    0.698156
2011-08-21 00:00:00,  367.200000,   18.650720,    0.686501
2011-08-22 00:00:00,  367.200000,   18.838040,    0.686653
2011-08-23 00:00:00,  367.200000,   18.367212,    0.686389
2011-08-24 00:00:00,  367.346880,   17.964877,    0.687034
2011-08-25 00:00:00,  367.493760,   17.936195,    0.687283
2011-08-26 00:00:00,  367.640640,   18.126024,    0.687699
2011-08-27 00:00:00,  367.934400,   18.355202,    0.688116
2011-08-28 00:00:00,  368.228160,   18.720363,    0.688659
2011-08-29 00:00:00,  368.521920,   18.720321,    0.689071
2011-08-30 00:00:00,  368.815680,   20.145686,    0.690028
2011-08-31 00:00:00,  369.256320,   20.266973,    0.690099
2011-09-01 00:00:00,  369.550080,   20.399701,    0.688228
2011-09-02 00:00:00,  369.843840,   19.076056,    0.687438
2011-09-03 00:00:00,  370.431360,   18.426838,    0.688041
2011-09-04 00:00:00,  371.018880,   18.369900,    0.688603
2011-09-05 00:00:00,  371.606400,   18.195816,    0.689422
2011-09-06 00:00:00,  372.193920,   18.172869,    0.690116
2011-09-07 00:00:00,  372.781440,   17.974787,    0.690905
2011-09-08 00:00:00,  373.515840,   18.000401,    0.691910
2011-09-09 00:00:00,  374.250240,   18.208102,    0.692049
2011-09-10 00:00:00,  374.984640,   18.505962,    0.692792
2011-09-11 00:00:00,  375.865920,   19.187383,    0.693989
2011-09-12 00:00:00,  376.747200,   19.554133,    0.694359
2011-09-13 00:00:00,  377.628480,   20.476229,    0.695496
2011-09-14 00:00:00,  378.656640,   20.478275,    0.695544
2011-09-15 00:00:00,  379.684800,   21.608935,    0.696662
2011-09-16 00:00:00,  380.712960,   21.141319,    0.697688
2011-09-17 00:00:00,  381.741120,   20.595974,    0.693839
2011-09-18 00:00:00,  382.769280,   19.328979,    0.681101
2011-09-19 00:00:00,  383.944320,   19.026150,    0.682931
2011-09-20 00:00:00,  385.119360,   19.658086,    0.683812
2011-09-21 00:00:00,  386.441280,   18.746516,    0.678558
2011-09-22 00:00:00,  387.763200,   18.366869,    0.679269
2011-09-23 00:00:00,  389.085120,   18.640815,    0.679474
2011-09-24 00:00:00,  390.407040,   19.647805,    0.680747
2011-09-25 00:00:00,  391.728960,   20.147331,    0.681259
2011-09-26 00:00:00,  393.197760,   19.176679,    0.681578
2011-09-27 00:00:00,  394.666560,   18.140355,    0.674713
2011-09-28 00:00:00,  396.135360,   18.625855,    0.675406
2011-09-29 00:00:00,  397.604160,   18.953925,    0.676911
2011-09-30 00:00:00,  399.219840,   18.945090,    0.678210
2011-10-01 00:00:00,  401.129280,   19.262456,    0.678163
2011-10-02 00:00:00,  403.038720,   19.842296,    0.676121
2011-10-03 00:00:00,  404.801280,   20.519750,    0.672462
2011-10-04 00:00:00,  406.563840,   21.149516,    0.672802
2011-10-05 00:00:00,  408.326400,   21.368150,    0.673661
2011-10-06 00:00:00,  410.088960,   22.212233,    0.675057
2011-10-07 00:00:00,  411.851520,   22.208835,    0.675212
2011-10-08 00:00:00,  413.614080,   22.728386,    0.675352
2011-10-09 00:00:00,  415.523520,   23.145217,    0.678527
2011-10-10 00:00:00,  417.432960,   22.682301,    0.678658
2011-10-11 00:00:00,  419.342400,   23.945775,    0.680355
2011-10-12 00:00:00,  421.251840,   24.015683,    0.681678
2011-10-13 00:00:00,  423.161280,   22.889858,    0.683181
2011-10-14 00:00:00,  425.217600,   22.899303,    0.684568
2011-10-15 00:00:00,  427.273920,   23.688138,    0.685649
2011-10-16 00:00:00,  429.330240,   23.383237,    0.686380
2011-10-17 00:00:00,  431.386560,   23.923288,    0.688587
2011-10-18 00:00:00,  433.442880,   22.983424,    0.680993
2011-10-19 00:00:00,  435.499200,   22.789895,    0.682895
2011-10-20 00:00:00,  437.702400,   22.784452,    0.684012
2011-10-21 00:00:00,  439.905600,   23.624905,    0.685818
2011-10-22 00:00:00,  442.108800,   23.094471,    0.686143
2011-10-23 00:00:00,  444.312000,   23.099089,    0.686821
2011-10-24 00:00:00,  446.515200,   22.582854,    0.687388
2011-10-25 00:00:00,  448.865280,   22.328784,    0.681681
2011-10-26 00:00:00,  451.068480,   22.561078,    0.681974
2011-10-27 00:00:00,  453.271680,   23.794750,    0.683555
2011-10-28 00:00:00,  455.621760,   23.473464,    0.684848
2011-10-29 00:00:00,  457.971840,   23.750727,    0.686428
2011-10-30 00:00:00,  460.321920,   23.696217,    0.686859
2011-10-31 00:00:00,  462.672000,   23.769846,    0.688502
2011-11-01 00:00:00,  464.434560,   23.956055,    0.690415
2011-11-02 00:00:00,  466.197120,   25.344207,    0.692638
2011-11-03 00:00:00,  468.547200,   25.934940,    0.690524
2011-11-04 00:00:00,  470.897280,   25.858651,    0.692851
2011-11-05 00:00:00,  473.247360,   24.063790,    0.682913
2011-11-06 00:00:00,  475.744320,   24.583313,    0.671868
2011-11-07 00:00:00,  478.241280,   23.502376,    0.676605
2011-11-08 00:00:00,  480.591360,   22.089009,    0.675586
2011-11-09 00:00:00,  483.088320,   22.863813,    0.676960
2011-11-10 00:00:00,  485.585280,   23.271368,    0.677095
2011-11-11 00:00:00,  488.082240,   24.073923,    0.679748
2011-11-12 00:00:00,  490.579200,   24.828682,    0.681531
2011-11-13 00:00:00,  493.076160,   25.043629,    0.683484
2011-11-14 00:00:00,  495.573120,   24.988358,    0.685251
2011-11-15 00:00:00,  498.070080,   24.672706,    0.686712
2011-11-16 00:00:00,  500.567040,   24.635595,    0.686907
2011-11-17 00:00:00,  503.064000,   24.725698,    0.687897
2011-11-18 00:00:00,  505.560960,   24.556022,    0.688927
2011-11-19 00:00:00,  508.057920,   24.323851,    0.690088
2011-11-20 00:00:00,  510.701760,   24.385253,    0.691574
2011-11-21 00:00:00,  513.198720,   25.043967,    0.693942
2011-11-22 00:00:00,  515.695680,   25.014840,    0.693978
2011-11-23 00:00:00,  518.192640,   25.954961,    0.696669
2011-11-24 00:00:00,  520.689600,   25.585704,    0.699275
2011-11-25 00:00:00,  523.333440,   26.439875,    0.702725
2011-11-26 00:00:00,  525.830400,   24.819501,    0.704025
2011-11-27 00:00:00,  528.327360,   24.033347,    0.705144
2011-11-28 00:00:00,  530.824320,   23.935181,    0.707095
2011-11-29 00:00:00,  533.321280,   23.772259,    0.709380
2011-11-30 00:00:00,  535.818240,   23.649925,    0.708536
2011-12-01 00:00:00,  538.902720,   23.664337,    0.709309
2011-12-02 00:00:00,  541.987200,   25.131604,    0.714189
2011-12-03 00:00:00,  544.337280,   25.289556,    0.715893
2011-12-04 00:00:00,  546.834240,   25.610196,    0.716952
2011-12-05 00:00:00,  549.331200,   27.198587,    0.719908
2011-12-06 00:00:00,  551.681280,   25.812431,    0.700455
2011-12-07 00:00:00,  554.178240,   25.805602,    0.700982
2011-12-08 00:00:00,  556.675200,   25.321519,    0.702496
2011-12-09 00:00:00,  559.025280,   25.957232,    0.704050
2011-12-10 00:00:00,  561.375360,   26.847519,    0.706176
2011-12-11 00:00:00,  563.725440,   27.388074,    0.708267
2011-12-12 00:00:00,  566.075520,   24.798170,    0.663979
2011-12-13 00:00:00,  568.425600,   23.801123,    0.667778
2011-12-14 00:00:00,  570.775680,   25.220453,    0.670215
2011-12-15 00:00:00,  573.125760,   24.737057,    0.671702
2011-12-16 00:00:00,  575.475840,   25.517213,    0.672778
2011-12-17 00:00:00,  577.825920,   26.385000,    0.673784
2011-12-18 00:00:00,  580.029120,   26.963219,    0.676028
2011-12-19 00:00:00,  582.232320,   26.937388,    0.678104
2011-12-20 00:00:00,  584.582400,   27.486491,    0.680327
2011-12-21 00:00:00,  586.785600,   27.700076,    0.682740
2011-12-22 00:00:00,  588.988800,   27.625967,    0.684791
2011-12-23 00:00:00,  591.192000,   27.274062,    0.686483
2011-12-24 00:00:00,  593.248320,   27.306219,    0.688212
2011-12-25 00:00:00,  595.304640,   27.133138,    0.690712
2011-12-26 00:00:00,  597.360960,   27.388655,    0.693322
2011-12-27 00:00:00,  599.417280,   27.435038,    0.695882
2011-12-28 00:00:00,  601.473600,   27.550502,    0.697717
2011-12-29 00:00:00,  603.529920,   27.748144,    0.698355
2011-12-30 00:00:00,  605.586240,   29.262859,    0.703583
2011-12-31 00:00:00,  607.495680,   28.688631,    0.704915
2012-01-01 00:00:00,  608.817600,   28.300789,    0.706988
2012-01-02 00:00:00,  610.286400,   28.051576,    0.709481
2012-01-03 00:00:00,  612.195840,   27.324711,    0.711898
2012-01-04 00:00:00,  613.958400,   26.892787,    0.711001
2012-01-05 00:00:00,  615.867840,   27.669693,    0.713243
2012-01-06 00:00:00,  617.777280,   27.191059,    0.717207
2012-01-07 00:00:00,  619.539840,   26.355641,    0.718186
2012-01-08 00:00:00,  621.302400,   26.026225,    0.717104
2012-01-09 00:00:00,  622.918080,   26.632681,    0.719810
2012-01-10 00:00:00,  624.533760,   26.874662,    0.720913
2012-01-11 00:00:00,  626.296320,   27.472021,    0.723483
2012-01-12 00:00:00,  627.912000,   28.566237,    0.726215
2012-01-13 00:00:00,  629.380800,   28.782050,    0.727772
2012-01-14 00:00:00,  630.849600,   29.936572,    0.729899
2012-01-15 00:00:00,  632.465280,   30.374595,    0.732365
2012-01-16 00:00:00,  634.080960,   28.429834,    0.735410
2012-01-17 00:00:00,  635.402880,   27.923952,    0.737183
2012-01-18 00:00:00,  636.724800,   28.019396,    0.738125
2012-01-19 00:00:00,  638.193600,   29.360600,    0.739824
2012-01-20 00:00:00,  639.515520,   29.070322,    0.738224
2012-01-21 00:00:00,  640.837440,   29.903053,    0.740281
2012-01-22 00:00:00,  642.159360,   30.451527,    0.744330
2012-01-23 00:00:00,  643.334400,   29.851882,    0.746149
2012-01-24 00:00:00,  644.509440,   30.167397,    0.745644
2012-01-25 00:00:00,  645.684480,   30.796375,    0.747146
2012-01-26 00:00:00,  646.712640,   31.139809,    0.746993
2012-01-27 00:00:00,  647.740800,   31.140868,    0.747183
2012-01-28 00:00:00,  648.768960,   31.967562,    0.751700
2012-01-29 00:00:00,  649.797120,   29.280387,    0.753153
2012-01-30 00:00:00,  650.825280,   28.070441,    0.752129
2012-01-31 00:00:00,  651.706560,   28.474261,    0.754283
2012-02-01 00:00:00,  652.294080,   27.704467,    0.754513
2012-02-02 00:00:00,  652.881600,   28.086026,    0.749827
2012-02-03 00:00:00,  653.762880,   27.334422,    0.752849
2012-02-04 00:00:00,  654.497280,   26.261996,    0.754143
2012-02-05 00:00:00,  655.084800,   26.244969,    0.752557
2012-02-06 00:00:00,  655.819200,   26.312078,    0.753765
2012-02-07 00:00:00,  656.553600,   26.611919,    0.755646
2012-02-08 00:00:00,  657.141120,   26.257865,    0.755874
2012-02-09 00:00:00,  657.728640,   27.150661,    0.758928
2012-02-10 00:00:00,  658.169280,   28.157946,    0.759947
2012-02-11 00:00:00,  658.609920,   28.503760,    0.761739
2012-02-12 00:00:00,  659.050560,   28.048116,    0.763051
2012-02-13 00:00:00,  659.344320,   28.602880,    0.764350
2012-02-14 00:00:00,  659.784960,   28.771319,    0.766454
2012-02-15 00:00:00,  660.078720,   28.393121,    0.767605
2012-02-16 00:00:00,  660.225600,   28.275820,    0.768926
2012-02-17 00:00:00,  660.519360,   28.222117,    0.770536
2012-02-18 00:00:00,  660.666240,   28.029446,    0.771427
2012-02-19 00:00:00,  660.813120,   28.297270,    0.773481
2012-02-20 00:00:00,  660.960000,   28.364081,    0.775624
2012-02-21 00:00:00,  660.960000,   29.124817,    0.777216
2012-02-22 00:00:00,  660.960000,   29.769111,    0.778731
2012-02-23 00:00:00,  660.960000,   28.998602,    0.780199
2012-02-24 00:00:00,  660.813120,   28.003422,    0.780402
2012-02-25 00:00:00,  660.666240,   27.271342,    0.780079
2012-02-26 00:00:00,  660.519360,   26.522586,    0.781268
2012-02-27 00:00:00,  660.225600,   26.350075,    0.780040
2012-02-28 00:00:00,  659.931840,   26.192860,    0.781934
2012-02-29 00:00:00,  659.638080,   25.864348,    0.781117
2012-03-01 00:00:00,  659.050560,   25.507695,    0.782595
2012-03-02 00:00:00,  658.316160,   25.435391,    0.783495
2012-03-03 00:00:00,  657.728640,   25.266400,    0.784237
2012-03-04 00:00:00,  657.141120,   25.330525,    0.784073
2012-03-05 00:00:00,  656.553600,   26.190786,    0.785621
2012-03-06 00:00:00,  655.966080,   27.065358,    0.789148
2012-03-07 00:00:00,  655.378560,   26.665765,    0.790704
2012-03-08 00:00:00,  654.644160,   26.588213,    0.791891
2012-03-09 00:00:00,  653.909760,   26.711080,    0.792384
2012-03-10 00:00:00,  653.175360,   27.722696,    0.794130
2012-03-11 00:00:00,  652.294080,   28.045641,    0.795754
2012-03-12 00:00:00,  651.412800,   28.031234,    0.797308
2012-03-13 00:00:00,  650.531520,   26.956754,    0.799372
2012-03-14 00:00:00,  649.503360,   26.064676,    0.799273
2012-03-15 00:00:00,  648.475200,   25.400140,    0.797308
2012-03-16 00:00:00,  647.447040,   25.086851,    0.796661
2012-03-17 00:00:00,  646.418880,   25.212515,    0.797849
2012-03-18 00:00:00,  645.390720,   25.565480,    0.798650
2012-03-19 00:00:00,  644.215680,   25.167876,    0.800760
2012-03-20 00:00:00,  643.040640,   24.712112,    0.801340
2012-03-21 00:00:00,  641.718720,   24.475117,    0.801148
2012-03-22 00:00:00,  640.396800,   24.164035,    0.802149
2012-03-23 00:00:00,  639.221760,   24.061079,    0.800868
2012-03-24 00:00:00,  637.899840,   24.395637,    0.801491
2012-03-25 00:00:00,  636.431040,   24.267034,    0.802147
2012-03-26 00:00:00,  634.962240,   24.521405,    0.803172
2012-03-27 00:00:00,  633.493440,   24.722340,    0.804212
2012-03-28 00:00:00,  632.024640,   24.849844,    0.805170
2012-03-29 00:00:00,  630.555840,   24.890604,    0.806430
2012-03-30 00:00:00,  629.087040,   23.761655,    0.806015
2012-03-31 00:00:00,  627.471360,   23.638134,    0.805148
2012-04-01 00:00:00,  626.296320,   23.388833,    0.805931
2012-04-02 00:00:00,  625.121280,   23.184625,    0.803137
2012-04-03 00:00:00,  623.358720,   23.521358,    0.801420
2012-04-04 00:00:00,  621.596160,   23.426767,    0.801614
2012-04-05 00:00:00,  619.833600,   22.759277,    0.802284
2012-04-06 00:00:00,  618.071040,   22.184867,    0.801763
2012-04-07 00:00:00,  616.308480,   22.500434,    0.801073
2012-04-08 00:00:00,  614.545920,   23.052005,    0.801678
2012-04-09 00:00:00,  612.783360,   23.631159,    0.801837
2012-04-10 00:00:00,  610.873920,   24.124553,    0.802415
2012-04-11 00:00:00,  608.964480,   24.066734,    0.804283
2012-04-12 00:00:00,  607.055040,   23.846818,    0.804736
2012-04-13 00:00:00,  604.998720,   23.804501,    0.805799
2012-04-14 00:00:00,  602.942400,   24.031512,    0.806785
2012-04-15 00:00:00,  600.886080,   24.197319,    0.807513
2012-04-16 00:00:00,  598.829760,   24.319419,    0.808199
2012-04-17 00:00:00,  596.773440,   23.655463,    0.808445
2012-04-18 00:00:00,  594.717120,   22.906269,    0.807895
2012-04-19 00:00:00,  592.660800,   22.622402,    0.807905
2012-04-20 00:00:00,  590.457600,   22.243555,    0.808036
2012-04-21 00:00:00,  588.254400,   22.090155,    0.807016
2012-04-22 00:00:00,  586.198080,   21.974151,    0.805694
2012-04-23 00:00:00,  583.994880,   21.769111,    0.805162
2012-04-24 00:00:00,  581.644800,   21.148332,    0.805497
2012-04-25 00:00:00,  579.441600,   20.675889,    0.804517
2012-04-26 00:00:00,  577.238400,   21.403858,    0.803387
2012-04-27 00:00:00,  574.888320,   20.748469,    0.804839
2012-04-28 00:00:00,  572.538240,   20.164195,    0.804088
2012-04-29 00:00:00,  570.188160,   20.631370,    0.799484
2012-04-30 00:00:00,  567.838080,   20.817788,    0.800732
2012-05-01 00:00:00,  565.047360,   20.382280,    0.802351
2012-05-02 00:00:00,  562.109760,   20.268589,    0.802361
2012-05-03 00:00:00,  559.612800,   21.000839,    0.802660
2012-05-04 00:00:00,  557.262720,   20.652372,    0.762568
2012-05-05 00:00:00,  554.912640,   20.808363,    0.767614
2012-05-06 00:00:00,  552.415680,   20.301578,    0.773722
2012-05-07 00:00:00,  549.918720,   19.699114,    0.776404
2012-05-08 00:00:00,  547.568640,   19.267328,    0.778495
2012-05-09 00:00:00,  545.071680,   19.412656,    0.777833
2012-05-10 00:00:00,  542.574720,   19.777617,    0.769013
2012-05-11 00:00:00,  540.077760,   19.644010,    0.772071
2012-05-12 00:00:00,  537.580800,   19.713159,    0.775112
2012-05-13 00:00:00,  535.083840,   19.357893,    0.775090
2012-05-14 00:00:00,  532.586880,   19.802549,    0.775411
2012-05-15 00:00:00,  530.089920,   19.739079,    0.775691
2012-05-16 00:00:00,  527.592960,   19.913617,    0.776003
2012-05-17 00:00:00,  525.096000,   19.470260,    0.775966
2012-05-18 00:00:00,  522.599040,   19.496698,    0.776040
2012-05-19 00:00:00,  520.102080,   19.526799,    0.776074
2012-05-20 00:00:00,  517.458240,   19.450169,    0.776713
2012-05-21 00:00:00,  514.961280,   19.283265,    0.777019
2012-05-22 00:00:00,  512.464320,   19.150526,    0.777556
2012-05-23 00:00:00,  509.967360,   18.894614,    0.778347
2012-05-24 00:00:00,  507.470400,   18.685498,    0.780136
2012-05-25 00:00:00,  504.826560,   18.257150,    0.782147
2012-05-26 00:00:00,  502.329600,   17.989396,    0.785085
2012-05-27 00:00:00,  499.832640,   18.355563,    0.788489
2012-05-28 00:00:00,  497.335680,   18.187616,    0.788311
2012-05-29 00:00:00,  494.838720,   17.979411,    0.790672
2012-05-30 00:00:00,  492.341760,   17.822909,    0.807732
2012-05-31 00:00:00,  489.844800,   17.676156,    0.797050
2012-06-01 00:00:00,  488.082240,   17.908421,    0.797494
2012-06-02 00:00:00,  486.319680,   17.964407,    0.797408
2012-06-03 00:00:00,  483.822720,   17.472725,    0.798102
2012-06-04 00:00:00,  481.325760,   17.381414,    0.798714
2012-06-05 00:00:00,  478.828800,   17.239472,    0.799321
2012-06-06 00:00:00,  476.478720,   16.851347,    0.798099
2012-06-07 00:00:00,  473.981760,   16.840312,    0.784800
2012-06-08 00:00:00,  471.484800,   17.062902,    0.786627
2012-06-09 00:00:00,  469.134720,   17.281625,    0.786863
2012-06-10 00:00:00,  466.784640,   17.138850,    0.785200
2012-06-11 00:00:00,  464.434560,   16.913340,    0.784517
2012-06-12 00:00:00,  462.084480,   16.766951,    0.780752
2012-06-13 00:00:00,  459.734400,   16.461351,    0.779918
2012-06-14 00:00:00,  457.384320,   16.240533,    0.776340
2012-06-15 00:00:00,  455.034240,   16.424128,    0.776478
2012-06-16 00:00:00,  452.684160,   16.398855,    0.776572
2012-06-17 00:00:00,  450.334080,   16.814483,    0.776830
2012-06-18 00:00:00,  448.130880,   16.880867,    0.777070
2012-06-19 00:00:00,  445.927680,   17.156368,    0.774143
2012-06-20 00:00:00,  443.577600,   16.597798,    0.771232
2012-06-21 00:00:00,  441.374400,   16.529526,    0.772206
2012-06-22 00:00:00,  439.318080,   16.412949,    0.774068
2012-06-23 00:00:00,  437.114880,   15.994764,    0.774473
2012-06-24 00:00:00,  434.911680,   15.927055,    0.774708
2012-06-25 00:00:00,  432.855360,   15.537067,    0.774473
2012-06-26 00:00:00,  430.799040,   15.372369,    0.771192
2012-06-27 00:00:00,  428.742720,   15.459822,    0.770106
2012-06-28 00:00:00,  426.686400,   15.451446,    0.769764
2012-06-29 00:00:00,  424.630080,   15.819955,    0.769960
2012-06-30 00:00:00,  422.573760,   15.882422,    0.770444
2012-07-01 00:00:00,  420.223680,   15.828729,    0.770409
2012-07-02 00:00:00,  417.873600,   15.770417,    0.770495
2012-07-03 00:00:00,  415.964160,   15.575436,    0.771092
2012-07-04 00:00:00,  414.201600,   15.586490,    0.771564
2012-07-05 00:00:00,  412.292160,   15.167206,    0.771500
2012-07-06 00:00:00,  410.382720,   15.240966,    0.770224
2012-07-07 00:00:00,  408.620160,   15.460644,    0.770279
2012-07-08 00:00:00,  406.857600,   15.205475,    0.770662
2012-07-09 00:00:00,  405.241920,   15.084109,    0.770917
2012-07-10 00:00:00,  403.626240,   14.868345,    0.762533
2012-07-11 00:00:00,  401.863680,   14.707550,    0.762755
2012-07-12 00:00:00,  400.248000,   14.837739,    0.763181
2012-07-13 00:00:00,  398.779200,   14.560613,    0.763075
2012-07-14 00:00:00,  397.163520,   14.899076,    0.763263
2012-07-15 00:00:00,  395.547840,   15.067556,    0.763466
2012-07-16 00:00:00,  394.079040,   14.882596,    0.758603
2012-07-17 00:00:00,  392.757120,   14.950485,    0.759105
2012-07-18 00:00:00,  391.435200,   14.877558,    0.759423
2012-07-19 00:00:00,  389.966400,   14.935999,    0.759557
2012-07-20 00:00:00,  388.644480,   14.954935,    0.760729
2012-07-21 00:00:00,  387.322560,   14.707177,    0.761061
2012-07-22 00:00:00,  386.000640,   15.522524,    0.761673
2012-07-23 00:00:00,  384.825600,   14.914766,    0.760818
2012-07-24 00:00:00,  383.650560,   14.875467,    0.761315
2012-07-25 00:00:00,  382.475520,   14.695668,    0.761174
2012-07-26 00:00:00,  381.447360,   14.722760,    0.761372
2012-07-27 00:00:00,  380.419200,   14.918202,    0.761637
2012-07-28 00:00:00,  379.391040,   14.997058,    0.761947
2012-07-29 00:00:00,  378.362880,   14.868093,    0.762465
2012-07-30 00:00:00,  377.334720,   14.777469,    0.762523
2012-07-31 00:00:00,  376.453440,   14.983112,    0.758187
2012-08-01 00:00:00,  375.865920,   15.175858,    0.755393
2012-08-02 00:00:00,  375.278400,   15.062317,    0.755474
2012-08-03 00:00:00,  374.397120,   15.252182,    0.754833
2012-08-04 00:00:00,  373.662720,   15.671248,    0.752627
2012-08-05 00:00:00,  372.928320,   15.648879,    0.752889
2012-08-06 00:00:00,  372.193920,   15.939668,    0.751450
2012-08-07 00:00:00,  371.606400,   15.902707,    0.748826
2012-08-08 00:00:00,  371.018880,   16.131171,    0.749559
2012-08-09 00:00:00,  370.431360,   16.157789,    0.749623
2012-08-10 00:00:00,  369.990720,   16.151455,    0.749884
2012-08-11 00:00:00,  369.550080,   17.341723,    0.750599
2012-08-12 00:00:00,  369.109440,   16.513414,    0.732176
2012-08-13 00:00:00,  368.815680,   16.202513,    0.734994
2012-08-14 00:00:00,  368.375040,   16.365918,    0.735970
2012-08-15 00:00:00,  368.081280,   16.504882,    0.736715
2012-08-16 00:00:00,  367.934400,   16.500505,    0.737162
2012-08-17 00:00:00,  367.640640,   16.633662,    0.738036
2012-08-18 00:00:00,  367.493760,   16.619381,    0.737656
2012-08-19 00:00:00,  367.346880,   17.305380,    0.738314
2012-08-20 00:00:00,  367.200000,   17.510137,    0.738344
2012-08-21 00:00:00,  367.200000,   17.782994,    0.735491
2012-08-22 00:00:00,  367.200000,   16.972431,    0.736171
2012-08-23 00:00:00,  367.200000,   17.171020,    0.736574
2012-08-24 00:00:00,  367.346880,   16.937139,    0.736564
2012-08-25 00:00:00,  367.493760,   17.253167,    0.736781
2012-08-26 00:00:00,  367.640640,   17.749785,    0.737431
2012-08-27 00:00:00,  367.934400,   17.916913,    0.737501
2012-08-28 00:00:00,  368.228160,   18.037732,    0.738241
2012-08-29 00:00:00,  368.521920,   18.240384,    0.738198
2012-08-30 00:00:00,  368.815680,   18.496803,    0.738641
2012-08-31 00:00:00,  369.256320,   18.356257,    0.735747
2012-09-01 00:00:00,  369.550080,   18.811516,    0.736793
2012-09-02 00:00:00,  369.843840,   18.601741,    0.736924
2012-09-03 00:00:00,  370.431360,   18.007362,    0.731823
2012-09-04 00:00:00,  371.018880,   16.816570,    0.728866
2012-09-05 00:00:00,  371.606400,   16.478336,    0.729107
2012-09-06 00:00:00,  372.193920,   16.631834,    0.729895
2012-09-07 00:00:00,  372.781440,   17.242615,    0.730778
2012-09-08 00:00:00,  373.515840,   17.737349,    0.731279
2012-09-09 00:00:00,  374.250240,   18.381708,    0.731677
2012-09-10 00:00:00,  374.984640,   18.406055,    0.731734
2012-09-11 00:00:00,  375.865920,   19.816299,    0.732633
2012-09-12 00:00:00,  376.747200,   19.534470,    0.733925
2012-09-13 00:00:00,  377.628480,   19.200429,    0.734297
2012-09-14 00:00:00,  378.656640,   19.812711,    0.735317
2012-09-15 00:00:00,  379.684800,   19.989463,    0.736268
2012-09-16 00:00:00,  380.712960,   20.216888,    0.736545
2012-09-17 00:00:00,  381.741120,   20.711019,    0.737446
2012-09-18 00:00:00,  382.769280,   20.901242,    0.724966
2012-09-19 00:00:00,  383.944320,   21.279606,    0.725771
2012-09-20 00:00:00,  385.119360,   20.936035,    0.727319
2012-09-21 00:00:00,  386.441280,   19.276353,    0.726706
2012-09-22 00:00:00,  387.763200,   18.367185,    0.727019
2012-09-23 00:00:00,  389.085120,   18.617939,    0.727797
2012-09-24 00:00:00,  390.407040,   18.611585,    0.728310
2012-09-25 00:00:00,  391.728960,   18.582412,    0.723761
2012-09-26 00:00:00,  393.197760,   17.939829,    0.722197
2012-09-27 00:00:00,  394.666560,   17.230588,    0.720596
2012-09-28 00:00:00,  396.135360,   18.240480,    0.721988
2012-09-29 00:00:00,  397.604160,   18.362677,    0.722194
2012-09-30 00:00:00,  399.219840,   20.044411,    0.724051
2012-10-01 00:00:00,  401.129280,   19.918903,    0.724862
2012-10-02 00:00:00,  403.038720,   21.025406,    0.726229
2012-10-03 00:00:00,  404.801280,   20.883824,    0.727962
2012-10-04 00:00:00,  406.563840,   21.114876,    0.728383
2012-10-05 00:00:00,  408.326400,   20.979777,    0.729416
2012-10-06 00:00:00,  410.088960,   21.527223,    0.730777
2012-10-07 00:00:00,  411.851520,   21.713872,    0.731962
2012-10-08 00:00:00,  413.614080,   22.020841,    0.733429
2012-10-09 00:00:00,  415.523520,   21.603164,    0.731882
2012-10-10 00:00:00,  417.432960,   21.907528,    0.734113
2012-10-11 00:00:00,  419.342400,   21.415077,    0.734529
2012-10-12 00:00:00,  421.251840,   21.941962,    0.736285
2012-10-13 00:00:00,  423.161280,   21.624294,    0.736824
2012-10-14 00:00:00,  425.217600,   21.096272,    0.738033
2012-10-15 00:00:00,  427.273920,   21.227769,    0.738733
2012-10-16 00:00:00,  429.330240,   21.512896,    0.739764
2012-10-17 00:00:00,  431.386560,   22.182052,    0.739980
2012-10-18 00:00:00,  433.442880,   23.110402,    0.741287
2012-10-19 00:00:00,  435.499200,   23.665768,    0.744221
2012-10-20 00:00:00,  437.702400,   24.063629,    0.745383
2012-10-21 00:00:00,  439.905600,   24.052479,    0.745390
2012-10-22 00:00:00,  442.108800,   23.529824,    0.747312
2012-10-23 00:00:00,  444.312000,   22.972057,    0.749050
2012-10-24 00:00:00,  446.515200,   22.582846,    0.746686
2012-10-25 00:00:00,  448.865280,   22.788604,    0.748550
2012-10-26 00:00:00,  451.068480,   22.812550,    0.749540
2012-10-27 00:00:00,  453.271680,   23.640525,    0.751249
2012-10-28 00:00:00,  455.621760,   24.322390,    0.752487
2012-10-29 00:00:00,  457.971840,   24.388322,    0.753843
2012-10-30 00:00:00,  460.321920,   23.435986,    0.755596
2012-10-31 00:00:00,  462.672000,   22.564817,    0.756555
2012-11-01 00:00:00,  464.434560,   22.361608,    0.757434
2012-11-02 00:00:00,  466.197120,   23.109815,    0.758517
2012-11-03 00:00:00,  468.547200,   22.750295,    0.759780
2012-11-04 00:00:00,  470.897280,   21.462120,    0.753762
2012-11-05 00:00:00,  473.247360,   20.826262,    0.751362
2012-11-06 00:00:00,  475.744320,   21.742226,    0.752143
2012-11-07 00:00:00,  478.241280,   22.161159,    0.752325
2012-11-08 00:00:00,  480.591360,   23.186349,    0.756116
2012-11-09 00:00:00,  483.088320,   24.123445,    0.757326
2012-11-10 00:00:00,  485.585280,   24.117642,    0.759014
2012-11-11 00:00:00,  488.082240,   23.568420,    0.761182
2012-11-12 00:00:00,  490.579200,   23.595936,    0.762822
2012-11-13 00:00:00,  493.076160,   23.596561,    0.764505
2012-11-14 00:00:00,  495.573120,   23.977582,    0.765980
2012-11-15 00:00:00,  498.070080,   24.465177,    0.767760
2012-11-16 00:00:00,  500.567040,   24.862332,    0.768217
2012-11-17 00:00:00,  503.064000,   25.212025,    0.768158
2012-11-18 00:00:00,  505.560960,   25.311909,    0.772365
2012-11-19 00:00:00,  508.057920,   25.650930,    0.773244
2012-11-20 00:00:00,  510.701760,   25.806998,    0.775184
2012-11-21 00:00:00,  513.198720,   26.358399,    0.777195
2012-11-22 00:00:00,  515.695680,   27.422195,    0.779365
2012-11-23 00:00:00,  518.192640,   26.395774,    0.781146
2012-11-24 00:00:00,  520.689600,   25.615203,    0.781659
2012-11-25 00:00:00,  523.333440,   25.928922,    0.781694
2012-11-26 00:00:00,  525.830400,   27.088207,    0.783247
2012-11-27 00:00:00,  528.327360,   26.250901,    0.785356
2012-11-28 00:00:00,  530.824320,   23.256549,    0.775847
2012-11-29 00:00:00,  533.321280,   21.455160,    0.771657
2012-11-30 00:00:00,  535.818240,   21.343485,    0.773425
2012-12-01 00:00:00,  538.902720,   22.096933,    0.774214
2012-12-02 00:00:00,  541.987200,   23.471141,    0.776341
2012-12-03 00:00:00,  544.337280,   24.774700,    0.779250
2012-12-04 00:00:00,  546.834240,   24.366670,    0.779866
2012-12-05 00:00:00,  549.331200,   24.932881,    0.779694
2012-12-06 00:00:00,  551.681280,   26.349683,    0.787345
2012-12-07 00:00:00,  554.178240,   25.157616,    0.787421
2012-12-08 00:00:00,  556.675200,   25.415308,    0.788933
2012-12-09 00:00:00,  559.025280,   25.844995,    0.790375
2012-12-10 00:00:00,  561.375360,   27.126359,    0.792404
2012-12-11 00:00:00,  563.725440,   27.934777,    0.792496
2012-12-12 00:00:00,  566.075520,   27.129414,    0.788517
2012-12-13 00:00:00,  568.425600,   26.402330,    0.781990
2012-12-14 00:00:00,  570.775680,   26.294722,    0.784943
2012-12-15 00:00:00,  573.125760,   26.677680,    0.787862
2012-12-16 00:00:00,  575.475840,   27.280416,    0.789851
2012-12-17 00:00:00,  577.825920,   27.444091,    0.790229
2012-12-18 00:00:00,  580.029120,   26.687151,    0.793426
2012-12-19 00:00:00,  582.232320,   26.689347,    0.795423
2012-12-20 00:00:00,  584.582400,   26.589680,    0.795548
2012-12-21 00:00:00,  586.785600,   26.835761,    0.799921
2012-12-22 00:00:00,  588.988800,   27.040503,    0.802476
2012-12-23 00:00:00,  591.192000,   27.197631,    0.804677
2012-12-24 00:00:00,  593.248320,   27.899048,    0.807401
2012-12-25 00:00:00,  595.304640,   28.347885,    0.809825
2012-12-26 00:00:00,  597.360960,   28.412028,    0.812221
2012-12-27 00:00:00,  599.417280,   29.761827,    0.814413
2012-12-28 00:00:00,  601.473600,   30.457565,    0.816507
2012-12-29 00:00:00,  603.529920,   30.148556,    0.818484
2012-12-30 00:00:00,  605.586240,   30.035481,    0.818612
2012-12-31 00:00:00,  607.495680,   30.937218,    0.820487
2013-01-01 00:00:00,  608.817600,   31.015142,    0.825317
2013-01-02 00:00:00,  610.286400,   30.707184,    0.826582
2013-01-03 00:00:00,  612.195840,   28.898901,    0.826871
2013-01-04 00:00:00,  613.958400,   27.913859,    0.827292
2013-01-05 00:00:00,  615.867840,   28.068871,    0.827172
2013-01-06 00:00:00,  617.777280,   27.957999,    0.829980
2013-01-07 00:00:00,  619.539840,   27.702698,    0.829785
2013-01-08 00:00:00,  621.302400,   28.739700,    0.831337
2013-01-09 00:00:00,  622.918080,   27.735002,    0.832277
2013-01-10 00:00:00,  624.533760,   27.288901,    0.832348
2013-01-11 00:00:00,  626.296320,   27.063490,    0.834216
2013-01-12 00:00:00,  627.912000,   27.372396,    0.835844
2013-01-13 00:00:00,  629.380800,   26.456410,    0.836460
2013-01-14 00:00:00,  630.849600,   28.401594,    0.836601
2013-01-15 00:00:00,  632.465280,   29.240372,    0.837009
2013-01-16 00:00:00,  634.080960,   27.459815,    0.839364
2013-01-17 00:00:00,  635.402880,   25.787453,    0.838191
2013-01-18 00:00:00,  636.724800,   25.594640,    0.832140
2013-01-19 00:00:00,  638.193600,   26.305205,    0.832004
2013-01-20 00:00:00,  639.515520,   27.264169,    0.834179
2013-01-21 00:00:00,  640.837440,   27.061411,    0.836917
2013-01-22 00:00:00,  642.159360,   27.607549,    0.839369
2013-01-23 00:00:00,  643.334400,   26.995825,    0.842421
2013-01-24 00:00:00,  644.509440,   26.411972,    0.842691
2013-01-25 00:00:00,  645.684480,   26.682863,    0.844327
2013-01-26 00:00:00,  646.712640,   26.910705,    0.845212
2013-01-27 00:00:00,  647.740800,   27.630628,    0.847673
2013-01-28 00:00:00,  648.768960,   27.604619,    0.849870
2013-01-29 00:00:00,  649.797120,   27.516198,    0.852689
2013-01-30 00:00:00,  650.825280,   27.547099,    0.854188
2013-01-31 00:00:00,  651.706560,   27.667449,    0.856849
2013-02-01 00:00:00,  652.294080,   27.431333,    0.856244
2013-02-02 00:00:00,  652.881600,   28.486116,    0.858460
2013-02-03 00:00:00,  653.762880,   29.301863,    0.860755
2013-02-04 00:00:00,  654.497280,   29.212298,    0.862869
2013-02-05 00:00:00,  655.084800,   27.935508,    0.863344
2013-02-06 00:00:00,  655.819200,   27.108281,    0.865066
2013-02-07 00:00:00,  656.553600,   26.983738,    0.865676
2013-02-08 00:00:00,  657.141120,   27.327337,    0.867322
2013-02-09 00:00:00,  657.728640,   27.515864,    0.869183
2013-02-10 00:00:00,  658.169280,   27.670615,    0.870355
2013-02-11 00:00:00,  658.609920,   27.777855,    0.873295
2013-02-12 00:00:00,  659.050560,   28.497427,    0.875092
2013-02-13 00:00:00,  659.344320,   29.591567,    0.876840
2013-02-14 00:00:00,  659.784960,   28.600100,    0.878592
2013-02-15 00:00:00,  660.078720,   28.759987,    0.880699
2013-02-16 00:00:00,  660.225600,   28.856756,    0.879615
2013-02-17 00:00:00,  660.519360,   26.894456,    0.877718
2013-02-18 00:00:00,  660.666240,   26.726572,    0.876463
2013-02-19 00:00:00,  660.813120,   26.739153,    0.878054
2013-02-20 00:00:00,  660.960000,   27.520232,    0.879471
2013-02-21 00:00:00,  660.960000,   28.055601,    0.879899
2013-02-22 00:00:00,  660.960000,   26.437350,    0.881395
2013-02-23 00:00:00,  660.960000,   26.246232,    0.882455
2013-02-24 00:00:00,  660.813120,   26.160626,    0.883236
2013-02-25 00:00:00,  660.666240,   26.633148,    0.884749
2013-02-26 00:00:00,  660.519360,   27.331762,    0.886827
2013-02-27 00:00:00,  660.225600,   27.769651,    0.889828
2013-02-28 00:00:00,  659.931840,   27.434578,    0.891338
2013-03-01 00:00:00,  659.197440,   27.544110,    0.892939
2013-03-02 00:00:00,  658.316160,   27.951757,    0.894399
2013-03-03 00:00:00,  657.728640,   29.028135,    0.895928
2013-03-04 00:00:00,  657.141120,   28.127624,    0.896025
2013-03-05 00:00:00,  656.553600,   27.957064,    0.897040
2013-03-06 00:00:00,  655.966080,   27.443451,    0.897744
2013-03-07 00:00:00,  655.378560,   27.246458,    0.899045
2013-03-08 00:00:00,  654.644160,   27.309867,    0.899167
2013-03-09 00:00:00,  653.909760,   27.301388,    0.899801
2013-03-10 00:00:00,  653.175360,   26.418712,    0.900494
2013-03-11 00:00:00,  652.294080,   25.652207,    0.897979
2013-03-12 00:00:00,  651.412800,   24.985871,    0.897154
2013-03-13 00:00:00,  650.531520,   25.229764,    0.898286
2013-03-14 00:00:00,  649.503360,   23.969527,    0.894079
2013-03-15 00:00:00,  648.475200,   24.702924,    0.891041
2013-03-16 00:00:00,  647.447040,   25.248360,    0.892563
2013-03-17 00:00:00,  646.418880,   26.005727,    0.893509
2013-03-18 00:00:00,  645.390720,   26.699054,    0.894326
2013-03-19 00:00:00,  644.215680,   26.612888,    0.895255
2013-03-20 00:00:00,  643.040640,   25.316896,    0.896425
2013-03-21 00:00:00,  641.718720,   24.436092,    0.896646
2013-03-22 00:00:00,  640.396800,   24.312595,    0.897196
2013-03-23 00:00:00,  639.221760,   24.521918,    0.897489
2013-03-24 00:00:00,  637.899840,   24.435806,    0.898439
2013-03-25 00:00:00,  636.431040,   24.083397,    0.886851
2013-03-26 00:00:00,  634.962240,   22.795259,    0.855439
2013-03-27 00:00:00,  633.493440,   23.052057,    0.854836
2013-03-28 00:00:00,  632.024640,   23.436021,    0.855955
2013-03-29 00:00:00,  630.555840,   23.732412,    0.856940
2013-03-30 00:00:00,  629.087040,   23.815476,    0.857658
2013-03-31 00:00:00,  627.471360,   24.050695,    0.858940
2013-04-01 00:00:00,  626.296320,   24.394957,    0.860135
2013-04-02 00:00:00,  625.121280,   24.465931,    0.861585
2013-04-03 00:00:00,  623.358720,   24.862918,    0.862280
2013-04-04 00:00:00,  621.596160,   25.931453,    0.863223
2013-04-05 00:00:00,  619.833600,   25.958360,    0.864500
2013-04-06 00:00:00,  618.071040,   25.233517,    0.865819
2013-04-07 00:00:00,  616.308480,   25.312129,    0.866648
2013-04-08 00:00:00,  614.545920,   25.990386,    0.867706
2013-04-09 00:00:00,  612.783360,   26.114334,    0.867799
2013-04-10 00:00:00,  610.873920,   26.949509,    0.869606
2013-04-11 00:00:00,  608.964480,   26.133546,    0.870301
2013-04-12 00:00:00,  607.055040,   24.963614,    0.867052
2013-04-13 00:00:00,  604.998720,   24.692223,    0.866722
2013-04-14 00:00:00,  602.942400,   24.761058,    0.866661
2013-04-15 00:00:00,  600.886080,   25.143088,    0.867486
2013-04-16 00:00:00,  598.829760,   25.101749,    0.867575
2013-04-17 00:00:00,  596.773440,   25.227227,    0.867872
2013-04-18 00:00:00,  594.717120,   25.370339,    0.868339
2013-04-19 00:00:00,  592.660800,   24.726317,    0.850214
2013-04-20 00:00:00,  590.457600,   23.744577,    0.852866
2013-04-21 00:00:00,  588.254400,   22.935286,    0.852771
2013-04-22 00:00:00,  586.198080,   23.229783,    0.850752
2013-04-23 00:00:00,  583.994880,   23.321568,    0.851049
2013-04-24 00:00:00,  581.644800,   22.759716,    0.851293
2013-04-25 00:00:00,  579.441600,   22.520261,    0.851310
2013-04-26 00:00:00,  577.238400,   22.902910,    0.851672
2013-04-27 00:00:00,  574.888320,   22.735723,    0.852103
2013-04-28 00:00:00,  572.538240,   22.423914,    0.852383
2013-04-29 00:00:00,  570.188160,   21.982620,    0.851905
2013-04-30 00:00:00,  567.838080,   22.194337,    0.852125
2013-05-01 00:00:00,  565.047360,   22.117623,    0.837659
2013-05-02 00:00:00,  562.109760,   21.828731,    0.840855
2013-05-03 00:00:00,  559.612800,   21.822239,    0.841381
2013-05-04 00:00:00,  557.262720,   21.967283,    0.841856
2013-05-05 00:00:00,  554.912640,   21.765372,    0.841195
2013-05-06 00:00:00,  552.415680,   21.898258,    0.841587
2013-05-07 00:00:00,  549.918720,   21.380644,    0.835600
2013-05-08 00:00:00,  547.568640,   20.583005,    0.818990
2013-05-09 00:00:00,  545.071680,   19.738466,    0.816872
2013-05-10 00:00:00,  542.574720,   19.250550,    0.816941
2013-05-11 00:00:00,  540.077760,   19.036409,    0.817541
2013-05-12 00:00:00,  537.580800,   19.129797,    0.817674
2013-05-13 00:00:00,  535.083840,   18.863125,    0.818358
2013-05-14 00:00:00,  532.586880,   18.795708,    0.819302
2013-05-15 00:00:00,  530.089920,   19.021878,    0.819843
2013-05-16 00:00:00,  527.592960,   18.694859,    0.812334
2013-05-17 00:00:00,  525.096000,   18.597295,    0.814117
2013-05-18 00:00:00,  522.599040,   18.479534,    0.814549
2013-05-19 00:00:00,  520.102080,   18.597347,    0.816137
2013-05-20 00:00:00,  517.458240,   18.170486,    0.803210
2013-05-21 00:00:00,  514.961280,   18.327788,    0.806883
2013-05-22 00:00:00,  512.464320,   18.383433,    0.807108
2013-05-23 00:00:00,  509.967360,   18.172379,    0.807943
2013-05-24 00:00:00,  507.470400,   18.267990,    0.809852
2013-05-25 00:00:00,  504.826560,   18.215386,    0.813934
2013-05-26 00:00:00,  502.329600,   18.068616,    0.813902
2013-05-27 00:00:00,  499.832640,   18.748814,    0.805347
2013-05-28 00:00:00,  497.335680,   18.681174,    0.805869
2013-05-29 00:00:00,  494.838720,   17.971288,    0.821629
2013-05-30 00:00:00,  492.341760,   17.502760,    0.814352
2013-05-31 00:00:00,  489.844800,   17.301039,    0.814925
2013-06-01 00:00:00,  488.082240,   17.003587,    0.815022
2013-06-02 00:00:00,  486.319680,   16.878035,    0.815327
2013-06-03 00:00:00,  483.822720,   17.025010,    0.815772
2013-06-04 00:00:00,  481.325760,   16.820088,    0.815888
2013-06-05 00:00:00,  478.828800,   16.820234,    0.815074
2013-06-06 00:00:00,  476.478720,   16.967619,    0.815208
2013-06-07 00:00:00,  473.981760,   16.783543,    0.815512
2013-06-08 00:00:00,  471.484800,   16.884548,    0.815727
2013-06-09 00:00:00,  469.134720,   17.083779,    0.815504
2013-06-10 00:00:00,  466.784640,   17.251523,    0.816044
2013-06-11 00:00:00,  464.434560,   16.897255,    0.816061
2013-06-12 00:00:00,  462.084480,   16.765700,    0.816568
2013-06-13 00:00:00,  459.734400,   16.833841,    0.816891
2013-06-14 00:00:00,  457.384320,   16.453745,    0.817043
2013-06-15 00:00:00,  455.034240,   16.736221,    0.817155
2013-06-16 00:00:00,  452.684160,   16.553963,    0.817357
2013-06-17 00:00:00,  450.334080,   16.441415,    0.816869
2013-06-18 00:00:00,  448.130880,   16.509203,    0.816926
2013-06-19 00:00:00,  445.927680,   16.466936,    0.817432
2013-06-20 00:00:00,  443.577600,   16.474431,    0.817389
2013-06-21 00:00:00,  441.374400,   16.105463,    0.817824
2013-06-22 00:00:00,  439.318080,   15.902491,    0.818231
2013-06-23 00:00:00,  437.114880,   15.658326,    0.813339
2013-06-24 00:00:00,  434.911680,   15.793660,    0.813611
2013-06-25 00:00:00,  432.855360,   15.890924,    0.813805
2013-06-26 00:00:00,  430.799040,   15.999744,    0.813897
2013-06-27 00:00:00,  428.742720,   16.071523,    0.814062
2013-06-28 00:00:00,  426.686400,   16.166988,    0.814423
2013-06-29 00:00:00,  424.630080,   16.277209,    0.814312
2013-06-30 00:00:00,  422.573760,   16.146581,    0.814494
2013-07-01 00:00:00,  420.223680,   16.118907,    0.814679
2013-07-02 00:00:00,  417.873600,   16.247489,    0.815330
2013-07-03 00:00:00,  415.964160,   16.047091,    0.813151
2013-07-04 00:00:00,  414.201600,   15.844325,    0.813303
2013-07-05 00:00:00,  412.292160,   15.878471,    0.814431
2013-07-06 00:00:00,  410.382720,   15.454362,    0.814482
2013-07-07 00:00:00,  408.620160,   15.488081,    0.814998
2013-07-08 00:00:00,  406.857600,   15.420217,    0.814820
2013-07-09 00:00:00,  405.241920,   15.091089,    0.809827
2013-07-10 00:00:00,  403.626240,   15.314222,    0.810089
2013-07-11 00:00:00,  401.863680,   15.307927,    0.810085
2013-07-12 00:00:00,  400.248000,   15.581887,    0.806164
2013-07-13 00:00:00,  398.779200,   15.792365,    0.805429
2013-07-14 00:00:00,  397.163520,   15.891194,    0.806579
2013-07-15 00:00:00,  395.547840,   16.298051,    0.805365
2013-07-16 00:00:00,  394.079040,   15.827091,    0.804261
2013-07-17 00:00:00,  392.757120,   15.301465,    0.804375
2013-07-18 00:00:00,  391.435200,   15.270745,    0.805020
2013-07-19 00:00:00,  389.966400,   15.140698,    0.806065
2013-07-20 00:00:00,  388.644480,   15.034728,    0.806296
2013-07-21 00:00:00,  387.322560,   15.055096,    0.806821
2013-07-22 00:00:00,  386.000640,   14.698033,    0.806828
2013-07-23 00:00:00,  384.825600,   14.662268,    0.798235
2013-07-24 00:00:00,  383.650560,   14.870398,    0.795041
2013-07-25 00:00:00,  382.475520,   14.952251,    0.794872
2013-07-26 00:00:00,  381.447360,   14.787954,    0.782703
2013-07-27 00:00:00,  380.419200,   14.866831,    0.778674
2013-07-28 00:00:00,  379.391040,   14.988391,    0.778823
2013-07-29 00:00:00,  378.362880,   15.053696,    0.777988
2013-07-30 00:00:00,  377.334720,   15.152579,    0.777957
2013-07-31 00:00:00,  376.453440,   15.563394,    0.777189
2013-08-01 00:00:00,  375.865920,   15.518969,    0.777177
2013-08-02 00:00:00,  375.278400,   15.825962,    0.776871
2013-08-03 00:00:00,  374.397120,   16.296295,    0.776649
2013-08-04 00:00:00,  373.662720,   16.881091,    0.776631
2013-08-05 00:00:00,  372.928320,   17.957456,    0.773746
2013-08-06 00:00:00,  372.193920,   18.258785,    0.773237
2013-08-07 00:00:00,  371.606400,   18.704171,    0.761956
2013-08-08 00:00:00,  371.018880,   18.416277,    0.763167
2013-08-09 00:00:00,  370.431360,   18.274556,    0.763695
2013-08-10 00:00:00,  369.990720,   18.268532,    0.754047
2013-08-11 00:00:00,  369.550080,   17.753206,    0.752146
2013-08-12 00:00:00,  369.109440,   17.521850,    0.755771
2013-08-13 00:00:00,  368.815680,   17.318915,    0.750365
2013-08-14 00:00:00,  368.375040,   17.055526,    0.751318
2013-08-15 00:00:00,  368.081280,   16.294507,    0.750551
2013-08-16 00:00:00,  367.934400,   15.899426,    0.751035
2013-08-17 00:00:00,  367.640640,   16.590201,    0.752265
2013-08-18 00:00:00,  367.493760,   16.446458,    0.752405
2013-08-19 00:00:00,  367.346880,   16.488156,    0.752448
2013-08-20 00:00:00,  367.200000,   16.459399,    0.752679
2013-08-21 00:00:00,  367.200000,   16.788003,    0.752171
2013-08-22 00:00:00,  367.200000,   17.142075,    0.752303
2013-08-23 00:00:00,  367.200000,   17.069127,    0.752615
2013-08-24 00:00:00,  367.346880,   17.541534,    0.753157
2013-08-25 00:00:00,  367.493760,   17.535426,    0.745524
2013-08-26 00:00:00,  367.640640,   17.299732,    0.740785
2013-08-27 00:00:00,  367.934400,   16.830616,    0.734420
2013-08-28 00:00:00,  368.228160,   17.164727,    0.729488
2013-08-29 00:00:00,  368.521920,   17.555415,    0.728323
2013-08-30 00:00:00,  368.815680,   17.746508,    0.727723
2013-08-31 00:00:00,  369.256320,   18.184144,    0.728165
2013-09-01 00:00:00,  369.550080,   19.316130,    0.728571
2013-09-02 00:00:00,  369.843840,   19.429795,    0.728481
2013-09-03 00:00:00,  370.431360,   19.222417,    0.726325
2013-09-04 00:00:00,  371.018880,   19.007980,    0.728254
2013-09-05 00:00:00,  371.606400,   18.784243,    0.728138
2013-09-06 00:00:00,  372.193920,   19.416145,    0.729275
2013-09-07 00:00:00,  372.781440,   18.993278,    0.729245
2013-09-08 00:00:00,  373.515840,   18.952171,    0.729077
2013-09-09 00:00:00,  374.250240,   19.666278,    0.729581
2013-09-10 00:00:00,  374.984640,   19.790570,    0.730317
2013-09-11 00:00:00,  375.865920,   18.653053,    0.717094
2013-09-12 00:00:00,  376.747200,   18.554029,    0.718288
2013-09-13 00:00:00,  377.628480,   18.497948,    0.717046
2013-09-14 00:00:00,  378.656640,   17.456902,    0.711446
2013-09-15 00:00:00,  379.684800,   18.199042,    0.713671
2013-09-16 00:00:00,  380.712960,   17.123555,    0.710183
2013-09-17 00:00:00,  381.741120,   17.197018,    0.711726
2013-09-18 00:00:00,  382.769280,   17.174058,    0.709991
2013-09-19 00:00:00,  383.944320,   17.385369,    0.710754
2013-09-20 00:00:00,  385.119360,   17.537704,    0.710465
2013-09-21 00:00:00,  386.441280,   18.024736,    0.711486
2013-09-22 00:00:00,  387.763200,   17.982784,    0.705438
2013-09-23 00:00:00,  389.085120,   18.341827,    0.705205
2013-09-24 00:00:00,  390.407040,   18.117092,    0.703780
2013-09-25 00:00:00,  391.728960,   18.290933,    0.704752
2013-09-26 00:00:00,  393.197760,   18.406525,    0.704193
2013-09-27 00:00:00,  394.666560,   18.546038,    0.704396
2013-09-28 00:00:00,  396.135360,   19.627890,    0.706129
2013-09-29 00:00:00,  397.604160,   18.942512,    0.687595
2013-09-30 00:00:00,  399.219840,   19.317451,    0.683199
2013-10-01 00:00:00,  401.129280,   19.060603,    0.683691
2013-10-02 00:00:00,  403.038720,   19.556610,    0.683777
2013-10-03 00:00:00,  404.801280,   20.000961,    0.683929
2013-10-04 00:00:00,  406.563840,   20.665034,    0.684572
2013-10-05 00:00:00,  408.326400,   21.441422,    0.685841
2013-10-06 00:00:00,  410.088960,   21.956977,    0.682323
2013-10-07 00:00:00,  411.851520,   22.105787,    0.683905
2013-10-08 00:00:00,  413.614080,   22.416855,    0.684501
2013-10-09 00:00:00,  415.523520,   22.209864,    0.675128
2013-10-10 00:00:00,  417.432960,   22.157357,    0.676579
2013-10-11 00:00:00,  419.342400,   20.946821,    0.680051
2013-10-12 00:00:00,  421.251840,   20.613766,    0.683904
2013-10-13 00:00:00,  423.161280,   20.791403,    0.685011
2013-10-14 00:00:00,  425.217600,   21.234828,    0.686135
2013-10-15 00:00:00,  427.273920,   21.580354,    0.686806
2013-10-16 00:00:00,  429.330240,   21.719927,    0.687472
2013-10-17 00:00:00,  431.386560,   21.890832,    0.687348
2013-10-18 00:00:00,  433.442880,   23.184110,    0.689374
2013-10-19 00:00:00,  435.499200,   21.351554,    0.680030
2013-10-20 00:00:00,  437.702400,   20.778965,    0.671920
2013-10-21 00:00:00,  439.905600,   21.328897,    0.674175
2013-10-22 00:00:00,  442.108800,   21.656859,    0.675450
2013-10-23 00:00:00,  444.312000,   21.788314,    0.678113
2013-10-24 00:00:00,  446.515200,   21.682743,    0.679783
2013-10-25 00:00:00,  448.865280,   21.589759,    0.679781
2013-10-26 00:00:00,  451.068480,   23.672345,    0.681346
2013-10-27 00:00:00,  453.271680,   24.486021,    0.682617
2013-10-28 00:00:00,  455.621760,   24.622611,    0.683717
2013-10-29 00:00:00,  457.971840,   24.471192,    0.683788
2013-10-30 00:00:00,  460.321920,   25.169077,    0.685565
2013-10-31 00:00:00,  462.672000,   25.747552,    0.688453
2013-11-01 00:00:00,  464.434560,   25.570827,    0.690230
2013-11-02 00:00:00,  466.197120,   25.180513,    0.692644
2013-11-03 00:00:00,  468.547200,   24.506486,    0.692348
2013-11-04 00:00:00,  470.897280,   26.165323,    0.695518
2013-11-05 00:00:00,  473.247360,   24.862709,    0.697076
2013-11-06 00:00:00,  475.744320,   24.029372,    0.698023
2013-11-07 00:00:00,  478.241280,   24.554080,    0.699856
2013-11-08 00:00:00,  480.591360,   24.602580,    0.701507
2013-11-09 00:00:00,  483.088320,   25.465375,    0.703290
2013-11-10 00:00:00,  485.585280,   25.356611,    0.703819
2013-11-11 00:00:00,  488.082240,   26.337000,    0.707751
2013-11-12 00:00:00,  490.579200,   25.336544,    0.709880
2013-11-13 00:00:00,  493.076160,   24.749743,    0.710771
2013-11-14 00:00:00,  495.573120,   25.137349,    0.712322
2013-11-15 00:00:00,  498.070080,   25.069566,    0.713102
2013-11-16 00:00:00,  500.567040,   25.573292,    0.715894
2013-11-17 00:00:00,  503.064000,   27.119661,    0.717201
2013-11-18 00:00:00,  505.560960,   25.760622,    0.721348
2013-11-19 00:00:00,  508.057920,   24.752483,    0.722744
2013-11-20 00:00:00,  510.701760,   24.614944,    0.724526
2013-11-21 00:00:00,  513.198720,   25.165035,    0.725809
2013-11-22 00:00:00,  515.695680,   25.858564,    0.727478
2013-11-23 00:00:00,  518.192640,   27.068610,    0.729330
2013-11-24 00:00:00,  520.689600,   25.819461,    0.731777
2013-11-25 00:00:00,  523.333440,   25.701136,    0.733415
2013-11-26 00:00:00,  525.830400,   25.946407,    0.735430
2013-11-27 00:00:00,  528.327360,   26.312048,    0.737220
2013-11-28 00:00:00,  530.824320,   26.816264,    0.739603
2013-11-29 00:00:00,  533.321280,   24.867361,    0.739449
2013-11-30 00:00:00,  535.818240,   24.794033,    0.739309
2013-12-01 00:00:00,  538.902720,   25.725292,    0.741237
2013-12-02 00:00:00,  541.987200,   25.365776,    0.743441
2013-12-03 00:00:00,  544.337280,   24.312731,    0.744665
2013-12-04 00:00:00,  546.834240,   24.445473,    0.743444
2013-12-05 00:00:00,  549.331200,   24.340163,    0.745238
2013-12-06 00:00:00,  551.681280,   25.383590,    0.747897
2013-12-07 00:00:00,  554.178240,   25.501419,    0.752270
2013-12-08 00:00:00,  556.675200,   24.917398,    0.754210
2013-12-09 00:00:00,  559.025280,   24.993158,    0.753820
2013-12-10 00:00:00,  561.375360,   25.212231,    0.755187
2013-12-11 00:00:00,  563.725440,   26.002764,    0.757317
2013-12-12 00:00:00,  566.075520,   27.011952,    0.759741
2013-12-13 00:00:00,  568.425600,   28.006116,    0.762132
2013-12-14 00:00:00,  570.775680,   28.849805,    0.764463
2013-12-15 00:00:00,  573.125760,   30.017810,    0.766491
2013-12-16 00:00:00,  575.475840,   29.779863,    0.766873
2013-12-17 00:00:00,  577.825920,   29.668762,    0.771405
2013-12-18 00:00:00,  580.029120,   27.699389,    0.773068
2013-12-19 00:00:00,  582.232320,   26.594377,    0.772518
2013-12-20 00:00:00,  584.582400,   26.128478,    0.775378
2013-12-21 00:00:00,  586.785600,   26.134024,    0.775226
2013-12-22 00:00:00,  588.988800,   26.229660,    0.777045
2013-12-23 00:00:00,  591.192000,   26.491135,    0.777132
2013-12-24 00:00:00,  593.248320,   27.611436,    0.781473
2013-12-25 00:00:00,  595.304640,   27.586384,    0.784304
2013-12-26 00:00:00,  597.360960,   27.823313,    0.786241
2013-12-27 00:00:00,  599.417280,   27.201968,    0.787194
2013-12-28 00:00:00,  601.473600,   27.211981,    0.788647
2013-12-29 00:00:00,  603.529920,   27.013069,    0.791271
2013-12-30 00:00:00,  605.586240,   27.694976,    0.792816
2013-12-31 00:00:00,  607.495680,   27.205991,    0.794692
2014-01-01 00:00:00,  608.817600,   27.432014,    0.796443
2014-01-02 00:00:00,  610.286400,   27.139988,    0.797267
2014-01-03 00:00:00,  612.195840,   26.325142,    0.796893
2014-01-04 00:00:00,  613.958400,   25.749436,    0.796104
2014-01-05 00:00:00,  615.867840,   26.488703,    0.797813
2014-01-06 00:00:00,  617.777280,   27.559720,    0.799118
2014-01-07 00:00:00,  619.539840,   27.748079,    0.801296
2014-01-08 00:00:00,  621.302400,   27.580467,    0.803427
2014-01-09 00:00:00,  622.918080,   27.421415,    0.805149
2014-01-10 00:00:00,  624.533760,   28.158119,    0.806749
2014-01-11 00:00:00,  626.296320,   28.839223,    0.808488
2014-01-12 00:00:00,  627.912000,   29.639507,    0.811159
2014-01-13 00:00:00,  629.380800,   28.205266,    0.813874
2014-01-14 00:00:00,  630.849600,   27.826274,    0.815207
2014-01-15 00:00:00,  632.465280,   27.618253,    0.816211
2014-01-16 00:00:00,  634.080960,   26.618822,    0.816618
2014-01-17 00:00:00,  635.402880,   26.853227,    0.815914
2014-01-18 00:00:00,  636.724800,   27.805279,    0.817885
2014-01-19 00:00:00,  638.193600,   28.133861,    0.820335
2014-01-20 00:00:00,  639.515520,   28.518196,    0.823500
2014-01-21 00:00:00,  640.837440,   28.599704,    0.826029
2014-01-22 00:00:00,  642.159360,   29.029537,    0.827932
2014-01-23 00:00:00,  643.334400,   29.396793,    0.831239
2014-01-24 00:00:00,  644.509440,   28.870441,    0.832109
2014-01-25 00:00:00,  645.684480,   28.724616,    0.833400
2014-01-26 00:00:00,  646.712640,   28.675831,    0.835251
2014-01-27 00:00:00,  647.740800,   27.217661,    0.835229
2014-01-28 00:00:00,  648.768960,   27.010669,    0.834482
2014-01-29 00:00:00,  649.797120,   27.125614,    0.836297
2014-01-30 00:00:00,  650.825280,   28.095876,    0.838611
2014-01-31 00:00:00,  651.706560,   27.780326,    0.840589
2014-02-01 00:00:00,  652.294080,   27.141689,    0.842997
2014-02-02 00:00:00,  652.881600,   26.968834,    0.842901
2014-02-03 00:00:00,  653.762880,   27.040166,    0.840463
2014-02-04 00:00:00,  654.497280,   27.653114,    0.842650
2014-02-05 00:00:00,  655.084800,   28.022647,    0.845096
2014-02-06 00:00:00,  655.819200,   27.990365,    0.846922
2014-02-07 00:00:00,  656.553600,   26.980765,    0.847982
2014-02-08 00:00:00,  657.141120,   26.298065,    0.848183
2014-02-09 00:00:00,  657.728640,   26.116410,    0.845927
2014-02-10 00:00:00,  658.169280,   25.611586,    0.847499
2014-02-11 00:00:00,  658.609920,   26.229848,    0.848886
2014-02-12 00:00:00,  659.050560,   26.671112,    0.850626
2014-02-13 00:00:00,  659.344320,   27.404614,    0.851947
2014-02-14 00:00:00,  659.784960,   28.421718,    0.854315
2014-02-15 00:00:00,  660.078720,   28.475476,    0.856569
2014-02-16 00:00:00,  660.225600,   27.137015,    0.857795
2014-02-17 00:00:00,  660.519360,   27.372967,    0.859115
2014-02-18 00:00:00,  660.666240,   27.239640,    0.861056
2014-02-19 00:00:00,  660.813120,   27.423337,    0.863100
2014-02-20 00:00:00,  660.960000,   27.509339,    0.863737
2014-02-21 00:00:00,  660.960000,   27.586342,    0.866149
2014-02-22 00:00:00,  660.960000,   27.556726,    0.868303
2014-02-23 00:00:00,  660.960000,   27.950169,    0.869212
2014-02-24 00:00:00,  660.813120,   28.105695,    0.871926
2014-02-25 00:00:00,  660.666240,   27.630873,    0.872375
2014-02-26 00:00:00,  660.519360,   27.298093,    0.872219
2014-02-27 00:00:00,  660.225600,   26.808328,    0.873311
2014-02-28 00:00:00,  659.931840,   27.034150,    0.874867
2014-03-01 00:00:00,  659.197440,   27.715544,    0.876605
2014-03-02 00:00:00,  658.316160,   27.896000,    0.877951
2014-03-03 00:00:00,  657.728640,   27.011589,    0.879163
2014-03-04 00:00:00,  657.141120,   26.427996,    0.876864
2014-03-05 00:00:00,  656.553600,   26.203876,    0.877936
2014-03-06 00:00:00,  655.966080,   26.761619,    0.878877
2014-03-07 00:00:00,  655.378560,   27.269489,    0.881668
2014-03-08 00:00:00,  654.644160,   26.161434,    0.882507
2014-03-09 00:00:00,  653.909760,   25.803784,    0.881988
2014-03-10 00:00:00,  653.175360,   25.216505,    0.878852
2014-03-11 00:00:00,  652.294080,   25.375255,    0.880037
2014-03-12 00:00:00,  651.412800,   25.514354,    0.880247
2014-03-13 00:00:00,  650.531520,   25.378484,    0.881130
2014-03-14 00:00:00,  649.503360,   24.633639,    0.881276
2014-03-15 00:00:00,  648.475200,   24.505246,    0.879154
2014-03-16 00:00:00,  647.447040,   24.990492,    0.879536
2014-03-17 00:00:00,  646.418880,   24.862097,    0.880482
2014-03-18 00:00:00,  645.390720,   25.063674,    0.881059
2014-03-19 00:00:00,  644.215680,   25.464894,    0.882889
2014-03-20 00:00:00,  643.040640,   25.235655,    0.884948
2014-03-21 00:00:00,  641.718720,   25.250650,    0.884968
2014-03-22 00:00:00,  640.396800,   25.391445,    0.887486
2014-03-23 00:00:00,  639.221760,   25.729424,    0.888822
2014-03-24 00:00:00,  637.899840,   25.247256,    0.889452
2014-03-25 00:00:00,  636.431040,   24.630290,    0.884876
2014-03-26 00:00:00,  634.962240,   24.769259,    0.885318
2014-03-27 00:00:00,  633.493440,   25.283449,    0.886231
2014-03-28 00:00:00,  632.024640,   25.682223,    0.886236
2014-03-29 00:00:00,  630.555840,   24.357198,    0.883845
2014-03-30 00:00:00,  629.087040,   23.560867,    0.880686
2014-03-31 00:00:00,  627.471360,   23.221313,    0.880369
2014-04-01 00:00:00,  626.296320,   22.904023,    0.878495
2014-04-02 00:00:00,  625.121280,   22.701798,    0.879121
2014-04-03 00:00:00,  623.358720,   22.698381,    0.873769
2014-04-04 00:00:00,  621.596160,   22.130525,    0.873996
2014-04-05 00:00:00,  619.833600,   22.956083,    0.873724
2014-04-06 00:00:00,  618.071040,   23.329176,    0.874708
2014-04-07 00:00:00,  616.308480,   23.308004,    0.875902
2014-04-08 00:00:00,  614.545920,   23.592306,    0.876057
2014-04-09 00:00:00,  612.783360,   24.131891,    0.878318
2014-04-10 00:00:00,  610.873920,   23.442083,    0.879020
2014-04-11 00:00:00,  608.964480,   24.266802,    0.880097
2014-04-12 00:00:00,  607.055040,   24.543680,    0.880274
2014-04-13 00:00:00,  604.998720,   25.361263,    0.881763
2014-04-14 00:00:00,  602.942400,   25.840151,    0.882428
2014-04-15 00:00:00,  600.886080,   25.640312,    0.883489
2014-04-16 00:00:00,  598.829760,   25.013739,    0.884410
2014-04-17 00:00:00,  596.773440,   24.538936,    0.885409
2014-04-18 00:00:00,  594.717120,   23.843203,    0.885047
2014-04-19 00:00:00,  592.660800,   23.207124,    0.884816
2014-04-20 00:00:00,  590.457600,   22.738584,    0.884514
2014-04-21 00:00:00,  588.254400,   22.416921,    0.884358
2014-04-22 00:00:00,  586.198080,   22.281394,    0.883267
2014-04-23 00:00:00,  583.994880,   22.076321,    0.883756
2014-04-24 00:00:00,  581.644800,   21.476473,    0.881422
2014-04-25 00:00:00,  579.441600,   21.663687,    0.881594
2014-04-26 00:00:00,  577.238400,   21.415854,    0.875476
2014-04-27 00:00:00,  574.888320,   21.584094,    0.876500
2014-04-28 00:00:00,  572.538240,   20.790521,    0.874214
2014-04-29 00:00:00,  570.188160,   20.731150,    0.873107
2014-04-30 00:00:00,  567.838080,   20.696058,    0.873095
2014-05-01 00:00:00,  565.047360,   20.278208,    0.872969
2014-05-02 00:00:00,  562.109760,   20.053455,    0.871135
2014-05-03 00:00:00,  559.612800,   20.459847,    0.871071
2014-05-04 00:00:00,  557.262720,   20.015301,    0.871474
2014-05-05 00:00:00,  554.912640,   19.695651,    0.870494
2014-05-06 00:00:00,  552.415680,   20.055614,    0.870447
2014-05-07 00:00:00,  549.918720,   20.115584,    0.844860
2014-05-08 00:00:00,  547.568640,   19.290482,    0.855799
2014-05-09 00:00:00,  545.071680,   19.522006,    0.855570
2014-05-10 00:00:00,  542.574720,   19.992051,    0.855659
2014-05-11 00:00:00,  540.077760,   20.083398,    0.856420
2014-05-12 00:00:00,  537.580800,   19.713400,    0.856700
2014-05-13 00:00:00,  535.083840,   19.900844,    0.857212
2014-05-14 00:00:00,  532.586880,   19.663235,    0.857447
2014-05-15 00:00:00,  530.089920,   19.981265,    0.856554
2014-05-16 00:00:00,  527.592960,   20.122417,    0.855873
2014-05-17 00:00:00,  525.096000,   20.371535,    0.847380
2014-05-18 00:00:00,  522.599040,   20.058483,    0.851508
2014-05-19 00:00:00,  520.102080,   20.279194,    0.851587
2014-05-20 00:00:00,  517.458240,   20.245177,    0.849333
2014-05-21 00:00:00,  514.961280,   20.224321,    0.849735
2014-05-22 00:00:00,  512.464320,   20.141160,    0.849993
2014-05-23 00:00:00,  509.967360,   19.737137,    0.844182
2014-05-24 00:00:00,  507.470400,   19.132475,    0.845401
2014-05-25 00:00:00,  504.826560,   18.916831,    0.846629
2014-05-26 00:00:00,  502.329600,   18.902540,    0.847038
2014-05-27 00:00:00,  499.832640,   18.896964,    0.844399
2014-05-28 00:00:00,  497.335680,   18.723873,    0.845026
2014-05-29 00:00:00,  494.838720,   18.943883,    0.845156
2014-05-30 00:00:00,  492.341760,   18.633433,    0.845709
2014-05-31 00:00:00,  489.844800,   18.087826,    0.848496
2014-06-01 00:00:00,  488.082240,   18.238648,    0.850324
2014-06-02 00:00:00,  486.319680,   18.445112,    0.850348
2014-06-03 00:00:00,  483.822720,   18.311682,    0.850689
2014-06-04 00:00:00,  481.325760,   18.382989,    0.850669
2014-06-05 00:00:00,  478.828800,   18.357898,    0.851800
2014-06-06 00:00:00,  476.478720,   17.954427,    0.856825
2014-06-07 00:00:00,  473.981760,   17.639873,    0.862148
2014-06-08 00:00:00,  471.484800,   17.394350,    0.862480
2014-06-09 00:00:00,  469.134720,   17.519035,    0.862077
2014-06-10 00:00:00,  466.784640,   17.244155,    0.859805
2014-06-11 00:00:00,  464.434560,   17.223388,    0.860224
2014-06-12 00:00:00,  462.084480,   17.123795,    0.860439
2014-06-13 00:00:00,  459.734400,   16.943776,    0.860534
2014-06-14 00:00:00,  457.384320,   16.925058,    0.860740
2014-06-15 00:00:00,  455.034240,   16.857687,    0.861004
2014-06-16 00:00:00,  452.684160,   16.577733,    0.861074
2014-06-17 00:00:00,  450.334080,   16.130964,    0.849529
2014-06-18 00:00:00,  448.130880,   16.057988,    0.848939
2014-06-19 00:00:00,  445.927680,   16.137342,    0.848484
2014-06-20 00:00:00,  443.577600,   16.161920,    0.848179
2014-06-21 00:00:00,  441.374400,   16.053107,    0.838334
2014-06-22 00:00:00,  439.318080,   15.742895,    0.838168
2014-06-23 00:00:00,  437.114880,   15.844417,    0.838276
2014-06-24 00:00:00,  434.911680,   15.992768,    0.838752
2014-06-25 00:00:00,  432.855360,   15.848393,    0.838888
2014-06-26 00:00:00,  430.799040,   15.598052,    0.838744
2014-06-27 00:00:00,  428.742720,   15.846240,    0.839485
2014-06-28 00:00:00,  426.686400,   15.607893,    0.839509
2014-06-29 00:00:00,  424.630080,   15.046423,    0.839586
2014-06-30 00:00:00,  422.573760,   14.936878,    0.839917
2014-07-01 00:00:00,  420.223680,   15.251847,    0.840021
2014-07-02 00:00:00,  417.873600,   15.378286,    0.835533
2014-07-03 00:00:00,  415.964160,   15.298670,    0.836118
2014-07-04 00:00:00,  414.201600,   15.145489,    0.835587
2014-07-05 00:00:00,  412.292160,   15.468118,    0.835618
2014-07-06 00:00:00,  410.382720,   15.506434,    0.832861
2014-07-07 00:00:00,  408.620160,   15.262407,    0.832339
2014-07-08 00:00:00,  406.857600,   15.029483,    0.831339
2014-07-09 00:00:00,  405.241920,   15.098494,    0.831631
2014-07-10 00:00:00,  403.626240,   15.087642,    0.831558
2014-07-11 00:00:00,  401.863680,   15.268910,    0.831638
2014-07-12 00:00:00,  400.248000,   15.327341,    0.832237
2014-07-13 00:00:00,  398.779200,   14.997072,    0.832167
2014-07-14 00:00:00,  397.163520,   15.002804,    0.826242
2014-07-15 00:00:00,  395.547840,   15.097566,    0.826426
2014-07-16 00:00:00,  394.079040,   15.393638,    0.826509
2014-07-17 00:00:00,  392.757120,   15.258643,    0.827053
2014-07-18 00:00:00,  391.435200,   15.296986,    0.826908
2014-07-19 00:00:00,  389.966400,   15.054598,    0.825639
2014-07-20 00:00:00,  388.644480,   15.545100,    0.818480
2014-07-21 00:00:00,  387.322560,   15.193032,    0.819152
2014-07-22 00:00:00,  386.000640,   15.074335,    0.815932
2014-07-23 00:00:00,  384.825600,   15.042370,    0.816041
2014-07-24 00:00:00,  383.650560,   15.345313,    0.815950
2014-07-25 00:00:00,  382.475520,   15.417230,    0.815909
2014-07-26 00:00:00,  381.447360,   15.509447,    0.814185
2014-07-27 00:00:00,  380.419200,   15.608237,    0.814371
2014-07-28 00:00:00,  379.391040,   15.777820,    0.814546
2014-07-29 00:00:00,  378.362880,   15.962834,    0.814442
2014-07-30 00:00:00,  377.334720,   16.124957,    0.814471
2014-07-31 00:00:00,  376.453440,   16.104687,    0.815033
2014-08-01 00:00:00,  375.865920,   16.171418,    0.815234
2014-08-02 00:00:00,  375.278400,   15.953655,    0.815247
2014-08-03 00:00:00,  374.397120,   16.212330,    0.815244
2014-08-04 00:00:00,  373.662720,   16.034378,    0.815505
2014-08-05 00:00:00,  372.928320,   16.405683,    0.816290
2014-08-06 00:00:00,  372.193920,   16.532733,    0.816684
2014-08-07 00:00:00,  371.606400,   16.405512,    0.815942
2014-08-08 00:00:00,  371.018880,   16.789334,    0.815940
2014-08-09 00:00:00,  370.431360,   16.913815,    0.816204
2014-08-10 00:00:00,  369.990720,   17.549138,    0.817043
2014-08-11 00:00:00,  369.550080,   17.369038,    0.817095
2014-08-12 00:00:00,  369.109440,   16.922611,    0.817760
2014-08-13 00:00:00,  368.815680,   16.976016,    0.818564
2014-08-14 00:00:00,  368.375040,   16.753384,    0.819270
2014-08-15 00:00:00,  368.081280,   17.044881,    0.819209
2014-08-16 00:00:00,  367.934400,   17.408393,    0.819240
2014-08-17 00:00:00,  367.640640,   18.387699,    0.809281
2014-08-18 00:00:00,  367.493760,   18.107701,    0.808470
2014-08-19 00:00:00,  367.346880,   18.280743,    0.808816
2014-08-20 00:00:00,  367.200000,   18.514218,    0.808635
2014-08-21 00:00:00,  367.200000,   18.758569,    0.808681
2014-08-22 00:00:00,  367.200000,   18.616093,    0.809770
2014-08-23 00:00:00,  367.200000,   18.483677,    0.810271
2014-08-24 00:00:00,  367.346880,   18.833401,    0.811094
2014-08-25 00:00:00,  367.493760,   19.679916,    0.811545
2014-08-26 00:00:00,  367.640640,   19.319192,    0.812129
2014-08-27 00:00:00,  367.934400,   19.382299,    0.812283
2014-08-28 00:00:00,  368.228160,   19.874799,    0.813171
2014-08-29 00:00:00,  368.521920,   19.677674,    0.769236
2014-08-30 00:00:00,  368.815680,   19.114328,    0.770670
2014-08-31 00:00:00,  369.256320,   18.742831,    0.770426
2014-09-01 00:00:00,  369.550080,   18.573807,    0.772183
2014-09-02 00:00:00,  369.843840,   18.583436,    0.772704
2014-09-03 00:00:00,  370.431360,   18.988398,    0.773547
2014-09-04 00:00:00,  371.018880,   18.953063,    0.775246
2014-09-05 00:00:00,  371.606400,   19.353526,    0.775396
2014-09-06 00:00:00,  372.193920,   19.684982,    0.771932
2014-09-07 00:00:00,  372.781440,   18.875144,    0.773691
2014-09-08 00:00:00,  373.515840,   17.764053,    0.779791
2014-09-09 00:00:00,  374.250240,   17.883289,    0.782381
2014-09-10 00:00:00,  374.984640,   18.595313,    0.782801
2014-09-11 00:00:00,  375.865920,   18.707565,    0.782882
2014-09-12 00:00:00,  376.747200,   19.805765,    0.783926
2014-09-13 00:00:00,  377.628480,   20.232867,    0.784966
2014-09-14 00:00:00,  378.656640,   20.032174,    0.785170
2014-09-15 00:00:00,  379.684800,   20.638655,    0.787123
2014-09-16 00:00:00,  380.712960,   20.396583,    0.787457
2014-09-17 00:00:00,  381.741120,   21.032620,    0.788721
2014-09-18 00:00:00,  382.769280,   21.841295,    0.790034
2014-09-19 00:00:00,  383.944320,   22.545923,    0.791033
2014-09-20 00:00:00,  385.119360,   22.253157,    0.791605
2014-09-21 00:00:00,  386.441280,   20.694080,    0.775337
2014-09-22 00:00:00,  387.763200,   20.403487,    0.770785
2014-09-23 00:00:00,  389.085120,   20.195570,    0.771485
2014-09-24 00:00:00,  390.407040,   20.381421,    0.771612
2014-09-25 00:00:00,  391.728960,   21.031572,    0.771694
2014-09-26 00:00:00,  393.197760,   21.597627,    0.774641
2014-09-27 00:00:00,  394.666560,   19.693813,    0.774330
2014-09-28 00:00:00,  396.135360,   19.082463,    0.775374
2014-09-29 00:00:00,  397.604160,   19.738804,    0.776333
2014-09-30 00:00:00,  399.219840,   20.418949,    0.776880
2014-10-01 00:00:00,  401.129280,   20.455637,    0.777187
2014-10-02 00:00:00,  403.038720,   21.311011,    0.778637
2014-10-03 00:00:00,  404.801280,   23.100985,    0.780978
2014-10-04 00:00:00,  406.563840,   23.644083,    0.781367
2014-10-05 00:00:00,  408.326400,   21.496516,    0.780463
2014-10-06 00:00:00,  410.088960,   21.461950,    0.781016
2014-10-07 00:00:00,  411.851520,   21.557418,    0.781860
2014-10-08 00:00:00,  413.614080,   23.045012,    0.784262
2014-10-09 00:00:00,  415.523520,   22.991188,    0.785604
2014-10-10 00:00:00,  417.432960,   23.046743,    0.787155
2014-10-11 00:00:00,  419.342400,   22.686093,    0.788373
2014-10-12 00:00:00,  421.251840,   22.326148,    0.789433
2014-10-13 00:00:00,  423.161280,   22.441444,    0.790422
2014-10-14 00:00:00,  425.217600,   23.065534,    0.791752
2014-10-15 00:00:00,  427.273920,   24.072438,    0.793604
2014-10-16 00:00:00,  429.330240,   24.866376,    0.795487
2014-10-17 00:00:00,  431.386560,   25.178680,    0.794089
2014-10-18 00:00:00,  433.442880,   23.230117,    0.779205
2014-10-19 00:00:00,  435.499200,   21.911959,    0.781252
2014-10-20 00:00:00,  437.702400,   22.038409,    0.781852
2014-10-21 00:00:00,  439.905600,   22.773386,    0.782847
2014-10-22 00:00:00,  442.108800,   22.970084,    0.783384
2014-10-23 00:00:00,  444.312000,   23.994674,    0.786574
2014-10-24 00:00:00,  446.515200,   24.355803,    0.787602
2014-10-25 00:00:00,  448.865280,   23.893519,    0.789404
2014-10-26 00:00:00,  451.068480,   23.769637,    0.791203
2014-10-27 00:00:00,  453.271680,   23.950267,    0.792394
2014-10-28 00:00:00,  455.621760,   23.639505,    0.792503
2014-10-29 00:00:00,  457.971840,   23.707361,    0.794259
2014-10-30 00:00:00,  460.321920,   23.251822,    0.795944
2014-10-31 00:00:00,  462.672000,   23.530586,    0.798228
2014-11-01 00:00:00,  464.434560,   23.633174,    0.798324
2014-11-02 00:00:00,  466.197120,   23.740500,    0.801010
2014-11-03 00:00:00,  468.547200,   23.579181,    0.803195
2014-11-04 00:00:00,  470.897280,   24.109797,    0.804700
2014-11-05 00:00:00,  473.247360,   24.261177,    0.806758
2014-11-06 00:00:00,  475.744320,   23.157972,    0.806567
2014-11-07 00:00:00,  478.241280,   23.010074,    0.807993
2014-11-08 00:00:00,  480.591360,   23.244943,    0.809148
2014-11-09 00:00:00,  483.088320,   24.454209,    0.810167
2014-11-10 00:00:00,  485.585280,   24.065805,    0.811064
2014-11-11 00:00:00,  488.082240,   24.729495,    0.813325
2014-11-12 00:00:00,  490.579200,   23.889679,    0.814452
2014-11-13 00:00:00,  493.076160,   22.735879,    0.815378
2014-11-14 00:00:00,  495.573120,   22.919085,    0.817511
2014-11-15 00:00:00,  498.070080,   23.359345,    0.819652
2014-11-16 00:00:00,  500.567040,   23.604033,    0.820451
2014-11-17 00:00:00,  503.064000,   24.097565,    0.820489
2014-11-18 00:00:00,  505.560960,   25.205539,    0.823053
2014-11-19 00:00:00,  508.057920,   25.814809,    0.824863
2014-11-20 00:00:00,  510.701760,   25.504779,    0.823971
2014-11-21 00:00:00,  513.198720,   25.298934,    0.826278
2014-11-22 00:00:00,  515.695680,   25.056220,    0.828082
2014-11-23 00:00:00,  518.192640,   24.325687,    0.830409
2014-11-24 00:00:00,  520.689600,   24.269553,    0.830969
2014-11-25 00:00:00,  523.333440,   24.805247,    0.833813
2014-11-26 00:00:00,  525.830400,   24.263835,    0.820553
2014-11-27 00:00:00,  528.327360,   24.620140,    0.819831
2014-11-28 00:00:00,  530.824320,   25.324431,    0.822100
2014-11-29 00:00:00,  533.321280,   26.036108,    0.824771
2014-11-30 00:00:00,  535.818240,   26.110300,    0.826823
2014-12-01 00:00:00,  538.902720,   25.313535,    0.829217
2014-12-02 00:00:00,  541.987200,   25.191884,    0.829973
2014-12-03 00:00:00,  544.337280,   25.575200,    0.832460
2014-12-04 00:00:00,  546.834240,   25.694687,    0.834904
2014-12-05 00:00:00,  549.331200,   24.355220,    0.835163
2014-12-06 00:00:00,  551.681280,   25.659473,    0.836396
2014-12-07 00:00:00,  554.178240,   26.230843,    0.838999
2014-12-08 00:00:00,  556.675200,   25.051175,    0.841449
2014-12-09 00:00:00,  559.025280,   24.157301,    0.842556
2014-12-10 00:00:00,  561.375360,   24.649529,    0.843517
2014-12-11 00:00:00,  563.725440,   25.864499,    0.846082
2014-12-12 00:00:00,  566.075520,   24.946005,    0.849097
2014-12-13 00:00:00,  568.425600,   24.621719,    0.851166
2014-12-14 00:00:00,  570.775680,   24.626401,    0.853263
2014-12-15 00:00:00,  573.125760,   24.627933,    0.854940
2014-12-16 00:00:00,  575.475840,   25.019990,    0.857180
2014-12-17 00:00:00,  577.825920,   24.716324,    0.859526
2014-12-18 00:00:00,  580.029120,   25.575682,    0.861736
2014-12-19 00:00:00,  582.232320,   26.471282,    0.863546
2014-12-20 00:00:00,  584.582400,   26.197771,    0.866111
2014-12-21 00:00:00,  586.785600,   26.134592,    0.867773
2014-12-22 00:00:00,  588.988800,   26.520088,    0.869518
2014-12-23 00:00:00,  591.192000,   26.396217,    0.871898
2014-12-24 00:00:00,  593.248320,   26.237295,    0.874692
2014-12-25 00:00:00,  595.304640,   26.599071,    0.877176
2014-12-26 00:00:00,  597.360960,   26.740046,    0.879115
2014-12-27 00:00:00,  599.417280,   27.345427,    0.881473
2014-12-28 00:00:00,  601.473600,   27.268988,    0.884252
2014-12-29 00:00:00,  603.529920,   27.933840,    0.886681
2014-12-30 00:00:00,  605.586240,   28.153228,    0.888590
2014-12-31 00:00:00,  607.495680,   27.778819,    0.891404
2015-01-01 00:00:00,  608.817600,   27.736769,    0.894042
2015-01-02 00:00:00,  610.286400,   26.146614,    0.889369
2015-01-03 00:00:00,  612.195840,   26.162718,    0.888618
2015-01-04 00:00:00,  613.958400,   27.073631,    0.890216
2015-01-05 00:00:00,  615.867840,   28.985312,    0.892784
2015-01-06 00:00:00,  617.777280,   28.826693,    0.895613
2015-01-07 00:00:00,  619.539840,   27.709928,    0.898649
2015-01-08 00:00:00,  621.302400,   26.750984,    0.900062
2015-01-09 00:00:00,  622.918080,   26.271276,    0.901087
2015-01-10 00:00:00,  624.533760,   26.385268,    0.900835
2015-01-11 00:00:00,  626.296320,   26.806985,    0.904457
2015-01-12 00:00:00,  627.912000,   27.537890,    0.906493
2015-01-13 00:00:00,  629.380800,   28.347997,    0.908850
2015-01-14 00:00:00,  630.849600,   28.911528,    0.911727
2015-01-15 00:00:00,  632.465280,   27.773378,    0.913217
2015-01-16 00:00:00,  634.080960,   27.685097,    0.914102
2015-01-17 00:00:00,  635.402880,   28.421339,    0.916713
2015-01-18 00:00:00,  636.724800,   28.506600,    0.916168
2015-01-19 00:00:00,  638.193600,   29.156124,    0.918377
2015-01-20 00:00:00,  639.515520,   29.913089,    0.919925
2015-01-21 00:00:00,  640.837440,   29.445396,    0.923458
2015-01-22 00:00:00,  642.159360,   27.575075,    0.922993
2015-01-23 00:00:00,  643.334400,   27.056750,    0.920397
2015-01-24 00:00:00,  644.509440,   26.535652,    0.920577
2015-01-25 00:00:00,  645.684480,   26.776488,    0.921490
2015-01-26 00:00:00,  646.712640,   27.306284,    0.923791
2015-01-27 00:00:00,  647.740800,   27.384126,    0.924386
2015-01-28 00:00:00,  648.768960,   29.177281,    0.930139
2015-01-29 00:00:00,  649.797120,   29.552772,    0.932914
2015-01-30 00:00:00,  650.825280,   29.828211,    0.935914
2015-01-31 00:00:00,  651.706560,   28.328991,    0.937154
2015-02-01 00:00:00,  652.294080,   28.293657,    0.939131
2015-02-02 00:00:00,  652.881600,   28.150864,    0.931605
2015-02-03 00:00:00,  653.762880,   28.448881,    0.931902
2015-02-04 00:00:00,  654.497280,   29.930339,    0.935840
2015-02-05 00:00:00,  655.084800,   29.873213,    0.938085
2015-02-06 00:00:00,  655.819200,   28.833035,    0.940180
2015-02-07 00:00:00,  656.553600,   28.857567,    0.941411
2015-02-08 00:00:00,  657.141120,   29.549232,    0.943191
2015-02-09 00:00:00,  657.728640,   29.596569,    0.945827
2015-02-10 00:00:00,  658.169280,   29.326672,    0.947855
2015-02-11 00:00:00,  658.609920,   29.473452,    0.948948
2015-02-12 00:00:00,  659.050560,   28.963658,    0.949740
2015-02-13 00:00:00,  659.344320,   28.269672,    0.950897
2015-02-14 00:00:00,  659.784960,   26.966254,    0.947242
2015-02-15 00:00:00,  660.078720,   26.882613,    0.945615
2015-02-16 00:00:00,  660.225600,   26.949186,    0.946137
2015-02-17 00:00:00,  660.519360,   26.594138,    0.947193
2015-02-18 00:00:00,  660.666240,   27.732111,    0.948263
2015-02-19 00:00:00,  660.813120,   27.561160,    0.950593
2015-02-20 00:00:00,  660.960000,   27.158248,    0.952515
2015-02-21 00:00:00,  660.960000,   26.969747,    0.952898
2015-02-22 00:00:00,  660.960000,   26.481390,    0.954258
2015-02-23 00:00:00,  660.960000,   26.791784,    0.948459
2015-02-24 00:00:00,  660.813120,   28.190373,    0.952204
2015-02-25 00:00:00,  660.666240,   29.123141,    0.953754
2015-02-26 00:00:00,  660.519360,   29.960338,    0.955472
2015-02-27 00:00:00,  660.225600,   28.309813,    0.958449
2015-02-28 00:00:00,  659.931840,   27.663519,    0.960210
2015-03-01 00:00:00,  659.197440,   26.999710,    0.961939
2015-03-02 00:00:00,  658.316160,   26.460284,    0.963169
2015-03-03 00:00:00,  657.728640,   26.615877,    0.962512
2015-03-04 00:00:00,  657.141120,   26.608616,    0.961645
2015-03-05 00:00:00,  656.553600,   26.996436,    0.961731
2015-03-06 00:00:00,  655.966080,   27.364591,    0.963564
2015-03-07 00:00:00,  655.378560,   27.472190,    0.965319
2015-03-08 00:00:00,  654.644160,   27.468615,    0.967399
2015-03-09 00:00:00,  653.909760,   27.588766,    0.968870
2015-03-10 00:00:00,  653.175360,   27.251089,    0.970162
2015-03-11 00:00:00,  652.294080,   27.305937,    0.971206
2015-03-12 00:00:00,  651.412800,   27.908936,    0.972609
2015-03-13 00:00:00,  650.531520,   26.663453,    0.971178
2015-03-14 00:00:00,  649.503360,   26.078001,    0.957638
2015-03-15 00:00:00,  648.475200,   26.554149,    0.957337
2015-03-16 00:00:00,  647.447040,   26.264378,    0.958314
2015-03-17 00:00:00,  646.418880,   26.217672,    0.959417
2015-03-18 00:00:00,  645.390720,   25.620601,    0.954696
2015-03-19 00:00:00,  644.215680,   25.572450,    0.955909
2015-03-20 00:00:00,  643.040640,   25.581076,    0.954317
2015-03-21 00:00:00,  641.718720,   25.076586,    0.955702
2015-03-22 00:00:00,  640.396800,   24.341146,    0.956022
2015-03-23 00:00:00,  639.221760,   23.878282,    0.954648
2015-03-24 00:00:00,  637.899840,   23.513823,    0.955529
2015-03-25 00:00:00,  636.431040,   23.465818,    0.952984
2015-03-26 00:00:00,  634.962240,   23.640658,    0.951267
2015-03-27 00:00:00,  633.493440,   24.165014,    0.952933
2015-03-28 00:00:00,  632.024640,   24.230131,    0.954328
2015-03-29 00:00:00,  630.555840,   24.706918,    0.955004
2015-03-30 00:00:00,  629.087040,   24.036790,    0.955710
2015-03-31 00:00:00,  627.471360,   24.205889,    0.956452
2015-04-01 00:00:00,  626.296320,   23.879254,    0.957219
2015-04-02 00:00:00,  625.121280,   23.814531,    0.957617
2015-04-03 00:00:00,  623.358720,   24.168816,    0.958594
2015-04-04 00:00:00,  621.596160,   23.726719,    0.959424
2015-04-05 00:00:00,  619.833600,   23.813233,    0.960624
2015-04-06 00:00:00,  618.071040,   22.785771,    0.955681
2015-04-07 00:00:00,  616.308480,   21.973602,    0.941450
2015-04-08 00:00:00,  614.545920,   21.858311,    0.941133
2015-04-09 00:00:00,  612.783360,   21.706556,    0.922728
2015-04-10 00:00:00,  610.873920,   21.990350,    0.920997
2015-04-11 00:00:00,  608.964480,   22.078467,    0.921110
2015-04-12 00:00:00,  607.055040,   21.725510,    0.920072
2015-04-13 00:00:00,  604.998720,   22.365296,    0.919885
2015-04-14 00:00:00,  602.942400,   21.942572,    0.921170
2015-04-15 00:00:00,  600.886080,   21.487964,    0.921407
2015-04-16 00:00:00,  598.829760,   21.735761,    0.921539
2015-04-17 00:00:00,  596.773440,   21.538175,    0.921471
2015-04-18 00:00:00,  594.717120,   21.645335,    0.921542
2015-04-19 00:00:00,  592.660800,   21.772454,    0.923381
2015-04-20 00:00:00,  590.457600,   21.853398,    0.923011
2015-04-21 00:00:00,  588.254400,   21.948231,    0.924269
2015-04-22 00:00:00,  586.198080,   22.306187,    0.925355
2015-04-23 00:00:00,  583.994880,   21.756407,    0.926350
2015-04-24 00:00:00,  581.644800,   20.876306,    0.924753
2015-04-25 00:00:00,  579.441600,   20.737412,    0.923668
2015-04-26 00:00:00,  577.238400,   20.572670,    0.923251
2015-04-27 00:00:00,  574.888320,   20.326786,    0.922484
2015-04-28 00:00:00,  572.538240,   20.310805,    0.922807
2015-04-29 00:00:00,  570.188160,   20.370959,    0.923469
2015-04-30 00:00:00,  567.838080,   20.254799,    0.918789
2015-05-01 00:00:00,  565.047360,   20.174473,    0.920305
2015-05-02 00:00:00,  562.109760,   20.007264,    0.920600
2015-05-03 00:00:00,  559.612800,   19.646126,    0.917213
2015-05-04 00:00:00,  557.262720,   18.918106,    0.915942
2015-05-05 00:00:00,  554.912640,   18.806020,    0.915339
2015-05-06 00:00:00,  552.415680,   18.931306,    0.915334
2015-05-07 00:00:00,  549.918720,   19.000807,    0.915805
2015-05-08 00:00:00,  547.568640,   19.000030,    0.916028
2015-05-09 00:00:00,  545.071680,   19.402888,    0.916340
2015-05-10 00:00:00,  542.574720,   19.397912,    0.916629
2015-05-11 00:00:00,  540.077760,   19.732171,    0.917325
2015-05-12 00:00:00,  537.580800,   19.515218,    0.918056
2015-05-13 00:00:00,  535.083840,   19.152554,    0.918725
2015-05-14 00:00:00,  532.586880,   19.039332,    0.918701
2015-05-15 00:00:00,  530.089920,   18.562602,    0.918879
2015-05-16 00:00:00,  527.592960,   18.035001,    0.909267
2015-05-17 00:00:00,  525.096000,   17.883502,    0.893168
2015-05-18 00:00:00,  522.599040,   17.784486,    0.892904
2015-05-19 00:00:00,  520.102080,   17.554153,    0.893261
2015-05-20 00:00:00,  517.458240,   17.351536,    0.893676
2015-05-21 00:00:00,  514.961280,   17.168179,    0.894075
2015-05-22 00:00:00,  512.464320,   17.427969,    0.894627
2015-05-23 00:00:00,  509.967360,   17.627599,    0.894355
2015-05-24 00:00:00,  507.470400,   17.413758,    0.894493
2015-05-25 00:00:00,  504.826560,   17.625467,    0.894988
2015-05-26 00:00:00,  502.329600,   17.827652,    0.895741
2015-05-27 00:00:00,  499.832640,   17.546228,    0.895964
2015-05-28 00:00:00,  497.335680,   17.318300,    0.896485
2015-05-29 00:00:00,  494.838720,   17.185727,    0.896111
2015-05-30 00:00:00,  492.341760,   17.421784,    0.896570
2015-05-31 00:00:00,  489.844800,   17.258811,    0.896245
2015-06-01 00:00:00,  488.082240,   16.736591,    0.896870
2015-06-02 00:00:00,  486.319680,   16.813404,    0.893165
2015-06-03 00:00:00,  483.822720,   17.116708,    0.893234
2015-06-04 00:00:00,  481.325760,   17.369091,    0.893276
2015-06-05 00:00:00,  478.828800,   17.547491,    0.893336
2015-06-06 00:00:00,  476.478720,   18.306478,    0.891263
2015-06-07 00:00:00,  473.981760,   18.045428,    0.891811
2015-06-08 00:00:00,  471.484800,   18.103085,    0.892711
2015-06-09 00:00:00,  469.134720,   17.715256,    0.893572
2015-06-10 00:00:00,  466.784640,   17.737227,    0.894152
2015-06-11 00:00:00,  464.434560,   17.501056,    0.894350
2015-06-12 00:00:00,  462.084480,   17.522928,    0.885153
2015-06-13 00:00:00,  459.734400,   17.273130,    0.888670
2015-06-14 00:00:00,  457.384320,   17.188397,    0.889776
2015-06-15 00:00:00,  455.034240,   17.128133,    0.889926
2015-06-16 00:00:00,  452.684160,   16.838398,    0.890129
2015-06-17 00:00:00,  450.334080,   16.626085,    0.890711
2015-06-18 00:00:00,  448.130880,   16.756318,    0.880245
2015-06-19 00:00:00,  445.927680,   16.872291,    0.871180
2015-06-20 00:00:00,  443.577600,   17.114551,    0.870843
2015-06-21 00:00:00,  441.374400,   16.760441,    0.865961
2015-06-22 00:00:00,  439.318080,   16.439257,    0.864599
2015-06-23 00:00:00,  437.114880,   16.451589,    0.865122
2015-06-24 00:00:00,  434.911680,   16.173048,    0.865110
2015-06-25 00:00:00,  432.855360,   16.496516,    0.865378
2015-06-26 00:00:00,  430.799040,   16.235194,    0.865525
2015-06-27 00:00:00,  428.742720,   16.149113,    0.865604
2015-06-28 00:00:00,  426.686400,   16.077635,    0.865934
2015-06-29 00:00:00,  424.630080,   16.090045,    0.865923
2015-06-30 00:00:00,  422.573760,   15.943459,    0.866244
2015-07-01 00:00:00,  420.223680,   15.881627,    0.866290
2015-07-02 00:00:00,  417.873600,   16.136678,    0.866169
2015-07-03 00:00:00,  415.964160,   16.378846,    0.866076
2015-07-04 00:00:00,  414.201600,   17.284224,    0.866371
2015-07-05 00:00:00,  412.292160,   17.067776,    0.866339
2015-07-06 00:00:00,  410.382720,   16.714355,    0.866526
2015-07-07 00:00:00,  408.620160,   16.677073,    0.864701
2015-07-08 00:00:00,  406.857600,   16.106001,    0.865682
2015-07-09 00:00:00,  405.241920,   16.021574,    0.866311
2015-07-10 00:00:00,  403.626240,   15.945943,    0.865404
2015-07-11 00:00:00,  401.863680,   15.908359,    0.865758
2015-07-12 00:00:00,  400.248000,   15.713146,    0.865975
2015-07-13 00:00:00,  398.779200,   15.526893,    0.866229
2015-07-14 00:00:00,  397.163520,   15.430391,    0.866194
2015-07-15 00:00:00,  395.547840,   15.399443,    0.866395
2015-07-16 00:00:00,  394.079040,   15.186818,    0.866826
2015-07-17 00:00:00,  392.757120,   15.091756,    0.867203
2015-07-18 00:00:00,  391.435200,   15.349957,    0.865831
2015-07-19 00:00:00,  389.966400,   15.260384,    0.862435
2015-07-20 00:00:00,  388.644480,   15.418458,    0.860771
2015-07-21 00:00:00,  387.322560,   15.571797,    0.859747
2015-07-22 00:00:00,  386.000640,   15.255170,    0.858724
2015-07-23 00:00:00,  384.825600,   15.246703,    0.857084
2015-07-24 00:00:00,  383.650560,   15.670317,    0.857501
2015-07-25 00:00:00,  382.475520,   15.571616,    0.857445
2015-07-26 00:00:00,  381.447360,   15.591899,    0.857627
2015-07-27 00:00:00,  380.419200,   15.680516,    0.858404
2015-07-28 00:00:00,  379.391040,   15.400394,    0.855763
2015-07-29 00:00:00,  378.362880,   15.528185,    0.855865
2015-07-30 00:00:00,  377.334720,   15.676460,    0.847220
2015-07-31 00:00:00,  376.453440,   16.038161,    0.846122
2015-08-01 00:00:00,  375.865920,   15.916189,    0.846792
2015-08-02 00:00:00,  375.278400,   15.859604,    0.846953
2015-08-03 00:00:00,  374.397120,   16.007308,    0.847313
2015-08-04 00:00:00,  373.662720,   15.855756,    0.847911
2015-08-05 00:00:00,  372.928320,   15.649439,    0.848365
2015-08-06 00:00:00,  372.193920,   15.526880,    0.848945
2015-08-07 00:00:00,  371.606400,   15.608390,    0.844497
2015-08-08 00:00:00,  371.018880,   15.188806,    0.845439
2015-08-09 00:00:00,  370.431360,   15.222200,    0.842420
2015-08-10 00:00:00,  369.990720,   15.262317,    0.843856
2015-08-11 00:00:00,  369.550080,   15.347559,    0.844064
2015-08-12 00:00:00,  369.109440,   15.349676,    0.844052
2015-08-13 00:00:00,  368.815680,   15.535228,    0.844053
2015-08-14 00:00:00,  368.375040,   15.933979,    0.844137
2015-08-15 00:00:00,  368.081280,   16.319395,    0.844293
2015-08-16 00:00:00,  367.934400,   18.017694,    0.845896
2015-08-17 00:00:00,  367.640640,   17.870296,    0.844320
2015-08-18 00:00:00,  367.493760,   17.994067,    0.845433
2015-08-19 00:00:00,  367.346880,   17.250247,    0.842607
2015-08-20 00:00:00,  367.200000,   17.080632,    0.842623
2015-08-21 00:00:00,  367.200000,   16.377843,    0.834968
2015-08-22 00:00:00,  367.200000,   16.312754,    0.828169
2015-08-23 00:00:00,  367.200000,   16.494947,    0.829681
2015-08-24 00:00:00,  367.346880,   16.507174,    0.830592
2015-08-25 00:00:00,  367.493760,   16.379961,    0.831042
2015-08-26 00:00:00,  367.640640,   16.607320,    0.831916
2015-08-27 00:00:00,  367.934400,   16.898575,    0.832518
2015-08-28 00:00:00,  368.228160,   17.344352,    0.824678
2015-08-29 00:00:00,  368.521920,   18.023479,    0.788668
2015-08-30 00:00:00,  368.815680,   17.681786,    0.796545
2015-08-31 00:00:00,  369.256320,   17.073892,    0.798324
2015-09-01 00:00:00,  369.550080,   16.811032,    0.800668
2015-09-02 00:00:00,  369.843840,   16.564602,    0.800969
2015-09-03 00:00:00,  370.431360,   16.913164,    0.803217
2015-09-04 00:00:00,  371.018880,   17.119154,    0.797262
2015-09-05 00:00:00,  371.606400,   17.168302,    0.799331
2015-09-06 00:00:00,  372.193920,   17.749767,    0.800929
2015-09-07 00:00:00,  372.781440,   18.309236,    0.801365
2015-09-08 00:00:00,  373.515840,   18.086731,    0.801580
2015-09-09 00:00:00,  374.250240,   19.331607,    0.803043
2015-09-10 00:00:00,  374.984640,   18.461116,    0.802141
2015-09-11 00:00:00,  375.865920,   18.906264,    0.801718
2015-09-12 00:00:00,  376.747200,   18.307145,    0.797876
2015-09-13 00:00:00,  377.628480,   18.519053,    0.798982
2015-09-14 00:00:00,  378.656640,   18.377705,    0.799084
2015-09-15 00:00:00,  379.684800,   18.369880,    0.799454
2015-09-16 00:00:00,  380.712960,   18.168915,    0.802848
2015-09-17 00:00:00,  381.741120,   18.529399,    0.803100
2015-09-18 00:00:00,  382.769280,   19.904251,    0.804926
2015-09-19 00:00:00,  383.944320,   19.391138,    0.806283
2015-09-20 00:00:00,  385.119360,   19.070936,    0.806620
2015-09-21 00:00:00,  386.441280,   19.330674,    0.806969
2015-09-22 00:00:00,  387.763200,   19.897740,    0.809446
2015-09-23 00:00:00,  389.085120,   19.905044,    0.809752
2015-09-24 00:00:00,  390.407040,   21.136696,    0.811686
2015-09-25 00:00:00,  391.728960,   21.550645,    0.812969
2015-09-26 00:00:00,  393.197760,   21.603706,    0.814683
2015-09-27 00:00:00,  394.666560,   21.360436,    0.815155
2015-09-28 00:00:00,  396.135360,   21.674558,    0.816501
2015-09-29 00:00:00,  397.604160,   22.577365,    0.817717
2015-09-30 00:00:00,  399.219840,   23.047552,    0.818968
2015-10-01 00:00:00,  401.129280,   23.651590,    0.819805
2015-10-02 00:00:00,  403.038720,   24.226257,    0.821038
2015-10-03 00:00:00,  404.801280,   24.370391,    0.821827
2015-10-04 00:00:00,  406.563840,   23.456023,    0.823655
2015-10-05 00:00:00,  408.326400,   21.401070,    0.823653
2015-10-06 00:00:00,  410.088960,   21.701112,    0.823306
2015-10-07 00:00:00,  411.851520,   21.487548,    0.825186
2015-10-08 00:00:00,  413.614080,   22.409173,    0.828331
2015-10-09 00:00:00,  415.523520,   22.758026,    0.828615
2015-10-10 00:00:00,  417.432960,   24.252300,    0.830970
2015-10-11 00:00:00,  419.342400,   24.022969,    0.830855
2015-10-12 00:00:00,  421.251840,   25.424688,    0.833809
2015-10-13 00:00:00,  423.161280,   25.975439,    0.835898
2015-10-14 00:00:00,  425.217600,   23.749974,    0.835318
2015-10-15 00:00:00,  427.273920,   22.991487,    0.834385
2015-10-16 00:00:00,  429.330240,   23.445200,    0.837746
2015-10-17 00:00:00,  431.386560,   23.652981,    0.838409
2015-10-18 00:00:00,  433.442880,   22.988262,    0.833256
2015-10-19 00:00:00,  435.499200,   23.441827,    0.835312
2015-10-20 00:00:00,  437.702400,   23.418501,    0.835298
2015-10-21 00:00:00,  439.905600,   23.951473,    0.836898
2015-10-22 00:00:00,  442.108800,   24.599466,    0.840055
2015-10-23 00:00:00,  444.312000,   24.234842,    0.841765
2015-10-24 00:00:00,  446.515200,   23.893864,    0.843055
2015-10-25 00:00:00,  448.865280,   24.090689,    0.844571
2015-10-26 00:00:00,  451.068480,   24.625178,    0.845264
2015-10-27 00:00:00,  453.271680,   24.112151,    0.846174
2015-10-28 00:00:00,  455.621760,   25.633980,    0.847117
2015-10-29 00:00:00,  457.971840,   26.758616,    0.848445
2015-10-30 00:00:00,  460.321920,   26.348840,    0.850029
2015-10-31 00:00:00,  462.672000,   26.454848,    0.851598
2015-11-01 00:00:00,  464.434560,   26.691729,    0.846745
2015-11-02 00:00:00,  466.197120,   26.510990,    0.829117
2015-11-03 00:00:00,  468.547200,   26.681547,    0.831334
2015-11-04 00:00:00,  470.897280,   26.971341,    0.833652
2015-11-05 00:00:00,  473.247360,   26.595316,    0.834992
2015-11-06 00:00:00,  475.744320,   25.183646,    0.834895
2015-11-07 00:00:00,  478.241280,   24.009342,    0.837359
2015-11-08 00:00:00,  480.591360,   24.366323,    0.839432
2015-11-09 00:00:00,  483.088320,   25.132128,    0.841044
2015-11-10 00:00:00,  485.585280,   25.792745,    0.842900
2015-11-11 00:00:00,  488.082240,   26.429457,    0.845421
2015-11-12 00:00:00,  490.579200,   26.526519,    0.846808
2015-11-13 00:00:00,  493.076160,   27.389137,    0.849220
2015-11-14 00:00:00,  495.573120,   28.205089,    0.851020
2015-11-15 00:00:00,  498.070080,   28.149466,    0.853271
2015-11-16 00:00:00,  500.567040,   28.468115,    0.853542
2015-11-17 00:00:00,  503.064000,   26.939940,    0.857228
2015-11-18 00:00:00,  505.560960,   25.423091,    0.858824
2015-11-19 00:00:00,  508.057920,   24.912505,    0.860066
2015-11-20 00:00:00,  510.701760,   25.102361,    0.861972
2015-11-21 00:00:00,  513.198720,   25.404527,    0.864221
2015-11-22 00:00:00,  515.695680,   26.270022,    0.867133
2015-11-23 00:00:00,  518.192640,   26.926497,    0.867767
2015-11-24 00:00:00,  520.689600,   25.936858,    0.872194
2015-11-25 00:00:00,  523.333440,   25.617180,    0.874017
2015-11-26 00:00:00,  525.830400,   25.432572,    0.874898
2015-11-27 00:00:00,  528.327360,   26.381282,    0.877696
2015-11-28 00:00:00,  530.824320,   26.308021,    0.880669
2015-11-29 00:00:00,  533.321280,   25.458339,    0.883522
2015-11-30 00:00:00,  535.818240,   24.742951,    0.885278
2015-12-01 00:00:00,  538.902720,   25.183041,    0.885431
2015-12-02 00:00:00,  541.987200,   26.135710,    0.888852
2015-12-03 00:00:00,  544.337280,   26.553212,    0.891183
2015-12-04 00:00:00,  546.834240,   24.989887,    0.893639
2015-12-05 00:00:00,  549.331200,   23.187520,    0.883386
2015-12-06 00:00:00,  551.681280,   22.829640,    0.882059
2015-12-07 00:00:00,  554.178240,   23.420912,    0.884371
2015-12-08 00:00:00,  556.675200,   24.595807,    0.886326
2015-12-09 00:00:00,  559.025280,   25.146150,    0.889289
2015-12-10 00:00:00,  561.375360,   25.199951,    0.892452
2015-12-11 00:00:00,  563.725440,   25.594623,    0.895208
2015-12-12 00:00:00,  566.075520,   24.959992,    0.897116
2015-12-13 00:00:00,  568.425600,   25.320034,    0.896239
2015-12-14 00:00:00,  570.775680,   26.194544,    0.901614
2015-12-15 00:00:00,  573.125760,   26.589633,    0.903629
2015-12-16 00:00:00,  575.475840,   26.490972,    0.906716
2015-12-17 00:00:00,  577.825920,   26.612166,    0.908034
2015-12-18 00:00:00,  580.029120,   26.447356,    0.909277
2015-12-19 00:00:00,  582.232320,   25.070810,    0.911455
2015-12-20 00:00:00,  584.582400,   25.534491,    0.911546
2015-12-21 00:00:00,  586.785600,   26.296270,    0.914208
2015-12-22 00:00:00,  588.988800,   27.618656,    0.916885
2015-12-23 00:00:00,  591.192000,   27.824790,    0.917577
2015-12-24 00:00:00,  593.248320,   26.310677,    0.922337
2015-12-25 00:00:00,  595.304640,   25.921849,    0.923901
2015-12-26 00:00:00,  597.360960,   26.124857,    0.924676
2015-12-27 00:00:00,  599.417280,   27.309635,    0.926903
2015-12-28 00:00:00,  601.473600,   28.215474,    0.930407
2015-12-29 00:00:00,  603.529920,   27.895682,    0.932469
2015-12-30 00:00:00,  605.586240,   26.791134,    0.932635
2015-12-31 00:00:00,  607.495680,   27.179786,    0.936019
2016-01-01 00:00:00,  608.817600,   27.130857,    0.936931
2016-01-02 00:00:00,  610.286400,   27.975717,    0.938966
2016-01-03 00:00:00,  612.195840,   28.244386,    0.939105
2016-01-04 00:00:00,  613.958400,   28.607289,    0.941484
2016-01-05 00:00:00,  615.867840,   29.034578,    0.941075
2016-01-06 00:00:00,  617.777280,   30.084053,    0.941282
2016-01-07 00:00:00,  619.539840,   30.306986,    0.946049
2016-01-08 00:00:00,  621.302400,   29.694577,    0.949921
2016-01-09 00:00:00,  622.918080,   30.408753,    0.952136
2016-01-10 00:00:00,  624.533760,   30.501979,    0.954371
2016-01-11 00:00:00,  626.296320,   30.324632,    0.956460
2016-01-12 00:00:00,  627.912000,   28.541762,    0.956940
2016-01-13 00:00:00,  629.380800,   27.857603,    0.956480
2016-01-14 00:00:00,  630.849600,   27.442915,    0.955711
2016-01-15 00:00:00,  632.465280,   28.146641,    0.957741
2016-01-16 00:00:00,  634.080960,   28.087131,    0.958183
2016-01-17 00:00:00,  635.402880,   27.045832,    0.960602
2016-01-18 00:00:00,  636.724800,   26.240102,    0.958997
2016-01-19 00:00:00,  638.193600,   25.501047,    0.952411
2016-01-20 00:00:00,  639.515520,   26.042383,    0.953627
2016-01-21 00:00:00,  640.837440,   25.186241,    0.953685
2016-01-22 00:00:00,  642.159360,   25.944133,    0.952185
2016-01-23 00:00:00,  643.334400,   27.774666,    0.954901
2016-01-24 00:00:00,  644.509440,   28.664102,    0.957170
2016-01-25 00:00:00,  645.684480,   29.861603,    0.959972
2016-01-26 00:00:00,  646.712640,   29.344865,    0.962975
2016-01-27 00:00:00,  647.740800,   28.477090,    0.964508
2016-01-28 00:00:00,  648.768960,   28.193649,    0.967269
2016-01-29 00:00:00,  649.797120,   27.853750,    0.966647
2016-01-30 00:00:00,  650.825280,   26.661479,    0.950008
2016-01-31 00:00:00,  651.706560,   25.311868,    0.949708
2016-02-01 00:00:00,  652.294080,   24.734186,    0.949153
2016-02-02 00:00:00,  652.881600,   25.125155,    0.950710
2016-02-03 00:00:00,  653.762880,   25.954671,    0.952733
2016-02-04 00:00:00,  654.497280,   26.573745,    0.955696
2016-02-05 00:00:00,  655.084800,   27.154275,    0.956819
2016-02-06 00:00:00,  655.819200,   27.511134,    0.958545
2016-02-07 00:00:00,  656.553600,   28.535982,    0.960774
2016-02-08 00:00:00,  657.141120,   29.199250,    0.964598
2016-02-09 00:00:00,  657.728640,   29.640812,    0.967298
2016-02-10 00:00:00,  658.169280,   30.698838,    0.969533
2016-02-11 00:00:00,  658.609920,   30.700830,    0.971319
2016-02-12 00:00:00,  659.050560,   29.117635,    0.974587
2016-02-13 00:00:00,  659.344320,   28.009376,    0.974962
2016-02-14 00:00:00,  659.784960,   27.453291,    0.975907
2016-02-15 00:00:00,  660.078720,   27.302609,    0.976406
2016-02-16 00:00:00,  660.225600,   27.720272,    0.977787
2016-02-17 00:00:00,  660.519360,   27.881438,    0.981277
2016-02-18 00:00:00,  660.666240,   27.301261,    0.983333
2016-02-19 00:00:00,  660.813120,   26.181664,    0.982444
2016-02-20 00:00:00,  660.960000,   26.982940,    0.981165
2016-02-21 00:00:00,  660.960000,   27.562139,    0.982649
2016-02-22 00:00:00,  660.960000,   26.905679,    0.977728
2016-02-23 00:00:00,  660.960000,   26.173703,    0.979869
2016-02-24 00:00:00,  660.813120,   25.266015,    0.979714
2016-02-25 00:00:00,  660.666240,   25.102504,    0.976818
2016-02-26 00:00:00,  660.519360,   25.806237,    0.978310
2016-02-27 00:00:00,  660.225600,   27.742891,    0.980527
2016-02-28 00:00:00,  659.931840,   27.687100,    0.982449
2016-02-29 00:00:00,  659.638080,   27.329439,    0.984156
2016-03-01 00:00:00,  659.050560,   26.409325,    0.986517
2016-03-02 00:00:00,  658.316160,   26.356633,    0.987000
2016-03-03 00:00:00,  657.728640,   25.801229,    0.988930
2016-03-04 00:00:00,  657.141120,   25.923151,    0.989763
2016-03-05 00:00:00,  656.553600,   26.259309,    0.991090
2016-03-06 00:00:00,  655.966080,   26.697950,    0.992017
2016-03-07 00:00:00,  655.378560,   26.803564,    0.993725
2016-03-08 00:00:00,  654.644160,   27.603626,    0.996304
2016-03-09 00:00:00,  653.909760,   28.187072,    0.997659
2016-03-10 00:00:00,  653.175360,   27.257325,    0.999257
2016-03-11 00:00:00,  652.294080,   27.112797,    1.000326
2016-03-12 00:00:00,  651.412800,   27.315509,    1.001618
2016-03-13 00:00:00,  650.531520,   27.764256,    1.003116
2016-03-14 00:00:00,  649.503360,   27.805197,    1.004420
2016-03-15 00:00:00,  648.475200,   28.103568,    1.007830
2016-03-16 00:00:00,  647.447040,   26.414958,    1.007722
2016-03-17 00:00:00,  646.418880,   25.696580,    1.006978
2016-03-18 00:00:00,  645.390720,   26.080022,    1.004737
2016-03-19 00:00:00,  644.215680,   26.088015,    1.005747
2016-03-20 00:00:00,  643.040640,   26.837181,    1.006968
2016-03-21 00:00:00,  641.718720,   26.776131,    1.008446
2016-03-22 00:00:00,  640.396800,   26.313194,    1.009926
2016-03-23 00:00:00,  639.221760,   24.667125,    0.977987
2016-03-24 00:00:00,  637.899840,   24.540385,    0.979013
2016-03-25 00:00:00,  636.431040,   25.305208,    0.979616
2016-03-26 00:00:00,  634.962240,   24.587963,    0.968337
2016-03-27 00:00:00,  633.493440,   24.319893,    0.972061
2016-03-28 00:00:00,  632.024640,   24.456803,    0.973335
2016-03-29 00:00:00,  630.555840,   24.878226,    0.973757
2016-03-30 00:00:00,  629.087040,   25.440614,    0.975028
2016-03-31 00:00:00,  627.471360,   25.369051,    0.976307
2016-04-01 00:00:00,  626.296320,   24.872381,    0.976869
2016-04-02 00:00:00,  625.121280,   25.217701,    0.977055
2016-04-03 00:00:00,  623.358720,   25.934287,    0.977929
2016-04-04 00:00:00,  621.596160,   24.986444,    0.979181
2016-04-05 00:00:00,  619.833600,   23.748552,    0.978408
2016-04-06 00:00:00,  618.071040,   23.366147,    0.976960
2016-04-07 00:00:00,  616.308480,   23.044362,    0.974846
2016-04-08 00:00:00,  614.545920,   22.863573,    0.975504
2016-04-09 00:00:00,  612.783360,   22.236135,    0.974103
2016-04-10 00:00:00,  610.873920,   22.666085,    0.971014
2016-04-11 00:00:00,  608.964480,   22.207238,    0.969524
2016-04-12 00:00:00,  607.055040,   22.389694,    0.969950
2016-04-13 00:00:00,  604.998720,   22.606417,    0.969951
2016-04-14 00:00:00,  602.942400,   22.654470,    0.970645
2016-04-15 00:00:00,  600.886080,   23.144259,    0.972049
2016-04-16 00:00:00,  598.829760,   23.023093,    0.971707
2016-04-17 00:00:00,  596.773440,   22.692790,    0.966750
2016-04-18 00:00:00,  594.717120,   22.510352,    0.952205
2016-04-19 00:00:00,  592.660800,   22.893219,    0.960521
2016-04-20 00:00:00,  590.457600,   22.958216,    0.961326
2016-04-21 00:00:00,  588.254400,   22.953182,    0.962150
2016-04-22 00:00:00,  586.198080,   22.545639,    0.962892
2016-04-23 00:00:00,  583.994880,   22.698225,    0.963545
2016-04-24 00:00:00,  581.644800,   22.391339,    0.963529
2016-04-25 00:00:00,  579.441600,   22.136345,    0.950255
2016-04-26 00:00:00,  577.238400,   21.097979,    0.951091
2016-04-27 00:00:00,  574.888320,   20.801309,    0.949593
2016-04-28 00:00:00,  572.538240,   20.370452,    0.946569
2016-04-29 00:00:00,  570.188160,   20.268510,    0.945105
2016-04-30 00:00:00,  567.838080,   19.934319,    0.945110
2016-05-01 00:00:00,  565.047360,   20.114711,    0.944433
2016-05-02 00:00:00,  562.109760,   20.077961,    0.944255
2016-05-03 00:00:00,  559.612800,   20.114195,    0.944340
2016-05-04 00:00:00,  557.262720,   20.153938,    0.945016
2016-05-05 00:00:00,  554.912640,   20.573456,    0.945564
2016-05-06 00:00:00,  552.415680,   20.014343,    0.940482
2016-05-07 00:00:00,  549.918720,   19.317801,    0.937481
2016-05-08 00:00:00,  547.568640,   19.119550,    0.937225
2016-05-09 00:00:00,  545.071680,   19.202084,    0.937046
2016-05-10 00:00:00,  542.574720,   19.294692,    0.937100
2016-05-11 00:00:00,  540.077760,   19.408187,    0.937598
2016-05-12 00:00:00,  537.580800,   19.251136,    0.937570
2016-05-13 00:00:00,  535.083840,   19.685701,    0.938836
2016-05-14 00:00:00,  532.586880,   19.797567,    0.939192
2016-05-15 00:00:00,  530.089920,   19.389781,    0.938789
2016-05-16 00:00:00,  527.592960,   19.477069,    0.939453
2016-05-17 00:00:00,  525.096000,   19.174616,    0.939562
2016-05-18 00:00:00,  522.599040,   19.194272,    0.939455
2016-05-19 00:00:00,  520.102080,   19.104938,    0.932437
2016-05-20 00:00:00,  517.458240,   19.172448,    0.936717
2016-05-21 00:00:00,  514.961280,   18.232072,    0.922083
2016-05-22 00:00:00,  512.464320,   17.992486,    0.922875
2016-05-23 00:00:00,  509.967360,   18.127364,    0.919290
2016-05-24 00:00:00,  507.470400,   18.179925,    0.911337
2016-05-25 00:00:00,  504.826560,   18.036082,    0.912192
2016-05-26 00:00:00,  502.329600,   17.857250,    0.911939
2016-05-27 00:00:00,  499.832640,   17.849083,    0.913890
2016-05-28 00:00:00,  497.335680,   17.825618,    0.909703
2016-05-29 00:00:00,  494.838720,   17.848301,    0.910184
2016-05-30 00:00:00,  492.341760,   17.811674,    0.914512
2016-05-31 00:00:00,  489.844800,   17.592362,    0.914519
2016-06-01 00:00:00,  488.082240,   17.570809,    0.915166
2016-06-02 00:00:00,  486.319680,   17.254751,    0.915129
2016-06-03 00:00:00,  483.822720,   17.386479,    0.915269
2016-06-04 00:00:00,  481.325760,   17.289446,    0.914640
2016-06-05 00:00:00,  478.828800,   17.180789,    0.915059
2016-06-06 00:00:00,  476.478720,   16.866321,    0.910332
2016-06-07 00:00:00,  473.981760,   16.402551,    0.906733
2016-06-08 00:00:00,  471.484800,   16.197004,    0.907128
2016-06-09 00:00:00,  469.134720,   16.025470,    0.906787
2016-06-10 00:00:00,  466.784640,   16.257670,    0.905754
2016-06-11 00:00:00,  464.434560,   16.110709,    0.906034
2016-06-12 00:00:00,  462.084480,   16.143204,    0.906371
2016-06-13 00:00:00,  459.734400,   16.198730,    0.894966
2016-06-14 00:00:00,  457.384320,   16.156064,    0.895124
2016-06-15 00:00:00,  455.034240,   16.378730,    0.895169
2016-06-16 00:00:00,  452.684160,   16.262315,    0.895685
2016-06-17 00:00:00,  450.334080,   16.111924,    0.895732
2016-06-18 00:00:00,  448.130880,   15.960692,    0.895857
2016-06-19 00:00:00,  445.927680,   15.956295,    0.895691
2016-06-20 00:00:00,  443.577600,   15.964749,    0.895818
2016-06-21 00:00:00,  441.374400,   16.218936,    0.896319
2016-06-22 00:00:00,  439.318080,   15.901880,    0.895932
2016-06-23 00:00:00,  437.114880,   16.256101,    0.896441
2016-06-24 00:00:00,  434.911680,   15.855228,    0.896278
2016-06-25 00:00:00,  432.855360,   15.786524,    0.892646
2016-06-26 00:00:00,  430.799040,   15.637627,    0.892981
2016-06-27 00:00:00,  428.742720,   15.523821,    0.893318
2016-06-28 00:00:00,  426.686400,   15.506239,    0.893157
2016-06-29 00:00:00,  424.630080,   15.706230,    0.893441
2016-06-30 00:00:00,  422.573760,   15.851865,    0.893438
2016-07-01 00:00:00,  420.223680,   15.734406,    0.893560
2016-07-02 00:00:00,  417.873600,   15.622085,    0.893919
2016-07-03 00:00:00,  415.964160,   15.261921,    0.894044
2016-07-04 00:00:00,  414.201600,   15.017738,    0.894361
2016-07-05 00:00:00,  412.292160,   14.837431,    0.894682
2016-07-06 00:00:00,  410.382720,   14.718595,    0.894877
2016-07-07 00:00:00,  408.620160,   14.759471,    0.894994
2016-07-08 00:00:00,  406.857600,   14.804815,    0.891959
2016-07-09 00:00:00,  405.241920,   14.441532,    0.885547
2016-07-10 00:00:00,  403.626240,   14.441376,    0.882831
2016-07-11 00:00:00,  401.863680,   14.461900,    0.882934
2016-07-12 00:00:00,  400.248000,   14.429763,    0.883369
2016-07-13 00:00:00,  398.779200,   14.125243,    0.883395
2016-07-14 00:00:00,  397.163520,   14.057725,    0.883765
2016-07-15 00:00:00,  395.547840,   14.423341,    0.883841
2016-07-16 00:00:00,  394.079040,   14.759739,    0.882978
2016-07-17 00:00:00,  392.757120,   14.898427,    0.882411
2016-07-18 00:00:00,  391.435200,   14.932733,    0.882317
2016-07-19 00:00:00,  389.966400,   15.047689,    0.882337
2016-07-20 00:00:00,  388.644480,   14.765732,    0.882660
2016-07-21 00:00:00,  387.322560,   14.705132,    0.879261
2016-07-22 00:00:00,  386.000640,   15.068301,    0.879678
2016-07-23 00:00:00,  384.825600,   14.553889,    0.878881
2016-07-24 00:00:00,  383.650560,   14.677865,    0.878976
2016-07-25 00:00:00,  382.475520,   14.825292,    0.879455
2016-07-26 00:00:00,  381.447360,   14.938004,    0.879737
2016-07-27 00:00:00,  380.419200,   15.279138,    0.880042
2016-07-28 00:00:00,  379.391040,   15.478937,    0.880629
2016-07-29 00:00:00,  378.362880,   15.442199,    0.878666
2016-07-30 00:00:00,  377.334720,   15.331584,    0.879194
2016-07-31 00:00:00,  376.453440,   15.113686,    0.878952
2016-08-01 00:00:00,  375.865920,   15.359137,    0.879044
2016-08-02 00:00:00,  375.278400,   14.876359,    0.879539
2016-08-03 00:00:00,  374.397120,   14.511189,    0.878718
2016-08-04 00:00:00,  373.662720,   14.415598,    0.860853
2016-08-05 00:00:00,  372.928320,   14.539006,    0.871346
2016-08-06 00:00:00,  372.193920,   14.768011,    0.867554
2016-08-07 00:00:00,  371.606400,   14.649588,    0.866833
2016-08-08 00:00:00,  371.018880,   14.373408,    0.865830
2016-08-09 00:00:00,  370.431360,   14.348057,    0.865364
2016-08-10 00:00:00,  369.990720,   14.465639,    0.864676
2016-08-11 00:00:00,  369.550080,   14.646364,    0.863380
2016-08-12 00:00:00,  369.109440,   14.801439,    0.863408
2016-08-13 00:00:00,  368.815680,   15.026503,    0.863478
2016-08-14 00:00:00,  368.375040,   15.839319,    0.864625
2016-08-15 00:00:00,  368.081280,   15.534983,    0.854789
2016-08-16 00:00:00,  367.934400,   16.134956,    0.856977
2016-08-17 00:00:00,  367.640640,   15.230411,    0.851558
2016-08-18 00:00:00,  367.493760,   15.003439,    0.852678
2016-08-19 00:00:00,  367.346880,   14.883285,    0.845815
2016-08-20 00:00:00,  367.200000,   15.089341,    0.849886
2016-08-21 00:00:00,  367.200000,   14.858695,    0.850474
2016-08-22 00:00:00,  367.200000,   15.000453,    0.851799
2016-08-23 00:00:00,  367.200000,   15.233718,    0.851762
2016-08-24 00:00:00,  367.346880,   15.595914,    0.852893
2016-08-25 00:00:00,  367.493760,   15.443102,    0.853098
2016-08-26 00:00:00,  367.640640,   15.640923,    0.847259
2016-08-27 00:00:00,  367.934400,   15.450301,    0.840847
2016-08-28 00:00:00,  368.228160,   15.272347,    0.841703
2016-08-29 00:00:00,  368.521920,   15.746434,    0.841968
2016-08-30 00:00:00,  368.815680,   15.920461,    0.842018
2016-08-31 00:00:00,  369.256320,   15.903374,    0.836452
2016-09-01 00:00:00,  369.550080,   16.203523,    0.836869
2016-09-02 00:00:00,  369.843840,   16.539243,    0.837592
2016-09-03 00:00:00,  370.431360,   16.794768,    0.837930
2016-09-04 00:00:00,  371.018880,   17.117926,    0.838659
2016-09-05 00:00:00,  371.606400,   17.797179,    0.839226
2016-09-06 00:00:00,  372.193920,   17.883472,    0.839688
2016-09-07 00:00:00,  372.781440,   17.291733,    0.836537
2016-09-08 00:00:00,  373.515840,   17.136987,    0.836775
2016-09-09 00:00:00,  374.250240,   17.575397,    0.836852
2016-09-10 00:00:00,  374.984640,   18.513607,    0.838497
2016-09-11 00:00:00,  375.865920,   17.337832,    0.839539
2016-09-12 00:00:00,  376.747200,   16.910109,    0.839555
2016-09-13 00:00:00,  377.628480,   17.316450,    0.840750
2016-09-14 00:00:00,  378.656640,   17.383268,    0.841113
2016-09-15 00:00:00,  379.684800,   16.889260,    0.838890
2016-09-16 00:00:00,  380.712960,   17.317632,    0.839910
2016-09-17 00:00:00,  381.741120,   17.467656,    0.840029
2016-09-18 00:00:00,  382.769280,   16.838060,    0.835571
2016-09-19 00:00:00,  383.944320,   16.737917,    0.835384
2016-09-20 00:00:00,  385.119360,   17.067874,    0.835124
2016-09-21 00:00:00,  386.441280,   17.803367,    0.835847
2016-09-22 00:00:00,  387.763200,   17.579481,    0.830224
2016-09-23 00:00:00,  389.085120,   16.908776,    0.832610
2016-09-24 00:00:00,  390.407040,   17.618608,    0.833047
2016-09-25 00:00:00,  391.728960,   17.619801,    0.825385
2016-09-26 00:00:00,  393.197760,   17.613275,    0.825628
2016-09-27 00:00:00,  394.666560,   17.007299,    0.822470
2016-09-28 00:00:00,  396.135360,   17.013578,    0.824825
2016-09-29 00:00:00,  397.604160,   16.905218,    0.825116
2016-09-30 00:00:00,  399.219840,   17.690879,    0.826007
2016-10-01 00:00:00,  401.129280,   16.849478,    0.825023
2016-10-02 00:00:00,  403.038720,   17.231384,    0.826557
2016-10-03 00:00:00,  404.801280,   17.141573,    0.825929
2016-10-04 00:00:00,  406.563840,   17.964349,    0.826334
2016-10-05 00:00:00,  408.326400,   19.570741,    0.827181
2016-10-06 00:00:00,  410.088960,   19.840178,    0.827492
2016-10-07 00:00:00,  411.851520,   20.258435,    0.827708
2016-10-08 00:00:00,  413.614080,   20.013472,    0.822470
2016-10-09 00:00:00,  415.523520,   19.246715,    0.825049
2016-10-10 00:00:00,  417.432960,   19.270397,    0.826024
2016-10-11 00:00:00,  419.342400,   20.166946,    0.826984
2016-10-12 00:00:00,  421.251840,   20.336520,    0.827540
2016-10-13 00:00:00,  423.161280,   20.988915,    0.827644
2016-10-14 00:00:00,  425.217600,   21.053774,    0.829773
2016-10-15 00:00:00,  427.273920,   19.752251,    0.831133
2016-10-16 00:00:00,  429.330240,   20.673278,    0.832466
2016-10-17 00:00:00,  431.386560,   20.636932,    0.833796
2016-10-18 00:00:00,  433.442880,   20.738985,    0.835251
2016-10-19 00:00:00,  435.499200,   20.593947,    0.834100
2016-10-20 00:00:00,  437.702400,   20.138803,    0.835985
2016-10-21 00:00:00,  439.905600,   20.429967,    0.836563
2016-10-22 00:00:00,  442.108800,   20.283788,    0.836628
2016-10-23 00:00:00,  444.312000,   22.121930,    0.839616
2016-10-24 00:00:00,  446.515200,   22.303349,    0.841869
2016-10-25 00:00:00,  448.865280,   22.218985,    0.842983
2016-10-26 00:00:00,  451.068480,   23.070605,    0.843998
2016-10-27 00:00:00,  453.271680,   23.725225,    0.845604
2016-10-28 00:00:00,  455.621760,   23.835999,    0.845954
2016-10-29 00:00:00,  457.971840,   22.598928,    0.847479
2016-10-30 00:00:00,  460.321920,   22.235452,    0.849219
2016-10-31 00:00:00,  462.672000,   21.898006,    0.850408
2016-11-01 00:00:00,  464.434560,   22.448073,    0.852599
2016-11-02 00:00:00,  466.197120,   23.027224,    0.854186
2016-11-03 00:00:00,  468.547200,   23.558569,    0.856223
2016-11-04 00:00:00,  470.897280,   24.571201,    0.858168
2016-11-05 00:00:00,  473.247360,   25.837074,    0.859974
2016-11-06 00:00:00,  475.744320,   24.900375,    0.863161
2016-11-07 00:00:00,  478.241280,   23.896881,    0.865308
2016-11-08 00:00:00,  480.591360,   23.602232,    0.866956
2016-11-09 00:00:00,  483.088320,   23.791145,    0.869219
2016-11-10 00:00:00,  485.585280,   22.970907,    0.867043
2016-11-11 00:00:00,  488.082240,   22.991611,    0.867892
2016-11-12 00:00:00,  490.579200,   23.626241,    0.869421
2016-11-13 00:00:00,  493.076160,   24.180839,    0.870443
2016-11-14 00:00:00,  495.573120,   24.412046,    0.871643
2016-11-15 00:00:00,  498.070080,   26.043664,    0.876020
2016-11-16 00:00:00,  500.567040,   23.502990,    0.843087
2016-11-17 00:00:00,  503.064000,   23.958605,    0.847199
2016-11-18 00:00:00,  505.560960,   24.047777,    0.846649
2016-11-19 00:00:00,  508.057920,   25.161548,    0.851032
2016-11-20 00:00:00,  510.701760,   23.972857,    0.853522
2016-11-21 00:00:00,  513.198720,   22.908200,    0.854056
2016-11-22 00:00:00,  515.695680,   23.326738,    0.854384
2016-11-23 00:00:00,  518.192640,   24.701895,    0.855986
2016-11-24 00:00:00,  520.689600,   25.298785,    0.858190
2016-11-25 00:00:00,  523.333440,   26.465003,    0.861261
2016-11-26 00:00:00,  525.830400,   27.108701,    0.864277
2016-11-27 00:00:00,  528.327360,   27.183204,    0.866995
2016-11-28 00:00:00,  530.824320,   26.969834,    0.870413
2016-11-29 00:00:00,  533.321280,   25.971173,    0.871943
2016-11-30 00:00:00,  535.818240,   26.040528,    0.874462
2016-12-01 00:00:00,  538.902720,   25.528761,    0.876851
2016-12-02 00:00:00,  541.987200,   25.833619,    0.879167
2016-12-03 00:00:00,  544.337280,   25.061940,    0.880193
2016-12-04 00:00:00,  546.834240,   24.856840,    0.881717
2016-12-05 00:00:00,  549.331200,   24.869618,    0.882591
2016-12-06 00:00:00,  551.681280,   25.555952,    0.884201
2016-12-07 00:00:00,  554.178240,   25.032733,    0.887440
2016-12-08 00:00:00,  556.675200,   25.375475,    0.889150
2016-12-09 00:00:00,  559.025280,   26.427519,    0.892330
2016-12-10 00:00:00,  561.375360,   27.418202,    0.894328
2016-12-11 00:00:00,  563.725440,   26.995702,    0.896232
2016-12-12 00:00:00,  566.075520,   26.780569,    0.896787
2016-12-13 00:00:00,  568.425600,   26.694269,    0.899617
2016-12-14 00:00:00,  570.775680,   27.459428,    0.901490
2016-12-15 00:00:00,  573.125760,   27.384720,    0.904236
2016-12-16 00:00:00,  575.475840,   26.828840,    0.907235
2016-12-17 00:00:00,  577.825920,   26.445242,    0.908271
2016-12-18 00:00:00,  580.029120,   25.885749,    0.910722
2016-12-19 00:00:00,  582.232320,   26.185106,    0.913835
2016-12-20 00:00:00,  584.582400,   26.823446,    0.915853
2016-12-21 00:00:00,  586.785600,   26.926644,    0.916052
2016-12-22 00:00:00,  588.988800,   27.133016,    0.923260
2016-12-23 00:00:00,  591.192000,   27.548285,    0.924470
2016-12-24 00:00:00,  593.248320,   27.091652,    0.927231
2016-12-25 00:00:00,  595.304640,   27.027579,    0.929750
2016-12-26 00:00:00,  597.360960,   27.073148,    0.930890
2016-12-27 00:00:00,  599.417280,   25.236663,    0.926469
2016-12-28 00:00:00,  601.473600,   24.970366,    0.929071
2016-12-29 00:00:00,  603.529920,   25.415050,    0.930635
2016-12-30 00:00:00,  605.586240,   25.066059,    0.932642
2016-12-31 00:00:00,  607.495680,   25.505667,    0.933950
2017-01-01 00:00:00,  608.817600,   25.844071,    0.934925
2017-01-02 00:00:00,  610.286400,   26.670319,    0.936558
2017-01-03 00:00:00,  612.195840,   28.234069,    0.938880
2017-01-04 00:00:00,  613.958400,   29.296481,    0.941265
2017-01-05 00:00:00,  615.867840,   29.246027,    0.943900
2017-01-06 00:00:00,  617.777280,   29.536633,    0.946771
2017-01-07 00:00:00,  619.539840,   28.754821,    0.948698
2017-01-08 00:00:00,  621.302400,   28.489000,    0.948323
2017-01-09 00:00:00,  622.918080,   28.329436,    0.950838
2017-01-10 00:00:00,  624.533760,   27.090858,    0.951158
2017-01-11 00:00:00,  626.296320,   26.479911,    0.951967
2017-01-12 00:00:00,  627.912000,   26.447834,    0.953655
2017-01-13 00:00:00,  629.380800,   27.353078,    0.956045
2017-01-14 00:00:00,  630.849600,   27.390623,    0.958304
2017-01-15 00:00:00,  632.465280,   26.801199,    0.960942
2017-01-16 00:00:00,  634.080960,   27.260592,    0.961877
2017-01-17 00:00:00,  635.402880,   27.337028,    0.961613
2017-01-18 00:00:00,  636.724800,   28.743975,    0.966860
2017-01-19 00:00:00,  638.193600,   29.679410,    0.969604
2017-01-20 00:00:00,  639.515520,   28.836333,    0.972389
2017-01-21 00:00:00,  640.837440,   27.783770,    0.975091
2017-01-22 00:00:00,  642.159360,   27.925745,    0.975840
2017-01-23 00:00:00,  643.334400,   28.276935,    0.978338
2017-01-24 00:00:00,  644.509440,   28.998803,    0.981096
2017-01-25 00:00:00,  645.684480,   28.842255,    0.984171
2017-01-26 00:00:00,  646.712640,   28.936901,    0.985987
2017-01-27 00:00:00,  647.740800,   28.780660,    0.987498
2017-01-28 00:00:00,  648.768960,   28.964613,    0.989645
2017-01-29 00:00:00,  649.797120,   28.902367,    0.992892
2017-01-30 00:00:00,  650.825280,   27.523821,    0.991134
2017-01-31 00:00:00,  651.706560,   27.159129,    0.993875
2017-02-01 00:00:00,  652.294080,   27.212973,    0.995842
2017-02-02 00:00:00,  652.881600,   25.893489,    0.991919
2017-02-03 00:00:00,  653.762880,   25.180404,    0.988840
2017-02-04 00:00:00,  654.497280,   24.755759,    0.989761
2017-02-05 00:00:00,  655.084800,   25.290312,    0.990844
2017-02-06 00:00:00,  655.819200,   24.797076,    0.991346
2017-02-07 00:00:00,  656.553600,   26.202838,    0.993055
2017-02-08 00:00:00,  657.141120,   26.348220,    0.994325
2017-02-09 00:00:00,  657.728640,   27.956156,    0.996389
2017-02-10 00:00:00,  658.169280,   26.955549,    0.997655
2017-02-11 00:00:00,  658.609920,   27.757442,    0.999801
2017-02-12 00:00:00,  659.050560,   27.662020,    1.002285
2017-02-13 00:00:00,  659.344320,   28.043642,    1.004057
2017-02-14 00:00:00,  659.784960,   28.359730,    1.006760
2017-02-15 00:00:00,  660.078720,   27.829968,    1.007257
2017-02-16 00:00:00,  660.225600,   27.400863,    1.008814
2017-02-17 00:00:00,  660.519360,   28.054845,    1.010473
2017-02-18 00:00:00,  660.666240,   29.230612,    1.012954
2017-02-19 00:00:00,  660.813120,   27.616263,    1.014114
2017-02-20 00:00:00,  660.960000,   26.971613,    1.014748
2017-02-21 00:00:00,  660.960000,   26.407374,    1.014308
2017-02-22 00:00:00,  660.960000,   26.862650,    1.013611
2017-02-23 00:00:00,  660.960000,   26.424073,    1.014626
2017-02-24 00:00:00,  660.813120,   27.092970,    1.015744
2017-02-25 00:00:00,  660.666240,   27.884050,    1.019106
2017-02-26 00:00:00,  660.519360,   27.820865,    1.022752
2017-02-27 00:00:00,  660.225600,   28.019723,    1.025842
2017-02-28 00:00:00,  659.931840,   27.618517,    1.027604
2017-03-01 00:00:00,  659.197440,   27.796933,    1.030706
2017-03-02 00:00:00,  658.316160,   28.098620,    1.031985
2017-03-03 00:00:00,  657.728640,   27.239003,    1.032931
2017-03-04 00:00:00,  657.141120,   25.734690,    1.027425
2017-03-05 00:00:00,  656.553600,   25.280770,    1.024363
2017-03-06 00:00:00,  655.966080,   25.546792,    1.024308
2017-03-07 00:00:00,  655.378560,   25.900639,    1.025921
2017-03-08 00:00:00,  654.644160,   26.036608,    1.028422
2017-03-09 00:00:00,  653.909760,   26.275030,    1.030248
2017-03-10 00:00:00,  653.175360,   25.997358,    1.031302
2017-03-11 00:00:00,  652.294080,   26.421886,    1.033525
2017-03-12 00:00:00,  651.412800,   27.087486,    1.036471
2017-03-13 00:00:00,  650.531520,   26.790595,    1.036718
2017-03-14 00:00:00,  649.503360,   27.693137,    1.036793
2017-03-15 00:00:00,  648.475200,   27.197326,    1.038995
2017-03-16 00:00:00,  647.447040,   25.817040,    1.039351
2017-03-17 00:00:00,  646.418880,   25.374333,    1.039345
2017-03-18 00:00:00,  645.390720,   24.856612,    1.036878
2017-03-19 00:00:00,  644.215680,   24.142810,    1.036392
2017-03-20 00:00:00,  643.040640,   24.850064,    1.033160
2017-03-21 00:00:00,  641.718720,   25.479442,    1.034728
2017-03-22 00:00:00,  640.396800,   25.968129,    0.959610
2017-03-23 00:00:00,  639.221760,   26.273086,    0.978458
2017-03-24 00:00:00,  637.899840,   26.832340,    0.982055
2017-03-25 00:00:00,  636.431040,   26.324643,    0.990199
2017-03-26 00:00:00,  634.962240,   26.219412,    0.996759
2017-03-27 00:00:00,  633.493440,   25.210315,    1.001843
2017-03-28 00:00:00,  632.024640,   24.745877,    1.006089
2017-03-29 00:00:00,  630.555840,   24.765279,    1.008777
2017-03-30 00:00:00,  629.087040,   24.786465,    1.010002
2017-03-31 00:00:00,  627.471360,   24.548921,    1.011742
2017-04-01 00:00:00,  626.296320,   24.755538,    1.012580
2017-04-02 00:00:00,  625.121280,   24.965095,    1.014458
2017-04-03 00:00:00,  623.358720,   23.910691,    1.014469
2017-04-04 00:00:00,  621.596160,   23.300108,    1.013508
2017-04-05 00:00:00,  619.833600,   23.706779,    1.011101
2017-04-06 00:00:00,  618.071040,   23.095791,    1.010998
2017-04-07 00:00:00,  616.308480,   23.596358,    1.010577
2017-04-08 00:00:00,  614.545920,   23.925315,    1.011985
2017-04-09 00:00:00,  612.783360,   23.559706,    1.013471
2017-04-10 00:00:00,  610.873920,   23.114995,    1.014009
2017-04-11 00:00:00,  608.964480,   23.364456,    1.012889
2017-04-12 00:00:00,  607.055040,   21.989267,    1.009849
2017-04-13 00:00:00,  604.998720,   21.599468,    0.999601
2017-04-14 00:00:00,  602.942400,   21.224409,    0.998710
2017-04-15 00:00:00,  600.886080,   21.605007,    0.998870
2017-04-16 00:00:00,  598.829760,   22.425564,    0.999777
2017-04-17 00:00:00,  596.773440,   22.351929,    1.000235
2017-04-18 00:00:00,  594.717120,   23.100161,    1.001339
2017-04-19 00:00:00,  592.660800,   22.998300,    1.001510
2017-04-20 00:00:00,  590.457600,   23.594271,    1.002564
2017-04-21 00:00:00,  588.254400,   23.223524,    1.003186
2017-04-22 00:00:00,  586.198080,   22.279457,    1.004031
2017-04-23 00:00:00,  583.994880,   21.841444,    1.004552
2017-04-24 00:00:00,  581.644800,   21.602747,    1.004484
2017-04-25 00:00:00,  579.441600,   21.384341,    1.003715
2017-04-26 00:00:00,  577.238400,   21.559483,    1.004492
2017-04-27 00:00:00,  574.888320,   21.528379,    1.004798
2017-04-28 00:00:00,  572.538240,   21.589205,    1.005148
2017-04-29 00:00:00,  570.188160,   21.282147,    1.005354
2017-04-30 00:00:00,  567.838080,   21.361052,    1.005694
2017-05-01 00:00:00,  565.047360,   20.945635,    1.004961
2017-05-02 00:00:00,  562.109760,   20.955260,    1.003651
2017-05-03 00:00:00,  559.612800,   20.619123,    1.003614
2017-05-04 00:00:00,  557.262720,   20.324161,    0.998346
2017-05-05 00:00:00,  554.912640,   20.340549,    0.998430
2017-05-06 00:00:00,  552.415680,   20.189407,    0.998551
2017-05-07 00:00:00,  549.918720,   20.534298,    0.998647
2017-05-08 00:00:00,  547.568640,   20.172078,    0.998611
2017-05-09 00:00:00,  545.071680,   19.907249,    0.998308
2017-05-10 00:00:00,  542.574720,   19.541289,    0.996601
2017-05-11 00:00:00,  540.077760,   19.473637,    0.993163
2017-05-12 00:00:00,  537.580800,   19.548948,    0.992994
2017-05-13 00:00:00,  535.083840,   18.848092,    0.983655
2017-05-14 00:00:00,  532.586880,   18.633414,    0.982510
2017-05-15 00:00:00,  530.089920,   18.611444,    0.981283
2017-05-16 00:00:00,  527.592960,   18.426535,    0.980045
2017-05-17 00:00:00,  525.096000,   18.412684,    0.980372
2017-05-18 00:00:00,  522.599040,   18.093895,    0.979308
2017-05-19 00:00:00,  520.102080,   18.361746,    0.978962
2017-05-20 00:00:00,  517.458240,   18.886197,    0.979301
2017-05-21 00:00:00,  514.961280,   18.329313,    0.979816
2017-05-22 00:00:00,  512.464320,   18.511649,    0.964956
2017-05-23 00:00:00,  509.967360,   17.942167,    0.967077
2017-05-24 00:00:00,  507.470400,   18.115177,    0.966698
2017-05-25 00:00:00,  504.826560,   17.851508,    0.966833
2017-05-26 00:00:00,  502.329600,   17.631767,    0.959830
2017-05-27 00:00:00,  499.832640,   17.512265,    0.956438
2017-05-28 00:00:00,  497.335680,   17.730562,    0.956501
2017-05-29 00:00:00,  494.838720,   17.532448,    0.956848
2017-05-30 00:00:00,  492.341760,   17.653238,    0.956890
2017-05-31 00:00:00,  489.844800,   17.573241,    0.957008
2017-06-01 00:00:00,  488.082240,   17.777920,    0.955681
2017-06-02 00:00:00,  486.319680,   17.579057,    0.955893
2017-06-03 00:00:00,  483.822720,   17.825892,    0.956367
2017-06-04 00:00:00,  481.325760,   17.189744,    0.956241
2017-06-05 00:00:00,  478.828800,   17.338914,    0.956302
2017-06-06 00:00:00,  476.478720,   17.676738,    0.956674
2017-06-07 00:00:00,  473.981760,   17.382830,    0.956806
2017-06-08 00:00:00,  471.484800,   16.916577,    0.956745
2017-06-09 00:00:00,  469.134720,   16.659711,    0.957092
2017-06-10 00:00:00,  466.784640,   16.840677,    0.957537
2017-06-11 00:00:00,  464.434560,   16.347194,    0.957662
2017-06-12 00:00:00,  462.084480,   16.501735,    0.957593
2017-06-13 00:00:00,  459.734400,   16.358324,    0.957983
2017-06-14 00:00:00,  457.384320,   16.477716,    0.948090
2017-06-15 00:00:00,  455.034240,   16.274459,    0.942262
2017-06-16 00:00:00,  452.684160,   16.449672,    0.944154
2017-06-17 00:00:00,  450.334080,   16.385444,    0.944245
2017-06-18 00:00:00,  448.130880,   16.644902,    0.944335
2017-06-19 00:00:00,  445.927680,   17.015690,    0.944758
2017-06-20 00:00:00,  443.577600,   16.766979,    0.944718
2017-06-21 00:00:00,  441.374400,   16.695950,    0.945060
2017-06-22 00:00:00,  439.318080,   16.624287,    0.944975
2017-06-23 00:00:00,  437.114880,   16.517524,    0.935272
2017-06-24 00:00:00,  434.911680,   16.327322,    0.936525
2017-06-25 00:00:00,  432.855360,   16.201282,    0.937971
2017-06-26 00:00:00,  430.799040,   15.967599,    0.938296
2017-06-27 00:00:00,  428.742720,   15.523584,    0.936515
2017-06-28 00:00:00,  426.686400,   15.680207,    0.936807
2017-06-29 00:00:00,  424.630080,   15.431090,    0.936835
2017-06-30 00:00:00,  422.573760,   15.365289,    0.937198
2017-07-01 00:00:00,  420.223680,   15.202071,    0.937416
2017-07-02 00:00:00,  417.873600,   15.147153,    0.932372
2017-07-03 00:00:00,  415.964160,   14.993702,    0.932383
2017-07-04 00:00:00,  414.201600,   14.971222,    0.932708
2017-07-05 00:00:00,  412.292160,   14.963055,    0.932487
2017-07-06 00:00:00,  410.382720,   14.851363,    0.932980
2017-07-07 00:00:00,  408.620160,   14.612885,    0.932948
2017-07-08 00:00:00,  406.857600,   14.464787,    0.926682
2017-07-09 00:00:00,  405.241920,   14.111527,    0.922772
2017-07-10 00:00:00,  403.626240,   14.133975,    0.918457
2017-07-11 00:00:00,  401.863680,   14.308613,    0.914191
2017-07-12 00:00:00,  400.248000,   14.094397,    0.912425
2017-07-13 00:00:00,  398.779200,   14.258267,    0.911936
2017-07-14 00:00:00,  397.163520,   14.457786,    0.911223
2017-07-15 00:00:00,  395.547840,   14.262636,    0.911927
2017-07-16 00:00:00,  394.079040,   14.243275,    0.908161
2017-07-17 00:00:00,  392.757120,   14.271719,    0.908592
2017-07-18 00:00:00,  391.435200,   14.231411,    0.909196
2017-07-19 00:00:00,  389.966400,   14.439349,    0.908656
2017-07-20 00:00:00,  388.644480,   14.406816,    0.909067
2017-07-21 00:00:00,  387.322560,   14.411193,    0.909230
2017-07-22 00:00:00,  386.000640,   14.521857,    0.909593
2017-07-23 00:00:00,  384.825600,   14.615459,    0.909978
2017-07-24 00:00:00,  383.650560,   14.461281,    0.910534
2017-07-25 00:00:00,  382.475520,   14.337816,    0.909828
2017-07-26 00:00:00,  381.447360,   14.622741,    0.909245
2017-07-27 00:00:00,  380.419200,   14.931285,    0.907932
2017-07-28 00:00:00,  379.391040,   14.891735,    0.907700
2017-07-29 00:00:00,  378.362880,   14.918484,    0.905296
2017-07-30 00:00:00,  377.334720,   14.997836,    0.905495
2017-07-31 00:00:00,  376.453440,   15.119877,    0.905486
2017-08-01 00:00:00,  375.865920,   15.489433,    0.905814
2017-08-02 00:00:00,  375.278400,   15.936601,    0.906460
2017-08-03 00:00:00,  374.397120,   15.706623,    0.906438
2017-08-04 00:00:00,  373.662720,   15.872335,    0.906908
2017-08-05 00:00:00,  372.928320,   16.029003,    0.907399
2017-08-06 00:00:00,  372.193920,   16.304983,    0.908111
2017-08-07 00:00:00,  371.606400,   16.061402,    0.908095
2017-08-08 00:00:00,  371.018880,   16.150504,    0.909279
2017-08-09 00:00:00,  370.431360,   16.015391,    0.909714
2017-08-10 00:00:00,  369.990720,   15.399963,    0.909722
2017-08-11 00:00:00,  369.550080,   14.865286,    0.908252
2017-08-12 00:00:00,  369.109440,   14.996862,    0.896120
2017-08-13 00:00:00,  368.815680,   15.114329,    0.894382
2017-08-14 00:00:00,  368.375040,   15.252089,    0.894411
2017-08-15 00:00:00,  368.081280,   15.826667,    0.894982
2017-08-16 00:00:00,  367.934400,   15.538194,    0.895307
2017-08-17 00:00:00,  367.640640,   15.328491,    0.894173
2017-08-18 00:00:00,  367.493760,   15.071892,    0.893669
2017-08-19 00:00:00,  367.346880,   15.151842,    0.893716
2017-08-20 00:00:00,  367.200000,   15.387338,    0.886991
2017-08-21 00:00:00,  367.200000,   15.545010,    0.887172
2017-08-22 00:00:00,  367.200000,   15.848696,    0.886075
2017-08-23 00:00:00,  367.200000,   15.897162,    0.886274
2017-08-24 00:00:00,  367.346880,   16.319752,    0.886621
2017-08-25 00:00:00,  367.493760,   16.517731,    0.887618
2017-08-26 00:00:00,  367.640640,   16.711350,    0.888227
2017-08-27 00:00:00,  367.934400,   17.065757,    0.888886
2017-08-28 00:00:00,  368.228160,   16.628734,    0.889066
2017-08-29 00:00:00,  368.521920,   18.254945,    0.890065
2017-08-30 00:00:00,  368.815680,   18.089558,    0.890086
2017-08-31 00:00:00,  369.256320,   17.258394,    0.876667
2017-09-01 00:00:00,  369.550080,   16.645489,    0.880945
2017-09-02 00:00:00,  369.843840,   16.423532,    0.882270
2017-09-03 00:00:00,  370.431360,   16.759055,    0.882619
2017-09-04 00:00:00,  371.018880,   17.466479,    0.882544
2017-09-05 00:00:00,  371.606400,   17.979531,    0.882507
2017-09-06 00:00:00,  372.193920,   18.313770,    0.883547
2017-09-07 00:00:00,  372.781440,   17.698796,    0.873497
2017-09-08 00:00:00,  373.515840,   17.184542,    0.874063
2017-09-09 00:00:00,  374.250240,   17.318624,    0.872889
2017-09-10 00:00:00,  374.984640,   17.539431,    0.872756
2017-09-11 00:00:00,  375.865920,   17.457654,    0.873337
2017-09-12 00:00:00,  376.747200,   17.278939,    0.869614
2017-09-13 00:00:00,  377.628480,   17.370710,    0.871046
2017-09-14 00:00:00,  378.656640,   17.866218,    0.872261
2017-09-15 00:00:00,  379.684800,   17.754155,    0.873645
2017-09-16 00:00:00,  380.712960,   18.258729,    0.876227
2017-09-17 00:00:00,  381.741120,   18.163697,    0.876065
2017-09-18 00:00:00,  382.769280,   17.648800,    0.877766
2017-09-19 00:00:00,  383.944320,   18.020362,    0.878087
2017-09-20 00:00:00,  385.119360,   18.981147,    0.880088
2017-09-21 00:00:00,  386.441280,   19.197750,    0.880685
2017-09-22 00:00:00,  387.763200,   20.120210,    0.882753
2017-09-23 00:00:00,  389.085120,   20.037526,    0.883005
2017-09-24 00:00:00,  390.407040,   21.348571,    0.884600
2017-09-25 00:00:00,  391.728960,   21.997867,    0.885677
2017-09-26 00:00:00,  393.197760,   21.638882,    0.886471
2017-09-27 00:00:00,  394.666560,   21.542568,    0.886851
2017-09-28 00:00:00,  396.135360,   21.860203,    0.888608
2017-09-29 00:00:00,  397.604160,   21.722777,    0.890451
2017-09-30 00:00:00,  399.219840,   21.535361,    0.892129
2017-10-01 00:00:00,  401.129280,   22.369477,    0.893041
2017-10-02 00:00:00,  403.038720,   21.842342,    0.894984
2017-10-03 00:00:00,  404.801280,   22.157731,    0.894771
2017-10-04 00:00:00,  406.563840,   22.893619,    0.898395
2017-10-05 00:00:00,  408.326400,   21.666914,    0.897758
2017-10-06 00:00:00,  410.088960,   21.632221,    0.899281
2017-10-07 00:00:00,  411.851520,   22.003595,    0.900544
2017-10-08 00:00:00,  413.614080,   21.911536,    0.900820
2017-10-09 00:00:00,  415.523520,   22.255701,    0.903002
2017-10-10 00:00:00,  417.432960,   21.354800,    0.906077
2017-10-11 00:00:00,  419.342400,   21.246624,    0.907223
2017-10-12 00:00:00,  421.251840,   21.335116,    0.908296
2017-10-13 00:00:00,  423.161280,   21.404621,    0.909879
2017-10-14 00:00:00,  425.217600,   21.094075,    0.911804
2017-10-15 00:00:00,  427.273920,   21.091879,    0.913485
2017-10-16 00:00:00,  429.330240,   21.464686,    0.914627
2017-10-17 00:00:00,  431.386560,   21.790441,    0.915508
2017-10-18 00:00:00,  433.442880,   21.996749,    0.915688
2017-10-19 00:00:00,  435.499200,   23.598516,    0.917608
2017-10-20 00:00:00,  437.702400,   22.469283,    0.910801
2017-10-21 00:00:00,  439.905600,   22.499106,    0.913990
2017-10-22 00:00:00,  442.108800,   22.739400,    0.916253
2017-10-23 00:00:00,  444.312000,   22.500180,    0.916859
2017-10-24 00:00:00,  446.515200,   22.630778,    0.919189
2017-10-25 00:00:00,  448.865280,   22.881084,    0.920641
2017-10-26 00:00:00,  451.068480,   24.093239,    0.922251
2017-10-27 00:00:00,  453.271680,   22.995661,    0.924084
2017-10-28 00:00:00,  455.621760,   21.828319,    0.925220
2017-10-29 00:00:00,  457.971840,   22.067483,    0.927121
2017-10-30 00:00:00,  460.321920,   22.198886,    0.927654
2017-10-31 00:00:00,  462.672000,   22.580889,    0.929961
2017-11-01 00:00:00,  464.434560,   23.143204,    0.932983
2017-11-02 00:00:00,  466.197120,   23.866222,    0.936201
2017-11-03 00:00:00,  468.547200,   23.780254,    0.936834
2017-11-04 00:00:00,  470.897280,   24.120733,    0.941147
2017-11-05 00:00:00,  473.247360,   23.671899,    0.942519
2017-11-06 00:00:00,  475.744320,   24.090482,    0.944424
2017-11-07 00:00:00,  478.241280,   23.723001,    0.946180
2017-11-08 00:00:00,  480.591360,   24.948066,    0.946885
2017-11-09 00:00:00,  483.088320,   24.537275,    0.947631
2017-11-10 00:00:00,  485.585280,   23.752592,    0.946115
2017-11-11 00:00:00,  488.082240,   23.353571,    0.948379
2017-11-12 00:00:00,  490.579200,   22.839591,    0.948613
2017-11-13 00:00:00,  493.076160,   22.870913,    0.949500
2017-11-14 00:00:00,  495.573120,   22.750568,    0.950019
2017-11-15 00:00:00,  498.070080,   23.346723,    0.952028
2017-11-16 00:00:00,  500.567040,   23.738755,    0.953686
2017-11-17 00:00:00,  503.064000,   24.713545,    0.955882
2017-11-18 00:00:00,  505.560960,   25.835992,    0.958925
2017-11-19 00:00:00,  508.057920,   25.900387,    0.962144
2017-11-20 00:00:00,  510.701760,   25.910605,    0.962336
2017-11-21 00:00:00,  513.198720,   26.609906,    0.964309
2017-11-22 00:00:00,  515.695680,   26.401206,    0.967546
2017-11-23 00:00:00,  518.192640,   25.512085,    0.969754
2017-11-24 00:00:00,  520.689600,   25.695527,    0.972049
2017-11-25 00:00:00,  523.333440,   25.563974,    0.974269
2017-11-26 00:00:00,  525.830400,   25.839238,    0.977949
2017-11-27 00:00:00,  528.327360,   25.147306,    0.976380
2017-11-28 00:00:00,  530.824320,   25.951600,    0.980869
2017-11-29 00:00:00,  533.321280,   25.857792,    0.981526
2017-11-30 00:00:00,  535.818240,   26.827133,    0.987127
2017-12-01 00:00:00,  538.902720,   24.900330,    0.987107
2017-12-02 00:00:00,  541.987200,   24.169047,    0.986994
2017-12-03 00:00:00,  544.337280,   23.803092,    0.987703
2017-12-04 00:00:00,  546.834240,   24.470524,    0.989125
2017-12-05 00:00:00,  549.331200,   23.996938,    0.988874
2017-12-06 00:00:00,  551.681280,   23.254375,    0.988411
2017-12-07 00:00:00,  554.178240,   24.059510,    0.986821
2017-12-08 00:00:00,  556.675200,   23.721056,    0.989037
2017-12-09 00:00:00,  559.025280,   23.531795,    0.983683
2017-12-10 00:00:00,  561.375360,   24.203251,    0.984076
2017-12-11 00:00:00,  563.725440,   24.602536,    0.985606
2017-12-12 00:00:00,  566.075520,   25.918252,    0.988464
2017-12-13 00:00:00,  568.425600,   25.286744,    0.991503
2017-12-14 00:00:00,  570.775680,   24.941730,    0.993986
2017-12-15 00:00:00,  573.125760,   25.304748,    0.995768
2017-12-16 00:00:00,  575.475840,   25.544175,    0.998921
2017-12-17 00:00:00,  577.825920,   25.500046,    1.000684
2017-12-18 00:00:00,  580.029120,   25.590747,    1.003734
2017-12-19 00:00:00,  582.232320,   25.112693,    1.005988
2017-12-20 00:00:00,  584.582400,   23.161101,    0.998806
2017-12-21 00:00:00,  586.785600,   23.395807,    0.999841
2017-12-22 00:00:00,  588.988800,   23.451496,    1.000227
2017-12-23 00:00:00,  591.192000,   23.975614,    1.000733
2017-12-24 00:00:00,  593.248320,   26.962225,    1.001486
2017-12-25 00:00:00,  595.304640,   28.115117,    1.004430
2017-12-26 00:00:00,  597.360960,   28.039550,    1.009110
2017-12-27 00:00:00,  599.417280,   27.986696,    1.012705
2017-12-28 00:00:00,  601.473600,   27.632598,    1.016174
2017-12-29 00:00:00,  603.529920,   27.705548,    1.019255
2017-12-30 00:00:00,  605.586240,   27.763003,    1.022523
2017-12-31 00:00:00,  607.495680,   27.090782,    1.023652
2018-01-01 00:00:00,  608.817600,   27.070959,    1.022679
2018-01-02 00:00:00,  610.286400,   27.994351,    1.024204
2018-01-03 00:00:00,  612.195840,   28.051792,    1.024228
2018-01-04 00:00:00,  613.958400,   29.797516,    1.027048
2018-01-05 00:00:00,  615.867840,   28.762591,    1.014379
2018-01-06 00:00:00,  617.777280,   28.477619,    1.019193
2018-01-07 00:00:00,  619.539840,   27.877259,    1.022023
2018-01-08 00:00:00,  621.302400,   28.047493,    1.024521
2018-01-09 00:00:00,  622.918080,   28.495648,    1.027253
2018-01-10 00:00:00,  624.533760,   28.512778,    1.030619
2018-01-11 00:00:00,  626.296320,   28.667316,    1.033170
2018-01-12 00:00:00,  627.912000,   28.484098,    1.035780
2018-01-13 00:00:00,  629.380800,   28.517295,    1.038950
2018-01-14 00:00:00,  630.849600,   27.706881,    1.040746
2018-01-15 00:00:00,  632.465280,   27.228091,    1.040525
2018-01-16 00:00:00,  634.080960,   27.528411,    1.042317
2018-01-17 00:00:00,  635.402880,   28.006915,    1.045228
2018-01-18 00:00:00,  636.724800,   28.305850,    1.048002
2018-01-19 00:00:00,  638.193600,   27.934923,    1.048094
2018-01-20 00:00:00,  639.515520,   27.653338,    1.049835
2018-01-21 00:00:00,  640.837440,   27.148165,    1.050437
2018-01-22 00:00:00,  642.159360,   27.095536,    1.050769
2018-01-23 00:00:00,  643.334400,   26.825191,    1.052359
2018-01-24 00:00:00,  644.509440,   25.404616,    1.042351
2018-01-25 00:00:00,  645.684480,   25.935824,    1.040905
2018-01-26 00:00:00,  646.712640,   26.184384,    1.042763
2018-01-27 00:00:00,  647.740800,   27.975500,    1.045486
2018-01-28 00:00:00,  648.768960,   29.538735,    1.047155
2018-01-29 00:00:00,  649.797120,   30.092605,    1.048438
2018-01-30 00:00:00,  650.825280,   30.143838,    1.049024
2018-01-31 00:00:00,  651.706560,   28.841848,    1.052319
2018-02-01 00:00:00,  652.294080,   27.955969,    1.052507
2018-02-02 00:00:00,  652.881600,   28.190209,    1.055586
2018-02-03 00:00:00,  653.762880,   28.555551,    1.059158
2018-02-04 00:00:00,  654.497280,   28.393176,    1.062176
2018-02-05 00:00:00,  655.084800,   27.005320,    1.063011
2018-02-06 00:00:00,  655.819200,   26.045999,    1.061195
2018-02-07 00:00:00,  656.553600,   26.932533,    1.063591
2018-02-08 00:00:00,  657.141120,   27.467468,    1.064423
2018-02-09 00:00:00,  657.728640,   28.720903,    1.066518
2018-02-10 00:00:00,  658.169280,   29.038201,    1.071002
2018-02-11 00:00:00,  658.609920,   28.177654,    1.074426
2018-02-12 00:00:00,  659.050560,   27.533465,    1.076510
2018-02-13 00:00:00,  659.344320,   27.920747,    1.077398
2018-02-14 00:00:00,  659.784960,   28.626226,    1.079373
2018-02-15 00:00:00,  660.078720,   28.903495,    1.082820
2018-02-16 00:00:00,  660.225600,   28.986187,    1.083930
2018-02-17 00:00:00,  660.519360,   28.868367,    1.086862
2018-02-18 00:00:00,  660.666240,   29.409634,    1.088570
2018-02-19 00:00:00,  660.813120,   28.989111,    1.091806
2018-02-20 00:00:00,  660.960000,   27.149285,    1.089343
2018-02-21 00:00:00,  660.960000,   28.079762,    1.089914
2018-02-22 00:00:00,  660.960000,   28.290592,    1.096251
2018-02-23 00:00:00,  660.960000,   29.102626,    1.098507
2018-02-24 00:00:00,  660.813120,   29.120531,    1.099947
2018-02-25 00:00:00,  660.666240,   29.878154,    1.099713
2018-02-26 00:00:00,  660.519360,   31.441014,    1.101580
2018-02-27 00:00:00,  660.225600,   31.474314,    1.104540
2018-02-28 00:00:00,  659.931840,   31.409704,    1.107639
2018-03-01 00:00:00,  659.197440,   30.150991,    1.110656
2018-03-02 00:00:00,  658.316160,   29.818907,    1.111908
2018-03-03 00:00:00,  657.728640,   29.521006,    1.114533
2018-03-04 00:00:00,  657.141120,   29.902316,    1.117133
2018-03-05 00:00:00,  656.553600,   29.039340,    1.117646
2018-03-06 00:00:00,  655.966080,   28.150633,    1.115900
2018-03-07 00:00:00,  655.378560,   27.629974,    1.118548
2018-03-08 00:00:00,  654.644160,   27.042944,    1.114488
2018-03-09 00:00:00,  653.909760,   27.039849,    1.116758
2018-03-10 00:00:00,  653.175360,   27.282782,    1.118237
2018-03-11 00:00:00,  652.294080,   26.833648,    1.119961
2018-03-12 00:00:00,  651.412800,   25.944786,    1.117270
2018-03-13 00:00:00,  650.531520,   25.761036,    1.115610
2018-03-14 00:00:00,  649.503360,   26.369047,    1.116385
2018-03-15 00:00:00,  648.475200,   26.013523,    1.119486
2018-03-16 00:00:00,  647.447040,   26.281707,    1.119577
2018-03-17 00:00:00,  646.418880,   26.526629,    1.119872
2018-03-18 00:00:00,  645.390720,   27.152248,    1.121285
2018-03-19 00:00:00,  644.215680,   26.681601,    1.123797
2018-03-20 00:00:00,  643.040640,   25.916143,    1.124801
2018-03-21 00:00:00,  641.718720,   25.981824,    1.123832
2018-03-22 00:00:00,  640.396800,   26.718932,    1.125764
2018-03-23 00:00:00,  639.221760,   27.017158,    1.127540
2018-03-24 00:00:00,  637.899840,   27.240203,    1.129834
2018-03-25 00:00:00,  636.431040,   27.355137,    1.131671
2018-03-26 00:00:00,  634.962240,   27.310139,    1.134880
2018-03-27 00:00:00,  633.493440,   27.440577,    1.135921
2018-03-28 00:00:00,  632.024640,   27.105039,    1.137433
2018-03-29 00:00:00,  630.555840,   26.729539,    1.137560
2018-03-30 00:00:00,  629.087040,   26.452133,    1.135883
2018-03-31 00:00:00,  627.471360,   26.452116,    1.137577
2018-04-01 00:00:00,  626.296320,   26.039212,    1.135862
2018-04-02 00:00:00,  625.121280,   25.560048,    1.136911
2018-04-03 00:00:00,  623.358720,   25.419942,    1.134332
2018-04-04 00:00:00,  621.596160,   25.097224,    1.135543
2018-04-05 00:00:00,  619.833600,   25.424926,    1.135128
2018-04-06 00:00:00,  618.071040,   25.317628,    1.135887
2018-04-07 00:00:00,  616.308480,   24.376354,    1.132364
2018-04-08 00:00:00,  614.545920,   23.962983,    1.130146
2018-04-09 00:00:00,  612.783360,   23.145588,    1.125484
2018-04-10 00:00:00,  610.873920,   22.653065,    1.113088
2018-04-11 00:00:00,  608.964480,   22.895636,    1.094575
2018-04-12 00:00:00,  607.055040,   22.684318,    1.101601
2018-04-13 00:00:00,  604.998720,   23.068457,    1.101763
2018-04-14 00:00:00,  602.942400,   23.223174,    1.102850
2018-04-15 00:00:00,  600.886080,   23.173030,    1.104575
2018-04-16 00:00:00,  598.829760,   23.214312,    1.104976
2018-04-17 00:00:00,  596.773440,   22.817432,    1.105384
2018-04-18 00:00:00,  594.717120,   22.513419,    1.105549
2018-04-19 00:00:00,  592.660800,   22.323169,    1.105600
2018-04-20 00:00:00,  590.457600,   21.925721,    1.103129
2018-04-21 00:00:00,  588.254400,   22.047442,    1.103604
2018-04-22 00:00:00,  586.198080,   22.374015,    1.103371
2018-04-23 00:00:00,  583.994880,   23.025267,    1.103727
2018-04-24 00:00:00,  581.644800,   23.515877,    1.104901
2018-04-25 00:00:00,  579.441600,   23.930204,    1.105731
2018-04-26 00:00:00,  577.238400,   23.663710,    1.099725
2018-04-27 00:00:00,  574.888320,   22.377408,    1.098461
2018-04-28 00:00:00,  572.538240,   21.642543,    1.097856
2018-04-29 00:00:00,  570.188160,   21.515334,    1.096930
2018-04-30 00:00:00,  567.838080,   21.455629,    1.095207
2018-05-01 00:00:00,  565.047360,   21.554240,    1.095021
2018-05-02 00:00:00,  562.109760,   21.597394,    1.095649
2018-05-03 00:00:00,  559.612800,   21.661651,    1.096416
2018-05-04 00:00:00,  557.262720,   21.656222,    1.097150
2018-05-05 00:00:00,  554.912640,   21.423746,    1.097755
2018-05-06 00:00:00,  552.415680,   21.012707,    1.096043
2018-05-07 00:00:00,  549.918720,   20.659697,    1.091570
2018-05-08 00:00:00,  547.568640,   20.633028,    1.088144
2018-05-09 00:00:00,  545.071680,   20.340910,    1.089036
2018-05-10 00:00:00,  542.574720,   20.458373,    1.088645
2018-05-11 00:00:00,  540.077760,   20.212368,    1.088952
2018-05-12 00:00:00,  537.580800,   19.952521,    1.087137
2018-05-13 00:00:00,  535.083840,   19.574088,    1.080749
2018-05-14 00:00:00,  532.586880,   19.304689,    1.080604
2018-05-15 00:00:00,  530.089920,   18.920345,    1.076852
2018-05-16 00:00:00,  527.592960,   19.064591,    1.071623
2018-05-17 00:00:00,  525.096000,   18.990633,    1.051101
2018-05-18 00:00:00,  522.599040,   19.345355,    1.066461
2018-05-19 00:00:00,  520.102080,   19.103945,    1.066354
2018-05-20 00:00:00,  517.458240,   18.793603,    1.058544
2018-05-21 00:00:00,  514.961280,   18.650347,    1.057363
2018-05-22 00:00:00,  512.464320,   18.863005,    1.055808
2018-05-23 00:00:00,  509.967360,   18.954359,    1.055125
2018-05-24 00:00:00,  507.470400,   18.579585,    1.055879
2018-05-25 00:00:00,  504.826560,   18.271430,    1.053386
2018-05-26 00:00:00,  502.329600,   18.195657,    1.050623
2018-05-27 00:00:00,  499.832640,   18.369811,    1.048102
2018-05-28 00:00:00,  497.335680,   18.399575,    1.035848
2018-05-29 00:00:00,  494.838720,   18.085598,    1.035291
2018-05-30 00:00:00,  492.341760,   18.205454,    1.031457
2018-05-31 00:00:00,  489.844800,   18.259159,    1.031561
2018-06-01 00:00:00,  488.082240,   18.348116,    1.022458
2018-06-02 00:00:00,  486.319680,   18.329749,    1.027412
2018-06-03 00:00:00,  483.822720,   18.360067,    1.027672
2018-06-04 00:00:00,  481.325760,   17.933495,    1.027500
2018-06-05 00:00:00,  478.828800,   17.831278,    1.028088
2018-06-06 00:00:00,  476.478720,   17.715577,    1.028411
2018-06-07 00:00:00,  473.981760,   17.498682,    1.028242
2018-06-08 00:00:00,  471.484800,   17.379698,    1.028441
2018-06-09 00:00:00,  469.134720,   17.229075,    1.028691
2018-06-10 00:00:00,  466.784640,   16.985004,    1.029105
2018-06-11 00:00:00,  464.434560,   16.717101,    1.029644
2018-06-12 00:00:00,  462.084480,   16.555822,    1.030097
2018-06-13 00:00:00,  459.734400,   16.191677,    1.030740
2018-06-14 00:00:00,  457.384320,   15.935951,    1.029206
2018-06-15 00:00:00,  455.034240,   15.985760,    1.027272
2018-06-16 00:00:00,  452.684160,   16.286023,    1.027393
2018-06-17 00:00:00,  450.334080,   15.966379,    1.027463
2018-06-18 00:00:00,  448.130880,   16.044295,    1.025975
2018-06-19 00:00:00,  445.927680,   16.135382,    1.026099
2018-06-20 00:00:00,  443.577600,   16.282224,    1.025916
2018-06-21 00:00:00,  441.374400,   16.523891,    1.025877
2018-06-22 00:00:00,  439.318080,   16.361924,    1.025937
2018-06-23 00:00:00,  437.114880,   16.546346,    1.025656
2018-06-24 00:00:00,  434.911680,   16.816429,    1.015268
2018-06-25 00:00:00,  432.855360,   16.900799,    1.014222
2018-06-26 00:00:00,  430.799040,   17.113747,    1.016133
2018-06-27 00:00:00,  428.742720,   16.815213,    1.016028
2018-06-28 00:00:00,  426.686400,   16.687690,    1.004150
2018-06-29 00:00:00,  424.630080,   16.779495,    1.003672
2018-06-30 00:00:00,  422.573760,   16.381356,    0.995504
2018-07-01 00:00:00,  420.223680,   16.204842,    0.995066
2018-07-02 00:00:00,  417.873600,   15.911070,    0.994013
2018-07-03 00:00:00,  415.964160,   15.731569,    0.992360
2018-07-04 00:00:00,  414.201600,   15.729894,    0.992727
2018-07-05 00:00:00,  412.292160,   15.740041,    0.992507
2018-07-06 00:00:00,  410.382720,   15.816218,    0.993041
2018-07-07 00:00:00,  408.620160,   15.342285,    0.992898
2018-07-08 00:00:00,  406.857600,   15.192837,    0.992953
2018-07-09 00:00:00,  405.241920,   15.135016,    0.993120
2018-07-10 00:00:00,  403.626240,   14.891178,    0.993002
2018-07-11 00:00:00,  401.863680,   14.682322,    0.989164
2018-07-12 00:00:00,  400.248000,   15.178762,    0.989353
2018-07-13 00:00:00,  398.779200,   15.230934,    0.989455
2018-07-14 00:00:00,  397.163520,   15.886988,    0.989970
2018-07-15 00:00:00,  395.547840,   15.538653,    0.982220
2018-07-16 00:00:00,  394.079040,   15.667767,    0.982430
2018-07-17 00:00:00,  392.757120,   15.610468,    0.983700
2018-07-18 00:00:00,  391.435200,   15.327115,    0.984289
2018-07-19 00:00:00,  389.966400,   15.669851,    0.984253
2018-07-20 00:00:00,  388.644480,   15.438650,    0.950085
2018-07-21 00:00:00,  387.322560,   15.543344,    0.963142
2018-07-22 00:00:00,  386.000640,   15.434053,    0.950544
2018-07-23 00:00:00,  384.825600,   15.436464,    0.952516
2018-07-24 00:00:00,  383.650560,   15.609699,    0.956389
2018-07-25 00:00:00,  382.475520,   15.455457,    0.953111
2018-07-26 00:00:00,  381.447360,   15.674770,    0.952528
2018-07-27 00:00:00,  380.419200,   15.898396,    0.947690
2018-07-28 00:00:00,  379.391040,   16.477862,    0.940078
2018-07-29 00:00:00,  378.362880,   16.296436,    0.941919
2018-07-30 00:00:00,  377.334720,   16.537044,    0.938794
2018-07-31 00:00:00,  376.453440,   16.600390,    0.938307
2018-08-01 00:00:00,  375.865920,   16.771021,    0.937764
2018-08-02 00:00:00,  375.278400,   16.796133,    0.934834
2018-08-03 00:00:00,  374.397120,   16.500990,    0.935635
2018-08-04 00:00:00,  373.662720,   16.703504,    0.935785
2018-08-05 00:00:00,  372.928320,   16.461062,    0.936771
2018-08-06 00:00:00,  372.193920,   16.217426,    0.937743
2018-08-07 00:00:00,  371.606400,   16.412710,    0.936517
2018-08-08 00:00:00,  371.018880,   16.432374,    0.937427
2018-08-09 00:00:00,  370.431360,   16.572410,    0.937337
2018-08-10 00:00:00,  369.990720,   16.525704,    0.937748
2018-08-11 00:00:00,  369.550080,   16.574865,    0.937946
2018-08-12 00:00:00,  369.109440,   16.431170,    0.938177
2018-08-13 00:00:00,  368.815680,   17.136153,    0.912200
2018-08-14 00:00:00,  368.375040,   16.902266,    0.921816
2018-08-15 00:00:00,  368.081280,   16.560269,    0.921212
2018-08-16 00:00:00,  367.934400,   16.278063,    0.920624
2018-08-17 00:00:00,  367.640640,   16.562036,    0.921191
2018-08-18 00:00:00,  367.493760,   16.765866,    0.921730
2018-08-19 00:00:00,  367.346880,   16.825033,    0.921547
2018-08-20 00:00:00,  367.200000,   18.233375,    0.922005
2018-08-21 00:00:00,  367.200000,   18.598348,    0.904203
2018-08-22 00:00:00,  367.200000,   18.799299,    0.906284
2018-08-23 00:00:00,  367.200000,   18.335069,    0.906909
2018-08-24 00:00:00,  367.346880,   17.976109,    0.907745
2018-08-25 00:00:00,  367.493760,   17.914076,    0.907951
2018-08-26 00:00:00,  367.640640,   18.147340,    0.908541
2018-08-27 00:00:00,  367.934400,   18.322840,    0.909137
2018-08-28 00:00:00,  368.228160,   18.663692,    0.909874
2018-08-29 00:00:00,  368.521920,   18.676532,    0.910297
2018-08-30 00:00:00,  368.815680,   19.904310,    0.911344
2018-08-31 00:00:00,  369.256320,   19.855209,    0.911372
2018-09-01 00:00:00,  369.550080,   20.372864,    0.909097
2018-09-02 00:00:00,  369.843840,   19.136369,    0.908114
2018-09-03 00:00:00,  370.431360,   18.493038,    0.908879
2018-09-04 00:00:00,  371.018880,   18.463276,    0.909363
2018-09-05 00:00:00,  371.606400,   18.267366,    0.910515
2018-09-06 00:00:00,  372.193920,   18.251741,    0.911661
2018-09-07 00:00:00,  372.781440,   18.062425,    0.912701
2018-09-08 00:00:00,  373.515840,   17.968128,    0.913491
2018-09-09 00:00:00,  374.250240,   18.513109,    0.914097
2018-09-10 00:00:00,  374.984640,   18.808993,    0.915810
2018-09-11 00:00:00,  375.865920,   19.150341,    0.916571
2018-09-12 00:00:00,  376.747200,   19.548887,    0.917147
2018-09-13 00:00:00,  377.628480,   20.514034,    0.918712
2018-09-14 00:00:00,  378.656640,   20.685244,    0.918887
2018-09-15 00:00:00,  379.684800,   21.562721,    0.920217
2018-09-16 00:00:00,  380.712960,   21.154882,    0.921510
2018-09-17 00:00:00,  381.741120,   20.599812,    0.916441
2018-09-18 00:00:00,  382.769280,   19.365031,    0.898649
2018-09-19 00:00:00,  383.944320,   18.997713,    0.901171
2018-09-20 00:00:00,  385.119360,   19.710571,    0.902519
2018-09-21 00:00:00,  386.441280,   18.721327,    0.895757
2018-09-22 00:00:00,  387.763200,   18.331902,    0.897250
2018-09-23 00:00:00,  389.085120,   18.571925,    0.897487
2018-09-24 00:00:00,  390.407040,   19.667804,    0.899227
2018-09-25 00:00:00,  391.728960,   20.207833,    0.900017
2018-09-26 00:00:00,  393.197760,   19.120375,    0.900243
2018-09-27 00:00:00,  394.666560,   18.092453,    0.890892
2018-09-28 00:00:00,  396.135360,   18.631398,    0.892241
2018-09-29 00:00:00,  397.604160,   19.407539,    0.894045
2018-09-30 00:00:00,  399.219840,   19.181820,    0.895571
2018-10-01 00:00:00,  401.129280,   20.457684,    0.895944
2018-10-02 00:00:00,  403.038720,   20.412409,    0.885667
2018-10-03 00:00:00,  404.801280,   20.681309,    0.888243
2018-10-04 00:00:00,  406.563840,   21.238321,    0.888702
2018-10-05 00:00:00,  408.326400,   21.459200,    0.889787
2018-10-06 00:00:00,  410.088960,   22.515338,    0.891892
2018-10-07 00:00:00,  411.851520,   22.591843,    0.891997
2018-10-08 00:00:00,  413.614080,   23.375545,    0.893185
2018-10-09 00:00:00,  415.523520,   23.102948,    0.895787
2018-10-10 00:00:00,  417.432960,   22.852467,    0.896421
2018-10-11 00:00:00,  419.342400,   24.075280,    0.898876
2018-10-12 00:00:00,  421.251840,   24.081681,    0.900695
2018-10-13 00:00:00,  423.161280,   22.896641,    0.902661
2018-10-14 00:00:00,  425.217600,   22.684914,    0.903367
2018-10-15 00:00:00,  427.273920,   23.479048,    0.905211
2018-10-16 00:00:00,  429.330240,   23.890632,    0.907155
2018-10-17 00:00:00,  431.386560,   23.907197,    0.909024
2018-10-18 00:00:00,  433.442880,   22.968101,    0.898897
2018-10-19 00:00:00,  435.499200,   22.765883,    0.901393
2018-10-20 00:00:00,  437.702400,   22.896337,    0.903268
2018-10-21 00:00:00,  439.905600,   23.577992,    0.905286
2018-10-22 00:00:00,  442.108800,   23.126195,    0.905871
2018-10-23 00:00:00,  444.312000,   23.119896,    0.906884
2018-10-24 00:00:00,  446.515200,   22.601723,    0.907688
2018-10-25 00:00:00,  448.865280,   22.355274,    0.900002
2018-10-26 00:00:00,  451.068480,   22.473949,    0.900380
2018-10-27 00:00:00,  453.271680,   23.736534,    0.902600
2018-10-28 00:00:00,  455.621760,   23.472369,    0.904539
2018-10-29 00:00:00,  457.971840,   22.973191,    0.904565
2018-10-30 00:00:00,  460.321920,   23.487169,    0.906679
2018-10-31 00:00:00,  462.672000,   23.515102,    0.909041
2018-11-01 00:00:00,  464.434560,   25.008337,    0.913595
2018-11-02 00:00:00,  466.197120,   25.270263,    0.914109
2018-11-03 00:00:00,  468.547200,   25.852975,    0.911165
2018-11-04 00:00:00,  470.897280,   25.787534,    0.914050
2018-11-05 00:00:00,  473.247360,   24.080706,    0.901549
2018-11-06 00:00:00,  475.744320,   24.585369,    0.886723
2018-11-07 00:00:00,  478.241280,   23.447364,    0.893952
2018-11-08 00:00:00,  480.591360,   22.091089,    0.891276
2018-11-09 00:00:00,  483.088320,   22.351591,    0.892611
2018-11-10 00:00:00,  485.585280,   23.247476,    0.894520
2018-11-11 00:00:00,  488.082240,   24.034063,    0.897819
2018-11-12 00:00:00,  490.579200,   24.158382,    0.898022
2018-11-13 00:00:00,  493.076160,   24.555593,    0.900879
2018-11-14 00:00:00,  495.573120,   24.950248,    0.905366
2018-11-15 00:00:00,  498.070080,   24.585874,    0.907078
2018-11-16 00:00:00,  500.567040,   24.614357,    0.906967
2018-11-17 00:00:00,  503.064000,   24.600389,    0.908262
2018-11-18 00:00:00,  505.560960,   24.568910,    0.910872
2018-11-19 00:00:00,  508.057920,   24.332037,    0.912877
2018-11-20 00:00:00,  510.701760,   24.145457,    0.912959
2018-11-21 00:00:00,  513.198720,   24.676420,    0.915224
2018-11-22 00:00:00,  515.695680,   25.548194,    0.917354
2018-11-23 00:00:00,  518.192640,   26.346441,    0.921326
2018-11-24 00:00:00,  520.689600,   25.681210,    0.922409
2018-11-25 00:00:00,  523.333440,   26.479987,    0.926771
2018-11-26 00:00:00,  525.830400,   24.839499,    0.928615
2018-11-27 00:00:00,  528.327360,   24.048697,    0.930029
2018-11-28 00:00:00,  530.824320,   23.960673,    0.931612
2018-11-29 00:00:00,  533.321280,   23.751346,    0.934452
2018-11-30 00:00:00,  535.818240,   23.917405,    0.935767
2018-12-01 00:00:00,  538.902720,   23.916668,    0.936587
2018-12-02 00:00:00,  541.987200,   25.154171,    0.942947
2018-12-03 00:00:00,  544.337280,   25.708532,    0.945711
2018-12-04 00:00:00,  546.834240,   25.852186,    0.947676
2018-12-05 00:00:00,  549.331200,   27.367652,    0.951517
2018-12-06 00:00:00,  551.681280,   25.825387,    0.924958
2018-12-07 00:00:00,  554.178240,   25.783161,    0.925082
2018-12-08 00:00:00,  556.675200,   25.346066,    0.926901
2018-12-09 00:00:00,  559.025280,   26.017899,    0.929309
2018-12-10 00:00:00,  561.375360,   26.943673,    0.932126
2018-12-11 00:00:00,  563.725440,   27.605848,    0.935593
2018-12-12 00:00:00,  566.075520,   24.744430,    0.876037
2018-12-13 00:00:00,  568.425600,   23.745447,    0.880925
2018-12-14 00:00:00,  570.775680,   25.206814,    0.882682
2018-12-15 00:00:00,  573.125760,   24.664470,    0.884324
2018-12-16 00:00:00,  575.475840,   25.608564,    0.886236
2018-12-17 00:00:00,  577.825920,   26.629158,    0.888319
2018-12-18 00:00:00,  580.029120,   26.983126,    0.891447
2018-12-19 00:00:00,  582.232320,   26.919894,    0.894748
2018-12-20 00:00:00,  584.582400,   27.364723,    0.897512
2018-12-21 00:00:00,  586.785600,   27.656832,    0.900355
2018-12-22 00:00:00,  588.988800,   27.537072,    0.903186
2018-12-23 00:00:00,  591.192000,   27.264506,    0.906035
2018-12-24 00:00:00,  593.248320,   26.849540,    0.906248
2018-12-25 00:00:00,  595.304640,   26.923901,    0.909170
2018-12-26 00:00:00,  597.360960,   27.327063,    0.912640
2018-12-27 00:00:00,  599.417280,   27.373692,    0.915469
2018-12-28 00:00:00,  601.473600,   27.664319,    0.919087
2018-12-29 00:00:00,  603.529920,   28.746691,    0.922196
2018-12-30 00:00:00,  605.586240,   29.121927,    0.925660
2018-12-31 00:00:00,  607.495680,   28.718027,    0.928668
2019-01-01 00:00:00,  608.817600,   28.297632,    0.930877
2019-01-02 00:00:00,  610.286400,   28.034359,    0.934181
2019-01-03 00:00:00,  612.195840,   27.299070,    0.936710
2019-01-04 00:00:00,  613.958400,   27.071211,    0.936189
2019-01-05 00:00:00,  615.867840,   28.295593,    0.941853
2019-01-06 00:00:00,  617.777280,   27.181950,    0.944002
2019-01-07 00:00:00,  619.539840,   26.319588,    0.945510
2019-01-08 00:00:00,  621.302400,   26.130393,    0.947469
2019-01-09 00:00:00,  622.918080,   26.405795,    0.949766
2019-01-10 00:00:00,  624.533760,   26.855095,    0.951721
2019-01-11 00:00:00,  626.296320,   27.519073,    0.955217
2019-01-12 00:00:00,  627.912000,   27.604560,    0.955632
2019-01-13 00:00:00,  629.380800,   28.331705,    0.959913
2019-01-14 00:00:00,  630.849600,   29.836058,    0.963071
2019-01-15 00:00:00,  632.465280,   30.400861,    0.966802
2019-01-16 00:00:00,  634.080960,   28.422810,    0.970883
2019-01-17 00:00:00,  635.402880,   27.872250,    0.971999
2019-01-18 00:00:00,  636.724800,   28.273545,    0.976074
2019-01-19 00:00:00,  638.193600,   28.836780,    0.975847
2019-01-20 00:00:00,  639.515520,   29.163403,    0.976250
2019-01-21 00:00:00,  640.837440,   30.069572,    0.979237
2019-01-22 00:00:00,  642.159360,   30.439962,    0.984878
2019-01-23 00:00:00,  643.334400,   29.832287,    0.986769
2019-01-24 00:00:00,  644.509440,   30.120541,    0.985685
2019-01-25 00:00:00,  645.684480,   30.480029,    0.987259
2019-01-26 00:00:00,  646.712640,   30.261891,    0.984434
2019-01-27 00:00:00,  647.740800,   31.085375,    0.987653
2019-01-28 00:00:00,  648.768960,   31.933273,    0.993614
2019-01-29 00:00:00,  649.797120,   29.245775,    0.995526
2019-01-30 00:00:00,  650.825280,   28.023599,    0.994296
2019-01-31 00:00:00,  651.706560,   28.312161,    0.996704
2019-02-01 00:00:00,  652.294080,   28.117220,    0.998936
2019-02-02 00:00:00,  652.881600,   28.090941,    0.991220
2019-02-03 00:00:00,  653.762880,   27.308390,    0.995285
2019-02-04 00:00:00,  654.497280,   26.201039,    0.995006
2019-02-05 00:00:00,  655.084800,   25.989629,    0.993812
2019-02-06 00:00:00,  655.819200,   25.976138,    0.994757
2019-02-07 00:00:00,  656.553600,   26.581315,    0.996727
2019-02-08 00:00:00,  657.141120,   26.739636,    0.998666
2019-02-09 00:00:00,  657.728640,   26.195157,    0.998872
2019-02-10 00:00:00,  658.169280,   28.132395,    1.001950
2019-02-11 00:00:00,  658.609920,   28.490111,    1.004363
2019-02-12 00:00:00,  659.050560,   28.015965,    1.006030
2019-02-13 00:00:00,  659.344320,   28.624223,    1.008560
2019-02-14 00:00:00,  659.784960,   28.763595,    1.011042
2019-02-15 00:00:00,  660.078720,   28.338152,    1.012200
2019-02-16 00:00:00,  660.225600,   28.222217,    1.014977
2019-02-17 00:00:00,  660.519360,   28.198530,    1.017437
2019-02-18 00:00:00,  660.666240,   28.002269,    1.018621
2019-02-19 00:00:00,  660.813120,   28.276594,    1.020684
2019-02-20 00:00:00,  660.960000,   28.324233,    1.023254
2019-02-21 00:00:00,  660.960000,   29.095141,    1.025337
2019-02-22 00:00:00,  660.960000,   29.362430,    1.025928
2019-02-23 00:00:00,  660.960000,   28.970730,    1.030388
2019-02-24 00:00:00,  660.813120,   27.964153,    1.030141
2019-02-25 00:00:00,  660.666240,   27.230497,    1.029464
2019-02-26 00:00:00,  660.519360,   26.504792,    1.031117
2019-02-27 00:00:00,  660.225600,   26.402746,    1.030596
2019-02-28 00:00:00,  659.931840,   26.139151,    1.032515
2019-03-01 00:00:00,  659.197440,   25.825253,    1.031563
2019-03-02 00:00:00,  658.316160,   25.469910,    1.033567
2019-03-03 00:00:00,  657.728640,   25.399117,    1.034782
2019-03-04 00:00:00,  657.141120,   25.295451,    1.036153
2019-03-05 00:00:00,  656.553600,   25.300008,    1.035574
2019-03-06 00:00:00,  655.966080,   26.134421,    1.037659
2019-03-07 00:00:00,  655.378560,   26.811534,    1.041641
2019-03-08 00:00:00,  654.644160,   26.574939,    1.043142
2019-03-09 00:00:00,  653.909760,   26.550965,    1.045287
2019-03-10 00:00:00,  653.175360,   26.863084,    1.046461
2019-03-11 00:00:00,  652.294080,   27.796601,    1.048667
2019-03-12 00:00:00,  651.412800,   28.295917,    1.051430
2019-03-13 00:00:00,  650.531520,   28.118424,    1.053410
2019-03-14 00:00:00,  649.503360,   26.992585,    1.055726
2019-03-15 00:00:00,  648.475200,   26.092573,    1.055981
2019-03-16 00:00:00,  647.447040,   25.432212,    1.056427
2019-03-17 00:00:00,  646.418880,   25.088727,    1.055755
2019-03-18 00:00:00,  645.390720,   25.208309,    1.054048
2019-03-19 00:00:00,  644.215680,   25.474439,    1.055094
2019-03-20 00:00:00,  643.040640,   25.137817,    1.057220
2019-03-21 00:00:00,  641.718720,   24.743270,    1.058831
2019-03-22 00:00:00,  640.396800,   24.494132,    1.058410
2019-03-23 00:00:00,  639.221760,   24.186583,    1.059777
2019-03-24 00:00:00,  637.899840,   24.075230,    1.060655
2019-03-25 00:00:00,  636.431040,   23.967682,    1.057526
2019-03-26 00:00:00,  634.962240,   24.349508,    1.060097
2019-03-27 00:00:00,  633.493440,   24.577001,    1.061520
2019-03-28 00:00:00,  632.024640,   24.705293,    1.062536
2019-03-29 00:00:00,  630.555840,   24.692068,    1.063409
2019-03-30 00:00:00,  629.087040,   24.812476,    1.064877
2019-03-31 00:00:00,  627.471360,   23.801732,    1.064812
2019-04-01 00:00:00,  626.296320,   23.664384,    1.063375
2019-04-02 00:00:00,  625.121280,   23.410926,    1.064399
2019-04-03 00:00:00,  623.358720,   23.185433,    1.062895
2019-04-04 00:00:00,  621.596160,   23.540487,    1.063763
2019-04-05 00:00:00,  619.833600,   23.561443,    1.064242
2019-04-06 00:00:00,  618.071040,   22.814073,    1.064705
2019-04-07 00:00:00,  616.308480,   22.186371,    1.059905
2019-04-08 00:00:00,  614.545920,   22.764035,    1.060935
2019-04-09 00:00:00,  612.783360,   23.216528,    1.061359
2019-04-10 00:00:00,  610.873920,   23.440924,    1.061519
2019-04-11 00:00:00,  608.964480,   24.189274,    1.062326
2019-04-12 00:00:00,  607.055040,   24.118458,    1.065024
2019-04-13 00:00:00,  604.998720,   23.916790,    1.065648
2019-04-14 00:00:00,  602.942400,   23.796921,    1.067012
2019-04-15 00:00:00,  600.886080,   23.874557,    1.067967
2019-04-16 00:00:00,  598.829760,   24.178495,    1.068835
2019-04-17 00:00:00,  596.773440,   24.311417,    1.069714
2019-04-18 00:00:00,  594.717120,   23.659562,    1.070196
2019-04-19 00:00:00,  592.660800,   22.888300,    1.069104
2019-04-20 00:00:00,  590.457600,   22.608752,    1.068982
2019-04-21 00:00:00,  588.254400,   22.214729,    1.068610
2019-04-22 00:00:00,  586.198080,   22.019787,    1.067759
2019-04-23 00:00:00,  583.994880,   21.962585,    1.066056
2019-04-24 00:00:00,  581.644800,   21.772506,    1.065034
2019-04-25 00:00:00,  579.441600,   21.118768,    1.062669
2019-04-26 00:00:00,  577.238400,   20.635046,    1.059585
2019-04-27 00:00:00,  574.888320,   21.228467,    1.056741
2019-04-28 00:00:00,  572.538240,   20.715769,    1.058771
2019-04-29 00:00:00,  570.188160,   20.121132,    1.057196
2019-04-30 00:00:00,  567.838080,   20.458999,    1.050419
2019-05-01 00:00:00,  565.047360,   20.735868,    1.051888
2019-05-02 00:00:00,  562.109760,   20.333760,    1.053028
2019-05-03 00:00:00,  559.612800,   20.312020,    1.052478
2019-05-04 00:00:00,  557.262720,   20.930832,    1.052819
2019-05-05 00:00:00,  554.912640,   20.518379,    1.016117
2019-05-06 00:00:00,  552.415680,   20.842252,    1.020430
2019-05-07 00:00:00,  549.918720,   20.315285,    1.018069
2019-05-08 00:00:00,  547.568640,   19.717107,    1.017993
2019-05-09 00:00:00,  545.071680,   19.278403,    1.018588
2019-05-10 00:00:00,  542.574720,   19.419779,    1.017491
2019-05-11 00:00:00,  540.077760,   19.715617,    1.006223
2019-05-12 00:00:00,  537.580800,   19.623011,    1.009915
2019-05-13 00:00:00,  535.083840,   19.695325,    1.013265
2019-05-14 00:00:00,  532.586880,   19.350968,    1.013239
2019-05-15 00:00:00,  530.089920,   19.765126,    1.013626
2019-05-16 00:00:00,  527.592960,   19.749932,    1.014041
2019-05-17 00:00:00,  525.096000,   19.664757,    1.013894
2019-05-18 00:00:00,  522.599040,   19.487414,    1.014419
2019-05-19 00:00:00,  520.102080,   19.496521,    1.014427
2019-05-20 00:00:00,  517.458240,   19.746124,    1.015014
2019-05-21 00:00:00,  514.961280,   19.538062,    1.015340
2019-05-22 00:00:00,  512.464320,   19.326323,    1.015303
2019-05-23 00:00:00,  509.967360,   19.134667,    1.015744
2019-05-24 00:00:00,  507.470400,   18.926345,    1.015710
2019-05-25 00:00:00,  504.826560,   18.702863,    1.015318
2019-05-26 00:00:00,  502.329600,   18.264271,    1.014656
2019-05-27 00:00:00,  499.832640,   17.978863,    1.014247
2019-05-28 00:00:00,  497.335680,   18.073666,    1.012577
2019-05-29 00:00:00,  494.838720,   18.205177,    1.012750
2019-05-30 00:00:00,  492.341760,   17.851346,    1.013191
2019-05-31 00:00:00,  489.844800,   17.774586,    1.013461
2019-06-01 00:00:00,  488.082240,   17.629773,    0.999821
2019-06-02 00:00:00,  486.319680,   17.866656,    1.000239
2019-06-03 00:00:00,  483.822720,   17.921125,    0.999998
2019-06-04 00:00:00,  481.325760,   17.431642,    1.000729
2019-06-05 00:00:00,  478.828800,   17.344166,    1.001360
2019-06-06 00:00:00,  476.478720,   17.203085,    1.001986
2019-06-07 00:00:00,  473.981760,   16.818487,    1.000328
2019-06-08 00:00:00,  471.484800,   16.812496,    0.982649
2019-06-09 00:00:00,  469.134720,   17.033277,    0.985694
2019-06-10 00:00:00,  466.784640,   17.256011,    0.985991
2019-06-11 00:00:00,  464.434560,   17.113293,    0.983653
2019-06-12 00:00:00,  462.084480,   16.890984,    0.982667
2019-06-13 00:00:00,  459.734400,   16.746739,    0.977827
2019-06-14 00:00:00,  457.384320,   16.442916,    0.976659
2019-06-15 00:00:00,  455.034240,   16.223304,    0.972049
2019-06-16 00:00:00,  452.684160,   16.407446,    0.972102
2019-06-17 00:00:00,  450.334080,   16.383857,    0.972223
2019-06-18 00:00:00,  448.130880,   16.822669,    0.972556
2019-06-19 00:00:00,  445.927680,   16.818864,    0.972780
2019-06-20 00:00:00,  443.577600,   17.197573,    0.968908
2019-06-21 00:00:00,  441.374400,   16.416793,    0.968021
2019-06-22 00:00:00,  439.318080,   16.518737,    0.968566
2019-06-23 00:00:00,  437.114880,   16.416175,    0.968267
2019-06-24 00:00:00,  434.911680,   15.997344,    0.968663
2019-06-25 00:00:00,  432.855360,   15.929424,    0.968846
2019-06-26 00:00:00,  430.799040,   15.538995,    0.968443
2019-06-27 00:00:00,  428.742720,   15.373228,    0.964236
2019-06-28 00:00:00,  426.686400,   15.460864,    0.962773
2019-06-29 00:00:00,  424.630080,   15.449693,    0.962252
2019-06-30 00:00:00,  422.573760,   15.820892,    0.962373
2019-07-01 00:00:00,  420.223680,   15.873006,    0.962966
2019-07-02 00:00:00,  417.873600,   15.853793,    0.962929
2019-07-03 00:00:00,  415.964160,   15.603368,    0.962867
2019-07-04 00:00:00,  414.201600,   15.576486,    0.963373
2019-07-05 00:00:00,  412.292160,   15.587098,    0.963861
2019-07-06 00:00:00,  410.382720,   15.167831,    0.963680
2019-07-07 00:00:00,  408.620160,   15.246954,    0.961735
2019-07-08 00:00:00,  406.857600,   15.566422,    0.961923
2019-07-09 00:00:00,  405.241920,   15.211781,    0.962330
2019-07-10 00:00:00,  403.626240,   15.089885,    0.962549
2019-07-11 00:00:00,  401.863680,   14.871983,    0.951988
2019-07-12 00:00:00,  400.248000,   14.710924,    0.952168
2019-07-13 00:00:00,  398.779200,   14.840503,    0.952605
2019-07-14 00:00:00,  397.163520,   14.563576,    0.952379
2019-07-15 00:00:00,  395.547840,   14.901928,    0.952519
2019-07-16 00:00:00,  394.079040,   15.058975,    0.952754
2019-07-17 00:00:00,  392.757120,   14.878724,    0.946678
2019-07-18 00:00:00,  391.435200,   14.933707,    0.947285
2019-07-19 00:00:00,  389.966400,   14.907820,    0.947725
2019-07-20 00:00:00,  388.644480,   14.906746,    0.947969
2019-07-21 00:00:00,  387.322560,   14.706600,    0.948997
2019-07-22 00:00:00,  386.000640,   14.694894,    0.949122
2019-07-23 00:00:00,  384.825600,   15.571910,    0.949900
2019-07-24 00:00:00,  383.650560,   14.819490,    0.948747
2019-07-25 00:00:00,  382.475520,   14.834739,    0.949261
2019-07-26 00:00:00,  381.447360,   14.648431,    0.949043
2019-07-27 00:00:00,  380.419200,   14.715480,    0.949059
2019-07-28 00:00:00,  379.391040,   14.911533,    0.949388
2019-07-29 00:00:00,  378.362880,   14.990844,    0.949774
2019-07-30 00:00:00,  377.334720,   14.834038,    0.950318
2019-07-31 00:00:00,  376.453440,   14.771698,    0.950143
2019-08-01 00:00:00,  375.865920,   14.974363,    0.944656
2019-08-02 00:00:00,  375.278400,   15.151521,    0.941275
2019-08-03 00:00:00,  374.397120,   15.056420,    0.941107
2019-08-04 00:00:00,  373.662720,   15.246676,    0.940225
2019-08-05 00:00:00,  372.928320,   15.643150,    0.937446
2019-08-06 00:00:00,  372.193920,   15.818690,    0.937783
2019-08-07 00:00:00,  371.606400,   16.088413,    0.935745
2019-08-08 00:00:00,  371.018880,   16.042059,    0.931670
2019-08-09 00:00:00,  370.431360,   16.118886,    0.932340
2019-08-10 00:00:00,  369.990720,   16.022505,    0.932454
2019-08-11 00:00:00,  369.550080,   16.061152,    0.932903
2019-08-12 00:00:00,  369.109440,   17.532502,    0.933842
2019-08-13 00:00:00,  368.815680,   16.759247,    0.906516
2019-08-14 00:00:00,  368.375040,   16.438479,    0.910194
2019-08-15 00:00:00,  368.081280,   16.547876,    0.909479
2019-08-16 00:00:00,  367.934400,   16.561119,    0.910627
2019-08-17 00:00:00,  367.640640,   16.790669,    0.911216
2019-08-18 00:00:00,  367.493760,   16.696705,    0.912208
2019-08-19 00:00:00,  367.346880,   16.813964,    0.912256
2019-08-20 00:00:00,  367.200000,   16.812587,    0.912829
2019-08-21 00:00:00,  367.200000,   17.233751,    0.912861
2019-08-22 00:00:00,  367.200000,   17.898344,    0.909396
2019-08-23 00:00:00,  367.200000,   16.995250,    0.910468
2019-08-24 00:00:00,  367.346880,   17.050614,    0.910887
2019-08-25 00:00:00,  367.493760,   17.010915,    0.911397
2019-08-26 00:00:00,  367.640640,   17.232806,    0.911365
2019-08-27 00:00:00,  367.934400,   17.794690,    0.912201
2019-08-28 00:00:00,  368.228160,   18.166378,    0.912493
2019-08-29 00:00:00,  368.521920,   18.051672,    0.913098
2019-08-30 00:00:00,  368.815680,   18.128817,    0.913195
2019-08-31 00:00:00,  369.256320,   18.354794,    0.913780
2019-09-01 00:00:00,  369.550080,   18.380821,    0.910242
2019-09-02 00:00:00,  369.843840,   18.776181,    0.911479
2019-09-03 00:00:00,  370.431360,   18.943635,    0.912137
2019-09-04 00:00:00,  371.018880,   18.050961,    0.905570
2019-09-05 00:00:00,  371.606400,   16.851995,    0.902503
2019-09-06 00:00:00,  372.193920,   16.472691,    0.904225
2019-09-07 00:00:00,  372.781440,   16.654439,    0.905596
2019-09-08 00:00:00,  373.515840,   17.277562,    0.906698
2019-09-09 00:00:00,  374.250240,   17.587185,    0.907014
2019-09-10 00:00:00,  374.984640,   18.334886,    0.908111
2019-09-11 00:00:00,  375.865920,   18.972638,    0.908618
2019-09-12 00:00:00,  376.747200,   19.694157,    0.909212
2019-09-13 00:00:00,  377.628480,   19.425935,    0.910630
2019-09-14 00:00:00,  378.656640,   18.901387,    0.910531
2019-09-15 00:00:00,  379.684800,   19.039143,    0.910827
2019-09-16 00:00:00,  380.712960,   19.297196,    0.911494
2019-09-17 00:00:00,  381.741120,   20.197608,    0.912996
2019-09-18 00:00:00,  382.769280,   20.245781,    0.912831
2019-09-19 00:00:00,  383.944320,   20.753272,    0.900500
2019-09-20 00:00:00,  385.119360,   20.944626,    0.901138
2019-09-21 00:00:00,  386.441280,   20.753593,    0.902958
2019-09-22 00:00:00,  387.763200,   19.383260,    0.901771
2019-09-23 00:00:00,  389.085120,   18.544559,    0.902382
2019-09-24 00:00:00,  390.407040,   18.800736,    0.903357
2019-09-25 00:00:00,  391.728960,   18.750569,    0.903919
2019-09-26 00:00:00,  393.197760,   18.717162,    0.898339
2019-09-27 00:00:00,  394.666560,   18.075314,    0.896719
2019-09-28 00:00:00,  396.135360,   17.381772,    0.895083
2019-09-29 00:00:00,  397.604160,   18.440529,    0.896204
2019-09-30 00:00:00,  399.219840,   18.527770,    0.896222
2019-10-01 00:00:00,  401.129280,   19.764987,    0.898172
2019-10-02 00:00:00,  403.038720,   19.865364,    0.899288
2019-10-03 00:00:00,  404.801280,   21.279591,    0.901514
2019-10-04 00:00:00,  406.563840,   20.904669,    0.903407
2019-10-05 00:00:00,  408.326400,   21.094881,    0.903794
2019-10-06 00:00:00,  410.088960,   21.136730,    0.905689
2019-10-07 00:00:00,  411.851520,   21.549458,    0.907176
2019-10-08 00:00:00,  413.614080,   21.834868,    0.908912
2019-10-09 00:00:00,  415.523520,   22.113346,    0.910832
2019-10-10 00:00:00,  417.432960,   22.007849,    0.909958
2019-10-11 00:00:00,  419.342400,   22.149006,    0.912385
2019-10-12 00:00:00,  421.251840,   21.974039,    0.914907
2019-10-13 00:00:00,  423.161280,   22.554624,    0.915713
2019-10-14 00:00:00,  425.217600,   21.737992,    0.915299
2019-10-15 00:00:00,  427.273920,   21.173480,    0.916955
2019-10-16 00:00:00,  429.330240,   21.323627,    0.917910
2019-10-17 00:00:00,  431.386560,   21.493004,    0.918788
2019-10-18 00:00:00,  433.442880,   21.807892,    0.918778
2019-10-19 00:00:00,  435.499200,   22.790448,    0.920458
2019-10-20 00:00:00,  437.702400,   23.536411,    0.923559
2019-10-21 00:00:00,  439.905600,   23.286568,    0.923601
2019-10-22 00:00:00,  442.108800,   24.714086,    0.926925
2019-10-23 00:00:00,  444.312000,   23.548543,    0.927632
2019-10-24 00:00:00,  446.515200,   23.020090,    0.930184
2019-10-25 00:00:00,  448.865280,   22.947942,    0.931189
2019-10-26 00:00:00,  451.068480,   23.054640,    0.932769
2019-10-27 00:00:00,  453.271680,   23.139421,    0.934512
2019-10-28 00:00:00,  455.621760,   23.863874,    0.937476
2019-10-29 00:00:00,  457.971840,   23.946240,    0.937546
2019-10-30 00:00:00,  460.321920,   24.492563,    0.941382
2019-10-31 00:00:00,  462.672000,   23.393387,    0.942199
2019-11-01 00:00:00,  464.434560,   22.510654,    0.943203
2019-11-02 00:00:00,  466.197120,   22.274639,    0.943239
2019-11-03 00:00:00,  468.547200,   22.990327,    0.944475
2019-11-04 00:00:00,  470.897280,   22.696594,    0.946099
2019-11-05 00:00:00,  473.247360,   21.401789,    0.939045
2019-11-06 00:00:00,  475.744320,   20.785954,    0.936396
2019-11-07 00:00:00,  478.241280,   21.720965,    0.937733
2019-11-08 00:00:00,  480.591360,   22.721177,    0.940207
2019-11-09 00:00:00,  483.088320,   22.846706,    0.941270
2019-11-10 00:00:00,  485.585280,   23.881940,    0.942643
2019-11-11 00:00:00,  488.082240,   24.155005,    0.944978
2019-11-12 00:00:00,  490.579200,   23.545515,    0.947056
2019-11-13 00:00:00,  493.076160,   23.648258,    0.949508
2019-11-14 00:00:00,  495.573120,   23.666918,    0.951224
2019-11-15 00:00:00,  498.070080,   24.030058,    0.953580
2019-11-16 00:00:00,  500.567040,   24.617648,    0.955885
2019-11-17 00:00:00,  503.064000,   25.160240,    0.958261
2019-11-18 00:00:00,  505.560960,   25.878442,    0.960837
2019-11-19 00:00:00,  508.057920,   25.447509,    0.963876
2019-11-20 00:00:00,  510.701760,   25.870753,    0.965112
2019-11-21 00:00:00,  513.198720,   25.919371,    0.968091
2019-11-22 00:00:00,  515.695680,   26.419178,    0.970830
2019-11-23 00:00:00,  518.192640,   27.246711,    0.972493
2019-11-24 00:00:00,  520.689600,   26.427125,    0.975200
2019-11-25 00:00:00,  523.333440,   25.541096,    0.974159
2019-11-26 00:00:00,  525.830400,   26.131593,    0.975340
2019-11-27 00:00:00,  528.327360,   26.385263,    0.975516
2019-11-28 00:00:00,  530.824320,   26.203037,    0.980241
2019-11-29 00:00:00,  533.321280,   23.139610,    0.967350
2019-11-30 00:00:00,  535.818240,   21.274048,    0.960082
2019-12-01 00:00:00,  538.902720,   21.198046,    0.962366
2019-12-02 00:00:00,  541.987200,   22.131516,    0.963857
2019-12-03 00:00:00,  544.337280,   22.780825,    0.965304
2019-12-04 00:00:00,  546.834240,   24.034658,    0.967775
2019-12-05 00:00:00,  549.331200,   25.060844,    0.969041
2019-12-06 00:00:00,  551.681280,   26.015490,    0.969741
2019-12-07 00:00:00,  554.178240,   26.247984,    0.976120
2019-12-08 00:00:00,  556.675200,   25.249133,    0.978850
2019-12-09 00:00:00,  559.025280,   25.660650,    0.981616
2019-12-10 00:00:00,  561.375360,   26.076356,    0.983528
2019-12-11 00:00:00,  563.725440,   27.114463,    0.985787
2019-12-12 00:00:00,  566.075520,   27.346571,    0.985359
2019-12-13 00:00:00,  568.425600,   27.188846,    0.980015
2019-12-14 00:00:00,  570.775680,   26.275942,    0.972737
2019-12-15 00:00:00,  573.125760,   26.207379,    0.976022
2019-12-16 00:00:00,  575.475840,   26.588933,    0.979274
2019-12-17 00:00:00,  577.825920,   27.252300,    0.981978
2019-12-18 00:00:00,  580.029120,   27.447522,    0.982588
2019-12-19 00:00:00,  582.232320,   26.666218,    0.986641
2019-12-20 00:00:00,  584.582400,   26.612117,    0.989040
2019-12-21 00:00:00,  586.785600,   26.643600,    0.989544
2019-12-22 00:00:00,  588.988800,   26.843603,    0.995087
2019-12-23 00:00:00,  591.192000,   26.989316,    0.997277
2019-12-24 00:00:00,  593.248320,   27.194451,    0.999957
2019-12-25 00:00:00,  595.304640,   27.283516,    1.000455
2019-12-26 00:00:00,  597.360960,   28.456305,    1.007914
2019-12-27 00:00:00,  599.417280,   28.401251,    1.010654
2019-12-28 00:00:00,  601.473600,   29.437406,    1.012335
2019-12-29 00:00:00,  603.529920,   30.176436,    1.014206
2019-12-30 00:00:00,  605.586240,   30.129354,    1.017246
2019-12-31 00:00:00,  607.495680,   30.140816,    1.017056
2020-01-01 00:00:00,  608.817600,   31.838736,    1.023275
2020-01-02 00:00:00,  610.286400,   31.041910,    1.026254
2020-01-03 00:00:00,  612.195840,   30.645796,    1.026951
2020-01-04 00:00:00,  613.958400,   28.910205,    1.028467
2020-01-05 00:00:00,  590.206680,   28.082646,    1.029246
