time,flow,temp,salt
2009-12-31 00:00:00,  304.188480,   24.524047,    0.535733
2010-01-01 00:00:00,  608.817600,   24.663357,    0.539787
2010-01-02 00:00:00,  610.286400,   24.801029,    0.540452
2010-01-03 00:00:00,  612.195840,   26.236723,    0.542785
2010-01-04 00:00:00,  613.958400,   26.049438,    0.544451
2010-01-05 00:00:00,  615.867840,   27.450742,    0.545706
2010-01-06 00:00:00,  617.777280,   27.936121,    0.547664
2010-01-07 00:00:00,  619.539840,   27.342290,    0.549536
2010-01-08 00:00:00,  621.302400,   27.345273,    0.549905
2010-01-09 00:00:00,  622.918080,   27.231751,    0.551444
2010-01-10 00:00:00,  624.533760,   26.054172,    0.552302
2010-01-11 00:00:00,  626.296320,   25.538752,    0.552403
2010-01-12 00:00:00,  627.912000,   25.463877,    0.552797
2010-01-13 00:00:00,  629.380800,   26.513460,    0.554923
2010-01-14 00:00:00,  630.849600,   26.521160,    0.556306
2010-01-15 00:00:00,  632.465280,   25.931025,    0.557450
2010-01-16 00:00:00,  634.080960,   26.719626,    0.558574
2010-01-17 00:00:00,  635.402880,   27.217038,    0.558591
2010-01-18 00:00:00,  636.724800,   28.074620,    0.561769
2010-01-19 00:00:00,  638.193600,   28.381065,    0.562473
2010-01-20 00:00:00,  639.515520,   27.936452,    0.564692
2010-01-21 00:00:00,  640.837440,   26.905247,    0.565723
2010-01-22 00:00:00,  642.159360,   27.207062,    0.566810
2010-01-23 00:00:00,  643.334400,   27.411038,    0.568091
2010-01-24 00:00:00,  644.509440,   28.056649,    0.569751
2010-01-25 00:00:00,  645.684480,   27.886465,    0.571431
2010-01-26 00:00:00,  646.712640,   27.943607,    0.572547
2010-01-27 00:00:00,  647.740800,   27.931141,    0.573868
2010-01-28 00:00:00,  648.768960,   28.115557,    0.575720
2010-01-29 00:00:00,  649.797120,   27.940933,    0.576465
2010-01-30 00:00:00,  650.825280,   26.735431,    0.577153
2010-01-31 00:00:00,  651.706560,   26.448918,    0.578008
2010-02-01 00:00:00,  652.294080,   26.388535,    0.578921
2010-02-02 00:00:00,  652.881600,   25.154757,    0.579119
2010-02-03 00:00:00,  653.762880,   24.587461,    0.580680
2010-02-04 00:00:00,  654.497280,   24.214509,    0.580929
2010-02-05 00:00:00,  655.084800,   24.538808,    0.581554
2010-02-06 00:00:00,  655.819200,   24.102607,    0.582100
2010-02-07 00:00:00,  656.553600,   25.080870,    0.582792
2010-02-08 00:00:00,  657.141120,   25.427056,    0.583704
2010-02-09 00:00:00,  657.728640,   26.568614,    0.584608
2010-02-10 00:00:00,  658.169280,   25.988953,    0.585552
2010-02-11 00:00:00,  658.609920,   26.653162,    0.586829
2010-02-12 00:00:00,  659.050560,   26.607593,    0.588137
2010-02-13 00:00:00,  659.344320,   27.188857,    0.589688
2010-02-14 00:00:00,  659.784960,   27.333592,    0.590774
2010-02-15 00:00:00,  660.078720,   26.899634,    0.591475
2010-02-16 00:00:00,  660.225600,   26.412245,    0.592164
2010-02-17 00:00:00,  660.519360,   27.088994,    0.592730
2010-02-18 00:00:00,  660.666240,   28.188911,    0.594203
2010-02-19 00:00:00,  660.813120,   26.618992,    0.595019
2010-02-20 00:00:00,  660.960000,   25.979495,    0.595043
2010-02-21 00:00:00,  660.960000,   25.484572,    0.595449
2010-02-22 00:00:00,  660.960000,   25.910965,    0.597084
2010-02-23 00:00:00,  660.960000,   25.554323,    0.597722
2010-02-24 00:00:00,  660.813120,   26.198711,    0.598845
2010-02-25 00:00:00,  660.666240,   26.977356,    0.600664
2010-02-26 00:00:00,  660.519360,   26.993687,    0.602878
2010-02-27 00:00:00,  660.225600,   27.138120,    0.604586
2010-02-28 00:00:00,  659.931840,   26.892082,    0.606087
2010-03-01 00:00:00,  659.197440,   27.031710,    0.607262
2010-03-02 00:00:00,  658.316160,   27.292886,    0.608650
2010-03-03 00:00:00,  657.728640,   26.440198,    0.609594
2010-03-04 00:00:00,  657.141120,   25.053562,    0.608086
2010-03-05 00:00:00,  656.553600,   24.680467,    0.607990
2010-03-06 00:00:00,  655.966080,   24.932185,    0.608452
2010-03-07 00:00:00,  655.378560,   25.193570,    0.609436
2010-03-08 00:00:00,  654.644160,   25.245854,    0.610749
2010-03-09 00:00:00,  653.909760,   25.184832,    0.611426
2010-03-10 00:00:00,  653.175360,   25.391245,    0.612923
2010-03-11 00:00:00,  652.294080,   25.715798,    0.614175
2010-03-12 00:00:00,  651.412800,   26.356586,    0.615760
2010-03-13 00:00:00,  650.531520,   26.012425,    0.616083
2010-03-14 00:00:00,  649.503360,   26.947028,    0.616383
2010-03-15 00:00:00,  648.475200,   26.210674,    0.617210
2010-03-16 00:00:00,  647.447040,   25.050495,    0.617674
2010-03-17 00:00:00,  646.418880,   24.652101,    0.618123
2010-03-18 00:00:00,  645.390720,   24.135751,    0.617720
2010-03-19 00:00:00,  644.215680,   23.453954,    0.616890
2010-03-20 00:00:00,  643.040640,   23.975456,    0.616859
2010-03-21 00:00:00,  641.718720,   24.505215,    0.617747
2010-03-22 00:00:00,  640.396800,   24.715146,    0.582322
2010-03-23 00:00:00,  639.221760,   25.180461,    0.585738
2010-03-24 00:00:00,  637.899840,   25.684335,    0.587115
2010-03-25 00:00:00,  636.431040,   25.206675,    0.589027
2010-03-26 00:00:00,  634.962240,   25.101782,    0.592284
2010-03-27 00:00:00,  633.493440,   24.196227,    0.595253
2010-03-28 00:00:00,  632.024640,   23.827485,    0.599212
2010-03-29 00:00:00,  630.555840,   23.927154,    0.600849
2010-03-30 00:00:00,  629.087040,   23.904492,    0.601732
2010-03-31 00:00:00,  627.471360,   23.639573,    0.602641
2010-04-01 00:00:00,  626.296320,   23.913976,    0.603400
2010-04-02 00:00:00,  625.121280,   23.904171,    0.604270
2010-04-03 00:00:00,  623.358720,   23.025443,    0.604774
2010-04-04 00:00:00,  621.596160,   22.463541,    0.605021
2010-04-05 00:00:00,  619.833600,   22.886583,    0.605308
2010-04-06 00:00:00,  618.071040,   22.288296,    0.605181
2010-04-07 00:00:00,  616.308480,   22.806350,    0.605757
2010-04-08 00:00:00,  614.545920,   22.804251,    0.606176
2010-04-09 00:00:00,  612.783360,   22.591408,    0.607044
2010-04-10 00:00:00,  610.873920,   22.270597,    0.607439
2010-04-11 00:00:00,  608.964480,   22.719631,    0.607645
2010-04-12 00:00:00,  607.055040,   21.237650,    0.607131
2010-04-13 00:00:00,  604.998720,   20.823728,    0.602982
2010-04-14 00:00:00,  602.942400,   20.385472,    0.602414
2010-04-15 00:00:00,  600.886080,   20.774376,    0.602116
2010-04-16 00:00:00,  598.829760,   21.453793,    0.601862
2010-04-17 00:00:00,  596.773440,   21.393958,    0.602134
2010-04-18 00:00:00,  594.717120,   21.836765,    0.602644
2010-04-19 00:00:00,  592.660800,   22.240181,    0.603384
2010-04-20 00:00:00,  590.457600,   22.611044,    0.604023
2010-04-21 00:00:00,  588.254400,   22.163811,    0.604404
2010-04-22 00:00:00,  586.198080,   21.198966,    0.605053
2010-04-23 00:00:00,  583.994880,   20.766775,    0.605006
2010-04-24 00:00:00,  581.644800,   20.594038,    0.604963
2010-04-25 00:00:00,  579.441600,   20.382921,    0.605049
2010-04-26 00:00:00,  577.238400,   20.481778,    0.605557
2010-04-27 00:00:00,  574.888320,   20.533294,    0.605946
2010-04-28 00:00:00,  572.538240,   20.641869,    0.606284
2010-04-29 00:00:00,  570.188160,   20.278652,    0.606286
2010-04-30 00:00:00,  567.838080,   20.390102,    0.606669
2010-05-01 00:00:00,  565.047360,   19.971274,    0.606410
2010-05-02 00:00:00,  562.109760,   20.202569,    0.606844
2010-05-03 00:00:00,  559.612800,   19.681158,    0.606851
2010-05-04 00:00:00,  557.262720,   19.541015,    0.607264
2010-05-05 00:00:00,  554.912640,   19.517614,    0.607448
2010-05-06 00:00:00,  552.415680,   19.354973,    0.607807
2010-05-07 00:00:00,  549.918720,   19.593060,    0.608035
2010-05-08 00:00:00,  547.568640,   19.369240,    0.608179
2010-05-09 00:00:00,  545.071680,   19.007848,    0.608515
2010-05-10 00:00:00,  542.574720,   18.704481,    0.608888
2010-05-11 00:00:00,  540.077760,   18.690569,    0.609935
2010-05-12 00:00:00,  537.580800,   18.747747,    0.610583
2010-05-13 00:00:00,  535.083840,   18.074025,    0.606059
2010-05-14 00:00:00,  532.586880,   17.873317,    0.609040
2010-05-15 00:00:00,  530.089920,   17.915112,    0.610103
2010-05-16 00:00:00,  527.592960,   17.773684,    0.610493
2010-05-17 00:00:00,  525.096000,   17.727513,    0.611859
2010-05-18 00:00:00,  522.599040,   17.421174,    0.612093
2010-05-19 00:00:00,  520.102080,   17.954548,    0.612509
2010-05-20 00:00:00,  517.458240,   18.162160,    0.612442
2010-05-21 00:00:00,  514.961280,   17.530354,    0.612759
2010-05-22 00:00:00,  512.464320,   17.621336,    0.603305
2010-05-23 00:00:00,  509.967360,   17.104282,    0.609027
2010-05-24 00:00:00,  507.470400,   17.247681,    0.610666
2010-05-25 00:00:00,  504.826560,   17.021354,    0.611162
2010-05-26 00:00:00,  502.329600,   16.869351,    0.623100
2010-05-27 00:00:00,  499.832640,   16.686404,    0.620719
2010-05-28 00:00:00,  497.335680,   16.900018,    0.620884
2010-05-29 00:00:00,  494.838720,   16.672418,    0.621239
2010-05-30 00:00:00,  492.341760,   16.790739,    0.621393
2010-05-31 00:00:00,  489.844800,   16.666174,    0.621484
2010-06-01 00:00:00,  488.082240,   16.805022,    0.620671
2010-06-02 00:00:00,  486.319680,   16.666056,    0.620943
2010-06-03 00:00:00,  483.822720,   16.787552,    0.621153
2010-06-04 00:00:00,  481.325760,   16.271234,    0.621495
2010-06-05 00:00:00,  478.828800,   16.362696,    0.621688
2010-06-06 00:00:00,  476.478720,   16.593453,    0.621771
2010-06-07 00:00:00,  473.981760,   16.403687,    0.622255
2010-06-08 00:00:00,  471.484800,   15.955925,    0.622394
2010-06-09 00:00:00,  469.134720,   15.702491,    0.622799
2010-06-10 00:00:00,  466.784640,   15.903008,    0.623180
2010-06-11 00:00:00,  464.434560,   15.391891,    0.623380
2010-06-12 00:00:00,  462.084480,   15.546644,    0.623439
2010-06-13 00:00:00,  459.734400,   15.426608,    0.623834
2010-06-14 00:00:00,  457.384320,   15.510741,    0.615903
2010-06-15 00:00:00,  455.034240,   15.258494,    0.612242
2010-06-16 00:00:00,  452.684160,   15.443143,    0.612762
2010-06-17 00:00:00,  450.334080,   15.381197,    0.612750
2010-06-18 00:00:00,  448.130880,   15.519390,    0.612828
2010-06-19 00:00:00,  445.927680,   15.831890,    0.612863
2010-06-20 00:00:00,  443.577600,   15.696648,    0.613167
2010-06-21 00:00:00,  441.374400,   15.694157,    0.613421
2010-06-22 00:00:00,  439.318080,   15.692622,    0.613605
2010-06-23 00:00:00,  437.114880,   15.359513,    0.607097
2010-06-24 00:00:00,  434.911680,   15.218814,    0.608623
2010-06-25 00:00:00,  432.855360,   15.113922,    0.608861
2010-06-26 00:00:00,  430.799040,   14.881768,    0.609234
2010-06-27 00:00:00,  428.742720,   14.421545,    0.607989
2010-06-28 00:00:00,  426.686400,   14.703889,    0.608429
2010-06-29 00:00:00,  424.630080,   14.339078,    0.608418
2010-06-30 00:00:00,  422.573760,   14.276766,    0.608733
2010-07-01 00:00:00,  420.223680,   14.108788,    0.608972
2010-07-02 00:00:00,  417.873600,   14.044773,    0.605355
2010-07-03 00:00:00,  415.964160,   14.012414,    0.605567
2010-07-04 00:00:00,  414.201600,   13.898325,    0.605770
2010-07-05 00:00:00,  412.292160,   13.876300,    0.605680
2010-07-06 00:00:00,  410.382720,   13.779769,    0.606088
2010-07-07 00:00:00,  408.620160,   13.543128,    0.606189
2010-07-08 00:00:00,  406.857600,   13.321529,    0.601623
2010-07-09 00:00:00,  405.241920,   12.934321,    0.598758
2010-07-10 00:00:00,  403.626240,   12.931323,    0.595657
2010-07-11 00:00:00,  401.863680,   13.034954,    0.592378
2010-07-12 00:00:00,  400.248000,   12.770704,    0.590872
2010-07-13 00:00:00,  398.779200,   12.817522,    0.590629
2010-07-14 00:00:00,  397.163520,   12.997563,    0.590003
2010-07-15 00:00:00,  395.547840,   12.923865,    0.590710
2010-07-16 00:00:00,  394.079040,   12.853522,    0.588879
2010-07-17 00:00:00,  392.757120,   12.869348,    0.588993
2010-07-18 00:00:00,  391.435200,   12.804900,    0.588995
2010-07-19 00:00:00,  389.966400,   12.977507,    0.588527
2010-07-20 00:00:00,  388.644480,   13.069838,    0.588853
2010-07-21 00:00:00,  387.322560,   13.197148,    0.589063
2010-07-22 00:00:00,  386.000640,   13.316966,    0.589303
2010-07-23 00:00:00,  384.825600,   13.439027,    0.589552
2010-07-24 00:00:00,  383.650560,   13.281728,    0.589943
2010-07-25 00:00:00,  382.475520,   13.125142,    0.589872
2010-07-26 00:00:00,  381.447360,   13.620346,    0.589402
2010-07-27 00:00:00,  380.419200,   13.785697,    0.589441
2010-07-28 00:00:00,  379.391040,   14.115493,    0.586477
2010-07-29 00:00:00,  378.362880,   13.775698,    0.585300
2010-07-30 00:00:00,  377.334720,   13.733497,    0.585543
2010-07-31 00:00:00,  376.453440,   14.021559,    0.585546
2010-08-01 00:00:00,  375.865920,   14.246965,    0.585771
2010-08-02 00:00:00,  375.278400,   14.607342,    0.586185
2010-08-03 00:00:00,  374.397120,   14.656822,    0.586232
2010-08-04 00:00:00,  373.662720,   14.678452,    0.586551
2010-08-05 00:00:00,  372.928320,   14.668577,    0.586851
2010-08-06 00:00:00,  372.193920,   15.085515,    0.587120
2010-08-07 00:00:00,  371.606400,   14.964933,    0.587484
2010-08-08 00:00:00,  371.018880,   15.139934,    0.588293
2010-08-09 00:00:00,  370.431360,   14.971099,    0.588510
2010-08-10 00:00:00,  369.990720,   14.266912,    0.588212
2010-08-11 00:00:00,  369.550080,   13.738243,    0.588432
2010-08-12 00:00:00,  369.109440,   13.755529,    0.577604
2010-08-13 00:00:00,  368.815680,   13.947864,    0.573148
2010-08-14 00:00:00,  368.375040,   14.031108,    0.568624
2010-08-15 00:00:00,  368.081280,   14.268638,    0.568643
2010-08-16 00:00:00,  367.934400,   14.351908,    0.569334
2010-08-17 00:00:00,  367.640640,   14.201597,    0.568394
2010-08-18 00:00:00,  367.493760,   13.853800,    0.568059
2010-08-19 00:00:00,  367.346880,   14.059458,    0.569157
2010-08-20 00:00:00,  367.200000,   14.058781,    0.566587
2010-08-21 00:00:00,  367.200000,   14.333834,    0.563625
2010-08-22 00:00:00,  367.200000,   14.644126,    0.562873
2010-08-23 00:00:00,  367.200000,   14.458127,    0.562960
2010-08-24 00:00:00,  367.346880,   14.861600,    0.562687
2010-08-25 00:00:00,  367.493760,   15.034006,    0.563381
2010-08-26 00:00:00,  367.640640,   14.939980,    0.563713
2010-08-27 00:00:00,  367.934400,   15.156241,    0.564199
2010-08-28 00:00:00,  368.228160,   15.431437,    0.564642
2010-08-29 00:00:00,  368.521920,   15.829701,    0.564672
2010-08-30 00:00:00,  368.815680,   16.063347,    0.564700
2010-08-31 00:00:00,  369.256320,   16.018315,    0.556077
2010-09-01 00:00:00,  369.550080,   15.499413,    0.558198
2010-09-02 00:00:00,  369.843840,   15.291550,    0.559278
2010-09-03 00:00:00,  370.431360,   15.241303,    0.559554
2010-09-04 00:00:00,  371.018880,   15.602108,    0.559552
2010-09-05 00:00:00,  371.606400,   16.026339,    0.559539
2010-09-06 00:00:00,  372.193920,   16.336235,    0.559565
2010-09-07 00:00:00,  372.781440,   16.671592,    0.551595
2010-09-08 00:00:00,  373.515840,   15.984750,    0.552755
2010-09-09 00:00:00,  374.250240,   16.104573,    0.551677
2010-09-10 00:00:00,  374.984640,   16.252108,    0.551703
2010-09-11 00:00:00,  375.865920,   16.345108,    0.552061
2010-09-12 00:00:00,  376.747200,   16.040401,    0.549309
2010-09-13 00:00:00,  377.628480,   16.496974,    0.550537
2010-09-14 00:00:00,  378.656640,   16.425021,    0.550941
2010-09-15 00:00:00,  379.684800,   17.100354,    0.551880
2010-09-16 00:00:00,  380.712960,   17.135122,    0.552904
2010-09-17 00:00:00,  381.741120,   16.983299,    0.553030
2010-09-18 00:00:00,  382.769280,   16.583589,    0.554224
2010-09-19 00:00:00,  383.944320,   16.534113,    0.554360
2010-09-20 00:00:00,  385.119360,   17.215557,    0.555186
2010-09-21 00:00:00,  386.441280,   17.470770,    0.555774
2010-09-22 00:00:00,  387.763200,   18.275221,    0.556669
2010-09-23 00:00:00,  389.085120,   18.939636,    0.557503
2010-09-24 00:00:00,  390.407040,   19.609590,    0.558083
2010-09-25 00:00:00,  391.728960,   20.505012,    0.558543
2010-09-26 00:00:00,  393.197760,   20.580671,    0.559559
2010-09-27 00:00:00,  394.666560,   20.531739,    0.559831
2010-09-28 00:00:00,  396.135360,   20.892009,    0.560938
2010-09-29 00:00:00,  397.604160,   20.768845,    0.561976
2010-09-30 00:00:00,  399.219840,   20.589154,    0.562997
2010-10-01 00:00:00,  401.129280,   21.298355,    0.563518
2010-10-02 00:00:00,  403.038720,   20.797515,    0.564522
2010-10-03 00:00:00,  404.801280,   21.616040,    0.565277
2010-10-04 00:00:00,  406.563840,   21.797356,    0.566236
2010-10-05 00:00:00,  408.326400,   20.843910,    0.567149
2010-10-06 00:00:00,  410.088960,   20.702592,    0.567868
2010-10-07 00:00:00,  411.851520,   21.171030,    0.568967
2010-10-08 00:00:00,  413.614080,   20.808636,    0.569147
2010-10-09 00:00:00,  415.523520,   21.498935,    0.570433
2010-10-10 00:00:00,  417.432960,   20.439985,    0.572185
2010-10-11 00:00:00,  419.342400,   20.355535,    0.573436
2010-10-12 00:00:00,  421.251840,   20.427266,    0.574353
2010-10-13 00:00:00,  423.161280,   20.374616,    0.574608
2010-10-14 00:00:00,  425.217600,   20.137974,    0.575997
2010-10-15 00:00:00,  427.273920,   20.237012,    0.577055
2010-10-16 00:00:00,  429.330240,   20.266384,    0.577532
2010-10-17 00:00:00,  431.386560,   20.642595,    0.577738
2010-10-18 00:00:00,  433.442880,   21.440528,    0.578966
2010-10-19 00:00:00,  435.499200,   22.586507,    0.580105
2010-10-20 00:00:00,  437.702400,   21.479614,    0.574728
2010-10-21 00:00:00,  439.905600,   21.475940,    0.576535
2010-10-22 00:00:00,  442.108800,   21.735041,    0.577921
2010-10-23 00:00:00,  444.312000,   21.213313,    0.577432
2010-10-24 00:00:00,  446.515200,   21.420224,    0.578932
2010-10-25 00:00:00,  448.865280,   21.666521,    0.580048
2010-10-26 00:00:00,  451.068480,   22.555229,    0.580761
2010-10-27 00:00:00,  453.271680,   21.814057,    0.581848
2010-10-28 00:00:00,  455.621760,   20.798682,    0.583161
2010-10-29 00:00:00,  457.971840,   21.083629,    0.584480
2010-10-30 00:00:00,  460.321920,   21.193359,    0.584765
2010-10-31 00:00:00,  462.672000,   21.828149,    0.586270
2010-11-01 00:00:00,  464.434560,   21.904650,    0.586612
2010-11-02 00:00:00,  466.197120,   22.324045,    0.588531
2010-11-03 00:00:00,  468.547200,   22.971015,    0.590356
2010-11-04 00:00:00,  470.897280,   23.254074,    0.593100
2010-11-05 00:00:00,  473.247360,   22.761198,    0.593452
2010-11-06 00:00:00,  475.744320,   23.266955,    0.595069
2010-11-07 00:00:00,  478.241280,   22.844594,    0.595929
2010-11-08 00:00:00,  480.591360,   24.021536,    0.597001
2010-11-09 00:00:00,  483.088320,   23.651619,    0.597471
2010-11-10 00:00:00,  485.585280,   22.867923,    0.596677
2010-11-11 00:00:00,  488.082240,   22.412886,    0.597435
2010-11-12 00:00:00,  490.579200,   21.965356,    0.597856
2010-11-13 00:00:00,  493.076160,   21.980391,    0.599308
2010-11-14 00:00:00,  495.573120,   21.900051,    0.599143
2010-11-15 00:00:00,  498.070080,   22.371886,    0.600022
2010-11-16 00:00:00,  500.567040,   23.327112,    0.601821
2010-11-17 00:00:00,  503.064000,   24.061320,    0.603367
2010-11-18 00:00:00,  505.560960,   24.953640,    0.605360
2010-11-19 00:00:00,  508.057920,   24.697127,    0.605861
2010-11-20 00:00:00,  510.701760,   25.538047,    0.608133
2010-11-21 00:00:00,  513.198720,   25.645642,    0.608176
2010-11-22 00:00:00,  515.695680,   25.490172,    0.610369
2010-11-23 00:00:00,  518.192640,   24.599044,    0.611801
2010-11-24 00:00:00,  520.689600,   24.792223,    0.613256
2010-11-25 00:00:00,  523.333440,   24.644700,    0.614954
2010-11-26 00:00:00,  525.830400,   24.872976,    0.617090
2010-11-27 00:00:00,  528.327360,   25.008100,    0.618969
2010-11-28 00:00:00,  530.824320,   25.400488,    0.621055
2010-11-29 00:00:00,  533.321280,   25.029355,    0.621382
2010-11-30 00:00:00,  535.818240,   25.975845,    0.624240
2010-12-01 00:00:00,  538.902720,   23.982552,    0.623093
2010-12-02 00:00:00,  541.987200,   23.334153,    0.624661
2010-12-03 00:00:00,  544.337280,   22.977387,    0.625495
2010-12-04 00:00:00,  546.834240,   23.592971,    0.624373
2010-12-05 00:00:00,  549.331200,   23.098872,    0.624100
2010-12-06 00:00:00,  551.681280,   22.351413,    0.623752
2010-12-07 00:00:00,  554.178240,   22.707134,    0.621437
2010-12-08 00:00:00,  556.675200,   22.768143,    0.623698
2010-12-09 00:00:00,  559.025280,   22.679677,    0.622439
2010-12-10 00:00:00,  561.375360,   23.408509,    0.623343
2010-12-11 00:00:00,  563.725440,   23.788351,    0.624299
2010-12-12 00:00:00,  566.075520,   24.942415,    0.625900
2010-12-13 00:00:00,  568.425600,   24.325799,    0.627933
2010-12-14 00:00:00,  570.775680,   24.016234,    0.629406
2010-12-15 00:00:00,  573.125760,   24.282377,    0.630647
2010-12-16 00:00:00,  575.475840,   24.528044,    0.632219
2010-12-17 00:00:00,  577.825920,   24.893993,    0.634276
2010-12-18 00:00:00,  580.029120,   24.840466,    0.635977
2010-12-19 00:00:00,  582.232320,   24.359282,    0.636360
2010-12-20 00:00:00,  584.582400,   22.258331,    0.631240
2010-12-21 00:00:00,  586.785600,   22.521086,    0.631914
2010-12-22 00:00:00,  588.988800,   22.727268,    0.632672
2010-12-23 00:00:00,  591.192000,   23.519821,    0.633385
2010-12-24 00:00:00,  593.248320,   25.962699,    0.633518
2010-12-25 00:00:00,  595.304640,   27.574372,    0.636605
2010-12-26 00:00:00,  597.360960,   27.158656,    0.639898
2010-12-27 00:00:00,  599.417280,   26.963608,    0.641824
2010-12-28 00:00:00,  601.473600,   26.634253,    0.643832
2010-12-29 00:00:00,  603.529920,   26.739705,    0.645737
2010-12-30 00:00:00,  605.586240,   26.750974,    0.647855
2010-12-31 00:00:00,  607.495680,   26.077182,    0.648744
2011-01-01 00:00:00,  608.817600,   26.441870,    0.649465
2011-01-02 00:00:00,  610.286400,   27.277219,    0.651294
2011-01-03 00:00:00,  612.195840,   27.192868,    0.651003
2011-01-04 00:00:00,  613.958400,   27.850192,    0.651113
2011-01-05 00:00:00,  615.867840,   27.759078,    0.642936
2011-01-06 00:00:00,  617.777280,   27.550422,    0.645880
2011-01-07 00:00:00,  619.539840,   26.984117,    0.647889
2011-01-08 00:00:00,  621.302400,   27.131662,    0.649520
2011-01-09 00:00:00,  622.918080,   27.475171,    0.650701
2011-01-10 00:00:00,  624.533760,   27.759345,    0.653282
2011-01-11 00:00:00,  626.296320,   28.005511,    0.655266
2011-01-12 00:00:00,  627.912000,   27.834653,    0.657006
2011-01-13 00:00:00,  629.380800,   27.758629,    0.659201
2011-01-14 00:00:00,  630.849600,   26.921733,    0.659836
2011-01-15 00:00:00,  632.465280,   26.440104,    0.660035
2011-01-16 00:00:00,  634.080960,   26.895622,    0.661802
2011-01-17 00:00:00,  635.402880,   27.116827,    0.663563
2011-01-18 00:00:00,  636.724800,   27.054191,    0.663208
2011-01-19 00:00:00,  638.193600,   27.050531,    0.665151
2011-01-20 00:00:00,  639.515520,   26.704220,    0.665312
2011-01-21 00:00:00,  640.837440,   26.272088,    0.666106
2011-01-22 00:00:00,  642.159360,   26.140334,    0.666256
2011-01-23 00:00:00,  643.334400,   25.840733,    0.667281
2011-01-24 00:00:00,  644.509440,   24.358891,    0.657841
2011-01-25 00:00:00,  645.684480,   24.951231,    0.659439
2011-01-26 00:00:00,  646.712640,   25.121303,    0.660537
2011-01-27 00:00:00,  647.740800,   26.566449,    0.661908
2011-01-28 00:00:00,  648.768960,   27.490552,    0.661962
2011-01-29 00:00:00,  649.797120,   29.263486,    0.664461
2011-01-30 00:00:00,  650.825280,   29.815505,    0.666926
2011-01-31 00:00:00,  651.706560,   27.824454,    0.666720
2011-02-01 00:00:00,  652.294080,   27.093053,    0.667292
2011-02-02 00:00:00,  652.881600,   27.284634,    0.668622
2011-02-03 00:00:00,  653.762880,   27.527748,    0.670456
2011-02-04 00:00:00,  654.497280,   27.429655,    0.671971
2011-02-05 00:00:00,  655.084800,   26.231927,    0.673874
2011-02-06 00:00:00,  655.819200,   25.334867,    0.673229
2011-02-07 00:00:00,  656.553600,   26.146825,    0.674678
2011-02-08 00:00:00,  657.141120,   27.113419,    0.675812
2011-02-09 00:00:00,  657.728640,   28.230433,    0.677696
2011-02-10 00:00:00,  658.169280,   28.237683,    0.680238
2011-02-11 00:00:00,  658.609920,   27.235231,    0.682089
2011-02-12 00:00:00,  659.050560,   26.596509,    0.683600
2011-02-13 00:00:00,  659.344320,   27.009027,    0.684275
2011-02-14 00:00:00,  659.784960,   27.342170,    0.685001
2011-02-15 00:00:00,  660.078720,   27.922169,    0.687126
2011-02-16 00:00:00,  660.225600,   28.330567,    0.689331
2011-02-17 00:00:00,  660.519360,   28.005037,    0.690859
2011-02-18 00:00:00,  660.666240,   28.447887,    0.691666
2011-02-19 00:00:00,  660.813120,   28.018045,    0.693699
2011-02-20 00:00:00,  660.960000,   26.195823,    0.692653
2011-02-21 00:00:00,  660.960000,   27.629771,    0.691678
2011-02-22 00:00:00,  660.960000,   27.474297,    0.694406
2011-02-23 00:00:00,  660.960000,   28.107892,    0.695559
2011-02-24 00:00:00,  660.813120,   28.228283,    0.696754
2011-02-25 00:00:00,  660.666240,   29.291338,    0.697814
2011-02-26 00:00:00,  660.519360,   30.701687,    0.699244
2011-02-27 00:00:00,  660.225600,   30.639386,    0.701066
2011-02-28 00:00:00,  659.931840,   30.589810,    0.703311
2011-03-01 00:00:00,  659.197440,   29.256679,    0.705200
2011-03-02 00:00:00,  658.316160,   28.953972,    0.706010
2011-03-03 00:00:00,  657.728640,   28.627198,    0.707657
2011-03-04 00:00:00,  657.141120,   28.870583,    0.708989
2011-03-05 00:00:00,  656.553600,   28.149971,    0.710084
2011-03-06 00:00:00,  655.966080,   27.298093,    0.709339
2011-03-07 00:00:00,  655.378560,   26.724410,    0.707638
2011-03-08 00:00:00,  654.644160,   26.173821,    0.708389
2011-03-09 00:00:00,  653.909760,   26.080893,    0.706496
2011-03-10 00:00:00,  653.175360,   26.262274,    0.707871
2011-03-11 00:00:00,  652.294080,   25.917410,    0.709207
2011-03-12 00:00:00,  651.412800,   25.069053,    0.708709
2011-03-13 00:00:00,  650.531520,   24.875815,    0.706860
2011-03-14 00:00:00,  649.503360,   25.652945,    0.707688
2011-03-15 00:00:00,  648.475200,   25.078010,    0.709067
2011-03-16 00:00:00,  647.447040,   25.380313,    0.709692
2011-03-17 00:00:00,  646.418880,   25.731830,    0.710085
2011-03-18 00:00:00,  645.390720,   26.292175,    0.711185
2011-03-19 00:00:00,  644.215680,   25.663884,    0.712908
2011-03-20 00:00:00,  643.040640,   24.876364,    0.713675
2011-03-21 00:00:00,  641.718720,   24.977295,    0.712449
2011-03-22 00:00:00,  640.396800,   25.461144,    0.713394
2011-03-23 00:00:00,  639.221760,   25.857373,    0.714758
2011-03-24 00:00:00,  637.899840,   26.122621,    0.716158
2011-03-25 00:00:00,  636.431040,   26.176944,    0.716989
2011-03-26 00:00:00,  634.962240,   26.249991,    0.718245
2011-03-27 00:00:00,  633.493440,   26.530552,    0.719500
2011-03-28 00:00:00,  632.024640,   26.126473,    0.720184
2011-03-29 00:00:00,  630.555840,   25.753396,    0.720413
2011-03-30 00:00:00,  629.087040,   25.561374,    0.720382
2011-03-31 00:00:00,  627.471360,   25.535946,    0.721624
2011-04-01 00:00:00,  626.296320,   25.130424,    0.722573
2011-04-02 00:00:00,  625.121280,   24.745416,    0.721355
2011-04-03 00:00:00,  623.358720,   24.600395,    0.722207
2011-04-04 00:00:00,  621.596160,   24.338954,    0.722795
2011-04-05 00:00:00,  619.833600,   24.730287,    0.723220
2011-04-06 00:00:00,  618.071040,   24.497126,    0.723685
2011-04-07 00:00:00,  616.308480,   23.613536,    0.721327
2011-04-08 00:00:00,  614.545920,   23.234984,    0.719769
2011-04-09 00:00:00,  612.783360,   22.451708,    0.716480
2011-04-10 00:00:00,  610.873920,   21.906764,    0.711539
2011-04-11 00:00:00,  608.964480,   22.027621,    0.701326
2011-04-12 00:00:00,  607.055040,   21.837742,    0.701720
2011-04-13 00:00:00,  604.998720,   22.392789,    0.701960
2011-04-14 00:00:00,  602.942400,   22.445018,    0.702619
2011-04-15 00:00:00,  600.886080,   22.284577,    0.703315
2011-04-16 00:00:00,  598.829760,   22.322150,    0.703517
2011-04-17 00:00:00,  596.773440,   21.828053,    0.703726
2011-04-18 00:00:00,  594.717120,   21.561152,    0.703818
2011-04-19 00:00:00,  592.660800,   21.360715,    0.703365
2011-04-20 00:00:00,  590.457600,   21.047407,    0.703739
2011-04-21 00:00:00,  588.254400,   21.211042,    0.702364
2011-04-22 00:00:00,  586.198080,   21.783345,    0.702365
2011-04-23 00:00:00,  583.994880,   22.029457,    0.702580
2011-04-24 00:00:00,  581.644800,   22.301480,    0.703428
2011-04-25 00:00:00,  579.441600,   22.718162,    0.704066
2011-04-26 00:00:00,  577.238400,   22.500895,    0.698952
2011-04-27 00:00:00,  574.888320,   21.222924,    0.698155
2011-04-28 00:00:00,  572.538240,   20.600455,    0.697694
2011-04-29 00:00:00,  570.188160,   20.543606,    0.697550
2011-04-30 00:00:00,  567.838080,   20.454324,    0.697626
2011-05-01 00:00:00,  565.047360,   20.583854,    0.697772
2011-05-02 00:00:00,  562.109760,   20.657547,    0.698215
2011-05-03 00:00:00,  559.612800,   20.655931,    0.698636
2011-05-04 00:00:00,  557.262720,   20.708225,    0.699103
2011-05-05 00:00:00,  554.912640,   20.412425,    0.699362
2011-05-06 00:00:00,  552.415680,   20.065467,    0.698963
2011-05-07 00:00:00,  549.918720,   19.730621,    0.698215
2011-05-08 00:00:00,  547.568640,   19.739744,    0.698466
2011-05-09 00:00:00,  545.071680,   19.381507,    0.698621
2011-05-10 00:00:00,  542.574720,   19.514388,    0.697479
2011-05-11 00:00:00,  540.077760,   19.244650,    0.697624
2011-05-12 00:00:00,  537.580800,   18.993385,    0.697786
2011-05-13 00:00:00,  535.083840,   18.694705,    0.696636
2011-05-14 00:00:00,  532.586880,   18.402282,    0.696652
2011-05-15 00:00:00,  530.089920,   18.002939,    0.694627
2011-05-16 00:00:00,  527.592960,   18.087738,    0.692739
2011-05-17 00:00:00,  525.096000,   18.031788,    0.678069
2011-05-18 00:00:00,  522.599040,   18.370148,    0.688603
2011-05-19 00:00:00,  520.102080,   18.211984,    0.688650
2011-05-20 00:00:00,  517.458240,   17.723608,    0.682947
2011-05-21 00:00:00,  514.961280,   17.604785,    0.683101
2011-05-22 00:00:00,  512.464320,   17.787020,    0.683338
2011-05-23 00:00:00,  509.967360,   18.092677,    0.683426
2011-05-24 00:00:00,  507.470400,   17.564036,    0.683673
2011-05-25 00:00:00,  504.826560,   17.265631,    0.683532
2011-05-26 00:00:00,  502.329600,   17.234905,    0.683869
2011-05-27 00:00:00,  499.832640,   17.331288,    0.684161
2011-05-28 00:00:00,  497.335680,   17.522531,    0.684278
2011-05-29 00:00:00,  494.838720,   17.174993,    0.683342
2011-05-30 00:00:00,  492.341760,   17.266217,    0.679440
2011-05-31 00:00:00,  489.844800,   17.417794,    0.668393
2011-06-01 00:00:00,  488.082240,   17.365645,    0.649208
2011-06-02 00:00:00,  486.319680,   17.251031,    0.653457
2011-06-03 00:00:00,  483.822720,   17.238470,    0.657477
2011-06-04 00:00:00,  481.325760,   16.712913,    0.659015
2011-06-05 00:00:00,  478.828800,   16.556990,    0.661145
2011-06-06 00:00:00,  476.478720,   16.410607,    0.662517
2011-06-07 00:00:00,  473.981760,   16.240587,    0.663586
2011-06-08 00:00:00,  471.484800,   16.085155,    0.665039
2011-06-09 00:00:00,  469.134720,   15.875504,    0.677668
2011-06-10 00:00:00,  466.784640,   15.635247,    0.682118
2011-06-11 00:00:00,  464.434560,   15.360572,    0.682563
2011-06-12 00:00:00,  462.084480,   15.199464,    0.682956
2011-06-13 00:00:00,  459.734400,   14.822216,    0.683461
2011-06-14 00:00:00,  457.384320,   14.522569,    0.682383
2011-06-15 00:00:00,  455.034240,   14.558685,    0.680984
2011-06-16 00:00:00,  452.684160,   14.771059,    0.681159
2011-06-17 00:00:00,  450.334080,   14.583508,    0.681361
2011-06-18 00:00:00,  448.130880,   14.608451,    0.680290
2011-06-19 00:00:00,  445.927680,   14.691726,    0.680526
2011-06-20 00:00:00,  443.577600,   14.826475,    0.680509
2011-06-21 00:00:00,  441.374400,   14.988246,    0.680597
2011-06-22 00:00:00,  439.318080,   14.918271,    0.680774
2011-06-23 00:00:00,  437.114880,   15.113053,    0.680609
2011-06-24 00:00:00,  434.911680,   15.356536,    0.673571
2011-06-25 00:00:00,  432.855360,   15.486236,    0.671405
2011-06-26 00:00:00,  430.799040,   15.795152,    0.669313
2011-06-27 00:00:00,  428.742720,   15.394357,    0.665603
2011-06-28 00:00:00,  426.686400,   15.212490,    0.656369
2011-06-29 00:00:00,  424.630080,   15.258814,    0.654357
2011-06-30 00:00:00,  422.573760,   14.857929,    0.646164
2011-07-01 00:00:00,  420.223680,   14.665263,    0.645880
2011-07-02 00:00:00,  417.873600,   14.326860,    0.642840
2011-07-03 00:00:00,  415.964160,   14.138746,    0.639427
2011-07-04 00:00:00,  414.201600,   14.062454,    0.638821
2011-07-05 00:00:00,  412.292160,   13.928752,    0.638307
2011-07-06 00:00:00,  410.382720,   13.892442,    0.638480
2011-07-07 00:00:00,  408.620160,   13.753653,    0.638827
2011-07-08 00:00:00,  406.857600,   13.581590,    0.638979
2011-07-09 00:00:00,  405.241920,   13.558963,    0.639241
2011-07-10 00:00:00,  403.626240,   13.241943,    0.639161
2011-07-11 00:00:00,  401.863680,   13.003997,    0.636221
2011-07-12 00:00:00,  400.248000,   13.598517,    0.636481
2011-07-13 00:00:00,  398.779200,   13.401989,    0.636521
2011-07-14 00:00:00,  397.163520,   14.170624,    0.636786
2011-07-15 00:00:00,  395.547840,   13.940864,    0.631740
2011-07-16 00:00:00,  394.079040,   13.952499,    0.631974
2011-07-17 00:00:00,  392.757120,   13.890763,    0.632227
2011-07-18 00:00:00,  391.435200,   13.676593,    0.632748
2011-07-19 00:00:00,  389.966400,   14.383314,    0.632683
2011-07-20 00:00:00,  388.644480,   13.992144,    0.612070
2011-07-21 00:00:00,  387.322560,   13.912412,    0.616829
2011-07-22 00:00:00,  386.000640,   13.956939,    0.597880
2011-07-23 00:00:00,  384.825600,   13.791425,    0.591584
2011-07-24 00:00:00,  383.650560,   14.191369,    0.598860
2011-07-25 00:00:00,  382.475520,   14.020540,    0.595707
2011-07-26 00:00:00,  381.447360,   14.126694,    0.595319
2011-07-27 00:00:00,  380.419200,   14.576926,    0.591148
2011-07-28 00:00:00,  379.391040,   14.962151,    0.587718
2011-07-29 00:00:00,  378.362880,   14.787095,    0.588600
2011-07-30 00:00:00,  377.334720,   14.916410,    0.588117
2011-07-31 00:00:00,  376.453440,   15.011930,    0.587210
2011-08-01 00:00:00,  375.865920,   15.283501,    0.582974
2011-08-02 00:00:00,  375.278400,   15.242709,    0.578594
2011-08-03 00:00:00,  374.397120,   14.898331,    0.578823
2011-08-04 00:00:00,  373.662720,   14.815228,    0.578911
2011-08-05 00:00:00,  372.928320,   14.925876,    0.579781
2011-08-06 00:00:00,  372.193920,   14.654724,    0.581117
2011-08-07 00:00:00,  371.606400,   14.700101,    0.579997
2011-08-08 00:00:00,  371.018880,   14.813889,    0.580483
2011-08-09 00:00:00,  370.431360,   14.879230,    0.580606
2011-08-10 00:00:00,  369.990720,   14.840878,    0.580855
2011-08-11 00:00:00,  369.550080,   14.900305,    0.581083
2011-08-12 00:00:00,  369.109440,   14.877819,    0.581305
2011-08-13 00:00:00,  368.815680,   16.098305,    0.560574
2011-08-14 00:00:00,  368.375040,   15.571185,    0.565133
2011-08-15 00:00:00,  368.081280,   14.975380,    0.565955
2011-08-16 00:00:00,  367.934400,   14.674822,    0.566061
2011-08-17 00:00:00,  367.640640,   14.839906,    0.566603
2011-08-18 00:00:00,  367.493760,   14.832034,    0.566765
2011-08-19 00:00:00,  367.346880,   14.941563,    0.567057
2011-08-20 00:00:00,  367.200000,   15.975291,    0.567370
2011-08-21 00:00:00,  367.200000,   17.132050,    0.554961
2011-08-22 00:00:00,  367.200000,   17.341567,    0.556348
2011-08-23 00:00:00,  367.200000,   16.883391,    0.554685
2011-08-24 00:00:00,  367.346880,   16.489593,    0.554113
2011-08-25 00:00:00,  367.493760,   16.137454,    0.554301
2011-08-26 00:00:00,  367.640640,   16.382058,    0.554677
2011-08-27 00:00:00,  367.934400,   16.631547,    0.555024
2011-08-28 00:00:00,  368.228160,   16.830931,    0.555012
2011-08-29 00:00:00,  368.521920,   16.977720,    0.555857
2011-08-30 00:00:00,  368.815680,   17.229423,    0.555752
2011-08-31 00:00:00,  369.256320,   17.489909,    0.555702
2011-09-01 00:00:00,  369.550080,   19.281744,    0.554997
2011-09-02 00:00:00,  369.843840,   17.701158,    0.553994
2011-09-03 00:00:00,  370.431360,   16.991023,    0.554445
2011-09-04 00:00:00,  371.018880,   16.967346,    0.554727
2011-09-05 00:00:00,  371.606400,   16.735057,    0.555664
2011-09-06 00:00:00,  372.193920,   16.725031,    0.556225
2011-09-07 00:00:00,  372.781440,   16.540389,    0.556958
2011-09-08 00:00:00,  373.515840,   16.543938,    0.557696
2011-09-09 00:00:00,  374.250240,   16.418380,    0.557928
2011-09-10 00:00:00,  374.984640,   16.759298,    0.558494
2011-09-11 00:00:00,  375.865920,   17.228441,    0.559138
2011-09-12 00:00:00,  376.747200,   17.993212,    0.559941
2011-09-13 00:00:00,  377.628480,   18.387990,    0.560392
2011-09-14 00:00:00,  378.656640,   18.839596,    0.560317
2011-09-15 00:00:00,  379.684800,   19.137315,    0.560294
2011-09-16 00:00:00,  380.712960,   19.863827,    0.562889
2011-09-17 00:00:00,  381.741120,   19.184362,    0.559011
2011-09-18 00:00:00,  382.769280,   17.840270,    0.546654
2011-09-19 00:00:00,  383.944320,   17.488884,    0.547217
2011-09-20 00:00:00,  385.119360,   18.120809,    0.546761
2011-09-21 00:00:00,  386.441280,   17.209933,    0.542413
2011-09-22 00:00:00,  387.763200,   16.876923,    0.542556
2011-09-23 00:00:00,  389.085120,   16.857492,    0.542784
2011-09-24 00:00:00,  390.407040,   17.221497,    0.542815
2011-09-25 00:00:00,  391.728960,   17.827880,    0.543062
2011-09-26 00:00:00,  393.197760,   17.751760,    0.544357
2011-09-27 00:00:00,  394.666560,   16.632466,    0.538630
2011-09-28 00:00:00,  396.135360,   16.718649,    0.538782
2011-09-29 00:00:00,  397.604160,   17.163519,    0.538828
2011-09-30 00:00:00,  399.219840,   17.882035,    0.540755
2011-10-01 00:00:00,  401.129280,   17.892077,    0.540801
2011-10-02 00:00:00,  403.038720,   19.304712,    0.533193
2011-10-03 00:00:00,  404.801280,   19.333490,    0.535370
2011-10-04 00:00:00,  406.563840,   19.622700,    0.535866
2011-10-05 00:00:00,  408.326400,   19.876047,    0.536447
2011-10-06 00:00:00,  410.088960,   21.210566,    0.537582
2011-10-07 00:00:00,  411.851520,   21.212361,    0.537703
2011-10-08 00:00:00,  413.614080,   21.744136,    0.537806
2011-10-09 00:00:00,  415.523520,   22.090085,    0.540279
2011-10-10 00:00:00,  417.432960,   21.198444,    0.540276
2011-10-11 00:00:00,  419.342400,   23.200552,    0.542175
2011-10-12 00:00:00,  421.251840,   22.784788,    0.542397
2011-10-13 00:00:00,  423.161280,   21.861348,    0.544511
2011-10-14 00:00:00,  425.217600,   21.560594,    0.544597
2011-10-15 00:00:00,  427.273920,   22.082292,    0.545416
2011-10-16 00:00:00,  429.330240,   22.427918,    0.546867
2011-10-17 00:00:00,  431.386560,   22.812142,    0.548606
2011-10-18 00:00:00,  433.442880,   21.797290,    0.541320
2011-10-19 00:00:00,  435.499200,   21.616450,    0.542858
2011-10-20 00:00:00,  437.702400,   21.870911,    0.544119
2011-10-21 00:00:00,  439.905600,   22.538942,    0.545363
2011-10-22 00:00:00,  442.108800,   21.992814,    0.545567
2011-10-23 00:00:00,  444.312000,   22.003521,    0.546387
2011-10-24 00:00:00,  446.515200,   21.451995,    0.546915
2011-10-25 00:00:00,  448.865280,   21.231697,    0.541519
2011-10-26 00:00:00,  451.068480,   21.379057,    0.541732
2011-10-27 00:00:00,  453.271680,   22.567823,    0.542971
2011-10-28 00:00:00,  455.621760,   22.249657,    0.543908
2011-10-29 00:00:00,  457.971840,   22.242741,    0.544504
2011-10-30 00:00:00,  460.321920,   22.006871,    0.545631
2011-10-31 00:00:00,  462.672000,   22.314826,    0.547010
2011-11-01 00:00:00,  464.434560,   22.750743,    0.548617
2011-11-02 00:00:00,  466.197120,   24.986845,    0.547480
2011-11-03 00:00:00,  468.547200,   24.846791,    0.548190
2011-11-04 00:00:00,  470.897280,   24.798142,    0.549682
2011-11-05 00:00:00,  473.247360,   22.988290,    0.541013
2011-11-06 00:00:00,  475.744320,   23.027412,    0.541109
2011-11-07 00:00:00,  478.241280,   22.354378,    0.534684
2011-11-08 00:00:00,  480.591360,   20.907765,    0.534033
2011-11-09 00:00:00,  483.088320,   21.343101,    0.534474
2011-11-10 00:00:00,  485.585280,   22.028016,    0.535319
2011-11-11 00:00:00,  488.082240,   23.001439,    0.537283
2011-11-12 00:00:00,  490.579200,   22.774409,    0.537547
2011-11-13 00:00:00,  493.076160,   23.432835,    0.538999
2011-11-14 00:00:00,  495.573120,   23.852727,    0.541248
2011-11-15 00:00:00,  498.070080,   23.644139,    0.542764
2011-11-16 00:00:00,  500.567040,   24.139919,    0.543965
2011-11-17 00:00:00,  503.064000,   23.619215,    0.543498
2011-11-18 00:00:00,  505.560960,   23.639954,    0.545142
2011-11-19 00:00:00,  508.057920,   23.376430,    0.546392
2011-11-20 00:00:00,  510.701760,   23.522224,    0.548086
2011-11-21 00:00:00,  513.198720,   23.754174,    0.549201
2011-11-22 00:00:00,  515.695680,   24.801375,    0.550959
2011-11-23 00:00:00,  518.192640,   24.625935,    0.551502
2011-11-24 00:00:00,  520.689600,   24.910171,    0.553640
2011-11-25 00:00:00,  523.333440,   25.496237,    0.556303
2011-11-26 00:00:00,  525.830400,   23.815116,    0.557501
2011-11-27 00:00:00,  528.327360,   22.999958,    0.558888
2011-11-28 00:00:00,  530.824320,   22.970791,    0.560397
2011-11-29 00:00:00,  533.321280,   22.798460,    0.561986
2011-11-30 00:00:00,  535.818240,   22.751895,    0.562875
2011-12-01 00:00:00,  538.902720,   22.862614,    0.563658
2011-12-02 00:00:00,  541.987200,   23.504787,    0.565626
2011-12-03 00:00:00,  544.337280,   24.126082,    0.567792
2011-12-04 00:00:00,  546.834240,   24.807037,    0.569892
2011-12-05 00:00:00,  549.331200,   26.549875,    0.572062
2011-12-06 00:00:00,  551.681280,   24.974305,    0.553581
2011-12-07 00:00:00,  554.178240,   25.017831,    0.553333
2011-12-08 00:00:00,  556.675200,   24.412004,    0.554169
2011-12-09 00:00:00,  559.025280,   24.953097,    0.555004
2011-12-10 00:00:00,  561.375360,   25.939166,    0.556834
2011-12-11 00:00:00,  563.725440,   26.254453,    0.558029
2011-12-12 00:00:00,  566.075520,   23.666524,    0.518884
2011-12-13 00:00:00,  568.425600,   22.580174,    0.523408
2011-12-14 00:00:00,  570.775680,   22.917209,    0.523912
2011-12-15 00:00:00,  573.125760,   23.519852,    0.526186
2011-12-16 00:00:00,  575.475840,   23.575727,    0.525927
2011-12-17 00:00:00,  577.825920,   25.375680,    0.527970
2011-12-18 00:00:00,  580.029120,   25.214966,    0.528355
2011-12-19 00:00:00,  582.232320,   25.935133,    0.531601
2011-12-20 00:00:00,  584.582400,   25.848953,    0.531462
2011-12-21 00:00:00,  586.785600,   26.518932,    0.534707
2011-12-22 00:00:00,  588.988800,   26.439666,    0.536338
2011-12-23 00:00:00,  591.192000,   26.104409,    0.538434
2011-12-24 00:00:00,  593.248320,   26.186666,    0.540383
2011-12-25 00:00:00,  595.304640,   26.072813,    0.541721
2011-12-26 00:00:00,  597.360960,   26.259051,    0.543352
2011-12-27 00:00:00,  599.417280,   26.275544,    0.545052
2011-12-28 00:00:00,  601.473600,   26.321805,    0.545698
2011-12-29 00:00:00,  603.529920,   26.760467,    0.547455
2011-12-30 00:00:00,  605.586240,   28.018181,    0.551114
2011-12-31 00:00:00,  607.495680,   27.514239,    0.552304
2012-01-01 00:00:00,  608.817600,   27.188224,    0.553949
2012-01-02 00:00:00,  610.286400,   26.944369,    0.555792
2012-01-03 00:00:00,  612.195840,   26.289215,    0.557500
2012-01-04 00:00:00,  613.958400,   26.645452,    0.559475
2012-01-05 00:00:00,  615.867840,   27.157625,    0.561129
2012-01-06 00:00:00,  617.777280,   26.135056,    0.562458
2012-01-07 00:00:00,  619.539840,   25.355295,    0.564039
2012-01-08 00:00:00,  621.302400,   25.169078,    0.565080
2012-01-09 00:00:00,  622.918080,   25.493707,    0.566659
2012-01-10 00:00:00,  624.533760,   26.290284,    0.568716
2012-01-11 00:00:00,  626.296320,   25.900555,    0.568885
2012-01-12 00:00:00,  627.912000,   27.587962,    0.572757
2012-01-13 00:00:00,  629.380800,   27.038052,    0.573362
2012-01-14 00:00:00,  630.849600,   28.008356,    0.574997
2012-01-15 00:00:00,  632.465280,   29.337855,    0.577523
2012-01-16 00:00:00,  634.080960,   27.363450,    0.579426
2012-01-17 00:00:00,  635.402880,   26.884803,    0.580791
2012-01-18 00:00:00,  636.724800,   27.042711,    0.582403
2012-01-19 00:00:00,  638.193600,   28.528118,    0.583849
2012-01-20 00:00:00,  639.515520,   28.204823,    0.583026
2012-01-21 00:00:00,  640.837440,   29.160868,    0.584536
2012-01-22 00:00:00,  642.159360,   29.371307,    0.587486
2012-01-23 00:00:00,  643.334400,   28.754682,    0.589611
2012-01-24 00:00:00,  644.509440,   28.391882,    0.589091
2012-01-25 00:00:00,  645.684480,   29.020422,    0.590306
2012-01-26 00:00:00,  646.712640,   29.271913,    0.588079
2012-01-27 00:00:00,  647.740800,   30.211112,    0.590358
2012-01-28 00:00:00,  648.768960,   31.000633,    0.593951
2012-01-29 00:00:00,  649.797120,   28.385519,    0.596030
2012-01-30 00:00:00,  650.825280,   27.262542,    0.597486
2012-01-31 00:00:00,  651.706560,   26.860620,    0.596382
2012-02-01 00:00:00,  652.294080,   27.219092,    0.599593
2012-02-02 00:00:00,  652.881600,   27.121376,    0.594418
2012-02-03 00:00:00,  653.762880,   26.295621,    0.596973
2012-02-04 00:00:00,  654.497280,   25.286980,    0.598511
2012-02-05 00:00:00,  655.084800,   25.200562,    0.598884
2012-02-06 00:00:00,  655.819200,   25.441175,    0.600859
2012-02-07 00:00:00,  656.553600,   25.551977,    0.602132
2012-02-08 00:00:00,  657.141120,   25.987232,    0.604531
2012-02-09 00:00:00,  657.728640,   25.127016,    0.604548
2012-02-10 00:00:00,  658.169280,   27.853519,    0.607598
2012-02-11 00:00:00,  658.609920,   27.894330,    0.609851
2012-02-12 00:00:00,  659.050560,   27.115953,    0.611166
2012-02-13 00:00:00,  659.344320,   27.717577,    0.612592
2012-02-14 00:00:00,  659.784960,   27.672398,    0.614220
2012-02-15 00:00:00,  660.078720,   27.284660,    0.615966
2012-02-16 00:00:00,  660.225600,   27.085034,    0.617125
2012-02-17 00:00:00,  660.519360,   27.127478,    0.619191
2012-02-18 00:00:00,  660.666240,   26.983905,    0.620371
2012-02-19 00:00:00,  660.813120,   27.331649,    0.620998
2012-02-20 00:00:00,  660.960000,   27.265143,    0.622364
2012-02-21 00:00:00,  660.960000,   27.746197,    0.622835
2012-02-22 00:00:00,  660.960000,   27.888028,    0.622832
2012-02-23 00:00:00,  660.960000,   27.868100,    0.625203
2012-02-24 00:00:00,  660.813120,   27.011635,    0.626266
2012-02-25 00:00:00,  660.666240,   26.326344,    0.625808
2012-02-26 00:00:00,  660.519360,   25.587653,    0.626786
2012-02-27 00:00:00,  660.225600,   25.445397,    0.626609
2012-02-28 00:00:00,  659.931840,   25.189701,    0.627809
2012-02-29 00:00:00,  659.638080,   24.909145,    0.629045
2012-03-01 00:00:00,  659.050560,   24.580249,    0.628792
2012-03-02 00:00:00,  658.316160,   24.369899,    0.629115
2012-03-03 00:00:00,  657.728640,   24.050514,    0.628964
2012-03-04 00:00:00,  657.141120,   24.300908,    0.629951
2012-03-05 00:00:00,  656.553600,   25.162597,    0.631069
2012-03-06 00:00:00,  655.966080,   26.387749,    0.634007
2012-03-07 00:00:00,  655.378560,   25.820341,    0.635172
2012-03-08 00:00:00,  654.644160,   25.559289,    0.635814
2012-03-09 00:00:00,  653.909760,   26.024193,    0.636796
2012-03-10 00:00:00,  653.175360,   26.783067,    0.637888
2012-03-11 00:00:00,  652.294080,   27.265290,    0.639344
2012-03-12 00:00:00,  651.412800,   27.220113,    0.640845
2012-03-13 00:00:00,  650.531520,   26.085062,    0.642393
2012-03-14 00:00:00,  649.503360,   25.186389,    0.642291
2012-03-15 00:00:00,  648.475200,   24.596307,    0.642740
2012-03-16 00:00:00,  647.447040,   24.303891,    0.642637
2012-03-17 00:00:00,  646.418880,   24.393172,    0.643489
2012-03-18 00:00:00,  645.390720,   24.659476,    0.644371
2012-03-19 00:00:00,  644.215680,   24.245095,    0.645566
2012-03-20 00:00:00,  643.040640,   23.869959,    0.645873
2012-03-21 00:00:00,  641.718720,   23.702653,    0.647047
2012-03-22 00:00:00,  640.396800,   23.335845,    0.646164
2012-03-23 00:00:00,  639.221760,   23.316040,    0.647029
2012-03-24 00:00:00,  637.899840,   23.283264,    0.646766
2012-03-25 00:00:00,  636.431040,   23.425283,    0.648213
2012-03-26 00:00:00,  634.962240,   23.671192,    0.649101
2012-03-27 00:00:00,  633.493440,   23.782265,    0.649897
2012-03-28 00:00:00,  632.024640,   23.814153,    0.650555
2012-03-29 00:00:00,  630.555840,   23.819195,    0.651428
2012-03-30 00:00:00,  629.087040,   22.810836,    0.651721
2012-03-31 00:00:00,  627.471360,   22.687996,    0.651227
2012-04-01 00:00:00,  626.296320,   22.380972,    0.651640
2012-04-02 00:00:00,  625.121280,   22.043486,    0.650007
2012-04-03 00:00:00,  623.358720,   22.312390,    0.650488
2012-04-04 00:00:00,  621.596160,   22.264584,    0.650884
2012-04-05 00:00:00,  619.833600,   21.587353,    0.651196
2012-04-06 00:00:00,  618.071040,   21.064113,    0.650674
2012-04-07 00:00:00,  616.308480,   21.618262,    0.651276
2012-04-08 00:00:00,  614.545920,   22.163914,    0.651774
2012-04-09 00:00:00,  612.783360,   22.707431,    0.651878
2012-04-10 00:00:00,  610.873920,   23.218440,    0.652485
2012-04-11 00:00:00,  608.964480,   23.183930,    0.654243
2012-04-12 00:00:00,  607.055040,   22.805525,    0.654437
2012-04-13 00:00:00,  604.998720,   22.703438,    0.655310
2012-04-14 00:00:00,  602.942400,   22.853006,    0.655973
2012-04-15 00:00:00,  600.886080,   23.188043,    0.656865
2012-04-16 00:00:00,  598.829760,   23.384559,    0.657415
2012-04-17 00:00:00,  596.773440,   22.689862,    0.657796
2012-04-18 00:00:00,  594.717120,   21.836424,    0.656919
2012-04-19 00:00:00,  592.660800,   21.570516,    0.656836
2012-04-20 00:00:00,  590.457600,   21.191097,    0.656805
2012-04-21 00:00:00,  588.254400,   21.026230,    0.656615
2012-04-22 00:00:00,  586.198080,   20.942747,    0.655280
2012-04-23 00:00:00,  583.994880,   20.794806,    0.655244
2012-04-24 00:00:00,  581.644800,   20.156881,    0.655561
2012-04-25 00:00:00,  579.441600,   19.681325,    0.654879
2012-04-26 00:00:00,  577.238400,   20.343384,    0.654506
2012-04-27 00:00:00,  574.888320,   19.834768,    0.655855
2012-04-28 00:00:00,  572.538240,   19.168624,    0.655228
2012-04-29 00:00:00,  570.188160,   19.425908,    0.651262
2012-04-30 00:00:00,  567.838080,   19.563099,    0.652286
2012-05-01 00:00:00,  565.047360,   19.273111,    0.653275
2012-05-02 00:00:00,  562.109760,   19.319133,    0.654060
2012-05-03 00:00:00,  559.612800,   19.788735,    0.654212
2012-05-04 00:00:00,  557.262720,   19.448320,    0.621426
2012-05-05 00:00:00,  554.912640,   19.582828,    0.622023
2012-05-06 00:00:00,  552.415680,   19.086385,    0.618074
2012-05-07 00:00:00,  549.918720,   18.402733,    0.623514
2012-05-08 00:00:00,  547.568640,   17.954131,    0.626200
2012-05-09 00:00:00,  545.071680,   18.068480,    0.625710
2012-05-10 00:00:00,  542.574720,   18.539347,    0.616740
2012-05-11 00:00:00,  540.077760,   18.282327,    0.619011
2012-05-12 00:00:00,  537.580800,   18.216160,    0.622058
2012-05-13 00:00:00,  535.083840,   18.059606,    0.622523
2012-05-14 00:00:00,  532.586880,   18.394254,    0.622705
2012-05-15 00:00:00,  530.089920,   18.595382,    0.623344
2012-05-16 00:00:00,  527.592960,   18.395274,    0.623144
2012-05-17 00:00:00,  525.096000,   18.185764,    0.623408
2012-05-18 00:00:00,  522.599040,   18.281115,    0.623614
2012-05-19 00:00:00,  520.102080,   18.337398,    0.623699
2012-05-20 00:00:00,  517.458240,   18.162861,    0.624298
2012-05-21 00:00:00,  514.961280,   17.984859,    0.624687
2012-05-22 00:00:00,  512.464320,   17.824261,    0.625275
2012-05-23 00:00:00,  509.967360,   17.667779,    0.626695
2012-05-24 00:00:00,  507.470400,   17.458507,    0.627920
2012-05-25 00:00:00,  504.826560,   17.021472,    0.628999
2012-05-26 00:00:00,  502.329600,   16.718909,    0.630406
2012-05-27 00:00:00,  499.832640,   16.773801,    0.631758
2012-05-28 00:00:00,  497.335680,   16.873841,    0.631975
2012-05-29 00:00:00,  494.838720,   16.694744,    0.633004
2012-05-30 00:00:00,  492.341760,   16.769677,    0.634636
2012-05-31 00:00:00,  489.844800,   16.220634,    0.653273
2012-06-01 00:00:00,  488.082240,   16.494989,    0.653694
2012-06-02 00:00:00,  486.319680,   16.539279,    0.653545
2012-06-03 00:00:00,  483.822720,   16.048605,    0.654155
2012-06-04 00:00:00,  481.325760,   16.020162,    0.655249
2012-06-05 00:00:00,  478.828800,   15.874541,    0.655759
2012-06-06 00:00:00,  476.478720,   15.448160,    0.657668
2012-06-07 00:00:00,  473.981760,   15.399133,    0.645638
2012-06-08 00:00:00,  471.484800,   15.648120,    0.647056
2012-06-09 00:00:00,  469.134720,   15.889206,    0.647288
2012-06-10 00:00:00,  466.784640,   15.665456,    0.645777
2012-06-11 00:00:00,  464.434560,   15.412523,    0.645091
2012-06-12 00:00:00,  462.084480,   15.236962,    0.641557
2012-06-13 00:00:00,  459.734400,   14.931281,    0.640707
2012-06-14 00:00:00,  457.384320,   14.707702,    0.637355
2012-06-15 00:00:00,  455.034240,   14.759893,    0.637498
2012-06-16 00:00:00,  452.684160,   14.900305,    0.637596
2012-06-17 00:00:00,  450.334080,   15.216324,    0.637803
2012-06-18 00:00:00,  448.130880,   15.133985,    0.637966
2012-06-19 00:00:00,  445.927680,   15.469735,    0.635109
2012-06-20 00:00:00,  443.577600,   14.934155,    0.634931
2012-06-21 00:00:00,  441.374400,   14.955339,    0.635084
2012-06-22 00:00:00,  439.318080,   14.988611,    0.635279
2012-06-23 00:00:00,  437.114880,   14.592017,    0.635642
2012-06-24 00:00:00,  434.911680,   14.539188,    0.635856
2012-06-25 00:00:00,  432.855360,   14.136197,    0.635586
2012-06-26 00:00:00,  430.799040,   13.951900,    0.632519
2012-06-27 00:00:00,  428.742720,   14.021124,    0.631513
2012-06-28 00:00:00,  426.686400,   14.013066,    0.631187
2012-06-29 00:00:00,  424.630080,   14.171313,    0.631390
2012-06-30 00:00:00,  422.573760,   14.597937,    0.631868
2012-07-01 00:00:00,  420.223680,   14.492906,    0.631834
2012-07-02 00:00:00,  417.873600,   14.453528,    0.631953
2012-07-03 00:00:00,  415.964160,   14.180932,    0.632138
2012-07-04 00:00:00,  414.201600,   14.187632,    0.632415
2012-07-05 00:00:00,  412.292160,   13.819997,    0.632797
2012-07-06 00:00:00,  410.382720,   13.911629,    0.631352
2012-07-07 00:00:00,  408.620160,   14.037859,    0.631486
2012-07-08 00:00:00,  406.857600,   13.944143,    0.631997
2012-07-09 00:00:00,  405.241920,   13.770351,    0.632272
2012-07-10 00:00:00,  403.626240,   13.522176,    0.624459
2012-07-11 00:00:00,  401.863680,   13.357254,    0.624674
2012-07-12 00:00:00,  400.248000,   13.357233,    0.624783
2012-07-13 00:00:00,  398.779200,   13.254885,    0.625004
2012-07-14 00:00:00,  397.163520,   13.797758,    0.625245
2012-07-15 00:00:00,  395.547840,   13.692977,    0.625356
2012-07-16 00:00:00,  394.079040,   13.495497,    0.621041
2012-07-17 00:00:00,  392.757120,   13.765142,    0.621655
2012-07-18 00:00:00,  391.435200,   13.733887,    0.621815
2012-07-19 00:00:00,  389.966400,   13.572973,    0.621902
2012-07-20 00:00:00,  388.644480,   13.547396,    0.622102
2012-07-21 00:00:00,  387.322560,   13.404196,    0.622262
2012-07-22 00:00:00,  386.000640,   14.325025,    0.622812
2012-07-23 00:00:00,  384.825600,   13.546322,    0.623052
2012-07-24 00:00:00,  383.650560,   13.585538,    0.623210
2012-07-25 00:00:00,  382.475520,   13.446893,    0.623432
2012-07-26 00:00:00,  381.447360,   13.472399,    0.623528
2012-07-27 00:00:00,  380.419200,   13.759758,    0.623806
2012-07-28 00:00:00,  379.391040,   13.706264,    0.624022
2012-07-29 00:00:00,  378.362880,   13.713356,    0.624528
2012-07-30 00:00:00,  377.334720,   13.774711,    0.624758
2012-07-31 00:00:00,  376.453440,   14.121045,    0.617669
2012-08-01 00:00:00,  375.865920,   14.237421,    0.613526
2012-08-02 00:00:00,  375.278400,   13.925934,    0.615487
2012-08-03 00:00:00,  374.397120,   14.107904,    0.614943
2012-08-04 00:00:00,  373.662720,   14.196419,    0.612423
2012-08-05 00:00:00,  372.928320,   14.856773,    0.612720
2012-08-06 00:00:00,  372.193920,   14.909328,    0.610972
2012-08-07 00:00:00,  371.606400,   14.848480,    0.606270
2012-08-08 00:00:00,  371.018880,   14.685390,    0.605619
2012-08-09 00:00:00,  370.431360,   14.812317,    0.603270
2012-08-10 00:00:00,  369.990720,   14.857639,    0.603631
2012-08-11 00:00:00,  369.550080,   15.223668,    0.603690
2012-08-12 00:00:00,  369.109440,   15.243703,    0.587711
2012-08-13 00:00:00,  368.815680,   14.893228,    0.590733
2012-08-14 00:00:00,  368.375040,   15.210865,    0.588855
2012-08-15 00:00:00,  368.081280,   15.278237,    0.589602
2012-08-16 00:00:00,  367.934400,   15.626204,    0.590038
2012-08-17 00:00:00,  367.640640,   15.497467,    0.590656
2012-08-18 00:00:00,  367.493760,   15.510111,    0.590420
2012-08-19 00:00:00,  367.346880,   15.663682,    0.590808
2012-08-20 00:00:00,  367.200000,   16.135367,    0.590800
2012-08-21 00:00:00,  367.200000,   16.528273,    0.588265
2012-08-22 00:00:00,  367.200000,   15.671816,    0.588780
2012-08-23 00:00:00,  367.200000,   15.842453,    0.589089
2012-08-24 00:00:00,  367.346880,   15.554408,    0.589127
2012-08-25 00:00:00,  367.493760,   15.634051,    0.589331
2012-08-26 00:00:00,  367.640640,   16.607787,    0.589886
2012-08-27 00:00:00,  367.934400,   17.010462,    0.590112
2012-08-28 00:00:00,  368.228160,   16.807297,    0.590375
2012-08-29 00:00:00,  368.521920,   16.963312,    0.590449
2012-08-30 00:00:00,  368.815680,   17.428643,    0.590827
2012-08-31 00:00:00,  369.256320,   17.185045,    0.588149
2012-09-01 00:00:00,  369.550080,   17.178489,    0.588529
2012-09-02 00:00:00,  369.843840,   17.838836,    0.589468
2012-09-03 00:00:00,  370.431360,   16.747869,    0.584392
2012-09-04 00:00:00,  371.018880,   15.515336,    0.582360
2012-09-05 00:00:00,  371.606400,   15.138584,    0.579543
2012-09-06 00:00:00,  372.193920,   15.472752,    0.578302
2012-09-07 00:00:00,  372.781440,   15.340403,    0.578348
2012-09-08 00:00:00,  373.515840,   15.891696,    0.578901
2012-09-09 00:00:00,  374.250240,   16.349591,    0.579528
2012-09-10 00:00:00,  374.984640,   16.777406,    0.579519
2012-09-11 00:00:00,  375.865920,   17.528692,    0.579652
2012-09-12 00:00:00,  376.747200,   18.017518,    0.581207
2012-09-13 00:00:00,  377.628480,   17.827339,    0.581514
2012-09-14 00:00:00,  378.656640,   18.411243,    0.582204
2012-09-15 00:00:00,  379.684800,   18.623434,    0.582867
2012-09-16 00:00:00,  380.712960,   19.113640,    0.583176
2012-09-17 00:00:00,  381.741120,   19.549037,    0.584021
2012-09-18 00:00:00,  382.769280,   19.775158,    0.572210
2012-09-19 00:00:00,  383.944320,   20.077704,    0.572744
2012-09-20 00:00:00,  385.119360,   19.674344,    0.574081
2012-09-21 00:00:00,  386.441280,   17.895553,    0.573640
2012-09-22 00:00:00,  387.763200,   17.003305,    0.573877
2012-09-23 00:00:00,  389.085120,   17.438271,    0.574587
2012-09-24 00:00:00,  390.407040,   17.405240,    0.574986
2012-09-25 00:00:00,  391.728960,   17.282539,    0.570299
2012-09-26 00:00:00,  393.197760,   16.527691,    0.569224
2012-09-27 00:00:00,  394.666560,   15.816691,    0.568319
2012-09-28 00:00:00,  396.135360,   16.491075,    0.568489
2012-09-29 00:00:00,  397.604160,   17.063422,    0.569058
2012-09-30 00:00:00,  399.219840,   17.657702,    0.569770
2012-10-01 00:00:00,  401.129280,   18.430447,    0.570501
2012-10-02 00:00:00,  403.038720,   19.676695,    0.571864
2012-10-03 00:00:00,  404.801280,   19.495767,    0.572473
2012-10-04 00:00:00,  406.563840,   20.047704,    0.573597
2012-10-05 00:00:00,  408.326400,   19.428216,    0.573334
2012-10-06 00:00:00,  410.088960,   20.109919,    0.574408
2012-10-07 00:00:00,  411.851520,   20.297447,    0.575236
2012-10-08 00:00:00,  413.614080,   20.688671,    0.576189
2012-10-09 00:00:00,  415.523520,   20.741971,    0.576346
2012-10-10 00:00:00,  417.432960,   20.773360,    0.576732
2012-10-11 00:00:00,  419.342400,   20.943865,    0.579257
2012-10-12 00:00:00,  421.251840,   21.405377,    0.579982
2012-10-13 00:00:00,  423.161280,   20.598812,    0.579616
2012-10-14 00:00:00,  425.217600,   20.063370,    0.580603
2012-10-15 00:00:00,  427.273920,   20.142041,    0.580484
2012-10-16 00:00:00,  429.330240,   20.307723,    0.581489
2012-10-17 00:00:00,  431.386560,   21.263974,    0.582521
2012-10-18 00:00:00,  433.442880,   21.661116,    0.582480
2012-10-19 00:00:00,  435.499200,   22.427522,    0.584392
2012-10-20 00:00:00,  437.702400,   23.029256,    0.585480
2012-10-21 00:00:00,  439.905600,   23.617772,    0.585924
2012-10-22 00:00:00,  442.108800,   22.555553,    0.587041
2012-10-23 00:00:00,  444.312000,   22.016087,    0.588103
2012-10-24 00:00:00,  446.515200,   21.832022,    0.588151
2012-10-25 00:00:00,  448.865280,   22.039351,    0.589363
2012-10-26 00:00:00,  451.068480,   22.303679,    0.590803
2012-10-27 00:00:00,  453.271680,   22.883589,    0.592161
2012-10-28 00:00:00,  455.621760,   23.560222,    0.593135
2012-10-29 00:00:00,  457.971840,   23.558101,    0.594246
2012-10-30 00:00:00,  460.321920,   22.629525,    0.595396
2012-10-31 00:00:00,  462.672000,   21.743206,    0.596411
2012-11-01 00:00:00,  464.434560,   21.468097,    0.596994
2012-11-02 00:00:00,  466.197120,   22.271624,    0.597895
2012-11-03 00:00:00,  468.547200,   21.738031,    0.598825
2012-11-04 00:00:00,  470.897280,   20.404196,    0.593452
2012-11-05 00:00:00,  473.247360,   19.800743,    0.591912
2012-11-06 00:00:00,  475.744320,   20.003607,    0.591953
2012-11-07 00:00:00,  478.241280,   21.465363,    0.593860
2012-11-08 00:00:00,  480.591360,   22.147275,    0.595340
2012-11-09 00:00:00,  483.088320,   23.044671,    0.596300
2012-11-10 00:00:00,  485.585280,   23.197767,    0.597749
2012-11-11 00:00:00,  488.082240,   22.669506,    0.599003
2012-11-12 00:00:00,  490.579200,   22.711824,    0.600616
2012-11-13 00:00:00,  493.076160,   22.648198,    0.601880
2012-11-14 00:00:00,  495.573120,   23.037290,    0.603475
2012-11-15 00:00:00,  498.070080,   23.567917,    0.604954
2012-11-16 00:00:00,  500.567040,   24.163295,    0.606634
2012-11-17 00:00:00,  503.064000,   25.038173,    0.608560
2012-11-18 00:00:00,  505.560960,   24.314740,    0.610495
2012-11-19 00:00:00,  508.057920,   24.711264,    0.610942
2012-11-20 00:00:00,  510.701760,   24.876971,    0.612943
2012-11-21 00:00:00,  513.198720,   25.431537,    0.614711
2012-11-22 00:00:00,  515.695680,   26.313265,    0.615815
2012-11-23 00:00:00,  518.192640,   25.477184,    0.616891
2012-11-24 00:00:00,  520.689600,   24.527467,    0.616246
2012-11-25 00:00:00,  523.333440,   25.174320,    0.617372
2012-11-26 00:00:00,  525.830400,   25.960478,    0.618376
2012-11-27 00:00:00,  528.327360,   25.224471,    0.619880
2012-11-28 00:00:00,  530.824320,   22.101887,    0.611703
2012-11-29 00:00:00,  533.321280,   20.341124,    0.608796
2012-11-30 00:00:00,  535.818240,   20.321792,    0.609745
2012-12-01 00:00:00,  538.902720,   21.342388,    0.610847
2012-12-02 00:00:00,  541.987200,   22.119899,    0.612134
2012-12-03 00:00:00,  544.337280,   23.732353,    0.614525
2012-12-04 00:00:00,  546.834240,   23.871828,    0.614979
2012-12-05 00:00:00,  549.331200,   24.774789,    0.615142
2012-12-06 00:00:00,  551.681280,   25.299226,    0.619235
2012-12-07 00:00:00,  554.178240,   24.326531,    0.620702
2012-12-08 00:00:00,  556.675200,   24.696853,    0.622346
2012-12-09 00:00:00,  559.025280,   25.330631,    0.624372
2012-12-10 00:00:00,  561.375360,   26.543792,    0.626316
2012-12-11 00:00:00,  563.725440,   27.219178,    0.626448
2012-12-12 00:00:00,  566.075520,   24.482636,    0.600568
2012-12-13 00:00:00,  568.425600,   24.270156,    0.596089
2012-12-14 00:00:00,  570.775680,   24.721306,    0.604403
2012-12-15 00:00:00,  573.125760,   25.094398,    0.605804
2012-12-16 00:00:00,  575.475840,   24.920568,    0.605993
2012-12-17 00:00:00,  577.825920,   26.742203,    0.609512
2012-12-18 00:00:00,  580.029120,   25.452150,    0.611014
2012-12-19 00:00:00,  582.232320,   25.411466,    0.612503
2012-12-20 00:00:00,  584.582400,   25.936164,    0.613788
2012-12-21 00:00:00,  586.785600,   25.600648,    0.615743
2012-12-22 00:00:00,  588.988800,   25.723349,    0.617239
2012-12-23 00:00:00,  591.192000,   25.996409,    0.618852
2012-12-24 00:00:00,  593.248320,   25.993658,    0.619108
2012-12-25 00:00:00,  595.304640,   27.373779,    0.623202
2012-12-26 00:00:00,  597.360960,   27.251303,    0.625371
2012-12-27 00:00:00,  599.417280,   27.069824,    0.625533
2012-12-28 00:00:00,  601.473600,   29.221942,    0.628444
2012-12-29 00:00:00,  603.529920,   29.178609,    0.630509
2012-12-30 00:00:00,  605.586240,   28.828166,    0.630513
2012-12-31 00:00:00,  607.495680,   29.642412,    0.630671
2013-01-01 00:00:00,  608.817600,   30.011037,    0.637188
2013-01-02 00:00:00,  610.286400,   29.661797,    0.638779
2013-01-03 00:00:00,  612.195840,   27.766954,    0.639506
2013-01-04 00:00:00,  613.958400,   26.810798,    0.640257
2013-01-05 00:00:00,  615.867840,   27.474561,    0.642164
2013-01-06 00:00:00,  617.777280,   26.945653,    0.643112
2013-01-07 00:00:00,  619.539840,   26.619757,    0.643036
2013-01-08 00:00:00,  621.302400,   27.627186,    0.644049
2013-01-09 00:00:00,  622.918080,   26.521977,    0.645987
2013-01-10 00:00:00,  624.533760,   26.057432,    0.646685
2013-01-11 00:00:00,  626.296320,   25.838364,    0.646819
2013-01-12 00:00:00,  627.912000,   26.058603,    0.647829
2013-01-13 00:00:00,  629.380800,   25.225566,    0.648617
2013-01-14 00:00:00,  630.849600,   27.328348,    0.649815
2013-01-15 00:00:00,  632.465280,   27.939458,    0.650168
2013-01-16 00:00:00,  634.080960,   26.152119,    0.652819
2013-01-17 00:00:00,  635.402880,   24.561043,    0.653695
2013-01-18 00:00:00,  636.724800,   24.656264,    0.653320
2013-01-19 00:00:00,  638.193600,   25.463257,    0.655303
2013-01-20 00:00:00,  639.515520,   25.530055,    0.655319
2013-01-21 00:00:00,  640.837440,   25.886175,    0.659394
2013-01-22 00:00:00,  642.159360,   26.465718,    0.661359
2013-01-23 00:00:00,  643.334400,   25.772526,    0.663639
2013-01-24 00:00:00,  644.509440,   25.312093,    0.665346
2013-01-25 00:00:00,  645.684480,   25.546533,    0.666387
2013-01-26 00:00:00,  646.712640,   26.115204,    0.668033
2013-01-27 00:00:00,  647.740800,   25.940919,    0.668334
2013-01-28 00:00:00,  648.768960,   26.474684,    0.672398
2013-01-29 00:00:00,  649.797120,   26.376816,    0.673894
2013-01-30 00:00:00,  650.825280,   26.492024,    0.676345
2013-01-31 00:00:00,  651.706560,   26.705507,    0.677246
2013-02-01 00:00:00,  652.294080,   26.716288,    0.678834
2013-02-02 00:00:00,  652.881600,   27.536124,    0.680628
2013-02-03 00:00:00,  653.762880,   27.729891,    0.680727
2013-02-04 00:00:00,  654.497280,   28.210397,    0.684997
2013-02-05 00:00:00,  655.084800,   26.905495,    0.685749
2013-02-06 00:00:00,  655.819200,   25.996437,    0.685371
2013-02-07 00:00:00,  656.553600,   25.929851,    0.685265
2013-02-08 00:00:00,  657.141120,   26.237925,    0.686441
2013-02-09 00:00:00,  657.728640,   26.729159,    0.688814
2013-02-10 00:00:00,  658.169280,   26.885174,    0.690758
2013-02-11 00:00:00,  658.609920,   26.692179,    0.692236
2013-02-12 00:00:00,  659.050560,   26.906038,    0.693128
2013-02-13 00:00:00,  659.344320,   27.923461,    0.694862
2013-02-14 00:00:00,  659.784960,   27.458189,    0.698172
2013-02-15 00:00:00,  660.078720,   27.753690,    0.699560
2013-02-16 00:00:00,  660.225600,   27.916747,    0.701033
2013-02-17 00:00:00,  660.519360,   25.695942,    0.698728
2013-02-18 00:00:00,  660.666240,   25.527324,    0.696076
2013-02-19 00:00:00,  660.813120,   25.562444,    0.698254
2013-02-20 00:00:00,  660.960000,   25.524038,    0.698468
2013-02-21 00:00:00,  660.960000,   26.181754,    0.698586
2013-02-22 00:00:00,  660.960000,   25.411761,    0.701353
2013-02-23 00:00:00,  660.960000,   25.247569,    0.701972
2013-02-24 00:00:00,  660.813120,   25.196773,    0.703061
2013-02-25 00:00:00,  660.666240,   25.430117,    0.701986
2013-02-26 00:00:00,  660.519360,   26.590033,    0.704457
2013-02-27 00:00:00,  660.225600,   26.502326,    0.705203
2013-02-28 00:00:00,  659.931840,   26.578250,    0.707004
2013-03-01 00:00:00,  659.197440,   26.571817,    0.707814
2013-03-02 00:00:00,  658.316160,   27.076213,    0.709204
2013-03-03 00:00:00,  657.728640,   28.132966,    0.710256
2013-03-04 00:00:00,  657.141120,   27.266375,    0.710287
2013-03-05 00:00:00,  656.553600,   27.030675,    0.711236
2013-03-06 00:00:00,  655.966080,   26.500376,    0.712359
2013-03-07 00:00:00,  655.378560,   26.309977,    0.712460
2013-03-08 00:00:00,  654.644160,   26.300729,    0.713937
2013-03-09 00:00:00,  653.909760,   26.428176,    0.714756
2013-03-10 00:00:00,  653.175360,   25.387139,    0.715214
2013-03-11 00:00:00,  652.294080,   24.593522,    0.713817
2013-03-12 00:00:00,  651.412800,   23.997759,    0.712389
2013-03-13 00:00:00,  650.531520,   24.402313,    0.713287
2013-03-14 00:00:00,  649.503360,   22.952803,    0.709278
2013-03-15 00:00:00,  648.475200,   23.701904,    0.698289
2013-03-16 00:00:00,  647.447040,   23.523245,    0.705781
2013-03-17 00:00:00,  646.418880,   25.258202,    0.705741
2013-03-18 00:00:00,  645.390720,   25.865394,    0.706866
2013-03-19 00:00:00,  644.215680,   25.551855,    0.707690
2013-03-20 00:00:00,  643.040640,   23.985986,    0.708633
2013-03-21 00:00:00,  641.718720,   23.142609,    0.708551
2013-03-22 00:00:00,  640.396800,   23.071835,    0.707512
2013-03-23 00:00:00,  639.221760,   23.412208,    0.707785
2013-03-24 00:00:00,  637.899840,   23.376711,    0.708797
2013-03-25 00:00:00,  636.431040,   22.844675,    0.698358
2013-03-26 00:00:00,  634.962240,   21.502044,    0.671203
2013-03-27 00:00:00,  633.493440,   21.775334,    0.670833
2013-03-28 00:00:00,  632.024640,   22.231221,    0.671523
2013-03-29 00:00:00,  630.555840,   22.350486,    0.672313
2013-03-30 00:00:00,  629.087040,   22.742226,    0.673367
2013-03-31 00:00:00,  627.471360,   22.897859,    0.674498
2013-04-01 00:00:00,  626.296320,   23.426574,    0.675859
2013-04-02 00:00:00,  625.121280,   23.404418,    0.675894
2013-04-03 00:00:00,  623.358720,   23.466718,    0.677271
2013-04-04 00:00:00,  621.596160,   24.995134,    0.679020
2013-04-05 00:00:00,  619.833600,   24.844674,    0.680045
2013-04-06 00:00:00,  618.071040,   24.114565,    0.681160
2013-04-07 00:00:00,  616.308480,   24.238827,    0.681949
2013-04-08 00:00:00,  614.545920,   24.195721,    0.682164
2013-04-09 00:00:00,  612.783360,   25.672866,    0.683809
2013-04-10 00:00:00,  610.873920,   25.774493,    0.683873
2013-04-11 00:00:00,  608.964480,   25.134547,    0.686409
2013-04-12 00:00:00,  607.055040,   23.790357,    0.682278
2013-04-13 00:00:00,  604.998720,   23.514072,    0.681941
2013-04-14 00:00:00,  602.942400,   23.576088,    0.681896
2013-04-15 00:00:00,  600.886080,   23.850257,    0.682284
2013-04-16 00:00:00,  598.829760,   23.909804,    0.682874
2013-04-17 00:00:00,  596.773440,   24.048472,    0.683188
2013-04-18 00:00:00,  594.717120,   24.200794,    0.683676
2013-04-19 00:00:00,  592.660800,   23.525472,    0.666571
2013-04-20 00:00:00,  590.457600,   22.538670,    0.669238
2013-04-21 00:00:00,  588.254400,   21.719211,    0.669411
2013-04-22 00:00:00,  586.198080,   21.869388,    0.667667
2013-04-23 00:00:00,  583.994880,   21.869420,    0.667968
2013-04-24 00:00:00,  581.644800,   21.597126,    0.668824
2013-04-25 00:00:00,  579.441600,   21.349633,    0.668849
2013-04-26 00:00:00,  577.238400,   21.420578,    0.668634
2013-04-27 00:00:00,  574.888320,   21.586407,    0.669767
2013-04-28 00:00:00,  572.538240,   21.227447,    0.670145
2013-04-29 00:00:00,  570.188160,   20.779395,    0.669889
2013-04-30 00:00:00,  567.838080,   20.791891,    0.669838
2013-05-01 00:00:00,  565.047360,   20.797936,    0.653941
2013-05-02 00:00:00,  562.109760,   20.485509,    0.659853
2013-05-03 00:00:00,  559.612800,   20.521870,    0.660442
2013-05-04 00:00:00,  557.262720,   20.670886,    0.660869
2013-05-05 00:00:00,  554.912640,   20.426584,    0.660745
2013-05-06 00:00:00,  552.415680,   20.589720,    0.661075
2013-05-07 00:00:00,  549.918720,   20.044683,    0.655611
2013-05-08 00:00:00,  547.568640,   19.194011,    0.641847
2013-05-09 00:00:00,  545.071680,   18.205417,    0.631484
2013-05-10 00:00:00,  542.574720,   17.681776,    0.623585
2013-05-11 00:00:00,  540.077760,   17.447645,    0.624026
2013-05-12 00:00:00,  537.580800,   17.363957,    0.624226
2013-05-13 00:00:00,  535.083840,   17.303382,    0.624868
2013-05-14 00:00:00,  532.586880,   17.234723,    0.626262
2013-05-15 00:00:00,  530.089920,   17.047385,    0.626286
2013-05-16 00:00:00,  527.592960,   17.022962,    0.620225
2013-05-17 00:00:00,  525.096000,   17.055865,    0.622991
2013-05-18 00:00:00,  522.599040,   16.846443,    0.622886
2013-05-19 00:00:00,  520.102080,   16.825435,    0.624281
2013-05-20 00:00:00,  517.458240,   16.551758,    0.610809
2013-05-21 00:00:00,  514.961280,   16.596095,    0.616225
2013-05-22 00:00:00,  512.464320,   16.582931,    0.616423
2013-05-23 00:00:00,  509.967360,   16.634245,    0.617164
2013-05-24 00:00:00,  507.470400,   16.318999,    0.618585
2013-05-25 00:00:00,  504.826560,   16.370401,    0.620669
2013-05-26 00:00:00,  502.329600,   16.247176,    0.620977
2013-05-27 00:00:00,  499.832640,   17.010825,    0.615200
2013-05-28 00:00:00,  497.335680,   16.926903,    0.614727
2013-05-29 00:00:00,  494.838720,   16.446016,    0.619455
2013-05-30 00:00:00,  492.341760,   15.843560,    0.626819
2013-05-31 00:00:00,  489.844800,   15.656356,    0.634558
2013-06-01 00:00:00,  488.082240,   15.360842,    0.639820
2013-06-02 00:00:00,  486.319680,   15.248927,    0.640101
2013-06-03 00:00:00,  483.822720,   15.541260,    0.640596
2013-06-04 00:00:00,  481.325760,   15.227402,    0.640524
2013-06-05 00:00:00,  478.828800,   15.242156,    0.639917
2013-06-06 00:00:00,  476.478720,   15.257634,    0.640060
2013-06-07 00:00:00,  473.981760,   15.223339,    0.640362
2013-06-08 00:00:00,  471.484800,   15.346160,    0.640590
2013-06-09 00:00:00,  469.134720,   15.663499,    0.640437
2013-06-10 00:00:00,  466.784640,   15.806573,    0.640872
2013-06-11 00:00:00,  464.434560,   15.362516,    0.640944
2013-06-12 00:00:00,  462.084480,   15.241094,    0.641388
2013-06-13 00:00:00,  459.734400,   15.228266,    0.641530
2013-06-14 00:00:00,  457.384320,   14.910631,    0.641850
2013-06-15 00:00:00,  455.034240,   14.895987,    0.641908
2013-06-16 00:00:00,  452.684160,   14.873255,    0.642101
2013-06-17 00:00:00,  450.334080,   15.114675,    0.641147
2013-06-18 00:00:00,  448.130880,   14.885691,    0.641437
2013-06-19 00:00:00,  445.927680,   15.059994,    0.641274
2013-06-20 00:00:00,  443.577600,   14.743705,    0.641197
2013-06-21 00:00:00,  441.374400,   14.609819,    0.641578
2013-06-22 00:00:00,  439.318080,   14.399233,    0.641904
2013-06-23 00:00:00,  437.114880,   14.120172,    0.637627
2013-06-24 00:00:00,  434.911680,   14.248269,    0.637886
2013-06-25 00:00:00,  432.855360,   14.353835,    0.638072
2013-06-26 00:00:00,  430.799040,   14.435255,    0.638181
2013-06-27 00:00:00,  428.742720,   14.455808,    0.638339
2013-06-28 00:00:00,  426.686400,   14.537437,    0.638585
2013-06-29 00:00:00,  424.630080,   14.554278,    0.638640
2013-06-30 00:00:00,  422.573760,   14.516834,    0.638811
2013-07-01 00:00:00,  420.223680,   14.482162,    0.639005
2013-07-02 00:00:00,  417.873600,   14.829015,    0.639451
2013-07-03 00:00:00,  415.964160,   14.489972,    0.637989
2013-07-04 00:00:00,  414.201600,   14.395355,    0.638184
2013-07-05 00:00:00,  412.292160,   14.344797,    0.638482
2013-07-06 00:00:00,  410.382720,   14.016528,    0.638840
2013-07-07 00:00:00,  408.620160,   14.097926,    0.639254
2013-07-08 00:00:00,  406.857600,   13.918620,    0.639169
2013-07-09 00:00:00,  405.241920,   13.649906,    0.634796
2013-07-10 00:00:00,  403.626240,   13.716974,    0.634876
2013-07-11 00:00:00,  401.863680,   13.724260,    0.623401
2013-07-12 00:00:00,  400.248000,   13.925568,    0.623269
2013-07-13 00:00:00,  398.779200,   14.418432,    0.612819
2013-07-14 00:00:00,  397.163520,   14.613848,    0.615253
2013-07-15 00:00:00,  395.547840,   14.961190,    0.615883
2013-07-16 00:00:00,  394.079040,   14.303019,    0.618283
2013-07-17 00:00:00,  392.757120,   13.748453,    0.619343
2013-07-18 00:00:00,  391.435200,   13.747215,    0.620225
2013-07-19 00:00:00,  389.966400,   13.675303,    0.623651
2013-07-20 00:00:00,  388.644480,   13.595578,    0.623894
2013-07-21 00:00:00,  387.322560,   13.466099,    0.623909
2013-07-22 00:00:00,  386.000640,   13.209686,    0.624343
2013-07-23 00:00:00,  384.825600,   13.182486,    0.617839
2013-07-24 00:00:00,  383.650560,   13.445172,    0.613606
2013-07-25 00:00:00,  382.475520,   13.536598,    0.612509
2013-07-26 00:00:00,  381.447360,   13.259626,    0.600762
2013-07-27 00:00:00,  380.419200,   13.305881,    0.597535
2013-07-28 00:00:00,  379.391040,   13.425102,    0.597687
2013-07-29 00:00:00,  378.362880,   13.443132,    0.596976
2013-07-30 00:00:00,  377.334720,   13.631537,    0.596986
2013-07-31 00:00:00,  376.453440,   14.161343,    0.596367
2013-08-01 00:00:00,  375.865920,   14.002229,    0.596321
2013-08-02 00:00:00,  375.278400,   14.170813,    0.596315
2013-08-03 00:00:00,  374.397120,   14.419552,    0.596291
2013-08-04 00:00:00,  373.662720,   15.949256,    0.595744
2013-08-05 00:00:00,  372.928320,   16.735310,    0.593279
2013-08-06 00:00:00,  372.193920,   16.993874,    0.592732
2013-08-07 00:00:00,  371.606400,   17.328830,    0.580823
2013-08-08 00:00:00,  371.018880,   16.950076,    0.580125
2013-08-09 00:00:00,  370.431360,   16.949785,    0.580452
2013-08-10 00:00:00,  369.990720,   16.767060,    0.572789
2013-08-11 00:00:00,  369.550080,   16.280585,    0.570361
2013-08-12 00:00:00,  369.109440,   16.101791,    0.571792
2013-08-13 00:00:00,  368.815680,   15.827229,    0.566821
2013-08-14 00:00:00,  368.375040,   15.539345,    0.567771
2013-08-15 00:00:00,  368.081280,   14.723624,    0.566842
2013-08-16 00:00:00,  367.934400,   14.299057,    0.568766
2013-08-17 00:00:00,  367.640640,   15.048584,    0.569677
2013-08-18 00:00:00,  367.493760,   15.110065,    0.569910
2013-08-19 00:00:00,  367.346880,   14.872819,    0.569932
2013-08-20 00:00:00,  367.200000,   14.831653,    0.570142
2013-08-21 00:00:00,  367.200000,   15.928780,    0.569600
2013-08-22 00:00:00,  367.200000,   15.749188,    0.569682
2013-08-23 00:00:00,  367.200000,   16.047735,    0.570047
2013-08-24 00:00:00,  367.346880,   16.239287,    0.570516
2013-08-25 00:00:00,  367.493760,   16.270870,    0.563908
2013-08-26 00:00:00,  367.640640,   15.954728,    0.558666
2013-08-27 00:00:00,  367.934400,   15.428900,    0.552578
2013-08-28 00:00:00,  368.228160,   15.888557,    0.547901
2013-08-29 00:00:00,  368.521920,   16.116221,    0.543374
2013-08-30 00:00:00,  368.815680,   16.247212,    0.541134
2013-08-31 00:00:00,  369.256320,   16.539894,    0.542856
2013-09-01 00:00:00,  369.550080,   16.775902,    0.542974
2013-09-02 00:00:00,  369.843840,   17.091292,    0.542986
2013-09-03 00:00:00,  370.431360,   17.578633,    0.541122
2013-09-04 00:00:00,  371.018880,   16.898944,    0.541925
2013-09-05 00:00:00,  371.606400,   17.057280,    0.542673
2013-09-06 00:00:00,  372.193920,   18.014696,    0.543620
2013-09-07 00:00:00,  372.781440,   17.553565,    0.543393
2013-09-08 00:00:00,  373.515840,   17.582159,    0.543223
2013-09-09 00:00:00,  374.250240,   17.937000,    0.543597
2013-09-10 00:00:00,  374.984640,   18.434798,    0.544196
2013-09-11 00:00:00,  375.865920,   17.180365,    0.532569
2013-09-12 00:00:00,  376.747200,   17.107734,    0.533738
2013-09-13 00:00:00,  377.628480,   17.022763,    0.532659
2013-09-14 00:00:00,  378.656640,   15.974959,    0.526670
2013-09-15 00:00:00,  379.684800,   16.042274,    0.520859
2013-09-16 00:00:00,  380.712960,   15.652782,    0.511807
2013-09-17 00:00:00,  381.741120,   15.592254,    0.513424
2013-09-18 00:00:00,  382.769280,   15.699591,    0.512093
2013-09-19 00:00:00,  383.944320,   15.718331,    0.512598
2013-09-20 00:00:00,  385.119360,   15.873383,    0.512709
2013-09-21 00:00:00,  386.441280,   16.882718,    0.512152
2013-09-22 00:00:00,  387.763200,   16.503993,    0.506070
2013-09-23 00:00:00,  389.085120,   16.711520,    0.505936
2013-09-24 00:00:00,  390.407040,   16.474332,    0.504664
2013-09-25 00:00:00,  391.728960,   17.169132,    0.505827
2013-09-26 00:00:00,  393.197760,   16.865562,    0.504475
2013-09-27 00:00:00,  394.666560,   16.777091,    0.504753
2013-09-28 00:00:00,  396.135360,   17.120063,    0.504917
2013-09-29 00:00:00,  397.604160,   17.455325,    0.489271
2013-09-30 00:00:00,  399.219840,   17.625693,    0.483334
2013-10-01 00:00:00,  401.129280,   17.476218,    0.486385
2013-10-02 00:00:00,  403.038720,   18.721008,    0.485724
2013-10-03 00:00:00,  404.801280,   19.088945,    0.485741
2013-10-04 00:00:00,  406.563840,   19.180527,    0.485967
2013-10-05 00:00:00,  408.326400,   19.316479,    0.486225
2013-10-06 00:00:00,  410.088960,   19.648912,    0.486100
2013-10-07 00:00:00,  411.851520,   19.895916,    0.486164
2013-10-08 00:00:00,  413.614080,   20.069114,    0.486374
2013-10-09 00:00:00,  415.523520,   20.897570,    0.478134
2013-10-10 00:00:00,  417.432960,   20.658793,    0.478995
2013-10-11 00:00:00,  419.342400,   19.717530,    0.481102
2013-10-12 00:00:00,  421.251840,   19.458454,    0.483245
2013-10-13 00:00:00,  423.161280,   19.415606,    0.486259
2013-10-14 00:00:00,  425.217600,   20.010565,    0.487012
2013-10-15 00:00:00,  427.273920,   20.287398,    0.487497
2013-10-16 00:00:00,  429.330240,   20.210393,    0.487394
2013-10-17 00:00:00,  431.386560,   20.362727,    0.487801
2013-10-18 00:00:00,  433.442880,   21.905072,    0.489158
2013-10-19 00:00:00,  435.499200,   20.105784,    0.481850
2013-10-20 00:00:00,  437.702400,   19.548778,    0.475418
2013-10-21 00:00:00,  439.905600,   19.936189,    0.477469
2013-10-22 00:00:00,  442.108800,   20.076846,    0.480369
2013-10-23 00:00:00,  444.312000,   20.056473,    0.480841
2013-10-24 00:00:00,  446.515200,   20.628771,    0.483214
2013-10-25 00:00:00,  448.865280,   20.427052,    0.483215
2013-10-26 00:00:00,  451.068480,   22.584686,    0.484507
2013-10-27 00:00:00,  453.271680,   23.471514,    0.485471
2013-10-28 00:00:00,  455.621760,   23.925450,    0.486829
2013-10-29 00:00:00,  457.971840,   23.801480,    0.486694
2013-10-30 00:00:00,  460.321920,   24.206995,    0.487995
2013-10-31 00:00:00,  462.672000,   24.684831,    0.490382
2013-11-01 00:00:00,  464.434560,   24.433024,    0.491365
2013-11-02 00:00:00,  466.197120,   24.084623,    0.492940
2013-11-03 00:00:00,  468.547200,   23.450216,    0.492772
2013-11-04 00:00:00,  470.897280,   25.078626,    0.494727
2013-11-05 00:00:00,  473.247360,   23.750524,    0.496122
2013-11-06 00:00:00,  475.744320,   22.912735,    0.496640
2013-11-07 00:00:00,  478.241280,   23.019843,    0.495750
2013-11-08 00:00:00,  480.591360,   23.384671,    0.496726
2013-11-09 00:00:00,  483.088320,   24.256323,    0.497961
2013-11-10 00:00:00,  485.585280,   24.116552,    0.498174
2013-11-11 00:00:00,  488.082240,   25.219468,    0.500770
2013-11-12 00:00:00,  490.579200,   24.147653,    0.502210
2013-11-13 00:00:00,  493.076160,   23.561270,    0.503194
2013-11-14 00:00:00,  495.573120,   23.351087,    0.503400
2013-11-15 00:00:00,  498.070080,   23.781090,    0.505041
2013-11-16 00:00:00,  500.567040,   24.154075,    0.506934
2013-11-17 00:00:00,  503.064000,   25.054168,    0.507092
2013-11-18 00:00:00,  505.560960,   24.735974,    0.510650
2013-11-19 00:00:00,  508.057920,   23.788547,    0.511635
2013-11-20 00:00:00,  510.701760,   23.607394,    0.512831
2013-11-21 00:00:00,  513.198720,   23.300554,    0.512759
2013-11-22 00:00:00,  515.695680,   23.972914,    0.514340
2013-11-23 00:00:00,  518.192640,   26.027481,    0.516087
2013-11-24 00:00:00,  520.689600,   24.845001,    0.517627
2013-11-25 00:00:00,  523.333440,   24.763068,    0.519247
2013-11-26 00:00:00,  525.830400,   24.839327,    0.519933
2013-11-27 00:00:00,  528.327360,   25.427475,    0.521208
2013-11-28 00:00:00,  530.824320,   25.643204,    0.522538
2013-11-29 00:00:00,  533.321280,   23.663188,    0.522055
2013-11-30 00:00:00,  535.818240,   23.675054,    0.523119
2013-12-01 00:00:00,  538.902720,   24.558888,    0.524382
2013-12-02 00:00:00,  541.987200,   24.340466,    0.525861
2013-12-03 00:00:00,  544.337280,   23.262068,    0.526882
2013-12-04 00:00:00,  546.834240,   24.050885,    0.527805
2013-12-05 00:00:00,  549.331200,   23.486514,    0.527731
2013-12-06 00:00:00,  551.681280,   24.419694,    0.529473
2013-12-07 00:00:00,  554.178240,   24.475806,    0.532514
2013-12-08 00:00:00,  556.675200,   23.833879,    0.533831
2013-12-09 00:00:00,  559.025280,   24.221160,    0.534857
2013-12-10 00:00:00,  561.375360,   24.469691,    0.536387
2013-12-11 00:00:00,  563.725440,   25.175369,    0.537875
2013-12-12 00:00:00,  566.075520,   25.328061,    0.538192
2013-12-13 00:00:00,  568.425600,   27.180860,    0.541681
2013-12-14 00:00:00,  570.775680,   27.373448,    0.541779
2013-12-15 00:00:00,  573.125760,   28.228266,    0.543543
2013-12-16 00:00:00,  575.475840,   28.811717,    0.545373
2013-12-17 00:00:00,  577.825920,   28.827641,    0.548525
2013-12-18 00:00:00,  580.029120,   26.586551,    0.549063
2013-12-19 00:00:00,  582.232320,   25.541471,    0.549576
2013-12-20 00:00:00,  584.582400,   25.028043,    0.550107
2013-12-21 00:00:00,  586.785600,   25.326599,    0.551942
2013-12-22 00:00:00,  588.988800,   25.175783,    0.552902
2013-12-23 00:00:00,  591.192000,   25.405825,    0.552759
2013-12-24 00:00:00,  593.248320,   26.652404,    0.556114
2013-12-25 00:00:00,  595.304640,   26.535722,    0.557665
2013-12-26 00:00:00,  597.360960,   26.824963,    0.559349
2013-12-27 00:00:00,  599.417280,   26.253287,    0.560335
2013-12-28 00:00:00,  601.473600,   26.290602,    0.561806
2013-12-29 00:00:00,  603.529920,   25.966967,    0.562505
2013-12-30 00:00:00,  605.586240,   26.630196,    0.563660
2013-12-31 00:00:00,  607.495680,   26.065063,    0.565370
2014-01-01 00:00:00,  608.817600,   26.412395,    0.566654
2014-01-02 00:00:00,  610.286400,   26.173864,    0.567774
2014-01-03 00:00:00,  612.195840,   25.369546,    0.569048
2014-01-04 00:00:00,  613.958400,   24.781939,    0.569446
2014-01-05 00:00:00,  615.867840,   25.530565,    0.569179
2014-01-06 00:00:00,  617.777280,   26.481835,    0.570010
2014-01-07 00:00:00,  619.539840,   26.717670,    0.571988
2014-01-08 00:00:00,  621.302400,   26.528761,    0.573795
2014-01-09 00:00:00,  622.918080,   26.361032,    0.575454
2014-01-10 00:00:00,  624.533760,   27.006611,    0.577039
2014-01-11 00:00:00,  626.296320,   28.062819,    0.578777
2014-01-12 00:00:00,  627.912000,   28.279821,    0.579350
2014-01-13 00:00:00,  629.380800,   27.245400,    0.582634
2014-01-14 00:00:00,  630.849600,   26.827221,    0.583338
2014-01-15 00:00:00,  632.465280,   26.715332,    0.584777
2014-01-16 00:00:00,  634.080960,   25.618375,    0.584539
2014-01-17 00:00:00,  635.402880,   25.963881,    0.584199
2014-01-18 00:00:00,  636.724800,   26.678837,    0.584966
2014-01-19 00:00:00,  638.193600,   27.303456,    0.587144
2014-01-20 00:00:00,  639.515520,   27.485239,    0.588821
2014-01-21 00:00:00,  640.837440,   27.667186,    0.590139
2014-01-22 00:00:00,  642.159360,   27.782502,    0.590541
2014-01-23 00:00:00,  643.334400,   28.329043,    0.592388
2014-01-24 00:00:00,  644.509440,   28.050730,    0.594186
2014-01-25 00:00:00,  645.684480,   27.658973,    0.594508
2014-01-26 00:00:00,  646.712640,   27.709510,    0.596301
2014-01-27 00:00:00,  647.740800,   26.312283,    0.596724
2014-01-28 00:00:00,  648.768960,   26.255812,    0.597186
2014-01-29 00:00:00,  649.797120,   26.343895,    0.598346
2014-01-30 00:00:00,  650.825280,   26.404588,    0.598353
2014-01-31 00:00:00,  651.706560,   26.728863,    0.601388
2014-02-01 00:00:00,  652.294080,   26.084177,    0.602125
2014-02-02 00:00:00,  652.881600,   26.138115,    0.603175
2014-02-03 00:00:00,  653.762880,   25.967224,    0.600676
2014-02-04 00:00:00,  654.497280,   26.075408,    0.602294
2014-02-05 00:00:00,  655.084800,   27.052668,    0.605873
2014-02-06 00:00:00,  655.819200,   26.951844,    0.606776
2014-02-07 00:00:00,  656.553600,   25.945152,    0.607933
2014-02-08 00:00:00,  657.141120,   25.299586,    0.608836
2014-02-09 00:00:00,  657.728640,   25.207731,    0.609085
2014-02-10 00:00:00,  658.169280,   24.632457,    0.609880
2014-02-11 00:00:00,  658.609920,   25.352568,    0.611825
2014-02-12 00:00:00,  659.050560,   25.500999,    0.612701
2014-02-13 00:00:00,  659.344320,   26.412816,    0.613838
2014-02-14 00:00:00,  659.784960,   27.106015,    0.614881
2014-02-15 00:00:00,  660.078720,   27.428947,    0.616281
2014-02-16 00:00:00,  660.225600,   26.183405,    0.617344
2014-02-17 00:00:00,  660.519360,   26.408421,    0.618228
2014-02-18 00:00:00,  660.666240,   26.451713,    0.620108
2014-02-19 00:00:00,  660.813120,   26.500939,    0.620413
2014-02-20 00:00:00,  660.960000,   26.945712,    0.622338
2014-02-21 00:00:00,  660.960000,   26.817643,    0.623120
2014-02-22 00:00:00,  660.960000,   26.675339,    0.624494
2014-02-23 00:00:00,  660.960000,   27.253097,    0.625568
2014-02-24 00:00:00,  660.813120,   27.174063,    0.627130
2014-02-25 00:00:00,  660.666240,   26.754433,    0.627853
2014-02-26 00:00:00,  660.519360,   26.519480,    0.628737
2014-02-27 00:00:00,  660.225600,   26.091474,    0.630009
2014-02-28 00:00:00,  659.931840,   26.361506,    0.631001
2014-03-01 00:00:00,  659.197440,   27.022347,    0.632292
2014-03-02 00:00:00,  658.316160,   27.113863,    0.633126
2014-03-03 00:00:00,  657.728640,   26.187960,    0.634219
2014-03-04 00:00:00,  657.141120,   25.580949,    0.633286
2014-03-05 00:00:00,  656.553600,   25.181310,    0.632385
2014-03-06 00:00:00,  655.966080,   25.819478,    0.632103
2014-03-07 00:00:00,  655.378560,   26.324422,    0.634040
2014-03-08 00:00:00,  654.644160,   25.196106,    0.634650
2014-03-09 00:00:00,  653.909760,   24.896179,    0.635330
2014-03-10 00:00:00,  653.175360,   24.337661,    0.635215
2014-03-11 00:00:00,  652.294080,   24.287223,    0.635631
2014-03-12 00:00:00,  651.412800,   24.803422,    0.636624
2014-03-13 00:00:00,  650.531520,   24.489962,    0.637461
2014-03-14 00:00:00,  649.503360,   23.647003,    0.637721
2014-03-15 00:00:00,  648.475200,   23.545871,    0.636614
2014-03-16 00:00:00,  647.447040,   23.965683,    0.637080
2014-03-17 00:00:00,  646.418880,   23.696079,    0.637626
2014-03-18 00:00:00,  645.390720,   24.137141,    0.638420
2014-03-19 00:00:00,  644.215680,   24.399169,    0.639762
2014-03-20 00:00:00,  643.040640,   24.200463,    0.641173
2014-03-21 00:00:00,  641.718720,   24.153406,    0.641165
2014-03-22 00:00:00,  640.396800,   24.361175,    0.642881
2014-03-23 00:00:00,  639.221760,   24.656743,    0.643882
2014-03-24 00:00:00,  637.899840,   24.265219,    0.644600
2014-03-25 00:00:00,  636.431040,   23.586623,    0.640688
2014-03-26 00:00:00,  634.962240,   23.684605,    0.641109
2014-03-27 00:00:00,  633.493440,   24.083950,    0.641741
2014-03-28 00:00:00,  632.024640,   25.013795,    0.642650
2014-03-29 00:00:00,  630.555840,   23.267841,    0.639838
2014-03-30 00:00:00,  629.087040,   22.510731,    0.638395
2014-03-31 00:00:00,  627.471360,   22.174765,    0.638233
2014-04-01 00:00:00,  626.296320,   21.870498,    0.637891
2014-04-02 00:00:00,  625.121280,   21.711192,    0.636319
2014-04-03 00:00:00,  623.358720,   21.771882,    0.636959
2014-04-04 00:00:00,  621.596160,   21.157752,    0.636952
2014-04-05 00:00:00,  619.833600,   21.623216,    0.636834
2014-04-06 00:00:00,  618.071040,   22.145386,    0.637581
2014-04-07 00:00:00,  616.308480,   22.002496,    0.638088
2014-04-08 00:00:00,  614.545920,   22.611372,    0.638233
2014-04-09 00:00:00,  612.783360,   23.092546,    0.639717
2014-04-10 00:00:00,  610.873920,   22.475711,    0.640251
2014-04-11 00:00:00,  608.964480,   22.800070,    0.640071
2014-04-12 00:00:00,  607.055040,   23.771789,    0.641205
2014-04-13 00:00:00,  604.998720,   24.378090,    0.642322
2014-04-14 00:00:00,  602.942400,   24.869936,    0.643070
2014-04-15 00:00:00,  600.886080,   24.589630,    0.643797
2014-04-16 00:00:00,  598.829760,   23.992500,    0.644489
2014-04-17 00:00:00,  596.773440,   23.532408,    0.645260
2014-04-18 00:00:00,  594.717120,   22.882137,    0.645048
2014-04-19 00:00:00,  592.660800,   22.230772,    0.644859
2014-04-20 00:00:00,  590.457600,   21.777219,    0.644373
2014-04-21 00:00:00,  588.254400,   21.494275,    0.644661
2014-04-22 00:00:00,  586.198080,   21.390004,    0.645137
2014-04-23 00:00:00,  583.994880,   21.143110,    0.644374
2014-04-24 00:00:00,  581.644800,   20.566013,    0.644217
2014-04-25 00:00:00,  579.441600,   20.897712,    0.643927
2014-04-26 00:00:00,  577.238400,   20.414278,    0.639875
2014-04-27 00:00:00,  574.888320,   20.479006,    0.640082
2014-04-28 00:00:00,  572.538240,   19.772601,    0.640024
2014-04-29 00:00:00,  570.188160,   19.738139,    0.639617
2014-04-30 00:00:00,  567.838080,   19.737103,    0.639837
2014-05-01 00:00:00,  565.047360,   19.291140,    0.639797
2014-05-02 00:00:00,  562.109760,   19.101094,    0.639843
2014-05-03 00:00:00,  559.612800,   19.673162,    0.640040
2014-05-04 00:00:00,  557.262720,   19.026177,    0.640321
2014-05-05 00:00:00,  554.912640,   18.695950,    0.639374
2014-05-06 00:00:00,  552.415680,   19.060017,    0.639260
2014-05-07 00:00:00,  549.918720,   18.858671,    0.622615
2014-05-08 00:00:00,  547.568640,   18.149740,    0.627511
2014-05-09 00:00:00,  545.071680,   18.307219,    0.627155
2014-05-10 00:00:00,  542.574720,   18.840942,    0.625750
2014-05-11 00:00:00,  540.077760,   18.603091,    0.626198
2014-05-12 00:00:00,  537.580800,   18.411023,    0.626598
2014-05-13 00:00:00,  535.083840,   18.671252,    0.627008
2014-05-14 00:00:00,  532.586880,   18.421968,    0.627157
2014-05-15 00:00:00,  530.089920,   18.754819,    0.626321
2014-05-16 00:00:00,  527.592960,   18.885427,    0.625751
2014-05-17 00:00:00,  525.096000,   19.133264,    0.618613
2014-05-18 00:00:00,  522.599040,   18.844673,    0.622005
2014-05-19 00:00:00,  520.102080,   19.051596,    0.622100
2014-05-20 00:00:00,  517.458240,   18.985729,    0.619681
2014-05-21 00:00:00,  514.961280,   18.944992,    0.620413
2014-05-22 00:00:00,  512.464320,   18.762257,    0.621035
2014-05-23 00:00:00,  509.967360,   18.380764,    0.615910
2014-05-24 00:00:00,  507.470400,   17.776119,    0.616709
2014-05-25 00:00:00,  504.826560,   17.564399,    0.616490
2014-05-26 00:00:00,  502.329600,   17.537138,    0.616886
2014-05-27 00:00:00,  499.832640,   17.534354,    0.613691
2014-05-28 00:00:00,  497.335680,   17.359276,    0.615151
2014-05-29 00:00:00,  494.838720,   17.731121,    0.615629
2014-05-30 00:00:00,  492.341760,   17.357307,    0.615924
2014-05-31 00:00:00,  489.844800,   16.730316,    0.618724
2014-06-01 00:00:00,  488.082240,   16.858945,    0.619925
2014-06-02 00:00:00,  486.319680,   17.114173,    0.620195
2014-06-03 00:00:00,  483.822720,   17.028821,    0.620440
2014-06-04 00:00:00,  481.325760,   17.027793,    0.620207
2014-06-05 00:00:00,  478.828800,   17.050786,    0.620907
2014-06-06 00:00:00,  476.478720,   16.679940,    0.621788
2014-06-07 00:00:00,  473.981760,   16.231511,    0.625164
2014-06-08 00:00:00,  471.484800,   15.967084,    0.632296
2014-06-09 00:00:00,  469.134720,   16.184549,    0.633687
2014-06-10 00:00:00,  466.784640,   15.805847,    0.637609
2014-06-11 00:00:00,  464.434560,   15.885354,    0.649673
2014-06-12 00:00:00,  462.084480,   15.800000,    0.649853
2014-06-13 00:00:00,  459.734400,   15.632783,    0.649992
2014-06-14 00:00:00,  457.384320,   15.675366,    0.650274
2014-06-15 00:00:00,  455.034240,   15.605860,    0.650533
2014-06-16 00:00:00,  452.684160,   15.281656,    0.650583
2014-06-17 00:00:00,  450.334080,   14.794832,    0.640625
2014-06-18 00:00:00,  448.130880,   14.712621,    0.640100
2014-06-19 00:00:00,  445.927680,   14.790237,    0.631727
2014-06-20 00:00:00,  443.577600,   14.805503,    0.624141
2014-06-21 00:00:00,  441.374400,   14.621018,    0.615943
2014-06-22 00:00:00,  439.318080,   14.261448,    0.615784
2014-06-23 00:00:00,  437.114880,   14.232775,    0.615901
2014-06-24 00:00:00,  434.911680,   14.229444,    0.616099
2014-06-25 00:00:00,  432.855360,   14.455233,    0.616475
2014-06-26 00:00:00,  430.799040,   14.094139,    0.616381
2014-06-27 00:00:00,  428.742720,   14.190079,    0.616531
2014-06-28 00:00:00,  426.686400,   14.087990,    0.616763
2014-06-29 00:00:00,  424.630080,   13.503963,    0.617124
2014-06-30 00:00:00,  422.573760,   13.393445,    0.617408
2014-07-01 00:00:00,  420.223680,   13.738048,    0.617548
2014-07-02 00:00:00,  417.873600,   13.855176,    0.613905
2014-07-03 00:00:00,  415.964160,   13.787015,    0.613113
2014-07-04 00:00:00,  414.201600,   13.611208,    0.611530
2014-07-05 00:00:00,  412.292160,   13.963725,    0.611623
2014-07-06 00:00:00,  410.382720,   13.986377,    0.609432
2014-07-07 00:00:00,  408.620160,   13.678256,    0.608962
2014-07-08 00:00:00,  406.857600,   13.416701,    0.608111
2014-07-09 00:00:00,  405.241920,   13.402084,    0.608208
2014-07-10 00:00:00,  403.626240,   13.362926,    0.608358
2014-07-11 00:00:00,  401.863680,   13.413539,    0.608483
2014-07-12 00:00:00,  400.248000,   13.629145,    0.608692
2014-07-13 00:00:00,  398.779200,   13.431402,    0.608962
2014-07-14 00:00:00,  397.163520,   13.420345,    0.604244
2014-07-15 00:00:00,  395.547840,   13.516671,    0.604427
2014-07-16 00:00:00,  394.079040,   13.706168,    0.604536
2014-07-17 00:00:00,  392.757120,   13.838860,    0.605165
2014-07-18 00:00:00,  391.435200,   13.673058,    0.604927
2014-07-19 00:00:00,  389.966400,   13.497326,    0.603899
2014-07-20 00:00:00,  388.644480,   13.605028,    0.603427
2014-07-21 00:00:00,  387.322560,   13.639477,    0.598709
2014-07-22 00:00:00,  386.000640,   13.512637,    0.596071
2014-07-23 00:00:00,  384.825600,   13.499445,    0.593702
2014-07-24 00:00:00,  383.650560,   13.611153,    0.591223
2014-07-25 00:00:00,  382.475520,   13.895640,    0.591269
2014-07-26 00:00:00,  381.447360,   13.987800,    0.589842
2014-07-27 00:00:00,  380.419200,   14.090107,    0.590034
2014-07-28 00:00:00,  379.391040,   14.265886,    0.590228
2014-07-29 00:00:00,  378.362880,   14.493254,    0.590180
2014-07-30 00:00:00,  377.334720,   14.618067,    0.590248
2014-07-31 00:00:00,  376.453440,   14.670349,    0.590825
2014-08-01 00:00:00,  375.865920,   14.781587,    0.590970
2014-08-02 00:00:00,  375.278400,   14.546477,    0.591037
2014-08-03 00:00:00,  374.397120,   14.479918,    0.591031
2014-08-04 00:00:00,  373.662720,   14.451006,    0.591219
2014-08-05 00:00:00,  372.928320,   14.905083,    0.591582
2014-08-06 00:00:00,  372.193920,   15.345213,    0.592140
2014-08-07 00:00:00,  371.606400,   15.199098,    0.591404
2014-08-08 00:00:00,  371.018880,   15.282635,    0.591445
2014-08-09 00:00:00,  370.431360,   15.407669,    0.591661
2014-08-10 00:00:00,  369.990720,   16.071877,    0.592107
2014-08-11 00:00:00,  369.550080,   16.755119,    0.592708
2014-08-12 00:00:00,  369.109440,   15.755145,    0.593194
2014-08-13 00:00:00,  368.815680,   15.926211,    0.594126
2014-08-14 00:00:00,  368.375040,   15.476764,    0.594555
2014-08-15 00:00:00,  368.081280,   15.726091,    0.594152
2014-08-16 00:00:00,  367.934400,   15.756774,    0.594151
2014-08-17 00:00:00,  367.640640,   17.001725,    0.586632
2014-08-18 00:00:00,  367.493760,   16.627660,    0.585916
2014-08-19 00:00:00,  367.346880,   16.669667,    0.586124
2014-08-20 00:00:00,  367.200000,   17.119006,    0.585766
2014-08-21 00:00:00,  367.200000,   17.271974,    0.585722
2014-08-22 00:00:00,  367.200000,   16.883690,    0.586278
2014-08-23 00:00:00,  367.200000,   17.185719,    0.586661
2014-08-24 00:00:00,  367.346880,   17.525586,    0.587215
2014-08-25 00:00:00,  367.493760,   18.052915,    0.587565
2014-08-26 00:00:00,  367.640640,   17.796865,    0.587980
2014-08-27 00:00:00,  367.934400,   17.874306,    0.588075
2014-08-28 00:00:00,  368.228160,   18.291678,    0.588730
2014-08-29 00:00:00,  368.521920,   18.058085,    0.555029
2014-08-30 00:00:00,  368.815680,   17.574359,    0.556523
2014-08-31 00:00:00,  369.256320,   17.241013,    0.552830
2014-09-01 00:00:00,  369.550080,   16.940007,    0.551599
2014-09-02 00:00:00,  369.843840,   17.028930,    0.551638
2014-09-03 00:00:00,  370.431360,   17.122236,    0.551947
2014-09-04 00:00:00,  371.018880,   16.967083,    0.553192
2014-09-05 00:00:00,  371.606400,   17.245281,    0.553200
2014-09-06 00:00:00,  372.193920,   18.108991,    0.551200
2014-09-07 00:00:00,  372.781440,   17.389154,    0.551892
2014-09-08 00:00:00,  373.515840,   16.285559,    0.554553
2014-09-09 00:00:00,  374.250240,   16.314062,    0.556882
2014-09-10 00:00:00,  374.984640,   16.669049,    0.557034
2014-09-11 00:00:00,  375.865920,   16.963838,    0.557219
2014-09-12 00:00:00,  376.747200,   18.826291,    0.558187
2014-09-13 00:00:00,  377.628480,   19.110305,    0.558874
2014-09-14 00:00:00,  378.656640,   19.223668,    0.559291
2014-09-15 00:00:00,  379.684800,   18.745650,    0.559377
2014-09-16 00:00:00,  380.712960,   18.346842,    0.559495
2014-09-17 00:00:00,  381.741120,   19.552160,    0.560707
2014-09-18 00:00:00,  382.769280,   20.279880,    0.561385
2014-09-19 00:00:00,  383.944320,   21.125698,    0.561952
2014-09-20 00:00:00,  385.119360,   20.774683,    0.562278
2014-09-21 00:00:00,  386.441280,   19.293958,    0.550472
2014-09-22 00:00:00,  387.763200,   19.106703,    0.547237
2014-09-23 00:00:00,  389.085120,   18.485137,    0.538513
2014-09-24 00:00:00,  390.407040,   18.450893,    0.531232
2014-09-25 00:00:00,  391.728960,   18.741409,    0.531236
2014-09-26 00:00:00,  393.197760,   20.277722,    0.533331
2014-09-27 00:00:00,  394.666560,   18.291597,    0.532757
2014-09-28 00:00:00,  396.135360,   17.661371,    0.535068
2014-09-29 00:00:00,  397.604160,   18.191204,    0.535604
2014-09-30 00:00:00,  399.219840,   18.910995,    0.536023
2014-10-01 00:00:00,  401.129280,   19.103073,    0.536228
2014-10-02 00:00:00,  403.038720,   19.467983,    0.536335
2014-10-03 00:00:00,  404.801280,   19.912003,    0.536536
2014-10-04 00:00:00,  406.563840,   20.413136,    0.536781
2014-10-05 00:00:00,  408.326400,   20.285589,    0.538335
2014-10-06 00:00:00,  410.088960,   19.899583,    0.538336
2014-10-07 00:00:00,  411.851520,   20.053261,    0.538992
2014-10-08 00:00:00,  413.614080,   20.580297,    0.539085
2014-10-09 00:00:00,  415.523520,   21.345005,    0.540225
2014-10-10 00:00:00,  417.432960,   21.878010,    0.542634
2014-10-11 00:00:00,  419.342400,   21.514430,    0.543501
2014-10-12 00:00:00,  421.251840,   21.164221,    0.544283
2014-10-13 00:00:00,  423.161280,   20.688448,    0.543816
2014-10-14 00:00:00,  425.217600,   21.737043,    0.545232
2014-10-15 00:00:00,  427.273920,   21.599154,    0.545465
2014-10-16 00:00:00,  429.330240,   23.648962,    0.547744
2014-10-17 00:00:00,  431.386560,   23.380013,    0.547743
2014-10-18 00:00:00,  433.442880,   22.059816,    0.534576
2014-10-19 00:00:00,  435.499200,   20.665916,    0.537124
2014-10-20 00:00:00,  437.702400,   20.802912,    0.537639
2014-10-21 00:00:00,  439.905600,   21.072644,    0.537769
2014-10-22 00:00:00,  442.108800,   21.982353,    0.539262
2014-10-23 00:00:00,  444.312000,   22.033028,    0.539595
2014-10-24 00:00:00,  446.515200,   22.964386,    0.540904
2014-10-25 00:00:00,  448.865280,   22.563664,    0.541884
2014-10-26 00:00:00,  451.068480,   22.551322,    0.542966
2014-10-27 00:00:00,  453.271680,   22.813708,    0.544097
2014-10-28 00:00:00,  455.621760,   22.559277,    0.544693
2014-10-29 00:00:00,  457.971840,   22.501395,    0.545896
2014-10-30 00:00:00,  460.321920,   22.053030,    0.546839
2014-10-31 00:00:00,  462.672000,   22.387656,    0.548149
2014-11-01 00:00:00,  464.434560,   22.022922,    0.548172
2014-11-02 00:00:00,  466.197120,   22.645991,    0.550318
2014-11-03 00:00:00,  468.547200,   22.074313,    0.550181
2014-11-04 00:00:00,  470.897280,   22.138618,    0.551348
2014-11-05 00:00:00,  473.247360,   23.070685,    0.553923
2014-11-06 00:00:00,  475.744320,   21.969474,    0.553916
2014-11-07 00:00:00,  478.241280,   21.890299,    0.555069
2014-11-08 00:00:00,  480.591360,   22.189259,    0.556189
2014-11-09 00:00:00,  483.088320,   22.217553,    0.556200
2014-11-10 00:00:00,  485.585280,   23.099426,    0.558568
2014-11-11 00:00:00,  488.082240,   23.545649,    0.559377
2014-11-12 00:00:00,  490.579200,   22.799990,    0.560351
2014-11-13 00:00:00,  493.076160,   21.599626,    0.561615
2014-11-14 00:00:00,  495.573120,   21.439143,    0.561595
2014-11-15 00:00:00,  498.070080,   22.132514,    0.563246
2014-11-16 00:00:00,  500.567040,   22.277407,    0.563221
2014-11-17 00:00:00,  503.064000,   22.474791,    0.564053
2014-11-18 00:00:00,  505.560960,   24.133517,    0.565644
2014-11-19 00:00:00,  508.057920,   24.050948,    0.565754
2014-11-20 00:00:00,  510.701760,   24.439318,    0.565823
2014-11-21 00:00:00,  513.198720,   24.222654,    0.567472
2014-11-22 00:00:00,  515.695680,   24.006373,    0.568662
2014-11-23 00:00:00,  518.192640,   23.295722,    0.570273
2014-11-24 00:00:00,  520.689600,   23.410587,    0.571397
2014-11-25 00:00:00,  523.333440,   23.519353,    0.572435
2014-11-26 00:00:00,  525.830400,   23.132688,    0.563652
2014-11-27 00:00:00,  528.327360,   23.747153,    0.562772
2014-11-28 00:00:00,  530.824320,   24.124008,    0.564082
2014-11-29 00:00:00,  533.321280,   24.912376,    0.565883
2014-11-30 00:00:00,  535.818240,   25.064501,    0.567270
2014-12-01 00:00:00,  538.902720,   24.242381,    0.568544
2014-12-02 00:00:00,  541.987200,   24.375513,    0.570014
2014-12-03 00:00:00,  544.337280,   24.511819,    0.571522
2014-12-04 00:00:00,  546.834240,   24.583647,    0.572951
2014-12-05 00:00:00,  549.331200,   23.261695,    0.572797
2014-12-06 00:00:00,  551.681280,   23.920439,    0.572666
2014-12-07 00:00:00,  554.178240,   25.086548,    0.575859
2014-12-08 00:00:00,  556.675200,   23.908295,    0.577418
2014-12-09 00:00:00,  559.025280,   23.057528,    0.578513
2014-12-10 00:00:00,  561.375360,   23.563043,    0.579214
2014-12-11 00:00:00,  563.725440,   24.541523,    0.580634
2014-12-12 00:00:00,  566.075520,   23.896521,    0.582904
2014-12-13 00:00:00,  568.425600,   23.633625,    0.584571
2014-12-14 00:00:00,  570.775680,   23.692135,    0.585907
2014-12-15 00:00:00,  573.125760,   23.697006,    0.587578
2014-12-16 00:00:00,  575.475840,   24.050869,    0.588910
2014-12-17 00:00:00,  577.825920,   23.701611,    0.590244
2014-12-18 00:00:00,  580.029120,   24.491776,    0.591506
2014-12-19 00:00:00,  582.232320,   25.868822,    0.593744
2014-12-20 00:00:00,  584.582400,   25.131026,    0.596131
2014-12-21 00:00:00,  586.785600,   25.066955,    0.597826
2014-12-22 00:00:00,  588.988800,   25.258361,    0.598076
2014-12-23 00:00:00,  591.192000,   25.334354,    0.599880
2014-12-24 00:00:00,  593.248320,   25.093448,    0.601109
2014-12-25 00:00:00,  595.304640,   25.643271,    0.602992
2014-12-26 00:00:00,  597.360960,   25.221823,    0.602670
2014-12-27 00:00:00,  599.417280,   26.331310,    0.606323
2014-12-28 00:00:00,  601.473600,   26.208810,    0.608254
2014-12-29 00:00:00,  603.529920,   26.177244,    0.608133
2014-12-30 00:00:00,  605.586240,   27.220561,    0.611996
2014-12-31 00:00:00,  607.495680,   26.765914,    0.613800
2015-01-01 00:00:00,  608.817600,   26.735602,    0.615796
2015-01-02 00:00:00,  610.286400,   25.093365,    0.614570
2015-01-03 00:00:00,  612.195840,   25.363419,    0.615500
2015-01-04 00:00:00,  613.958400,   26.141222,    0.617182
2015-01-05 00:00:00,  615.867840,   27.875568,    0.619061
2015-01-06 00:00:00,  617.777280,   27.813042,    0.621381
2015-01-07 00:00:00,  619.539840,   26.719572,    0.623627
2015-01-08 00:00:00,  621.302400,   25.934949,    0.625219
2015-01-09 00:00:00,  622.918080,   25.447875,    0.626236
2015-01-10 00:00:00,  624.533760,   25.318550,    0.624706
2015-01-11 00:00:00,  626.296320,   26.017644,    0.627259
2015-01-12 00:00:00,  627.912000,   26.728148,    0.628648
2015-01-13 00:00:00,  629.380800,   27.644067,    0.630448
2015-01-14 00:00:00,  630.849600,   28.006297,    0.632104
2015-01-15 00:00:00,  632.465280,   26.921480,    0.633825
2015-01-16 00:00:00,  634.080960,   26.831380,    0.633915
2015-01-17 00:00:00,  635.402880,   27.334765,    0.635439
2015-01-18 00:00:00,  636.724800,   27.594440,    0.635476
2015-01-19 00:00:00,  638.193600,   28.292881,    0.637086
2015-01-20 00:00:00,  639.515520,   29.090090,    0.638177
2015-01-21 00:00:00,  640.837440,   28.558058,    0.640914
2015-01-22 00:00:00,  642.159360,   26.643000,    0.640812
2015-01-23 00:00:00,  643.334400,   26.159744,    0.640758
2015-01-24 00:00:00,  644.509440,   25.587461,    0.641963
2015-01-25 00:00:00,  645.684480,   25.852043,    0.641628
2015-01-26 00:00:00,  646.712640,   26.531032,    0.643368
2015-01-27 00:00:00,  647.740800,   27.002932,    0.644883
2015-01-28 00:00:00,  648.768960,   28.463873,    0.647484
2015-01-29 00:00:00,  649.797120,   28.634152,    0.649612
2015-01-30 00:00:00,  650.825280,   29.001126,    0.651177
2015-01-31 00:00:00,  651.706560,   27.576466,    0.652533
2015-02-01 00:00:00,  652.294080,   27.519214,    0.653729
2015-02-02 00:00:00,  652.881600,   27.434294,    0.646184
2015-02-03 00:00:00,  653.762880,   27.638575,    0.647575
2015-02-04 00:00:00,  654.497280,   28.141005,    0.648627
2015-02-05 00:00:00,  655.084800,   29.004141,    0.651855
2015-02-06 00:00:00,  655.819200,   27.878177,    0.652295
2015-02-07 00:00:00,  656.553600,   28.011371,    0.654388
2015-02-08 00:00:00,  657.141120,   28.874668,    0.655800
2015-02-09 00:00:00,  657.728640,   28.650992,    0.657730
2015-02-10 00:00:00,  658.169280,   28.296831,    0.658915
2015-02-11 00:00:00,  658.609920,   28.592522,    0.659871
2015-02-12 00:00:00,  659.050560,   27.966088,    0.660519
2015-02-13 00:00:00,  659.344320,   27.252933,    0.660983
2015-02-14 00:00:00,  659.784960,   26.015601,    0.658740
2015-02-15 00:00:00,  660.078720,   25.925828,    0.657486
2015-02-16 00:00:00,  660.225600,   25.969752,    0.657928
2015-02-17 00:00:00,  660.519360,   25.679210,    0.658738
2015-02-18 00:00:00,  660.666240,   26.937113,    0.659907
2015-02-19 00:00:00,  660.813120,   26.412028,    0.660743
2015-02-20 00:00:00,  660.960000,   26.133845,    0.661930
2015-02-21 00:00:00,  660.960000,   26.035339,    0.663006
2015-02-22 00:00:00,  660.960000,   25.509386,    0.663844
2015-02-23 00:00:00,  660.960000,   26.286287,    0.664392
2015-02-24 00:00:00,  660.813120,   27.586969,    0.665863
2015-02-25 00:00:00,  660.666240,   28.508769,    0.667470
2015-02-26 00:00:00,  660.519360,   29.131902,    0.668915
2015-02-27 00:00:00,  660.225600,   27.154043,    0.669733
2015-02-28 00:00:00,  659.931840,   26.614364,    0.670816
2015-03-01 00:00:00,  659.197440,   26.009292,    0.671834
2015-03-02 00:00:00,  658.316160,   25.539011,    0.672543
2015-03-03 00:00:00,  657.728640,   25.586124,    0.671478
2015-03-04 00:00:00,  657.141120,   25.909802,    0.672392
2015-03-05 00:00:00,  656.553600,   26.035025,    0.673196
2015-03-06 00:00:00,  655.966080,   26.222893,    0.674207
2015-03-07 00:00:00,  655.378560,   26.541760,    0.675400
2015-03-08 00:00:00,  654.644160,   26.556586,    0.677077
2015-03-09 00:00:00,  653.909760,   26.559485,    0.677903
2015-03-10 00:00:00,  653.175360,   26.354003,    0.678771
2015-03-11 00:00:00,  652.294080,   26.392004,    0.680136
2015-03-12 00:00:00,  651.412800,   26.932363,    0.680892
2015-03-13 00:00:00,  650.531520,   25.838934,    0.680062
2015-03-14 00:00:00,  649.503360,   25.134531,    0.668063
2015-03-15 00:00:00,  648.475200,   25.506609,    0.669139
2015-03-16 00:00:00,  647.447040,   25.226059,    0.669579
2015-03-17 00:00:00,  646.418880,   25.153537,    0.670417
2015-03-18 00:00:00,  645.390720,   24.525920,    0.667262
2015-03-19 00:00:00,  644.215680,   24.512312,    0.666809
2015-03-20 00:00:00,  643.040640,   24.632595,    0.667526
2015-03-21 00:00:00,  641.718720,   23.973430,    0.667771
2015-03-22 00:00:00,  640.396800,   23.277639,    0.666614
2015-03-23 00:00:00,  639.221760,   22.904109,    0.665368
2015-03-24 00:00:00,  637.899840,   22.521210,    0.665896
2015-03-25 00:00:00,  636.431040,   22.545611,    0.665630
2015-03-26 00:00:00,  634.962240,   22.766253,    0.666137
2015-03-27 00:00:00,  633.493440,   22.980302,    0.666929
2015-03-28 00:00:00,  632.024640,   23.198999,    0.668005
2015-03-29 00:00:00,  630.555840,   23.720609,    0.668551
2015-03-30 00:00:00,  629.087040,   23.024704,    0.669132
2015-03-31 00:00:00,  627.471360,   23.123862,    0.669709
2015-04-01 00:00:00,  626.296320,   23.021200,    0.670543
2015-04-02 00:00:00,  625.121280,   22.825546,    0.670343
2015-04-03 00:00:00,  623.358720,   23.234623,    0.671109
2015-04-04 00:00:00,  621.596160,   22.752617,    0.671758
2015-04-05 00:00:00,  619.833600,   22.821264,    0.672345
2015-04-06 00:00:00,  618.071040,   21.819694,    0.669607
2015-04-07 00:00:00,  616.308480,   20.957162,    0.659485
2015-04-08 00:00:00,  614.545920,   20.778157,    0.659265
2015-04-09 00:00:00,  612.783360,   20.582568,    0.644886
2015-04-10 00:00:00,  610.873920,   20.730682,    0.643158
2015-04-11 00:00:00,  608.964480,   20.863671,    0.641676
2015-04-12 00:00:00,  607.055040,   20.380899,    0.639242
2015-04-13 00:00:00,  604.998720,   21.061122,    0.639278
2015-04-14 00:00:00,  602.942400,   20.677096,    0.640160
2015-04-15 00:00:00,  600.886080,   20.243196,    0.640498
2015-04-16 00:00:00,  598.829760,   20.362223,    0.640371
2015-04-17 00:00:00,  596.773440,   20.544657,    0.641274
2015-04-18 00:00:00,  594.717120,   20.444934,    0.641153
2015-04-19 00:00:00,  592.660800,   20.631153,    0.642472
2015-04-20 00:00:00,  590.457600,   20.345224,    0.642242
2015-04-21 00:00:00,  588.254400,   20.992209,    0.643394
2015-04-22 00:00:00,  586.198080,   20.763541,    0.643443
2015-04-23 00:00:00,  583.994880,   20.650678,    0.644596
2015-04-24 00:00:00,  581.644800,   19.786198,    0.644328
2015-04-25 00:00:00,  579.441600,   19.698273,    0.644479
2015-04-26 00:00:00,  577.238400,   19.538436,    0.644725
2015-04-27 00:00:00,  574.888320,   19.449420,    0.645437
2015-04-28 00:00:00,  572.538240,   19.396891,    0.645471
2015-04-29 00:00:00,  570.188160,   19.430201,    0.645899
2015-04-30 00:00:00,  567.838080,   19.237381,    0.641247
2015-05-01 00:00:00,  565.047360,   19.063984,    0.642943
2015-05-02 00:00:00,  562.109760,   18.777514,    0.643666
2015-05-03 00:00:00,  559.612800,   18.489869,    0.642947
2015-05-04 00:00:00,  557.262720,   17.783306,    0.643744
2015-05-05 00:00:00,  554.912640,   17.675968,    0.644134
2015-05-06 00:00:00,  552.415680,   18.143529,    0.644471
2015-05-07 00:00:00,  549.918720,   18.062362,    0.644867
2015-05-08 00:00:00,  547.568640,   18.018258,    0.645039
2015-05-09 00:00:00,  545.071680,   18.272256,    0.645230
2015-05-10 00:00:00,  542.574720,   18.509490,    0.645619
2015-05-11 00:00:00,  540.077760,   18.752159,    0.646135
2015-05-12 00:00:00,  537.580800,   18.403759,    0.646457
2015-05-13 00:00:00,  535.083840,   18.018976,    0.646877
2015-05-14 00:00:00,  532.586880,   17.876846,    0.646853
2015-05-15 00:00:00,  530.089920,   17.455548,    0.647422
2015-05-16 00:00:00,  527.592960,   16.815511,    0.638944
2015-05-17 00:00:00,  525.096000,   16.556463,    0.627252
2015-05-18 00:00:00,  522.599040,   16.432264,    0.628262
2015-05-19 00:00:00,  520.102080,   16.180170,    0.627403
2015-05-20 00:00:00,  517.458240,   16.024761,    0.641965
2015-05-21 00:00:00,  514.961280,   15.827347,    0.642314
2015-05-22 00:00:00,  512.464320,   15.856211,    0.642509
2015-05-23 00:00:00,  509.967360,   15.987495,    0.642702
2015-05-24 00:00:00,  507.470400,   16.167367,    0.642774
2015-05-25 00:00:00,  504.826560,   16.262258,    0.643140
2015-05-26 00:00:00,  502.329600,   16.618055,    0.643774
2015-05-27 00:00:00,  499.832640,   16.407289,    0.644208
2015-05-28 00:00:00,  497.335680,   16.072384,    0.644351
2015-05-29 00:00:00,  494.838720,   15.933310,    0.644451
2015-05-30 00:00:00,  492.341760,   15.809840,    0.644397
2015-05-31 00:00:00,  489.844800,   15.761897,    0.644634
2015-06-01 00:00:00,  488.082240,   15.406651,    0.645137
2015-06-02 00:00:00,  486.319680,   15.442066,    0.642228
2015-06-03 00:00:00,  483.822720,   15.706568,    0.642405
2015-06-04 00:00:00,  481.325760,   15.992808,    0.642523
2015-06-05 00:00:00,  478.828800,   16.039135,    0.642647
2015-06-06 00:00:00,  476.478720,   16.866672,    0.641226
2015-06-07 00:00:00,  473.981760,   16.815138,    0.641399
2015-06-08 00:00:00,  471.484800,   16.826639,    0.642085
2015-06-09 00:00:00,  469.134720,   16.416850,    0.642718
2015-06-10 00:00:00,  466.784640,   16.535248,    0.643356
2015-06-11 00:00:00,  464.434560,   16.156721,    0.643431
2015-06-12 00:00:00,  462.084480,   16.167510,    0.635069
2015-06-13 00:00:00,  459.734400,   15.880855,    0.637373
2015-06-14 00:00:00,  457.384320,   15.822582,    0.640269
2015-06-15 00:00:00,  455.034240,   15.843886,    0.640576
2015-06-16 00:00:00,  452.684160,   15.449041,    0.640625
2015-06-17 00:00:00,  450.334080,   15.215924,    0.641086
2015-06-18 00:00:00,  448.130880,   15.337402,    0.632743
2015-06-19 00:00:00,  445.927680,   15.645153,    0.620846
2015-06-20 00:00:00,  443.577600,   15.780554,    0.624606
2015-06-21 00:00:00,  441.374400,   15.295675,    0.621019
2015-06-22 00:00:00,  439.318080,   14.969862,    0.620198
2015-06-23 00:00:00,  437.114880,   15.012153,    0.620610
2015-06-24 00:00:00,  434.911680,   14.758667,    0.620806
2015-06-25 00:00:00,  432.855360,   14.760935,    0.620771
2015-06-26 00:00:00,  430.799040,   14.910843,    0.621260
2015-06-27 00:00:00,  428.742720,   14.731022,    0.621287
2015-06-28 00:00:00,  426.686400,   14.639425,    0.621575
2015-06-29 00:00:00,  424.630080,   14.561033,    0.621615
2015-06-30 00:00:00,  422.573760,   14.641828,    0.621968
2015-07-01 00:00:00,  420.223680,   14.508489,    0.622052
2015-07-02 00:00:00,  417.873600,   14.769656,    0.621698
2015-07-03 00:00:00,  415.964160,   15.001715,    0.621619
2015-07-04 00:00:00,  414.201600,   15.352642,    0.621620
2015-07-05 00:00:00,  412.292160,   15.542464,    0.621655
2015-07-06 00:00:00,  410.382720,   15.198461,    0.621972
2015-07-07 00:00:00,  408.620160,   15.226706,    0.620499
2015-07-08 00:00:00,  406.857600,   14.703329,    0.621265
2015-07-09 00:00:00,  405.241920,   14.606585,    0.621975
2015-07-10 00:00:00,  403.626240,   14.631210,    0.620052
2015-07-11 00:00:00,  401.863680,   14.556690,    0.621261
2015-07-12 00:00:00,  400.248000,   14.389161,    0.621513
2015-07-13 00:00:00,  398.779200,   14.189602,    0.621717
2015-07-14 00:00:00,  397.163520,   14.095486,    0.621737
2015-07-15 00:00:00,  395.547840,   14.050797,    0.621940
2015-07-16 00:00:00,  394.079040,   13.828244,    0.622287
2015-07-17 00:00:00,  392.757120,   13.742562,    0.622613
2015-07-18 00:00:00,  391.435200,   13.935493,    0.622600
2015-07-19 00:00:00,  389.966400,   13.906493,    0.618857
2015-07-20 00:00:00,  388.644480,   14.041123,    0.617549
2015-07-21 00:00:00,  387.322560,   14.119066,    0.610254
2015-07-22 00:00:00,  386.000640,   13.921634,    0.603244
2015-07-23 00:00:00,  384.825600,   13.919157,    0.602033
2015-07-24 00:00:00,  383.650560,   13.946787,    0.602157
2015-07-25 00:00:00,  382.475520,   14.160279,    0.602412
2015-07-26 00:00:00,  381.447360,   14.057844,    0.602583
2015-07-27 00:00:00,  380.419200,   14.498585,    0.603306
2015-07-28 00:00:00,  379.391040,   14.043962,    0.600931
2015-07-29 00:00:00,  378.362880,   14.029796,    0.601010
2015-07-30 00:00:00,  377.334720,   14.428811,    0.592659
2015-07-31 00:00:00,  376.453440,   14.437046,    0.594022
2015-08-01 00:00:00,  375.865920,   14.449980,    0.594871
2015-08-02 00:00:00,  375.278400,   14.412088,    0.594994
2015-08-03 00:00:00,  374.397120,   14.389090,    0.595194
2015-08-04 00:00:00,  373.662720,   14.620346,    0.595765
2015-08-05 00:00:00,  372.928320,   14.300512,    0.595854
2015-08-06 00:00:00,  372.193920,   14.196866,    0.596296
2015-08-07 00:00:00,  371.606400,   14.258959,    0.592225
2015-08-08 00:00:00,  371.018880,   13.810191,    0.593300
2015-08-09 00:00:00,  370.431360,   13.753906,    0.592356
2015-08-10 00:00:00,  369.990720,   13.875518,    0.591988
2015-08-11 00:00:00,  369.550080,   14.016190,    0.592235
2015-08-12 00:00:00,  369.109440,   13.904555,    0.592260
2015-08-13 00:00:00,  368.815680,   14.032232,    0.592259
2015-08-14 00:00:00,  368.375040,   14.318553,    0.592262
2015-08-15 00:00:00,  368.081280,   14.631692,    0.592275
2015-08-16 00:00:00,  367.934400,   14.888374,    0.592305
2015-08-17 00:00:00,  367.640640,   16.862119,    0.592481
2015-08-18 00:00:00,  367.493760,   16.467993,    0.592777
2015-08-19 00:00:00,  367.346880,   15.668811,    0.590913
2015-08-20 00:00:00,  367.200000,   15.526820,    0.590770
2015-08-21 00:00:00,  367.200000,   14.804195,    0.584534
2015-08-22 00:00:00,  367.200000,   14.554114,    0.582644
2015-08-23 00:00:00,  367.200000,   14.539993,    0.582145
2015-08-24 00:00:00,  367.346880,   14.906479,    0.581931
2015-08-25 00:00:00,  367.493760,   14.956465,    0.582074
2015-08-26 00:00:00,  367.640640,   14.929994,    0.582500
2015-08-27 00:00:00,  367.934400,   15.023916,    0.582901
2015-08-28 00:00:00,  368.228160,   15.180698,    0.582897
2015-08-29 00:00:00,  368.521920,   16.596607,    0.549529
2015-08-30 00:00:00,  368.815680,   16.247895,    0.554693
2015-08-31 00:00:00,  369.256320,   15.599920,    0.558196
2015-09-01 00:00:00,  369.550080,   15.434006,    0.558434
2015-09-02 00:00:00,  369.843840,   15.190981,    0.558660
2015-09-03 00:00:00,  370.431360,   15.386367,    0.559160
2015-09-04 00:00:00,  371.018880,   15.985687,    0.553982
2015-09-05 00:00:00,  371.606400,   16.035277,    0.555139
2015-09-06 00:00:00,  372.193920,   16.370717,    0.555685
2015-09-07 00:00:00,  372.781440,   16.267071,    0.555761
2015-09-08 00:00:00,  373.515840,   16.833468,    0.556269
2015-09-09 00:00:00,  374.250240,   18.353052,    0.557433
2015-09-10 00:00:00,  374.984640,   17.255896,    0.556563
2015-09-11 00:00:00,  375.865920,   17.518651,    0.556353
2015-09-12 00:00:00,  376.747200,   16.911297,    0.553467
2015-09-13 00:00:00,  377.628480,   17.317668,    0.553397
2015-09-14 00:00:00,  378.656640,   17.130473,    0.552599
2015-09-15 00:00:00,  379.684800,   16.832216,    0.552976
2015-09-16 00:00:00,  380.712960,   17.165175,    0.554169
2015-09-17 00:00:00,  381.741120,   17.075976,    0.554532
2015-09-18 00:00:00,  382.769280,   18.478471,    0.555445
2015-09-19 00:00:00,  383.944320,   18.417568,    0.556619
2015-09-20 00:00:00,  385.119360,   17.960138,    0.557158
2015-09-21 00:00:00,  386.441280,   18.191668,    0.557540
2015-09-22 00:00:00,  387.763200,   18.437223,    0.558482
2015-09-23 00:00:00,  389.085120,   18.392774,    0.559403
2015-09-24 00:00:00,  390.407040,   19.628758,    0.560684
2015-09-25 00:00:00,  391.728960,   20.003579,    0.560734
2015-09-26 00:00:00,  393.197760,   20.561525,    0.562983
2015-09-27 00:00:00,  394.666560,   20.385351,    0.563431
2015-09-28 00:00:00,  396.135360,   21.434231,    0.564813
2015-09-29 00:00:00,  397.604160,   21.297275,    0.564909
2015-09-30 00:00:00,  399.219840,   22.066463,    0.565881
2015-10-01 00:00:00,  401.129280,   22.790662,    0.566617
2015-10-02 00:00:00,  403.038720,   23.232442,    0.567910
2015-10-03 00:00:00,  404.801280,   23.305094,    0.568032
2015-10-04 00:00:00,  406.563840,   22.167098,    0.568798
2015-10-05 00:00:00,  408.326400,   20.185947,    0.569182
2015-10-06 00:00:00,  410.088960,   19.938899,    0.568678
2015-10-07 00:00:00,  411.851520,   19.847618,    0.569798
2015-10-08 00:00:00,  413.614080,   21.095255,    0.571711
2015-10-09 00:00:00,  415.523520,   21.293975,    0.571704
2015-10-10 00:00:00,  417.432960,   22.930939,    0.573257
2015-10-11 00:00:00,  419.342400,   23.394302,    0.574194
2015-10-12 00:00:00,  421.251840,   24.351726,    0.575168
2015-10-13 00:00:00,  423.161280,   24.602831,    0.575295
2015-10-14 00:00:00,  425.217600,   22.684344,    0.575784
2015-10-15 00:00:00,  427.273920,   22.392807,    0.577156
2015-10-16 00:00:00,  429.330240,   22.548239,    0.578059
2015-10-17 00:00:00,  431.386560,   22.837306,    0.579101
2015-10-18 00:00:00,  433.442880,   22.004953,    0.574637
2015-10-19 00:00:00,  435.499200,   22.357617,    0.575751
2015-10-20 00:00:00,  437.702400,   22.822263,    0.576630
2015-10-21 00:00:00,  439.905600,   23.196948,    0.576773
2015-10-22 00:00:00,  442.108800,   23.518672,    0.578947
2015-10-23 00:00:00,  444.312000,   23.175961,    0.580095
2015-10-24 00:00:00,  446.515200,   22.819405,    0.581289
2015-10-25 00:00:00,  448.865280,   23.083286,    0.582302
2015-10-26 00:00:00,  451.068480,   23.607502,    0.582945
2015-10-27 00:00:00,  453.271680,   23.062412,    0.583714
2015-10-28 00:00:00,  455.621760,   24.613586,    0.584321
2015-10-29 00:00:00,  457.971840,   25.502690,    0.584992
2015-10-30 00:00:00,  460.321920,   25.176926,    0.586193
2015-10-31 00:00:00,  462.672000,   25.389866,    0.587441
2015-11-01 00:00:00,  464.434560,   25.424376,    0.587342
2015-11-02 00:00:00,  466.197120,   25.467819,    0.567615
2015-11-03 00:00:00,  468.547200,   25.621555,    0.569533
2015-11-04 00:00:00,  470.897280,   25.917506,    0.569913
2015-11-05 00:00:00,  473.247360,   25.626834,    0.570942
2015-11-06 00:00:00,  475.744320,   24.138721,    0.571324
2015-11-07 00:00:00,  478.241280,   22.880902,    0.573510
2015-11-08 00:00:00,  480.591360,   23.214823,    0.575088
2015-11-09 00:00:00,  483.088320,   24.251011,    0.576526
2015-11-10 00:00:00,  485.585280,   24.846715,    0.578056
2015-11-11 00:00:00,  488.082240,   25.267543,    0.579396
2015-11-12 00:00:00,  490.579200,   25.122016,    0.579479
2015-11-13 00:00:00,  493.076160,   25.691406,    0.581352
2015-11-14 00:00:00,  495.573120,   27.508172,    0.584678
2015-11-15 00:00:00,  498.070080,   27.236254,    0.586917
2015-11-16 00:00:00,  500.567040,   27.713676,    0.587878
2015-11-17 00:00:00,  503.064000,   25.860033,    0.588567
2015-11-18 00:00:00,  505.560960,   24.324374,    0.589218
2015-11-19 00:00:00,  508.057920,   23.869692,    0.590100
2015-11-20 00:00:00,  510.701760,   23.897332,    0.590735
2015-11-21 00:00:00,  513.198720,   23.984229,    0.590887
2015-11-22 00:00:00,  515.695680,   24.381690,    0.592935
2015-11-23 00:00:00,  518.192640,   25.325926,    0.594348
2015-11-24 00:00:00,  520.689600,   24.963625,    0.597902
2015-11-25 00:00:00,  523.333440,   24.558208,    0.598482
2015-11-26 00:00:00,  525.830400,   24.599747,    0.600580
2015-11-27 00:00:00,  528.327360,   25.355211,    0.602143
2015-11-28 00:00:00,  530.824320,   25.178849,    0.604231
2015-11-29 00:00:00,  533.321280,   24.341832,    0.605570
2015-11-30 00:00:00,  535.818240,   23.672889,    0.606110
2015-12-01 00:00:00,  538.902720,   24.224739,    0.607712
2015-12-02 00:00:00,  541.987200,   24.470692,    0.608359
2015-12-03 00:00:00,  544.337280,   25.587715,    0.611613
2015-12-04 00:00:00,  546.834240,   24.030802,    0.612915
2015-12-05 00:00:00,  549.331200,   22.239255,    0.606229
2015-12-06 00:00:00,  551.681280,   21.797359,    0.605680
2015-12-07 00:00:00,  554.178240,   22.243062,    0.606804
2015-12-08 00:00:00,  556.675200,   23.470343,    0.607913
2015-12-09 00:00:00,  559.025280,   24.025135,    0.609588
2015-12-10 00:00:00,  561.375360,   24.024862,    0.611235
2015-12-11 00:00:00,  563.725440,   24.516960,    0.612717
2015-12-12 00:00:00,  566.075520,   23.900613,    0.614119
2015-12-13 00:00:00,  568.425600,   24.639809,    0.615045
2015-12-14 00:00:00,  570.775680,   25.189871,    0.616673
2015-12-15 00:00:00,  573.125760,   25.525636,    0.617943
2015-12-16 00:00:00,  575.475840,   25.496545,    0.620246
2015-12-17 00:00:00,  577.825920,   25.744461,    0.622200
2015-12-18 00:00:00,  580.029120,   25.507581,    0.623919
2015-12-19 00:00:00,  582.232320,   24.137244,    0.625045
2015-12-20 00:00:00,  584.582400,   24.573125,    0.625397
2015-12-21 00:00:00,  586.785600,   25.256790,    0.627132
2015-12-22 00:00:00,  588.988800,   26.249781,    0.628521
2015-12-23 00:00:00,  591.192000,   27.474757,    0.631082
2015-12-24 00:00:00,  593.248320,   25.485505,    0.632663
2015-12-25 00:00:00,  595.304640,   25.003003,    0.631292
2015-12-26 00:00:00,  597.360960,   25.394187,    0.632606
2015-12-27 00:00:00,  599.417280,   25.675030,    0.632503
2015-12-28 00:00:00,  601.473600,   27.345096,    0.636374
2015-12-29 00:00:00,  603.529920,   27.111324,    0.638374
2015-12-30 00:00:00,  605.586240,   25.983308,    0.638790
2015-12-31 00:00:00,  607.495680,   26.101086,    0.639507
2016-01-01 00:00:00,  608.817600,   26.239240,    0.641136
2016-01-02 00:00:00,  610.286400,   26.627775,    0.641226
2016-01-03 00:00:00,  612.195840,   27.707103,    0.643005
2016-01-04 00:00:00,  613.958400,   27.764271,    0.644445
2016-01-05 00:00:00,  615.867840,   29.191995,    0.645498
2016-01-06 00:00:00,  617.777280,   30.399051,    0.647056
2016-01-07 00:00:00,  619.539840,   29.712516,    0.647725
2016-01-08 00:00:00,  621.302400,   29.025403,    0.650333
2016-01-09 00:00:00,  622.918080,   29.641121,    0.651966
2016-01-10 00:00:00,  624.533760,   29.751629,    0.653529
2016-01-11 00:00:00,  626.296320,   29.534618,    0.655040
2016-01-12 00:00:00,  627.912000,   27.729117,    0.654319
2016-01-13 00:00:00,  629.380800,   27.185044,    0.654712
2016-01-14 00:00:00,  630.849600,   26.581267,    0.653081
2016-01-15 00:00:00,  632.465280,   27.386785,    0.655748
2016-01-16 00:00:00,  634.080960,   27.450633,    0.656224
2016-01-17 00:00:00,  635.402880,   26.290463,    0.657702
2016-01-18 00:00:00,  636.724800,   25.470627,    0.656975
2016-01-19 00:00:00,  638.193600,   24.716968,    0.651931
2016-01-20 00:00:00,  639.515520,   25.186774,    0.652750
2016-01-21 00:00:00,  640.837440,   24.308404,    0.652922
2016-01-22 00:00:00,  642.159360,   25.557971,    0.653007
2016-01-23 00:00:00,  643.334400,   26.806102,    0.654510
2016-01-24 00:00:00,  644.509440,   27.905495,    0.656309
2016-01-25 00:00:00,  645.684480,   29.112250,    0.658327
2016-01-26 00:00:00,  646.712640,   28.303965,    0.659580
2016-01-27 00:00:00,  647.740800,   27.707809,    0.661671
2016-01-28 00:00:00,  648.768960,   27.382651,    0.663276
2016-01-29 00:00:00,  649.797120,   27.480877,    0.664886
2016-01-30 00:00:00,  650.825280,   25.756650,    0.648974
2016-01-31 00:00:00,  651.706560,   24.367000,    0.650029
2016-02-01 00:00:00,  652.294080,   23.852292,    0.649536
2016-02-02 00:00:00,  652.881600,   24.351712,    0.649839
2016-02-03 00:00:00,  653.762880,   25.166154,    0.651040
2016-02-04 00:00:00,  654.497280,   25.560832,    0.652562
2016-02-05 00:00:00,  655.084800,   26.559178,    0.654113
2016-02-06 00:00:00,  655.819200,   26.973515,    0.656126
2016-02-07 00:00:00,  656.553600,   28.005659,    0.657607
2016-02-08 00:00:00,  657.141120,   27.809680,    0.658167
2016-02-09 00:00:00,  657.728640,   28.172808,    0.660029
2016-02-10 00:00:00,  658.169280,   29.730952,    0.662811
2016-02-11 00:00:00,  658.609920,   29.952661,    0.664507
2016-02-12 00:00:00,  659.050560,   28.111566,    0.665520
2016-02-13 00:00:00,  659.344320,   27.112233,    0.667856
2016-02-14 00:00:00,  659.784960,   26.579430,    0.667103
2016-02-15 00:00:00,  660.078720,   26.430054,    0.668606
2016-02-16 00:00:00,  660.225600,   27.165751,    0.670283
2016-02-17 00:00:00,  660.519360,   26.964172,    0.672248
2016-02-18 00:00:00,  660.666240,   26.404230,    0.673891
2016-02-19 00:00:00,  660.813120,   25.284451,    0.673736
2016-02-20 00:00:00,  660.960000,   26.217126,    0.673934
2016-02-21 00:00:00,  660.960000,   26.757666,    0.675086
2016-02-22 00:00:00,  660.960000,   25.968190,    0.670340
2016-02-23 00:00:00,  660.960000,   25.166668,    0.670653
2016-02-24 00:00:00,  660.813120,   24.234578,    0.668172
2016-02-25 00:00:00,  660.666240,   23.977515,    0.666461
2016-02-26 00:00:00,  660.519360,   24.887328,    0.666616
2016-02-27 00:00:00,  660.225600,   26.719445,    0.668168
2016-02-28 00:00:00,  659.931840,   26.779645,    0.669931
2016-02-29 00:00:00,  659.638080,   26.325981,    0.670929
2016-03-01 00:00:00,  659.050560,   25.400888,    0.671948
2016-03-02 00:00:00,  658.316160,   25.260129,    0.672146
2016-03-03 00:00:00,  657.728640,   24.795548,    0.673310
2016-03-04 00:00:00,  657.141120,   24.935798,    0.673830
2016-03-05 00:00:00,  656.553600,   25.528560,    0.675213
2016-03-06 00:00:00,  655.966080,   25.815267,    0.675905
2016-03-07 00:00:00,  655.378560,   25.780738,    0.676906
2016-03-08 00:00:00,  654.644160,   26.308045,    0.678078
2016-03-09 00:00:00,  653.909760,   27.164644,    0.679125
2016-03-10 00:00:00,  653.175360,   26.294024,    0.680191
2016-03-11 00:00:00,  652.294080,   26.128504,    0.681293
2016-03-12 00:00:00,  651.412800,   26.453400,    0.682600
2016-03-13 00:00:00,  650.531520,   26.931480,    0.684026
2016-03-14 00:00:00,  649.503360,   27.062585,    0.684653
2016-03-15 00:00:00,  648.475200,   27.121110,    0.687110
2016-03-16 00:00:00,  647.447040,   25.379392,    0.687121
2016-03-17 00:00:00,  646.418880,   24.728519,    0.685556
2016-03-18 00:00:00,  645.390720,   24.919214,    0.686186
2016-03-19 00:00:00,  644.215680,   25.209505,    0.687291
2016-03-20 00:00:00,  643.040640,   25.966762,    0.688203
2016-03-21 00:00:00,  641.718720,   25.836385,    0.689291
2016-03-22 00:00:00,  640.396800,   25.337491,    0.690508
2016-03-23 00:00:00,  639.221760,   23.607913,    0.666420
2016-03-24 00:00:00,  637.899840,   23.429846,    0.666754
2016-03-25 00:00:00,  636.431040,   24.003997,    0.666974
2016-03-26 00:00:00,  634.962240,   23.354162,    0.659835
2016-03-27 00:00:00,  633.493440,   23.132541,    0.660615
2016-03-28 00:00:00,  632.024640,   23.275435,    0.660348
2016-03-29 00:00:00,  630.555840,   23.715736,    0.660921
2016-03-30 00:00:00,  629.087040,   23.775456,    0.661025
2016-03-31 00:00:00,  627.471360,   24.294721,    0.663217
2016-04-01 00:00:00,  626.296320,   23.744706,    0.663573
2016-04-02 00:00:00,  625.121280,   24.296593,    0.664053
2016-04-03 00:00:00,  623.358720,   24.611674,    0.664143
2016-04-04 00:00:00,  621.596160,   23.747163,    0.665750
2016-04-05 00:00:00,  619.833600,   22.581483,    0.665217
2016-04-06 00:00:00,  618.071040,   22.285711,    0.665541
2016-04-07 00:00:00,  616.308480,   22.029605,    0.665919
2016-04-08 00:00:00,  614.545920,   21.820817,    0.666620
2016-04-09 00:00:00,  612.783360,   21.161059,    0.664205
2016-04-10 00:00:00,  610.873920,   21.490730,    0.662790
2016-04-11 00:00:00,  608.964480,   21.008170,    0.661615
2016-04-12 00:00:00,  607.055040,   21.394157,    0.662014
2016-04-13 00:00:00,  604.998720,   21.492198,    0.662301
2016-04-14 00:00:00,  602.942400,   21.571542,    0.662812
2016-04-15 00:00:00,  600.886080,   21.539677,    0.662782
2016-04-16 00:00:00,  598.829760,   21.447946,    0.663517
2016-04-17 00:00:00,  596.773440,   21.383074,    0.659857
2016-04-18 00:00:00,  594.717120,   21.230904,    0.647967
2016-04-19 00:00:00,  592.660800,   21.546757,    0.654656
2016-04-20 00:00:00,  590.457600,   21.805516,    0.655641
2016-04-21 00:00:00,  588.254400,   21.690832,    0.656035
2016-04-22 00:00:00,  586.198080,   21.339566,    0.657011
2016-04-23 00:00:00,  583.994880,   21.359120,    0.657541
2016-04-24 00:00:00,  581.644800,   21.195411,    0.657741
2016-04-25 00:00:00,  579.441600,   20.846171,    0.648450
2016-04-26 00:00:00,  577.238400,   19.866263,    0.650443
2016-04-27 00:00:00,  574.888320,   19.581730,    0.648942
2016-04-28 00:00:00,  572.538240,   19.145315,    0.647835
2016-04-29 00:00:00,  570.188160,   19.019084,    0.647614
2016-04-30 00:00:00,  567.838080,   18.708362,    0.647938
2016-05-01 00:00:00,  565.047360,   18.786747,    0.647902
2016-05-02 00:00:00,  562.109760,   19.160379,    0.648607
2016-05-03 00:00:00,  559.612800,   18.979814,    0.648697
2016-05-04 00:00:00,  557.262720,   18.992513,    0.649323
2016-05-05 00:00:00,  554.912640,   19.006384,    0.649234
2016-05-06 00:00:00,  552.415680,   18.816048,    0.644480
2016-05-07 00:00:00,  549.918720,   18.059375,    0.644196
2016-05-08 00:00:00,  547.568640,   17.915891,    0.644986
2016-05-09 00:00:00,  545.071680,   18.124502,    0.645141
2016-05-10 00:00:00,  542.574720,   18.362464,    0.645588
2016-05-11 00:00:00,  540.077760,   18.275738,    0.645717
2016-05-12 00:00:00,  537.580800,   18.080092,    0.645696
2016-05-13 00:00:00,  535.083840,   18.447631,    0.646712
2016-05-14 00:00:00,  532.586880,   18.570727,    0.647122
2016-05-15 00:00:00,  530.089920,   18.126047,    0.646794
2016-05-16 00:00:00,  527.592960,   18.297776,    0.647345
2016-05-17 00:00:00,  525.096000,   17.991680,    0.647569
2016-05-18 00:00:00,  522.599040,   17.983805,    0.647368
2016-05-19 00:00:00,  520.102080,   17.891832,    0.641402
2016-05-20 00:00:00,  517.458240,   17.937912,    0.645206
2016-05-21 00:00:00,  514.961280,   16.945017,    0.637705
2016-05-22 00:00:00,  512.464320,   16.665752,    0.639834
2016-05-23 00:00:00,  509.967360,   16.803491,    0.636653
2016-05-24 00:00:00,  507.470400,   16.845001,    0.629567
2016-05-25 00:00:00,  504.826560,   16.716914,    0.628838
2016-05-26 00:00:00,  502.329600,   16.476870,    0.627547
2016-05-27 00:00:00,  499.832640,   16.511946,    0.629306
2016-05-28 00:00:00,  497.335680,   16.484136,    0.631380
2016-05-29 00:00:00,  494.838720,   16.481436,    0.631796
2016-05-30 00:00:00,  492.341760,   16.409450,    0.634058
2016-05-31 00:00:00,  489.844800,   16.233773,    0.635182
2016-06-01 00:00:00,  488.082240,   16.195712,    0.639667
2016-06-02 00:00:00,  486.319680,   15.904436,    0.651544
2016-06-03 00:00:00,  483.822720,   16.098589,    0.651761
2016-06-04 00:00:00,  481.325760,   15.930043,    0.651263
2016-06-05 00:00:00,  478.828800,   15.855727,    0.651674
2016-06-06 00:00:00,  476.478720,   15.496764,    0.647929
2016-06-07 00:00:00,  473.981760,   15.006682,    0.645031
2016-06-08 00:00:00,  471.484800,   14.810217,    0.644628
2016-06-09 00:00:00,  469.134720,   14.617975,    0.643642
2016-06-10 00:00:00,  466.784640,   14.906799,    0.642927
2016-06-11 00:00:00,  464.434560,   14.687358,    0.643195
2016-06-12 00:00:00,  462.084480,   14.710612,    0.643510
2016-06-13 00:00:00,  459.734400,   14.773156,    0.634505
2016-06-14 00:00:00,  457.384320,   14.705817,    0.631069
2016-06-15 00:00:00,  455.034240,   14.793337,    0.627634
2016-06-16 00:00:00,  452.684160,   14.823519,    0.628035
2016-06-17 00:00:00,  450.334080,   14.676111,    0.628259
2016-06-18 00:00:00,  448.130880,   14.501321,    0.628392
2016-06-19 00:00:00,  445.927680,   14.478727,    0.628324
2016-06-20 00:00:00,  443.577600,   14.474541,    0.628500
2016-06-21 00:00:00,  441.374400,   14.478509,    0.628624
2016-06-22 00:00:00,  439.318080,   14.420913,    0.628692
2016-06-23 00:00:00,  437.114880,   14.490534,    0.628797
2016-06-24 00:00:00,  434.911680,   14.392820,    0.629052
2016-06-25 00:00:00,  432.855360,   14.329815,    0.626188
2016-06-26 00:00:00,  430.799040,   14.251983,    0.626737
2016-06-27 00:00:00,  428.742720,   14.051184,    0.626848
2016-06-28 00:00:00,  426.686400,   14.014939,    0.626783
2016-06-29 00:00:00,  424.630080,   14.194305,    0.627047
2016-06-30 00:00:00,  422.573760,   14.233422,    0.627105
2016-07-01 00:00:00,  420.223680,   14.174526,    0.627268
2016-07-02 00:00:00,  417.873600,   14.140698,    0.627442
2016-07-03 00:00:00,  415.964160,   13.782936,    0.627757
2016-07-04 00:00:00,  414.201600,   13.533447,    0.628036
2016-07-05 00:00:00,  412.292160,   13.344770,    0.628321
2016-07-06 00:00:00,  410.382720,   13.233129,    0.628526
2016-07-07 00:00:00,  408.620160,   13.253319,    0.628692
2016-07-08 00:00:00,  406.857600,   13.290602,    0.626324
2016-07-09 00:00:00,  405.241920,   12.895915,    0.621245
2016-07-10 00:00:00,  403.626240,   12.894285,    0.619103
2016-07-11 00:00:00,  401.863680,   12.940572,    0.617943
2016-07-12 00:00:00,  400.248000,   12.968952,    0.617068
2016-07-13 00:00:00,  398.779200,   12.604228,    0.617102
2016-07-14 00:00:00,  397.163520,   12.504829,    0.617417
2016-07-15 00:00:00,  395.547840,   12.873684,    0.617555
2016-07-16 00:00:00,  394.079040,   13.213854,    0.616982
2016-07-17 00:00:00,  392.757120,   13.352673,    0.616503
2016-07-18 00:00:00,  391.435200,   13.429765,    0.616479
2016-07-19 00:00:00,  389.966400,   13.443118,    0.616541
2016-07-20 00:00:00,  388.644480,   13.234823,    0.616823
2016-07-21 00:00:00,  387.322560,   13.158977,    0.614149
2016-07-22 00:00:00,  386.000640,   13.331159,    0.614178
2016-07-23 00:00:00,  384.825600,   13.029149,    0.613879
2016-07-24 00:00:00,  383.650560,   13.092138,    0.614042
2016-07-25 00:00:00,  382.475520,   13.262635,    0.614090
2016-07-26 00:00:00,  381.447360,   13.596768,    0.614614
2016-07-27 00:00:00,  380.419200,   14.023828,    0.614846
2016-07-28 00:00:00,  379.391040,   14.214913,    0.615241
2016-07-29 00:00:00,  378.362880,   14.021996,    0.613766
2016-07-30 00:00:00,  377.334720,   13.841730,    0.614251
2016-07-31 00:00:00,  376.453440,   13.588474,    0.614067
2016-08-01 00:00:00,  375.865920,   13.615346,    0.614154
2016-08-02 00:00:00,  375.278400,   13.521106,    0.614587
2016-08-03 00:00:00,  374.397120,   13.057269,    0.613860
2016-08-04 00:00:00,  373.662720,   12.980209,    0.603664
2016-08-05 00:00:00,  372.928320,   13.082665,    0.608511
2016-08-06 00:00:00,  372.193920,   13.270177,    0.605908
2016-08-07 00:00:00,  371.606400,   13.143741,    0.605100
2016-08-08 00:00:00,  371.018880,   12.878843,    0.604185
2016-08-09 00:00:00,  370.431360,   12.853278,    0.603831
2016-08-10 00:00:00,  369.990720,   12.972726,    0.603344
2016-08-11 00:00:00,  369.550080,   13.138376,    0.602388
2016-08-12 00:00:00,  369.109440,   13.317007,    0.602472
2016-08-13 00:00:00,  368.815680,   13.567368,    0.602516
2016-08-14 00:00:00,  368.375040,   13.823942,    0.603110
2016-08-15 00:00:00,  368.081280,   13.940370,    0.597362
2016-08-16 00:00:00,  367.934400,   14.525497,    0.598022
2016-08-17 00:00:00,  367.640640,   13.664095,    0.594065
2016-08-18 00:00:00,  367.493760,   13.524566,    0.594478
2016-08-19 00:00:00,  367.346880,   13.431655,    0.588938
2016-08-20 00:00:00,  367.200000,   13.740803,    0.591976
2016-08-21 00:00:00,  367.200000,   13.436457,    0.591666
2016-08-22 00:00:00,  367.200000,   13.551038,    0.592615
2016-08-23 00:00:00,  367.200000,   13.612327,    0.592606
2016-08-24 00:00:00,  367.346880,   14.161275,    0.593211
2016-08-25 00:00:00,  367.493760,   14.200505,    0.593691
2016-08-26 00:00:00,  367.640640,   14.157561,    0.588910
2016-08-27 00:00:00,  367.934400,   14.063310,    0.583395
2016-08-28 00:00:00,  368.228160,   13.849550,    0.582504
2016-08-29 00:00:00,  368.521920,   14.040560,    0.580759
2016-08-30 00:00:00,  368.815680,   14.296266,    0.580761
2016-08-31 00:00:00,  369.256320,   14.596669,    0.574941
2016-09-01 00:00:00,  369.550080,   14.551777,    0.574834
2016-09-02 00:00:00,  369.843840,   14.840832,    0.574811
2016-09-03 00:00:00,  370.431360,   15.114884,    0.574957
2016-09-04 00:00:00,  371.018880,   15.563486,    0.575791
2016-09-05 00:00:00,  371.606400,   16.467803,    0.576334
2016-09-06 00:00:00,  372.193920,   16.071986,    0.577024
2016-09-07 00:00:00,  372.781440,   15.711426,    0.575262
2016-09-08 00:00:00,  373.515840,   15.719206,    0.575400
2016-09-09 00:00:00,  374.250240,   15.952544,    0.575421
2016-09-10 00:00:00,  374.984640,   17.155700,    0.576382
2016-09-11 00:00:00,  375.865920,   16.070277,    0.577059
2016-09-12 00:00:00,  376.747200,   15.687916,    0.577161
2016-09-13 00:00:00,  377.628480,   16.119718,    0.577999
2016-09-14 00:00:00,  378.656640,   15.823965,    0.577978
2016-09-15 00:00:00,  379.684800,   15.714406,    0.576316
2016-09-16 00:00:00,  380.712960,   16.113859,    0.577128
2016-09-17 00:00:00,  381.741120,   16.060086,    0.577231
2016-09-18 00:00:00,  382.769280,   15.753414,    0.573010
2016-09-19 00:00:00,  383.944320,   15.528237,    0.573236
2016-09-20 00:00:00,  385.119360,   15.602129,    0.573076
2016-09-21 00:00:00,  386.441280,   16.057731,    0.573096
2016-09-22 00:00:00,  387.763200,   16.371393,    0.569188
2016-09-23 00:00:00,  389.085120,   15.743218,    0.570706
2016-09-24 00:00:00,  390.407040,   16.114018,    0.570512
2016-09-25 00:00:00,  391.728960,   16.394145,    0.566005
2016-09-26 00:00:00,  393.197760,   16.294689,    0.564161
2016-09-27 00:00:00,  394.666560,   15.623731,    0.557038
2016-09-28 00:00:00,  396.135360,   15.777854,    0.559045
2016-09-29 00:00:00,  397.604160,   15.663362,    0.559090
2016-09-30 00:00:00,  399.219840,   16.307860,    0.559521
2016-10-01 00:00:00,  401.129280,   15.492840,    0.558669
2016-10-02 00:00:00,  403.038720,   15.900372,    0.559627
2016-10-03 00:00:00,  404.801280,   15.753716,    0.559140
2016-10-04 00:00:00,  406.563840,   16.666756,    0.559459
2016-10-05 00:00:00,  408.326400,   17.420072,    0.559601
2016-10-06 00:00:00,  410.088960,   17.960986,    0.560278
2016-10-07 00:00:00,  411.851520,   18.746713,    0.560483
2016-10-08 00:00:00,  413.614080,   18.458303,    0.556453
2016-10-09 00:00:00,  415.523520,   17.894768,    0.557999
2016-10-10 00:00:00,  417.432960,   18.325675,    0.558643
2016-10-11 00:00:00,  419.342400,   19.343681,    0.559364
2016-10-12 00:00:00,  421.251840,   19.028011,    0.559800
2016-10-13 00:00:00,  423.161280,   19.631008,    0.559875
2016-10-14 00:00:00,  425.217600,   20.060860,    0.561054
2016-10-15 00:00:00,  427.273920,   18.698430,    0.562157
2016-10-16 00:00:00,  429.330240,   19.598868,    0.563032
2016-10-17 00:00:00,  431.386560,   19.578789,    0.564089
2016-10-18 00:00:00,  433.442880,   19.577403,    0.564650
2016-10-19 00:00:00,  435.499200,   19.487165,    0.563593
2016-10-20 00:00:00,  437.702400,   19.019699,    0.564872
2016-10-21 00:00:00,  439.905600,   19.555539,    0.565450
2016-10-22 00:00:00,  442.108800,   19.583620,    0.565946
2016-10-23 00:00:00,  444.312000,   20.965892,    0.567706
2016-10-24 00:00:00,  446.515200,   21.203302,    0.569191
2016-10-25 00:00:00,  448.865280,   20.817403,    0.569212
2016-10-26 00:00:00,  451.068480,   21.997144,    0.570239
2016-10-27 00:00:00,  453.271680,   21.992771,    0.570158
2016-10-28 00:00:00,  455.621760,   22.447665,    0.571239
2016-10-29 00:00:00,  457.971840,   21.608778,    0.572191
2016-10-30 00:00:00,  460.321920,   21.317074,    0.573455
2016-10-31 00:00:00,  462.672000,   20.869470,    0.574211
2016-11-01 00:00:00,  464.434560,   21.198522,    0.574863
2016-11-02 00:00:00,  466.197120,   21.967787,    0.576022
2016-11-03 00:00:00,  468.547200,   21.712967,    0.576326
2016-11-04 00:00:00,  470.897280,   22.807724,    0.577617
2016-11-05 00:00:00,  473.247360,   24.572853,    0.579699
2016-11-06 00:00:00,  475.744320,   23.778724,    0.581743
2016-11-07 00:00:00,  478.241280,   22.833948,    0.582817
2016-11-08 00:00:00,  480.591360,   22.591103,    0.584152
2016-11-09 00:00:00,  483.088320,   22.803462,    0.585564
2016-11-10 00:00:00,  485.585280,   21.999265,    0.585005
2016-11-11 00:00:00,  488.082240,   22.031484,    0.585880
2016-11-12 00:00:00,  490.579200,   22.684350,    0.587201
2016-11-13 00:00:00,  493.076160,   22.850876,    0.586968
2016-11-14 00:00:00,  495.573120,   23.323080,    0.588640
2016-11-15 00:00:00,  498.070080,   25.067041,    0.591670
2016-11-16 00:00:00,  500.567040,   22.412656,    0.565281
2016-11-17 00:00:00,  503.064000,   22.883296,    0.568162
2016-11-18 00:00:00,  505.560960,   23.702061,    0.568981
2016-11-19 00:00:00,  508.057920,   24.115452,    0.570488
2016-11-20 00:00:00,  510.701760,   23.015218,    0.572300
2016-11-21 00:00:00,  513.198720,   21.957491,    0.573251
2016-11-22 00:00:00,  515.695680,   22.423192,    0.574078
2016-11-23 00:00:00,  518.192640,   23.921940,    0.575579
2016-11-24 00:00:00,  520.689600,   24.352625,    0.576859
2016-11-25 00:00:00,  523.333440,   25.458026,    0.578724
2016-11-26 00:00:00,  525.830400,   26.303015,    0.580849
2016-11-27 00:00:00,  528.327360,   26.292092,    0.582700
2016-11-28 00:00:00,  530.824320,   25.880632,    0.583391
2016-11-29 00:00:00,  533.321280,   25.077529,    0.585679
2016-11-30 00:00:00,  535.818240,   25.238862,    0.587623
2016-12-01 00:00:00,  538.902720,   24.652336,    0.589261
2016-12-02 00:00:00,  541.987200,   24.822462,    0.589976
2016-12-03 00:00:00,  544.337280,   24.151229,    0.591052
2016-12-04 00:00:00,  546.834240,   23.954039,    0.592867
2016-12-05 00:00:00,  549.331200,   23.963025,    0.593684
2016-12-06 00:00:00,  551.681280,   24.625595,    0.594775
2016-12-07 00:00:00,  554.178240,   24.170837,    0.597114
2016-12-08 00:00:00,  556.675200,   24.480048,    0.597724
2016-12-09 00:00:00,  559.025280,   25.249116,    0.599386
2016-12-10 00:00:00,  561.375360,   25.474129,    0.599605
2016-12-11 00:00:00,  563.725440,   26.109761,    0.602633
2016-12-12 00:00:00,  566.075520,   25.915994,    0.603084
2016-12-13 00:00:00,  568.425600,   25.711591,    0.604610
2016-12-14 00:00:00,  570.775680,   25.882473,    0.605067
2016-12-15 00:00:00,  573.125760,   26.484287,    0.608535
2016-12-16 00:00:00,  575.475840,   25.933965,    0.609781
2016-12-17 00:00:00,  577.825920,   25.521133,    0.610109
2016-12-18 00:00:00,  580.029120,   24.920317,    0.611610
2016-12-19 00:00:00,  582.232320,   25.151001,    0.613191
2016-12-20 00:00:00,  584.582400,   25.889211,    0.614889
2016-12-21 00:00:00,  586.785600,   25.604461,    0.615374
2016-12-22 00:00:00,  588.988800,   26.003878,    0.619339
2016-12-23 00:00:00,  591.192000,   26.451201,    0.620543
2016-12-24 00:00:00,  593.248320,   26.104444,    0.622554
2016-12-25 00:00:00,  595.304640,   26.047295,    0.624006
2016-12-26 00:00:00,  597.360960,   26.080278,    0.625101
2016-12-27 00:00:00,  599.417280,   24.318693,    0.624612
2016-12-28 00:00:00,  601.473600,   24.071470,    0.626799
2016-12-29 00:00:00,  603.529920,   24.577541,    0.628406
2016-12-30 00:00:00,  605.586240,   24.175357,    0.629705
2016-12-31 00:00:00,  607.495680,   24.431380,    0.630008
2017-01-01 00:00:00,  608.817600,   24.528338,    0.629936
2017-01-02 00:00:00,  610.286400,   26.319866,    0.632774
2017-01-03 00:00:00,  612.195840,   27.217861,    0.634234
2017-01-04 00:00:00,  613.958400,   28.568137,    0.635930
2017-01-05 00:00:00,  615.867840,   28.425431,    0.637468
2017-01-06 00:00:00,  617.777280,   28.694633,    0.639526
2017-01-07 00:00:00,  619.539840,   27.985526,    0.642028
2017-01-08 00:00:00,  621.302400,   27.818603,    0.643348
2017-01-09 00:00:00,  622.918080,   27.519567,    0.644917
2017-01-10 00:00:00,  624.533760,   26.092953,    0.643945
2017-01-11 00:00:00,  626.296320,   25.497114,    0.643534
2017-01-12 00:00:00,  627.912000,   25.472664,    0.644638
2017-01-13 00:00:00,  629.380800,   26.433320,    0.646916
2017-01-14 00:00:00,  630.849600,   26.424450,    0.648428
2017-01-15 00:00:00,  632.465280,   25.848840,    0.650090
2017-01-16 00:00:00,  634.080960,   26.595175,    0.650758
2017-01-17 00:00:00,  635.402880,   25.916976,    0.650087
2017-01-18 00:00:00,  636.724800,   28.256149,    0.654418
2017-01-19 00:00:00,  638.193600,   28.501923,    0.654969
2017-01-20 00:00:00,  639.515520,   28.068824,    0.658774
2017-01-21 00:00:00,  640.837440,   26.874737,    0.659496
2017-01-22 00:00:00,  642.159360,   27.146656,    0.660266
2017-01-23 00:00:00,  643.334400,   27.319931,    0.661740
2017-01-24 00:00:00,  644.509440,   28.023183,    0.663340
2017-01-25 00:00:00,  645.684480,   27.800759,    0.664932
2017-01-26 00:00:00,  646.712640,   27.965276,    0.666927
2017-01-27 00:00:00,  647.740800,   27.899156,    0.667686
2017-01-28 00:00:00,  648.768960,   28.027875,    0.669587
2017-01-29 00:00:00,  649.797120,   27.901930,    0.671213
2017-01-30 00:00:00,  650.825280,   26.564713,    0.670676
2017-01-31 00:00:00,  651.706560,   26.121435,    0.668783
2017-02-01 00:00:00,  652.294080,   26.215353,    0.670086
2017-02-02 00:00:00,  652.881600,   24.938450,    0.671029
2017-02-03 00:00:00,  653.762880,   24.290793,    0.669119
2017-02-04 00:00:00,  654.497280,   23.888300,    0.669968
2017-02-05 00:00:00,  655.084800,   24.268378,    0.670370
2017-02-06 00:00:00,  655.819200,   23.865442,    0.670972
2017-02-07 00:00:00,  656.553600,   24.888667,    0.671642
2017-02-08 00:00:00,  657.141120,   25.347789,    0.672911
2017-02-09 00:00:00,  657.728640,   26.664660,    0.673706
2017-02-10 00:00:00,  658.169280,   23.573067,    0.643893
2017-02-11 00:00:00,  658.609920,   23.494508,    0.635866
2017-02-12 00:00:00,  659.050560,   25.193637,    0.655786
2017-02-13 00:00:00,  659.344320,   24.999362,    0.655459
2017-02-14 00:00:00,  659.784960,   25.540054,    0.657131
2017-02-15 00:00:00,  660.078720,   26.066730,    0.659781
2017-02-16 00:00:00,  660.225600,   25.573962,    0.659514
2017-02-17 00:00:00,  660.519360,   26.357972,    0.659751
2017-02-18 00:00:00,  660.666240,   26.456078,    0.659885
2017-02-19 00:00:00,  660.813120,   26.038774,    0.662403
2017-02-20 00:00:00,  660.960000,   25.387427,    0.663582
2017-02-21 00:00:00,  660.960000,   24.882787,    0.664409
2017-02-22 00:00:00,  660.960000,   25.223200,    0.664446
2017-02-23 00:00:00,  660.960000,   25.087661,    0.665988
2017-02-24 00:00:00,  660.813120,   25.730504,    0.666893
2017-02-25 00:00:00,  660.666240,   25.492515,    0.667330
2017-02-26 00:00:00,  660.519360,   26.216447,    0.669973
2017-02-27 00:00:00,  660.225600,   25.676251,    0.672178
2017-02-28 00:00:00,  659.931840,   25.818507,    0.674611
2017-03-01 00:00:00,  659.197440,   25.593519,    0.675826
2017-03-02 00:00:00,  658.316160,   26.859881,    0.678686
2017-03-03 00:00:00,  657.728640,   26.017839,    0.680665
2017-03-04 00:00:00,  657.141120,   24.331700,    0.678964
2017-03-05 00:00:00,  656.553600,   23.940839,    0.678782
2017-03-06 00:00:00,  655.966080,   23.902813,    0.677472
2017-03-07 00:00:00,  655.378560,   24.592533,    0.678673
2017-03-08 00:00:00,  654.644160,   24.629751,    0.680112
2017-03-09 00:00:00,  653.909760,   24.308851,    0.680362
2017-03-10 00:00:00,  653.175360,   24.155511,    0.681600
2017-03-11 00:00:00,  652.294080,   24.229797,    0.683105
2017-03-12 00:00:00,  651.412800,   25.153482,    0.685141
2017-03-13 00:00:00,  650.531520,   25.549812,    0.686271
2017-03-14 00:00:00,  649.503360,   26.654788,    0.687037
2017-03-15 00:00:00,  648.475200,   26.009452,    0.689126
2017-03-16 00:00:00,  647.447040,   24.482432,    0.689830
2017-03-17 00:00:00,  646.418880,   24.028891,    0.689572
2017-03-18 00:00:00,  645.390720,   23.441141,    0.688689
2017-03-19 00:00:00,  644.215680,   22.646702,    0.687193
2017-03-20 00:00:00,  643.040640,   23.083551,    0.684994
2017-03-21 00:00:00,  641.718720,   22.970359,    0.685204
2017-03-22 00:00:00,  640.396800,   24.483693,    0.644222
2017-03-23 00:00:00,  639.221760,   24.228289,    0.648703
2017-03-24 00:00:00,  637.899840,   25.502728,    0.647597
2017-03-25 00:00:00,  636.431040,   24.946911,    0.652657
2017-03-26 00:00:00,  634.962240,   24.152717,    0.656265
2017-03-27 00:00:00,  633.493440,   23.691259,    0.660934
2017-03-28 00:00:00,  632.024640,   23.234444,    0.666026
2017-03-29 00:00:00,  630.555840,   23.257078,    0.667863
2017-03-30 00:00:00,  629.087040,   23.352895,    0.669065
2017-03-31 00:00:00,  627.471360,   23.116873,    0.670172
2017-04-01 00:00:00,  626.296320,   22.771541,    0.670088
2017-04-02 00:00:00,  625.121280,   23.542871,    0.672399
2017-04-03 00:00:00,  623.358720,   22.465255,    0.673039
2017-04-04 00:00:00,  621.596160,   21.820781,    0.672701
2017-04-05 00:00:00,  619.833600,   21.838881,    0.672625
2017-04-06 00:00:00,  618.071040,   21.705669,    0.673154
2017-04-07 00:00:00,  616.308480,   22.042163,    0.673201
2017-04-08 00:00:00,  614.545920,   22.532987,    0.674201
2017-04-09 00:00:00,  612.783360,   22.162296,    0.675470
2017-04-10 00:00:00,  610.873920,   21.756946,    0.675744
2017-04-11 00:00:00,  608.964480,   22.124509,    0.675884
2017-04-12 00:00:00,  607.055040,   20.564904,    0.674912
2017-04-13 00:00:00,  604.998720,   20.135059,    0.668191
2017-04-14 00:00:00,  602.942400,   19.666622,    0.665720
2017-04-15 00:00:00,  600.886080,   20.252480,    0.665231
2017-04-16 00:00:00,  598.829760,   21.042454,    0.665873
2017-04-17 00:00:00,  596.773440,   21.051069,    0.666341
2017-04-18 00:00:00,  594.717120,   21.351961,    0.666765
2017-04-19 00:00:00,  592.660800,   21.722621,    0.667349
2017-04-20 00:00:00,  590.457600,   21.867549,    0.667421
2017-04-21 00:00:00,  588.254400,   21.916572,    0.668732
2017-04-22 00:00:00,  586.198080,   20.881571,    0.669531
2017-04-23 00:00:00,  583.994880,   20.397395,    0.669702
2017-04-24 00:00:00,  581.644800,   20.159449,    0.669946
2017-04-25 00:00:00,  579.441600,   19.951866,    0.670118
2017-04-26 00:00:00,  577.238400,   20.138819,    0.670992
2017-04-27 00:00:00,  574.888320,   20.036157,    0.671146
2017-04-28 00:00:00,  572.538240,   19.972546,    0.670681
2017-04-29 00:00:00,  570.188160,   19.834193,    0.671396
2017-04-30 00:00:00,  567.838080,   20.006914,    0.671921
2017-05-01 00:00:00,  565.047360,   19.514915,    0.671795
2017-05-02 00:00:00,  562.109760,   19.500460,    0.671353
2017-05-03 00:00:00,  559.612800,   19.162782,    0.670473
2017-05-04 00:00:00,  557.262720,   18.948869,    0.670482
2017-05-05 00:00:00,  554.912640,   18.899767,    0.670695
2017-05-06 00:00:00,  552.415680,   18.790133,    0.671040
2017-05-07 00:00:00,  549.918720,   19.197088,    0.671380
2017-05-08 00:00:00,  547.568640,   18.799381,    0.671441
2017-05-09 00:00:00,  545.071680,   18.425696,    0.670663
2017-05-10 00:00:00,  542.574720,   18.096679,    0.671048
2017-05-11 00:00:00,  540.077760,   18.137733,    0.671572
2017-05-12 00:00:00,  537.580800,   18.220172,    0.671673
2017-05-13 00:00:00,  535.083840,   17.434450,    0.665672
2017-05-14 00:00:00,  532.586880,   17.231376,    0.666111
2017-05-15 00:00:00,  530.089920,   17.107835,    0.666201
2017-05-16 00:00:00,  527.592960,   17.065625,    0.666725
2017-05-17 00:00:00,  525.096000,   17.067225,    0.667167
2017-05-18 00:00:00,  522.599040,   16.761104,    0.667537
2017-05-19 00:00:00,  520.102080,   16.766252,    0.667411
2017-05-20 00:00:00,  517.458240,   17.166995,    0.667756
2017-05-21 00:00:00,  514.961280,   17.026964,    0.668240
2017-05-22 00:00:00,  512.464320,   17.201616,    0.654533
2017-05-23 00:00:00,  509.967360,   16.497026,    0.657718
2017-05-24 00:00:00,  507.470400,   16.717736,    0.659282
2017-05-25 00:00:00,  504.826560,   16.441587,    0.659541
2017-05-26 00:00:00,  502.329600,   16.260151,    0.654709
2017-05-27 00:00:00,  499.832640,   16.007185,    0.663311
2017-05-28 00:00:00,  497.335680,   16.216801,    0.665538
2017-05-29 00:00:00,  494.838720,   16.080196,    0.665888
2017-05-30 00:00:00,  492.341760,   16.108618,    0.666830
2017-05-31 00:00:00,  489.844800,   16.095467,    0.666992
2017-06-01 00:00:00,  488.082240,   16.208331,    0.664862
2017-06-02 00:00:00,  486.319680,   16.150202,    0.666158
2017-06-03 00:00:00,  483.822720,   16.098517,    0.667137
2017-06-04 00:00:00,  481.325760,   15.690711,    0.667530
2017-06-05 00:00:00,  478.828800,   15.773596,    0.670196
2017-06-06 00:00:00,  476.478720,   16.074707,    0.674606
2017-06-07 00:00:00,  473.981760,   16.051781,    0.675254
2017-06-08 00:00:00,  471.484800,   15.458503,    0.675182
2017-06-09 00:00:00,  469.134720,   15.216530,    0.675623
2017-06-10 00:00:00,  466.784640,   15.219520,    0.675704
2017-06-11 00:00:00,  464.434560,   14.914897,    0.676224
2017-06-12 00:00:00,  462.084480,   14.927577,    0.676196
2017-06-13 00:00:00,  459.734400,   14.968367,    0.676661
2017-06-14 00:00:00,  457.384320,   15.088231,    0.668126
2017-06-15 00:00:00,  455.034240,   14.839757,    0.660351
2017-06-16 00:00:00,  452.684160,   14.937654,    0.664924
2017-06-17 00:00:00,  450.334080,   15.002400,    0.665046
2017-06-18 00:00:00,  448.130880,   14.990783,    0.665121
2017-06-19 00:00:00,  445.927680,   15.179298,    0.665122
2017-06-20 00:00:00,  443.577600,   15.332353,    0.665531
2017-06-21 00:00:00,  441.374400,   15.368294,    0.665760
2017-06-22 00:00:00,  439.318080,   15.180448,    0.665807
2017-06-23 00:00:00,  437.114880,   15.069647,    0.655157
2017-06-24 00:00:00,  434.911680,   14.909029,    0.652564
2017-06-25 00:00:00,  432.855360,   14.785176,    0.654593
2017-06-26 00:00:00,  430.799040,   14.534657,    0.654877
2017-06-27 00:00:00,  428.742720,   14.049788,    0.653585
2017-06-28 00:00:00,  426.686400,   14.113671,    0.653672
2017-06-29 00:00:00,  424.630080,   13.973766,    0.653970
2017-06-30 00:00:00,  422.573760,   13.916371,    0.654275
2017-07-01 00:00:00,  420.223680,   13.753116,    0.654531
2017-07-02 00:00:00,  417.873600,   13.693902,    0.650718
2017-07-03 00:00:00,  415.964160,   13.629710,    0.647364
2017-07-04 00:00:00,  414.201600,   13.389755,    0.643881
2017-07-05 00:00:00,  412.292160,   13.286012,    0.644063
2017-07-06 00:00:00,  410.382720,   13.166820,    0.644260
2017-07-07 00:00:00,  408.620160,   13.117274,    0.644573
2017-07-08 00:00:00,  406.857600,   12.918214,    0.637426
2017-07-09 00:00:00,  405.241920,   12.525601,    0.632182
2017-07-10 00:00:00,  403.626240,   12.542651,    0.628808
2017-07-11 00:00:00,  401.863680,   12.703556,    0.625471
2017-07-12 00:00:00,  400.248000,   12.455695,    0.624034
2017-07-13 00:00:00,  398.779200,   12.476185,    0.623736
2017-07-14 00:00:00,  397.163520,   12.687365,    0.623058
2017-07-15 00:00:00,  395.547840,   12.647472,    0.623776
2017-07-16 00:00:00,  394.079040,   12.576748,    0.621790
2017-07-17 00:00:00,  392.757120,   12.561318,    0.621890
2017-07-18 00:00:00,  391.435200,   12.488464,    0.621867
2017-07-19 00:00:00,  389.966400,   12.715902,    0.621382
2017-07-20 00:00:00,  388.644480,   12.573770,    0.621705
2017-07-21 00:00:00,  387.322560,   12.618704,    0.621917
2017-07-22 00:00:00,  386.000640,   12.778265,    0.622197
2017-07-23 00:00:00,  384.825600,   12.952816,    0.622471
2017-07-24 00:00:00,  383.650560,   13.034935,    0.622876
2017-07-25 00:00:00,  382.475520,   12.852664,    0.622762
2017-07-26 00:00:00,  381.447360,   13.338253,    0.622232
2017-07-27 00:00:00,  380.419200,   13.379046,    0.622255
2017-07-28 00:00:00,  379.391040,   13.791485,    0.619879
2017-07-29 00:00:00,  378.362880,   13.612083,    0.618226
2017-07-30 00:00:00,  377.334720,   13.649854,    0.618379
2017-07-31 00:00:00,  376.453440,   13.678570,    0.618398
2017-08-01 00:00:00,  375.865920,   13.981702,    0.618604
2017-08-02 00:00:00,  375.278400,   14.546685,    0.603478
2017-08-03 00:00:00,  374.397120,   14.401331,    0.610863
2017-08-04 00:00:00,  373.662720,   14.432029,    0.611311
2017-08-05 00:00:00,  372.928320,   14.548547,    0.611648
2017-08-06 00:00:00,  372.193920,   15.134430,    0.612268
2017-08-07 00:00:00,  371.606400,   14.821551,    0.612309
2017-08-08 00:00:00,  371.018880,   14.925124,    0.613172
2017-08-09 00:00:00,  370.431360,   14.710407,    0.613836
2017-08-10 00:00:00,  369.990720,   14.048596,    0.601910
2017-08-11 00:00:00,  369.550080,   13.514375,    0.596099
2017-08-12 00:00:00,  369.109440,   13.625170,    0.586727
2017-08-13 00:00:00,  368.815680,   13.581903,    0.592301
2017-08-14 00:00:00,  368.375040,   13.591485,    0.592750
2017-08-15 00:00:00,  368.081280,   13.727716,    0.592750
2017-08-16 00:00:00,  367.934400,   13.978502,    0.593339
2017-08-17 00:00:00,  367.640640,   13.786375,    0.592584
2017-08-18 00:00:00,  367.493760,   13.561134,    0.592062
2017-08-19 00:00:00,  367.346880,   13.525462,    0.592689
2017-08-20 00:00:00,  367.200000,   13.712211,    0.591362
2017-08-21 00:00:00,  367.200000,   14.268021,    0.586205
2017-08-22 00:00:00,  367.200000,   14.435307,    0.585483
2017-08-23 00:00:00,  367.200000,   14.244615,    0.585918
2017-08-24 00:00:00,  367.346880,   14.541808,    0.585909
2017-08-25 00:00:00,  367.493760,   14.531577,    0.586208
2017-08-26 00:00:00,  367.640640,   14.619690,    0.586726
2017-08-27 00:00:00,  367.934400,   14.756721,    0.587208
2017-08-28 00:00:00,  368.228160,   15.076356,    0.587650
2017-08-29 00:00:00,  368.521920,   15.277969,    0.587594
2017-08-30 00:00:00,  368.815680,   15.400291,    0.587569
2017-08-31 00:00:00,  369.256320,   15.884640,    0.579069
2017-09-01 00:00:00,  369.550080,   15.362283,    0.581098
2017-09-02 00:00:00,  369.843840,   15.264093,    0.582094
2017-09-03 00:00:00,  370.431360,   15.065555,    0.582134
2017-09-04 00:00:00,  371.018880,   15.409946,    0.582133
2017-09-05 00:00:00,  371.606400,   15.826426,    0.582130
2017-09-06 00:00:00,  372.193920,   16.226278,    0.582183
2017-09-07 00:00:00,  372.781440,   16.622648,    0.573866
2017-09-08 00:00:00,  373.515840,   15.863236,    0.574906
2017-09-09 00:00:00,  374.250240,   15.742699,    0.573936
2017-09-10 00:00:00,  374.984640,   15.652998,    0.574404
2017-09-11 00:00:00,  375.865920,   15.955596,    0.575573
2017-09-12 00:00:00,  376.747200,   15.858375,    0.573102
2017-09-13 00:00:00,  377.628480,   16.126448,    0.573890
2017-09-14 00:00:00,  378.656640,   16.572648,    0.574586
2017-09-15 00:00:00,  379.684800,   16.274173,    0.576873
2017-09-16 00:00:00,  380.712960,   16.872143,    0.578568
2017-09-17 00:00:00,  381.741120,   16.739798,    0.578708
2017-09-18 00:00:00,  382.769280,   16.302309,    0.579480
2017-09-19 00:00:00,  383.944320,   16.994806,    0.580354
2017-09-20 00:00:00,  385.119360,   16.707616,    0.580551
2017-09-21 00:00:00,  386.441280,   17.346218,    0.581103
2017-09-22 00:00:00,  387.763200,   17.772808,    0.581941
2017-09-23 00:00:00,  389.085120,   18.426893,    0.582666
2017-09-24 00:00:00,  390.407040,   18.700968,    0.582471
2017-09-25 00:00:00,  391.728960,   19.855381,    0.563008
2017-09-26 00:00:00,  393.197760,   20.100419,    0.571292
2017-09-27 00:00:00,  394.666560,   20.647114,    0.576877
2017-09-28 00:00:00,  396.135360,   19.803962,    0.577571
2017-09-29 00:00:00,  397.604160,   20.553989,    0.579541
2017-09-30 00:00:00,  399.219840,   20.185034,    0.580128
2017-10-01 00:00:00,  401.129280,   21.095601,    0.581229
2017-10-02 00:00:00,  403.038720,   20.551332,    0.582214
2017-10-03 00:00:00,  404.801280,   20.618531,    0.582342
2017-10-04 00:00:00,  406.563840,   21.189193,    0.583054
2017-10-05 00:00:00,  408.326400,   20.437827,    0.584517
2017-10-06 00:00:00,  410.088960,   20.489474,    0.585868
2017-10-07 00:00:00,  411.851520,   20.111442,    0.585914
2017-10-08 00:00:00,  413.614080,   20.395724,    0.586928
2017-10-09 00:00:00,  415.523520,   21.043905,    0.588035
2017-10-10 00:00:00,  417.432960,   20.234352,    0.590455
2017-10-11 00:00:00,  419.342400,   20.111696,    0.591175
2017-10-12 00:00:00,  421.251840,   20.188756,    0.591991
2017-10-13 00:00:00,  423.161280,   20.302358,    0.593058
2017-10-14 00:00:00,  425.217600,   19.935689,    0.594279
2017-10-15 00:00:00,  427.273920,   20.009946,    0.595343
2017-10-16 00:00:00,  429.330240,   19.986805,    0.595877
2017-10-17 00:00:00,  431.386560,   20.976726,    0.596467
2017-10-18 00:00:00,  433.442880,   21.159236,    0.596680
2017-10-19 00:00:00,  435.499200,   22.132567,    0.597688
2017-10-20 00:00:00,  437.702400,   21.346947,    0.592636
2017-10-21 00:00:00,  439.905600,   21.269436,    0.594202
2017-10-22 00:00:00,  442.108800,   21.334641,    0.595303
2017-10-23 00:00:00,  444.312000,   21.307483,    0.596323
2017-10-24 00:00:00,  446.515200,   21.304664,    0.597494
2017-10-25 00:00:00,  448.865280,   21.671389,    0.598835
2017-10-26 00:00:00,  451.068480,   22.795188,    0.599905
2017-10-27 00:00:00,  453.271680,   21.732535,    0.600937
2017-10-28 00:00:00,  455.621760,   20.625434,    0.602030
2017-10-29 00:00:00,  457.971840,   20.914706,    0.603192
2017-10-30 00:00:00,  460.321920,   21.260097,    0.603682
2017-10-31 00:00:00,  462.672000,   21.587726,    0.605049
2017-11-01 00:00:00,  464.434560,   21.852538,    0.605527
2017-11-02 00:00:00,  466.197120,   22.320241,    0.607234
2017-11-03 00:00:00,  468.547200,   22.833948,    0.609141
2017-11-04 00:00:00,  470.897280,   23.103677,    0.611984
2017-11-05 00:00:00,  473.247360,   22.625274,    0.612724
2017-11-06 00:00:00,  475.744320,   23.071612,    0.614097
2017-11-07 00:00:00,  478.241280,   22.687286,    0.615224
2017-11-08 00:00:00,  480.591360,   23.835699,    0.615418
2017-11-09 00:00:00,  483.088320,   23.417224,    0.615722
2017-11-10 00:00:00,  485.585280,   22.703991,    0.614982
2017-11-11 00:00:00,  488.082240,   22.247030,    0.616457
2017-11-12 00:00:00,  490.579200,   21.771917,    0.617028
2017-11-13 00:00:00,  493.076160,   21.813982,    0.617254
2017-11-14 00:00:00,  495.573120,   21.612951,    0.616861
2017-11-15 00:00:00,  498.070080,   22.040661,    0.617803
2017-11-16 00:00:00,  500.567040,   22.953698,    0.619251
2017-11-17 00:00:00,  503.064000,   24.054529,    0.621265
2017-11-18 00:00:00,  505.560960,   24.396023,    0.622292
2017-11-19 00:00:00,  508.057920,   24.948945,    0.624196
2017-11-20 00:00:00,  510.701760,   25.000469,    0.624449
2017-11-21 00:00:00,  513.198720,   25.730896,    0.625699
2017-11-22 00:00:00,  515.695680,   25.386329,    0.628162
2017-11-23 00:00:00,  518.192640,   24.435935,    0.629176
2017-11-24 00:00:00,  520.689600,   24.608360,    0.630320
2017-11-25 00:00:00,  523.333440,   24.535756,    0.632091
2017-11-26 00:00:00,  525.830400,   24.872230,    0.634574
2017-11-27 00:00:00,  528.327360,   24.910630,    0.636467
2017-11-28 00:00:00,  530.824320,   25.107109,    0.638293
2017-11-29 00:00:00,  533.321280,   25.212562,    0.638960
2017-11-30 00:00:00,  535.818240,   25.901419,    0.642617
2017-12-01 00:00:00,  538.902720,   23.961920,    0.644003
2017-12-02 00:00:00,  541.987200,   23.219656,    0.644327
2017-12-03 00:00:00,  544.337280,   22.839402,    0.645143
2017-12-04 00:00:00,  546.834240,   23.504568,    0.644634
2017-12-05 00:00:00,  549.331200,   23.008958,    0.644402
2017-12-06 00:00:00,  551.681280,   22.239550,    0.644090
2017-12-07 00:00:00,  554.178240,   22.619989,    0.641672
2017-12-08 00:00:00,  556.675200,   22.633434,    0.644136
2017-12-09 00:00:00,  559.025280,   22.795985,    0.645119
2017-12-10 00:00:00,  561.375360,   22.997231,    0.645786
2017-12-11 00:00:00,  563.725440,   23.796621,    0.646818
2017-12-12 00:00:00,  566.075520,   23.935055,    0.647216
2017-12-13 00:00:00,  568.425600,   24.125614,    0.651257
2017-12-14 00:00:00,  570.775680,   23.869478,    0.653449
2017-12-15 00:00:00,  573.125760,   24.115250,    0.654349
2017-12-16 00:00:00,  575.475840,   24.383115,    0.656230
2017-12-17 00:00:00,  577.825920,   24.774305,    0.658772
2017-12-18 00:00:00,  580.029120,   24.782341,    0.660786
2017-12-19 00:00:00,  582.232320,   24.219580,    0.662224
2017-12-20 00:00:00,  584.582400,   22.189973,    0.656775
2017-12-21 00:00:00,  586.785600,   22.261412,    0.657055
2017-12-22 00:00:00,  588.988800,   22.465913,    0.658042
2017-12-23 00:00:00,  591.192000,   23.065366,    0.658606
2017-12-24 00:00:00,  593.248320,   23.919575,    0.658666
2017-12-25 00:00:00,  595.304640,   27.116393,    0.662421
2017-12-26 00:00:00,  597.360960,   27.014495,    0.666661
2017-12-27 00:00:00,  599.417280,   26.951386,    0.670088
2017-12-28 00:00:00,  601.473600,   26.535975,    0.671059
2017-12-29 00:00:00,  603.529920,   26.400925,    0.671065
2017-12-30 00:00:00,  605.586240,   26.635110,    0.673383
2017-12-31 00:00:00,  607.495680,   26.098265,    0.675227
2018-01-01 00:00:00,  608.817600,   26.542939,    0.677645
2018-01-02 00:00:00,  610.286400,   27.373045,    0.679634
2018-01-03 00:00:00,  612.195840,   27.324360,    0.679598
2018-01-04 00:00:00,  613.958400,   28.530926,    0.680438
2018-01-05 00:00:00,  615.867840,   27.775312,    0.671698
2018-01-06 00:00:00,  617.777280,   27.614149,    0.674239
2018-01-07 00:00:00,  619.539840,   27.031897,    0.675615
2018-01-08 00:00:00,  621.302400,   27.177497,    0.677610
2018-01-09 00:00:00,  622.918080,   27.633175,    0.679351
2018-01-10 00:00:00,  624.533760,   27.862468,    0.681983
2018-01-11 00:00:00,  626.296320,   28.049012,    0.683930
2018-01-12 00:00:00,  627.912000,   27.893184,    0.686050
2018-01-13 00:00:00,  629.380800,   27.748384,    0.687796
2018-01-14 00:00:00,  630.849600,   26.927130,    0.689055
2018-01-15 00:00:00,  632.465280,   26.396200,    0.688338
2018-01-16 00:00:00,  634.080960,   25.297997,    0.641345
2018-01-17 00:00:00,  635.402880,   25.274007,    0.628760
2018-01-18 00:00:00,  636.724800,   25.655822,    0.653375
2018-01-19 00:00:00,  638.193600,   26.387507,    0.657269
2018-01-20 00:00:00,  639.515520,   25.631025,    0.656747
2018-01-21 00:00:00,  640.837440,   25.522247,    0.659372
2018-01-22 00:00:00,  642.159360,   25.488668,    0.660081
2018-01-23 00:00:00,  643.334400,   25.275496,    0.661620
2018-01-24 00:00:00,  644.509440,   23.778422,    0.654906
2018-01-25 00:00:00,  645.684480,   24.330412,    0.656538
2018-01-26 00:00:00,  646.712640,   24.757758,    0.658327
2018-01-27 00:00:00,  647.740800,   26.034775,    0.659612
2018-01-28 00:00:00,  648.768960,   26.168324,    0.659492
2018-01-29 00:00:00,  649.797120,   26.486060,    0.659408
2018-01-30 00:00:00,  650.825280,   26.985747,    0.659647
2018-01-31 00:00:00,  651.706560,   27.428687,    0.665053
2018-02-01 00:00:00,  652.294080,   26.714844,    0.666551
2018-02-02 00:00:00,  652.881600,   26.813018,    0.668160
2018-02-03 00:00:00,  653.762880,   26.453351,    0.668549
2018-02-04 00:00:00,  654.497280,   27.101525,    0.673587
2018-02-05 00:00:00,  655.084800,   25.585731,    0.675448
2018-02-06 00:00:00,  655.819200,   24.685609,    0.676022
2018-02-07 00:00:00,  656.553600,   24.196597,    0.673943
2018-02-08 00:00:00,  657.141120,   24.822074,    0.674222
2018-02-09 00:00:00,  657.728640,   25.356369,    0.674501
2018-02-10 00:00:00,  658.169280,   25.930421,    0.674741
2018-02-11 00:00:00,  658.609920,   26.887017,    0.685069
2018-02-12 00:00:00,  659.050560,   26.103543,    0.686489
2018-02-13 00:00:00,  659.344320,   25.241847,    0.685047
2018-02-14 00:00:00,  659.784960,   27.228584,    0.688361
2018-02-15 00:00:00,  660.078720,   27.466067,    0.689833
2018-02-16 00:00:00,  660.225600,   27.640098,    0.690700
2018-02-17 00:00:00,  660.519360,   27.102557,    0.690985
2018-02-18 00:00:00,  660.666240,   27.261671,    0.692736
2018-02-19 00:00:00,  660.813120,   27.630927,    0.696615
2018-02-20 00:00:00,  660.960000,   25.640074,    0.696179
2018-02-21 00:00:00,  660.960000,   25.862363,    0.695345
2018-02-22 00:00:00,  660.960000,   26.306722,    0.697130
2018-02-23 00:00:00,  660.960000,   26.641320,    0.699498
2018-02-24 00:00:00,  660.813120,   27.472202,    0.701356
2018-02-25 00:00:00,  660.666240,   28.244077,    0.702460
2018-02-26 00:00:00,  660.519360,   29.632413,    0.704015
2018-02-27 00:00:00,  660.225600,   30.081267,    0.706026
2018-02-28 00:00:00,  659.931840,   30.404617,    0.710934
2018-03-01 00:00:00,  659.197440,   28.759732,    0.712011
2018-03-02 00:00:00,  658.316160,   28.560274,    0.714606
2018-03-03 00:00:00,  657.728640,   28.184917,    0.715212
2018-03-04 00:00:00,  657.141120,   28.529466,    0.716734
2018-03-05 00:00:00,  656.553600,   27.600916,    0.717820
2018-03-06 00:00:00,  655.966080,   26.658389,    0.717597
2018-03-07 00:00:00,  655.378560,   26.116388,    0.716919
2018-03-08 00:00:00,  654.644160,   25.544800,    0.718344
2018-03-09 00:00:00,  653.909760,   25.556149,    0.716524
2018-03-10 00:00:00,  653.175360,   25.672173,    0.717357
2018-03-11 00:00:00,  652.294080,   25.381911,    0.718242
2018-03-12 00:00:00,  651.412800,   24.479316,    0.719385
2018-03-13 00:00:00,  650.531520,   24.342128,    0.717771
2018-03-14 00:00:00,  649.503360,   25.215730,    0.718878
2018-03-15 00:00:00,  648.475200,   24.727638,    0.721153
2018-03-16 00:00:00,  647.447040,   24.497658,    0.720837
2018-03-17 00:00:00,  646.418880,   25.435862,    0.723366
2018-03-18 00:00:00,  645.390720,   25.454393,    0.723546
2018-03-19 00:00:00,  644.215680,   25.421274,    0.727082
2018-03-20 00:00:00,  643.040640,   24.471329,    0.727377
2018-03-21 00:00:00,  641.718720,   24.534820,    0.725730
2018-03-22 00:00:00,  640.396800,   25.177435,    0.726925
2018-03-23 00:00:00,  639.221760,   25.649868,    0.728240
2018-03-24 00:00:00,  637.899840,   25.864297,    0.729521
2018-03-25 00:00:00,  636.431040,   26.188863,    0.731375
2018-03-26 00:00:00,  634.962240,   25.899058,    0.731869
2018-03-27 00:00:00,  633.493440,   26.305523,    0.734328
2018-03-28 00:00:00,  632.024640,   25.978006,    0.735824
2018-03-29 00:00:00,  630.555840,   25.537198,    0.736722
2018-03-30 00:00:00,  629.087040,   25.354928,    0.737458
2018-03-31 00:00:00,  627.471360,   24.969131,    0.735862
2018-04-01 00:00:00,  626.296320,   24.785571,    0.738470
2018-04-02 00:00:00,  625.121280,   24.388200,    0.737204
2018-04-03 00:00:00,  623.358720,   23.851075,    0.736847
2018-04-04 00:00:00,  621.596160,   23.938687,    0.739102
2018-04-05 00:00:00,  619.833600,   23.708647,    0.738429
2018-04-06 00:00:00,  618.071040,   24.260796,    0.740423
2018-04-07 00:00:00,  616.308480,   23.128868,    0.737974
2018-04-08 00:00:00,  614.545920,   22.710926,    0.735264
2018-04-09 00:00:00,  612.783360,   21.848091,    0.732028
2018-04-10 00:00:00,  610.873920,   21.407866,    0.725913
2018-04-11 00:00:00,  608.964480,   21.647041,    0.709771
2018-04-12 00:00:00,  607.055040,   21.404683,    0.716978
2018-04-13 00:00:00,  604.998720,   21.967451,    0.717410
2018-04-14 00:00:00,  602.942400,   22.099007,    0.718355
2018-04-15 00:00:00,  600.886080,   21.964384,    0.719351
2018-04-16 00:00:00,  598.829760,   21.962133,    0.719318
2018-04-17 00:00:00,  596.773440,   21.474453,    0.719936
2018-04-18 00:00:00,  594.717120,   21.145228,    0.719014
2018-04-19 00:00:00,  592.660800,   20.942589,    0.718974
2018-04-20 00:00:00,  590.457600,   20.618962,    0.719531
2018-04-21 00:00:00,  588.254400,   20.595216,    0.719158
2018-04-22 00:00:00,  586.198080,   21.355208,    0.720232
2018-04-23 00:00:00,  583.994880,   22.108342,    0.720888
2018-04-24 00:00:00,  581.644800,   22.330720,    0.722018
2018-04-25 00:00:00,  579.441600,   22.169374,    0.721979
2018-04-26 00:00:00,  577.238400,   22.447053,    0.717273
2018-04-27 00:00:00,  574.888320,   20.880700,    0.716101
2018-04-28 00:00:00,  572.538240,   20.129844,    0.715160
2018-04-29 00:00:00,  570.188160,   20.034181,    0.714719
2018-04-30 00:00:00,  567.838080,   20.032078,    0.715012
2018-05-01 00:00:00,  565.047360,   20.194534,    0.715157
2018-05-02 00:00:00,  562.109760,   20.260005,    0.715719
2018-05-03 00:00:00,  559.612800,   20.202122,    0.715986
2018-05-04 00:00:00,  557.262720,   20.440401,    0.716802
2018-05-05 00:00:00,  554.912640,   20.037084,    0.717091
2018-05-06 00:00:00,  552.415680,   19.626965,    0.716612
2018-05-07 00:00:00,  549.918720,   19.280586,    0.714622
2018-05-08 00:00:00,  547.568640,   19.077115,    0.714405
2018-05-09 00:00:00,  545.071680,   18.950212,    0.715209
2018-05-10 00:00:00,  542.574720,   19.137799,    0.714144
2018-05-11 00:00:00,  540.077760,   18.866001,    0.714506
2018-05-12 00:00:00,  537.580800,   18.599844,    0.713598
2018-05-13 00:00:00,  535.083840,   18.275281,    0.712762
2018-05-14 00:00:00,  532.586880,   17.984291,    0.712964
2018-05-15 00:00:00,  530.089920,   17.496191,    0.711146
2018-05-16 00:00:00,  527.592960,   17.517096,    0.707971
2018-05-17 00:00:00,  525.096000,   17.570745,    0.708112
2018-05-18 00:00:00,  522.599040,   17.760746,    0.703606
2018-05-19 00:00:00,  520.102080,   17.772236,    0.704080
2018-05-20 00:00:00,  517.458240,   17.315150,    0.698312
2018-05-21 00:00:00,  514.961280,   17.226508,    0.698503
2018-05-22 00:00:00,  512.464320,   17.229978,    0.698272
2018-05-23 00:00:00,  509.967360,   17.323563,    0.698417
2018-05-24 00:00:00,  507.470400,   17.195902,    0.699104
2018-05-25 00:00:00,  504.826560,   16.837075,    0.698961
2018-05-26 00:00:00,  502.329600,   16.899299,    0.693896
2018-05-27 00:00:00,  499.832640,   17.033664,    0.688945
2018-05-28 00:00:00,  497.335680,   16.767668,    0.688851
2018-05-29 00:00:00,  494.838720,   16.815582,    0.688313
2018-05-30 00:00:00,  492.341760,   16.988295,    0.684736
2018-05-31 00:00:00,  489.844800,   17.077248,    0.684819
2018-06-01 00:00:00,  488.082240,   17.056858,    0.677289
2018-06-02 00:00:00,  486.319680,   16.936654,    0.679061
2018-06-03 00:00:00,  483.822720,   16.923129,    0.680728
2018-06-04 00:00:00,  481.325760,   16.358341,    0.681100
2018-06-05 00:00:00,  478.828800,   16.192077,    0.683263
2018-06-06 00:00:00,  476.478720,   16.031248,    0.685284
2018-06-07 00:00:00,  473.981760,   15.932016,    0.696112
2018-06-08 00:00:00,  471.484800,   15.714044,    0.696271
2018-06-09 00:00:00,  469.134720,   15.545300,    0.696565
2018-06-10 00:00:00,  466.784640,   15.275095,    0.696980
2018-06-11 00:00:00,  464.434560,   14.971885,    0.694995
2018-06-12 00:00:00,  462.084480,   14.796666,    0.692970
2018-06-13 00:00:00,  459.734400,   14.390095,    0.693534
2018-06-14 00:00:00,  457.384320,   14.096864,    0.692348
2018-06-15 00:00:00,  455.034240,   14.162623,    0.690820
2018-06-16 00:00:00,  452.684160,   14.268484,    0.690973
2018-06-17 00:00:00,  450.334080,   14.245975,    0.691139
2018-06-18 00:00:00,  448.130880,   14.260527,    0.690058
2018-06-19 00:00:00,  445.927680,   14.371044,    0.690268
2018-06-20 00:00:00,  443.577600,   14.560023,    0.690211
2018-06-21 00:00:00,  441.374400,   14.680539,    0.689810
2018-06-22 00:00:00,  439.318080,   14.689841,    0.689433
2018-06-23 00:00:00,  437.114880,   14.964282,    0.689257
2018-06-24 00:00:00,  434.911680,   15.170202,    0.682527
2018-06-25 00:00:00,  432.855360,   15.281537,    0.682018
2018-06-26 00:00:00,  430.799040,   15.447762,    0.682068
2018-06-27 00:00:00,  428.742720,   15.164725,    0.682220
2018-06-28 00:00:00,  426.686400,   14.997321,    0.669036
2018-06-29 00:00:00,  424.630080,   15.002467,    0.665262
2018-06-30 00:00:00,  422.573760,   14.651130,    0.658459
2018-07-01 00:00:00,  420.223680,   14.471292,    0.658160
2018-07-02 00:00:00,  417.873600,   14.149759,    0.657307
2018-07-03 00:00:00,  415.964160,   13.962595,    0.655991
2018-07-04 00:00:00,  414.201600,   13.896125,    0.650895
2018-07-05 00:00:00,  412.292160,   13.805964,    0.646106
2018-07-06 00:00:00,  410.382720,   13.760992,    0.646281
2018-07-07 00:00:00,  408.620160,   13.657994,    0.646633
2018-07-08 00:00:00,  406.857600,   13.487732,    0.646783
2018-07-09 00:00:00,  405.241920,   13.444166,    0.647035
2018-07-10 00:00:00,  403.626240,   13.155494,    0.646987
2018-07-11 00:00:00,  401.863680,   12.926320,    0.643910
2018-07-12 00:00:00,  400.248000,   13.543811,    0.644188
2018-07-13 00:00:00,  398.779200,   13.397864,    0.644246
2018-07-14 00:00:00,  397.163520,   14.155285,    0.644536
2018-07-15 00:00:00,  395.547840,   13.905414,    0.639189
2018-07-16 00:00:00,  394.079040,   13.883099,    0.638770
2018-07-17 00:00:00,  392.757120,   13.760529,    0.638522
2018-07-18 00:00:00,  391.435200,   13.488162,    0.639187
2018-07-19 00:00:00,  389.966400,   14.294531,    0.639110
2018-07-20 00:00:00,  388.644480,   13.969107,    0.620392
2018-07-21 00:00:00,  387.322560,   13.859356,    0.622139
2018-07-22 00:00:00,  386.000640,   13.845049,    0.612987
2018-07-23 00:00:00,  384.825600,   13.715574,    0.613750
2018-07-24 00:00:00,  383.650560,   14.119680,    0.615785
2018-07-25 00:00:00,  382.475520,   13.956541,    0.611291
2018-07-26 00:00:00,  381.447360,   14.039308,    0.611017
2018-07-27 00:00:00,  380.419200,   14.643800,    0.602149
2018-07-28 00:00:00,  379.391040,   15.050987,    0.597433
2018-07-29 00:00:00,  378.362880,   14.778625,    0.599669
2018-07-30 00:00:00,  377.334720,   15.010174,    0.597386
2018-07-31 00:00:00,  376.453440,   15.077998,    0.595555
2018-08-01 00:00:00,  375.865920,   15.350271,    0.593642
2018-08-02 00:00:00,  375.278400,   15.345636,    0.589853
2018-08-03 00:00:00,  374.397120,   14.876088,    0.591655
2018-08-04 00:00:00,  373.662720,   14.777748,    0.591762
2018-08-05 00:00:00,  372.928320,   14.675815,    0.592239
2018-08-06 00:00:00,  372.193920,   14.669714,    0.594252
2018-08-07 00:00:00,  371.606400,   14.708121,    0.592607
2018-08-08 00:00:00,  371.018880,   14.827513,    0.593325
2018-08-09 00:00:00,  370.431360,   14.712669,    0.593532
2018-08-10 00:00:00,  369.990720,   14.729233,    0.593836
2018-08-11 00:00:00,  369.550080,   14.828148,    0.594072
2018-08-12 00:00:00,  369.109440,   14.742386,    0.594342
2018-08-13 00:00:00,  368.815680,   16.051325,    0.569422
2018-08-14 00:00:00,  368.375040,   15.541671,    0.577633
2018-08-15 00:00:00,  368.081280,   14.875749,    0.580437
2018-08-16 00:00:00,  367.934400,   14.535156,    0.581013
2018-08-17 00:00:00,  367.640640,   14.898807,    0.581398
2018-08-18 00:00:00,  367.493760,   14.733562,    0.581441
2018-08-19 00:00:00,  367.346880,   14.918219,    0.581752
2018-08-20 00:00:00,  367.200000,   16.045068,    0.582102
2018-08-21 00:00:00,  367.200000,   17.150825,    0.570885
2018-08-22 00:00:00,  367.200000,   17.355090,    0.570058
2018-08-23 00:00:00,  367.200000,   16.910897,    0.569577
2018-08-24 00:00:00,  367.346880,   16.501833,    0.570626
2018-08-25 00:00:00,  367.493760,   16.272030,    0.570760
2018-08-26 00:00:00,  367.640640,   16.528947,    0.571177
2018-08-27 00:00:00,  367.934400,   16.788205,    0.571542
2018-08-28 00:00:00,  368.228160,   17.122390,    0.571901
2018-08-29 00:00:00,  368.521920,   17.134013,    0.572354
2018-08-30 00:00:00,  368.815680,   18.796890,    0.573068
2018-08-31 00:00:00,  369.256320,   18.571237,    0.573049
2018-09-01 00:00:00,  369.550080,   19.252491,    0.571357
2018-09-02 00:00:00,  369.843840,   17.790299,    0.570258
2018-09-03 00:00:00,  370.431360,   17.075286,    0.570711
2018-09-04 00:00:00,  371.018880,   17.017367,    0.570922
2018-09-05 00:00:00,  371.606400,   16.804979,    0.571965
2018-09-06 00:00:00,  372.193920,   16.728901,    0.572759
2018-09-07 00:00:00,  372.781440,   16.652427,    0.573527
2018-09-08 00:00:00,  373.515840,   16.551961,    0.574075
2018-09-09 00:00:00,  374.250240,   16.454055,    0.574505
2018-09-10 00:00:00,  374.984640,   17.488380,    0.575624
2018-09-11 00:00:00,  375.865920,   18.049269,    0.576218
2018-09-12 00:00:00,  376.747200,   18.213619,    0.576477
2018-09-13 00:00:00,  377.628480,   18.472456,    0.576884
2018-09-14 00:00:00,  378.656640,   19.017626,    0.577464
2018-09-15 00:00:00,  379.684800,   19.748654,    0.577699
2018-09-16 00:00:00,  380.712960,   19.796401,    0.579223
2018-09-17 00:00:00,  381.741120,   19.248588,    0.575507
2018-09-18 00:00:00,  382.769280,   17.924641,    0.562278
2018-09-19 00:00:00,  383.944320,   17.582666,    0.564096
2018-09-20 00:00:00,  385.119360,   18.234459,    0.564930
2018-09-21 00:00:00,  386.441280,   17.261979,    0.560003
2018-09-22 00:00:00,  387.763200,   16.907270,    0.561291
2018-09-23 00:00:00,  389.085120,   17.245845,    0.561494
2018-09-24 00:00:00,  390.407040,   17.392691,    0.561975
2018-09-25 00:00:00,  391.728960,   19.066554,    0.563239
2018-09-26 00:00:00,  393.197760,   17.806585,    0.563211
2018-09-27 00:00:00,  394.666560,   16.675657,    0.556281
2018-09-28 00:00:00,  396.135360,   16.781093,    0.556435
2018-09-29 00:00:00,  397.604160,   17.887477,    0.557327
2018-09-30 00:00:00,  399.219840,   17.854406,    0.558194
2018-10-01 00:00:00,  401.129280,   17.835607,    0.558182
2018-10-02 00:00:00,  403.038720,   19.242939,    0.550499
2018-10-03 00:00:00,  404.801280,   19.383333,    0.552494
2018-10-04 00:00:00,  406.563840,   19.560404,    0.552782
2018-10-05 00:00:00,  408.326400,   20.006702,    0.553512
2018-10-06 00:00:00,  410.088960,   21.177604,    0.554800
2018-10-07 00:00:00,  411.851520,   21.105273,    0.554939
2018-10-08 00:00:00,  413.614080,   21.608116,    0.554971
2018-10-09 00:00:00,  415.523520,   22.078940,    0.557528
2018-10-10 00:00:00,  417.432960,   21.570492,    0.557881
2018-10-11 00:00:00,  419.342400,   23.290565,    0.559778
2018-10-12 00:00:00,  421.251840,   23.168117,    0.560890
2018-10-13 00:00:00,  423.161280,   21.897275,    0.562298
2018-10-14 00:00:00,  425.217600,   21.765295,    0.562987
2018-10-15 00:00:00,  427.273920,   21.876476,    0.563106
2018-10-16 00:00:00,  429.330240,   22.784658,    0.565213
2018-10-17 00:00:00,  431.386560,   22.812516,    0.566242
2018-10-18 00:00:00,  433.442880,   21.827903,    0.559114
2018-10-19 00:00:00,  435.499200,   21.733381,    0.560739
2018-10-20 00:00:00,  437.702400,   21.734522,    0.561847
2018-10-21 00:00:00,  439.905600,   22.182469,    0.563045
2018-10-22 00:00:00,  442.108800,   21.931083,    0.563450
2018-10-23 00:00:00,  444.312000,   22.071403,    0.564390
2018-10-24 00:00:00,  446.515200,   21.565147,    0.564971
2018-10-25 00:00:00,  448.865280,   21.359561,    0.559486
2018-10-26 00:00:00,  451.068480,   21.491325,    0.559689
2018-10-27 00:00:00,  453.271680,   22.686098,    0.561014
2018-10-28 00:00:00,  455.621760,   22.425184,    0.562215
2018-10-29 00:00:00,  457.971840,   22.126228,    0.562536
2018-10-30 00:00:00,  460.321920,   22.534205,    0.563828
2018-10-31 00:00:00,  462.672000,   22.712932,    0.565320
2018-11-01 00:00:00,  464.434560,   24.113823,    0.567948
2018-11-02 00:00:00,  466.197120,   24.082459,    0.568539
2018-11-03 00:00:00,  468.547200,   24.594061,    0.568147
2018-11-04 00:00:00,  470.897280,   24.795229,    0.567911
2018-11-05 00:00:00,  473.247360,   22.935963,    0.559136
2018-11-06 00:00:00,  475.744320,   23.442398,    0.548238
2018-11-07 00:00:00,  478.241280,   22.280258,    0.553702
2018-11-08 00:00:00,  480.591360,   20.931682,    0.551707
2018-11-09 00:00:00,  483.088320,   21.257644,    0.553273
2018-11-10 00:00:00,  485.585280,   22.242415,    0.554397
2018-11-11 00:00:00,  488.082240,   22.785170,    0.556003
2018-11-12 00:00:00,  490.579200,   23.652508,    0.557495
2018-11-13 00:00:00,  493.076160,   23.396981,    0.557831
2018-11-14 00:00:00,  495.573120,   23.858536,    0.560035
2018-11-15 00:00:00,  498.070080,   23.690206,    0.561659
2018-11-16 00:00:00,  500.567040,   24.171890,    0.562900
2018-11-17 00:00:00,  503.064000,   23.611231,    0.562281
2018-11-18 00:00:00,  505.560960,   23.699527,    0.563851
2018-11-19 00:00:00,  508.057920,   23.546759,    0.565579
2018-11-20 00:00:00,  510.701760,   23.587373,    0.567178
2018-11-21 00:00:00,  513.198720,   23.669144,    0.568039
2018-11-22 00:00:00,  515.695680,   24.143913,    0.568789
2018-11-23 00:00:00,  518.192640,   24.766911,    0.570638
2018-11-24 00:00:00,  520.689600,   24.689667,    0.572603
2018-11-25 00:00:00,  523.333440,   25.460005,    0.575348
2018-11-26 00:00:00,  525.830400,   23.832699,    0.576547
2018-11-27 00:00:00,  528.327360,   23.093693,    0.578388
2018-11-28 00:00:00,  530.824320,   23.027714,    0.579501
2018-11-29 00:00:00,  533.321280,   22.845591,    0.581179
2018-11-30 00:00:00,  535.818240,   23.096260,    0.582530
2018-12-01 00:00:00,  538.902720,   22.463979,    0.582830
2018-12-02 00:00:00,  541.987200,   24.372790,    0.586955
2018-12-03 00:00:00,  544.337280,   23.634181,    0.587164
2018-12-04 00:00:00,  546.834240,   24.531415,    0.589349
2018-12-05 00:00:00,  549.331200,   26.348512,    0.591476
2018-12-06 00:00:00,  551.681280,   24.981695,    0.572317
2018-12-07 00:00:00,  554.178240,   24.929152,    0.572603
2018-12-08 00:00:00,  556.675200,   24.383840,    0.574250
2018-12-09 00:00:00,  559.025280,   25.007677,    0.575718
2018-12-10 00:00:00,  561.375360,   25.731638,    0.577118
2018-12-11 00:00:00,  563.725440,   26.524522,    0.579079
2018-12-12 00:00:00,  566.075520,   23.685572,    0.536166
2018-12-13 00:00:00,  568.425600,   22.634072,    0.540706
2018-12-14 00:00:00,  570.775680,   22.909351,    0.541070
2018-12-15 00:00:00,  573.125760,   23.568170,    0.543215
2018-12-16 00:00:00,  575.475840,   23.871684,    0.547656
2018-12-17 00:00:00,  577.825920,   24.407644,    0.547824
2018-12-18 00:00:00,  580.029120,   25.588010,    0.550512
2018-12-19 00:00:00,  582.232320,   25.845947,    0.552612
2018-12-20 00:00:00,  584.582400,   25.692053,    0.552440
2018-12-21 00:00:00,  586.785600,   26.558268,    0.555919
2018-12-22 00:00:00,  588.988800,   26.488446,    0.557718
2018-12-23 00:00:00,  591.192000,   26.103052,    0.559186
2018-12-24 00:00:00,  593.248320,   26.325888,    0.561018
2018-12-25 00:00:00,  595.304640,   26.207322,    0.562827
2018-12-26 00:00:00,  597.360960,   26.514574,    0.565036
2018-12-27 00:00:00,  599.417280,   26.172680,    0.565447
2018-12-28 00:00:00,  601.473600,   26.783726,    0.569040
2018-12-29 00:00:00,  603.529920,   26.776314,    0.569204
2018-12-30 00:00:00,  605.586240,   28.170208,    0.572973
2018-12-31 00:00:00,  607.495680,   27.778970,    0.574816
2019-01-01 00:00:00,  608.817600,   27.318454,    0.577019
2019-01-02 00:00:00,  610.286400,   27.025444,    0.577614
2019-01-03 00:00:00,  612.195840,   26.435848,    0.579456
2019-01-04 00:00:00,  613.958400,   26.296538,    0.580137
2019-01-05 00:00:00,  615.867840,   27.257854,    0.583220
2019-01-06 00:00:00,  617.777280,   26.239932,    0.584581
2019-01-07 00:00:00,  619.539840,   25.465015,    0.586175
2019-01-08 00:00:00,  621.302400,   25.142838,    0.586260
2019-01-09 00:00:00,  622.918080,   25.718434,    0.588468
2019-01-10 00:00:00,  624.533760,   26.341686,    0.590071
2019-01-11 00:00:00,  626.296320,   26.614352,    0.591984
2019-01-12 00:00:00,  627.912000,   27.770424,    0.594470
2019-01-13 00:00:00,  629.380800,   27.648157,    0.594988
2019-01-14 00:00:00,  630.849600,   28.988101,    0.596931
2019-01-15 00:00:00,  632.465280,   29.410557,    0.599355
2019-01-16 00:00:00,  634.080960,   27.460129,    0.601168
2019-01-17 00:00:00,  635.402880,   27.024865,    0.602876
2019-01-18 00:00:00,  636.724800,   27.324651,    0.603678
2019-01-19 00:00:00,  638.193600,   28.681109,    0.605045
2019-01-20 00:00:00,  639.515520,   28.305394,    0.603462
2019-01-21 00:00:00,  640.837440,   30.507278,    0.606239
2019-01-22 00:00:00,  642.159360,   29.667283,    0.608049
2019-01-23 00:00:00,  643.334400,   28.944039,    0.609701
2019-01-24 00:00:00,  644.509440,   28.572331,    0.610081
2019-01-25 00:00:00,  645.684480,   29.195903,    0.611042
2019-01-26 00:00:00,  646.712640,   29.388354,    0.608408
2019-01-27 00:00:00,  647.740800,   30.228835,    0.610328
2019-01-28 00:00:00,  648.768960,   31.166375,    0.613825
2019-01-29 00:00:00,  649.797120,   28.508919,    0.614898
2019-01-30 00:00:00,  650.825280,   27.398667,    0.615965
2019-01-31 00:00:00,  651.706560,   27.688455,    0.616513
2019-02-01 00:00:00,  652.294080,   27.477687,    0.617965
2019-02-02 00:00:00,  652.881600,   27.201506,    0.613173
2019-02-03 00:00:00,  653.762880,   26.468350,    0.615175
2019-02-04 00:00:00,  654.497280,   25.456671,    0.616561
2019-02-05 00:00:00,  655.084800,   25.393277,    0.616889
2019-02-06 00:00:00,  655.819200,   25.527725,    0.618396
2019-02-07 00:00:00,  656.553600,   25.739393,    0.619685
2019-02-08 00:00:00,  657.141120,   25.628629,    0.619812
2019-02-09 00:00:00,  657.728640,   25.439396,    0.621131
2019-02-10 00:00:00,  658.169280,   27.945650,    0.623768
2019-02-11 00:00:00,  658.609920,   27.857243,    0.625297
2019-02-12 00:00:00,  659.050560,   27.219776,    0.627054
2019-02-13 00:00:00,  659.344320,   27.651992,    0.627547
2019-02-14 00:00:00,  659.784960,   27.711240,    0.629103
2019-02-15 00:00:00,  660.078720,   27.295575,    0.629838
2019-02-16 00:00:00,  660.225600,   27.125878,    0.631015
2019-02-17 00:00:00,  660.519360,   27.118736,    0.632427
2019-02-18 00:00:00,  660.666240,   26.959584,    0.633260
2019-02-19 00:00:00,  660.813120,   27.174841,    0.634672
2019-02-20 00:00:00,  660.960000,   27.330273,    0.635778
2019-02-21 00:00:00,  660.960000,   28.120850,    0.637250
2019-02-22 00:00:00,  660.960000,   28.093288,    0.637394
2019-02-23 00:00:00,  660.960000,   27.897106,    0.640184
2019-02-24 00:00:00,  660.813120,   27.026437,    0.640688
2019-02-25 00:00:00,  660.666240,   26.380246,    0.641108
2019-02-26 00:00:00,  660.519360,   25.661329,    0.642150
2019-02-27 00:00:00,  660.225600,   25.575477,    0.642423
2019-02-28 00:00:00,  659.931840,   25.293588,    0.642979
2019-03-01 00:00:00,  659.197440,   24.986279,    0.644088
2019-03-02 00:00:00,  658.316160,   24.647108,    0.643973
2019-03-03 00:00:00,  657.728640,   24.550592,    0.644678
2019-03-04 00:00:00,  657.141120,   24.505400,    0.645948
2019-03-05 00:00:00,  656.553600,   25.482678,    0.646966
2019-03-06 00:00:00,  655.966080,   26.219014,    0.646965
2019-03-07 00:00:00,  655.378560,   26.405138,    0.650487
2019-03-08 00:00:00,  654.644160,   25.787442,    0.651041
2019-03-09 00:00:00,  653.909760,   25.523671,    0.651436
2019-03-10 00:00:00,  653.175360,   26.108769,    0.652484
2019-03-11 00:00:00,  652.294080,   26.706217,    0.653504
2019-03-12 00:00:00,  651.412800,   27.326677,    0.655234
2019-03-13 00:00:00,  650.531520,   27.094484,    0.655979
2019-03-14 00:00:00,  649.503360,   26.124072,    0.657694
2019-03-15 00:00:00,  648.475200,   25.255712,    0.657734
2019-03-16 00:00:00,  647.447040,   24.643879,    0.658185
2019-03-17 00:00:00,  646.418880,   24.368957,    0.658452
2019-03-18 00:00:00,  645.390720,   24.497063,    0.659409
2019-03-19 00:00:00,  644.215680,   24.838140,    0.660382
2019-03-20 00:00:00,  643.040640,   24.283315,    0.661635
2019-03-21 00:00:00,  641.718720,   23.905494,    0.662454
2019-03-22 00:00:00,  640.396800,   23.719343,    0.662898
2019-03-23 00:00:00,  639.221760,   23.392114,    0.663754
2019-03-24 00:00:00,  637.899840,   23.364393,    0.664847
2019-03-25 00:00:00,  636.431040,   23.626378,    0.665455
2019-03-26 00:00:00,  634.962240,   23.468347,    0.666106
2019-03-27 00:00:00,  633.493440,   23.665849,    0.666892
2019-03-28 00:00:00,  632.024640,   23.778652,    0.667718
2019-03-29 00:00:00,  630.555840,   23.669610,    0.667983
2019-03-30 00:00:00,  629.087040,   23.735990,    0.668388
2019-03-31 00:00:00,  627.471360,   22.879692,    0.667703
2019-04-01 00:00:00,  626.296320,   22.774839,    0.668088
2019-04-02 00:00:00,  625.121280,   22.470389,    0.668786
2019-04-03 00:00:00,  623.358720,   22.130171,    0.667284
2019-04-04 00:00:00,  621.596160,   22.353950,    0.667846
2019-04-05 00:00:00,  619.833600,   22.271470,    0.668110
2019-04-06 00:00:00,  618.071040,   21.667002,    0.668582
2019-04-07 00:00:00,  616.308480,   21.163014,    0.668549
2019-04-08 00:00:00,  614.545920,   21.682097,    0.669196
2019-04-09 00:00:00,  612.783360,   22.211747,    0.669711
2019-04-10 00:00:00,  610.873920,   22.617719,    0.669816
2019-04-11 00:00:00,  608.964480,   23.095384,    0.670353
2019-04-12 00:00:00,  607.055040,   23.093318,    0.671978
2019-04-13 00:00:00,  604.998720,   22.858522,    0.672431
2019-04-14 00:00:00,  602.942400,   22.731907,    0.673398
2019-04-15 00:00:00,  600.886080,   22.766695,    0.673725
2019-04-16 00:00:00,  598.829760,   23.120390,    0.674418
2019-04-17 00:00:00,  596.773440,   23.305678,    0.674973
2019-04-18 00:00:00,  594.717120,   22.686231,    0.675274
2019-04-19 00:00:00,  592.660800,   21.893939,    0.674453
2019-04-20 00:00:00,  590.457600,   21.664533,    0.674881
2019-04-21 00:00:00,  588.254400,   21.289715,    0.674901
2019-04-22 00:00:00,  586.198080,   21.122879,    0.674763
2019-04-23 00:00:00,  583.994880,   21.041270,    0.673405
2019-04-24 00:00:00,  581.644800,   20.885896,    0.673485
2019-04-25 00:00:00,  579.441600,   20.270785,    0.673733
2019-04-26 00:00:00,  577.238400,   19.808584,    0.673453
2019-04-27 00:00:00,  574.888320,   20.446637,    0.673099
2019-04-28 00:00:00,  572.538240,   19.905101,    0.674229
2019-04-29 00:00:00,  570.188160,   19.291361,    0.673873
2019-04-30 00:00:00,  567.838080,   19.535461,    0.669655
2019-05-01 00:00:00,  565.047360,   19.692817,    0.670678
2019-05-02 00:00:00,  562.109760,   19.341648,    0.671823
2019-05-03 00:00:00,  559.612800,   19.313003,    0.672542
2019-05-04 00:00:00,  557.262720,   19.992391,    0.672855
2019-05-05 00:00:00,  554.912640,   19.544623,    0.629009
2019-05-06 00:00:00,  552.415680,   19.669610,    0.637855
2019-05-07 00:00:00,  549.918720,   19.110302,    0.641117
2019-05-08 00:00:00,  547.568640,   18.486927,    0.646726
2019-05-09 00:00:00,  545.071680,   18.066735,    0.649099
2019-05-10 00:00:00,  542.574720,   18.346500,    0.648385
2019-05-11 00:00:00,  540.077760,   18.619756,    0.639412
2019-05-12 00:00:00,  537.580800,   18.509419,    0.642338
2019-05-13 00:00:00,  535.083840,   18.584589,    0.645352
2019-05-14 00:00:00,  532.586880,   18.307691,    0.645505
2019-05-15 00:00:00,  530.089920,   18.667858,    0.645771
2019-05-16 00:00:00,  527.592960,   18.610619,    0.645995
2019-05-17 00:00:00,  525.096000,   18.802351,    0.646299
2019-05-18 00:00:00,  522.599040,   18.405205,    0.646332
2019-05-19 00:00:00,  520.102080,   18.501881,    0.646432
2019-05-20 00:00:00,  517.458240,   18.635920,    0.646725
2019-05-21 00:00:00,  514.961280,   18.381632,    0.646912
2019-05-22 00:00:00,  512.464320,   18.298881,    0.647211
2019-05-23 00:00:00,  509.967360,   17.990040,    0.647459
2019-05-24 00:00:00,  507.470400,   17.830306,    0.648275
2019-05-25 00:00:00,  504.826560,   17.645711,    0.649280
2019-05-26 00:00:00,  502.329600,   17.239480,    0.650183
2019-05-27 00:00:00,  499.832640,   16.973686,    0.651356
2019-05-28 00:00:00,  497.335680,   17.277367,    0.652734
2019-05-29 00:00:00,  494.838720,   17.406846,    0.653033
2019-05-30 00:00:00,  492.341760,   16.923934,    0.653519
2019-05-31 00:00:00,  489.844800,   16.828618,    0.654835
2019-06-01 00:00:00,  488.082240,   16.499111,    0.649065
2019-06-02 00:00:00,  486.319680,   16.732268,    0.649436
2019-06-03 00:00:00,  483.822720,   16.813711,    0.649362
2019-06-04 00:00:00,  481.325760,   16.284676,    0.652061
2019-06-05 00:00:00,  478.828800,   16.290576,    0.654936
2019-06-06 00:00:00,  476.478720,   16.070727,    0.657748
2019-06-07 00:00:00,  473.981760,   15.619576,    0.664149
2019-06-08 00:00:00,  471.484800,   15.605341,    0.651010
2019-06-09 00:00:00,  469.134720,   15.737324,    0.646726
2019-06-10 00:00:00,  466.784640,   16.147005,    0.646975
2019-06-11 00:00:00,  464.434560,   15.860300,    0.656960
2019-06-12 00:00:00,  462.084480,   15.588329,    0.656268
2019-06-13 00:00:00,  459.734400,   15.396772,    0.652670
2019-06-14 00:00:00,  457.384320,   15.080446,    0.651809
2019-06-15 00:00:00,  455.034240,   14.850762,    0.648400
2019-06-16 00:00:00,  452.684160,   15.051544,    0.648537
2019-06-17 00:00:00,  450.334080,   15.021855,    0.648652
2019-06-18 00:00:00,  448.130880,   15.257245,    0.648817
2019-06-19 00:00:00,  445.927680,   15.585210,    0.649126
2019-06-20 00:00:00,  443.577600,   15.711962,    0.646390
2019-06-21 00:00:00,  441.374400,   15.181278,    0.643347
2019-06-22 00:00:00,  439.318080,   15.209240,    0.644369
2019-06-23 00:00:00,  437.114880,   15.051903,    0.646292
2019-06-24 00:00:00,  434.911680,   14.665140,    0.639015
2019-06-25 00:00:00,  432.855360,   14.666978,    0.632174
2019-06-26 00:00:00,  430.799040,   14.214712,    0.631896
2019-06-27 00:00:00,  428.742720,   14.007366,    0.628775
2019-06-28 00:00:00,  426.686400,   14.074180,    0.627752
2019-06-29 00:00:00,  424.630080,   14.077273,    0.627385
2019-06-30 00:00:00,  422.573760,   14.147554,    0.627616
2019-07-01 00:00:00,  420.223680,   14.500902,    0.627917
2019-07-02 00:00:00,  417.873600,   14.262609,    0.628114
2019-07-03 00:00:00,  415.964160,   14.265007,    0.628132
2019-07-04 00:00:00,  414.201600,   14.309926,    0.628848
2019-07-05 00:00:00,  412.292160,   13.998495,    0.628644
2019-07-06 00:00:00,  410.382720,   13.809054,    0.618999
2019-07-07 00:00:00,  408.620160,   13.964291,    0.608431
2019-07-08 00:00:00,  406.857600,   13.956942,    0.608600
2019-07-09 00:00:00,  405.241920,   13.907792,    0.609123
2019-07-10 00:00:00,  403.626240,   13.726384,    0.609303
2019-07-11 00:00:00,  401.863680,   13.468481,    0.601865
2019-07-12 00:00:00,  400.248000,   13.288487,    0.602078
2019-07-13 00:00:00,  398.779200,   13.138414,    0.602182
2019-07-14 00:00:00,  397.163520,   13.154919,    0.602397
2019-07-15 00:00:00,  395.547840,   13.555852,    0.602590
2019-07-16 00:00:00,  394.079040,   13.487804,    0.602723
2019-07-17 00:00:00,  392.757120,   13.327338,    0.599245
2019-07-18 00:00:00,  391.435200,   13.326991,    0.599492
2019-07-19 00:00:00,  389.966400,   13.251033,    0.599682
2019-07-20 00:00:00,  388.644480,   13.146099,    0.600373
2019-07-21 00:00:00,  387.322560,   13.103249,    0.595622
2019-07-22 00:00:00,  386.000640,   13.164669,    0.589643
2019-07-23 00:00:00,  384.825600,   14.269641,    0.590187
2019-07-24 00:00:00,  383.650560,   13.463108,    0.595441
2019-07-25 00:00:00,  382.475520,   13.399919,    0.595559
2019-07-26 00:00:00,  381.447360,   13.225125,    0.595872
2019-07-27 00:00:00,  380.419200,   13.205770,    0.595983
2019-07-28 00:00:00,  379.391040,   13.312034,    0.596229
2019-07-29 00:00:00,  378.362880,   13.312892,    0.596415
2019-07-30 00:00:00,  377.334720,   13.545788,    0.596929
2019-07-31 00:00:00,  376.453440,   13.492935,    0.597095
2019-08-01 00:00:00,  375.865920,   13.904558,    0.591394
2019-08-02 00:00:00,  375.278400,   13.754356,    0.590918
2019-08-03 00:00:00,  374.397120,   13.712467,    0.589481
2019-08-04 00:00:00,  373.662720,   14.014411,    0.588792
2019-08-05 00:00:00,  372.928320,   14.056617,    0.585698
2019-08-06 00:00:00,  372.193920,   14.744294,    0.585968
2019-08-07 00:00:00,  371.606400,   14.841928,    0.584264
2019-08-08 00:00:00,  371.018880,   14.711896,    0.580815
2019-08-09 00:00:00,  370.431360,   14.505645,    0.581356
2019-08-10 00:00:00,  369.990720,   14.567563,    0.581435
2019-08-11 00:00:00,  369.550080,   14.698963,    0.581762
2019-08-12 00:00:00,  369.109440,   15.048627,    0.582107
2019-08-13 00:00:00,  368.815680,   15.249396,    0.563889
2019-08-14 00:00:00,  368.375040,   14.771651,    0.566230
2019-08-15 00:00:00,  368.081280,   14.843210,    0.567391
2019-08-16 00:00:00,  367.934400,   14.899034,    0.566003
2019-08-17 00:00:00,  367.640640,   15.179876,    0.566361
2019-08-18 00:00:00,  367.493760,   15.288779,    0.566770
2019-08-19 00:00:00,  367.346880,   15.062221,    0.566952
2019-08-20 00:00:00,  367.200000,   15.309394,    0.567006
2019-08-21 00:00:00,  367.200000,   15.602567,    0.567052
2019-08-22 00:00:00,  367.200000,   16.514302,    0.564815
2019-08-23 00:00:00,  367.200000,   15.574871,    0.565364
2019-08-24 00:00:00,  367.346880,   15.379385,    0.565639
2019-08-25 00:00:00,  367.493760,   15.435845,    0.565766
2019-08-26 00:00:00,  367.640640,   15.520485,    0.566047
2019-08-27 00:00:00,  367.934400,   16.506951,    0.566611
2019-08-28 00:00:00,  368.228160,   16.467921,    0.566654
2019-08-29 00:00:00,  368.521920,   16.759448,    0.567158
2019-08-30 00:00:00,  368.815680,   16.809370,    0.567229
2019-08-31 00:00:00,  369.256320,   17.065963,    0.567623
2019-09-01 00:00:00,  369.550080,   17.109552,    0.564712
2019-09-02 00:00:00,  369.843840,   17.526831,    0.565770
2019-09-03 00:00:00,  370.431360,   17.691117,    0.566267
2019-09-04 00:00:00,  371.018880,   16.553639,    0.561595
2019-09-05 00:00:00,  371.606400,   15.319831,    0.558834
2019-09-06 00:00:00,  372.193920,   14.901372,    0.560186
2019-09-07 00:00:00,  372.781440,   15.250341,    0.561332
2019-09-08 00:00:00,  373.515840,   15.511106,    0.561657
2019-09-09 00:00:00,  374.250240,   15.458697,    0.561843
2019-09-10 00:00:00,  374.984640,   15.827317,    0.561878
2019-09-11 00:00:00,  375.865920,   16.069552,    0.561916
2019-09-12 00:00:00,  376.747200,   16.328181,    0.561945
2019-09-13 00:00:00,  377.628480,   17.933666,    0.564043
2019-09-14 00:00:00,  378.656640,   17.519834,    0.564047
2019-09-15 00:00:00,  379.684800,   17.889145,    0.564438
2019-09-16 00:00:00,  380.712960,   18.055947,    0.564799
2019-09-17 00:00:00,  381.741120,   18.277742,    0.565039
2019-09-18 00:00:00,  382.769280,   19.081516,    0.565734
2019-09-19 00:00:00,  383.944320,   19.428852,    0.556343
2019-09-20 00:00:00,  385.119360,   19.886675,    0.556913
2019-09-21 00:00:00,  386.441280,   19.511335,    0.557988
2019-09-22 00:00:00,  387.763200,   17.905503,    0.557274
2019-09-23 00:00:00,  389.085120,   17.105466,    0.557496
2019-09-24 00:00:00,  390.407040,   17.601847,    0.558217
2019-09-25 00:00:00,  391.728960,   17.470328,    0.558559
2019-09-26 00:00:00,  393.197760,   17.324838,    0.554240
2019-09-27 00:00:00,  394.666560,   16.616970,    0.553053
2019-09-28 00:00:00,  396.135360,   15.918629,    0.551831
2019-09-29 00:00:00,  397.604160,   16.132967,    0.551930
2019-09-30 00:00:00,  399.219840,   16.584866,    0.551974
2019-10-01 00:00:00,  401.129280,   18.805992,    0.553826
2019-10-02 00:00:00,  403.038720,   18.996443,    0.554353
2019-10-03 00:00:00,  404.801280,   19.591999,    0.554987
2019-10-04 00:00:00,  406.563840,   19.403774,    0.555495
2019-10-05 00:00:00,  408.326400,   19.941755,    0.556414
2019-10-06 00:00:00,  410.088960,   19.912639,    0.557219
2019-10-07 00:00:00,  411.851520,   20.521858,    0.558427
2019-10-08 00:00:00,  413.614080,   20.549466,    0.559178
2019-10-09 00:00:00,  415.523520,   20.286986,    0.559293
2019-10-10 00:00:00,  417.432960,   21.198166,    0.560994
2019-10-11 00:00:00,  419.342400,   20.852825,    0.561268
2019-10-12 00:00:00,  421.251840,   21.045847,    0.564042
2019-10-13 00:00:00,  423.161280,   21.467111,    0.564686
2019-10-14 00:00:00,  425.217600,   20.599481,    0.564319
2019-10-15 00:00:00,  427.273920,   19.962491,    0.565049
2019-10-16 00:00:00,  429.330240,   20.140607,    0.565707
2019-10-17 00:00:00,  431.386560,   20.308685,    0.566267
2019-10-18 00:00:00,  433.442880,   20.663417,    0.566265
2019-10-19 00:00:00,  435.499200,   21.876209,    0.567286
2019-10-20 00:00:00,  437.702400,   22.460150,    0.569236
2019-10-21 00:00:00,  439.905600,   22.879476,    0.569799
2019-10-22 00:00:00,  442.108800,   22.756856,    0.569960
2019-10-23 00:00:00,  444.312000,   22.431212,    0.571173
2019-10-24 00:00:00,  446.515200,   21.908937,    0.572415
2019-10-25 00:00:00,  448.865280,   21.684044,    0.571954
2019-10-26 00:00:00,  451.068480,   21.966031,    0.573561
2019-10-27 00:00:00,  453.271680,   22.104337,    0.574578
2019-10-28 00:00:00,  455.621760,   22.073376,    0.574998
2019-10-29 00:00:00,  457.971840,   23.734030,    0.577512
2019-10-30 00:00:00,  460.321920,   23.609439,    0.578730
2019-10-31 00:00:00,  462.672000,   22.468603,    0.578999
2019-11-01 00:00:00,  464.434560,   21.576966,    0.579764
2019-11-02 00:00:00,  466.197120,   21.298865,    0.580726
2019-11-03 00:00:00,  468.547200,   22.160948,    0.581824
2019-11-04 00:00:00,  470.897280,   21.653946,    0.582863
2019-11-05 00:00:00,  473.247360,   20.244178,    0.576877
2019-11-06 00:00:00,  475.744320,   19.635499,    0.575035
2019-11-07 00:00:00,  478.241280,   19.943214,    0.575127
2019-11-08 00:00:00,  480.591360,   21.337188,    0.576865
2019-11-09 00:00:00,  483.088320,   22.061397,    0.578263
2019-11-10 00:00:00,  485.585280,   22.356445,    0.578329
2019-11-11 00:00:00,  488.082240,   23.156691,    0.580860
2019-11-12 00:00:00,  490.579200,   22.513916,    0.581906
2019-11-13 00:00:00,  493.076160,   22.526011,    0.582875
2019-11-14 00:00:00,  495.573120,   22.600837,    0.584470
2019-11-15 00:00:00,  498.070080,   22.985602,    0.586201
2019-11-16 00:00:00,  500.567040,   23.497679,    0.587338
2019-11-17 00:00:00,  503.064000,   23.986778,    0.588477
2019-11-18 00:00:00,  505.560960,   24.738187,    0.590260
2019-11-19 00:00:00,  508.057920,   24.189848,    0.591984
2019-11-20 00:00:00,  510.701760,   24.645665,    0.592566
2019-11-21 00:00:00,  513.198720,   24.793785,    0.594820
2019-11-22 00:00:00,  515.695680,   25.271298,    0.596322
2019-11-23 00:00:00,  518.192640,   26.384595,    0.597778
2019-11-24 00:00:00,  520.689600,   25.362297,    0.598934
2019-11-25 00:00:00,  523.333440,   24.421076,    0.598139
2019-11-26 00:00:00,  525.830400,   24.884353,    0.599328
2019-11-27 00:00:00,  528.327360,   26.115267,    0.600966
2019-11-28 00:00:00,  530.824320,   25.130857,    0.602456
2019-11-29 00:00:00,  533.321280,   21.903311,    0.592982
2019-11-30 00:00:00,  535.818240,   20.181380,    0.590152
2019-12-01 00:00:00,  538.902720,   20.149531,    0.591493
2019-12-02 00:00:00,  541.987200,   21.098479,    0.592429
2019-12-03 00:00:00,  544.337280,   21.745679,    0.593349
2019-12-04 00:00:00,  546.834240,   23.391142,    0.595049
2019-12-05 00:00:00,  549.331200,   23.290889,    0.595530
2019-12-06 00:00:00,  551.681280,   23.996571,    0.595540
2019-12-07 00:00:00,  554.178240,   25.207621,    0.600247
2019-12-08 00:00:00,  556.675200,   24.143409,    0.600943
2019-12-09 00:00:00,  559.025280,   24.571404,    0.602744
2019-12-10 00:00:00,  561.375360,   25.398915,    0.604638
2019-12-11 00:00:00,  563.725440,   26.528455,    0.606379
2019-12-12 00:00:00,  566.075520,   27.102602,    0.606124
2019-12-13 00:00:00,  568.425600,   26.106284,    0.601960
2019-12-14 00:00:00,  570.775680,   25.202832,    0.596021
2019-12-15 00:00:00,  573.125760,   25.174492,    0.598182
2019-12-16 00:00:00,  575.475840,   25.596060,    0.600126
2019-12-17 00:00:00,  577.825920,   25.764864,    0.600145
2019-12-18 00:00:00,  580.029120,   26.449499,    0.602318
2019-12-19 00:00:00,  582.232320,   25.707454,    0.605404
2019-12-20 00:00:00,  584.582400,   25.693848,    0.606758
2019-12-21 00:00:00,  586.785600,   26.126276,    0.607808
2019-12-22 00:00:00,  588.988800,   25.832183,    0.609624
2019-12-23 00:00:00,  591.192000,   26.041905,    0.611156
2019-12-24 00:00:00,  593.248320,   26.252095,    0.613609
2019-12-25 00:00:00,  595.304640,   26.928917,    0.615196
2019-12-26 00:00:00,  597.360960,   27.228741,    0.615677
2019-12-27 00:00:00,  599.417280,   27.513145,    0.619019
2019-12-28 00:00:00,  601.473600,   28.165434,    0.618669
2019-12-29 00:00:00,  603.529920,   29.503116,    0.622133
2019-12-30 00:00:00,  605.586240,   29.223094,    0.623226
2019-12-31 00:00:00,  607.495680,   30.331054,    0.625609
2020-01-01 00:00:00,  608.817600,   31.201107,    0.627511
2020-01-02 00:00:00,  610.286400,   30.253051,    0.629408
2020-01-03 00:00:00,  612.195840,   29.993718,    0.630850
2020-01-04 00:00:00,  613.958400,   28.120436,    0.631368
2020-01-05 00:00:00,  590.206680,   27.297475,    0.631722
