time,flow,temp,salt
2009-12-31 00:00:00,    0.000000,-9999.000000,-9999.000000
2010-01-01 00:00:00,    0.000000,-9999.000000,-9999.000000
2010-01-02 00:00:00,    0.000000,-9999.000000,-9999.000000
2010-01-03 00:00:00,    0.000000,-9999.000000,-9999.000000
2010-01-04 00:00:00,    0.000000,-9999.000000,-9999.000000
2010-01-05 00:00:00,    0.000000,-9999.000000,-9999.000000
2010-01-06 00:00:00,    0.000000,-9999.000000,-9999.000000
2010-01-07 00:00:00,    0.000000,-9999.000000,-9999.000000
2010-01-08 00:00:00,    0.000000,-9999.000000,-9999.000000
2010-01-09 00:00:00,    0.000000,-9999.000000,-9999.000000
2010-01-10 00:00:00,    0.000000,-9999.000000,-9999.000000
2010-01-11 00:00:00,    0.000000,-9999.000000,-9999.000000
2010-01-12 00:00:00,    0.000000,-9999.000000,-9999.000000
2010-01-13 00:00:00,    0.000000,-9999.000000,-9999.000000
2010-01-14 00:00:00,    0.000000,-9999.000000,-9999.000000
2010-01-15 00:00:00,    0.000000,-9999.000000,-9999.000000
2010-01-16 00:00:00,    0.000000,-9999.000000,-9999.000000
2010-01-17 00:00:00,    0.000000,-9999.000000,-9999.000000
2010-01-18 00:00:00,    0.000000,-9999.000000,-9999.000000
2010-01-19 00:00:00,    0.000000,-9999.000000,-9999.000000
2010-01-20 00:00:00,    0.000000,-9999.000000,-9999.000000
2010-01-21 00:00:00,    0.000000,-9999.000000,-9999.000000
2010-01-22 00:00:00,    0.000000,-9999.000000,-9999.000000
2010-01-23 00:00:00,    0.000000,-9999.000000,-9999.000000
2010-01-24 00:00:00,    0.000000,-9999.000000,-9999.000000
2010-01-25 00:00:00,    0.000000,-9999.000000,-9999.000000
2010-01-26 00:00:00,    0.000000,-9999.000000,-9999.000000
2010-01-27 00:00:00,    0.000000,-9999.000000,-9999.000000
2010-01-28 00:00:00,    0.000000,-9999.000000,-9999.000000
2010-01-29 00:00:00,    0.000000,-9999.000000,-9999.000000
2010-01-30 00:00:00,    0.000000,-9999.000000,-9999.000000
2010-01-31 00:00:00,    0.000000,-9999.000000,-9999.000000
2010-02-01 00:00:00,    0.000000,-9999.000000,-9999.000000
2010-02-02 00:00:00,    0.000000,-9999.000000,-9999.000000
2010-02-03 00:00:00,    0.000000,-9999.000000,-9999.000000
2010-02-04 00:00:00,    0.000000,-9999.000000,-9999.000000
2010-02-05 00:00:00,    0.000000,-9999.000000,-9999.000000
2010-02-06 00:00:00,    0.000000,-9999.000000,-9999.000000
2010-02-07 00:00:00,    0.000000,-9999.000000,-9999.000000
2010-02-08 00:00:00,    0.000000,-9999.000000,-9999.000000
2010-02-09 00:00:00,    0.000000,-9999.000000,-9999.000000
2010-02-10 00:00:00,    0.000000,-9999.000000,-9999.000000
2010-02-11 00:00:00,    0.000000,-9999.000000,-9999.000000
2010-02-12 00:00:00,    0.000000,-9999.000000,-9999.000000
2010-02-13 00:00:00,    0.000000,-9999.000000,-9999.000000
2010-02-14 00:00:00,    0.000000,-9999.000000,-9999.000000
2010-02-15 00:00:00,    0.000000,-9999.000000,-9999.000000
2010-02-16 00:00:00,    0.000000,-9999.000000,-9999.000000
2010-02-17 00:00:00,    0.000000,-9999.000000,-9999.000000
2010-02-18 00:00:00,    0.000000,-9999.000000,-9999.000000
2010-02-19 00:00:00,    0.000000,-9999.000000,-9999.000000
2010-02-20 00:00:00,    0.000000,-9999.000000,-9999.000000
2010-02-21 00:00:00,    0.000000,-9999.000000,-9999.000000
2010-02-22 00:00:00,    0.000000,-9999.000000,-9999.000000
2010-02-23 00:00:00,    0.000000,-9999.000000,-9999.000000
2010-02-24 00:00:00,    0.000000,-9999.000000,-9999.000000
2010-02-25 00:00:00,    0.000000,-9999.000000,-9999.000000
2010-02-26 00:00:00,    0.000000,-9999.000000,-9999.000000
2010-02-27 00:00:00,    0.000000,-9999.000000,-9999.000000
2010-02-28 00:00:00,    0.000000,-9999.000000,-9999.000000
2010-03-01 00:00:00,    0.000000,-9999.000000,-9999.000000
2010-03-02 00:00:00,    0.000000,-9999.000000,-9999.000000
2010-03-03 00:00:00,    0.000000,-9999.000000,-9999.000000
2010-03-04 00:00:00,    0.000000,-9999.000000,-9999.000000
2010-03-05 00:00:00,    0.000000,-9999.000000,-9999.000000
2010-03-06 00:00:00,    0.000000,-9999.000000,-9999.000000
2010-03-07 00:00:00,    0.000000,-9999.000000,-9999.000000
2010-03-08 00:00:00,    0.000000,-9999.000000,-9999.000000
2010-03-09 00:00:00,    0.000000,-9999.000000,-9999.000000
2010-03-10 00:00:00,    0.000000,-9999.000000,-9999.000000
2010-03-11 00:00:00,    0.000000,-9999.000000,-9999.000000
2010-03-12 00:00:00,    0.000000,-9999.000000,-9999.000000
2010-03-13 00:00:00,    0.000000,-9999.000000,-9999.000000
2010-03-14 00:00:00,    0.000000,-9999.000000,-9999.000000
2010-03-15 00:00:00,    0.000000,-9999.000000,-9999.000000
2010-03-16 00:00:00,    0.000000,-9999.000000,-9999.000000
2010-03-17 00:00:00,    0.000000,-9999.000000,-9999.000000
2010-03-18 00:00:00,    0.000000,-9999.000000,-9999.000000
2010-03-19 00:00:00,    0.000000,-9999.000000,-9999.000000
2010-03-20 00:00:00,    0.000000,-9999.000000,-9999.000000
2010-03-21 00:00:00,    0.000000,-9999.000000,-9999.000000
2010-03-22 00:00:00,    0.000000,-9999.000000,-9999.000000
2010-03-23 00:00:00,    0.000000,-9999.000000,-9999.000000
2010-03-24 00:00:00,    0.000000,-9999.000000,-9999.000000
2010-03-25 00:00:00,    0.000000,-9999.000000,-9999.000000
2010-03-26 00:00:00,    0.000000,-9999.000000,-9999.000000
2010-03-27 00:00:00,    0.000000,-9999.000000,-9999.000000
2010-03-28 00:00:00,    0.000000,-9999.000000,-9999.000000
2010-03-29 00:00:00,    0.000000,-9999.000000,-9999.000000
2010-03-30 00:00:00,    0.000000,-9999.000000,-9999.000000
2010-03-31 00:00:00,    0.000000,-9999.000000,-9999.000000
2010-04-01 00:00:00,    0.000000,-9999.000000,-9999.000000
2010-04-02 00:00:00,    0.000000,-9999.000000,-9999.000000
2010-04-03 00:00:00,    0.000000,-9999.000000,-9999.000000
2010-04-04 00:00:00,    0.000000,-9999.000000,-9999.000000
2010-04-05 00:00:00,    0.000000,-9999.000000,-9999.000000
2010-04-06 00:00:00,    0.000000,-9999.000000,-9999.000000
2010-04-07 00:00:00,    0.000000,-9999.000000,-9999.000000
2010-04-08 00:00:00,    0.000000,-9999.000000,-9999.000000
2010-04-09 00:00:00,    0.000000,-9999.000000,-9999.000000
2010-04-10 00:00:00,    0.000000,-9999.000000,-9999.000000
2010-04-11 00:00:00,    0.000000,-9999.000000,-9999.000000
2010-04-12 00:00:00,    0.000000,-9999.000000,-9999.000000
2010-04-13 00:00:00,    0.000000,-9999.000000,-9999.000000
2010-04-14 00:00:00,    0.000000,-9999.000000,-9999.000000
2010-04-15 00:00:00,    0.000000,-9999.000000,-9999.000000
2010-04-16 00:00:00,    0.000000,-9999.000000,-9999.000000
2010-04-17 00:00:00,    0.000000,-9999.000000,-9999.000000
2010-04-18 00:00:00,    0.000000,-9999.000000,-9999.000000
2010-04-19 00:00:00,    0.000000,-9999.000000,-9999.000000
2010-04-20 00:00:00,    0.000000,-9999.000000,-9999.000000
2010-04-21 00:00:00,    0.000000,-9999.000000,-9999.000000
2010-04-22 00:00:00,    0.000000,-9999.000000,-9999.000000
2010-04-23 00:00:00,    0.000000,-9999.000000,-9999.000000
2010-04-24 00:00:00,    0.000000,-9999.000000,-9999.000000
2010-04-25 00:00:00,    0.000000,-9999.000000,-9999.000000
2010-04-26 00:00:00,    0.000000,-9999.000000,-9999.000000
2010-04-27 00:00:00,    0.000000,-9999.000000,-9999.000000
2010-04-28 00:00:00,    0.000000,-9999.000000,-9999.000000
2010-04-29 00:00:00,    0.000000,-9999.000000,-9999.000000
2010-04-30 00:00:00,    0.000000,-9999.000000,-9999.000000
2010-05-01 00:00:00,    0.000000,-9999.000000,-9999.000000
2010-05-02 00:00:00,    0.000000,-9999.000000,-9999.000000
2010-05-03 00:00:00,    0.000000,-9999.000000,-9999.000000
2010-05-04 00:00:00,    0.000000,-9999.000000,-9999.000000
2010-05-05 00:00:00,    0.000000,-9999.000000,-9999.000000
2010-05-06 00:00:00,    0.000000,-9999.000000,-9999.000000
2010-05-07 00:00:00,    0.000000,-9999.000000,-9999.000000
2010-05-08 00:00:00,    0.000000,-9999.000000,-9999.000000
2010-05-09 00:00:00,    0.000000,-9999.000000,-9999.000000
2010-05-10 00:00:00,    0.000000,-9999.000000,-9999.000000
2010-05-11 00:00:00,    0.000000,-9999.000000,-9999.000000
2010-05-12 00:00:00,    0.000000,-9999.000000,-9999.000000
2010-05-13 00:00:00,    0.000000,-9999.000000,-9999.000000
2010-05-14 00:00:00,    0.000000,-9999.000000,-9999.000000
2010-05-15 00:00:00,    0.000000,-9999.000000,-9999.000000
2010-05-16 00:00:00,    0.000000,-9999.000000,-9999.000000
2010-05-17 00:00:00,    0.000000,-9999.000000,-9999.000000
2010-05-18 00:00:00,    0.000000,-9999.000000,-9999.000000
2010-05-19 00:00:00,    0.000000,-9999.000000,-9999.000000
2010-05-20 00:00:00,    0.000000,-9999.000000,-9999.000000
2010-05-21 00:00:00,    0.000000,-9999.000000,-9999.000000
2010-05-22 00:00:00,    0.000000,-9999.000000,-9999.000000
2010-05-23 00:00:00,    0.000000,-9999.000000,-9999.000000
2010-05-24 00:00:00,    0.000000,-9999.000000,-9999.000000
2010-05-25 00:00:00,    0.000000,-9999.000000,-9999.000000
2010-05-26 00:00:00,    0.000000,-9999.000000,-9999.000000
2010-05-27 00:00:00,    0.000000,-9999.000000,-9999.000000
2010-05-28 00:00:00,    0.000000,-9999.000000,-9999.000000
2010-05-29 00:00:00,    0.000000,-9999.000000,-9999.000000
2010-05-30 00:00:00,    0.000000,-9999.000000,-9999.000000
2010-05-31 00:00:00,    0.000000,-9999.000000,-9999.000000
2010-06-01 00:00:00,    0.000000,-9999.000000,-9999.000000
2010-06-02 00:00:00,    0.000000,-9999.000000,-9999.000000
2010-06-03 00:00:00,    0.000000,-9999.000000,-9999.000000
2010-06-04 00:00:00,    0.000000,-9999.000000,-9999.000000
2010-06-05 00:00:00,    0.000000,-9999.000000,-9999.000000
2010-06-06 00:00:00,    0.000000,-9999.000000,-9999.000000
2010-06-07 00:00:00,    0.000000,-9999.000000,-9999.000000
2010-06-08 00:00:00,    0.000000,-9999.000000,-9999.000000
2010-06-09 00:00:00,    0.000000,-9999.000000,-9999.000000
2010-06-10 00:00:00,    0.000000,-9999.000000,-9999.000000
2010-06-11 00:00:00,    0.000000,-9999.000000,-9999.000000
2010-06-12 00:00:00,    0.000000,-9999.000000,-9999.000000
2010-06-13 00:00:00,    0.000000,-9999.000000,-9999.000000
2010-06-14 00:00:00,    0.000000,-9999.000000,-9999.000000
2010-06-15 00:00:00,    0.146423,   15.985865,    0.695603
2010-06-16 00:00:00,    9.462052,   15.667089,    0.667120
2010-06-17 00:00:00,    9.424475,   15.631766,    0.666477
2010-06-18 00:00:00,    9.525326,   15.693480,    0.673281
2010-06-19 00:00:00,    9.850662,   15.721759,    0.676508
2010-06-20 00:00:00,    9.164967,   15.660476,    0.670003
2010-06-21 00:00:00,    8.990578,   15.723271,    0.677012
2010-06-22 00:00:00,    8.440874,   15.681563,    0.672634
2010-06-23 00:00:00,   82.244355,   15.675789,    0.672189
2010-06-24 00:00:00,   79.292830,   15.550448,    0.658434
2010-06-25 00:00:00,   77.024340,   15.373510,    0.658105
2010-06-26 00:00:00,   73.293413,   15.209720,    0.657773
2010-06-27 00:00:00,   90.660892,   14.963022,    0.656496
2010-06-28 00:00:00,   89.204081,   14.830179,    0.656057
2010-06-29 00:00:00,   87.363761,   14.799720,    0.655706
2010-06-30 00:00:00,   85.483139,   14.682019,    0.655377
2010-07-01 00:00:00,   82.930223,   14.593596,    0.654950
2010-07-02 00:00:00,  155.888275,   14.469043,    0.651081
2010-07-03 00:00:00,  151.777690,   14.323990,    0.650826
2010-07-04 00:00:00,  149.120305,   14.255051,    0.650565
2010-07-05 00:00:00,  146.962629,   14.132722,    0.650268
2010-07-06 00:00:00,  143.989304,   14.072377,    0.649975
2010-07-07 00:00:00,  139.474469,   13.967521,    0.649710
2010-07-08 00:00:00,  242.948269,   14.209065,    0.662632
2010-07-09 00:00:00,  312.099858,   13.894040,    0.659681
2010-07-10 00:00:00,  439.565340,   13.791472,    0.658561
2010-07-11 00:00:00,  576.134293,   13.951740,    0.653168
2010-07-12 00:00:00,  605.340898,   13.733138,    0.651328
2010-07-13 00:00:00,  615.254136,   13.653645,    0.650624
2010-07-14 00:00:00,  607.041972,   13.561470,    0.644866
2010-07-15 00:00:00,  594.740768,   13.453596,    0.638163
2010-07-16 00:00:00,  654.090590,   13.499704,    0.640661
2010-07-17 00:00:00,  647.949780,   13.648416,    0.647309
2010-07-18 00:00:00,  644.752375,   13.578434,    0.646870
2010-07-19 00:00:00,  634.840814,   13.517609,    0.643113
2010-07-20 00:00:00,  623.943337,   13.514077,    0.642853
2010-07-21 00:00:00,  613.123442,   13.407876,    0.636301
2010-07-22 00:00:00,  602.003337,   13.509008,    0.642353
2010-07-23 00:00:00,  591.018725,   13.403679,    0.635928
2010-07-24 00:00:00,  578.174504,   13.402198,    0.635770
2010-07-25 00:00:00,  567.383895,   13.400634,    0.635616
2010-07-26 00:00:00,  572.444188,   13.246120,    0.626198
2010-07-27 00:00:00,  579.831282,   13.254966,    0.626698
2010-07-28 00:00:00,  592.802085,   13.263522,    0.627169
2010-07-29 00:00:00,  642.672583,   13.340534,    0.631736
2010-07-30 00:00:00,  630.909905,   13.347795,    0.632116
2010-07-31 00:00:00,  622.197478,   13.355016,    0.632496
2010-08-01 00:00:00,  610.344292,   13.295934,    0.628600
2010-08-02 00:00:00,  596.607292,   13.720521,    0.654190
2010-08-03 00:00:00,  585.462525,   13.723141,    0.654284
2010-08-04 00:00:00,  573.520868,   13.726987,    0.654397
2010-08-05 00:00:00,  563.877607,   13.730695,    0.654512
2010-08-06 00:00:00,  551.209471,   13.734267,    0.654630
2010-08-07 00:00:00,  539.521215,   13.739067,    0.654765
2010-08-08 00:00:00,  526.519295,   13.743749,    0.654905
2010-08-09 00:00:00,  511.685213,   13.747249,    0.655047
2010-08-10 00:00:00,  487.667807,   13.750915,    0.655210
2010-08-11 00:00:00,  459.731473,   13.755529,    0.655375
2010-08-12 00:00:00, 1451.828144,   13.760034,    0.655544
2010-08-13 00:00:00, 2295.347977,   13.764728,    0.655734
2010-08-14 00:00:00, 2241.668645,   13.769003,    0.655873
2010-08-15 00:00:00, 2186.075801,   13.773769,    0.656032
2010-08-16 00:00:00, 2129.883243,   13.464009,    0.637230
2010-08-17 00:00:00, 2105.557885,   13.472275,    0.637685
2010-08-18 00:00:00, 2079.699466,   13.480561,    0.638117
2010-08-19 00:00:00, 2028.277565,   13.489422,    0.638527
2010-08-20 00:00:00, 2075.856452,   13.498254,    0.638920
2010-08-21 00:00:00, 2058.742719,   13.507238,    0.639312
2010-08-22 00:00:00, 2044.282610,   13.516194,    0.639695
2010-08-23 00:00:00, 2004.915812,   13.526780,    0.640321
2010-08-24 00:00:00, 1951.227385,   13.537034,    0.640900
2010-08-25 00:00:00, 1898.825455,   13.547608,    0.641443
2010-08-26 00:00:00, 1850.585440,   13.557967,    0.641961
2010-08-27 00:00:00, 1803.482091,   13.567700,    0.642472
2010-08-28 00:00:00, 1761.408783,   13.577919,    0.642970
2010-08-29 00:00:00, 1721.083899,   13.588019,    0.643457
2010-08-30 00:00:00, 1684.573098,   13.597381,    0.643937
2010-08-31 00:00:00, 1788.693710,   13.607427,    0.644421
2010-09-01 00:00:00, 1734.488807,   13.617208,    0.644873
2010-09-02 00:00:00, 1688.363406,   13.626903,    0.645319
2010-09-03 00:00:00, 1664.297952,   13.637472,    0.645797
2010-09-04 00:00:00, 1626.151100,   13.647349,    0.646274
2010-09-05 00:00:00, 1584.860877,   13.657146,    0.646749
2010-09-06 00:00:00, 1548.539850,   13.667486,    0.647223
2010-09-07 00:00:00, 1663.399489,   13.677758,    0.647697
2010-09-08 00:00:00, 1633.160867,   13.688128,    0.648181
2010-09-09 00:00:00, 1625.515120,   13.757587,    0.652315
2010-09-10 00:00:00, 1585.669742,   13.767678,    0.652789
2010-09-11 00:00:00, 1551.440539,   13.777906,    0.653278
2010-09-12 00:00:00, 1575.547405,   13.788777,    0.653772
2010-09-13 00:00:00, 1531.527133,   13.799611,    0.654270
2010-09-14 00:00:00, 1488.501221,   13.809894,    0.654782
2010-09-15 00:00:00, 1445.681598,   13.820816,    0.655298
2010-09-16 00:00:00, 1389.984475,   13.831700,    0.655818
2010-09-17 00:00:00, 1342.269504,   14.159290,    0.675563
2010-09-18 00:00:00, 1297.396581,   14.169298,    0.675990
2010-09-19 00:00:00, 1253.026627,   14.179752,    0.676473
2010-09-20 00:00:00, 1213.593743,   14.190317,    0.676983
2010-09-21 00:00:00, 1175.836212,   14.201198,    0.677530
2010-09-22 00:00:00, 1142.507081,   14.213221,    0.678097
2010-09-23 00:00:00, 1110.721622,   14.225274,    0.678680
2010-09-24 00:00:00, 1084.611804,   14.236239,    0.679276
2010-09-25 00:00:00, 1054.578077,   14.247198,    0.679888
2010-09-26 00:00:00, 1017.172340,   14.259517,    0.680527
2010-09-27 00:00:00,  982.367987,   14.271839,    0.681179
2010-09-28 00:00:00,  942.294505,   14.284161,    0.681843
2010-09-29 00:00:00,  904.894059,   14.296481,    0.682519
2010-09-30 00:00:00,  869.556605,   14.310159,    0.683222
2010-10-01 00:00:00,  842.338273,   14.325470,    0.684051
2010-10-02 00:00:00,  804.742223,   14.339701,    0.684895
2010-10-03 00:00:00,  780.855333,   14.352567,    0.685653
2010-10-04 00:00:00,  749.810893,   14.366547,    0.686421
2010-10-05 00:00:00,  716.961545,   14.375231,    0.686266
2010-10-06 00:00:00,  681.842177,   14.386876,    0.686881
2010-10-07 00:00:00,  651.765900,   14.399935,    0.687549
2010-10-08 00:00:00,  623.731816,   14.413170,    0.688251
2010-10-09 00:00:00,  595.681044,   14.426781,    0.688995
2010-10-10 00:00:00,  552.542665,   14.441604,    0.689762
2010-10-11 00:00:00,  524.890235,   14.455370,    0.690548
2010-10-12 00:00:00,  497.396216,   14.469193,    0.691351
2010-10-13 00:00:00,  468.804527,   14.484192,    0.692170
2010-10-14 00:00:00,  434.762479,   14.498364,    0.693020
2010-10-15 00:00:00,  405.358263,   14.512568,    0.693883
2010-10-16 00:00:00,  381.642062,   14.527937,    0.694759
2010-10-17 00:00:00,  363.810145,   14.208267,    0.672879
2010-10-18 00:00:00,  347.321981,   14.220503,    0.673455
2010-10-19 00:00:00,  336.579892,   14.233085,    0.674083
2010-10-20 00:00:00,  376.171143,   14.245302,    0.674758
2010-10-21 00:00:00,  351.969774,   14.257626,    0.675458
2010-10-22 00:00:00,  328.141289,   14.270829,    0.676179
2010-10-23 00:00:00,  303.459146,   14.284119,    0.676916
2010-10-24 00:00:00,  277.297739,   14.298252,    0.677667
2010-10-25 00:00:00,  256.012363,   14.312657,    0.678444
2010-10-26 00:00:00,  240.861946,   14.326172,    0.679221
2010-10-27 00:00:00,  223.717075,   14.340171,    0.680076
2010-10-28 00:00:00,  193.638639,   14.360355,    0.680765
2010-10-29 00:00:00,  175.757149,   14.373265,    0.681454
2010-10-30 00:00:00,  159.289150,   14.386367,    0.682171
2010-10-31 00:00:00,  141.135434,   14.400418,    0.682913
2010-11-01 00:00:00,  122.789173,   14.412226,    0.683514
2010-11-02 00:00:00,  105.139430,   14.423322,    0.684130
2010-11-03 00:00:00,   91.389639,   14.437669,    0.684922
2010-11-04 00:00:00,   79.632318,   14.452118,    0.685730
2010-11-05 00:00:00,   67.157654,   14.465836,    0.686552
2010-11-06 00:00:00,   56.561077,   14.479831,    0.687401
2010-11-07 00:00:00,   46.689806,   14.494975,    0.688301
2010-11-08 00:00:00,   39.416513,   14.510007,    0.689202
2010-11-09 00:00:00,   37.947531,   14.940030,    0.717472
2010-11-10 00:00:00,   39.124830,   14.956530,    0.718363
2010-11-11 00:00:00,   25.551348,   14.972227,    0.719319
2010-11-12 00:00:00,   16.718041,   14.989490,    0.720316
2010-11-13 00:00:00,    7.730041,   15.006950,    0.721347
2010-11-14 00:00:00,    1.667412,   15.023316,    0.722401
2010-11-15 00:00:00,    0.000000,-9999.000000,-9999.000000
2010-11-16 00:00:00,    0.000000,-9999.000000,-9999.000000
2010-11-17 00:00:00,    0.000000,-9999.000000,-9999.000000
2010-11-18 00:00:00,    0.000000,-9999.000000,-9999.000000
2010-11-19 00:00:00,    0.000000,-9999.000000,-9999.000000
2010-11-20 00:00:00,    0.000000,-9999.000000,-9999.000000
2010-11-21 00:00:00,    0.000000,-9999.000000,-9999.000000
2010-11-22 00:00:00,    0.000000,-9999.000000,-9999.000000
2010-11-23 00:00:00,    0.000000,-9999.000000,-9999.000000
2010-11-24 00:00:00,    0.000000,-9999.000000,-9999.000000
2010-11-25 00:00:00,    0.000000,-9999.000000,-9999.000000
2010-11-26 00:00:00,    0.000000,-9999.000000,-9999.000000
2010-11-27 00:00:00,    0.000000,-9999.000000,-9999.000000
2010-11-28 00:00:00,    0.000000,-9999.000000,-9999.000000
2010-11-29 00:00:00,    0.000000,-9999.000000,-9999.000000
2010-11-30 00:00:00,    0.000000,-9999.000000,-9999.000000
2010-12-01 00:00:00,    0.000000,-9999.000000,-9999.000000
2010-12-02 00:00:00,    0.000000,-9999.000000,-9999.000000
2010-12-03 00:00:00,    0.000000,-9999.000000,-9999.000000
2010-12-04 00:00:00,    0.000000,-9999.000000,-9999.000000
2010-12-05 00:00:00,    0.000000,-9999.000000,-9999.000000
2010-12-06 00:00:00,    0.000000,-9999.000000,-9999.000000
2010-12-07 00:00:00,    0.000000,-9999.000000,-9999.000000
2010-12-08 00:00:00,    0.000000,-9999.000000,-9999.000000
2010-12-09 00:00:00,    0.000000,-9999.000000,-9999.000000
2010-12-10 00:00:00,    0.000000,-9999.000000,-9999.000000
2010-12-11 00:00:00,    0.000000,-9999.000000,-9999.000000
2010-12-12 00:00:00,    0.000000,-9999.000000,-9999.000000
2010-12-13 00:00:00,    0.000000,-9999.000000,-9999.000000
2010-12-14 00:00:00,    0.000000,-9999.000000,-9999.000000
2010-12-15 00:00:00,    0.000000,-9999.000000,-9999.000000
2010-12-16 00:00:00,    0.000000,-9999.000000,-9999.000000
2010-12-17 00:00:00,    0.000000,-9999.000000,-9999.000000
2010-12-18 00:00:00,    0.000000,-9999.000000,-9999.000000
2010-12-19 00:00:00,    0.000000,-9999.000000,-9999.000000
2010-12-20 00:00:00,    0.000000,-9999.000000,-9999.000000
2010-12-21 00:00:00,    0.000000,-9999.000000,-9999.000000
2010-12-22 00:00:00,    0.000000,-9999.000000,-9999.000000
2010-12-23 00:00:00,    0.000000,-9999.000000,-9999.000000
2010-12-24 00:00:00,    0.000000,-9999.000000,-9999.000000
2010-12-25 00:00:00,    0.000000,-9999.000000,-9999.000000
2010-12-26 00:00:00,    0.000000,-9999.000000,-9999.000000
2010-12-27 00:00:00,    0.000000,-9999.000000,-9999.000000
2010-12-28 00:00:00,    0.000000,-9999.000000,-9999.000000
2010-12-29 00:00:00,    0.000000,-9999.000000,-9999.000000
2010-12-30 00:00:00,    0.000000,-9999.000000,-9999.000000
2010-12-31 00:00:00,    0.000000,-9999.000000,-9999.000000
2011-01-01 00:00:00,    0.000000,-9999.000000,-9999.000000
2011-01-02 00:00:00,    0.000000,-9999.000000,-9999.000000
2011-01-03 00:00:00,    0.000000,-9999.000000,-9999.000000
2011-01-04 00:00:00,    0.000000,-9999.000000,-9999.000000
2011-01-05 00:00:00,    0.000000,-9999.000000,-9999.000000
2011-01-06 00:00:00,    0.000000,-9999.000000,-9999.000000
2011-01-07 00:00:00,    0.000000,-9999.000000,-9999.000000
2011-01-08 00:00:00,    0.000000,-9999.000000,-9999.000000
2011-01-09 00:00:00,    0.000000,-9999.000000,-9999.000000
2011-01-10 00:00:00,    0.000000,-9999.000000,-9999.000000
2011-01-11 00:00:00,    0.000000,-9999.000000,-9999.000000
2011-01-12 00:00:00,    0.000000,-9999.000000,-9999.000000
2011-01-13 00:00:00,    0.000000,-9999.000000,-9999.000000
2011-01-14 00:00:00,    0.000000,-9999.000000,-9999.000000
2011-01-15 00:00:00,    0.000000,-9999.000000,-9999.000000
2011-01-16 00:00:00,    0.000000,-9999.000000,-9999.000000
2011-01-17 00:00:00,    0.000000,-9999.000000,-9999.000000
2011-01-18 00:00:00,    0.000000,-9999.000000,-9999.000000
2011-01-19 00:00:00,    0.000000,-9999.000000,-9999.000000
2011-01-20 00:00:00,    0.000000,-9999.000000,-9999.000000
2011-01-21 00:00:00,    0.000000,-9999.000000,-9999.000000
2011-01-22 00:00:00,    0.000000,-9999.000000,-9999.000000
2011-01-23 00:00:00,    0.000000,-9999.000000,-9999.000000
2011-01-24 00:00:00,    0.000000,-9999.000000,-9999.000000
2011-01-25 00:00:00,    0.000000,-9999.000000,-9999.000000
2011-01-26 00:00:00,    0.000000,-9999.000000,-9999.000000
2011-01-27 00:00:00,    0.000000,-9999.000000,-9999.000000
2011-01-28 00:00:00,    0.000000,-9999.000000,-9999.000000
2011-01-29 00:00:00,    0.000000,-9999.000000,-9999.000000
2011-01-30 00:00:00,    0.000000,-9999.000000,-9999.000000
2011-01-31 00:00:00,    0.000000,-9999.000000,-9999.000000
2011-02-01 00:00:00,    0.000000,-9999.000000,-9999.000000
2011-02-02 00:00:00,    0.000000,-9999.000000,-9999.000000
2011-02-03 00:00:00,    0.000000,-9999.000000,-9999.000000
2011-02-04 00:00:00,    0.000000,-9999.000000,-9999.000000
2011-02-05 00:00:00,    0.000000,-9999.000000,-9999.000000
2011-02-06 00:00:00,    0.000000,-9999.000000,-9999.000000
2011-02-07 00:00:00,    0.000000,-9999.000000,-9999.000000
2011-02-08 00:00:00,    0.000000,-9999.000000,-9999.000000
2011-02-09 00:00:00,    0.000000,-9999.000000,-9999.000000
2011-02-10 00:00:00,    0.000000,-9999.000000,-9999.000000
2011-02-11 00:00:00,    0.000000,-9999.000000,-9999.000000
2011-02-12 00:00:00,    0.000000,-9999.000000,-9999.000000
2011-02-13 00:00:00,    0.000000,-9999.000000,-9999.000000
2011-02-14 00:00:00,    0.000000,-9999.000000,-9999.000000
2011-02-15 00:00:00,    0.000000,-9999.000000,-9999.000000
2011-02-16 00:00:00,    0.000000,-9999.000000,-9999.000000
2011-02-17 00:00:00,    0.000000,-9999.000000,-9999.000000
2011-02-18 00:00:00,    0.000000,-9999.000000,-9999.000000
2011-02-19 00:00:00,    0.000000,-9999.000000,-9999.000000
2011-02-20 00:00:00,    0.000000,-9999.000000,-9999.000000
2011-02-21 00:00:00,    0.000000,-9999.000000,-9999.000000
2011-02-22 00:00:00,    0.000000,-9999.000000,-9999.000000
2011-02-23 00:00:00,    0.000000,-9999.000000,-9999.000000
2011-02-24 00:00:00,    0.000000,-9999.000000,-9999.000000
2011-02-25 00:00:00,    0.000000,-9999.000000,-9999.000000
2011-02-26 00:00:00,    0.000000,-9999.000000,-9999.000000
2011-02-27 00:00:00,    0.000000,-9999.000000,-9999.000000
2011-02-28 00:00:00,    0.000000,-9999.000000,-9999.000000
2011-03-01 00:00:00,    0.000000,-9999.000000,-9999.000000
2011-03-02 00:00:00,    0.000000,-9999.000000,-9999.000000
2011-03-03 00:00:00,    0.000000,-9999.000000,-9999.000000
2011-03-04 00:00:00,    0.000000,-9999.000000,-9999.000000
2011-03-05 00:00:00,    0.000000,-9999.000000,-9999.000000
2011-03-06 00:00:00,    0.000000,-9999.000000,-9999.000000
2011-03-07 00:00:00,    0.000000,-9999.000000,-9999.000000
2011-03-08 00:00:00,    0.000000,-9999.000000,-9999.000000
2011-03-09 00:00:00,    0.000000,-9999.000000,-9999.000000
2011-03-10 00:00:00,    0.000000,-9999.000000,-9999.000000
2011-03-11 00:00:00,    0.000000,-9999.000000,-9999.000000
2011-03-12 00:00:00,    0.000000,-9999.000000,-9999.000000
2011-03-13 00:00:00,    0.000000,-9999.000000,-9999.000000
2011-03-14 00:00:00,    0.000000,-9999.000000,-9999.000000
2011-03-15 00:00:00,    0.000000,-9999.000000,-9999.000000
2011-03-16 00:00:00,    0.000000,-9999.000000,-9999.000000
2011-03-17 00:00:00,    0.000000,-9999.000000,-9999.000000
2011-03-18 00:00:00,    0.000000,-9999.000000,-9999.000000
2011-03-19 00:00:00,    0.000000,-9999.000000,-9999.000000
2011-03-20 00:00:00,    0.000000,-9999.000000,-9999.000000
2011-03-21 00:00:00,    0.000000,-9999.000000,-9999.000000
2011-03-22 00:00:00,    0.000000,-9999.000000,-9999.000000
2011-03-23 00:00:00,    0.000000,-9999.000000,-9999.000000
2011-03-24 00:00:00,    0.000000,-9999.000000,-9999.000000
2011-03-25 00:00:00,    0.000000,-9999.000000,-9999.000000
2011-03-26 00:00:00,    0.000000,-9999.000000,-9999.000000
2011-03-27 00:00:00,    0.000000,-9999.000000,-9999.000000
2011-03-28 00:00:00,    0.000000,-9999.000000,-9999.000000
2011-03-29 00:00:00,    0.000000,-9999.000000,-9999.000000
2011-03-30 00:00:00,    0.000000,-9999.000000,-9999.000000
2011-03-31 00:00:00,    0.000000,-9999.000000,-9999.000000
2011-04-01 00:00:00,    0.000000,-9999.000000,-9999.000000
2011-04-02 00:00:00,    0.000000,-9999.000000,-9999.000000
2011-04-03 00:00:00,    0.000000,-9999.000000,-9999.000000
2011-04-04 00:00:00,    0.000000,-9999.000000,-9999.000000
2011-04-05 00:00:00,    0.000000,-9999.000000,-9999.000000
2011-04-06 00:00:00,    0.000000,-9999.000000,-9999.000000
2011-04-07 00:00:00,    0.000000,-9999.000000,-9999.000000
2011-04-08 00:00:00,    0.000000,-9999.000000,-9999.000000
2011-04-09 00:00:00,    0.000000,-9999.000000,-9999.000000
2011-04-10 00:00:00,    0.000000,-9999.000000,-9999.000000
2011-04-11 00:00:00,    0.000000,-9999.000000,-9999.000000
2011-04-12 00:00:00,    0.000000,-9999.000000,-9999.000000
2011-04-13 00:00:00,    0.000000,-9999.000000,-9999.000000
2011-04-14 00:00:00,    0.000000,-9999.000000,-9999.000000
2011-04-15 00:00:00,    0.000000,-9999.000000,-9999.000000
2011-04-16 00:00:00,    0.000000,-9999.000000,-9999.000000
2011-04-17 00:00:00,    0.000000,-9999.000000,-9999.000000
2011-04-18 00:00:00,    0.000000,-9999.000000,-9999.000000
2011-04-19 00:00:00,    0.000000,-9999.000000,-9999.000000
2011-04-20 00:00:00,    0.000000,-9999.000000,-9999.000000
2011-04-21 00:00:00,    0.000000,-9999.000000,-9999.000000
2011-04-22 00:00:00,    0.000000,-9999.000000,-9999.000000
2011-04-23 00:00:00,    0.000000,-9999.000000,-9999.000000
2011-04-24 00:00:00,    0.000000,-9999.000000,-9999.000000
2011-04-25 00:00:00,    0.000000,-9999.000000,-9999.000000
2011-04-26 00:00:00,    0.000000,-9999.000000,-9999.000000
2011-04-27 00:00:00,    0.000000,-9999.000000,-9999.000000
2011-04-28 00:00:00,    0.000000,-9999.000000,-9999.000000
2011-04-29 00:00:00,    0.000000,-9999.000000,-9999.000000
2011-04-30 00:00:00,    0.000000,-9999.000000,-9999.000000
2011-05-01 00:00:00,    0.000000,-9999.000000,-9999.000000
2011-05-02 00:00:00,    0.000000,-9999.000000,-9999.000000
2011-05-03 00:00:00,    0.000000,-9999.000000,-9999.000000
2011-05-04 00:00:00,    0.000000,-9999.000000,-9999.000000
2011-05-05 00:00:00,    0.000000,-9999.000000,-9999.000000
2011-05-06 00:00:00,    0.000000,-9999.000000,-9999.000000
2011-05-07 00:00:00,    0.000000,-9999.000000,-9999.000000
2011-05-08 00:00:00,    0.000000,-9999.000000,-9999.000000
2011-05-09 00:00:00,    0.000000,-9999.000000,-9999.000000
2011-05-10 00:00:00,    0.000000,-9999.000000,-9999.000000
2011-05-11 00:00:00,    0.000000,-9999.000000,-9999.000000
2011-05-12 00:00:00,    0.000000,-9999.000000,-9999.000000
2011-05-13 00:00:00,    0.000000,-9999.000000,-9999.000000
2011-05-14 00:00:00,    0.000000,-9999.000000,-9999.000000
2011-05-15 00:00:00,    0.000000,-9999.000000,-9999.000000
2011-05-16 00:00:00,    0.000000,-9999.000000,-9999.000000
2011-05-17 00:00:00,    0.000000,-9999.000000,-9999.000000
2011-05-18 00:00:00,    0.000000,-9999.000000,-9999.000000
2011-05-19 00:00:00,    0.000000,-9999.000000,-9999.000000
2011-05-20 00:00:00,    0.000000,-9999.000000,-9999.000000
2011-05-21 00:00:00,    0.000000,-9999.000000,-9999.000000
2011-05-22 00:00:00,    0.000000,-9999.000000,-9999.000000
2011-05-23 00:00:00,    0.000000,-9999.000000,-9999.000000
2011-05-24 00:00:00,    0.000000,-9999.000000,-9999.000000
2011-05-25 00:00:00,    0.000000,-9999.000000,-9999.000000
2011-05-26 00:00:00,    0.000000,-9999.000000,-9999.000000
2011-05-27 00:00:00,    0.000000,-9999.000000,-9999.000000
2011-05-28 00:00:00,    0.000000,-9999.000000,-9999.000000
2011-05-29 00:00:00,    0.000000,-9999.000000,-9999.000000
2011-05-30 00:00:00,    0.000000,-9999.000000,-9999.000000
2011-05-31 00:00:00,    0.000000,-9999.000000,-9999.000000
2011-06-01 00:00:00,    0.000000,-9999.000000,-9999.000000
2011-06-02 00:00:00,    0.000000,-9999.000000,-9999.000000
2011-06-03 00:00:00,    0.000000,-9999.000000,-9999.000000
2011-06-04 00:00:00,    0.000000,-9999.000000,-9999.000000
2011-06-05 00:00:00,    0.000000,-9999.000000,-9999.000000
2011-06-06 00:00:00,    0.000000,-9999.000000,-9999.000000
2011-06-07 00:00:00,    0.000000,-9999.000000,-9999.000000
2011-06-08 00:00:00,    0.000000,-9999.000000,-9999.000000
2011-06-09 00:00:00,    0.000000,-9999.000000,-9999.000000
2011-06-10 00:00:00,    0.000000,-9999.000000,-9999.000000
2011-06-11 00:00:00,    0.000000,-9999.000000,-9999.000000
2011-06-12 00:00:00,    0.000000,-9999.000000,-9999.000000
2011-06-13 00:00:00,    0.000000,-9999.000000,-9999.000000
2011-06-14 00:00:00,    0.000000,-9999.000000,-9999.000000
2011-06-15 00:00:00,    0.000000,-9999.000000,-9999.000000
2011-06-16 00:00:00,    0.000000,-9999.000000,-9999.000000
2011-06-17 00:00:00,    0.000000,-9999.000000,-9999.000000
2011-06-18 00:00:00,    0.000000,-9999.000000,-9999.000000
2011-06-19 00:00:00,    0.000000,-9999.000000,-9999.000000
2011-06-20 00:00:00,    0.000000,-9999.000000,-9999.000000
2011-06-21 00:00:00,    0.000000,-9999.000000,-9999.000000
2011-06-22 00:00:00,    0.000000,-9999.000000,-9999.000000
2011-06-23 00:00:00,    0.000000,-9999.000000,-9999.000000
2011-06-24 00:00:00,    0.000000,-9999.000000,-9999.000000
2011-06-25 00:00:00,  233.366497,   15.646610,    0.712763
2011-06-26 00:00:00,  740.912058,   15.751067,    0.722031
2011-06-27 00:00:00,  725.788561,   15.833649,    0.729461
2011-06-28 00:00:00, 1409.699170,   15.769402,    0.711110
2011-06-29 00:00:00, 1892.787104,   15.673648,    0.708567
2011-06-30 00:00:00, 2035.997051,   15.463969,    0.700854
2011-07-01 00:00:00, 2578.702368,   15.301809,    0.699909
2011-07-02 00:00:00, 3168.633804,   15.018874,    0.696321
2011-07-03 00:00:00, 3367.017395,   14.855667,    0.692571
2011-07-04 00:00:00, 3486.301507,   14.652613,    0.691431
2011-07-05 00:00:00, 3399.251567,   14.523145,    0.690367
2011-07-06 00:00:00, 3310.912204,   14.474935,    0.690002
2011-07-07 00:00:00, 3226.886637,   14.452746,    0.689660
2011-07-08 00:00:00, 3144.497488,   14.333388,    0.689305
2011-07-09 00:00:00, 3058.599636,   14.181501,    0.689002
2011-07-10 00:00:00, 2984.490359,   14.056666,    0.688748
2011-07-11 00:00:00, 3060.522230,   13.888345,    0.685772
2011-07-12 00:00:00, 2983.999241,   13.801121,    0.685400
2011-07-13 00:00:00, 2912.067504,   13.788193,    0.684576
2011-07-14 00:00:00, 2841.370544,   13.784036,    0.684242
2011-07-15 00:00:00, 2903.174018,   13.779763,    0.683896
2011-07-16 00:00:00, 2832.448256,   13.775554,    0.683580
2011-07-17 00:00:00, 2759.527973,   13.771950,    0.683296
2011-07-18 00:00:00, 2689.607319,   13.768332,    0.683017
2011-07-19 00:00:00, 2632.866153,   13.764447,    0.682730
2011-07-20 00:00:00, 2915.902656,   13.760780,    0.682464
2011-07-21 00:00:00, 3721.370871,   13.757957,    0.682204
2011-07-22 00:00:00, 4716.950928,   13.658183,    0.676747
2011-07-23 00:00:00, 4601.949074,   13.655607,    0.676572
2011-07-24 00:00:00, 4494.789083,   13.653844,    0.676402
2011-07-25 00:00:00, 4558.407842,   13.652123,    0.676236
2011-07-26 00:00:00, 4461.464739,   13.650519,    0.676087
2011-07-27 00:00:00, 4591.463308,   13.648990,    0.675943
2011-07-28 00:00:00, 4657.614049,   13.647670,    0.675826
2011-07-29 00:00:00, 4526.762432,   13.647139,    0.675711
2011-07-30 00:00:00, 4503.496918,   13.645751,    0.675599
2011-07-31 00:00:00, 5115.377781,   13.644569,    0.675503
2011-08-01 00:00:00, 5723.282429,   13.688313,    0.677757
2011-08-02 00:00:00, 5702.615280,   13.688570,    0.677753
2011-08-03 00:00:00, 5536.793090,   13.687492,    0.677683
2011-08-04 00:00:00, 5387.139836,   13.735323,    0.680171
2011-08-05 00:00:00, 5234.108373,   13.735302,    0.680124
2011-08-06 00:00:00, 5071.579449,   13.735324,    0.680079
2011-08-07 00:00:00, 4978.432485,   13.736676,    0.680074
2011-08-08 00:00:00, 4838.858802,   13.737977,    0.680072
2011-08-09 00:00:00, 4709.753040,   13.738372,    0.680073
2011-08-10 00:00:00, 4588.396060,   13.739050,    0.680089
2011-08-11 00:00:00, 4467.927264,   13.793601,    0.682919
2011-08-12 00:00:00, 4351.393286,   13.795146,    0.682959
2011-08-13 00:00:00, 4677.495566,   13.796925,    0.683013
2011-08-14 00:00:00, 4656.661092,   13.798459,    0.683058
2011-08-15 00:00:00, 4694.998671,   13.800231,    0.683119
2011-08-16 00:00:00, 4602.071153,   13.803489,    0.683236
2011-08-17 00:00:00, 4484.683733,   13.805482,    0.683341
2011-08-18 00:00:00, 4367.663891,   13.807677,    0.683460
2011-08-19 00:00:00, 4256.266362,   13.810801,    0.683581
2011-08-20 00:00:00, 4152.778266,   13.813932,    0.683706
2011-08-21 00:00:00, 4280.219141,   13.817299,    0.683847
2011-08-22 00:00:00, 4397.077717,   13.820663,    0.683992
2011-08-23 00:00:00, 4482.648395,   13.824046,    0.684142
2011-08-24 00:00:00, 4365.545000,   13.886859,    0.687458
2011-08-25 00:00:00, 4249.772341,   13.891664,    0.687674
2011-08-26 00:00:00, 4142.256364,   13.896418,    0.687891
2011-08-27 00:00:00, 4034.826073,   13.900375,    0.688124
2011-08-28 00:00:00, 3931.859000,   13.905324,    0.688359
2011-08-29 00:00:00, 3832.032795,   13.910260,    0.688599
2011-08-30 00:00:00, 3735.315373,   13.914180,    0.688844
2011-08-31 00:00:00, 3645.673048,   13.919361,    0.689108
2011-09-01 00:00:00, 3589.425165,   13.924290,    0.689337
2011-09-02 00:00:00, 3510.994924,   13.929220,    0.689569
2011-09-03 00:00:00, 3414.912015,   13.935667,    0.689857
2011-09-04 00:00:00, 3321.203644,   13.941111,    0.690153
2011-09-05 00:00:00, 3217.342485,   13.947058,    0.690528
2011-09-06 00:00:00, 3121.021167,   13.953900,    0.690898
2011-09-07 00:00:00, 3024.087834,   13.960678,    0.691266
2011-09-08 00:00:00, 2933.385504,   13.967659,    0.691648
2011-09-09 00:00:00, 2846.709193,   13.660763,    0.675320
2011-09-10 00:00:00, 2763.184522,   13.667293,    0.675660
2011-09-11 00:00:00, 2684.547964,   14.051012,    0.696154
2011-09-12 00:00:00, 2604.969918,   14.059377,    0.696577
2011-09-13 00:00:00, 2531.954007,   14.067749,    0.697007
2011-09-14 00:00:00, 2466.365186,   14.075290,    0.697457
2011-09-15 00:00:00, 2399.639393,   14.083937,    0.697913
2011-09-16 00:00:00, 2320.431438,   14.092583,    0.698378
2011-09-17 00:00:00, 2319.447742,   14.101247,    0.698851
2011-09-18 00:00:00, 2714.022347,   14.109921,    0.699331
2011-09-19 00:00:00, 2825.093803,   14.118875,    0.699833
2011-09-20 00:00:00, 2739.496788,   14.127839,    0.700343
2011-09-21 00:00:00, 2777.938381,   14.137091,    0.700875
2011-09-22 00:00:00, 2709.635864,   14.147454,    0.701415
2011-09-23 00:00:00, 2636.994615,   14.157842,    0.701964
2011-09-24 00:00:00, 2563.141457,   14.167169,    0.702521
2011-09-25 00:00:00, 2491.415371,   14.176515,    0.703086
2011-09-26 00:00:00, 2419.820892,   14.187251,    0.703674
2011-09-27 00:00:00, 2519.610179,   14.198000,    0.704271
2011-09-28 00:00:00, 2452.615218,   14.209483,    0.704987
2011-09-29 00:00:00, 2378.610436,   14.220831,    0.705689
2011-09-30 00:00:00, 2303.451021,   14.233480,    0.706401
2011-10-01 00:00:00, 2242.622740,   14.247736,    0.707225
2011-10-02 00:00:00, 2310.109825,   14.260882,    0.708053
2011-10-03 00:00:00, 2232.165576,   14.272619,    0.708790
2011-10-04 00:00:00, 2167.137418,   14.285496,    0.709532
2011-10-05 00:00:00, 2111.236008,   14.298391,    0.710279
2011-10-06 00:00:00, 2049.256724,   14.310164,    0.711032
2011-10-07 00:00:00, 1992.684773,   14.323096,    0.711793
2011-10-08 00:00:00, 1939.921797,   14.336048,    0.712561
2011-10-09 00:00:00, 1872.906640,   14.349287,    0.713351
2011-10-10 00:00:00, 1806.015734,   14.363690,    0.714148
2011-10-11 00:00:00, 1747.071898,   14.377003,    0.714952
2011-10-12 00:00:00, 1690.169589,   14.390349,    0.715765
2011-10-13 00:00:00, 1615.021794,   14.404864,    0.716586
2011-10-14 00:00:00, 1561.572800,   14.418538,    0.717430
2011-10-15 00:00:00, 1513.729043,   14.432241,    0.718282
2011-10-16 00:00:00, 1449.615357,   14.447143,    0.719142
2011-10-17 00:00:00, 1402.626174,   14.462094,    0.720010
2011-10-18 00:00:00, 1471.377091,   14.477080,    0.720887
2011-10-19 00:00:00, 1410.855502,   14.492112,    0.721771
2011-10-20 00:00:00, 1355.433391,   14.506308,    0.722678
2011-10-21 00:00:00, 1304.645480,   14.520539,    0.723594
2011-10-22 00:00:00, 1270.585875,   14.535980,    0.724518
2011-10-23 00:00:00, 1226.541429,   14.551437,    0.725450
2011-10-24 00:00:00, 1186.287734,   14.568134,    0.726390
2011-10-25 00:00:00, 1249.222883,   14.585156,    0.727353
2011-10-26 00:00:00, 1226.533719,   14.600773,    0.728308
2011-10-27 00:00:00, 1185.862359,   14.616430,    0.729271
2011-10-28 00:00:00, 1141.309283,   14.632433,    0.730258
2011-10-29 00:00:00, 1089.469109,   14.648478,    0.731251
2011-10-30 00:00:00, 1040.311449,   14.664584,    0.732252
2011-10-31 00:00:00,  991.019505,   14.681937,    0.733261
2011-11-01 00:00:00,  944.539631,   14.695838,    0.734048
2011-11-02 00:00:00,  944.585238,   14.266830,    0.708460
2011-11-03 00:00:00,  920.603632,   14.812064,    0.741006
2011-11-04 00:00:00,  880.121987,   14.830134,    0.742078
2011-11-05 00:00:00,  977.386265,   14.846981,    0.743158
2011-11-06 00:00:00, 1063.868897,   14.864135,    0.744263
2011-11-07 00:00:00, 1016.618843,   14.882674,    0.745373
2011-11-08 00:00:00, 1031.110495,   14.900975,    0.746473
2011-11-09 00:00:00,  994.103315,   14.919621,    0.747597
2011-11-10 00:00:00,  963.042895,   14.938335,    0.748729
2011-11-11 00:00:00,  917.903186,   14.955793,    0.749866
2011-11-12 00:00:00,  876.886861,   14.974621,    0.751009
2011-11-13 00:00:00,  837.229531,   14.993508,    0.752159
2011-11-14 00:00:00,  799.615380,   15.011112,    0.753315
2011-11-15 00:00:00,  752.685943,   15.030087,    0.754474
2011-11-16 00:00:00,  719.969350,   15.049135,    0.755639
2011-11-17 00:00:00,  703.727081,   15.068231,    0.756809
2011-11-18 00:00:00,  663.183721,   15.087366,    0.757984
2011-11-19 00:00:00,  620.629455,   15.106576,    0.759164
2011-11-20 00:00:00,  581.116401,   15.126144,    0.760366
2011-11-21 00:00:00,  545.803308,   15.145472,    0.761554
2011-11-22 00:00:00,  512.211703,   15.164855,    0.762746
2011-11-23 00:00:00,  471.980532,   15.182940,    0.763941
2011-11-24 00:00:00,  433.570920,   15.202422,    0.765139
2011-11-25 00:00:00,  408.451794,   15.222241,    0.766359
2011-11-26 00:00:00,  363.665569,   15.241811,    0.767564
2011-11-27 00:00:00,  328.532316,   15.261433,    0.768771
2011-11-28 00:00:00,  302.315419,   15.281107,    0.769980
2011-11-29 00:00:00,  271.214349,   15.300839,    0.771192
2011-11-30 00:00:00,  243.094456,   15.319265,    0.772405
2011-12-01 00:00:00,  213.085219,   15.341679,    0.773850
2011-12-02 00:00:00,  186.599497,   15.365543,    0.775298
2011-12-03 00:00:00,  161.428762,   15.385234,    0.776498
2011-12-04 00:00:00,  140.967101,   15.403889,    0.777719
2011-12-05 00:00:00,  126.876430,   15.423964,    0.778939
2011-12-06 00:00:00,  256.089400,   15.443788,    0.780141
2011-12-07 00:00:00,  440.708891,   15.462532,    0.781363
2011-12-08 00:00:00,  618.206138,   15.482717,    0.782583
2011-12-09 00:00:00,  589.684966,   15.502632,    0.783784
2011-12-10 00:00:00,  556.723031,   15.521222,    0.784983
2011-12-11 00:00:00,  524.094255,   15.539863,    0.786181
2011-12-12 00:00:00, 1129.181657,   15.559929,    0.787378
2011-12-13 00:00:00, 1274.769811,   15.579981,    0.788571
2011-12-14 00:00:00, 1427.846332,   15.598681,    0.789763
2011-12-15 00:00:00, 1379.207975,   15.617452,    0.790954
2011-12-16 00:00:00, 1324.985816,   15.636232,    0.792142
2011-12-17 00:00:00, 1278.360045,   15.655088,    0.793326
2011-12-18 00:00:00, 1219.508353,   15.673676,    0.794488
2011-12-19 00:00:00, 1159.218712,   15.692299,    0.795646
2011-12-20 00:00:00, 1102.436870,   15.711261,    0.796820
2011-12-21 00:00:00, 1047.987196,   15.729959,    0.797971
2011-12-22 00:00:00,  988.513984,   15.748693,    0.799117
2011-12-23 00:00:00,  926.110498,   15.767463,    0.800260
2011-12-24 00:00:00,  870.244590,   15.785965,    0.801377
2011-12-25 00:00:00,  813.292389,   15.804505,    0.802489
2011-12-26 00:00:00,  762.779800,   15.823080,    0.803595
2011-12-27 00:00:00,  711.467762,   15.841691,    0.804695
2011-12-28 00:00:00,  665.045072,   15.860331,    0.805791
2011-12-29 00:00:00,  624.470196,   15.877571,    0.806880
2011-12-30 00:00:00,  586.286000,   15.894846,    0.807962
2011-12-31 00:00:00,  545.306119,   15.913272,    0.809018
2012-01-01 00:00:00,  500.629176,   15.927658,    0.809823
2012-01-02 00:00:00,  457.502290,   15.940933,    0.810641
2012-01-03 00:00:00,  407.022643,   15.957977,    0.811677
2012-01-04 00:00:00,  367.735329,   15.974745,    0.812685
2012-01-05 00:00:00,  346.669080,   15.991831,    0.813706
2012-01-06 00:00:00,  309.489625,   16.008934,    0.814719
2012-01-07 00:00:00,  271.721772,   16.025766,    0.815703
2012-01-08 00:00:00,  242.185716,   16.042635,    0.816680
2012-01-09 00:00:00,  216.016801,   16.057805,    0.817627
2012-01-10 00:00:00,  191.107765,   16.074427,    0.818565
2012-01-11 00:00:00,  165.643442,   16.091374,    0.819513
2012-01-12 00:00:00,  146.141980,   16.106616,    0.820432
2012-01-13 00:00:00,  126.517792,   16.121578,    0.821322
2012-01-14 00:00:00,  117.879650,   16.136545,    0.822202
2012-01-15 00:00:00,  101.185894,   16.151822,    0.823091
2012-01-16 00:00:00,   70.249939,   16.167129,    0.823970
2012-01-17 00:00:00,   50.945888,   16.181870,    0.824800
2012-01-18 00:00:00,   34.857443,   16.196633,    0.825618
2012-01-19 00:00:00,   26.739918,   16.211707,    0.826445
2012-01-20 00:00:00,  101.203361,   16.226506,    0.827241
2012-01-21 00:00:00,  186.087533,   16.239869,    0.828025
2012-01-22 00:00:00,  163.577425,   16.379902,    0.837526
2012-01-23 00:00:00,  135.065913,   16.395660,    0.838505
2012-01-24 00:00:00,  120.810254,   16.409674,    0.839435
2012-01-25 00:00:00,  128.100284,   16.423528,    0.840324
2012-01-26 00:00:00,  104.854483,   16.436952,    0.841160
2012-01-27 00:00:00,   90.378242,   16.450299,    0.841970
2012-01-28 00:00:00,   72.227690,   16.463570,    0.842754
2012-01-29 00:00:00,   37.889953,   16.475273,    0.843516
2012-01-30 00:00:00,   18.059254,   16.488453,    0.844254
2012-01-31 00:00:00,    6.833162,   16.501303,    0.844952
2012-02-01 00:00:00,    1.258936,   16.510480,    0.845517
2012-02-02 00:00:00,   10.474362,   16.521113,    0.846064
2012-02-03 00:00:00,    3.099080,   16.533820,    0.846712
2012-02-04 00:00:00,    0.000000,-9999.000000,-9999.000000
2012-02-05 00:00:00,    0.000000,-9999.000000,-9999.000000
2012-02-06 00:00:00,    0.000000,-9999.000000,-9999.000000
2012-02-07 00:00:00,    0.000000,-9999.000000,-9999.000000
2012-02-08 00:00:00,    0.000000,-9999.000000,-9999.000000
2012-02-09 00:00:00,    0.000000,-9999.000000,-9999.000000
2012-02-10 00:00:00,    0.000000,-9999.000000,-9999.000000
2012-02-11 00:00:00,    0.000000,-9999.000000,-9999.000000
2012-02-12 00:00:00,    0.000000,-9999.000000,-9999.000000
2012-02-13 00:00:00,    0.000000,-9999.000000,-9999.000000
2012-02-14 00:00:00,    0.000000,-9999.000000,-9999.000000
2012-02-15 00:00:00,    0.000000,-9999.000000,-9999.000000
2012-02-16 00:00:00,    0.000000,-9999.000000,-9999.000000
2012-02-17 00:00:00,    0.000000,-9999.000000,-9999.000000
2012-02-18 00:00:00,    0.000000,-9999.000000,-9999.000000
2012-02-19 00:00:00,    0.000000,-9999.000000,-9999.000000
2012-02-20 00:00:00,    0.000000,-9999.000000,-9999.000000
2012-02-21 00:00:00,    0.000000,-9999.000000,-9999.000000
2012-02-22 00:00:00,    0.000000,-9999.000000,-9999.000000
2012-02-23 00:00:00,    0.000000,-9999.000000,-9999.000000
2012-02-24 00:00:00,    0.000000,-9999.000000,-9999.000000
2012-02-25 00:00:00,    0.000000,-9999.000000,-9999.000000
2012-02-26 00:00:00,    0.000000,-9999.000000,-9999.000000
2012-02-27 00:00:00,    0.000000,-9999.000000,-9999.000000
2012-02-28 00:00:00,    0.000000,-9999.000000,-9999.000000
2012-02-29 00:00:00,    0.000000,-9999.000000,-9999.000000
2012-03-01 00:00:00,    0.000000,-9999.000000,-9999.000000
2012-03-02 00:00:00,    0.000000,-9999.000000,-9999.000000
2012-03-03 00:00:00,    0.000000,-9999.000000,-9999.000000
2012-03-04 00:00:00,    0.000000,-9999.000000,-9999.000000
2012-03-05 00:00:00,    0.000000,-9999.000000,-9999.000000
2012-03-06 00:00:00,    0.000000,-9999.000000,-9999.000000
2012-03-07 00:00:00,    0.000000,-9999.000000,-9999.000000
2012-03-08 00:00:00,    0.000000,-9999.000000,-9999.000000
2012-03-09 00:00:00,    0.000000,-9999.000000,-9999.000000
2012-03-10 00:00:00,    0.000000,-9999.000000,-9999.000000
2012-03-11 00:00:00,    0.000000,-9999.000000,-9999.000000
2012-03-12 00:00:00,    0.000000,-9999.000000,-9999.000000
2012-03-13 00:00:00,    0.000000,-9999.000000,-9999.000000
2012-03-14 00:00:00,    0.000000,-9999.000000,-9999.000000
2012-03-15 00:00:00,    0.000000,-9999.000000,-9999.000000
2012-03-16 00:00:00,    0.000000,-9999.000000,-9999.000000
2012-03-17 00:00:00,    0.000000,-9999.000000,-9999.000000
2012-03-18 00:00:00,    0.000000,-9999.000000,-9999.000000
2012-03-19 00:00:00,    0.000000,-9999.000000,-9999.000000
2012-03-20 00:00:00,    0.000000,-9999.000000,-9999.000000
2012-03-21 00:00:00,    0.000000,-9999.000000,-9999.000000
2012-03-22 00:00:00,    0.000000,-9999.000000,-9999.000000
2012-03-23 00:00:00,    0.000000,-9999.000000,-9999.000000
2012-03-24 00:00:00,    0.000000,-9999.000000,-9999.000000
2012-03-25 00:00:00,    0.000000,-9999.000000,-9999.000000
2012-03-26 00:00:00,    0.000000,-9999.000000,-9999.000000
2012-03-27 00:00:00,    0.000000,-9999.000000,-9999.000000
2012-03-28 00:00:00,    0.000000,-9999.000000,-9999.000000
2012-03-29 00:00:00,    0.000000,-9999.000000,-9999.000000
2012-03-30 00:00:00,    0.000000,-9999.000000,-9999.000000
2012-03-31 00:00:00,    0.000000,-9999.000000,-9999.000000
2012-04-01 00:00:00,    0.000000,-9999.000000,-9999.000000
2012-04-02 00:00:00,    0.000000,-9999.000000,-9999.000000
2012-04-03 00:00:00,    0.000000,-9999.000000,-9999.000000
2012-04-04 00:00:00,    0.000000,-9999.000000,-9999.000000
2012-04-05 00:00:00,    0.000000,-9999.000000,-9999.000000
2012-04-06 00:00:00,    0.000000,-9999.000000,-9999.000000
2012-04-07 00:00:00,    0.000000,-9999.000000,-9999.000000
2012-04-08 00:00:00,    0.000000,-9999.000000,-9999.000000
2012-04-09 00:00:00,    0.000000,-9999.000000,-9999.000000
2012-04-10 00:00:00,    0.000000,-9999.000000,-9999.000000
2012-04-11 00:00:00,    0.000000,-9999.000000,-9999.000000
2012-04-12 00:00:00,    0.000000,-9999.000000,-9999.000000
2012-04-13 00:00:00,    0.000000,-9999.000000,-9999.000000
2012-04-14 00:00:00,    0.000000,-9999.000000,-9999.000000
2012-04-15 00:00:00,    0.000000,-9999.000000,-9999.000000
2012-04-16 00:00:00,    0.000000,-9999.000000,-9999.000000
2012-04-17 00:00:00,    0.000000,-9999.000000,-9999.000000
2012-04-18 00:00:00,    0.000000,-9999.000000,-9999.000000
2012-04-19 00:00:00,    0.000000,-9999.000000,-9999.000000
2012-04-20 00:00:00,    0.000000,-9999.000000,-9999.000000
2012-04-21 00:00:00,    0.000000,-9999.000000,-9999.000000
2012-04-22 00:00:00,    0.000000,-9999.000000,-9999.000000
2012-04-23 00:00:00,    0.000000,-9999.000000,-9999.000000
2012-04-24 00:00:00,    0.000000,-9999.000000,-9999.000000
2012-04-25 00:00:00,    0.000000,-9999.000000,-9999.000000
2012-04-26 00:00:00,    0.000000,-9999.000000,-9999.000000
2012-04-27 00:00:00,    0.000000,-9999.000000,-9999.000000
2012-04-28 00:00:00,    0.000000,-9999.000000,-9999.000000
2012-04-29 00:00:00,    0.000000,-9999.000000,-9999.000000
2012-04-30 00:00:00,    0.000000,-9999.000000,-9999.000000
2012-05-01 00:00:00,    0.000000,-9999.000000,-9999.000000
2012-05-02 00:00:00,    0.000000,-9999.000000,-9999.000000
2012-05-03 00:00:00,    0.000000,-9999.000000,-9999.000000
2012-05-04 00:00:00,    0.000000,-9999.000000,-9999.000000
2012-05-05 00:00:00,    0.000000,-9999.000000,-9999.000000
2012-05-06 00:00:00,    8.144537,   16.441812,    0.823386
2012-05-07 00:00:00,   60.217429,   16.439094,    0.823062
2012-05-08 00:00:00,   49.740901,   16.436410,    0.822727
2012-05-09 00:00:00,   71.825369,   16.434383,    0.822361
2012-05-10 00:00:00,  102.251870,   16.431426,    0.821980
2012-05-11 00:00:00,   98.806749,   16.428428,    0.821586
2012-05-12 00:00:00,   93.268893,   16.425385,    0.821180
2012-05-13 00:00:00,   90.268771,   16.422317,    0.820763
2012-05-14 00:00:00,   88.001549,   16.420057,    0.820335
2012-05-15 00:00:00,   87.190139,   16.416943,    0.819900
2012-05-16 00:00:00,   85.683528,   16.413808,    0.819457
2012-05-17 00:00:00,   84.887254,   16.461622,    0.822786
2012-05-18 00:00:00,   83.073320,   16.458641,    0.822496
2012-05-19 00:00:00,   81.080552,   16.455432,    0.822162
2012-05-20 00:00:00,   77.662926,   16.451932,    0.821789
2012-05-21 00:00:00,   74.258251,   16.449328,    0.821402
2012-05-22 00:00:00,   70.186633,   16.445766,    0.820997
2012-05-23 00:00:00,   66.321252,   16.442140,    0.820577
2012-05-24 00:00:00,   62.755106,   16.438466,    0.820145
2012-05-25 00:00:00,   60.473262,   16.434633,    0.819694
2012-05-26 00:00:00,   58.431254,   16.430889,    0.819242
2012-05-27 00:00:00,   56.772722,   16.427122,    0.818783
2012-05-28 00:00:00,   54.849125,   16.424188,    0.818317
2012-05-29 00:00:00,   51.165365,   16.421725,    0.818104
2012-05-30 00:00:00,   46.225919,   16.418895,    0.817832
2012-05-31 00:00:00,  248.289831,   16.415837,    0.817521
2012-06-01 00:00:00,  244.494442,   16.520481,    0.824743
2012-06-02 00:00:00,  241.703658,   16.540273,    0.825867
2012-06-03 00:00:00,  227.636994,   16.647975,    0.832593
2012-06-04 00:00:00,  214.152589,   16.665922,    0.833609
2012-06-05 00:00:00,  200.934330,   16.679203,    0.833874
2012-06-06 00:00:00,  223.885317,   16.170927,    0.730226
2012-06-07 00:00:00,  504.939632,   16.125899,    0.724140
2012-06-08 00:00:00,  499.030387,   16.038928,    0.719821
2012-06-09 00:00:00,  490.683418,   15.901343,    0.706264
2012-06-10 00:00:00,  532.215422,   16.290437,    0.717088
2012-06-11 00:00:00,  542.897669,   16.086503,    0.715703
2012-06-12 00:00:00,  643.767574,   15.939095,    0.711988
2012-06-13 00:00:00,  658.739098,   15.692391,    0.710480
2012-06-14 00:00:00,  760.273065,   15.508187,    0.706917
2012-06-15 00:00:00,  749.274112,   15.404122,    0.706229
2012-06-16 00:00:00,  739.006201,   15.349159,    0.701633
2012-06-17 00:00:00,  726.656834,   15.317766,    0.699007
2012-06-18 00:00:00,  712.970349,   15.266742,    0.694739
2012-06-19 00:00:00,  748.985252,   15.376255,    0.704001
2012-06-20 00:00:00,  798.849799,   15.624979,    0.700250
2012-06-21 00:00:00,  783.457028,   15.429853,    0.699620
2012-06-22 00:00:00,  769.999307,   15.366499,    0.699063
2012-06-23 00:00:00,  754.887153,   15.293746,    0.698504
2012-06-24 00:00:00,  736.425129,   15.157364,    0.697970
2012-06-25 00:00:00,  732.355168,   14.956236,    0.697204
2012-06-26 00:00:00,  826.108828,   14.800724,    0.693987
2012-06-27 00:00:00,  850.443485,   14.844922,    0.692483
2012-06-28 00:00:00,  847.048587,   14.772500,    0.691868
2012-06-29 00:00:00,  834.006279,   14.736138,    0.691055
2012-06-30 00:00:00,  818.315684,   14.578336,    0.679749
2012-07-01 00:00:00,  803.844459,   14.672155,    0.686466
2012-07-02 00:00:00,  789.648393,   14.576782,    0.679561
2012-07-03 00:00:00,  769.742077,   14.704133,    0.688872
2012-07-04 00:00:00,  751.772837,   14.610759,    0.688526
2012-07-05 00:00:00,  731.050310,   14.513773,    0.688161
2012-07-06 00:00:00,  763.335229,   14.461045,    0.687808
2012-07-07 00:00:00,  751.737599,   14.479501,    0.688686
2012-07-08 00:00:00,  731.861847,   14.489646,    0.689065
2012-07-09 00:00:00,  714.839197,   14.447272,    0.685539
2012-07-10 00:00:00,  981.665233,   14.338192,    0.678619
2012-07-11 00:00:00,  960.254568,   14.199424,    0.678279
2012-07-12 00:00:00,  942.217899,   14.019058,    0.677870
2012-07-13 00:00:00,  926.381829,   13.989540,    0.677524
2012-07-14 00:00:00,  910.008861,   13.949923,    0.677163
2012-07-15 00:00:00,  890.665908,   13.893064,    0.673718
2012-07-16 00:00:00,  986.564956,   13.916483,    0.675025
2012-07-17 00:00:00,  965.187808,   13.913918,    0.674812
2012-07-18 00:00:00,  945.996240,   13.911433,    0.674601
2012-07-19 00:00:00,  928.101083,   13.967622,    0.677855
2012-07-20 00:00:00,  910.456801,   13.964778,    0.677640
2012-07-21 00:00:00,  892.676005,   13.962888,    0.677400
2012-07-22 00:00:00,  874.168223,   13.960922,    0.677158
2012-07-23 00:00:00,  876.800741,   13.958163,    0.676938
2012-07-24 00:00:00,  854.581872,   14.072806,    0.671572
2012-07-25 00:00:00,  841.086314,   14.032760,    0.671412
2012-07-26 00:00:00,  825.965116,   13.942641,    0.671190
2012-07-27 00:00:00,  809.981727,   13.792593,    0.662179
2012-07-28 00:00:00,  792.124782,   13.791395,    0.662068
2012-07-29 00:00:00,  771.214046,   13.790976,    0.661962
2012-07-30 00:00:00,  746.941363,   13.827212,    0.664091
2012-07-31 00:00:00,  878.297498,   13.871820,    0.666731
2012-08-01 00:00:00,  918.823260,   13.873113,    0.666743
2012-08-02 00:00:00,  941.464265,   13.873480,    0.666755
2012-08-03 00:00:00,  948.953555,   14.010726,    0.674928
2012-08-04 00:00:00, 1009.572661,   14.011567,    0.674921
2012-08-05 00:00:00,  986.856095,   14.012387,    0.674918
2012-08-06 00:00:00,  999.494151,   14.013242,    0.674918
2012-08-07 00:00:00, 1282.990607,   13.702588,    0.656412
2012-08-08 00:00:00, 1530.699512,   13.706636,    0.656598
2012-08-09 00:00:00, 1494.291161,   13.710000,    0.656778
2012-08-10 00:00:00, 1459.059702,   13.713505,    0.656966
2012-08-11 00:00:00, 1428.398302,   13.717631,    0.657151
2012-08-12 00:00:00, 1757.870996,   13.721750,    0.657335
2012-08-13 00:00:00, 1711.921764,   13.726013,    0.657529
2012-08-14 00:00:00, 1702.265713,   13.730123,    0.657713
2012-08-15 00:00:00, 1663.670993,   13.734923,    0.657988
2012-08-16 00:00:00, 1624.138300,   13.740362,    0.658260
2012-08-17 00:00:00, 1588.106161,   13.744916,    0.658514
2012-08-18 00:00:00, 1552.050139,   13.749553,    0.658773
2012-08-19 00:00:00, 1519.630046,   13.754768,    0.659028
2012-08-20 00:00:00, 1531.400433,   13.759938,    0.659283
2012-08-21 00:00:00, 1501.601099,   13.765237,    0.659546
2012-08-22 00:00:00, 1457.372184,   13.770500,    0.659809
2012-08-23 00:00:00, 1425.550002,   13.775740,    0.660073
2012-08-24 00:00:00, 1395.459527,   13.781113,    0.660347
2012-08-25 00:00:00, 1364.399813,   13.787078,    0.660624
2012-08-26 00:00:00, 1333.487249,   13.793041,    0.660902
2012-08-27 00:00:00, 1306.776504,   13.798528,    0.661192
2012-08-28 00:00:00, 1272.693331,   13.804604,    0.661484
2012-08-29 00:00:00, 1242.757142,   13.810670,    0.661778
2012-08-30 00:00:00, 1215.389918,   13.816109,    0.662076
2012-08-31 00:00:00, 1233.244480,   13.865405,    0.664952
2012-09-01 00:00:00, 1200.252938,   13.871347,    0.665234
2012-09-02 00:00:00, 1171.095716,   13.877287,    0.665518
2012-09-03 00:00:00, 1235.510656,   13.884217,    0.665843
2012-09-04 00:00:00, 1687.364692,   13.890463,    0.666172
2012-09-05 00:00:00, 2084.080902,   13.896701,    0.666506
2012-09-06 00:00:00, 2026.533860,   13.903586,    0.666844
2012-09-07 00:00:00, 1967.833888,   13.910479,    0.667187
2012-09-08 00:00:00, 1910.182795,   13.917538,    0.667544
2012-09-09 00:00:00, 1858.942040,   13.924593,    0.667907
2012-09-10 00:00:00, 1818.943613,   13.931642,    0.668274
2012-09-11 00:00:00, 1773.427455,   13.938842,    0.668656
2012-09-12 00:00:00, 1716.407277,   13.946709,    0.669044
2012-09-13 00:00:00, 1664.468782,   13.954588,    0.669437
2012-09-14 00:00:00, 1615.788184,   13.961969,    0.669845
2012-09-15 00:00:00, 1567.003998,   13.970017,    0.670258
2012-09-16 00:00:00, 1515.860457,   13.978072,    0.670678
2012-09-17 00:00:00, 1475.593567,   13.986131,    0.671103
2012-09-18 00:00:00, 1640.870245,   13.994188,    0.671534
2012-09-19 00:00:00, 1595.842645,   14.002413,    0.671980
2012-09-20 00:00:00, 1532.767385,   14.010645,    0.672433
2012-09-21 00:00:00, 1506.878526,   14.019050,    0.672901
2012-09-22 00:00:00, 1469.910336,   14.028127,    0.673376
2012-09-23 00:00:00, 1427.953167,   14.037227,    0.673857
2012-09-24 00:00:00, 1390.462418,   14.045672,    0.674344
2012-09-25 00:00:00, 1446.276158,   14.054117,    0.674837
2012-09-26 00:00:00, 1450.111235,   14.063413,    0.675347
2012-09-27 00:00:00, 1461.891276,   14.072722,    0.675863
2012-09-28 00:00:00, 1424.474720,   14.082055,    0.676386
2012-09-29 00:00:00, 1386.961319,   14.091417,    0.676915
2012-09-30 00:00:00, 1349.001279,   14.101650,    0.677461
2012-10-01 00:00:00, 1296.020710,   14.112940,    0.678085
2012-10-02 00:00:00, 1264.109248,   14.123590,    0.678718
2012-10-03 00:00:00, 1213.247067,   14.133402,    0.679298
2012-10-04 00:00:00, 1181.972166,   14.143935,    0.679885
2012-10-05 00:00:00, 1138.388987,   14.154499,    0.680479
2012-10-06 00:00:00, 1096.376781,   14.164412,    0.681080
2012-10-07 00:00:00, 1059.446216,   14.175039,    0.681688
2012-10-08 00:00:00, 1020.638680,   14.185693,    0.682303
2012-10-09 00:00:00,  983.893874,   14.196556,    0.682935
2012-10-10 00:00:00,  936.283640,   14.208152,    0.683574
2012-10-11 00:00:00,  881.817086,   14.219095,    0.684220
2012-10-12 00:00:00,  851.758017,   14.230069,    0.684874
2012-10-13 00:00:00,  830.583041,   14.241769,    0.685534
2012-10-14 00:00:00,  791.477205,   14.252976,    0.686212
2012-10-15 00:00:00,  767.515152,   14.264219,    0.686896
2012-10-16 00:00:00,  743.284325,   14.276203,    0.687588
2012-10-17 00:00:00,  715.522065,   14.288242,    0.688287
2012-10-18 00:00:00,  694.618441,   14.300340,    0.688993
2012-10-19 00:00:00,  669.238251,   14.312483,    0.689706
2012-10-20 00:00:00,  642.259509,   14.324122,    0.690436
2012-10-21 00:00:00,  616.999917,   14.335809,    0.691173
2012-10-22 00:00:00,  592.491535,   14.348249,    0.691918
2012-10-23 00:00:00,  551.561749,   14.360723,    0.692669
2012-10-24 00:00:00,  520.582542,   14.373987,    0.693427
2012-10-25 00:00:00,  487.420704,   14.387489,    0.694203
2012-10-26 00:00:00,  456.316651,   14.400155,    0.694974
2012-10-27 00:00:00,  427.112180,   14.412868,    0.695752
2012-10-28 00:00:00,  407.527570,   14.425808,    0.696549
2012-10-29 00:00:00,  389.286678,   14.438792,    0.697351
2012-10-30 00:00:00,  361.381915,   14.859994,    0.724339
2012-10-31 00:00:00,  331.512236,   14.462946,    0.698341
2012-11-01 00:00:00,  310.669619,   14.970039,    0.731293
2012-11-02 00:00:00,  296.131297,   14.982387,    0.732083
2012-11-03 00:00:00,  276.577936,   14.999785,    0.733134
2012-11-04 00:00:00,  311.942696,   15.017267,    0.734198
2012-11-05 00:00:00,  313.560695,   15.033533,    0.735275
2012-11-06 00:00:00,  298.562526,   15.050145,    0.736380
2012-11-07 00:00:00,  280.840902,   15.068135,    0.737495
2012-11-08 00:00:00,  261.791180,   15.085936,    0.738600
2012-11-09 00:00:00,  248.725168,   15.104087,    0.739732
2012-11-10 00:00:00,  228.889876,   15.122304,    0.740875
2012-11-11 00:00:00,  206.772748,   15.139269,    0.742024
2012-11-12 00:00:00,  187.639303,   15.157612,    0.743179
2012-11-13 00:00:00,  169.705685,   15.176017,    0.744344
2012-11-14 00:00:00,  151.352263,   15.193154,    0.745515
2012-11-15 00:00:00,  134.613984,   15.211676,    0.746691
2012-11-16 00:00:00,  117.948106,   15.230265,    0.747874
2012-11-17 00:00:00,  103.666934,   15.248913,    0.749062
2012-11-18 00:00:00,   84.137069,   15.267622,    0.750256
2012-11-19 00:00:00,   73.255942,   15.286385,    0.751456
2012-11-20 00:00:00,   58.640941,   15.305486,    0.752680
2012-11-21 00:00:00,   46.130378,   15.324372,    0.753889
2012-11-22 00:00:00,   37.606904,   15.343315,    0.755103
2012-11-23 00:00:00,   27.928333,   15.360966,    0.756320
2012-11-24 00:00:00,   17.707784,   15.379985,    0.757540
2012-11-25 00:00:00,    9.615638,   15.399349,    0.758784
2012-11-26 00:00:00,    5.280231,   15.418510,    0.760012
2012-11-27 00:00:00,    0.760917,   15.437731,    0.761243
2012-11-28 00:00:00,    5.964877,   15.456977,    0.762477
2012-11-29 00:00:00,    6.510575,   15.476266,    0.763712
2012-11-30 00:00:00,    1.618789,   15.494253,    0.764951
2012-12-01 00:00:00,    0.000000,-9999.000000,-9999.000000
2012-12-02 00:00:00,    0.000000,-9999.000000,-9999.000000
2012-12-03 00:00:00,    0.000000,-9999.000000,-9999.000000
2012-12-04 00:00:00,    0.000000,-9999.000000,-9999.000000
2012-12-05 00:00:00,    0.000000,-9999.000000,-9999.000000
2012-12-06 00:00:00,    0.000000,-9999.000000,-9999.000000
2012-12-07 00:00:00,    0.000000,-9999.000000,-9999.000000
2012-12-08 00:00:00,    0.000000,-9999.000000,-9999.000000
2012-12-09 00:00:00,    0.000000,-9999.000000,-9999.000000
2012-12-10 00:00:00,    0.000000,-9999.000000,-9999.000000
2012-12-11 00:00:00,    0.000000,-9999.000000,-9999.000000
2012-12-12 00:00:00,  627.031658,   15.730248,    0.780236
2012-12-13 00:00:00, 2109.183416,   15.749997,    0.781456
2012-12-14 00:00:00, 2015.826144,   15.768379,    0.782674
2012-12-15 00:00:00, 1931.613304,   15.786816,    0.783892
2012-12-16 00:00:00, 1854.721189,   15.805298,    0.785107
2012-12-17 00:00:00, 1781.064262,   15.823817,    0.786317
2012-12-18 00:00:00, 1702.051335,   15.842086,    0.787506
2012-12-19 00:00:00, 1619.788287,   15.860369,    0.788691
2012-12-20 00:00:00, 1549.161339,   15.879008,    0.789892
2012-12-21 00:00:00, 1479.697506,   15.897398,    0.791070
2012-12-22 00:00:00, 1413.974190,   15.915815,    0.792243
2012-12-23 00:00:00, 1347.320684,   15.934274,    0.793412
2012-12-24 00:00:00, 1284.017537,   15.952489,    0.794555
2012-12-25 00:00:00, 1217.555347,   15.970744,    0.795693
2012-12-26 00:00:00, 1139.985243,   15.989039,    0.796826
2012-12-27 00:00:00, 1087.500575,   16.007373,    0.797953
2012-12-28 00:00:00, 1048.893852,   16.025746,    0.799075
2012-12-29 00:00:00, 1000.841082,   16.042711,    0.800191
2012-12-30 00:00:00,  945.504815,   16.059698,    0.801299
2012-12-31 00:00:00,  894.732361,   16.077879,    0.802381
2013-01-01 00:00:00,  849.643690,   16.092087,    0.803211
2013-01-02 00:00:00,  798.383221,   16.105136,    0.804054
2013-01-03 00:00:00,  737.866479,   16.121937,    0.805116
2013-01-04 00:00:00,  676.231710,   16.138463,    0.806150
2013-01-05 00:00:00,  637.542787,   16.155332,    0.807197
2013-01-06 00:00:00,  613.855779,   16.172234,    0.808236
2013-01-07 00:00:00,  603.251251,   16.188818,    0.809247
2013-01-08 00:00:00,  572.588275,   16.205417,    0.810249
2013-01-09 00:00:00,  517.356843,   16.220375,    0.811222
2013-01-10 00:00:00,  473.988679,   16.236799,    0.812185
2013-01-11 00:00:00,  430.727870,   16.253542,    0.813159
2013-01-12 00:00:00,  400.427703,   16.389213,    0.822802
2013-01-13 00:00:00,  381.604737,   16.405159,    0.823942
2013-01-14 00:00:00,  366.120536,   16.420864,    0.825038
2013-01-15 00:00:00,  351.698920,   16.436765,    0.826120
2013-01-16 00:00:00,  318.247509,   16.452560,    0.827173
2013-01-17 00:00:00,  268.417186,   16.467653,    0.828159
2013-01-18 00:00:00,  241.408010,   16.482739,    0.829121
2013-01-19 00:00:00,  216.073973,   16.498087,    0.830084
2013-01-20 00:00:00,  196.628203,   16.513112,    0.831006
2013-01-21 00:00:00,  169.570595,   16.526585,    0.831910
2013-01-22 00:00:00,  149.920253,   16.540035,    0.832796
2013-01-23 00:00:00,  122.893609,   16.554698,    0.833646
2013-01-24 00:00:00,   97.142194,   16.567826,    0.834478
2013-01-25 00:00:00,   79.457645,   16.580943,    0.835292
2013-01-26 00:00:00,   64.295153,   16.593760,    0.836070
2013-01-27 00:00:00,   49.226010,   16.606568,    0.836833
2013-01-28 00:00:00,   35.800260,   16.619368,    0.837580
2013-01-29 00:00:00,   23.224123,   16.630646,    0.838312
2013-01-30 00:00:00,   11.844032,   16.643437,    0.839027
2013-01-31 00:00:00,    3.858589,   16.655937,    0.839706
2013-02-01 00:00:00,    0.000000,-9999.000000,-9999.000000
2013-02-02 00:00:00,    0.000000,-9999.000000,-9999.000000
2013-02-03 00:00:00,    0.000000,-9999.000000,-9999.000000
2013-02-04 00:00:00,    0.000000,-9999.000000,-9999.000000
2013-02-05 00:00:00,    0.000000,-9999.000000,-9999.000000
2013-02-06 00:00:00,    0.000000,-9999.000000,-9999.000000
2013-02-07 00:00:00,    0.000000,-9999.000000,-9999.000000
2013-02-08 00:00:00,    0.000000,-9999.000000,-9999.000000
2013-02-09 00:00:00,    0.000000,-9999.000000,-9999.000000
2013-02-10 00:00:00,    0.000000,-9999.000000,-9999.000000
2013-02-11 00:00:00,    0.000000,-9999.000000,-9999.000000
2013-02-12 00:00:00,    0.000000,-9999.000000,-9999.000000
2013-02-13 00:00:00,    0.000000,-9999.000000,-9999.000000
2013-02-14 00:00:00,    0.000000,-9999.000000,-9999.000000
2013-02-15 00:00:00,    0.000000,-9999.000000,-9999.000000
2013-02-16 00:00:00,    0.000000,-9999.000000,-9999.000000
2013-02-17 00:00:00,    0.000000,-9999.000000,-9999.000000
2013-02-18 00:00:00,    0.000000,-9999.000000,-9999.000000
2013-02-19 00:00:00,    0.000000,-9999.000000,-9999.000000
2013-02-20 00:00:00,    0.000000,-9999.000000,-9999.000000
2013-02-21 00:00:00,    0.000000,-9999.000000,-9999.000000
2013-02-22 00:00:00,    0.000000,-9999.000000,-9999.000000
2013-02-23 00:00:00,    0.000000,-9999.000000,-9999.000000
2013-02-24 00:00:00,    0.000000,-9999.000000,-9999.000000
2013-02-25 00:00:00,    0.000000,-9999.000000,-9999.000000
2013-02-26 00:00:00,    0.000000,-9999.000000,-9999.000000
2013-02-27 00:00:00,    0.000000,-9999.000000,-9999.000000
2013-02-28 00:00:00,    0.000000,-9999.000000,-9999.000000
2013-03-01 00:00:00,    0.000000,-9999.000000,-9999.000000
2013-03-02 00:00:00,    0.000000,-9999.000000,-9999.000000
2013-03-03 00:00:00,    0.000000,-9999.000000,-9999.000000
2013-03-04 00:00:00,    0.000000,-9999.000000,-9999.000000
2013-03-05 00:00:00,    0.000000,-9999.000000,-9999.000000
2013-03-06 00:00:00,    0.000000,-9999.000000,-9999.000000
2013-03-07 00:00:00,    0.000000,-9999.000000,-9999.000000
2013-03-08 00:00:00,    0.000000,-9999.000000,-9999.000000
2013-03-09 00:00:00,    0.000000,-9999.000000,-9999.000000
2013-03-10 00:00:00,    0.000000,-9999.000000,-9999.000000
2013-03-11 00:00:00,    0.000000,-9999.000000,-9999.000000
2013-03-12 00:00:00,    0.000000,-9999.000000,-9999.000000
2013-03-13 00:00:00,    0.000000,-9999.000000,-9999.000000
2013-03-14 00:00:00,    0.000000,-9999.000000,-9999.000000
2013-03-15 00:00:00,    0.000000,-9999.000000,-9999.000000
2013-03-16 00:00:00,    0.000000,-9999.000000,-9999.000000
2013-03-17 00:00:00,    0.000000,-9999.000000,-9999.000000
2013-03-18 00:00:00,    0.000000,-9999.000000,-9999.000000
2013-03-19 00:00:00,    0.000000,-9999.000000,-9999.000000
2013-03-20 00:00:00,    0.000000,-9999.000000,-9999.000000
2013-03-21 00:00:00,    0.000000,-9999.000000,-9999.000000
2013-03-22 00:00:00,    0.000000,-9999.000000,-9999.000000
2013-03-23 00:00:00,    0.000000,-9999.000000,-9999.000000
2013-03-24 00:00:00,    0.000000,-9999.000000,-9999.000000
2013-03-25 00:00:00,    0.000000,-9999.000000,-9999.000000
2013-03-26 00:00:00,    0.000000,-9999.000000,-9999.000000
2013-03-27 00:00:00,    1.825856,   17.114889,    0.864049
2013-03-28 00:00:00,    0.328615,   17.111447,    0.863579
2013-03-29 00:00:00,    0.000000,-9999.000000,-9999.000000
2013-03-30 00:00:00,    0.000000,-9999.000000,-9999.000000
2013-03-31 00:00:00,    0.000000,-9999.000000,-9999.000000
2013-04-01 00:00:00,    0.000000,-9999.000000,-9999.000000
2013-04-02 00:00:00,    0.000000,-9999.000000,-9999.000000
2013-04-03 00:00:00,    0.000000,-9999.000000,-9999.000000
2013-04-04 00:00:00,    0.000000,-9999.000000,-9999.000000
2013-04-05 00:00:00,    0.000000,-9999.000000,-9999.000000
2013-04-06 00:00:00,    0.000000,-9999.000000,-9999.000000
2013-04-07 00:00:00,    0.000000,-9999.000000,-9999.000000
2013-04-08 00:00:00,    0.000000,-9999.000000,-9999.000000
2013-04-09 00:00:00,    0.000000,-9999.000000,-9999.000000
2013-04-10 00:00:00,    0.000000,-9999.000000,-9999.000000
2013-04-11 00:00:00,    0.000000,-9999.000000,-9999.000000
2013-04-12 00:00:00,    0.000000,-9999.000000,-9999.000000
2013-04-13 00:00:00,    0.000000,-9999.000000,-9999.000000
2013-04-14 00:00:00,    0.000000,-9999.000000,-9999.000000
2013-04-15 00:00:00,    0.000000,-9999.000000,-9999.000000
2013-04-16 00:00:00,    0.000000,-9999.000000,-9999.000000
2013-04-17 00:00:00,    0.000000,-9999.000000,-9999.000000
2013-04-18 00:00:00,    0.000000,-9999.000000,-9999.000000
2013-04-19 00:00:00,    5.160948,   17.093647,    0.859398
2013-04-20 00:00:00,    2.091674,   17.087492,    0.858719
2013-04-21 00:00:00,    1.032941,   17.079816,    0.858020
2013-04-22 00:00:00,    4.805918,   17.072335,    0.857322
2013-04-23 00:00:00,    3.748719,   17.064639,    0.856594
2013-04-24 00:00:00,    2.780195,   17.056737,    0.855834
2013-04-25 00:00:00,    2.243201,   17.047579,    0.855079
2013-04-26 00:00:00,    1.520808,   17.038433,    0.854315
2013-04-27 00:00:00,    0.961356,   17.030567,    0.853525
2013-04-28 00:00:00,    0.074106,   17.022719,    0.852727
2013-04-29 00:00:00,    0.000000,-9999.000000,-9999.000000
2013-04-30 00:00:00,    0.000000,-9999.000000,-9999.000000
2013-05-01 00:00:00,   47.411427,   16.605560,    0.820941
2013-05-02 00:00:00,   42.989526,   16.601966,    0.820618
2013-05-03 00:00:00,   40.728312,   16.600339,    0.820374
2013-05-04 00:00:00,   37.858141,   16.597779,    0.820105
2013-05-05 00:00:00,   36.076073,   16.595087,    0.819807
2013-05-06 00:00:00,   35.343884,   16.593035,    0.819476
2013-05-07 00:00:00,   76.953586,   16.590027,    0.819127
2013-05-08 00:00:00, 2721.159085,   16.587075,    0.818772
2013-05-09 00:00:00, 6055.885028,   16.584815,    0.818392
2013-05-10 00:00:00, 5901.781249,   16.581651,    0.817999
2013-05-11 00:00:00, 5727.852289,   16.578453,    0.817596
2013-05-12 00:00:00, 5575.556233,   16.575230,    0.817184
2013-05-13 00:00:00, 5427.127382,   16.571988,    0.816763
2013-05-14 00:00:00, 5275.621685,   16.569566,    0.816333
2013-05-15 00:00:00, 5132.910146,   16.616054,    0.819853
2013-05-16 00:00:00, 5172.676998,   16.612960,    0.819576
2013-05-17 00:00:00, 5027.889956,   16.609624,    0.819256
2013-05-18 00:00:00, 4903.299522,   16.606129,    0.818904
2013-05-19 00:00:00, 4776.317313,   16.602518,    0.818528
2013-05-20 00:00:00, 5073.010554,   16.598705,    0.818124
2013-05-21 00:00:00, 4943.977484,   16.595824,    0.817715
2013-05-22 00:00:00, 4819.355628,   16.592027,    0.817293
2013-05-23 00:00:00, 4686.029907,   16.588193,    0.816860
2013-05-24 00:00:00, 4559.035502,   16.584329,    0.816418
2013-05-25 00:00:00, 4435.022894,   16.580328,    0.815960
2013-05-26 00:00:00, 4465.423259,   16.576425,    0.815504
2013-05-27 00:00:00, 4350.078155,   16.573821,    0.815301
2013-05-28 00:00:00, 4261.370815,   16.571690,    0.815039
2013-05-29 00:00:00, 4201.442552,   16.568501,    0.814737
2013-05-30 00:00:00, 4582.349480,   16.565152,    0.814408
2013-05-31 00:00:00, 4459.194633,   16.689060,    0.821562
2013-06-01 00:00:00, 4341.617306,   16.127903,    0.717971
2013-06-02 00:00:00, 4228.724574,   16.035233,    0.717656
2013-06-03 00:00:00, 4122.375425,   15.917017,    0.716969
2013-06-04 00:00:00, 4025.464775,   15.773804,    0.703429
2013-06-05 00:00:00, 3969.066756,   15.882251,    0.715041
2013-06-06 00:00:00, 3874.074795,   15.895898,    0.714445
2013-06-07 00:00:00, 3780.695235,   15.888199,    0.713804
2013-06-08 00:00:00, 3689.775667,   15.838504,    0.713211
2013-06-09 00:00:00, 3622.443676,   15.604984,    0.690790
2013-06-10 00:00:00, 3535.865850,   15.866454,    0.709336
2013-06-11 00:00:00, 3448.507687,   15.960787,    0.711179
2013-06-12 00:00:00, 3348.140922,   15.754931,    0.708669
2013-06-13 00:00:00, 3254.494124,   15.633400,    0.708187
2013-06-14 00:00:00, 3164.331027,   15.527777,    0.698675
2013-06-15 00:00:00, 3084.719401,   15.476940,    0.707160
2013-06-16 00:00:00, 3038.700292,   15.466271,    0.706600
2013-06-17 00:00:00, 3115.666652,   15.358632,    0.697391
2013-06-18 00:00:00, 3203.699001,   15.434210,    0.704534
2013-06-19 00:00:00, 3121.839350,   15.373760,    0.703387
2013-06-20 00:00:00, 3045.149815,   15.306595,    0.702866
2013-06-21 00:00:00, 2958.520547,   15.254385,    0.702351
2013-06-22 00:00:00, 2870.150092,   15.163408,    0.702146
2013-06-23 00:00:00, 3013.106341,   14.932614,    0.697954
2013-06-24 00:00:00, 2931.224058,   15.024984,    0.697523
2013-06-25 00:00:00, 2856.144515,   14.973514,    0.696972
2013-06-26 00:00:00, 2788.197111,   15.016400,    0.696512
2013-06-27 00:00:00, 2722.364066,   14.999079,    0.696034
2013-06-28 00:00:00, 2659.296036,   14.985797,    0.694962
2013-06-29 00:00:00, 2596.922165,   14.980223,    0.695072
2013-06-30 00:00:00, 2535.333781,   14.954015,    0.694618
2013-07-01 00:00:00, 2475.389052,   14.909001,    0.694056
2013-07-02 00:00:00, 2412.140318,   14.802743,    0.686034
2013-07-03 00:00:00, 2400.655539,   14.798307,    0.685674
2013-07-04 00:00:00, 2354.834797,   14.835591,    0.688463
2013-07-05 00:00:00, 2298.507753,   14.815313,    0.691291
2013-07-06 00:00:00, 2234.179238,   14.701717,    0.690930
2013-07-07 00:00:00, 2179.325356,   14.519881,    0.690663
2013-07-08 00:00:00, 2128.444694,   14.402989,    0.690317
2013-07-09 00:00:00, 2290.232619,   14.429924,    0.686203
2013-07-10 00:00:00, 3407.796908,   14.328202,    0.685793
2013-07-11 00:00:00, 4537.733025,   14.184511,    0.676585
2013-07-12 00:00:00, 4426.883749,   14.181367,    0.676308
2013-07-13 00:00:00, 4371.480002,   14.178426,    0.676049
2013-07-14 00:00:00, 4268.865256,   14.175261,    0.675782
2013-07-15 00:00:00, 4204.554398,   14.172006,    0.675521
2013-07-16 00:00:00, 4162.578730,   14.168967,    0.675277
2013-07-17 00:00:00, 4072.194121,   14.205602,    0.677564
2013-07-18 00:00:00, 3974.381004,   14.307145,    0.683972
2013-07-19 00:00:00, 3873.925512,   14.196074,    0.672839
2013-07-20 00:00:00, 3774.197103,   14.112254,    0.672700
2013-07-21 00:00:00, 3680.070577,   14.041180,    0.672566
2013-07-22 00:00:00, 3576.924921,   14.004555,    0.672609
2013-07-23 00:00:00, 3819.712230,   13.974082,    0.666846
2013-07-24 00:00:00, 4142.894882,   13.896151,    0.663430
2013-07-25 00:00:00, 4262.166928,   13.870354,    0.661797
2013-07-26 00:00:00, 4770.660806,   13.729694,    0.652730
2013-07-27 00:00:00, 4857.981085,   14.044354,    0.648413
2013-07-28 00:00:00, 4735.187922,   13.992062,    0.648238
2013-07-29 00:00:00, 4664.546090,   14.071653,    0.647468
2013-07-30 00:00:00, 4555.394283,   14.067668,    0.647184
2013-07-31 00:00:00, 4488.296318,   14.273728,    0.646454
2013-08-01 00:00:00, 4404.418813,   14.181069,    0.639447
2013-08-02 00:00:00, 4298.650975,   14.180762,    0.639438
2013-08-03 00:00:00, 4194.309471,   14.179444,    0.639380
2013-08-04 00:00:00, 4092.746828,   14.179148,    0.639339
2013-08-05 00:00:00, 4047.272754,   14.214541,    0.641991
2013-08-06 00:00:00, 4217.467546,   14.214118,    0.641960
2013-08-07 00:00:00, 4585.741634,   14.214663,    0.641948
2013-08-08 00:00:00, 4489.411557,   14.215174,    0.641940
2013-08-09 00:00:00, 4408.879672,   14.214856,    0.641938
2013-08-10 00:00:00, 4465.410624,   14.214758,    0.641956
2013-08-11 00:00:00, 4433.662241,   14.215477,    0.641979
2013-08-12 00:00:00, 4306.207767,   14.216221,    0.642007
2013-08-13 00:00:00, 4344.665212,   14.217345,    0.642083
2013-08-14 00:00:00, 4225.019853,   14.217913,    0.642101
2013-08-15 00:00:00, 4255.336998,   14.219017,    0.642189
2013-08-16 00:00:00, 4211.497497,   14.221080,    0.642294
2013-08-17 00:00:00, 4098.965821,   14.222113,    0.642388
2013-08-18 00:00:00, 3998.753378,   14.223338,    0.642500
2013-08-19 00:00:00, 3902.731268,   14.225351,    0.642617
2013-08-20 00:00:00, 3814.645528,   14.227363,    0.642739
2013-08-21 00:00:00, 3733.894807,   14.229568,    0.642880
2013-08-22 00:00:00, 3642.407108,   14.231807,    0.643026
2013-08-23 00:00:00, 3553.059663,   14.234020,    0.643179
2013-08-24 00:00:00, 3465.096314,   14.274675,    0.646243
2013-08-25 00:00:00, 3538.557350,   14.239746,    0.643535
2013-08-26 00:00:00, 3584.112058,   14.281182,    0.646610
2013-08-27 00:00:00, 3683.728928,   14.283880,    0.646846
2013-08-28 00:00:00, 4341.210073,   14.287429,    0.647084
2013-08-29 00:00:00, 4889.274618,   14.290997,    0.647327
2013-08-30 00:00:00, 4790.179088,   14.293648,    0.647574
2013-08-31 00:00:00, 4705.252740,   14.297365,    0.647841
2013-09-01 00:00:00, 4584.261781,   14.300887,    0.648076
2013-09-02 00:00:00, 4473.695044,   14.304410,    0.648313
2013-09-03 00:00:00, 4401.655903,   14.309199,    0.648608
2013-09-04 00:00:00, 4260.266398,   14.313088,    0.648909
2013-09-05 00:00:00, 4141.712445,   14.317038,    0.649216
2013-09-06 00:00:00, 4028.268878,   14.322189,    0.649576
2013-09-07 00:00:00, 3927.890954,   14.327294,    0.649936
2013-09-08 00:00:00, 3833.998273,   14.332517,    0.650311
2013-09-09 00:00:00, 3736.049757,   14.337740,    0.650690
2013-09-10 00:00:00, 3640.843552,   14.342968,    0.651073
2013-09-11 00:00:00, 3875.021612,   14.348336,    0.651476
2013-09-12 00:00:00, 3776.180331,   14.354601,    0.651884
2013-09-13 00:00:00, 3714.216211,   14.360879,    0.652299
2013-09-14 00:00:00, 6263.809327,   14.366460,    0.652734
2013-09-15 00:00:00, 8456.716665,   14.372922,    0.653175
2013-09-16 00:00:00, 8495.155410,   14.379454,    0.653623
2013-09-17 00:00:00, 8225.805681,   14.385958,    0.654078
2013-09-18 00:00:00, 8053.458544,   14.392504,    0.654540
2013-09-19 00:00:00, 7804.209954,   14.399259,    0.655023
2013-09-20 00:00:00, 7603.023405,   14.406024,    0.655514
2013-09-21 00:00:00, 7378.266651,   14.459671,    0.659575
2013-09-22 00:00:00, 7400.400854,   14.468209,    0.660165
2013-09-23 00:00:00, 7223.159212,   14.476722,    0.660757
2013-09-24 00:00:00, 7070.978837,   14.484240,    0.661351
2013-09-25 00:00:00, 6835.609063,   14.491762,    0.661949
2013-09-26 00:00:00, 6668.233805,   14.500518,    0.662568
2013-09-27 00:00:00, 6471.717492,   14.509285,    0.663191
2013-09-28 00:00:00, 6268.914758,   14.518110,    0.663821
2013-09-29 00:00:00, 6517.810046,   14.578299,    0.668366
2013-09-30 00:00:00, 7119.883559,   14.589056,    0.669103
2013-10-01 00:00:00, 7594.902638,   14.601343,    0.669953
2013-10-02 00:00:00, 7366.383160,   14.612576,    0.670808
2013-10-03 00:00:00, 7136.939439,   14.622554,    0.671573
2013-10-04 00:00:00, 6926.193590,   14.633631,    0.672342
2013-10-05 00:00:00, 6828.996593,   14.644727,    0.673117
2013-10-06 00:00:00, 6603.807498,   14.654789,    0.673896
2013-10-07 00:00:00, 6392.921011,   14.666471,    0.674760
2013-10-08 00:00:00, 6218.877051,   14.678075,    0.675617
2013-10-09 00:00:00, 6209.306524,   14.689867,    0.676489
2013-10-10 00:00:00, 6017.236125,   14.702756,    0.677361
2013-10-11 00:00:00, 5806.531772,   14.714591,    0.678236
2013-10-12 00:00:00, 5603.335215,   14.726428,    0.679115
2013-10-13 00:00:00, 5421.619160,   14.739412,    0.679999
2013-10-14 00:00:00, 5252.949992,   14.751583,    0.680905
2013-10-15 00:00:00, 5103.557346,   14.763798,    0.681816
2013-10-16 00:00:00, 4962.164189,   14.777137,    0.682733
2013-10-17 00:00:00, 4823.211005,   14.790534,    0.683656
2013-10-18 00:00:00, 4681.546133,   14.804003,    0.684584
2013-10-19 00:00:00, 4740.654718,   14.817520,    0.685519
2013-10-20 00:00:00, 4824.776234,   14.899056,    0.691739
2013-10-21 00:00:00, 4675.763329,   14.912732,    0.692832
2013-10-22 00:00:00, 4523.961642,   14.927578,    0.693919
2013-10-23 00:00:00, 4354.809752,   14.942415,    0.695005
2013-10-24 00:00:00, 4189.005696,   14.958472,    0.696090
2013-10-25 00:00:00, 4075.392318,   14.974808,    0.697195
2013-10-26 00:00:00, 3958.737201,   14.989718,    0.698285
2013-10-27 00:00:00, 3839.713652,   15.004666,    0.699378
2013-10-28 00:00:00, 3711.398407,   15.019910,    0.700495
2013-10-29 00:00:00, 3586.022842,   15.035200,    0.701615
2013-10-30 00:00:00, 3475.289387,   15.050538,    0.702740
2013-10-31 00:00:00, 3357.604494,   15.067154,    0.703870
2013-11-01 00:00:00, 3220.304006,   15.080330,    0.704760
2013-11-02 00:00:00, 3086.426893,   15.092325,    0.705652
2013-11-03 00:00:00, 2963.744728,   15.109056,    0.706791
2013-11-04 00:00:00, 2858.229520,   15.125856,    0.707934
2013-11-05 00:00:00, 2741.338720,   15.141470,    0.709083
2013-11-06 00:00:00, 2639.533728,   15.157383,    0.710256
2013-11-07 00:00:00, 2543.138734,   15.174600,    0.711433
2013-11-08 00:00:00, 2440.735814,   15.191646,    0.712596
2013-11-09 00:00:00, 2349.859191,   15.209018,    0.713782
2013-11-10 00:00:00, 2255.633845,   15.226459,    0.714975
2013-11-11 00:00:00, 2171.445892,   15.242707,    0.716171
2013-11-12 00:00:00, 2057.602524,   15.260266,    0.717371
2013-11-13 00:00:00, 1953.533054,   15.277897,    0.718577
2013-11-14 00:00:00, 1865.585946,   15.294326,    0.719788
2013-11-15 00:00:00, 1770.618649,   15.313085,    0.721173
2013-11-16 00:00:00, 1698.255334,   15.331669,    0.722529
2013-11-17 00:00:00, 1644.998839,   15.350164,    0.723867
2013-11-18 00:00:00, 1550.477207,   15.368611,    0.725194
2013-11-19 00:00:00, 1459.952175,   14.925379,    0.691437
2013-11-20 00:00:00, 1377.788191,   15.494798,    0.734611
2013-11-21 00:00:00, 1313.408071,   15.513833,    0.735962
2013-11-22 00:00:00, 1263.109216,   15.532889,    0.737311
2013-11-23 00:00:00, 1217.886988,   15.550578,    0.738659
2013-11-24 00:00:00, 1157.977998,   15.569692,    0.740004
2013-11-25 00:00:00, 1101.472500,   15.589099,    0.741369
2013-11-26 00:00:00, 1047.297716,   15.608288,    0.742714
2013-11-27 00:00:00,  992.298361,   15.627522,    0.744057
2013-11-28 00:00:00,  938.377416,   15.646800,    0.745399
2013-11-29 00:00:00,  890.167111,   15.666122,    0.746741
2013-11-30 00:00:00,  846.418364,   15.684049,    0.748082
2013-12-01 00:00:00,  810.233569,   15.705965,    0.749666
2013-12-02 00:00:00,  765.080705,   15.729364,    0.751249
2013-12-03 00:00:00,  699.533435,   15.748615,    0.752567
2013-12-04 00:00:00,  658.604950,   15.766783,    0.753906
2013-12-05 00:00:00,  616.798681,   15.786406,    0.755243
2013-12-06 00:00:00,  580.988811,   15.805789,    0.756557
2013-12-07 00:00:00,  533.900865,   15.824071,    0.757892
2013-12-08 00:00:00,  487.292222,   15.843821,    0.759222
2013-12-09 00:00:00,  452.175159,   15.863336,    0.760530
2013-12-10 00:00:00,  414.501559,   15.881472,    0.761835
2013-12-11 00:00:00,  380.783568,   15.899641,    0.763137
2013-12-12 00:00:00,  352.724103,   15.919278,    0.764436
2013-12-13 00:00:00,  326.716657,   15.938961,    0.765730
2013-12-14 00:00:00,  301.827495,   15.957254,    0.767020
2013-12-15 00:00:00,  281.461838,   15.975580,    0.768310
2013-12-16 00:00:00,  257.322766,   15.993942,    0.769594
2013-12-17 00:00:00,  238.726849,   16.012329,    0.770873
2013-12-18 00:00:00,  201.520051,   16.030448,    0.772126
2013-12-19 00:00:00,  173.219719,   16.048602,    0.773375
2013-12-20 00:00:00,  146.028739,   16.067076,    0.774640
2013-12-21 00:00:00,  124.576226,   16.085316,    0.775880
2013-12-22 00:00:00,  105.970045,   16.103600,    0.777112
2013-12-23 00:00:00,   92.093883,   16.121913,    0.778340
2013-12-24 00:00:00,   78.441854,   16.139985,    0.779539
2013-12-25 00:00:00,   62.693345,   16.158086,    0.780732
2013-12-26 00:00:00,   49.619083,   16.176223,    0.781918
2013-12-27 00:00:00,   38.401043,   16.194395,    0.783097
2013-12-28 00:00:00,   24.972614,   16.212580,    0.784271
2013-12-29 00:00:00,   11.466342,   16.229363,    0.785437
2013-12-30 00:00:00,    5.010810,   16.246169,    0.786594
2013-12-31 00:00:00,    0.249929,   16.264178,    0.787722
2014-01-01 00:00:00,    0.000000,-9999.000000,-9999.000000
2014-01-02 00:00:00,    0.000000,-9999.000000,-9999.000000
2014-01-03 00:00:00,    0.000000,-9999.000000,-9999.000000
2014-01-04 00:00:00,    0.000000,-9999.000000,-9999.000000
2014-01-05 00:00:00,    0.000000,-9999.000000,-9999.000000
2014-01-06 00:00:00,    0.000000,-9999.000000,-9999.000000
2014-01-07 00:00:00,    0.000000,-9999.000000,-9999.000000
2014-01-08 00:00:00,    0.000000,-9999.000000,-9999.000000
2014-01-09 00:00:00,    0.000000,-9999.000000,-9999.000000
2014-01-10 00:00:00,    0.000000,-9999.000000,-9999.000000
2014-01-11 00:00:00,    0.000000,-9999.000000,-9999.000000
2014-01-12 00:00:00,    0.000000,-9999.000000,-9999.000000
2014-01-13 00:00:00,    0.000000,-9999.000000,-9999.000000
2014-01-14 00:00:00,    0.000000,-9999.000000,-9999.000000
2014-01-15 00:00:00,    0.000000,-9999.000000,-9999.000000
2014-01-16 00:00:00,    0.000000,-9999.000000,-9999.000000
2014-01-17 00:00:00,    0.000000,-9999.000000,-9999.000000
2014-01-18 00:00:00,    0.000000,-9999.000000,-9999.000000
2014-01-19 00:00:00,    0.000000,-9999.000000,-9999.000000
2014-01-20 00:00:00,    0.000000,-9999.000000,-9999.000000
2014-01-21 00:00:00,    0.000000,-9999.000000,-9999.000000
2014-01-22 00:00:00,    0.000000,-9999.000000,-9999.000000
2014-01-23 00:00:00,    0.000000,-9999.000000,-9999.000000
2014-01-24 00:00:00,    0.000000,-9999.000000,-9999.000000
2014-01-25 00:00:00,    0.000000,-9999.000000,-9999.000000
2014-01-26 00:00:00,    0.000000,-9999.000000,-9999.000000
2014-01-27 00:00:00,    0.000000,-9999.000000,-9999.000000
2014-01-28 00:00:00,    0.000000,-9999.000000,-9999.000000
2014-01-29 00:00:00,    0.000000,-9999.000000,-9999.000000
2014-01-30 00:00:00,    0.000000,-9999.000000,-9999.000000
2014-01-31 00:00:00,    0.000000,-9999.000000,-9999.000000
2014-02-01 00:00:00,    0.000000,-9999.000000,-9999.000000
2014-02-02 00:00:00,    0.000000,-9999.000000,-9999.000000
2014-02-03 00:00:00,    0.000000,-9999.000000,-9999.000000
2014-02-04 00:00:00,    0.000000,-9999.000000,-9999.000000
2014-02-05 00:00:00,    0.000000,-9999.000000,-9999.000000
2014-02-06 00:00:00,    0.000000,-9999.000000,-9999.000000
2014-02-07 00:00:00,    0.000000,-9999.000000,-9999.000000
2014-02-08 00:00:00,    0.000000,-9999.000000,-9999.000000
2014-02-09 00:00:00,    0.000000,-9999.000000,-9999.000000
2014-02-10 00:00:00,    0.000000,-9999.000000,-9999.000000
2014-02-11 00:00:00,    0.000000,-9999.000000,-9999.000000
2014-02-12 00:00:00,    0.000000,-9999.000000,-9999.000000
2014-02-13 00:00:00,    0.000000,-9999.000000,-9999.000000
2014-02-14 00:00:00,    0.000000,-9999.000000,-9999.000000
2014-02-15 00:00:00,    0.000000,-9999.000000,-9999.000000
2014-02-16 00:00:00,    0.000000,-9999.000000,-9999.000000
2014-02-17 00:00:00,    0.000000,-9999.000000,-9999.000000
2014-02-18 00:00:00,    0.000000,-9999.000000,-9999.000000
2014-02-19 00:00:00,    0.000000,-9999.000000,-9999.000000
2014-02-20 00:00:00,    0.000000,-9999.000000,-9999.000000
2014-02-21 00:00:00,    0.000000,-9999.000000,-9999.000000
2014-02-22 00:00:00,    0.000000,-9999.000000,-9999.000000
2014-02-23 00:00:00,    0.000000,-9999.000000,-9999.000000
2014-02-24 00:00:00,    0.000000,-9999.000000,-9999.000000
2014-02-25 00:00:00,    0.000000,-9999.000000,-9999.000000
2014-02-26 00:00:00,    0.000000,-9999.000000,-9999.000000
2014-02-27 00:00:00,    0.000000,-9999.000000,-9999.000000
2014-02-28 00:00:00,    0.000000,-9999.000000,-9999.000000
2014-03-01 00:00:00,    0.000000,-9999.000000,-9999.000000
2014-03-02 00:00:00,    0.000000,-9999.000000,-9999.000000
2014-03-03 00:00:00,    0.000000,-9999.000000,-9999.000000
2014-03-04 00:00:00,    0.000000,-9999.000000,-9999.000000
2014-03-05 00:00:00,    0.000000,-9999.000000,-9999.000000
2014-03-06 00:00:00,    0.000000,-9999.000000,-9999.000000
2014-03-07 00:00:00,    0.000000,-9999.000000,-9999.000000
2014-03-08 00:00:00,    0.000000,-9999.000000,-9999.000000
2014-03-09 00:00:00,    0.000000,-9999.000000,-9999.000000
2014-03-10 00:00:00,    0.000000,-9999.000000,-9999.000000
2014-03-11 00:00:00,    0.000000,-9999.000000,-9999.000000
2014-03-12 00:00:00,    0.000000,-9999.000000,-9999.000000
2014-03-13 00:00:00,    0.000000,-9999.000000,-9999.000000
2014-03-14 00:00:00,    0.000000,-9999.000000,-9999.000000
2014-03-15 00:00:00,    0.000000,-9999.000000,-9999.000000
2014-03-16 00:00:00,    0.000000,-9999.000000,-9999.000000
2014-03-17 00:00:00,    0.000000,-9999.000000,-9999.000000
2014-03-18 00:00:00,    0.000000,-9999.000000,-9999.000000
2014-03-19 00:00:00,    0.000000,-9999.000000,-9999.000000
2014-03-20 00:00:00,    0.000000,-9999.000000,-9999.000000
2014-03-21 00:00:00,    0.000000,-9999.000000,-9999.000000
2014-03-22 00:00:00,    0.000000,-9999.000000,-9999.000000
2014-03-23 00:00:00,    0.000000,-9999.000000,-9999.000000
2014-03-24 00:00:00,    0.000000,-9999.000000,-9999.000000
2014-03-25 00:00:00,    0.000000,-9999.000000,-9999.000000
2014-03-26 00:00:00,    0.000000,-9999.000000,-9999.000000
2014-03-27 00:00:00,    0.000000,-9999.000000,-9999.000000
2014-03-28 00:00:00,    0.000000,-9999.000000,-9999.000000
2014-03-29 00:00:00,    0.000000,-9999.000000,-9999.000000
2014-03-30 00:00:00,    0.000000,-9999.000000,-9999.000000
2014-03-31 00:00:00,    0.000000,-9999.000000,-9999.000000
2014-04-01 00:00:00,    0.000000,-9999.000000,-9999.000000
2014-04-02 00:00:00,    0.000000,-9999.000000,-9999.000000
2014-04-03 00:00:00,    0.000000,-9999.000000,-9999.000000
2014-04-04 00:00:00,    0.000000,-9999.000000,-9999.000000
2014-04-05 00:00:00,    0.000000,-9999.000000,-9999.000000
2014-04-06 00:00:00,    0.000000,-9999.000000,-9999.000000
2014-04-07 00:00:00,    0.000000,-9999.000000,-9999.000000
2014-04-08 00:00:00,    0.000000,-9999.000000,-9999.000000
2014-04-09 00:00:00,    0.000000,-9999.000000,-9999.000000
2014-04-10 00:00:00,    0.000000,-9999.000000,-9999.000000
2014-04-11 00:00:00,    0.000000,-9999.000000,-9999.000000
2014-04-12 00:00:00,    0.000000,-9999.000000,-9999.000000
2014-04-13 00:00:00,    0.000000,-9999.000000,-9999.000000
2014-04-14 00:00:00,    0.000000,-9999.000000,-9999.000000
2014-04-15 00:00:00,    0.000000,-9999.000000,-9999.000000
2014-04-16 00:00:00,    0.000000,-9999.000000,-9999.000000
2014-04-17 00:00:00,    0.000000,-9999.000000,-9999.000000
2014-04-18 00:00:00,    0.000000,-9999.000000,-9999.000000
2014-04-19 00:00:00,    0.000000,-9999.000000,-9999.000000
2014-04-20 00:00:00,    0.000000,-9999.000000,-9999.000000
2014-04-21 00:00:00,    0.000000,-9999.000000,-9999.000000
2014-04-22 00:00:00,    0.000000,-9999.000000,-9999.000000
2014-04-23 00:00:00,    0.000000,-9999.000000,-9999.000000
2014-04-24 00:00:00,    0.000000,-9999.000000,-9999.000000
2014-04-25 00:00:00,    0.000000,-9999.000000,-9999.000000
2014-04-26 00:00:00,    0.000000,-9999.000000,-9999.000000
2014-04-27 00:00:00,    0.000000,-9999.000000,-9999.000000
2014-04-28 00:00:00,    0.000000,-9999.000000,-9999.000000
2014-04-29 00:00:00,    0.000000,-9999.000000,-9999.000000
2014-04-30 00:00:00,    0.000000,-9999.000000,-9999.000000
2014-05-01 00:00:00,    0.000000,-9999.000000,-9999.000000
2014-05-02 00:00:00,    0.000000,-9999.000000,-9999.000000
2014-05-03 00:00:00,    0.000000,-9999.000000,-9999.000000
2014-05-04 00:00:00,    0.000000,-9999.000000,-9999.000000
2014-05-05 00:00:00,    0.000000,-9999.000000,-9999.000000
2014-05-06 00:00:00,    0.000000,-9999.000000,-9999.000000
2014-05-07 00:00:00,    0.000000,-9999.000000,-9999.000000
2014-05-08 00:00:00,    0.000000,-9999.000000,-9999.000000
2014-05-09 00:00:00,    0.000000,-9999.000000,-9999.000000
2014-05-10 00:00:00,    0.000000,-9999.000000,-9999.000000
2014-05-11 00:00:00,    0.000000,-9999.000000,-9999.000000
2014-05-12 00:00:00,    0.000000,-9999.000000,-9999.000000
2014-05-13 00:00:00,    0.000000,-9999.000000,-9999.000000
2014-05-14 00:00:00,    0.000000,-9999.000000,-9999.000000
2014-05-15 00:00:00,    0.000000,-9999.000000,-9999.000000
2014-05-16 00:00:00,    0.000000,-9999.000000,-9999.000000
2014-05-17 00:00:00,    0.000000,-9999.000000,-9999.000000
2014-05-18 00:00:00,    0.000000,-9999.000000,-9999.000000
2014-05-19 00:00:00,    0.000000,-9999.000000,-9999.000000
2014-05-20 00:00:00,    0.000000,-9999.000000,-9999.000000
2014-05-21 00:00:00,    0.000000,-9999.000000,-9999.000000
2014-05-22 00:00:00,    0.000000,-9999.000000,-9999.000000
2014-05-23 00:00:00,    0.000000,-9999.000000,-9999.000000
2014-05-24 00:00:00,    0.000000,-9999.000000,-9999.000000
2014-05-25 00:00:00,    0.000000,-9999.000000,-9999.000000
2014-05-26 00:00:00,    0.000000,-9999.000000,-9999.000000
2014-05-27 00:00:00,    0.000000,-9999.000000,-9999.000000
2014-05-28 00:00:00,    0.000000,-9999.000000,-9999.000000
2014-05-29 00:00:00,    0.000000,-9999.000000,-9999.000000
2014-05-30 00:00:00,    0.000000,-9999.000000,-9999.000000
2014-05-31 00:00:00,    0.000000,-9999.000000,-9999.000000
2014-06-01 00:00:00,    0.000000,-9999.000000,-9999.000000
2014-06-02 00:00:00,    0.000000,-9999.000000,-9999.000000
2014-06-03 00:00:00,    0.000000,-9999.000000,-9999.000000
2014-06-04 00:00:00,    0.000000,-9999.000000,-9999.000000
2014-06-05 00:00:00,    0.000000,-9999.000000,-9999.000000
2014-06-06 00:00:00,    0.000000,-9999.000000,-9999.000000
2014-06-07 00:00:00,    0.000000,-9999.000000,-9999.000000
2014-06-08 00:00:00,    0.000000,-9999.000000,-9999.000000
2014-06-09 00:00:00,    0.000000,-9999.000000,-9999.000000
2014-06-10 00:00:00,    0.000000,-9999.000000,-9999.000000
2014-06-11 00:00:00,    0.000000,-9999.000000,-9999.000000
2014-06-12 00:00:00,    0.000000,-9999.000000,-9999.000000
2014-06-13 00:00:00,    0.000000,-9999.000000,-9999.000000
2014-06-14 00:00:00,    0.000000,-9999.000000,-9999.000000
2014-06-15 00:00:00,    0.000000,-9999.000000,-9999.000000
2014-06-16 00:00:00,    0.000000,-9999.000000,-9999.000000
2014-06-17 00:00:00,    0.000000,-9999.000000,-9999.000000
2014-06-18 00:00:00,  854.438494,   15.279675,    0.689167
2014-06-19 00:00:00, 2943.623354,   15.403633,    0.698714
2014-06-20 00:00:00, 2892.470264,   15.410792,    0.699346
2014-06-21 00:00:00, 3260.566300,   15.343270,    0.682097
2014-06-22 00:00:00, 3186.658994,   15.051655,    0.681317
2014-06-23 00:00:00, 3104.791533,   14.898642,    0.680744
2014-06-24 00:00:00, 3029.128421,   14.857814,    0.680251
2014-06-25 00:00:00, 2952.803975,   14.782395,    0.679751
2014-06-26 00:00:00, 2880.935595,   14.885326,    0.679222
2014-06-27 00:00:00, 2804.703817,   14.711558,    0.678716
2014-06-28 00:00:00, 2734.190066,   14.648321,    0.678276
2014-06-29 00:00:00, 2657.260642,   14.394707,    0.677985
2014-06-30 00:00:00, 2584.006277,   14.298388,    0.677618
2014-07-01 00:00:00, 2525.093050,   14.327830,    0.677003
2014-07-02 00:00:00, 3051.630775,   14.643105,    0.673254
2014-07-03 00:00:00, 3385.963993,   14.437078,    0.671490
2014-07-04 00:00:00, 3313.467733,   14.247453,    0.669893
2014-07-05 00:00:00, 3236.176779,   14.371432,    0.669159
2014-07-06 00:00:00, 3278.114145,   14.710022,    0.666816
2014-07-07 00:00:00, 3214.677841,   14.456701,    0.665926
2014-07-08 00:00:00, 3177.562659,   14.240058,    0.664719
2014-07-09 00:00:00, 3100.320371,   14.159500,    0.664323
2014-07-10 00:00:00, 3024.212010,   14.095582,    0.663981
2014-07-11 00:00:00, 2951.264359,   14.078148,    0.663607
2014-07-12 00:00:00, 2875.839187,   13.959068,    0.655715
2014-07-13 00:00:00, 2797.357241,   14.065471,    0.663010
2014-07-14 00:00:00, 2981.867196,   14.203826,    0.658712
2014-07-15 00:00:00, 2904.087451,   14.275637,    0.658438
2014-07-16 00:00:00, 2830.791747,   14.197740,    0.658118
2014-07-17 00:00:00, 2759.591375,   14.088151,    0.650477
2014-07-18 00:00:00, 2689.473808,   14.114777,    0.657665
2014-07-19 00:00:00, 2683.840989,   14.146711,    0.657477
2014-07-20 00:00:00, 2735.102761,   14.153483,    0.655693
2014-07-21 00:00:00, 2836.601110,   14.047927,    0.648230
2014-07-22 00:00:00, 3714.765360,   14.232600,    0.648754
2014-07-23 00:00:00, 4423.935528,   14.146844,    0.647539
2014-07-24 00:00:00, 4324.455898,   14.172999,    0.644682
2014-07-25 00:00:00, 4228.047626,   14.535512,    0.644437
2014-07-26 00:00:00, 4208.979316,   14.605807,    0.642966
2014-07-27 00:00:00, 4099.630771,   14.520742,    0.642799
2014-07-28 00:00:00, 3994.335706,   14.633059,    0.642742
2014-07-29 00:00:00, 3906.682874,   14.755309,    0.642503
2014-07-30 00:00:00, 3814.877235,   14.954492,    0.642331
2014-07-31 00:00:00, 3712.403990,   14.947891,    0.642224
2014-08-01 00:00:00, 3616.333860,   14.808125,    0.642315
2014-08-02 00:00:00, 3529.900516,   14.757313,    0.637579
2014-08-03 00:00:00, 3446.119821,   14.756442,    0.642330
2014-08-04 00:00:00, 3348.461396,   14.739017,    0.640773
2014-08-05 00:00:00, 3255.344582,   14.689086,    0.636179
2014-08-06 00:00:00, 3161.329231,   14.688459,    0.636142
2014-08-07 00:00:00, 3104.931518,   14.689024,    0.636151
2014-08-08 00:00:00, 3029.607842,   14.663738,    0.633746
2014-08-09 00:00:00, 2949.090091,   14.692130,    0.636423
2014-08-10 00:00:00, 2872.306604,   14.691992,    0.636468
2014-08-11 00:00:00, 2791.256069,   14.692444,    0.636490
2014-08-12 00:00:00, 2698.615892,   14.692978,    0.636528
2014-08-13 00:00:00, 2604.668883,   14.693581,    0.636587
2014-08-14 00:00:00, 2523.622108,   14.694263,    0.636658
2014-08-15 00:00:00, 2462.622341,   14.694702,    0.636707
2014-08-16 00:00:00, 2405.260846,   14.696513,    0.636821
2014-08-17 00:00:00, 2474.764098,   14.697024,    0.636880
2014-08-18 00:00:00, 2454.133194,   14.697970,    0.637007
2014-08-19 00:00:00, 2399.503699,   14.699697,    0.637136
2014-08-20 00:00:00, 2353.552193,   14.701418,    0.637269
2014-08-21 00:00:00, 2303.457917,   14.703247,    0.637419
2014-08-22 00:00:00, 2235.639463,   14.736508,    0.640505
2014-08-23 00:00:00, 2181.142033,   14.738483,    0.640686
2014-08-24 00:00:00, 2125.287630,   14.740576,    0.640885
2014-08-25 00:00:00, 2073.233887,   14.743565,    0.641089
2014-08-26 00:00:00, 2019.726510,   14.746760,    0.641328
2014-08-27 00:00:00, 1971.397739,   14.749147,    0.641583
2014-08-28 00:00:00, 1920.367732,   14.752418,    0.641841
2014-08-29 00:00:00, 2699.942437,   14.755656,    0.642103
2014-08-30 00:00:00, 3233.260797,   14.757965,    0.642370
2014-08-31 00:00:00, 3663.234827,   14.761304,    0.642657
2014-09-01 00:00:00, 3566.453977,   14.764510,    0.642912
2014-09-02 00:00:00, 3490.171955,   14.803742,    0.646527
2014-09-03 00:00:00, 3394.485335,   14.808447,    0.646879
2014-09-04 00:00:00, 3291.572990,   14.812212,    0.647235
2014-09-05 00:00:00, 3203.693155,   14.815960,    0.647594
2014-09-06 00:00:00, 3176.446839,   14.820644,    0.647958
2014-09-07 00:00:00, 3092.193099,   14.825307,    0.648328
2014-09-08 00:00:00, 3070.631370,   14.830148,    0.648720
2014-09-09 00:00:00, 2979.439717,   14.834998,    0.649118
2014-09-10 00:00:00, 2898.468381,   14.839848,    0.649523
2014-09-11 00:00:00, 2823.813544,   14.845220,    0.649999
2014-09-12 00:00:00, 2745.835094,   14.851488,    0.650475
2014-09-13 00:00:00, 2663.728135,   14.857728,    0.650953
2014-09-14 00:00:00, 2589.404683,   14.863184,    0.651449
2014-09-15 00:00:00, 2509.629070,   14.908762,    0.655556
2014-09-16 00:00:00, 2432.149153,   14.915337,    0.656074
2014-09-17 00:00:00, 2357.975086,   14.921937,    0.656600
2014-09-18 00:00:00, 2286.110541,   14.928552,    0.657132
2014-09-19 00:00:00, 2222.794322,   14.935363,    0.657688
2014-09-20 00:00:00, 2141.967106,   14.942194,    0.658252
2014-09-21 00:00:00, 2340.296723,   14.949227,    0.658839
2014-09-22 00:00:00, 4131.099405,   14.957258,    0.659435
2014-09-23 00:00:00, 5890.412803,   14.965760,    0.660103
2014-09-24 00:00:00, 5724.307369,   14.973137,    0.660766
2014-09-25 00:00:00, 5558.282829,   14.980491,    0.661431
2014-09-26 00:00:00, 5382.054783,   14.989040,    0.662114
2014-09-27 00:00:00, 5236.019010,   14.997588,    0.662802
2014-09-28 00:00:00, 5085.105969,   15.006129,    0.663496
2014-09-29 00:00:00, 4941.884639,   15.014684,    0.664196
2014-09-30 00:00:00, 4804.823746,   15.024501,    0.664919
2014-10-01 00:00:00, 4661.618550,   15.035786,    0.665761
2014-10-02 00:00:00, 4521.213613,   15.046073,    0.666613
2014-10-03 00:00:00, 4388.501484,   15.055164,    0.667379
2014-10-04 00:00:00, 4263.637487,   15.065345,    0.668154
2014-10-05 00:00:00, 4143.031737,   15.075570,    0.668936
2014-10-06 00:00:00, 4017.713645,   15.084762,    0.669726
2014-10-07 00:00:00, 3904.695420,   15.095061,    0.670526
2014-10-08 00:00:00, 3792.037547,   15.105407,    0.671333
2014-10-09 00:00:00, 3671.024243,   15.115988,    0.672164
2014-10-10 00:00:00, 3552.137578,   15.127689,    0.673004
2014-10-11 00:00:00, 3447.765618,   15.138379,    0.673852
2014-10-12 00:00:00, 3332.722313,   15.149092,    0.674708
2014-10-13 00:00:00, 3212.133693,   15.160932,    0.675573
2014-10-14 00:00:00, 3104.593431,   15.171971,    0.676463
2014-10-15 00:00:00, 2992.521886,   15.239448,    0.682440
2014-10-16 00:00:00, 2887.965596,   15.252626,    0.683463
2014-10-17 00:00:00, 2826.800552,   15.265775,    0.684482
2014-10-18 00:00:00, 2972.744325,   15.278920,    0.685501
2014-10-19 00:00:00, 2865.417459,   15.292048,    0.686522
2014-10-20 00:00:00, 2789.570046,   15.304232,    0.687564
2014-10-21 00:00:00, 2702.298477,   15.316449,    0.688611
2014-10-22 00:00:00, 2607.956728,   15.329898,    0.689664
2014-10-23 00:00:00, 2525.224148,   15.343392,    0.690723
2014-10-24 00:00:00, 2448.001686,   15.358111,    0.691787
2014-10-25 00:00:00, 2364.653696,   15.373106,    0.692876
2014-10-26 00:00:00, 2276.899803,   15.386740,    0.693952
2014-10-27 00:00:00, 2190.287859,   15.400436,    0.695035
2014-10-28 00:00:00, 2116.833296,   15.414411,    0.696144
2014-10-29 00:00:00, 2038.345089,   15.428421,    0.697259
2014-10-30 00:00:00, 1959.706832,   15.442486,    0.698380
2014-10-31 00:00:00, 1880.131835,   15.457813,    0.699508
2014-11-01 00:00:00, 1807.478524,   15.469920,    0.700400
2014-11-02 00:00:00, 1747.094474,   15.480850,    0.701295
2014-11-03 00:00:00, 1671.491630,   15.496311,    0.702436
2014-11-04 00:00:00, 1607.697616,   15.511861,    0.703584
2014-11-05 00:00:00, 1541.925221,   15.526262,    0.704738
2014-11-06 00:00:00, 1492.335341,   15.540942,    0.705916
2014-11-07 00:00:00, 1424.350907,   15.556871,    0.707101
2014-11-08 00:00:00, 1364.237929,   15.572677,    0.708271
2014-11-09 00:00:00, 1317.568875,   15.588787,    0.709467
2014-11-10 00:00:00, 1269.559351,   15.604968,    0.710670
2014-11-11 00:00:00, 1221.103257,   15.619936,    0.711877
2014-11-12 00:00:00, 1163.359802,   15.636236,    0.713089
2014-11-13 00:00:00, 1087.557805,   15.652609,    0.714308
2014-11-14 00:00:00, 1038.112878,   15.667804,    0.715531
2014-11-15 00:00:00,  991.937791,   15.684317,    0.716758
2014-11-16 00:00:00,  954.511530,   15.700897,    0.717990
2014-11-17 00:00:00,  927.543620,   15.717537,    0.719226
2014-11-18 00:00:00,  894.113947,   15.734258,    0.720466
2014-11-19 00:00:00,  862.774238,   15.751023,    0.721711
2014-11-20 00:00:00,  848.346349,   15.768094,    0.722980
2014-11-21 00:00:00,  806.984793,   15.784999,    0.724232
2014-11-22 00:00:00,  767.279791,   15.801970,    0.725487
2014-11-23 00:00:00,  714.112401,   15.817735,    0.726745
2014-11-24 00:00:00,  671.339959,   15.834847,    0.728005
2014-11-25 00:00:00,  629.928296,   15.852274,    0.729289
2014-11-26 00:00:00,  712.247027,   15.869525,    0.730555
2014-11-27 00:00:00,  735.971417,   15.886808,    0.731824
2014-11-28 00:00:00,  702.831061,   15.904156,    0.733094
2014-11-29 00:00:00,  666.645256,   16.006911,    0.741764
2014-11-30 00:00:00,  631.813887,   16.024358,    0.743222
2014-12-01 00:00:00,  590.841530,   16.045484,    0.744901
2014-12-02 00:00:00,  553.913251,   16.067980,    0.746565
2014-12-03 00:00:00,  521.962077,   16.086457,    0.747955
2014-12-04 00:00:00,  483.873037,   16.103785,    0.749358
2014-12-05 00:00:00,  461.327517,   16.122526,    0.750754
2014-12-06 00:00:00,  434.829068,   16.140987,    0.752122
2014-12-07 00:00:00,  409.943219,   16.158372,    0.753507
2014-12-08 00:00:00,  365.881040,   16.177181,    0.754886
2014-12-09 00:00:00,  325.647020,   16.195778,    0.756239
2014-12-10 00:00:00,  298.093188,   16.213000,    0.757588
2014-12-11 00:00:00,  275.826649,   16.230260,    0.758932
2014-12-12 00:00:00,  239.629673,   16.248968,    0.760271
2014-12-13 00:00:00,  209.828438,   16.267720,    0.761605
2014-12-14 00:00:00,  183.638298,   16.285097,    0.762934
2014-12-15 00:00:00,  165.268088,   16.302510,    0.764261
2014-12-16 00:00:00,  145.007602,   16.319935,    0.765583
2014-12-17 00:00:00,  121.504676,   16.337420,    0.766898
2014-12-18 00:00:00,  105.604115,   16.354684,    0.768188
2014-12-19 00:00:00,   89.805123,   16.371988,    0.769472
2014-12-20 00:00:00,   66.038766,   16.389585,    0.770772
2014-12-21 00:00:00,   49.359012,   16.406964,    0.772046
2014-12-22 00:00:00,   37.662502,   16.424377,    0.773313
2014-12-23 00:00:00,   23.530851,   16.441835,    0.774575
2014-12-24 00:00:00,   11.191227,   16.459070,    0.775808
2014-12-25 00:00:00,    3.360238,   16.476349,    0.777034
2014-12-26 00:00:00,    0.000000,-9999.000000,-9999.000000
2014-12-27 00:00:00,    0.000000,-9999.000000,-9999.000000
2014-12-28 00:00:00,    0.000000,-9999.000000,-9999.000000
2014-12-29 00:00:00,    0.000000,-9999.000000,-9999.000000
2014-12-30 00:00:00,    0.000000,-9999.000000,-9999.000000
2014-12-31 00:00:00,    0.000000,-9999.000000,-9999.000000
2015-01-01 00:00:00,    0.000000,-9999.000000,-9999.000000
2015-01-02 00:00:00,    0.000000,-9999.000000,-9999.000000
2015-01-03 00:00:00,    0.000000,-9999.000000,-9999.000000
2015-01-04 00:00:00,    0.000000,-9999.000000,-9999.000000
2015-01-05 00:00:00,    0.000000,-9999.000000,-9999.000000
2015-01-06 00:00:00,    0.000000,-9999.000000,-9999.000000
2015-01-07 00:00:00,    0.000000,-9999.000000,-9999.000000
2015-01-08 00:00:00,    0.000000,-9999.000000,-9999.000000
2015-01-09 00:00:00,    0.000000,-9999.000000,-9999.000000
2015-01-10 00:00:00,    0.000000,-9999.000000,-9999.000000
2015-01-11 00:00:00,    0.000000,-9999.000000,-9999.000000
2015-01-12 00:00:00,    0.000000,-9999.000000,-9999.000000
2015-01-13 00:00:00,    0.000000,-9999.000000,-9999.000000
2015-01-14 00:00:00,    0.000000,-9999.000000,-9999.000000
2015-01-15 00:00:00,    0.000000,-9999.000000,-9999.000000
2015-01-16 00:00:00,    0.000000,-9999.000000,-9999.000000
2015-01-17 00:00:00,    0.000000,-9999.000000,-9999.000000
2015-01-18 00:00:00,    0.000000,-9999.000000,-9999.000000
2015-01-19 00:00:00,    0.000000,-9999.000000,-9999.000000
2015-01-20 00:00:00,    0.000000,-9999.000000,-9999.000000
2015-01-21 00:00:00,    0.000000,-9999.000000,-9999.000000
2015-01-22 00:00:00,    0.000000,-9999.000000,-9999.000000
2015-01-23 00:00:00,    0.000000,-9999.000000,-9999.000000
2015-01-24 00:00:00,    0.000000,-9999.000000,-9999.000000
2015-01-25 00:00:00,    0.000000,-9999.000000,-9999.000000
2015-01-26 00:00:00,    0.000000,-9999.000000,-9999.000000
2015-01-27 00:00:00,    0.000000,-9999.000000,-9999.000000
2015-01-28 00:00:00,    0.000000,-9999.000000,-9999.000000
2015-01-29 00:00:00,    0.000000,-9999.000000,-9999.000000
2015-01-30 00:00:00,    0.000000,-9999.000000,-9999.000000
2015-01-31 00:00:00,    0.000000,-9999.000000,-9999.000000
2015-02-01 00:00:00,    0.000000,-9999.000000,-9999.000000
2015-02-02 00:00:00,    0.000000,-9999.000000,-9999.000000
2015-02-03 00:00:00,    0.000000,-9999.000000,-9999.000000
2015-02-04 00:00:00,    0.000000,-9999.000000,-9999.000000
2015-02-05 00:00:00,    0.000000,-9999.000000,-9999.000000
2015-02-06 00:00:00,    0.000000,-9999.000000,-9999.000000
2015-02-07 00:00:00,    0.000000,-9999.000000,-9999.000000
2015-02-08 00:00:00,    0.000000,-9999.000000,-9999.000000
2015-02-09 00:00:00,    0.000000,-9999.000000,-9999.000000
2015-02-10 00:00:00,    0.000000,-9999.000000,-9999.000000
2015-02-11 00:00:00,    0.000000,-9999.000000,-9999.000000
2015-02-12 00:00:00,    0.000000,-9999.000000,-9999.000000
2015-02-13 00:00:00,    0.000000,-9999.000000,-9999.000000
2015-02-14 00:00:00,    0.000000,-9999.000000,-9999.000000
2015-02-15 00:00:00,    0.000000,-9999.000000,-9999.000000
2015-02-16 00:00:00,    0.000000,-9999.000000,-9999.000000
2015-02-17 00:00:00,    0.000000,-9999.000000,-9999.000000
2015-02-18 00:00:00,    0.000000,-9999.000000,-9999.000000
2015-02-19 00:00:00,    0.000000,-9999.000000,-9999.000000
2015-02-20 00:00:00,    0.000000,-9999.000000,-9999.000000
2015-02-21 00:00:00,    0.000000,-9999.000000,-9999.000000
2015-02-22 00:00:00,    0.000000,-9999.000000,-9999.000000
2015-02-23 00:00:00,    0.000000,-9999.000000,-9999.000000
2015-02-24 00:00:00,    0.000000,-9999.000000,-9999.000000
2015-02-25 00:00:00,    0.000000,-9999.000000,-9999.000000
2015-02-26 00:00:00,    0.000000,-9999.000000,-9999.000000
2015-02-27 00:00:00,    0.000000,-9999.000000,-9999.000000
2015-02-28 00:00:00,    0.000000,-9999.000000,-9999.000000
2015-03-01 00:00:00,    0.000000,-9999.000000,-9999.000000
2015-03-02 00:00:00,    0.000000,-9999.000000,-9999.000000
2015-03-03 00:00:00,    0.000000,-9999.000000,-9999.000000
2015-03-04 00:00:00,    0.000000,-9999.000000,-9999.000000
2015-03-05 00:00:00,    0.000000,-9999.000000,-9999.000000
2015-03-06 00:00:00,    0.000000,-9999.000000,-9999.000000
2015-03-07 00:00:00,    0.000000,-9999.000000,-9999.000000
2015-03-08 00:00:00,    0.000000,-9999.000000,-9999.000000
2015-03-09 00:00:00,    0.000000,-9999.000000,-9999.000000
2015-03-10 00:00:00,    0.000000,-9999.000000,-9999.000000
2015-03-11 00:00:00,    0.000000,-9999.000000,-9999.000000
2015-03-12 00:00:00,    0.000000,-9999.000000,-9999.000000
2015-03-13 00:00:00,    0.000000,-9999.000000,-9999.000000
2015-03-14 00:00:00,    0.000000,-9999.000000,-9999.000000
2015-03-15 00:00:00,    0.000000,-9999.000000,-9999.000000
2015-03-16 00:00:00,    0.000000,-9999.000000,-9999.000000
2015-03-17 00:00:00,    0.000000,-9999.000000,-9999.000000
2015-03-18 00:00:00,    0.000000,-9999.000000,-9999.000000
2015-03-19 00:00:00,    0.000000,-9999.000000,-9999.000000
2015-03-20 00:00:00,    0.000000,-9999.000000,-9999.000000
2015-03-21 00:00:00,    0.000000,-9999.000000,-9999.000000
2015-03-22 00:00:00,    0.000000,-9999.000000,-9999.000000
2015-03-23 00:00:00,    0.000000,-9999.000000,-9999.000000
2015-03-24 00:00:00,    0.000000,-9999.000000,-9999.000000
2015-03-25 00:00:00,    0.000000,-9999.000000,-9999.000000
2015-03-26 00:00:00,    0.000000,-9999.000000,-9999.000000
2015-03-27 00:00:00,    0.000000,-9999.000000,-9999.000000
2015-03-28 00:00:00,    0.000000,-9999.000000,-9999.000000
2015-03-29 00:00:00,    0.000000,-9999.000000,-9999.000000
2015-03-30 00:00:00,    0.000000,-9999.000000,-9999.000000
2015-03-31 00:00:00,    0.000000,-9999.000000,-9999.000000
2015-04-01 00:00:00,    0.000000,-9999.000000,-9999.000000
2015-04-02 00:00:00,    0.000000,-9999.000000,-9999.000000
2015-04-03 00:00:00,    0.000000,-9999.000000,-9999.000000
2015-04-04 00:00:00,    0.000000,-9999.000000,-9999.000000
2015-04-05 00:00:00,    0.000000,-9999.000000,-9999.000000
2015-04-06 00:00:00,    0.000000,-9999.000000,-9999.000000
2015-04-07 00:00:00,    0.000000,-9999.000000,-9999.000000
2015-04-08 00:00:00,    0.000000,-9999.000000,-9999.000000
2015-04-09 00:00:00,    0.000000,-9999.000000,-9999.000000
2015-04-10 00:00:00,    0.000000,-9999.000000,-9999.000000
2015-04-11 00:00:00,    0.000000,-9999.000000,-9999.000000
2015-04-12 00:00:00,    0.000000,-9999.000000,-9999.000000
2015-04-13 00:00:00,    0.000000,-9999.000000,-9999.000000
2015-04-14 00:00:00,    0.000000,-9999.000000,-9999.000000
2015-04-15 00:00:00,    0.000000,-9999.000000,-9999.000000
2015-04-16 00:00:00,    0.000000,-9999.000000,-9999.000000
2015-04-17 00:00:00,    0.000000,-9999.000000,-9999.000000
2015-04-18 00:00:00,    0.000000,-9999.000000,-9999.000000
2015-04-19 00:00:00,    0.000000,-9999.000000,-9999.000000
2015-04-20 00:00:00,    0.000000,-9999.000000,-9999.000000
2015-04-21 00:00:00,    0.000000,-9999.000000,-9999.000000
2015-04-22 00:00:00,    0.000000,-9999.000000,-9999.000000
2015-04-23 00:00:00,    0.000000,-9999.000000,-9999.000000
2015-04-24 00:00:00,    0.000000,-9999.000000,-9999.000000
2015-04-25 00:00:00,    0.000000,-9999.000000,-9999.000000
2015-04-26 00:00:00,    0.000000,-9999.000000,-9999.000000
2015-04-27 00:00:00,    0.000000,-9999.000000,-9999.000000
2015-04-28 00:00:00,    0.000000,-9999.000000,-9999.000000
2015-04-29 00:00:00,    0.000000,-9999.000000,-9999.000000
2015-04-30 00:00:00,    0.000000,-9999.000000,-9999.000000
2015-05-01 00:00:00,    0.000000,-9999.000000,-9999.000000
2015-05-02 00:00:00,    0.000000,-9999.000000,-9999.000000
2015-05-03 00:00:00,    0.000000,-9999.000000,-9999.000000
2015-05-04 00:00:00,    0.000000,-9999.000000,-9999.000000
2015-05-05 00:00:00,    0.000000,-9999.000000,-9999.000000
2015-05-06 00:00:00,    0.000000,-9999.000000,-9999.000000
2015-05-07 00:00:00,    0.000000,-9999.000000,-9999.000000
2015-05-08 00:00:00,    0.000000,-9999.000000,-9999.000000
2015-05-09 00:00:00,    0.000000,-9999.000000,-9999.000000
2015-05-10 00:00:00,    0.000000,-9999.000000,-9999.000000
2015-05-11 00:00:00,    0.000000,-9999.000000,-9999.000000
2015-05-12 00:00:00,    0.000000,-9999.000000,-9999.000000
2015-05-13 00:00:00,    0.000000,-9999.000000,-9999.000000
2015-05-14 00:00:00,    0.000000,-9999.000000,-9999.000000
2015-05-15 00:00:00,    0.000000,-9999.000000,-9999.000000
2015-05-16 00:00:00,    0.000000,-9999.000000,-9999.000000
2015-05-17 00:00:00,  105.114905,   17.072179,    0.809412
2015-05-18 00:00:00,  708.719759,   17.296559,    0.831523
2015-05-19 00:00:00, 1180.511604,   17.289815,    0.831076
2015-05-20 00:00:00, 1149.609493,   16.734763,    0.731768
2015-05-21 00:00:00, 1117.842549,   16.542890,    0.731147
2015-05-22 00:00:00, 1094.412199,   16.436089,    0.730504
2015-05-23 00:00:00, 1077.518419,   16.396604,    0.729752
2015-05-24 00:00:00, 1057.117524,   16.280053,    0.717755
2015-05-25 00:00:00, 1038.386369,   16.272264,    0.717147
2015-05-26 00:00:00, 1019.606621,   16.264652,    0.716555
2015-05-27 00:00:00,  996.072075,   16.314495,    0.722027
2015-05-28 00:00:00,  974.329526,   16.227350,    0.712878
2015-05-29 00:00:00,  952.683874,   16.343918,    0.725329
2015-05-30 00:00:00,  934.018228,   16.284583,    0.724635
2015-05-31 00:00:00,  918.156293,   16.254826,    0.723925
2015-06-01 00:00:00,  887.532469,   16.179319,    0.723704
2015-06-02 00:00:00,  979.792871,   16.196888,    0.720697
2015-06-03 00:00:00,  964.034638,   16.387799,    0.719952
2015-06-04 00:00:00,  952.310831,   16.480164,    0.719158
2015-06-05 00:00:00,  938.437925,   16.448727,    0.718380
2015-06-06 00:00:00,  939.455728,   16.385645,    0.711212
2015-06-07 00:00:00,  922.943948,   16.350691,    0.707227
2015-06-08 00:00:00,  904.587546,   16.343565,    0.706707
2015-06-09 00:00:00,  882.702503,   16.336115,    0.706132
2015-06-10 00:00:00,  859.995752,   16.360683,    0.709355
2015-06-11 00:00:00,  840.996340,   16.324065,    0.705105
2015-06-12 00:00:00,  986.178258,   16.316982,    0.704590
2015-06-13 00:00:00,  962.267476,   16.309903,    0.704076
2015-06-14 00:00:00,  938.020010,   16.204781,    0.708569
2015-06-15 00:00:00,  916.131770,   16.071082,    0.708022
2015-06-16 00:00:00,  888.622591,   15.989336,    0.707472
2015-06-17 00:00:00,  855.992979,   15.871060,    0.707264
2015-06-18 00:00:00, 1140.144013,   15.782506,    0.700355
2015-06-19 00:00:00, 1439.700789,   15.736645,    0.695890
2015-06-20 00:00:00, 1427.585105,   15.749468,    0.697325
2015-06-21 00:00:00, 1560.680589,   15.696029,    0.689973
2015-06-22 00:00:00, 1575.220359,   15.624991,    0.686334
2015-06-23 00:00:00, 1540.414676,   15.422522,    0.685730
2015-06-24 00:00:00, 1506.556896,   15.340776,    0.685203
2015-06-25 00:00:00, 1474.581556,   15.204210,    0.684699
2015-06-26 00:00:00, 1444.517982,   15.098499,    0.675602
2015-06-27 00:00:00, 1413.012681,   15.159554,    0.683673
2015-06-28 00:00:00, 1379.004497,   15.098838,    0.683207
2015-06-29 00:00:00, 1348.989408,   15.031258,    0.682766
2015-06-30 00:00:00, 1319.836977,   14.924582,    0.674042
2015-07-01 00:00:00, 1306.454597,   14.890669,    0.671297
2015-07-02 00:00:00, 1280.421538,   14.884720,    0.670810
2015-07-03 00:00:00, 1261.402084,   14.880334,    0.670460
2015-07-04 00:00:00, 1238.825109,   14.876189,    0.670127
2015-07-05 00:00:00, 1219.283565,   14.871866,    0.669784
2015-07-06 00:00:00, 1194.988380,   14.867456,    0.669445
2015-07-07 00:00:00, 1201.779513,   14.863234,    0.669124
2015-07-08 00:00:00, 1259.630524,   14.859013,    0.668808
2015-07-09 00:00:00, 1330.815313,   14.887613,    0.671153
2015-07-10 00:00:00, 1333.215231,   14.855665,    0.667687
2015-07-11 00:00:00, 1304.950980,   14.937921,    0.674989
2015-07-12 00:00:00, 1275.614434,   14.806583,    0.674661
2015-07-13 00:00:00, 1246.369700,   14.676328,    0.674383
2015-07-14 00:00:00, 1217.951454,   14.567049,    0.674077
2015-07-15 00:00:00, 1190.268148,   14.554148,    0.673788
2015-07-16 00:00:00, 1152.380552,   14.539652,    0.673761
2015-07-17 00:00:00, 1154.678478,   14.384606,    0.673563
2015-07-18 00:00:00, 1140.324726,   14.424871,    0.676245
2015-07-19 00:00:00, 1236.677125,   14.583363,    0.669648
2015-07-20 00:00:00, 2954.138322,   14.685131,    0.668164
2015-07-21 00:00:00, 4783.057163,   14.544057,    0.661165
2015-07-22 00:00:00, 4741.653516,   14.451461,    0.653998
2015-07-23 00:00:00, 4700.196951,   14.481620,    0.653570
2015-07-24 00:00:00, 4576.999917,   14.381862,    0.653329
2015-07-25 00:00:00, 4462.342392,   14.285796,    0.646063
2015-07-26 00:00:00, 4351.720523,   14.284163,    0.645929
2015-07-27 00:00:00, 4233.976352,   14.257336,    0.643874
2015-07-28 00:00:00, 4195.373236,   14.288157,    0.646202
2015-07-29 00:00:00, 4100.512399,   14.287250,    0.646086
2015-07-30 00:00:00, 4252.022815,   14.285655,    0.645988
2015-07-31 00:00:00, 4227.698366,   14.375533,    0.652811
2015-08-01 00:00:00, 4107.923827,   14.178485,    0.637862
2015-08-02 00:00:00, 4002.136026,   14.424594,    0.656460
2015-08-03 00:00:00, 3901.095317,   14.425263,    0.656561
2015-08-04 00:00:00, 3800.520534,   14.427067,    0.656673
2015-08-05 00:00:00, 3700.462542,   14.428828,    0.656783
2015-08-06 00:00:00, 3606.357259,   14.430566,    0.656890
2015-08-07 00:00:00, 3615.504608,   14.433492,    0.657012
2015-08-08 00:00:00, 3661.666264,   14.426265,    0.642977
2015-08-09 00:00:00, 3652.645440,   14.261841,    0.642068
2015-08-10 00:00:00, 3565.583687,   14.474882,    0.641666
2015-08-11 00:00:00, 3479.439038,   14.381913,    0.641663
2015-08-12 00:00:00, 3394.584268,   14.354741,    0.640238
2015-08-13 00:00:00, 3309.952509,   14.271074,    0.633562
2015-08-14 00:00:00, 3223.752102,   14.271683,    0.633609
2015-08-15 00:00:00, 3141.495603,   14.305555,    0.636311
2015-08-16 00:00:00, 3061.737048,   14.274647,    0.633784
2015-08-17 00:00:00, 3005.185414,   14.275565,    0.633871
2015-08-18 00:00:00, 2912.640537,   14.276315,    0.633939
2015-08-19 00:00:00, 2880.188433,   14.310784,    0.636657
2015-08-20 00:00:00, 2810.095837,   14.280051,    0.634181
2015-08-21 00:00:00, 2889.408095,   14.282051,    0.634319
2015-08-22 00:00:00, 3142.636906,   14.283644,    0.634414
2015-08-23 00:00:00, 3232.989088,   14.318066,    0.637158
2015-08-24 00:00:00, 3140.293720,   14.320497,    0.637358
2015-08-25 00:00:00, 3049.832505,   14.360555,    0.640501
2015-08-26 00:00:00, 2966.699670,   14.363963,    0.640724
2015-08-27 00:00:00, 2882.717538,   14.366643,    0.640967
2015-08-28 00:00:00, 3212.690711,   14.370230,    0.641215
2015-08-29 00:00:00, 3418.814852,   14.373964,    0.641494
2015-08-30 00:00:00, 3312.903539,   14.376786,    0.641775
2015-08-31 00:00:00, 3266.355999,   14.380660,    0.642075
2015-09-01 00:00:00, 3172.452380,   14.384324,    0.642341
2015-09-02 00:00:00, 3086.158735,   14.388013,    0.642609
2015-09-03 00:00:00, 2999.590825,   14.392937,    0.642934
2015-09-04 00:00:00, 3046.127016,   14.397023,    0.643264
2015-09-05 00:00:00, 2953.497605,   14.443499,    0.647002
2015-09-06 00:00:00, 2867.411081,   14.406097,    0.643948
2015-09-07 00:00:00, 2790.338936,   14.453683,    0.647715
2015-09-08 00:00:00, 2715.455923,   14.459181,    0.648127
2015-09-09 00:00:00, 2630.402074,   14.464653,    0.648543
2015-09-10 00:00:00, 2571.278515,   14.470108,    0.648963
2015-09-11 00:00:00, 2508.393106,   14.475710,    0.649403
2015-09-12 00:00:00, 2632.582617,   14.482306,    0.649849
2015-09-13 00:00:00, 2674.162546,   14.488889,    0.650301
2015-09-14 00:00:00, 2609.789181,   14.494743,    0.650775
2015-09-15 00:00:00, 2532.380484,   14.501534,    0.651256
2015-09-16 00:00:00, 2458.403626,   14.508365,    0.651744
2015-09-17 00:00:00, 2389.887256,   14.515225,    0.652239
2015-09-18 00:00:00, 2321.888523,   14.522105,    0.652741
2015-09-19 00:00:00, 2237.413682,   14.529576,    0.653325
2015-09-20 00:00:00, 2163.418293,   14.536980,    0.653906
2015-09-21 00:00:00, 2098.721600,   14.544550,    0.654504
2015-09-22 00:00:00, 2021.486214,   14.600296,    0.658859
2015-09-23 00:00:00, 1953.463676,   14.609088,    0.659483
2015-09-24 00:00:00, 1888.805248,   14.616847,    0.660111
2015-09-25 00:00:00, 1831.725415,   14.624605,    0.660746
2015-09-26 00:00:00, 1768.423274,   14.633618,    0.661405
2015-09-27 00:00:00, 1703.142737,   14.642664,    0.662071
2015-09-28 00:00:00, 1652.466284,   14.651732,    0.662745
2015-09-29 00:00:00, 1603.426710,   14.660822,    0.663426
2015-09-30 00:00:00, 1560.259759,   14.671196,    0.664132
2015-10-01 00:00:00, 1515.589171,   14.683096,    0.664959
2015-10-02 00:00:00, 1478.387593,   14.693996,    0.665796
2015-10-03 00:00:00, 1438.517002,   14.703619,    0.666548
2015-10-04 00:00:00, 1386.155227,   14.714345,    0.667308
2015-10-05 00:00:00, 1314.752802,   14.725086,    0.668076
2015-10-06 00:00:00, 1269.165349,   14.734810,    0.668853
2015-10-07 00:00:00, 1213.769042,   14.745675,    0.669639
2015-10-08 00:00:00, 1169.635772,   14.756576,    0.670434
2015-10-09 00:00:00, 1134.634019,   14.767743,    0.671253
2015-10-10 00:00:00, 1101.487148,   14.780032,    0.672081
2015-10-11 00:00:00, 1064.818616,   14.791279,    0.672917
2015-10-12 00:00:00, 1029.307577,   14.802563,    0.673762
2015-10-13 00:00:00,  991.278794,   14.814998,    0.674616
2015-10-14 00:00:00,  962.568012,   14.826608,    0.675495
2015-10-15 00:00:00,  915.480416,   14.838222,    0.676382
2015-10-16 00:00:00,  879.786410,   14.851023,    0.677279
2015-10-17 00:00:00,  843.527921,   14.863885,    0.678184
2015-10-18 00:00:00,  875.002984,   14.876811,    0.679096
2015-10-19 00:00:00,  839.368338,   14.889762,    0.680018
2015-10-20 00:00:00,  808.026279,   14.901911,    0.680964
2015-10-21 00:00:00,  779.830001,   14.914120,    0.681919
2015-10-22 00:00:00,  750.949422,   14.928114,    0.682985
2015-10-23 00:00:00,  711.319048,   14.940994,    0.683870
2015-10-24 00:00:00,  675.231596,   14.956209,    0.684953
2015-10-25 00:00:00,  641.270383,   14.971570,    0.686042
2015-10-26 00:00:00,  615.190908,   14.985561,    0.687108
2015-10-27 00:00:00,  591.414454,   14.999555,    0.688171
2015-10-28 00:00:00,  573.690438,   15.013753,    0.689255
2015-10-29 00:00:00,  555.391142,   15.028011,    0.690340
2015-10-30 00:00:00,  532.225965,   15.042299,    0.691428
2015-10-31 00:00:00,  505.653801,   15.057731,    0.692522
2015-11-01 00:00:00,  529.790754,   15.070023,    0.693389
2015-11-02 00:00:00,  811.041953,   15.081196,    0.694259
2015-11-03 00:00:00,  911.404489,   15.096762,    0.695360
2015-11-04 00:00:00,  872.167490,   15.112401,    0.696467
2015-11-05 00:00:00,  842.675021,   15.126951,    0.697579
2015-11-06 00:00:00,  819.005546,   15.141754,    0.698715
2015-11-07 00:00:00,  764.957782,   15.157761,    0.699856
2015-11-08 00:00:00,  723.249427,   15.173605,    0.700983
2015-11-09 00:00:00,  688.712278,   15.189791,    0.702135
2015-11-10 00:00:00,  655.848287,   15.206043,    0.703292
2015-11-11 00:00:00,  625.295776,   15.221191,    0.704454
2015-11-12 00:00:00,  591.759783,   15.237574,    0.705621
2015-11-13 00:00:00,  554.761110,   15.254019,    0.706794
2015-11-14 00:00:00,  524.117884,   15.269367,    0.707971
2015-11-15 00:00:00,  488.259004,   15.285955,    0.709152
2015-11-16 00:00:00,  460.257398,   15.302615,    0.710337
2015-11-17 00:00:00,  426.852548,   15.394073,    0.717416
2015-11-18 00:00:00,  385.380129,   15.411384,    0.718649
2015-11-19 00:00:00,  348.637242,   15.428788,    0.719888
2015-11-20 00:00:00,  322.304912,   15.446542,    0.721151
2015-11-21 00:00:00,  290.438755,   15.464113,    0.722397
2015-11-22 00:00:00,  263.691765,   15.481757,    0.723647
2015-11-23 00:00:00,  247.366279,   15.498184,    0.724900
2015-11-24 00:00:00,  211.214798,   15.516817,    0.726305
2015-11-25 00:00:00,  184.420080,   15.535571,    0.727705
2015-11-26 00:00:00,  159.247859,   15.554000,    0.729067
2015-11-27 00:00:00,  140.446125,   15.572404,    0.730418
2015-11-28 00:00:00,  118.546266,   15.590811,    0.731760
2015-11-29 00:00:00,   91.955320,   15.609236,    0.733097
2015-11-30 00:00:00,   69.050333,   15.626383,    0.734430
2015-12-01 00:00:00,   55.155844,   15.647222,    0.735989
2015-12-02 00:00:00,   41.968370,   15.669442,    0.737547
2015-12-03 00:00:00,   32.498303,   15.687779,    0.738852
2015-12-04 00:00:00,   16.504249,   15.705104,    0.740175
2015-12-05 00:00:00,   34.035633,   15.723774,    0.741497
2015-12-06 00:00:00,   26.368145,   15.742183,    0.742795
2015-12-07 00:00:00,   18.666121,   15.759598,    0.744113
2015-12-08 00:00:00,   12.808051,   15.778409,    0.745427
2015-12-09 00:00:00,    6.668087,   15.797026,    0.746719
2015-12-10 00:00:00,    1.101882,   15.814364,    0.748008
2015-12-11 00:00:00,    0.000000,-9999.000000,-9999.000000
2015-12-12 00:00:00,    0.000000,-9999.000000,-9999.000000
2015-12-13 00:00:00,    0.000000,-9999.000000,-9999.000000
2015-12-14 00:00:00,    0.000000,-9999.000000,-9999.000000
2015-12-15 00:00:00,    0.000000,-9999.000000,-9999.000000
2015-12-16 00:00:00,    0.000000,-9999.000000,-9999.000000
2015-12-17 00:00:00,    0.000000,-9999.000000,-9999.000000
2015-12-18 00:00:00,    0.000000,-9999.000000,-9999.000000
2015-12-19 00:00:00,    0.000000,-9999.000000,-9999.000000
2015-12-20 00:00:00,    0.000000,-9999.000000,-9999.000000
2015-12-21 00:00:00,    0.000000,-9999.000000,-9999.000000
2015-12-22 00:00:00,    0.000000,-9999.000000,-9999.000000
2015-12-23 00:00:00,    0.000000,-9999.000000,-9999.000000
2015-12-24 00:00:00,    0.000000,-9999.000000,-9999.000000
2015-12-25 00:00:00,    0.000000,-9999.000000,-9999.000000
2015-12-26 00:00:00,    0.000000,-9999.000000,-9999.000000
2015-12-27 00:00:00,    0.000000,-9999.000000,-9999.000000
2015-12-28 00:00:00,    0.000000,-9999.000000,-9999.000000
2015-12-29 00:00:00,    0.000000,-9999.000000,-9999.000000
2015-12-30 00:00:00,    0.000000,-9999.000000,-9999.000000
2015-12-31 00:00:00,    0.000000,-9999.000000,-9999.000000
2016-01-01 00:00:00,    0.000000,-9999.000000,-9999.000000
2016-01-02 00:00:00,    0.000000,-9999.000000,-9999.000000
2016-01-03 00:00:00,    0.000000,-9999.000000,-9999.000000
2016-01-04 00:00:00,    0.000000,-9999.000000,-9999.000000
2016-01-05 00:00:00,    0.000000,-9999.000000,-9999.000000
2016-01-06 00:00:00,    0.000000,-9999.000000,-9999.000000
2016-01-07 00:00:00,    0.000000,-9999.000000,-9999.000000
2016-01-08 00:00:00,    0.000000,-9999.000000,-9999.000000
2016-01-09 00:00:00,    0.000000,-9999.000000,-9999.000000
2016-01-10 00:00:00,    0.000000,-9999.000000,-9999.000000
2016-01-11 00:00:00,    0.000000,-9999.000000,-9999.000000
2016-01-12 00:00:00,    0.000000,-9999.000000,-9999.000000
2016-01-13 00:00:00,    0.000000,-9999.000000,-9999.000000
2016-01-14 00:00:00,    0.000000,-9999.000000,-9999.000000
2016-01-15 00:00:00,    0.000000,-9999.000000,-9999.000000
2016-01-16 00:00:00,    0.000000,-9999.000000,-9999.000000
2016-01-17 00:00:00,    0.000000,-9999.000000,-9999.000000
2016-01-18 00:00:00,    0.000000,-9999.000000,-9999.000000
2016-01-19 00:00:00,    0.000000,-9999.000000,-9999.000000
2016-01-20 00:00:00,    0.000000,-9999.000000,-9999.000000
2016-01-21 00:00:00,    0.000000,-9999.000000,-9999.000000
2016-01-22 00:00:00,    0.000000,-9999.000000,-9999.000000
2016-01-23 00:00:00,    0.000000,-9999.000000,-9999.000000
2016-01-24 00:00:00,    0.000000,-9999.000000,-9999.000000
2016-01-25 00:00:00,    0.000000,-9999.000000,-9999.000000
2016-01-26 00:00:00,    0.000000,-9999.000000,-9999.000000
2016-01-27 00:00:00,    0.000000,-9999.000000,-9999.000000
2016-01-28 00:00:00,    0.000000,-9999.000000,-9999.000000
2016-01-29 00:00:00,    0.000000,-9999.000000,-9999.000000
2016-01-30 00:00:00,    0.000000,-9999.000000,-9999.000000
2016-01-31 00:00:00,    0.000000,-9999.000000,-9999.000000
2016-02-01 00:00:00,    0.000000,-9999.000000,-9999.000000
2016-02-02 00:00:00,    0.000000,-9999.000000,-9999.000000
2016-02-03 00:00:00,    0.000000,-9999.000000,-9999.000000
2016-02-04 00:00:00,    0.000000,-9999.000000,-9999.000000
2016-02-05 00:00:00,    0.000000,-9999.000000,-9999.000000
2016-02-06 00:00:00,    0.000000,-9999.000000,-9999.000000
2016-02-07 00:00:00,    0.000000,-9999.000000,-9999.000000
2016-02-08 00:00:00,    0.000000,-9999.000000,-9999.000000
2016-02-09 00:00:00,    0.000000,-9999.000000,-9999.000000
2016-02-10 00:00:00,    0.000000,-9999.000000,-9999.000000
2016-02-11 00:00:00,    0.000000,-9999.000000,-9999.000000
2016-02-12 00:00:00,    0.000000,-9999.000000,-9999.000000
2016-02-13 00:00:00,    0.000000,-9999.000000,-9999.000000
2016-02-14 00:00:00,    0.000000,-9999.000000,-9999.000000
2016-02-15 00:00:00,    0.000000,-9999.000000,-9999.000000
2016-02-16 00:00:00,    0.000000,-9999.000000,-9999.000000
2016-02-17 00:00:00,    0.000000,-9999.000000,-9999.000000
2016-02-18 00:00:00,    0.000000,-9999.000000,-9999.000000
2016-02-19 00:00:00,    0.000000,-9999.000000,-9999.000000
2016-02-20 00:00:00,    0.000000,-9999.000000,-9999.000000
2016-02-21 00:00:00,    0.000000,-9999.000000,-9999.000000
2016-02-22 00:00:00,    0.000000,-9999.000000,-9999.000000
2016-02-23 00:00:00,    0.000000,-9999.000000,-9999.000000
2016-02-24 00:00:00,    0.000000,-9999.000000,-9999.000000
2016-02-25 00:00:00,    0.000000,-9999.000000,-9999.000000
2016-02-26 00:00:00,    0.000000,-9999.000000,-9999.000000
2016-02-27 00:00:00,    0.000000,-9999.000000,-9999.000000
2016-02-28 00:00:00,    0.000000,-9999.000000,-9999.000000
2016-02-29 00:00:00,    0.000000,-9999.000000,-9999.000000
2016-03-01 00:00:00,    0.000000,-9999.000000,-9999.000000
2016-03-02 00:00:00,    0.000000,-9999.000000,-9999.000000
2016-03-03 00:00:00,    0.000000,-9999.000000,-9999.000000
2016-03-04 00:00:00,    0.000000,-9999.000000,-9999.000000
2016-03-05 00:00:00,    0.000000,-9999.000000,-9999.000000
2016-03-06 00:00:00,    0.000000,-9999.000000,-9999.000000
2016-03-07 00:00:00,    0.000000,-9999.000000,-9999.000000
2016-03-08 00:00:00,    0.000000,-9999.000000,-9999.000000
2016-03-09 00:00:00,    0.000000,-9999.000000,-9999.000000
2016-03-10 00:00:00,    0.000000,-9999.000000,-9999.000000
2016-03-11 00:00:00,    0.000000,-9999.000000,-9999.000000
2016-03-12 00:00:00,    0.000000,-9999.000000,-9999.000000
2016-03-13 00:00:00,    0.000000,-9999.000000,-9999.000000
2016-03-14 00:00:00,    0.000000,-9999.000000,-9999.000000
2016-03-15 00:00:00,    0.000000,-9999.000000,-9999.000000
2016-03-16 00:00:00,    0.000000,-9999.000000,-9999.000000
2016-03-17 00:00:00,    0.000000,-9999.000000,-9999.000000
2016-03-18 00:00:00,    0.000000,-9999.000000,-9999.000000
2016-03-19 00:00:00,    0.000000,-9999.000000,-9999.000000
2016-03-20 00:00:00,    0.000000,-9999.000000,-9999.000000
2016-03-21 00:00:00,    0.000000,-9999.000000,-9999.000000
2016-03-22 00:00:00,    0.000000,-9999.000000,-9999.000000
2016-03-23 00:00:00,    0.000000,-9999.000000,-9999.000000
2016-03-24 00:00:00,    0.000000,-9999.000000,-9999.000000
2016-03-25 00:00:00,    0.000000,-9999.000000,-9999.000000
2016-03-26 00:00:00,    0.000000,-9999.000000,-9999.000000
2016-03-27 00:00:00,    0.000000,-9999.000000,-9999.000000
2016-03-28 00:00:00,    0.000000,-9999.000000,-9999.000000
2016-03-29 00:00:00,    0.000000,-9999.000000,-9999.000000
2016-03-30 00:00:00,    0.000000,-9999.000000,-9999.000000
2016-03-31 00:00:00,    0.000000,-9999.000000,-9999.000000
2016-04-01 00:00:00,    0.000000,-9999.000000,-9999.000000
2016-04-02 00:00:00,    0.000000,-9999.000000,-9999.000000
2016-04-03 00:00:00,    0.000000,-9999.000000,-9999.000000
2016-04-04 00:00:00,    0.000000,-9999.000000,-9999.000000
2016-04-05 00:00:00,    0.000000,-9999.000000,-9999.000000
2016-04-06 00:00:00,    0.000000,-9999.000000,-9999.000000
2016-04-07 00:00:00,    0.000000,-9999.000000,-9999.000000
2016-04-08 00:00:00,    0.000000,-9999.000000,-9999.000000
2016-04-09 00:00:00,    0.000000,-9999.000000,-9999.000000
2016-04-10 00:00:00,    0.000000,-9999.000000,-9999.000000
2016-04-11 00:00:00,    0.000000,-9999.000000,-9999.000000
2016-04-12 00:00:00,    0.000000,-9999.000000,-9999.000000
2016-04-13 00:00:00,    0.000000,-9999.000000,-9999.000000
2016-04-14 00:00:00,    0.000000,-9999.000000,-9999.000000
2016-04-15 00:00:00,    0.000000,-9999.000000,-9999.000000
2016-04-16 00:00:00,    0.000000,-9999.000000,-9999.000000
2016-04-17 00:00:00,    0.000000,-9999.000000,-9999.000000
2016-04-18 00:00:00,    0.000000,-9999.000000,-9999.000000
2016-04-19 00:00:00,    0.000000,-9999.000000,-9999.000000
2016-04-20 00:00:00,    0.000000,-9999.000000,-9999.000000
2016-04-21 00:00:00,    0.000000,-9999.000000,-9999.000000
2016-04-22 00:00:00,    0.000000,-9999.000000,-9999.000000
2016-04-23 00:00:00,    0.000000,-9999.000000,-9999.000000
2016-04-24 00:00:00,    0.000000,-9999.000000,-9999.000000
2016-04-25 00:00:00,    0.000000,-9999.000000,-9999.000000
2016-04-26 00:00:00,    0.000000,-9999.000000,-9999.000000
2016-04-27 00:00:00,    0.000000,-9999.000000,-9999.000000
2016-04-28 00:00:00,    0.000000,-9999.000000,-9999.000000
2016-04-29 00:00:00,    0.000000,-9999.000000,-9999.000000
2016-04-30 00:00:00,    0.000000,-9999.000000,-9999.000000
2016-05-01 00:00:00,    0.000000,-9999.000000,-9999.000000
2016-05-02 00:00:00,    0.000000,-9999.000000,-9999.000000
2016-05-03 00:00:00,    0.000000,-9999.000000,-9999.000000
2016-05-04 00:00:00,    0.000000,-9999.000000,-9999.000000
2016-05-05 00:00:00,    0.000000,-9999.000000,-9999.000000
2016-05-06 00:00:00,    0.000000,-9999.000000,-9999.000000
2016-05-07 00:00:00,    0.000000,-9999.000000,-9999.000000
2016-05-08 00:00:00,    0.000000,-9999.000000,-9999.000000
2016-05-09 00:00:00,    0.000000,-9999.000000,-9999.000000
2016-05-10 00:00:00,    0.000000,-9999.000000,-9999.000000
2016-05-11 00:00:00,    0.000000,-9999.000000,-9999.000000
2016-05-12 00:00:00,    0.000000,-9999.000000,-9999.000000
2016-05-13 00:00:00,    0.000000,-9999.000000,-9999.000000
2016-05-14 00:00:00,    0.000000,-9999.000000,-9999.000000
2016-05-15 00:00:00,    0.000000,-9999.000000,-9999.000000
2016-05-16 00:00:00,    0.000000,-9999.000000,-9999.000000
2016-05-17 00:00:00,    0.000000,-9999.000000,-9999.000000
2016-05-18 00:00:00,    0.000000,-9999.000000,-9999.000000
2016-05-19 00:00:00,    0.000000,-9999.000000,-9999.000000
2016-05-20 00:00:00,    0.000000,-9999.000000,-9999.000000
2016-05-21 00:00:00,  119.441396,   16.765893,    0.801601
2016-05-22 00:00:00,  166.827552,   16.987743,    0.821477
2016-05-23 00:00:00,  214.977551,   16.980857,    0.820948
2016-05-24 00:00:00,  550.174018,   16.801708,    0.804932
2016-05-25 00:00:00,  765.680442,   16.797970,    0.804602
2016-05-26 00:00:00,  776.220760,   16.794214,    0.804257
2016-05-27 00:00:00,  757.087171,   16.790361,    0.803891
2016-05-28 00:00:00,  840.279850,   16.787308,    0.803508
2016-05-29 00:00:00,  825.107203,   16.804677,    0.805150
2016-05-30 00:00:00,  806.356394,   16.804467,    0.805169
2016-05-31 00:00:00,  791.827798,   16.803845,    0.805137
2016-06-01 00:00:00,  774.040958,   16.805088,    0.805228
2016-06-02 00:00:00,  750.692214,   16.436678,    0.727967
2016-06-03 00:00:00,  736.206737,   16.363066,    0.727385
2016-06-04 00:00:00,  742.544178,   16.184055,    0.706703
2016-06-05 00:00:00,  727.592951,   16.416198,    0.725392
2016-06-06 00:00:00,  838.241426,   16.197481,    0.721702
2016-06-07 00:00:00, 1101.943330,   15.810650,    0.718477
2016-06-08 00:00:00, 1260.494864,   15.574531,    0.716959
2016-06-09 00:00:00, 1249.330606,   15.484044,    0.715251
2016-06-10 00:00:00, 1262.422587,   15.452512,    0.713814
2016-06-11 00:00:00, 1231.848829,   15.517480,    0.713260
2016-06-12 00:00:00, 1473.484001,   15.524716,    0.712720
2016-06-13 00:00:00, 2676.044717,   15.418195,    0.704549
2016-06-14 00:00:00, 3846.647223,   15.396353,    0.699867
2016-06-15 00:00:00, 3758.767983,   15.413892,    0.697417
2016-06-16 00:00:00, 3671.712683,   15.271384,    0.684987
2016-06-17 00:00:00, 3583.502013,   15.374231,    0.696249
2016-06-18 00:00:00, 3490.185525,   15.196373,    0.695761
2016-06-19 00:00:00, 3417.970386,   15.248658,    0.693198
2016-06-20 00:00:00, 3330.466902,   15.236626,    0.692654
2016-06-21 00:00:00, 3245.254536,   15.114148,    0.692076
2016-06-22 00:00:00, 3168.931840,   15.177460,    0.691500
2016-06-23 00:00:00, 3089.401449,   15.083190,    0.690911
2016-06-24 00:00:00, 3007.178671,   15.071201,    0.690459
2016-06-25 00:00:00, 3079.002428,   15.018160,    0.688212
2016-06-26 00:00:00, 2998.228643,   14.879082,    0.687046
2016-06-27 00:00:00, 2908.854445,   14.841785,    0.686801
2016-06-28 00:00:00, 2848.271329,   14.805529,    0.686135
2016-06-29 00:00:00, 2775.296521,   14.709615,    0.685635
2016-06-30 00:00:00, 2709.768844,   14.713416,    0.685199
2016-07-01 00:00:00, 2644.601253,   14.671765,    0.684619
2016-07-02 00:00:00, 2579.117103,   14.627607,    0.684058
2016-07-03 00:00:00, 2512.659378,   14.579221,    0.683768
2016-07-04 00:00:00, 2444.163236,   14.336622,    0.683344
2016-07-05 00:00:00, 2377.153695,   14.216205,    0.683159
2016-07-06 00:00:00, 2318.951007,   14.064067,    0.682729
2016-07-07 00:00:00, 2264.177098,   14.128419,    0.682413
2016-07-08 00:00:00, 2324.737053,   14.149329,    0.679931
2016-07-09 00:00:00, 2509.660278,   13.824841,    0.675206
2016-07-10 00:00:00, 2936.727292,   13.723438,    0.673012
2016-07-11 00:00:00, 3262.823455,   13.711476,    0.671155
2016-07-12 00:00:00, 3174.791050,   13.607364,    0.669569
2016-07-13 00:00:00, 3085.841662,   13.463988,    0.669320
2016-07-14 00:00:00, 2992.942546,   13.467863,    0.669287
2016-07-15 00:00:00, 2919.572059,   13.749717,    0.668978
2016-07-16 00:00:00, 2882.516119,   14.019145,    0.668255
2016-07-17 00:00:00, 2840.193934,   14.132162,    0.667317
2016-07-18 00:00:00, 2778.968377,   13.984615,    0.666802
2016-07-19 00:00:00, 2712.088920,   13.948732,    0.666580
2016-07-20 00:00:00, 2637.583276,   14.021160,    0.666477
2016-07-21 00:00:00, 2706.238180,   13.954139,    0.663880
2016-07-22 00:00:00, 2639.780051,   13.806100,    0.663537
2016-07-23 00:00:00, 2597.214677,   13.688984,    0.656505
2016-07-24 00:00:00, 2533.955717,   13.659993,    0.662795
2016-07-25 00:00:00, 2476.961200,   13.508601,    0.654024
2016-07-26 00:00:00, 2420.136663,   13.507136,    0.653886
2016-07-27 00:00:00, 2362.079811,   13.505861,    0.653763
2016-07-28 00:00:00, 2309.467041,   13.504618,    0.653646
2016-07-29 00:00:00, 2286.918875,   13.504103,    0.653533
2016-07-30 00:00:00, 2219.445949,   13.683286,    0.663755
2016-07-31 00:00:00, 2171.808172,   13.756960,    0.667953
2016-08-01 00:00:00, 2119.362114,   13.451921,    0.650455
2016-08-02 00:00:00, 2059.494445,   13.460417,    0.650911
2016-08-03 00:00:00, 2038.638125,   13.467555,    0.651294
2016-08-04 00:00:00, 2276.631517,   13.560537,    0.656512
2016-08-05 00:00:00, 2225.507728,   13.638481,    0.655377
2016-08-06 00:00:00, 2282.641232,   13.526722,    0.648796
2016-08-07 00:00:00, 2274.669406,   13.758662,    0.662313
2016-08-08 00:00:00, 2273.508721,   13.662990,    0.651270
2016-08-09 00:00:00, 2238.744640,   13.558330,    0.651033
2016-08-10 00:00:00, 2216.634606,   13.555362,    0.650419
2016-08-11 00:00:00, 2217.264536,   13.867387,    0.649406
2016-08-12 00:00:00, 2167.016350,   13.731226,    0.649380
2016-08-13 00:00:00, 2116.153289,   13.626389,    0.642873
2016-08-14 00:00:00, 2064.581298,   13.598665,    0.641127
2016-08-15 00:00:00, 2164.534698,   13.637041,    0.643482
2016-08-16 00:00:00, 2113.354435,   13.639181,    0.643566
2016-08-17 00:00:00, 2227.876645,   13.640533,    0.643654
2016-08-18 00:00:00, 2168.172306,   13.687154,    0.646551
2016-08-19 00:00:00, 2196.767408,   13.737017,    0.649603
2016-08-20 00:00:00, 2161.432500,   13.739943,    0.649766
2016-08-21 00:00:00, 2190.808594,   13.743108,    0.649946
2016-08-22 00:00:00, 2127.509430,   13.533587,    0.637008
2016-08-23 00:00:00, 2074.411584,   13.544171,    0.637644
2016-08-24 00:00:00, 2019.726426,   13.882941,    0.658350
2016-08-25 00:00:00, 1963.713653,   13.891397,    0.658758
2016-08-26 00:00:00, 2035.373548,   13.899679,    0.659163
2016-08-27 00:00:00, 2609.072748,   13.907000,    0.659581
2016-08-28 00:00:00, 2942.690605,   13.915210,    0.659998
2016-08-29 00:00:00, 2865.271308,   13.923273,    0.660413
2016-08-30 00:00:00, 2793.010376,   13.930154,    0.660829
2016-08-31 00:00:00, 2930.879294,   13.938198,    0.661263
2016-09-01 00:00:00, 2916.360862,   13.945864,    0.661654
2016-09-02 00:00:00, 2842.869897,   13.953416,    0.662045
2016-09-03 00:00:00, 2767.089622,   13.962407,    0.662495
2016-09-04 00:00:00, 2694.742727,   13.970266,    0.662950
2016-09-05 00:00:00, 2621.289633,   13.978024,    0.663409
2016-09-06 00:00:00, 2549.042049,   13.943653,    0.660602
2016-09-07 00:00:00, 2535.580084,   13.951356,    0.660952
2016-09-08 00:00:00, 2464.300234,   13.959336,    0.661337
2016-09-09 00:00:00, 2401.748011,   13.967326,    0.661741
2016-09-10 00:00:00, 2343.282116,   13.975309,    0.662158
2016-09-11 00:00:00, 2266.720807,   13.983526,    0.662604
2016-09-12 00:00:00, 2191.423360,   13.992719,    0.663063
2016-09-13 00:00:00, 2121.617367,   14.001913,    0.663534
2016-09-14 00:00:00, 2061.294882,   14.010351,    0.664030
2016-09-15 00:00:00, 2053.827548,   14.019766,    0.664535
2016-09-16 00:00:00, 1991.646925,   14.029164,    0.665052
2016-09-17 00:00:00, 1943.056852,   14.038562,    0.665577
2016-09-18 00:00:00, 1998.667264,   14.047948,    0.666113
2016-09-19 00:00:00, 1967.736202,   14.057565,    0.666672
2016-09-20 00:00:00, 1921.731026,   14.067176,    0.667241
2016-09-21 00:00:00, 1874.587877,   14.077029,    0.667833
2016-09-22 00:00:00, 1901.517816,   14.087879,    0.668435
2016-09-23 00:00:00, 1843.002846,   13.844785,    0.652228
2016-09-24 00:00:00, 1807.081621,   13.853337,    0.652682
2016-09-25 00:00:00, 2524.186795,   13.861952,    0.653151
2016-09-26 00:00:00, 3134.887094,   13.871494,    0.653645
2016-09-27 00:00:00, 3151.422338,   13.881076,    0.654151
2016-09-28 00:00:00, 3046.647277,   13.890704,    0.654669
2016-09-29 00:00:00, 2957.791801,   13.900386,    0.655198
2016-09-30 00:00:00, 2878.056959,   13.910987,    0.655749
2016-10-01 00:00:00, 2812.886633,   13.922681,    0.656385
2016-10-02 00:00:00, 2719.449587,   13.933742,    0.657033
2016-10-03 00:00:00, 2662.880244,   13.943971,    0.657629
2016-10-04 00:00:00, 2598.719443,   13.954912,    0.658234
2016-10-05 00:00:00, 2527.118300,   13.965904,    0.658847
2016-10-06 00:00:00, 2460.229958,   13.976239,    0.659469
2016-10-07 00:00:00, 2393.280816,   13.987293,    0.660101
2016-10-08 00:00:00, 2409.925542,   13.998383,    0.660740
2016-10-09 00:00:00, 2317.561569,   14.009684,    0.661399
2016-10-10 00:00:00, 2246.841537,   14.021739,    0.662067
2016-10-11 00:00:00, 2179.942704,   14.033138,    0.662742
2016-10-12 00:00:00, 2105.908089,   14.044574,    0.663426
2016-10-13 00:00:00, 2045.335200,   14.056760,    0.664117
2016-10-14 00:00:00, 1986.041084,   14.068448,    0.664828
2016-10-15 00:00:00, 1893.793477,   14.080168,    0.665547
2016-10-16 00:00:00, 1835.659282,   14.092653,    0.666274
2016-10-17 00:00:00, 1774.752195,   14.105187,    0.667009
2016-10-18 00:00:00, 1711.228021,   14.117759,    0.667751
2016-10-19 00:00:00, 1684.174952,   14.130386,    0.668501
2016-10-20 00:00:00, 1615.660960,   14.142505,    0.669270
2016-10-21 00:00:00, 1561.100551,   14.154675,    0.670046
2016-10-22 00:00:00, 1503.448111,   14.167615,    0.670831
2016-10-23 00:00:00, 1450.738556,   14.180604,    0.671623
2016-10-24 00:00:00, 1397.444129,   14.194376,    0.672421
2016-10-25 00:00:00, 1356.685354,   14.208388,    0.673240
2016-10-26 00:00:00, 1317.406951,   14.221527,    0.674053
2016-10-27 00:00:00, 1273.121362,   14.234725,    0.674873
2016-10-28 00:00:00, 1229.678280,   14.248162,    0.675713
2016-10-29 00:00:00, 1186.097003,   14.261646,    0.676560
2016-10-30 00:00:00, 1128.909740,   14.275166,    0.677413
2016-10-31 00:00:00, 1071.459151,   14.289498,    0.678273
2016-11-01 00:00:00, 1026.249999,   14.301636,    0.678987
2016-11-02 00:00:00,  983.945842,   14.313051,    0.679704
2016-11-03 00:00:00,  939.676107,   14.327496,    0.680578
2016-11-04 00:00:00,  905.269136,   14.342003,    0.681459
2016-11-05 00:00:00,  871.746230,   14.355901,    0.682359
2016-11-06 00:00:00,  822.424246,   14.831872,    0.713557
2016-11-07 00:00:00,  771.487738,   14.850924,    0.714861
2016-11-08 00:00:00,  724.956321,   14.869404,    0.716097
2016-11-09 00:00:00,  686.545767,   14.888010,    0.717325
2016-11-10 00:00:00,  669.738785,   14.906541,    0.718539
2016-11-11 00:00:00,  631.899624,   14.923776,    0.719744
2016-11-12 00:00:00,  602.052001,   14.942286,    0.720945
2016-11-13 00:00:00,  573.216035,   14.960829,    0.722148
2016-11-14 00:00:00,  535.389953,   14.978148,    0.723353
2016-11-15 00:00:00,  504.856756,   14.996771,    0.724559
2016-11-16 00:00:00,  812.696092,   15.015437,    0.725769
2016-11-17 00:00:00,  773.051599,   15.034108,    0.726983
2016-11-18 00:00:00,  741.937504,   14.553763,    0.693796
2016-11-19 00:00:00,  705.151708,   14.569270,    0.694755
2016-11-20 00:00:00,  652.815885,   15.187689,    0.737351
2016-11-21 00:00:00,  618.156664,   15.207184,    0.738624
2016-11-22 00:00:00,  586.100878,   15.226715,    0.739901
2016-11-23 00:00:00,  556.436035,   15.244939,    0.741182
2016-11-24 00:00:00,  522.581463,   15.264592,    0.742465
2016-11-25 00:00:00,  488.917136,   15.284597,    0.743773
2016-11-26 00:00:00,  456.982937,   15.304358,    0.745064
2016-11-27 00:00:00,  423.774721,   15.324170,    0.746357
2016-11-28 00:00:00,  390.310789,   15.344033,    0.747653
2016-11-29 00:00:00,  349.503651,   15.363947,    0.748950
2016-11-30 00:00:00,  320.305272,   15.382501,    0.750250
2016-12-01 00:00:00,  288.679846,   15.405117,    0.751793
2016-12-02 00:00:00,  263.035853,   15.429211,    0.753340
2016-12-03 00:00:00,  240.941016,   15.449057,    0.754623
2016-12-04 00:00:00,  212.284052,   15.467808,    0.755930
2016-12-05 00:00:00,  185.097053,   15.488039,    0.757237
2016-12-06 00:00:00,  167.537704,   15.508017,    0.758523
2016-12-07 00:00:00,  140.281035,   15.526922,    0.759830
2016-12-08 00:00:00,  121.019327,   15.547284,    0.761135
2016-12-09 00:00:00,  105.168290,   15.567396,    0.762420
2016-12-10 00:00:00,   93.457958,   15.586124,    0.763703
2016-12-11 00:00:00,   81.073848,   15.604886,    0.764984
2016-12-12 00:00:00,   72.518744,   15.625081,    0.766263
2016-12-13 00:00:00,   56.096823,   15.645326,    0.767539
2016-12-14 00:00:00,   44.806414,   15.664196,    0.768813
2016-12-15 00:00:00,   33.691045,   15.683105,    0.770087
2016-12-16 00:00:00,   18.262662,   15.702034,    0.771357
2016-12-17 00:00:00,    7.016217,   15.721011,    0.772622
2016-12-18 00:00:00,    0.238137,   15.739719,    0.773864
2016-12-19 00:00:00,    0.000000,-9999.000000,-9999.000000
2016-12-20 00:00:00,    0.000000,-9999.000000,-9999.000000
2016-12-21 00:00:00,    0.000000,-9999.000000,-9999.000000
2016-12-22 00:00:00,    0.000000,-9999.000000,-9999.000000
2016-12-23 00:00:00,    0.000000,-9999.000000,-9999.000000
2016-12-24 00:00:00,    0.000000,-9999.000000,-9999.000000
2016-12-25 00:00:00,    0.000000,-9999.000000,-9999.000000
2016-12-26 00:00:00,    0.000000,-9999.000000,-9999.000000
2016-12-27 00:00:00,    0.000000,-9999.000000,-9999.000000
2016-12-28 00:00:00,    0.000000,-9999.000000,-9999.000000
2016-12-29 00:00:00,    0.000000,-9999.000000,-9999.000000
2016-12-30 00:00:00,    0.000000,-9999.000000,-9999.000000
2016-12-31 00:00:00,    0.000000,-9999.000000,-9999.000000
2017-01-01 00:00:00,    0.000000,-9999.000000,-9999.000000
2017-01-02 00:00:00,    0.000000,-9999.000000,-9999.000000
2017-01-03 00:00:00,    0.000000,-9999.000000,-9999.000000
2017-01-04 00:00:00,    0.000000,-9999.000000,-9999.000000
2017-01-05 00:00:00,    0.000000,-9999.000000,-9999.000000
2017-01-06 00:00:00,    0.000000,-9999.000000,-9999.000000
2017-01-07 00:00:00,    0.000000,-9999.000000,-9999.000000
2017-01-08 00:00:00,    0.000000,-9999.000000,-9999.000000
2017-01-09 00:00:00,    0.000000,-9999.000000,-9999.000000
2017-01-10 00:00:00,    0.000000,-9999.000000,-9999.000000
2017-01-11 00:00:00,    0.000000,-9999.000000,-9999.000000
2017-01-12 00:00:00,    0.000000,-9999.000000,-9999.000000
2017-01-13 00:00:00,    0.000000,-9999.000000,-9999.000000
2017-01-14 00:00:00,    0.000000,-9999.000000,-9999.000000
2017-01-15 00:00:00,    0.000000,-9999.000000,-9999.000000
2017-01-16 00:00:00,    0.000000,-9999.000000,-9999.000000
2017-01-17 00:00:00,    0.000000,-9999.000000,-9999.000000
2017-01-18 00:00:00,    0.000000,-9999.000000,-9999.000000
2017-01-19 00:00:00,    0.000000,-9999.000000,-9999.000000
2017-01-20 00:00:00,    0.000000,-9999.000000,-9999.000000
2017-01-21 00:00:00,    0.000000,-9999.000000,-9999.000000
2017-01-22 00:00:00,    0.000000,-9999.000000,-9999.000000
2017-01-23 00:00:00,    0.000000,-9999.000000,-9999.000000
2017-01-24 00:00:00,    0.000000,-9999.000000,-9999.000000
2017-01-25 00:00:00,    0.000000,-9999.000000,-9999.000000
2017-01-26 00:00:00,    0.000000,-9999.000000,-9999.000000
2017-01-27 00:00:00,    0.000000,-9999.000000,-9999.000000
2017-01-28 00:00:00,    0.000000,-9999.000000,-9999.000000
2017-01-29 00:00:00,    0.000000,-9999.000000,-9999.000000
2017-01-30 00:00:00,    0.000000,-9999.000000,-9999.000000
2017-01-31 00:00:00,    0.000000,-9999.000000,-9999.000000
2017-02-01 00:00:00,    0.000000,-9999.000000,-9999.000000
2017-02-02 00:00:00,    0.000000,-9999.000000,-9999.000000
2017-02-03 00:00:00,    0.000000,-9999.000000,-9999.000000
2017-02-04 00:00:00,    0.000000,-9999.000000,-9999.000000
2017-02-05 00:00:00,    0.000000,-9999.000000,-9999.000000
2017-02-06 00:00:00,    0.000000,-9999.000000,-9999.000000
2017-02-07 00:00:00,    0.000000,-9999.000000,-9999.000000
2017-02-08 00:00:00,    0.000000,-9999.000000,-9999.000000
2017-02-09 00:00:00,    0.000000,-9999.000000,-9999.000000
2017-02-10 00:00:00, 1085.661643,   16.672998,    0.833595
2017-02-11 00:00:00, 5527.023262,   16.681699,    0.834093
2017-02-12 00:00:00, 5513.715648,   16.690405,    0.834575
2017-02-13 00:00:00, 5327.740221,   16.698792,    0.835017
2017-02-14 00:00:00, 5149.869741,   16.707462,    0.835461
2017-02-15 00:00:00, 4972.664427,   16.715832,    0.835868
2017-02-16 00:00:00, 4794.930440,   16.722373,    0.836236
2017-02-17 00:00:00, 4637.065124,   16.730719,    0.836608
2017-02-18 00:00:00, 4496.786510,   16.738784,    0.836944
2017-02-19 00:00:00, 4344.268831,   16.745332,    0.837261
2017-02-20 00:00:00, 4191.507297,   16.751849,    0.837561
2017-02-21 00:00:00, 4032.724945,   16.758091,    0.837824
2017-02-22 00:00:00, 3891.916233,   16.764340,    0.838071
2017-02-23 00:00:00, 3765.520830,   16.770599,    0.838302
2017-02-24 00:00:00, 3625.001173,   16.901757,    0.847944
2017-02-25 00:00:00, 3489.094841,   16.906878,    0.848338
2017-02-26 00:00:00, 3337.194558,   16.911734,    0.848675
2017-02-27 00:00:00, 3180.024906,   16.917709,    0.848945
2017-02-28 00:00:00, 3036.151915,   16.921963,    0.849175
2017-03-01 00:00:00, 2907.009547,   16.923665,    0.849148
2017-03-02 00:00:00, 2805.219414,   16.925003,    0.849055
2017-03-03 00:00:00, 2678.792469,   16.926849,    0.849119
2017-03-04 00:00:00, 2539.477965,   16.930226,    0.849158
2017-03-05 00:00:00, 2432.312106,   16.933561,    0.849173
2017-03-06 00:00:00, 2347.816874,   16.935295,    0.849167
2017-03-07 00:00:00, 2266.295940,   16.937002,    0.849141
2017-03-08 00:00:00, 2177.489845,   16.938407,    0.849073
2017-03-09 00:00:00, 2090.428202,   16.939794,    0.848985
2017-03-10 00:00:00, 2005.874677,   16.941168,    0.848878
2017-03-11 00:00:00, 1931.095622,   16.942254,    0.848733
2017-03-12 00:00:00, 1853.493465,   16.941783,    0.848570
2017-03-13 00:00:00, 1809.002513,   16.941311,    0.848389
2017-03-14 00:00:00, 1770.445685,   16.942080,    0.848171
2017-03-15 00:00:00, 1701.530269,   16.941332,    0.847936
2017-03-16 00:00:00, 1609.184109,   16.940590,    0.847684
2017-03-17 00:00:00, 1539.936610,   16.326691,    0.801777
2017-03-18 00:00:00, 1475.383440,   17.055437,    0.856188
2017-03-19 00:00:00, 1427.810841,   17.054547,    0.856018
2017-03-20 00:00:00, 1385.282745,   17.053468,    0.855803
2017-03-21 00:00:00, 1336.839825,   17.052016,    0.855534
2017-03-22 00:00:00, 1772.640398,   17.048870,    0.855234
2017-03-23 00:00:00, 1727.310766,   17.045917,    0.854926
2017-03-24 00:00:00, 1676.072109,   17.044242,    0.854575
2017-03-25 00:00:00, 1611.403898,   17.042270,    0.854181
2017-03-26 00:00:00, 1553.060080,   17.038691,    0.853766
2017-03-27 00:00:00, 1491.511551,   17.035089,    0.853333
2017-03-28 00:00:00, 1429.068263,   17.031469,    0.852881
2017-03-29 00:00:00, 1379.705334,   17.027855,    0.852411
2017-03-30 00:00:00, 1332.912054,   17.022677,    0.851926
2017-03-31 00:00:00, 1279.312004,   17.017242,    0.851405
2017-04-01 00:00:00, 1230.831155,   17.015685,    0.851074
2017-04-02 00:00:00, 1188.073023,   17.014132,    0.850731
2017-04-03 00:00:00, 1130.422369,   17.010031,    0.850155
2017-04-04 00:00:00, 1082.764075,   17.004401,    0.849565
2017-04-05 00:00:00, 1059.459419,   17.000271,    0.849264
2017-04-06 00:00:00, 1041.086744,   16.997281,    0.848888
2017-04-07 00:00:00, 1011.993781,   16.992525,    0.848461
2017-04-08 00:00:00,  981.276506,   16.987637,    0.847995
2017-04-09 00:00:00,  942.598729,   16.982644,    0.847497
2017-04-10 00:00:00,  908.443419,   16.975835,    0.846954
2017-04-11 00:00:00,  878.578914,   16.970468,    0.846389
2017-04-12 00:00:00,  844.208953,   16.965068,    0.845803
2017-04-13 00:00:00,  906.140975,   16.957900,    0.845180
2017-04-14 00:00:00,  891.350479,   16.952213,    0.844542
2017-04-15 00:00:00,  871.669692,   16.946510,    0.843890
2017-04-16 00:00:00,  853.889630,   16.939353,    0.843222
2017-04-17 00:00:00,  835.622278,   16.932208,    0.842543
2017-04-18 00:00:00,  815.597175,   16.925071,    0.841851
2017-04-19 00:00:00,  795.611590,   16.919400,    0.841147
2017-04-20 00:00:00,  777.935645,   16.913520,    0.840417
2017-04-21 00:00:00,  753.319164,   16.906222,    0.839677
2017-04-22 00:00:00,  727.118463,   16.453134,    0.805101
2017-04-23 00:00:00,  705.070218,   16.452798,    0.805018
2017-04-24 00:00:00,  682.808193,   16.452014,    0.804868
2017-04-25 00:00:00,  661.849761,   16.450290,    0.804689
2017-04-26 00:00:00,  641.527439,   16.448405,    0.804479
2017-04-27 00:00:00,  624.568293,   16.953881,    0.843063
2017-04-28 00:00:00,  610.875600,   16.945834,    0.842297
2017-04-29 00:00:00,  598.113975,   16.937765,    0.841516
2017-04-30 00:00:00,  586.426996,   16.929681,    0.840720
2017-05-01 00:00:00,  572.121234,   16.918015,    0.839707
2017-05-02 00:00:00,  556.215526,   16.906170,    0.838668
2017-05-03 00:00:00,  538.872894,   16.897905,    0.837824
2017-05-04 00:00:00,  521.426650,   16.888413,    0.836987
2017-05-05 00:00:00,  508.303104,   16.878960,    0.836142
2017-05-06 00:00:00,  494.611600,   16.870773,    0.835276
2017-05-07 00:00:00,  483.560757,   16.480785,    0.805182
2017-05-08 00:00:00,  472.431983,   16.478466,    0.804977
2017-05-09 00:00:00,  457.314282,   16.476626,    0.804711
2017-05-10 00:00:00,  442.749685,   16.473701,    0.804408
2017-05-11 00:00:00,  428.237251,   16.470640,    0.804079
2017-05-12 00:00:00,  414.997671,   16.467484,    0.803728
2017-05-13 00:00:00,  518.905902,   16.464248,    0.803359
2017-05-14 00:00:00,  502.752746,   16.461809,    0.802973
2017-05-15 00:00:00,  493.822726,   16.458467,    0.802576
2017-05-16 00:00:00,  482.199055,   16.455081,    0.802166
2017-05-17 00:00:00,  471.786741,   16.451667,    0.801747
2017-05-18 00:00:00,  463.074935,   16.448233,    0.801318
2017-05-19 00:00:00,  456.747485,   16.444777,    0.800881
2017-05-20 00:00:00,  450.428885,   16.442698,    0.800722
2017-05-21 00:00:00,  437.204958,   16.441176,    0.800506
2017-05-22 00:00:00,  659.907565,   16.438563,    0.800246
2017-05-23 00:00:00,  630.871525,   16.435781,    0.799954
2017-05-24 00:00:00,  617.180727,   16.432874,    0.799639
2017-05-25 00:00:00,  603.300595,   16.429763,    0.799295
2017-05-26 00:00:00,  680.481134,   16.426695,    0.798946
2017-05-27 00:00:00,  760.791146,   16.423569,    0.798583
2017-05-28 00:00:00,  748.722059,   16.529720,    0.806631
2017-05-29 00:00:00,  732.046075,   16.609878,    0.811812
2017-05-30 00:00:00,  720.089352,   16.612024,    0.811805
2017-05-31 00:00:00,  746.587073,   16.613538,    0.811755
2017-06-01 00:00:00,  733.551148,   16.617246,    0.811866
2017-06-02 00:00:00,  721.586428,   16.620438,    0.811940
2017-06-03 00:00:00,  708.120884,   16.554936,    0.804611
2017-06-04 00:00:00,  695.088203,   16.553682,    0.804017
2017-06-05 00:00:00,  689.040063,   16.615273,    0.808077
2017-06-06 00:00:00,  674.969782,   16.283973,    0.742304
2017-06-07 00:00:00,  664.407989,   16.156613,    0.729643
2017-06-08 00:00:00,  646.270879,   16.150160,    0.741135
2017-06-09 00:00:00,  627.465283,   15.908845,    0.740477
2017-06-10 00:00:00,  615.459666,   15.724500,    0.739927
2017-06-11 00:00:00,  601.033217,   15.629530,    0.739321
2017-06-12 00:00:00,  589.432882,   15.505976,    0.738724
2017-06-13 00:00:00,  574.598256,   15.455326,    0.738131
2017-06-14 00:00:00,  835.779248,   15.588739,    0.730693
2017-06-15 00:00:00,  925.741423,   15.536370,    0.726471
2017-06-16 00:00:00,  926.508204,   15.505506,    0.726430
2017-06-17 00:00:00,  911.620333,   15.473935,    0.725823
2017-06-18 00:00:00,  897.535338,   15.421973,    0.721719
2017-06-19 00:00:00,  884.564953,   15.333218,    0.714707
2017-06-20 00:00:00,  867.488305,   15.407888,    0.720607
2017-06-21 00:00:00,  852.945752,   15.324069,    0.713987
2017-06-22 00:00:00, 1453.389585,   15.315978,    0.713347
2017-06-23 00:00:00, 2401.446259,   15.502928,    0.728170
2017-06-24 00:00:00, 2341.204745,   15.477565,    0.726169
2017-06-25 00:00:00, 2284.089533,   15.263934,    0.710303
2017-06-26 00:00:00, 2224.179312,   15.090547,    0.709862
2017-06-27 00:00:00, 2223.873876,   14.848399,    0.708481
2017-06-28 00:00:00, 2173.267712,   14.712742,    0.707937
2017-06-29 00:00:00, 2123.019117,   14.687601,    0.707479
2017-06-30 00:00:00, 2074.034104,   14.572354,    0.707042
2017-07-01 00:00:00, 2024.578688,   14.484638,    0.706484
2017-07-02 00:00:00, 3072.805300,   14.367589,    0.702549
2017-07-03 00:00:00, 3933.768584,   14.202891,    0.698765
2017-07-04 00:00:00, 3838.729912,   14.142391,    0.696627
2017-07-05 00:00:00, 3747.940656,   14.013801,    0.696260
2017-07-06 00:00:00, 3657.612850,   13.947886,    0.695896
2017-07-07 00:00:00, 4154.586586,   13.840175,    0.695562
2017-07-08 00:00:00, 4929.812484,   13.854706,    0.688928
2017-07-09 00:00:00, 4969.199578,   13.525740,    0.683782
2017-07-10 00:00:00, 5031.461670,   13.421023,    0.682716
2017-07-11 00:00:00, 5089.883386,   13.650243,    0.677306
2017-07-12 00:00:00, 5030.777782,   13.445162,    0.675698
2017-07-13 00:00:00, 4940.980655,   13.365149,    0.675053
2017-07-14 00:00:00, 4820.529331,   13.315569,    0.672399
2017-07-15 00:00:00, 4695.983137,   13.311369,    0.672073
2017-07-16 00:00:00, 4696.119258,   13.461009,    0.679543
2017-07-17 00:00:00, 4586.772644,   13.389409,    0.671977
2017-07-18 00:00:00, 4486.092841,   13.315900,    0.671610
2017-07-19 00:00:00, 4376.592482,   13.267645,    0.669072
2017-07-20 00:00:00, 4268.308974,   13.264015,    0.668809
2017-07-21 00:00:00, 4163.259101,   13.261430,    0.668562
2017-07-22 00:00:00, 4060.602958,   13.258718,    0.668302
2017-07-23 00:00:00, 3960.987084,   13.145006,    0.662508
2017-07-24 00:00:00, 3860.767489,   13.143438,    0.662340
2017-07-25 00:00:00, 3767.069996,   13.141794,    0.662176
2017-07-26 00:00:00, 3703.249522,   13.291932,    0.668924
2017-07-27 00:00:00, 3645.487928,   13.366165,    0.671896
2017-07-28 00:00:00, 3596.674485,   13.386312,    0.672696
2017-07-29 00:00:00, 3606.643364,   13.405911,    0.673446
2017-07-30 00:00:00, 3521.021144,   13.347500,    0.669480
2017-07-31 00:00:00, 3442.824220,   13.361051,    0.669959
2017-08-01 00:00:00, 3804.919939,   13.375986,    0.670492
2017-08-02 00:00:00, 4164.419657,   13.343262,    0.667936
2017-08-03 00:00:00, 4060.858290,   13.352785,    0.668232
2017-08-04 00:00:00, 3958.740524,   13.362925,    0.668550
2017-08-05 00:00:00, 3863.933515,   13.270001,    0.663043
2017-08-06 00:00:00, 3766.052641,   13.279170,    0.663349
2017-08-07 00:00:00, 3672.469116,   13.288903,    0.663664
2017-08-08 00:00:00, 3578.849432,   13.298362,    0.663977
2017-08-09 00:00:00, 5667.970949,   13.627229,    0.679403
2017-08-10 00:00:00, 7914.548187,   13.631082,    0.679421
2017-08-11 00:00:00, 7639.850019,   13.635919,    0.679473
2017-08-12 00:00:00, 8319.261746,   13.640662,    0.679548
2017-08-13 00:00:00, 8449.152313,   13.645583,    0.679654
2017-08-14 00:00:00, 8203.620057,   13.960281,    0.695096
2017-08-15 00:00:00, 7962.133727,   14.129205,    0.686483
2017-08-16 00:00:00, 7726.268269,   14.248698,    0.691085
2017-08-17 00:00:00, 7542.690689,   14.117934,    0.670951
2017-08-18 00:00:00, 7359.253735,   14.166250,    0.671905
2017-08-19 00:00:00, 7145.066878,   14.009090,    0.639255
2017-08-20 00:00:00, 7072.787601,   13.918458,    0.632811
2017-08-21 00:00:00, 6917.045885,   14.005984,    0.638983
2017-08-22 00:00:00, 6768.308059,   13.929966,    0.633590
2017-08-23 00:00:00, 6590.915251,   13.932154,    0.633738
2017-08-24 00:00:00, 6398.258106,   13.934515,    0.633904
2017-08-25 00:00:00, 6212.101706,   13.937634,    0.634076
2017-08-26 00:00:00, 6036.508507,   13.940906,    0.634269
2017-08-27 00:00:00, 5864.429317,   13.943366,    0.634452
2017-08-28 00:00:00, 5703.882644,   13.946864,    0.634671
2017-08-29 00:00:00, 5549.923226,   13.950316,    0.634895
2017-08-30 00:00:00, 5405.031129,   13.952947,    0.635123
2017-08-31 00:00:00, 5450.583997,   13.956119,    0.635320
2017-09-01 00:00:00, 5285.990518,   13.959245,    0.635523
2017-09-02 00:00:00, 5136.757393,   13.962703,    0.635755
2017-09-03 00:00:00, 5020.578264,   13.967275,    0.636035
2017-09-04 00:00:00, 4888.648020,   13.971111,    0.636319
2017-09-05 00:00:00, 4755.085590,   13.974937,    0.636608
2017-09-06 00:00:00, 4630.800829,   14.016514,    0.639536
2017-09-07 00:00:00, 4701.802111,   13.984187,    0.637206
2017-09-08 00:00:00, 4588.057730,   13.988920,    0.637525
2017-09-09 00:00:00, 4507.256874,   14.030942,    0.640509
2017-09-10 00:00:00, 4386.907664,   14.032991,    0.640639
2017-09-11 00:00:00, 4277.001756,   14.038307,    0.641026
2017-09-12 00:00:00, 4242.682158,   14.044372,    0.641417
2017-09-13 00:00:00, 4123.624428,   14.050476,    0.641811
2017-09-14 00:00:00, 4007.417986,   14.055973,    0.642224
2017-09-15 00:00:00, 3895.074069,   14.062320,    0.642643
2017-09-16 00:00:00, 3767.538177,   14.068684,    0.643068
2017-09-17 00:00:00, 3652.893326,   14.115219,    0.646371
2017-09-18 00:00:00, 3543.028480,   14.081507,    0.643942
2017-09-19 00:00:00, 3436.951638,   14.128568,    0.647303
2017-09-20 00:00:00, 3328.316686,   14.135565,    0.647811
2017-09-21 00:00:00, 3224.276461,   14.142769,    0.648338
2017-09-22 00:00:00, 3128.178718,   14.150880,    0.648871
2017-09-23 00:00:00, 3036.075724,   14.159017,    0.649409
2017-09-24 00:00:00, 3159.288128,   14.166277,    0.649954
2017-09-25 00:00:00, 3629.318079,   14.173778,    0.650540
2017-09-26 00:00:00, 3860.868838,   14.182386,    0.651144
2017-09-27 00:00:00, 3744.722337,   14.190981,    0.651750
2017-09-28 00:00:00, 3622.120451,   14.199592,    0.652362
2017-09-29 00:00:00, 3506.461859,   14.208232,    0.652979
2017-09-30 00:00:00, 3394.364371,   14.217993,    0.653618
2017-10-01 00:00:00, 3289.793092,   14.229134,    0.654363
2017-10-02 00:00:00, 3171.761221,   14.239478,    0.655117
2017-10-03 00:00:00, 3077.077414,   14.298560,    0.659389
2017-10-04 00:00:00, 2972.154832,   14.309348,    0.660137
2017-10-05 00:00:00, 2868.806412,   14.320146,    0.660888
2017-10-06 00:00:00, 2763.715624,   14.329922,    0.661643
2017-10-07 00:00:00, 2668.033229,   14.340767,    0.662406
2017-10-08 00:00:00, 2577.977247,   14.351651,    0.663173
2017-10-09 00:00:00, 2491.138713,   14.362813,    0.663963
2017-10-10 00:00:00, 2380.269740,   14.375021,    0.664760
2017-10-11 00:00:00, 2295.874218,   14.386232,    0.665564
2017-10-12 00:00:00, 2213.322743,   14.397898,    0.666430
2017-10-13 00:00:00, 2128.639364,   14.410548,    0.667294
2017-10-14 00:00:00, 2037.242205,   14.422424,    0.668176
2017-10-15 00:00:00, 1954.676654,   14.434316,    0.669061
2017-10-16 00:00:00, 1882.836870,   14.447255,    0.669951
2017-10-17 00:00:00, 1822.674884,   14.460239,    0.670846
2017-10-18 00:00:00, 1765.394317,   14.473271,    0.671747
2017-10-19 00:00:00, 1718.814999,   14.486356,    0.672654
2017-10-20 00:00:00, 1751.819513,   14.498701,    0.673584
2017-10-21 00:00:00, 1684.395845,   14.511009,    0.674521
2017-10-22 00:00:00, 1619.024539,   14.524481,    0.675464
2017-10-23 00:00:00, 1551.222045,   14.538024,    0.676414
2017-10-24 00:00:00, 1482.636810,   14.552681,    0.677371
2017-10-25 00:00:00, 1422.261345,   14.634494,    0.683215
2017-10-26 00:00:00, 1373.883393,   14.649101,    0.684285
2017-10-27 00:00:00, 1321.466917,   14.663690,    0.685354
2017-10-28 00:00:00, 1246.677874,   14.678488,    0.686442
2017-10-29 00:00:00, 1194.512963,   14.693342,    0.687532
2017-10-30 00:00:00, 1144.911508,   14.708251,    0.688625
2017-10-31 00:00:00, 1092.624102,   14.724346,    0.689723
2017-11-01 00:00:00, 1039.918000,   14.737177,    0.690595
2017-11-02 00:00:00,  988.067416,   14.748894,    0.691468
2017-11-03 00:00:00,  943.957672,   14.765112,    0.692575
2017-11-04 00:00:00,  903.476054,   14.781397,    0.693686
2017-11-05 00:00:00,  861.688460,   14.796548,    0.694804
2017-11-06 00:00:00,  824.200644,   14.812029,    0.695945
2017-11-07 00:00:00,  787.639357,   14.828751,    0.697091
2017-11-08 00:00:00,  757.274738,   14.845261,    0.698223
2017-11-09 00:00:00,  742.375840,   14.862130,    0.699379
2017-11-10 00:00:00,  734.506469,   14.878980,    0.700542
2017-11-11 00:00:00,  686.110904,   14.894741,    0.701708
2017-11-12 00:00:00,  648.340252,   14.911805,    0.702880
2017-11-13 00:00:00,  606.071204,   14.928932,    0.704057
2017-11-14 00:00:00,  566.727805,   14.944980,    0.705239
2017-11-15 00:00:00,  529.521192,   14.962940,    0.706537
2017-11-16 00:00:00,  499.019321,   14.980819,    0.707818
2017-11-17 00:00:00,  468.243917,   14.998662,    0.709089
2017-11-18 00:00:00,  437.473963,   15.016504,    0.710355
2017-11-19 00:00:00,  407.605927,   15.117122,    0.717653
2017-11-20 00:00:00,  388.335968,   15.135809,    0.718975
2017-11-21 00:00:00,  376.088837,   15.154246,    0.720275
2017-11-22 00:00:00,  343.576618,   15.172712,    0.721576
2017-11-23 00:00:00,  309.054331,   15.189964,    0.722877
2017-11-24 00:00:00,  281.550786,   15.208544,    0.724177
2017-11-25 00:00:00,  251.706349,   15.227484,    0.725499
2017-11-26 00:00:00,  222.526659,   15.246200,    0.726802
2017-11-27 00:00:00,  192.213050,   15.264970,    0.728106
2017-11-28 00:00:00,  163.414102,   15.283803,    0.729410
2017-11-29 00:00:00,  138.091811,   15.302698,    0.730714
2017-11-30 00:00:00,  119.592529,   15.320346,    0.732019
2017-12-01 00:00:00,   89.998509,   15.341812,    0.733556
2017-12-02 00:00:00,   66.423404,   15.364641,    0.735094
2017-12-03 00:00:00,   56.213474,   15.383527,    0.736380
2017-12-04 00:00:00,   47.322782,   15.401398,    0.737688
2017-12-05 00:00:00,   45.760833,   15.420665,    0.738994
2017-12-06 00:00:00,   44.604182,   15.439653,    0.740280
2017-12-07 00:00:00,   46.807247,   15.457623,    0.741585
2017-12-08 00:00:00,   34.170019,   15.477048,    0.742889
2017-12-09 00:00:00,   21.904366,   15.496258,    0.744171
2017-12-10 00:00:00,   12.990883,   15.514221,    0.745451
2017-12-11 00:00:00,    7.207836,   15.532236,    0.746729
2017-12-12 00:00:00,    1.839446,   15.552553,    0.748166
2017-12-13 00:00:00,    0.000000,-9999.000000,-9999.000000
2017-12-14 00:00:00,    0.000000,-9999.000000,-9999.000000
2017-12-15 00:00:00,    0.000000,-9999.000000,-9999.000000
2017-12-16 00:00:00,    0.000000,-9999.000000,-9999.000000
2017-12-17 00:00:00,    0.000000,-9999.000000,-9999.000000
2017-12-18 00:00:00,    0.000000,-9999.000000,-9999.000000
2017-12-19 00:00:00,    0.000000,-9999.000000,-9999.000000
2017-12-20 00:00:00,    0.000000,-9999.000000,-9999.000000
2017-12-21 00:00:00,    0.000000,-9999.000000,-9999.000000
2017-12-22 00:00:00,    0.000000,-9999.000000,-9999.000000
2017-12-23 00:00:00,    0.000000,-9999.000000,-9999.000000
2017-12-24 00:00:00,    0.000000,-9999.000000,-9999.000000
2017-12-25 00:00:00,    0.000000,-9999.000000,-9999.000000
2017-12-26 00:00:00,    0.000000,-9999.000000,-9999.000000
2017-12-27 00:00:00,    0.000000,-9999.000000,-9999.000000
2017-12-28 00:00:00,    0.000000,-9999.000000,-9999.000000
2017-12-29 00:00:00,    0.000000,-9999.000000,-9999.000000
2017-12-30 00:00:00,    0.000000,-9999.000000,-9999.000000
2017-12-31 00:00:00,    0.000000,-9999.000000,-9999.000000
2018-01-01 00:00:00,    0.000000,-9999.000000,-9999.000000
2018-01-02 00:00:00,    0.000000,-9999.000000,-9999.000000
2018-01-03 00:00:00,    0.000000,-9999.000000,-9999.000000
2018-01-04 00:00:00,    0.000000,-9999.000000,-9999.000000
2018-01-05 00:00:00,    0.000000,-9999.000000,-9999.000000
2018-01-06 00:00:00,    0.000000,-9999.000000,-9999.000000
2018-01-07 00:00:00,    0.000000,-9999.000000,-9999.000000
2018-01-08 00:00:00,    0.000000,-9999.000000,-9999.000000
2018-01-09 00:00:00,    0.000000,-9999.000000,-9999.000000
2018-01-10 00:00:00,    0.000000,-9999.000000,-9999.000000
2018-01-11 00:00:00,    0.000000,-9999.000000,-9999.000000
2018-01-12 00:00:00,    0.000000,-9999.000000,-9999.000000
2018-01-13 00:00:00,    0.000000,-9999.000000,-9999.000000
2018-01-14 00:00:00,    0.000000,-9999.000000,-9999.000000
2018-01-15 00:00:00,    0.000000,-9999.000000,-9999.000000
2018-01-16 00:00:00, 2615.346632,   16.266501,    0.798100
2018-01-17 00:00:00, 8152.474208,   16.281492,    0.799098
2018-01-18 00:00:00, 7850.459922,   16.296422,    0.800079
2018-01-19 00:00:00, 7553.892506,   16.311627,    0.801068
2018-01-20 00:00:00, 7256.115936,   16.326536,    0.802018
2018-01-21 00:00:00, 7019.123436,   16.339983,    0.802954
2018-01-22 00:00:00, 6790.033845,   16.353400,    0.803875
2018-01-23 00:00:00, 6545.844766,   16.367989,    0.804761
2018-01-24 00:00:00, 6483.429580,   16.381122,    0.805632
2018-01-25 00:00:00, 6254.543317,   16.394233,    0.806487
2018-01-26 00:00:00, 6028.926069,   16.407097,    0.807305
2018-01-27 00:00:00, 5825.813510,   16.419969,    0.808110
2018-01-28 00:00:00, 5654.891310,   16.432844,    0.808901
2018-01-29 00:00:00, 5475.171995,   16.444256,    0.809677
2018-01-30 00:00:00, 5277.274147,   16.457126,    0.810438
2018-01-31 00:00:00, 5098.600275,   16.469725,    0.811163
2018-02-01 00:00:00, 4894.720243,   16.478820,    0.811760
2018-02-02 00:00:00, 4707.916626,   16.489400,    0.812344
2018-02-03 00:00:00, 4519.670147,   16.502014,    0.813031
2018-02-04 00:00:00, 4333.608953,   16.512902,    0.813683
2018-02-05 00:00:00, 4125.869628,   16.648987,    0.823881
2018-02-06 00:00:00, 3930.058739,   16.659191,    0.824700
2018-02-07 00:00:00, 3779.322288,   16.669175,    0.825471
2018-02-08 00:00:00, 3656.636736,   16.680250,    0.826181
2018-02-09 00:00:00, 3539.500798,   16.691216,    0.826856
2018-02-10 00:00:00, 3396.617111,   16.701807,    0.827479
2018-02-11 00:00:00, 3233.000581,   16.710796,    0.828077
2018-02-12 00:00:00, 3074.696453,   16.719724,    0.828652
2018-02-13 00:00:00, 2945.141822,   16.728322,    0.829181
2018-02-14 00:00:00, 2839.709939,   16.737171,    0.829708
2018-02-15 00:00:00, 2726.610900,   16.745698,    0.830194
2018-02-16 00:00:00, 2611.008556,   16.752385,    0.830637
2018-02-17 00:00:00, 2499.499602,   16.760861,    0.831082
2018-02-18 00:00:00, 2407.304344,   16.769024,    0.831487
2018-02-19 00:00:00, 2295.204410,   16.775658,    0.831871
2018-02-20 00:00:00, 2196.424742,   16.782278,    0.832237
2018-02-21 00:00:00, 2113.900746,   16.788558,    0.832564
2018-02-22 00:00:00, 2016.184902,   16.794868,    0.832873
2018-02-23 00:00:00, 1938.238715,   16.801174,    0.833164
2018-02-24 00:00:00, 1877.480685,   16.807192,    0.833416
2018-02-25 00:00:00, 1813.352835,   16.811673,    0.833650
2018-02-26 00:00:00, 1758.169913,   16.816169,    0.833868
2018-02-27 00:00:00, 1685.045599,   16.821886,    0.834048
2018-02-28 00:00:00, 1603.180148,   16.826104,    0.834209
2018-03-01 00:00:00, 1508.153598,   16.827996,    0.834141
2018-03-02 00:00:00, 1432.788503,   16.950682,    0.843392
2018-03-03 00:00:00, 1361.903582,   16.953235,    0.843612
2018-03-04 00:00:00, 1303.563325,   16.957137,    0.843779
2018-03-05 00:00:00, 1239.157154,   16.960875,    0.843903
2018-03-06 00:00:00, 1172.012495,   16.962912,    0.843992
2018-03-07 00:00:00, 1112.544740,   16.964866,    0.844051
2018-03-08 00:00:00, 1050.765497,   16.966473,    0.844061
2018-03-09 00:00:00, 1001.292356,   16.968029,    0.844045
2018-03-10 00:00:00,  959.298559,   16.969542,    0.844006
2018-03-11 00:00:00,  909.830104,   16.970744,    0.843925
2018-03-12 00:00:00,  850.549443,   16.970364,    0.843822
2018-03-13 00:00:00,  803.616890,   16.969961,    0.843699
2018-03-14 00:00:00,  767.026007,   16.970817,    0.843537
2018-03-15 00:00:00,  719.233347,   16.970120,    0.843356
2018-03-16 00:00:00,  678.209842,   16.969409,    0.843156
2018-03-17 00:00:00,  655.867969,   16.968697,    0.842941
2018-03-18 00:00:00,  632.680345,   16.967975,    0.842710
2018-03-19 00:00:00,  593.055095,   16.966994,    0.842440
2018-03-20 00:00:00,  552.998534,   16.966016,    0.842154
2018-03-21 00:00:00,  520.502466,   16.964778,    0.841834
2018-03-22 00:00:00,  499.396046,   17.073395,    0.850219
2018-03-23 00:00:00,  479.827391,   17.071081,    0.850051
2018-03-24 00:00:00,  457.957090,   17.069871,    0.849812
2018-03-25 00:00:00,  434.172310,   17.068243,    0.849511
2018-03-26 00:00:00,  408.293267,   17.064920,    0.849178
2018-03-27 00:00:00,  390.414339,   17.061522,    0.848817
2018-03-28 00:00:00,  370.054450,   17.058068,    0.848431
2018-03-29 00:00:00,  344.296983,   17.054567,    0.848021
2018-03-30 00:00:00,  320.655206,   17.049472,    0.847592
2018-03-31 00:00:00,  299.184354,   17.044104,    0.847124
2018-04-01 00:00:00,  274.881491,   17.042599,    0.846844
2018-04-02 00:00:00,  251.723838,   17.041082,    0.846551
2018-04-03 00:00:00,  231.579445,   17.037003,    0.846020
2018-04-04 00:00:00,  211.319473,   17.031386,    0.845475
2018-04-05 00:00:00,  199.281578,   17.025776,    0.844913
2018-04-06 00:00:00,  191.592694,   17.021706,    0.844339
2018-04-07 00:00:00,  187.953217,   17.016111,    0.843753
2018-04-08 00:00:00,  172.973134,   17.010536,    0.843154
2018-04-09 00:00:00,  151.833906,   17.006346,    0.842819
2018-04-10 00:00:00,  145.034028,   17.000061,    0.842398
2018-04-11 00:00:00,  251.992659,   16.995062,    0.841928
2018-04-12 00:00:00,  236.968248,   16.989920,    0.841422
2018-04-13 00:00:00,  229.377074,   16.982959,    0.840869
2018-04-14 00:00:00,  220.553813,   16.977426,    0.840292
2018-04-15 00:00:00,  206.739236,   16.971850,    0.839695
2018-04-16 00:00:00,  195.458210,   16.964777,    0.839078
2018-04-17 00:00:00,  191.546283,   16.957679,    0.838446
2018-04-18 00:00:00,  179.891561,   16.950554,    0.837799
2018-04-19 00:00:00,  167.628770,   16.944893,    0.837138
2018-04-20 00:00:00,  157.615584,   16.939022,    0.836448
2018-04-21 00:00:00,  147.456197,   16.931716,    0.835747
2018-04-22 00:00:00,  140.097754,   16.924651,    0.835053
2018-04-23 00:00:00,  137.304115,   16.917386,    0.834332
2018-04-24 00:00:00,  131.184174,   16.468913,    0.798997
2018-04-25 00:00:00,  128.225293,   16.984578,    0.839548
2018-04-26 00:00:00,  148.638114,   16.975786,    0.838931
2018-04-27 00:00:00,  156.754702,   16.968086,    0.838253
2018-04-28 00:00:00,  156.565867,   16.960270,    0.837545
2018-04-29 00:00:00,  150.147975,   16.952383,    0.836813
2018-04-30 00:00:00,  143.523406,   16.944461,    0.836061
2018-05-01 00:00:00,  138.773248,   16.932954,    0.835089
2018-05-02 00:00:00,  133.894143,   16.921249,    0.834087
2018-05-03 00:00:00,  129.161794,   16.913089,    0.833277
2018-05-04 00:00:00,  123.148814,   16.903700,    0.832474
2018-05-05 00:00:00,  118.771524,   16.894333,    0.831662
2018-05-06 00:00:00,  110.041584,   16.886212,    0.830827
2018-05-07 00:00:00,   99.324325,   16.876706,    0.829987
2018-05-08 00:00:00,   94.741776,   16.867433,    0.829156
2018-05-09 00:00:00,   90.330898,   16.493490,    0.799337
2018-05-10 00:00:00,   84.160577,   16.490963,    0.799126
2018-05-11 00:00:00,   77.483082,   16.488195,    0.798869
2018-05-12 00:00:00,   70.985313,   16.485254,    0.798579
2018-05-13 00:00:00,   63.120153,   16.482188,    0.798263
2018-05-14 00:00:00,   57.332512,   16.479894,    0.797926
2018-05-15 00:00:00,   58.802554,   16.476659,    0.797573
2018-05-16 00:00:00,   79.470366,   16.473352,    0.797205
2018-05-17 00:00:00,  128.937174,   16.470004,    0.796825
2018-05-18 00:00:00,  126.809481,   16.466619,    0.796434
2018-05-19 00:00:00,  122.536493,   16.463220,    0.796032
2018-05-20 00:00:00,  190.605373,   16.459680,    0.795614
2018-05-21 00:00:00,  186.167052,   16.457061,    0.795197
2018-05-22 00:00:00,  183.462606,   16.455010,    0.795051
2018-05-23 00:00:00,  180.839771,   16.452588,    0.794843
2018-05-24 00:00:00,  177.424775,   16.449930,    0.794594
2018-05-25 00:00:00,  776.902545,   16.446990,    0.794306
2018-05-26 00:00:00, 1584.568720,   16.444043,    0.794005
2018-05-27 00:00:00, 1547.706317,   16.441012,    0.793686
2018-05-28 00:00:00, 1514.287673,   16.438710,    0.793353
2018-05-29 00:00:00, 1503.636095,   16.475335,    0.796258
2018-05-30 00:00:00, 1589.694676,   16.471319,    0.795836
2018-05-31 00:00:00, 1553.384240,   16.467280,    0.795408
2018-06-01 00:00:00, 1646.128144,   16.465477,    0.795139
2018-06-02 00:00:00, 1626.350196,   16.464928,    0.795113
2018-06-03 00:00:00, 1589.597431,   16.461802,    0.794865
2018-06-04 00:00:00, 1552.034733,   16.459292,    0.794579
2018-06-05 00:00:00, 1513.569367,   16.455812,    0.794266
2018-06-06 00:00:00, 1476.248200,   16.452345,    0.793944
2018-06-07 00:00:00, 1441.917964,   16.331129,    0.756858
2018-06-08 00:00:00, 1407.794365,   16.237506,    0.756284
2018-06-09 00:00:00, 1371.095898,   16.196836,    0.755885
2018-06-10 00:00:00, 1843.953206,   15.979501,    0.755457
2018-06-11 00:00:00, 2343.417144,   15.730069,    0.752706
2018-06-12 00:00:00, 2270.005503,   15.577682,    0.749944
2018-06-13 00:00:00, 2188.920241,   15.251751,    0.749686
2018-06-14 00:00:00, 2187.341233,   15.013542,    0.748009
2018-06-15 00:00:00, 2204.542093,   15.054238,    0.746059
2018-06-16 00:00:00, 2152.816792,   14.971460,    0.745477
2018-06-17 00:00:00, 2108.398248,   14.810562,    0.735655
2018-06-18 00:00:00, 2111.347285,   15.101690,    0.743353
2018-06-19 00:00:00, 2061.457480,   15.012418,    0.742781
2018-06-20 00:00:00, 2108.806606,   15.156247,    0.742213
2018-06-21 00:00:00, 2151.435390,   15.196232,    0.744599
2018-06-22 00:00:00, 2104.308895,   14.906318,    0.725789
2018-06-23 00:00:00, 2069.187437,   14.910900,    0.725983
2018-06-24 00:00:00, 2334.919704,   14.918271,    0.726120
2018-06-25 00:00:00, 2314.965028,   15.585910,    0.765549
2018-06-26 00:00:00, 2260.264278,   15.608790,    0.731455
2018-06-27 00:00:00, 3127.455154,   15.581170,    0.731035
2018-06-28 00:00:00, 4441.398464,   15.595740,    0.720663
2018-06-29 00:00:00, 4469.523590,   15.489609,    0.716467
2018-06-30 00:00:00, 4582.716477,   15.297057,    0.710306
2018-07-01 00:00:00, 4478.945529,   15.145271,    0.709403
2018-07-02 00:00:00, 4404.930754,   14.881644,    0.708049
2018-07-03 00:00:00, 5876.539127,   14.725571,    0.706444
2018-07-04 00:00:00, 7327.698174,   14.543234,    0.700971
2018-07-05 00:00:00, 7119.002006,   14.433220,    0.695771
2018-07-06 00:00:00, 6919.086213,   14.385157,    0.695473
2018-07-07 00:00:00, 6728.018128,   14.365550,    0.695196
2018-07-08 00:00:00, 6542.504791,   14.248814,    0.694899
2018-07-09 00:00:00, 6355.837020,   14.098491,    0.694662
2018-07-10 00:00:00, 6186.888616,   13.976795,    0.694474
2018-07-11 00:00:00, 6201.028916,   13.816664,    0.691437
2018-07-12 00:00:00, 6034.701200,   13.731123,    0.691114
2018-07-13 00:00:00, 5874.658276,   13.718097,    0.690312
2018-07-14 00:00:00, 5718.843986,   13.713836,    0.689973
2018-07-15 00:00:00, 5807.603033,   13.709600,    0.689640
2018-07-16 00:00:00, 5738.490079,   13.674278,    0.687693
2018-07-17 00:00:00, 5581.431797,   13.569111,    0.682177
2018-07-18 00:00:00, 5430.691131,   13.711532,    0.689427
2018-07-19 00:00:00, 5298.770631,   13.707472,    0.689133
2018-07-20 00:00:00, 5567.287669,   13.703626,    0.688859
2018-07-21 00:00:00, 5447.152633,   13.700613,    0.688592
2018-07-22 00:00:00, 5554.596071,   13.697645,    0.688331
2018-07-23 00:00:00, 5413.216495,   13.694014,    0.688089
2018-07-24 00:00:00, 5281.428963,   13.691473,    0.687870
2018-07-25 00:00:00, 5328.999646,   13.688962,    0.687656
2018-07-26 00:00:00, 5308.155476,   13.686565,    0.687460
2018-07-27 00:00:00, 5523.635206,   13.684245,    0.687270
2018-07-28 00:00:00, 5568.771305,   13.681979,    0.687087
2018-07-29 00:00:00, 5408.218593,   13.680669,    0.686911
2018-07-30 00:00:00, 5361.293763,   13.584228,    0.681998
2018-07-31 00:00:00, 5306.650478,   13.676409,    0.686591
2018-08-01 00:00:00, 5243.579028,   13.583510,    0.681835
2018-08-02 00:00:00, 5235.368291,   13.583485,    0.681806
2018-08-03 00:00:00, 5085.754070,   13.582159,    0.681716
2018-08-04 00:00:00, 4951.592190,   13.582068,    0.681661
2018-08-05 00:00:00, 4813.644187,   13.581991,    0.681609
2018-08-06 00:00:00, 4665.991630,   13.581930,    0.681560
2018-08-07 00:00:00, 4583.914439,   13.625467,    0.683667
2018-08-08 00:00:00, 4455.952670,   13.626348,    0.683643
2018-08-09 00:00:00, 4337.897961,   13.626339,    0.683623
2018-08-10 00:00:00, 4228.418047,   13.626600,    0.683620
2018-08-11 00:00:00, 4119.781893,   13.627698,    0.683621
2018-08-12 00:00:00, 4014.783446,   13.628829,    0.683627
2018-08-13 00:00:00, 4342.514647,   13.630385,    0.683674
2018-08-14 00:00:00, 4252.308737,   13.631679,    0.683711
2018-08-15 00:00:00, 4222.146999,   13.633136,    0.683763
2018-08-16 00:00:00, 4144.449246,   13.635657,    0.683831
2018-08-17 00:00:00, 4041.999251,   13.637114,    0.683891
2018-08-18 00:00:00, 3939.353550,   13.638811,    0.683968
2018-08-19 00:00:00, 3841.634791,   13.687813,    0.686380
2018-08-20 00:00:00, 3751.592517,   13.690470,    0.686488
2018-08-21 00:00:00, 3885.228548,   13.693325,    0.686610
2018-08-22 00:00:00, 3825.643948,   13.696148,    0.686736
2018-08-23 00:00:00, 3739.579096,   13.698989,    0.686867
2018-08-24 00:00:00, 3646.224956,   13.702060,    0.687015
2018-08-25 00:00:00, 3553.390896,   13.706032,    0.687168
2018-08-26 00:00:00, 3467.610042,   13.710266,    0.687362
2018-08-27 00:00:00, 3374.462050,   13.713796,    0.687568
2018-08-28 00:00:00, 3282.790694,   13.718184,    0.687776
2018-08-29 00:00:00, 3194.119676,   13.722557,    0.687988
2018-08-30 00:00:00, 3108.536581,   13.726053,    0.688205
2018-08-31 00:00:00, 3029.653145,   13.730671,    0.688438
2018-09-01 00:00:00, 2983.429682,   13.735062,    0.688640
2018-09-02 00:00:00, 2916.306056,   13.739460,    0.688846
2018-09-03 00:00:00, 2832.174419,   13.798007,    0.691772
2018-09-04 00:00:00, 2757.781373,   13.803135,    0.692076
2018-09-05 00:00:00, 2672.960788,   13.808222,    0.692383
2018-09-06 00:00:00, 2594.839603,   13.814243,    0.692693
2018-09-07 00:00:00, 2515.165663,   13.820266,    0.693009
2018-09-08 00:00:00, 2441.133510,   13.826530,    0.693341
2018-09-09 00:00:00, 2370.319891,   13.832797,    0.693680
2018-09-10 00:00:00, 2302.383674,   13.839100,    0.694024
2018-09-11 00:00:00, 2238.555519,   13.845662,    0.694386
2018-09-12 00:00:00, 2173.314303,   13.853198,    0.694755
2018-09-13 00:00:00, 2113.601780,   13.860759,    0.695132
2018-09-14 00:00:00, 2060.394711,   13.867619,    0.695527
2018-09-15 00:00:00, 2005.874755,   13.875849,    0.695986
2018-09-16 00:00:00, 1938.747185,   13.883982,    0.696444
2018-09-17 00:00:00, 1946.361483,   13.892083,    0.696903
2018-09-18 00:00:00, 2146.138609,   13.900158,    0.697364
2018-09-19 00:00:00, 2076.963574,   13.908474,    0.697842
2018-09-20 00:00:00, 2014.512817,   13.916781,    0.698326
2018-09-21 00:00:00, 2066.929922,   13.925353,    0.698827
2018-09-22 00:00:00, 2019.602561,   13.934885,    0.699334
2018-09-23 00:00:00, 1967.644895,   13.944435,    0.699849
2018-09-24 00:00:00, 1914.182298,   14.011576,    0.703402
2018-09-25 00:00:00, 1862.261291,   14.020428,    0.703948
2018-09-26 00:00:00, 1809.690055,   14.030601,    0.704516
2018-09-27 00:00:00, 1916.174412,   14.040777,    0.705091
2018-09-28 00:00:00, 1866.922749,   14.050994,    0.705675
2018-09-29 00:00:00, 1811.580296,   14.061268,    0.706266
2018-09-30 00:00:00, 1754.867510,   14.072891,    0.706880
2018-10-01 00:00:00, 1710.514580,   14.086111,    0.707607
2018-10-02 00:00:00, 1785.569641,   14.098357,    0.708346
2018-10-03 00:00:00, 1724.656363,   14.109284,    0.709002
2018-10-04 00:00:00, 1674.652395,   14.121336,    0.709668
2018-10-05 00:00:00, 1632.902277,   14.133978,    0.710424
2018-10-06 00:00:00, 1585.362138,   14.145451,    0.711174
2018-10-07 00:00:00, 1542.138004,   14.157963,    0.711923
2018-10-08 00:00:00, 1502.523004,   14.170456,    0.712673
2018-10-09 00:00:00, 1449.389750,   14.183207,    0.713440
2018-10-10 00:00:00, 1395.860459,   14.197038,    0.714212
2018-10-11 00:00:00, 1348.791898,   14.209842,    0.714989
2018-10-12 00:00:00, 1303.636010,   14.222675,    0.715773
2018-10-13 00:00:00, 1241.433039,   14.236605,    0.716564
2018-10-14 00:00:00, 1198.926405,   14.249752,    0.717375
2018-10-15 00:00:00, 1161.380108,   14.262927,    0.718193
2018-10-16 00:00:00, 1108.541743,   14.277246,    0.719020
2018-10-17 00:00:00, 1071.479649,   14.291619,    0.719853
2018-10-18 00:00:00, 1141.694630,   14.306024,    0.720694
2018-10-19 00:00:00, 1091.193246,   14.320479,    0.721542
2018-10-20 00:00:00, 1045.853824,   14.334173,    0.722412
2018-10-21 00:00:00, 1005.409817,   14.347909,    0.723290
2018-10-22 00:00:00,  979.662035,   14.362801,    0.724176
2018-10-23 00:00:00,  943.977983,   14.377696,    0.725069
2018-10-24 00:00:00,  911.541791,   14.393783,    0.725970
2018-10-25 00:00:00,  974.362933,   14.410197,    0.726893
2018-10-26 00:00:00,  957.936288,   14.425269,    0.727808
2018-10-27 00:00:00,  924.931361,   14.440384,    0.728731
2018-10-28 00:00:00,  887.733191,   14.455869,    0.729677
2018-10-29 00:00:00,  843.950983,   14.471399,    0.730629
2018-10-30 00:00:00,  802.109773,   14.487008,    0.731589
2018-10-31 00:00:00,  760.353091,   14.503813,    0.732556
2018-11-01 00:00:00,  721.938255,   14.517294,    0.733312
2018-11-02 00:00:00,  725.944459,   14.529670,    0.734071
2018-11-03 00:00:00,  706.929949,   14.546595,    0.735053
2018-11-04 00:00:00,  672.800692,   14.563552,    0.736042
2018-11-05 00:00:00,  766.535737,   14.579453,    0.737038
2018-11-06 00:00:00,  851.001114,   14.595634,    0.738056
2018-11-07 00:00:00,  811.017132,   14.613081,    0.739080
2018-11-08 00:00:00,  828.309927,   14.630308,    0.740095
2018-11-09 00:00:00,  796.701671,   14.647875,    0.741131
2018-11-10 00:00:00,  770.888829,   14.665525,    0.742175
2018-11-11 00:00:00,  732.976771,   14.682080,    0.743223
2018-11-12 00:00:00,  698.653600,   14.699872,    0.744277
2018-11-13 00:00:00,  665.138220,   14.717733,    0.745338
2018-11-14 00:00:00,  633.259786,   14.734464,    0.746405
2018-11-15 00:00:00,  592.122075,   14.752426,    0.747475
2018-11-16 00:00:00,  563.891848,   14.770486,    0.748550
2018-11-17 00:00:00,  551.282968,   14.874522,    0.754711
2018-11-18 00:00:00,  516.236171,   14.893221,    0.755836
2018-11-19 00:00:00,  478.333524,   14.912915,    0.757116
2018-11-20 00:00:00,  443.250674,   14.932752,    0.758387
2018-11-21 00:00:00,  413.081038,   14.952218,    0.759626
2018-11-22 00:00:00,  384.180711,   14.971652,    0.760854
2018-11-23 00:00:00,  349.571277,   14.989796,    0.762077
2018-11-24 00:00:00,  316.318032,   15.009227,    0.763295
2018-11-25 00:00:00,  295.424358,   15.028959,    0.764529
2018-11-26 00:00:00,  256.639862,   15.048416,    0.765744
2018-11-27 00:00:00,  226.597945,   15.067908,    0.766958
2018-11-28 00:00:00,  204.372248,   15.087437,    0.768170
2018-11-29 00:00:00,  177.853322,   15.107013,    0.769382
2018-11-30 00:00:00,  153.778169,   15.125347,    0.770594
2018-12-01 00:00:00,  128.815272,   15.147525,    0.772025
2018-12-02 00:00:00,  107.333243,   15.171083,    0.773458
2018-12-03 00:00:00,   86.946680,   15.190600,    0.774652
2018-12-04 00:00:00,   71.099810,   15.209144,    0.775864
2018-12-05 00:00:00,   60.657346,   15.229039,    0.777075
2018-12-06 00:00:00,  170.421426,   15.248685,    0.778268
2018-12-07 00:00:00,  179.715355,   15.267307,    0.779478
2018-12-08 00:00:00,  166.066206,   15.287308,    0.780686
2018-12-09 00:00:00,  151.955460,   15.307039,    0.781875
2018-12-10 00:00:00,  135.461219,   15.325523,    0.783062
2018-12-11 00:00:00,  118.514848,   15.344066,    0.784247
2018-12-12 00:00:00,  575.899538,   15.363968,    0.785430
2018-12-13 00:00:00,  548.927280,   15.383841,    0.786609
2018-12-14 00:00:00,  526.174500,   15.402435,    0.787786
2018-12-15 00:00:00,  503.213865,   15.421117,    0.788963
2018-12-16 00:00:00,  477.787750,   15.439804,    0.790136
2018-12-17 00:00:00,  456.258513,   15.458588,    0.791304
2018-12-18 00:00:00,  426.419231,   15.477110,    0.792451
2018-12-19 00:00:00,  394.828169,   15.495672,    0.793595
2018-12-20 00:00:00,  365.481673,   15.514579,    0.794753
2018-12-21 00:00:00,  336.106217,   15.533231,    0.795889
2018-12-22 00:00:00,  303.787938,   15.551926,    0.797020
2018-12-23 00:00:00,  269.404222,   15.570663,    0.798147
2018-12-24 00:00:00,  240.092796,   15.589139,    0.799249
2018-12-25 00:00:00,  209.862624,   15.607661,    0.800346
2018-12-26 00:00:00,  183.167212,   15.626226,    0.801438
2018-12-27 00:00:00,  156.105525,   15.644835,    0.802524
2018-12-28 00:00:00,  133.376858,   15.663479,    0.803605
2018-12-29 00:00:00,  114.865419,   15.680792,    0.804680
2018-12-30 00:00:00,   97.188069,   15.808190,    0.812734
2018-12-31 00:00:00,   78.601596,   15.826980,    0.813798
2019-01-01 00:00:00,   58.704204,   15.841645,    0.814609
2019-01-02 00:00:00,   41.286607,   15.855201,    0.815435
2019-01-03 00:00:00,   22.326876,   15.873843,    0.816700
2019-01-04 00:00:00,   10.220175,   15.891881,    0.817892
2019-01-05 00:00:00,    5.522522,   15.910048,    0.819067
2019-01-06 00:00:00,    0.000000,-9999.000000,-9999.000000
2019-01-07 00:00:00,    0.000000,-9999.000000,-9999.000000
2019-01-08 00:00:00,    0.000000,-9999.000000,-9999.000000
2019-01-09 00:00:00,    0.000000,-9999.000000,-9999.000000
2019-01-10 00:00:00,    0.000000,-9999.000000,-9999.000000
2019-01-11 00:00:00,    0.000000,-9999.000000,-9999.000000
2019-01-12 00:00:00,    0.000000,-9999.000000,-9999.000000
2019-01-13 00:00:00,    0.000000,-9999.000000,-9999.000000
2019-01-14 00:00:00,    0.000000,-9999.000000,-9999.000000
2019-01-15 00:00:00,    0.000000,-9999.000000,-9999.000000
2019-01-16 00:00:00,    0.000000,-9999.000000,-9999.000000
2019-01-17 00:00:00,    0.000000,-9999.000000,-9999.000000
2019-01-18 00:00:00,    0.000000,-9999.000000,-9999.000000
2019-01-19 00:00:00,    0.000000,-9999.000000,-9999.000000
2019-01-20 00:00:00,    0.000000,-9999.000000,-9999.000000
2019-01-21 00:00:00,    0.000000,-9999.000000,-9999.000000
2019-01-22 00:00:00,    0.000000,-9999.000000,-9999.000000
2019-01-23 00:00:00,    0.000000,-9999.000000,-9999.000000
2019-01-24 00:00:00,    0.000000,-9999.000000,-9999.000000
2019-01-25 00:00:00,    0.000000,-9999.000000,-9999.000000
2019-01-26 00:00:00,    0.000000,-9999.000000,-9999.000000
2019-01-27 00:00:00,    0.000000,-9999.000000,-9999.000000
2019-01-28 00:00:00,    0.000000,-9999.000000,-9999.000000
2019-01-29 00:00:00,    0.000000,-9999.000000,-9999.000000
2019-01-30 00:00:00,    0.000000,-9999.000000,-9999.000000
2019-01-31 00:00:00,    0.000000,-9999.000000,-9999.000000
2019-02-01 00:00:00,    0.000000,-9999.000000,-9999.000000
2019-02-02 00:00:00,    0.000000,-9999.000000,-9999.000000
2019-02-03 00:00:00,    0.000000,-9999.000000,-9999.000000
2019-02-04 00:00:00,    0.000000,-9999.000000,-9999.000000
2019-02-05 00:00:00,    0.000000,-9999.000000,-9999.000000
2019-02-06 00:00:00,    0.000000,-9999.000000,-9999.000000
2019-02-07 00:00:00,    0.000000,-9999.000000,-9999.000000
2019-02-08 00:00:00,    0.000000,-9999.000000,-9999.000000
2019-02-09 00:00:00,    0.000000,-9999.000000,-9999.000000
2019-02-10 00:00:00,    0.000000,-9999.000000,-9999.000000
2019-02-11 00:00:00,    0.000000,-9999.000000,-9999.000000
2019-02-12 00:00:00,    0.000000,-9999.000000,-9999.000000
2019-02-13 00:00:00,    0.000000,-9999.000000,-9999.000000
2019-02-14 00:00:00,    0.000000,-9999.000000,-9999.000000
2019-02-15 00:00:00,    0.000000,-9999.000000,-9999.000000
2019-02-16 00:00:00,    0.000000,-9999.000000,-9999.000000
2019-02-17 00:00:00,    0.000000,-9999.000000,-9999.000000
2019-02-18 00:00:00,    0.000000,-9999.000000,-9999.000000
2019-02-19 00:00:00,    0.000000,-9999.000000,-9999.000000
2019-02-20 00:00:00,    0.000000,-9999.000000,-9999.000000
2019-02-21 00:00:00,    0.000000,-9999.000000,-9999.000000
2019-02-22 00:00:00,    0.000000,-9999.000000,-9999.000000
2019-02-23 00:00:00,    0.000000,-9999.000000,-9999.000000
2019-02-24 00:00:00,    0.000000,-9999.000000,-9999.000000
2019-02-25 00:00:00,    0.000000,-9999.000000,-9999.000000
2019-02-26 00:00:00,    0.000000,-9999.000000,-9999.000000
2019-02-27 00:00:00,    0.000000,-9999.000000,-9999.000000
2019-02-28 00:00:00,    0.000000,-9999.000000,-9999.000000
2019-03-01 00:00:00,    0.000000,-9999.000000,-9999.000000
2019-03-02 00:00:00,    0.000000,-9999.000000,-9999.000000
2019-03-03 00:00:00,    0.000000,-9999.000000,-9999.000000
2019-03-04 00:00:00,    0.000000,-9999.000000,-9999.000000
2019-03-05 00:00:00,    0.000000,-9999.000000,-9999.000000
2019-03-06 00:00:00,    0.000000,-9999.000000,-9999.000000
2019-03-07 00:00:00,    0.000000,-9999.000000,-9999.000000
2019-03-08 00:00:00,    0.000000,-9999.000000,-9999.000000
2019-03-09 00:00:00,    0.000000,-9999.000000,-9999.000000
2019-03-10 00:00:00,    0.000000,-9999.000000,-9999.000000
2019-03-11 00:00:00,    0.000000,-9999.000000,-9999.000000
2019-03-12 00:00:00,    0.000000,-9999.000000,-9999.000000
2019-03-13 00:00:00,    0.000000,-9999.000000,-9999.000000
2019-03-14 00:00:00,    0.000000,-9999.000000,-9999.000000
2019-03-15 00:00:00,    0.000000,-9999.000000,-9999.000000
2019-03-16 00:00:00,    0.000000,-9999.000000,-9999.000000
2019-03-17 00:00:00,    0.000000,-9999.000000,-9999.000000
2019-03-18 00:00:00,    0.000000,-9999.000000,-9999.000000
2019-03-19 00:00:00,    0.000000,-9999.000000,-9999.000000
2019-03-20 00:00:00,    0.000000,-9999.000000,-9999.000000
2019-03-21 00:00:00,    0.000000,-9999.000000,-9999.000000
2019-03-22 00:00:00,    0.000000,-9999.000000,-9999.000000
2019-03-23 00:00:00,    0.000000,-9999.000000,-9999.000000
2019-03-24 00:00:00,    0.000000,-9999.000000,-9999.000000
2019-03-25 00:00:00,    0.000000,-9999.000000,-9999.000000
2019-03-26 00:00:00,    0.000000,-9999.000000,-9999.000000
2019-03-27 00:00:00,    0.000000,-9999.000000,-9999.000000
2019-03-28 00:00:00,    0.000000,-9999.000000,-9999.000000
2019-03-29 00:00:00,    0.000000,-9999.000000,-9999.000000
2019-03-30 00:00:00,    0.000000,-9999.000000,-9999.000000
2019-03-31 00:00:00,    0.000000,-9999.000000,-9999.000000
2019-04-01 00:00:00,    0.000000,-9999.000000,-9999.000000
2019-04-02 00:00:00,    0.000000,-9999.000000,-9999.000000
2019-04-03 00:00:00,    0.000000,-9999.000000,-9999.000000
2019-04-04 00:00:00,    0.000000,-9999.000000,-9999.000000
2019-04-05 00:00:00,    0.000000,-9999.000000,-9999.000000
2019-04-06 00:00:00,    0.000000,-9999.000000,-9999.000000
2019-04-07 00:00:00,    0.000000,-9999.000000,-9999.000000
2019-04-08 00:00:00,    0.000000,-9999.000000,-9999.000000
2019-04-09 00:00:00,    0.000000,-9999.000000,-9999.000000
2019-04-10 00:00:00,    0.000000,-9999.000000,-9999.000000
2019-04-11 00:00:00,    0.000000,-9999.000000,-9999.000000
2019-04-12 00:00:00,    0.000000,-9999.000000,-9999.000000
2019-04-13 00:00:00,    0.000000,-9999.000000,-9999.000000
2019-04-14 00:00:00,    0.000000,-9999.000000,-9999.000000
2019-04-15 00:00:00,    0.000000,-9999.000000,-9999.000000
2019-04-16 00:00:00,    0.000000,-9999.000000,-9999.000000
2019-04-17 00:00:00,    0.000000,-9999.000000,-9999.000000
2019-04-18 00:00:00,    0.000000,-9999.000000,-9999.000000
2019-04-19 00:00:00,    0.000000,-9999.000000,-9999.000000
2019-04-20 00:00:00,    0.000000,-9999.000000,-9999.000000
2019-04-21 00:00:00,    0.000000,-9999.000000,-9999.000000
2019-04-22 00:00:00,    0.000000,-9999.000000,-9999.000000
2019-04-23 00:00:00,    0.000000,-9999.000000,-9999.000000
2019-04-24 00:00:00,    0.000000,-9999.000000,-9999.000000
2019-04-25 00:00:00,    0.000000,-9999.000000,-9999.000000
2019-04-26 00:00:00,    0.000000,-9999.000000,-9999.000000
2019-04-27 00:00:00,    0.000000,-9999.000000,-9999.000000
2019-04-28 00:00:00,    0.000000,-9999.000000,-9999.000000
2019-04-29 00:00:00,    0.000000,-9999.000000,-9999.000000
2019-04-30 00:00:00,    0.000000,-9999.000000,-9999.000000
2019-05-01 00:00:00,    0.000000,-9999.000000,-9999.000000
2019-05-02 00:00:00,    0.000000,-9999.000000,-9999.000000
2019-05-03 00:00:00,    0.000000,-9999.000000,-9999.000000
2019-05-04 00:00:00,    0.000000,-9999.000000,-9999.000000
2019-05-05 00:00:00,    0.000000,-9999.000000,-9999.000000
2019-05-06 00:00:00,    0.000000,-9999.000000,-9999.000000
2019-05-07 00:00:00,    0.000000,-9999.000000,-9999.000000
2019-05-08 00:00:00,    0.000000,-9999.000000,-9999.000000
2019-05-09 00:00:00,    0.000000,-9999.000000,-9999.000000
2019-05-10 00:00:00,    0.000000,-9999.000000,-9999.000000
2019-05-11 00:00:00,    0.000000,-9999.000000,-9999.000000
2019-05-12 00:00:00,    0.000000,-9999.000000,-9999.000000
2019-05-13 00:00:00,    0.000000,-9999.000000,-9999.000000
2019-05-14 00:00:00,    0.000000,-9999.000000,-9999.000000
2019-05-15 00:00:00,    0.000000,-9999.000000,-9999.000000
2019-05-16 00:00:00,    0.000000,-9999.000000,-9999.000000
2019-05-17 00:00:00,    0.000000,-9999.000000,-9999.000000
2019-05-18 00:00:00,    0.000000,-9999.000000,-9999.000000
2019-05-19 00:00:00,    0.000000,-9999.000000,-9999.000000
2019-05-20 00:00:00,    0.000000,-9999.000000,-9999.000000
2019-05-21 00:00:00,    0.000000,-9999.000000,-9999.000000
2019-05-22 00:00:00,    0.000000,-9999.000000,-9999.000000
2019-05-23 00:00:00,    0.000000,-9999.000000,-9999.000000
2019-05-24 00:00:00,    0.000000,-9999.000000,-9999.000000
2019-05-25 00:00:00,    0.000000,-9999.000000,-9999.000000
2019-05-26 00:00:00,    0.000000,-9999.000000,-9999.000000
2019-05-27 00:00:00,    0.000000,-9999.000000,-9999.000000
2019-05-28 00:00:00,    0.000000,-9999.000000,-9999.000000
2019-05-29 00:00:00,    0.000000,-9999.000000,-9999.000000
2019-05-30 00:00:00,    0.000000,-9999.000000,-9999.000000
2019-05-31 00:00:00,    0.000000,-9999.000000,-9999.000000
2019-06-01 00:00:00,    0.000000,-9999.000000,-9999.000000
2019-06-02 00:00:00,    0.000000,-9999.000000,-9999.000000
2019-06-03 00:00:00,    0.000000,-9999.000000,-9999.000000
2019-06-04 00:00:00,    0.000000,-9999.000000,-9999.000000
2019-06-05 00:00:00,    0.000000,-9999.000000,-9999.000000
2019-06-06 00:00:00,    0.000000,-9999.000000,-9999.000000
2019-06-07 00:00:00,    0.000000,-9999.000000,-9999.000000
2019-06-08 00:00:00,  289.803627,   16.382346,    0.823825
2019-06-09 00:00:00,  287.208745,   16.421240,    0.824101
2019-06-10 00:00:00,  282.531379,   16.427278,    0.823605
2019-06-11 00:00:00,  319.605959,   16.433931,    0.725214
2019-06-12 00:00:00,  330.828299,   16.214455,    0.723833
2019-06-13 00:00:00,  420.515345,   16.055006,    0.720084
2019-06-14 00:00:00,  436.349675,   15.801454,    0.718578
2019-06-15 00:00:00,  529.688773,   15.612758,    0.714988
2019-06-16 00:00:00,  522.921387,   15.507663,    0.714306
2019-06-17 00:00:00,  516.712989,   15.454962,    0.709889
2019-06-18 00:00:00,  508.694235,   15.424934,    0.707375
2019-06-19 00:00:00,  499.053741,   15.376047,    0.703276
2019-06-20 00:00:00,  533.753751,   15.369967,    0.702792
2019-06-21 00:00:00,  581.499979,   15.327405,    0.699211
2019-06-22 00:00:00,  570.581837,   15.355496,    0.701634
2019-06-23 00:00:00, 2300.472404,   15.414660,    0.707207
2019-06-24 00:00:00, 4438.828043,   15.334507,    0.698860
2019-06-25 00:00:00, 4318.369163,   15.229180,    0.692840
2019-06-26 00:00:00, 4223.130588,   14.989596,    0.692182
2019-06-27 00:00:00, 4283.307904,   14.816184,    0.688999
2019-06-28 00:00:00, 4236.376362,   14.861102,    0.687562
2019-06-29 00:00:00, 4150.401371,   14.757766,    0.687018
2019-06-30 00:00:00, 4052.740634,   14.738427,    0.686283
2019-07-01 00:00:00, 3953.146393,   14.592983,    0.675616
2019-07-02 00:00:00, 3858.199182,   14.587238,    0.675148
2019-07-03 00:00:00, 3766.170458,   14.582775,    0.674778
2019-07-04 00:00:00, 3666.992596,   14.680070,    0.684443
2019-07-05 00:00:00, 6927.456286,   14.565567,    0.684159
2019-07-06 00:00:00,10567.614594,   14.558066,    0.673714
2019-07-07 00:00:00,10331.430287,   14.392199,    0.663800
2019-07-08 00:00:00,10020.468707,   14.542930,    0.674697
2019-07-09 00:00:00, 9701.578646,   14.282047,    0.655755
2019-07-10 00:00:00, 9401.085288,   14.349626,    0.662152
2019-07-11 00:00:00, 9645.601886,   14.223841,    0.655587
2019-07-12 00:00:00, 9350.751699,   14.073833,    0.655433
2019-07-13 00:00:00, 9073.532561,   13.878096,    0.655201
2019-07-14 00:00:00, 8807.238114,   13.842961,    0.654994
2019-07-15 00:00:00, 8549.776736,   13.797777,    0.654783
2019-07-16 00:00:00, 8295.161474,   13.785503,    0.653952
2019-07-17 00:00:00, 8254.436587,   13.916311,    0.662017
2019-07-18 00:00:00, 8010.803492,   13.917521,    0.662024
2019-07-19 00:00:00, 7779.428904,   13.918313,    0.662008
2019-07-20 00:00:00, 8612.399254,   13.776138,    0.651549
2019-07-21 00:00:00, 9442.962512,   13.660818,    0.644214
2019-07-22 00:00:00, 9160.516558,   13.762639,    0.650530
2019-07-23 00:00:00, 8883.685209,   13.662766,    0.644242
2019-07-24 00:00:00, 8655.394423,   13.661010,    0.644077
2019-07-25 00:00:00, 8388.886246,   13.821376,    0.652156
2019-07-26 00:00:00, 8149.810671,   13.882599,    0.645428
2019-07-27 00:00:00, 7916.015249,   13.784245,    0.645332
2019-07-28 00:00:00, 7688.507133,   13.675551,    0.638295
2019-07-29 00:00:00, 7464.347481,   13.674963,    0.638187
2019-07-30 00:00:00, 7238.784535,   13.771011,    0.644336
2019-07-31 00:00:00, 7013.981112,   13.680689,    0.638511
2019-08-01 00:00:00, 7072.278595,   13.765261,    0.643703
2019-08-02 00:00:00, 6972.180602,   13.736902,    0.641652
2019-08-03 00:00:00, 6846.045580,   13.650877,    0.635824
2019-08-04 00:00:00, 6700.064704,   13.659861,    0.636337
2019-08-05 00:00:00, 6644.940548,   13.668474,    0.636835
2019-08-06 00:00:00, 6456.631037,   13.975300,    0.656128
2019-08-07 00:00:00, 6332.199813,   13.980092,    0.656267
2019-08-08 00:00:00, 6249.216541,   13.984855,    0.656414
2019-08-09 00:00:00, 6101.338914,   13.988511,    0.656567
2019-08-10 00:00:00, 5930.294191,   13.992363,    0.656740
2019-08-11 00:00:00, 5764.912835,   13.997205,    0.656916
2019-08-12 00:00:00, 5610.980244,   14.001976,    0.657096
2019-08-13 00:00:00, 5957.564778,   14.006923,    0.657296
2019-08-14 00:00:00, 5785.772147,   14.011537,    0.657483
2019-08-15 00:00:00, 5667.965370,   14.016325,    0.657689
2019-08-16 00:00:00, 5514.950022,   14.022325,    0.657916
2019-08-17 00:00:00, 5364.278526,   14.026966,    0.658131
2019-08-18 00:00:00, 5222.264441,   14.031775,    0.658367
2019-08-19 00:00:00, 5083.638735,   14.037538,    0.658607
2019-08-20 00:00:00, 4953.515704,   14.043234,    0.658852
2019-08-21 00:00:00, 4885.326849,   14.049101,    0.659117
2019-08-22 00:00:00, 4763.235572,   14.054899,    0.659387
2019-08-23 00:00:00, 4639.547828,   14.060626,    0.659663
2019-08-24 00:00:00, 4535.692188,   14.066528,    0.659960
2019-08-25 00:00:00, 4420.706225,   14.073385,    0.660262
2019-08-26 00:00:00, 4307.271080,   14.080182,    0.660570
2019-08-27 00:00:00, 4196.503495,   14.086148,    0.660900
2019-08-28 00:00:00, 4094.108174,   14.093065,    0.661234
2019-08-29 00:00:00, 3982.755535,   14.099927,    0.661575
2019-08-30 00:00:00, 3880.221494,   14.105721,    0.661923
2019-08-31 00:00:00, 3783.667413,   14.112703,    0.662292
2019-09-01 00:00:00, 3747.605688,   14.119402,    0.662626
2019-09-02 00:00:00, 3647.092516,   14.126045,    0.662963
2019-09-03 00:00:00, 3553.760549,   14.134115,    0.663361
2019-09-04 00:00:00, 3582.136459,   14.141137,    0.663766
2019-09-05 00:00:00, 3606.992641,   14.148109,    0.664178
2019-09-06 00:00:00, 3536.853283,   14.156043,    0.664598
2019-09-07 00:00:00, 3443.195070,   14.163936,    0.665024
2019-09-08 00:00:00, 3339.882557,   14.172028,    0.665473
2019-09-09 00:00:00, 3238.171281,   14.180089,    0.665929
2019-09-10 00:00:00, 3145.326676,   14.187407,    0.665984
2019-09-11 00:00:00, 3067.146151,   14.194858,    0.666361
2019-09-12 00:00:00, 2983.019907,   14.203477,    0.666773
2019-09-13 00:00:00, 2886.751329,   14.212183,    0.667210
2019-09-14 00:00:00, 2798.765336,   14.220158,    0.667678
2019-09-15 00:00:00, 2716.595205,   14.229154,    0.668160
2019-09-16 00:00:00, 2635.182865,   14.238161,    0.668656
2019-09-17 00:00:00, 2551.394232,   14.247170,    0.669164
2019-09-18 00:00:00, 2482.207482,   14.256178,    0.669682
2019-09-19 00:00:00, 2647.753201,   14.265408,    0.670226
2019-09-20 00:00:00, 2572.811762,   14.274633,    0.670780
2019-09-21 00:00:00, 2477.986413,   14.284082,    0.671359
2019-09-22 00:00:00, 2425.819665,   14.294541,    0.671948
2019-09-23 00:00:00, 2361.140381,   14.304998,    0.672548
2019-09-24 00:00:00, 2292.066919,   14.053305,    0.655300
2019-09-25 00:00:00, 2228.820599,   14.061416,    0.655751
2019-09-26 00:00:00, 2271.702767,   14.070428,    0.656229
2019-09-27 00:00:00, 2256.152938,   14.079503,    0.656723
2019-09-28 00:00:00, 2249.564181,   14.088625,    0.657231
2019-09-29 00:00:00, 2188.948140,   14.097795,    0.657751
2019-09-30 00:00:00, 2128.915042,   14.107856,    0.658294
2019-10-01 00:00:00, 2069.587087,   14.118975,    0.658921
2019-10-02 00:00:00, 1993.523991,   14.129476,    0.659560
2019-10-03 00:00:00, 1942.604250,   14.139170,    0.660150
2019-10-04 00:00:00, 1870.240459,   14.149561,    0.660750
2019-10-05 00:00:00, 1821.100450,   14.159996,    0.661358
2019-10-06 00:00:00, 1757.420553,   14.533761,    0.686009
2019-10-07 00:00:00, 1695.396624,   14.545592,    0.686688
2019-10-08 00:00:00, 1639.726167,   14.557565,    0.687395
2019-10-09 00:00:00, 1582.097228,   14.569902,    0.688140
2019-10-10 00:00:00, 1527.824186,   14.583509,    0.688907
2019-10-11 00:00:00, 1461.191120,   14.596042,    0.689694
2019-10-12 00:00:00, 1387.606378,   14.608648,    0.690497
2019-10-13 00:00:00, 1342.532580,   14.622487,    0.691317
2019-10-14 00:00:00, 1308.527380,   14.635466,    0.692169
2019-10-15 00:00:00, 1254.680318,   14.648492,    0.693035
2019-10-16 00:00:00, 1218.536289,   14.662751,    0.693915
2019-10-17 00:00:00, 1181.829167,   14.677068,    0.694808
2019-10-18 00:00:00, 1141.188102,   14.691449,    0.695713
2019-10-19 00:00:00, 1109.203403,   14.705896,    0.696630
2019-10-20 00:00:00, 1072.229139,   14.719462,    0.697576
2019-10-21 00:00:00, 1033.894743,   14.733058,    0.698534
2019-10-22 00:00:00,  997.719569,   14.747905,    0.699503
2019-10-23 00:00:00,  962.803676,   14.762802,    0.700482
2019-10-24 00:00:00,  909.361108,   14.778938,    0.701471
2019-10-25 00:00:00,  867.355526,   14.795419,    0.702489
2019-10-26 00:00:00,  822.544032,   14.810493,    0.703498
2019-10-27 00:00:00,  780.581920,   14.825618,    0.704517
2019-10-28 00:00:00,  740.591256,   14.841055,    0.705564
2019-10-29 00:00:00,  712.054374,   14.856542,    0.706620
2019-10-30 00:00:00,  685.328644,   14.872074,    0.707684
2019-10-31 00:00:00,  647.499276,   14.888862,    0.708758
2019-11-01 00:00:00,  607.445383,   14.902196,    0.709599
2019-11-02 00:00:00,  578.217590,   14.876607,    0.707081
2019-11-03 00:00:00,  556.564448,   14.892478,    0.708029
2019-11-04 00:00:00,  529.087048,   14.908555,    0.709003
2019-11-05 00:00:00,  568.546738,   14.923569,    0.709999
2019-11-06 00:00:00,  567.237553,   14.938963,    0.711030
2019-11-07 00:00:00,  545.651585,   14.955682,    0.712077
2019-11-08 00:00:00,  521.040838,   14.972260,    0.713120
2019-11-09 00:00:00,  494.520308,   14.989222,    0.714194
2019-11-10 00:00:00,  474.804935,   15.006285,    0.715280
2019-11-11 00:00:00,  446.875438,   15.022214,    0.716377
2019-11-12 00:00:00,  416.398130,   15.039440,    0.717483
2019-11-13 00:00:00,  390.401187,   15.056757,    0.718599
2019-11-14 00:00:00,  364.621488,   15.072923,    0.719725
2019-11-15 00:00:00,  338.679045,   15.090381,    0.720856
2019-11-16 00:00:00,  314.273827,   15.107927,    0.721996
2019-11-17 00:00:00,  290.491768,   15.125555,    0.723143
2019-11-18 00:00:00,  269.060394,   15.143256,    0.724296
2019-11-19 00:00:00,  241.009130,   15.161030,    0.725457
2019-11-20 00:00:00,  223.774063,   15.179141,    0.726643
2019-11-21 00:00:00,  200.685973,   15.197050,    0.727814
2019-11-22 00:00:00,  180.233679,   15.215037,    0.728991
2019-11-23 00:00:00,  165.129131,   15.231836,    0.730173
2019-11-24 00:00:00,  147.689030,   15.249952,    0.731358
2019-11-25 00:00:00,  128.087996,   15.268372,    0.732568
2019-11-26 00:00:00,  111.216388,   15.286595,    0.733763
2019-11-27 00:00:00,   99.478920,   15.304915,    0.734961
2019-11-28 00:00:00,   83.985916,   15.323304,    0.736163
2019-11-29 00:00:00,  100.023664,   15.341722,    0.737367
2019-11-30 00:00:00,  100.785937,   15.358915,    0.738575
2019-12-01 00:00:00,   85.878713,   15.379834,    0.740008
2019-12-02 00:00:00,   74.770456,   15.402131,    0.741445
2019-12-03 00:00:00,   64.168758,   15.420597,    0.742641
2019-12-04 00:00:00,   52.305424,   15.438116,    0.743858
2019-12-05 00:00:00,   42.227488,   15.456983,    0.745077
2019-12-06 00:00:00,   34.640740,   15.475629,    0.746277
2019-12-07 00:00:00,   26.447473,   15.493297,    0.747498
2019-12-08 00:00:00,   16.255043,   15.512297,    0.748719
2019-12-09 00:00:00,    8.674429,   15.531102,    0.749920
2019-12-10 00:00:00,    1.824201,   15.548691,    0.751121
2019-12-11 00:00:00,    0.000000,-9999.000000,-9999.000000
2019-12-12 00:00:00,    0.000000,-9999.000000,-9999.000000
2019-12-13 00:00:00,    2.188037,   15.712800,    0.762948
2019-12-14 00:00:00,   16.236646,   15.731642,    0.764310
2019-12-15 00:00:00,    7.216713,   15.750420,    0.765657
2019-12-16 00:00:00,    1.611835,   15.769198,    0.766990
2019-12-17 00:00:00,    0.000000,-9999.000000,-9999.000000
2019-12-18 00:00:00,    0.000000,-9999.000000,-9999.000000
2019-12-19 00:00:00,    0.000000,-9999.000000,-9999.000000
2019-12-20 00:00:00,    0.000000,-9999.000000,-9999.000000
2019-12-21 00:00:00,    0.000000,-9999.000000,-9999.000000
2019-12-22 00:00:00,    0.000000,-9999.000000,-9999.000000
2019-12-23 00:00:00,    0.000000,-9999.000000,-9999.000000
2019-12-24 00:00:00,    0.000000,-9999.000000,-9999.000000
2019-12-25 00:00:00,    0.000000,-9999.000000,-9999.000000
2019-12-26 00:00:00,    0.000000,-9999.000000,-9999.000000
2019-12-27 00:00:00,    0.000000,-9999.000000,-9999.000000
2019-12-28 00:00:00,    0.000000,-9999.000000,-9999.000000
2019-12-29 00:00:00,    0.000000,-9999.000000,-9999.000000
2019-12-30 00:00:00,    0.000000,-9999.000000,-9999.000000
2019-12-31 00:00:00,    0.000000,-9999.000000,-9999.000000
2020-01-01 00:00:00,    0.000000,-9999.000000,-9999.000000
2020-01-02 00:00:00,    0.000000,-9999.000000,-9999.000000
2020-01-03 00:00:00,    0.000000,-9999.000000,-9999.000000
2020-01-04 00:00:00,    0.000000,-9999.000000,-9999.000000
2020-01-05 00:00:00,    0.000000,-9999.000000,-9999.000000
