time,temp,salt
2009-12-31 25:00:00,   24.524047,    0.535733
2010-01-01 25:00:00,   24.663362,    0.539787
2010-01-02 25:00:00,   24.801029,    0.540452
2010-01-03 25:00:00,   26.236723,    0.542785
2010-01-04 25:00:00,   26.051957,    0.544457
2010-01-05 25:00:00,   27.450742,    0.545706
2010-01-06 25:00:00,   27.936121,    0.547664
2010-01-07 25:00:00,   27.344645,    0.549551
2010-01-08 25:00:00,   27.345273,    0.549905
2010-01-09 25:00:00,   27.231754,    0.551444
2010-01-10 25:00:00,   26.054172,    0.552302
2010-01-11 25:00:00,   25.538752,    0.552403
2010-01-12 25:00:00,   25.463877,    0.552797
2010-01-13 25:00:00,   26.513460,    0.554923
2010-01-14 25:00:00,   26.521160,    0.556306
2010-01-15 25:00:00,   25.931027,    0.557450
2010-01-16 25:00:00,   26.719626,    0.558574
2010-01-17 25:00:00,   27.217038,    0.558591
2010-01-18 25:00:00,   28.074620,    0.561769
2010-01-19 25:00:00,   29.059391,    0.563727
2010-01-20 25:00:00,   27.936461,    0.564692
2010-01-21 25:00:00,   26.905247,    0.565723
2010-01-22 25:00:00,   27.207062,    0.566810
2010-01-23 25:00:00,   27.411038,    0.568091
2010-01-24 25:00:00,   28.058744,    0.569754
2010-01-25 25:00:00,   27.886465,    0.571431
2010-01-26 25:00:00,   27.943607,    0.572547
2010-01-27 25:00:00,   27.931141,    0.573868
2010-01-28 25:00:00,   28.115563,    0.575720
2010-01-29 25:00:00,   27.940933,    0.576465
2010-01-30 25:00:00,   26.735431,    0.577153
2010-01-31 25:00:00,   26.448918,    0.578008
2010-02-01 25:00:00,   26.388535,    0.578921
2010-02-02 25:00:00,   25.154757,    0.579119
2010-02-03 25:00:00,   24.587461,    0.580680
2010-02-04 25:00:00,   24.214509,    0.580929
2010-02-05 25:00:00,   24.538808,    0.581554
2010-02-06 25:00:00,   24.102607,    0.582100
2010-02-07 25:00:00,   25.080870,    0.582792
2010-02-08 25:00:00,   25.427056,    0.583704
2010-02-09 25:00:00,   26.568625,    0.584608
2010-02-10 25:00:00,   25.988957,    0.585552
2010-02-11 25:00:00,   26.653162,    0.586829
2010-02-12 25:00:00,   26.607593,    0.588137
2010-02-13 25:00:00,   27.188857,    0.589688
2010-02-14 25:00:00,   27.333592,    0.590774
2010-02-15 25:00:00,   26.899634,    0.591475
2010-02-16 25:00:00,   26.412245,    0.592164
2010-02-17 25:00:00,   27.088994,    0.592730
2010-02-18 25:00:00,   28.188911,    0.594203
2010-02-19 25:00:00,   26.618992,    0.595019
2010-02-20 25:00:00,   25.979495,    0.595043
2010-02-21 25:00:00,   25.484572,    0.595449
2010-02-22 25:00:00,   25.910965,    0.597084
2010-02-23 25:00:00,   25.554323,    0.597722
2010-02-24 25:00:00,   26.198719,    0.598845
2010-02-25 25:00:00,   26.977356,    0.600664
2010-02-26 25:00:00,   26.993687,    0.602878
2010-02-27 25:00:00,   27.138120,    0.604586
2010-02-28 25:00:00,   26.892082,    0.606087
2010-03-01 25:00:00,   27.033824,    0.607267
2010-03-02 25:00:00,   27.292886,    0.608650
2010-03-03 25:00:00,   26.440198,    0.609594
2010-03-04 25:00:00,   25.053562,    0.608086
2010-03-05 25:00:00,   24.680467,    0.607990
2010-03-06 25:00:00,   24.932185,    0.608452
2010-03-07 25:00:00,   25.193570,    0.609436
2010-03-08 25:00:00,   25.245858,    0.610749
2010-03-09 25:00:00,   25.184832,    0.611426
2010-03-10 25:00:00,   25.391245,    0.612923
2010-03-11 25:00:00,   25.715798,    0.614175
2010-03-12 25:00:00,   26.356586,    0.615760
2010-03-13 25:00:00,   26.012425,    0.616083
2010-03-14 25:00:00,   26.947028,    0.616383
2010-03-15 25:00:00,   26.210674,    0.617210
2010-03-16 25:00:00,   25.050495,    0.617674
2010-03-17 25:00:00,   24.652101,    0.618123
2010-03-18 25:00:00,   24.135751,    0.617720
2010-03-19 25:00:00,   23.453954,    0.616890
2010-03-20 25:00:00,   23.975456,    0.616859
2010-03-21 25:00:00,   24.505215,    0.617747
2010-03-22 25:00:00,   24.715150,    0.582322
2010-03-23 25:00:00,   25.180461,    0.585738
2010-03-24 25:00:00,   25.684335,    0.587115
2010-03-25 25:00:00,   25.206675,    0.589027
2010-03-26 25:00:00,   25.101782,    0.592284
2010-03-27 25:00:00,   24.196227,    0.595253
2010-03-28 25:00:00,   23.827485,    0.599212
2010-03-29 25:00:00,   23.927157,    0.600849
2010-03-30 25:00:00,   23.904492,    0.601732
2010-03-31 25:00:00,   23.639573,    0.602641
2010-04-01 25:00:00,   23.913976,    0.603400
2010-04-02 25:00:00,   23.904171,    0.604270
2010-04-03 25:00:00,   23.025443,    0.604774
2010-04-04 25:00:00,   22.463541,    0.605021
2010-04-05 25:00:00,   22.886583,    0.605308
2010-04-06 25:00:00,   22.288296,    0.605181
2010-04-07 25:00:00,   22.806350,    0.605757
2010-04-08 25:00:00,   22.804251,    0.606176
2010-04-09 25:00:00,   22.591408,    0.607044
2010-04-10 25:00:00,   22.270597,    0.607439
2010-04-11 25:00:00,   22.719631,    0.607645
2010-04-12 25:00:00,   21.237650,    0.607131
2010-04-13 25:00:00,   20.823728,    0.602982
2010-04-14 25:00:00,   20.385472,    0.602414
2010-04-15 25:00:00,   20.774376,    0.602116
2010-04-16 25:00:00,   21.453793,    0.601862
2010-04-17 25:00:00,   21.393961,    0.602134
2010-04-18 25:00:00,   21.836772,    0.602644
2010-04-19 25:00:00,   22.240181,    0.603384
2010-04-20 25:00:00,   22.611044,    0.604023
2010-04-21 25:00:00,   22.163811,    0.604404
2010-04-22 25:00:00,   21.198966,    0.605053
2010-04-23 25:00:00,   20.766775,    0.605006
2010-04-24 25:00:00,   20.594038,    0.604963
2010-04-25 25:00:00,   20.382921,    0.605049
2010-04-26 25:00:00,   20.481778,    0.605557
2010-04-27 25:00:00,   20.533296,    0.605946
2010-04-28 25:00:00,   20.641869,    0.606284
2010-04-29 25:00:00,   20.278652,    0.606286
2010-04-30 25:00:00,   20.390102,    0.606669
2010-05-01 25:00:00,   19.971274,    0.606410
2010-05-02 25:00:00,   20.202569,    0.606844
2010-05-03 25:00:00,   19.681158,    0.606851
2010-05-04 25:00:00,   19.541015,    0.607264
2010-05-05 25:00:00,   19.517614,    0.607448
2010-05-06 25:00:00,   19.354973,    0.607807
2010-05-07 25:00:00,   19.593062,    0.608035
2010-05-08 25:00:00,   19.369240,    0.608179
2010-05-09 25:00:00,   19.007848,    0.608515
2010-05-10 25:00:00,   18.704481,    0.608888
2010-05-11 25:00:00,   18.690569,    0.609935
2010-05-12 25:00:00,   18.747747,    0.610583
2010-05-13 25:00:00,   18.074025,    0.606059
2010-05-14 25:00:00,   17.873317,    0.609040
2010-05-15 25:00:00,   17.915305,    0.610104
2010-05-16 25:00:00,   17.773684,    0.610493
2010-05-17 25:00:00,   17.727513,    0.611859
2010-05-18 25:00:00,   17.421174,    0.612093
2010-05-19 25:00:00,   17.954548,    0.612509
2010-05-20 25:00:00,   18.162160,    0.612442
2010-05-21 25:00:00,   17.530354,    0.612759
2010-05-22 25:00:00,   17.621336,    0.603305
2010-05-23 25:00:00,   17.104282,    0.609027
2010-05-24 25:00:00,   17.247681,    0.610666
2010-05-25 25:00:00,   17.021354,    0.611162
2010-05-26 25:00:00,   16.869351,    0.623100
2010-05-27 25:00:00,   16.686404,    0.620719
2010-05-28 25:00:00,   17.129982,    0.621125
2010-05-29 25:00:00,   16.672418,    0.621239
2010-05-30 25:00:00,   17.056942,    0.621645
2010-05-31 25:00:00,   16.840232,    0.615990
2010-06-01 25:00:00,   16.952830,    0.621117
2010-06-02 25:00:00,   16.811937,    0.621210
2010-06-03 25:00:00,   17.005374,    0.621621
2010-06-04 25:00:00,   16.271234,    0.621495
2010-06-05 25:00:00,   16.362962,    0.621689
2010-06-06 25:00:00,   16.726705,    0.622233
2010-06-07 25:00:00,   16.403688,    0.622255
2010-06-08 25:00:00,   15.955925,    0.622394
2010-06-09 25:00:00,   15.702491,    0.622799
2010-06-10 25:00:00,   15.903558,    0.623180
2010-06-11 25:00:00,   15.391891,    0.623380
2010-06-12 25:00:00,   15.756460,    0.623757
2010-06-13 25:00:00,   15.426608,    0.623834
2010-06-14 25:00:00,   15.726756,    0.616143
2010-06-15 25:00:00,   15.258494,    0.612242
2010-06-16 25:00:00,   15.679959,    0.613037
2010-06-17 25:00:00,   15.381197,    0.612750
2010-06-18 25:00:00,   16.114597,    0.613069
2010-06-19 25:00:00,   16.059701,    0.613280
2010-06-20 25:00:00,   15.918541,    0.613562
2010-06-21 25:00:00,   16.070894,    0.613650
2010-06-22 25:00:00,   15.692622,    0.613605
2010-06-23 25:00:00,   15.359513,    0.607097
2010-06-24 25:00:00,   15.218814,    0.608623
2010-06-25 25:00:00,   15.113924,    0.608861
2010-06-26 25:00:00,   14.881768,    0.609234
2010-06-27 25:00:00,   14.421545,    0.607989
2010-06-28 25:00:00,   14.704489,    0.608430
2010-06-29 25:00:00,   14.339078,    0.608418
2010-06-30 25:00:00,   14.276767,    0.608733
2010-07-01 25:00:00,   14.108788,    0.608972
2010-07-02 25:00:00,   14.044774,    0.605355
2010-07-03 25:00:00,   14.012503,    0.605568
2010-07-04 25:00:00,   13.898530,    0.605770
2010-07-05 25:00:00,   14.048899,    0.605935
2010-07-06 25:00:00,   13.780265,    0.606088
2010-07-07 25:00:00,   13.543128,    0.606189
2010-07-08 25:00:00,   13.321529,    0.601623
2010-07-09 25:00:00,   12.934321,    0.598758
2010-07-10 25:00:00,   12.931323,    0.595657
2010-07-11 25:00:00,   13.034954,    0.592378
2010-07-12 25:00:00,   12.770704,    0.590872
2010-07-13 25:00:00,   13.087414,    0.590184
2010-07-14 25:00:00,   13.827072,    0.590210
2010-07-15 25:00:00,   12.923865,    0.590710
2010-07-16 25:00:00,   12.853522,    0.588879
2010-07-17 25:00:00,   12.977461,    0.588552
2010-07-18 25:00:00,   13.332642,    0.587941
2010-07-19 25:00:00,   13.426187,    0.588786
2010-07-20 25:00:00,   13.458619,    0.589155
2010-07-21 25:00:00,   13.624247,    0.589072
2010-07-22 25:00:00,   13.785357,    0.589619
2010-07-23 25:00:00,   13.869973,    0.589895
2010-07-24 25:00:00,   13.281728,    0.589943
2010-07-25 25:00:00,   13.125142,    0.589872
2010-07-26 25:00:00,   13.620346,    0.589402
2010-07-27 25:00:00,   13.975037,    0.589389
2010-07-28 25:00:00,   14.115495,    0.586477
2010-07-29 25:00:00,   13.775698,    0.585300
2010-07-30 25:00:00,   13.733497,    0.585543
2010-07-31 25:00:00,   14.464797,    0.585559
2010-08-01 25:00:00,   15.012623,    0.586195
2010-08-02 25:00:00,   14.607343,    0.586185
2010-08-03 25:00:00,   15.151008,    0.586580
2010-08-04 25:00:00,   15.432680,    0.586902
2010-08-05 25:00:00,   15.644344,    0.587027
2010-08-06 25:00:00,   15.356731,    0.587542
2010-08-07 25:00:00,   15.484007,    0.587991
2010-08-08 25:00:00,   15.140440,    0.588294
2010-08-09 25:00:00,   14.972239,    0.588511
2010-08-10 25:00:00,   14.266912,    0.588212
2010-08-11 25:00:00,   13.738243,    0.588432
2010-08-12 25:00:00,   13.755529,    0.577604
2010-08-13 25:00:00,   13.947864,    0.573148
2010-08-14 25:00:00,   14.663412,    0.568655
2010-08-15 25:00:00,   15.019943,    0.569444
2010-08-16 25:00:00,   14.351908,    0.569334
2010-08-17 25:00:00,   14.201597,    0.568394
2010-08-18 25:00:00,   13.853800,    0.568059
2010-08-19 25:00:00,   14.511487,    0.569598
2010-08-20 25:00:00,   14.193127,    0.562783
2010-08-21 25:00:00,   14.333836,    0.563625
2010-08-22 25:00:00,   14.644128,    0.562873
2010-08-23 25:00:00,   15.252540,    0.562945
2010-08-24 25:00:00,   15.248739,    0.563140
2010-08-25 25:00:00,   15.376028,    0.563743
2010-08-26 25:00:00,   15.648188,    0.564147
2010-08-27 25:00:00,   16.079849,    0.564650
2010-08-28 25:00:00,   16.158441,    0.564655
2010-08-29 25:00:00,   17.409800,    0.565429
2010-08-30 25:00:00,   17.331883,    0.565754
2010-08-31 25:00:00,   16.018990,    0.556071
2010-09-01 25:00:00,   15.499418,    0.558198
2010-09-02 25:00:00,   15.291550,    0.559278
2010-09-03 25:00:00,   16.312876,    0.559571
2010-09-04 25:00:00,   17.407571,    0.559092
2010-09-05 25:00:00,   17.688753,    0.560016
2010-09-06 25:00:00,   17.915422,    0.560417
2010-09-07 25:00:00,   16.671598,    0.551595
2010-09-08 25:00:00,   15.984750,    0.552755
2010-09-09 25:00:00,   16.105164,    0.551678
2010-09-10 25:00:00,   16.831187,    0.552283
2010-09-11 25:00:00,   16.345112,    0.552061
2010-09-12 25:00:00,   16.040401,    0.549309
2010-09-13 25:00:00,   16.498802,    0.550538
2010-09-14 25:00:00,   16.425021,    0.550941
2010-09-15 25:00:00,   17.100363,    0.551880
2010-09-16 25:00:00,   17.136476,    0.552906
2010-09-17 25:00:00,   17.576969,    0.553788
2010-09-18 25:00:00,   16.583918,    0.554225
2010-09-19 25:00:00,   17.430210,    0.555191
2010-09-20 25:00:00,   17.895342,    0.555721
2010-09-21 25:00:00,   18.541209,    0.556768
2010-09-22 25:00:00,   19.166114,    0.557468
2010-09-23 25:00:00,   20.003796,    0.558294
2010-09-24 25:00:00,   20.340509,    0.558221
2010-09-25 25:00:00,   20.505036,    0.558543
2010-09-26 25:00:00,   20.582379,    0.559563
2010-09-27 25:00:00,   20.531746,    0.559831
2010-09-28 25:00:00,   20.894801,    0.560940
2010-09-29 25:00:00,   20.770706,    0.561978
2010-09-30 25:00:00,   20.589808,    0.562998
2010-10-01 25:00:00,   21.298362,    0.563518
2010-10-02 25:00:00,   20.797523,    0.564522
2010-10-03 25:00:00,   21.618590,    0.565278
2010-10-04 25:00:00,   21.797365,    0.566236
2010-10-05 25:00:00,   20.843917,    0.567149
2010-10-06 25:00:00,   20.702597,    0.567868
2010-10-07 25:00:00,   21.173537,    0.568970
2010-10-08 25:00:00,   22.215810,    0.570411
2010-10-09 25:00:00,   22.624327,    0.571786
2010-10-10 25:00:00,   20.439985,    0.572185
2010-10-11 25:00:00,   20.355539,    0.573436
2010-10-12 25:00:00,   20.427271,    0.574353
2010-10-13 25:00:00,   20.374616,    0.574608
2010-10-14 25:00:00,   20.138768,    0.576001
2010-10-15 25:00:00,   20.238537,    0.577058
2010-10-16 25:00:00,   20.266388,    0.577532
2010-10-17 25:00:00,   21.548960,    0.578979
2010-10-18 25:00:00,   22.519575,    0.580204
2010-10-19 25:00:00,   23.429286,    0.580216
2010-10-20 25:00:00,   21.479624,    0.574728
2010-10-21 25:00:00,   21.477360,    0.576538
2010-10-22 25:00:00,   21.737059,    0.577924
2010-10-23 25:00:00,   21.213313,    0.577432
2010-10-24 25:00:00,   21.420227,    0.578932
2010-10-25 25:00:00,   21.666523,    0.580048
2010-10-26 25:00:00,   22.555236,    0.580761
2010-10-27 25:00:00,   21.814059,    0.581848
2010-10-28 25:00:00,   20.798682,    0.583161
2010-10-29 25:00:00,   21.084938,    0.584484
2010-10-30 25:00:00,   21.193359,    0.584765
2010-10-31 25:00:00,   21.831273,    0.586273
2010-11-01 25:00:00,   22.445134,    0.588410
2010-11-02 25:00:00,   23.115483,    0.590366
2010-11-03 25:00:00,   24.194611,    0.591696
2010-11-04 25:00:00,   23.256118,    0.593109
2010-11-05 25:00:00,   22.761206,    0.593452
2010-11-06 25:00:00,   23.268440,    0.595072
2010-11-07 25:00:00,   22.844597,    0.595929
2010-11-08 25:00:00,   24.025870,    0.597003
2010-11-09 25:00:00,   23.654173,    0.597475
2010-11-10 25:00:00,   22.867925,    0.596677
2010-11-11 25:00:00,   22.412886,    0.597435
2010-11-12 25:00:00,   21.965356,    0.597856
2010-11-13 25:00:00,   21.980391,    0.599308
2010-11-14 25:00:00,   21.900051,    0.599143
2010-11-15 25:00:00,   22.371889,    0.600022
2010-11-16 25:00:00,   23.329615,    0.601824
2010-11-17 25:00:00,   24.065126,    0.603371
2010-11-18 25:00:00,   24.956128,    0.605364
2010-11-19 25:00:00,   25.280323,    0.607798
2010-11-20 25:00:00,   25.538059,    0.608133
2010-11-21 25:00:00,   25.645650,    0.608176
2010-11-22 25:00:00,   25.490178,    0.610369
2010-11-23 25:00:00,   24.599054,    0.611801
2010-11-24 25:00:00,   24.794189,    0.613261
2010-11-25 25:00:00,   24.646212,    0.614959
2010-11-26 25:00:00,   24.875068,    0.617097
2010-11-27 25:00:00,   25.011704,    0.618974
2010-11-28 25:00:00,   25.403075,    0.621060
2010-11-29 25:00:00,   25.730383,    0.623322
2010-11-30 25:00:00,   25.975854,    0.624240
2010-12-01 25:00:00,   23.982552,    0.623093
2010-12-02 25:00:00,   23.334153,    0.624661
2010-12-03 25:00:00,   22.977387,    0.625495
2010-12-04 25:00:00,   23.595726,    0.624375
2010-12-05 25:00:00,   23.098876,    0.624100
2010-12-06 25:00:00,   22.351413,    0.623752
2010-12-07 25:00:00,   23.238847,    0.622818
2010-12-08 25:00:00,   22.768146,    0.623698
2010-12-09 25:00:00,   22.679677,    0.622439
2010-12-10 25:00:00,   23.408509,    0.623343
2010-12-11 25:00:00,   23.788351,    0.624299
2010-12-12 25:00:00,   24.942415,    0.625900
2010-12-13 25:00:00,   24.325806,    0.627933
2010-12-14 25:00:00,   24.016234,    0.629406
2010-12-15 25:00:00,   24.282386,    0.630647
2010-12-16 25:00:00,   24.528053,    0.632219
2010-12-17 25:00:00,   24.896381,    0.634282
2010-12-18 25:00:00,   24.842626,    0.635982
2010-12-19 25:00:00,   24.359282,    0.636360
2010-12-20 25:00:00,   22.258331,    0.631240
2010-12-21 25:00:00,   22.521086,    0.631914
2010-12-22 25:00:00,   22.728300,    0.632674
2010-12-23 25:00:00,   23.519821,    0.633385
2010-12-24 25:00:00,   26.793101,    0.634341
2010-12-25 25:00:00,   27.583609,    0.636614
2010-12-26 25:00:00,   27.158656,    0.639898
2010-12-27 25:00:00,   26.963608,    0.641824
2010-12-28 25:00:00,   26.634253,    0.643832
2010-12-29 25:00:00,   26.739705,    0.645737
2010-12-30 25:00:00,   26.750974,    0.647855
2010-12-31 25:00:00,   26.077182,    0.648744
2011-01-01 25:00:00,   26.441876,    0.649465
2011-01-02 25:00:00,   27.277219,    0.651294
2011-01-03 25:00:00,   27.197176,    0.651007
2011-01-04 25:00:00,   28.930948,    0.653223
2011-01-05 25:00:00,   27.762124,    0.642911
2011-01-06 25:00:00,   27.550422,    0.645880
2011-01-07 25:00:00,   26.984117,    0.647889
2011-01-08 25:00:00,   27.131662,    0.649520
2011-01-09 25:00:00,   27.475171,    0.650701
2011-01-10 25:00:00,   27.762552,    0.653289
2011-01-11 25:00:00,   28.005511,    0.655266
2011-01-12 25:00:00,   27.838115,    0.657013
2011-01-13 25:00:00,   27.758629,    0.659201
2011-01-14 25:00:00,   26.921733,    0.659836
2011-01-15 25:00:00,   26.440104,    0.660035
2011-01-16 25:00:00,   26.895622,    0.661802
2011-01-17 25:00:00,   27.116827,    0.663563
2011-01-18 25:00:00,   27.054191,    0.663208
2011-01-19 25:00:00,   27.050531,    0.665151
2011-01-20 25:00:00,   26.704220,    0.665312
2011-01-21 25:00:00,   26.272088,    0.666106
2011-01-22 25:00:00,   26.140334,    0.666256
2011-01-23 25:00:00,   25.840733,    0.667281
2011-01-24 25:00:00,   24.358891,    0.657841
2011-01-25 25:00:00,   24.951235,    0.659439
2011-01-26 25:00:00,   25.121303,    0.660537
2011-01-27 25:00:00,   26.566461,    0.661908
2011-01-28 25:00:00,   28.332434,    0.663117
2011-01-29 25:00:00,   29.267371,    0.664467
2011-01-30 25:00:00,   29.815505,    0.666926
2011-01-31 25:00:00,   27.824454,    0.666720
2011-02-01 25:00:00,   27.093053,    0.667292
2011-02-02 25:00:00,   27.284634,    0.668622
2011-02-03 25:00:00,   27.527748,    0.670456
2011-02-04 25:00:00,   27.429655,    0.671971
2011-02-05 25:00:00,   26.231927,    0.673874
2011-02-06 25:00:00,   25.334869,    0.673229
2011-02-07 25:00:00,   26.146825,    0.674678
2011-02-08 25:00:00,   27.113419,    0.675812
2011-02-09 25:00:00,   28.230433,    0.677696
2011-02-10 25:00:00,   28.237683,    0.680238
2011-02-11 25:00:00,   27.235231,    0.682089
2011-02-12 25:00:00,   26.596509,    0.683600
2011-02-13 25:00:00,   27.009027,    0.684275
2011-02-14 25:00:00,   27.342170,    0.685001
2011-02-15 25:00:00,   27.922169,    0.687126
2011-02-16 25:00:00,   28.330567,    0.689331
2011-02-17 25:00:00,   28.005037,    0.690859
2011-02-18 25:00:00,   28.449736,    0.691670
2011-02-19 25:00:00,   28.018045,    0.693699
2011-02-20 25:00:00,   26.195823,    0.692653
2011-02-21 25:00:00,   27.629771,    0.691678
2011-02-22 25:00:00,   27.474297,    0.694406
2011-02-23 25:00:00,   28.107892,    0.695559
2011-02-24 25:00:00,   28.228283,    0.696754
2011-02-25 25:00:00,   29.291338,    0.697814
2011-02-26 25:00:00,   30.701687,    0.699244
2011-02-27 25:00:00,   30.640815,    0.701070
2011-02-28 25:00:00,   30.589810,    0.703311
2011-03-01 25:00:00,   29.256687,    0.705200
2011-03-02 25:00:00,   28.953972,    0.706010
2011-03-03 25:00:00,   28.627198,    0.707657
2011-03-04 25:00:00,   28.870583,    0.708989
2011-03-05 25:00:00,   28.149971,    0.710084
2011-03-06 25:00:00,   27.298093,    0.709339
2011-03-07 25:00:00,   26.724410,    0.707638
2011-03-08 25:00:00,   26.173821,    0.708389
2011-03-09 25:00:00,   26.080893,    0.706496
2011-03-10 25:00:00,   26.262274,    0.707871
2011-03-11 25:00:00,   25.917410,    0.709207
2011-03-12 25:00:00,   25.069053,    0.708709
2011-03-13 25:00:00,   24.875815,    0.706860
2011-03-14 25:00:00,   25.652945,    0.707688
2011-03-15 25:00:00,   25.078015,    0.709068
2011-03-16 25:00:00,   25.380313,    0.709692
2011-03-17 25:00:00,   25.731830,    0.710085
2011-03-18 25:00:00,   26.292175,    0.711185
2011-03-19 25:00:00,   25.663884,    0.712908
2011-03-20 25:00:00,   24.876364,    0.713675
2011-03-21 25:00:00,   24.977295,    0.712449
2011-03-22 25:00:00,   25.461144,    0.713394
2011-03-23 25:00:00,   25.857373,    0.714758
2011-03-24 25:00:00,   26.122621,    0.716158
2011-03-25 25:00:00,   26.176944,    0.716989
2011-03-26 25:00:00,   26.249997,    0.718245
2011-03-27 25:00:00,   26.531920,    0.719503
2011-03-28 25:00:00,   26.126473,    0.720184
2011-03-29 25:00:00,   25.753396,    0.720413
2011-03-30 25:00:00,   25.561374,    0.720382
2011-03-31 25:00:00,   25.535946,    0.721624
2011-04-01 25:00:00,   25.130424,    0.722573
2011-04-02 25:00:00,   24.745416,    0.721355
2011-04-03 25:00:00,   24.600395,    0.722207
2011-04-04 25:00:00,   24.338954,    0.722795
2011-04-05 25:00:00,   24.730287,    0.723220
2011-04-06 25:00:00,   24.497126,    0.723685
2011-04-07 25:00:00,   23.613536,    0.721327
2011-04-08 25:00:00,   23.234984,    0.719769
2011-04-09 25:00:00,   22.451708,    0.716480
2011-04-10 25:00:00,   21.906764,    0.711539
2011-04-11 25:00:00,   22.027621,    0.701326
2011-04-12 25:00:00,   21.837742,    0.701720
2011-04-13 25:00:00,   22.392789,    0.701960
2011-04-14 25:00:00,   22.445018,    0.702619
2011-04-15 25:00:00,   22.284577,    0.703315
2011-04-16 25:00:00,   22.322150,    0.703517
2011-04-17 25:00:00,   21.828053,    0.703726
2011-04-18 25:00:00,   21.561152,    0.703818
2011-04-19 25:00:00,   21.360715,    0.703365
2011-04-20 25:00:00,   21.047407,    0.703739
2011-04-21 25:00:00,   21.211042,    0.702364
2011-04-22 25:00:00,   21.783345,    0.702365
2011-04-23 25:00:00,   22.029457,    0.702580
2011-04-24 25:00:00,   22.301480,    0.703428
2011-04-25 25:00:00,   22.718162,    0.704066
2011-04-26 25:00:00,   22.500895,    0.698952
2011-04-27 25:00:00,   21.222924,    0.698155
2011-04-28 25:00:00,   20.600455,    0.697694
2011-04-29 25:00:00,   20.543606,    0.697550
2011-04-30 25:00:00,   20.454324,    0.697626
2011-05-01 25:00:00,   20.583854,    0.697772
2011-05-02 25:00:00,   20.657547,    0.698215
2011-05-03 25:00:00,   20.655931,    0.698636
2011-05-04 25:00:00,   20.708225,    0.699103
2011-05-05 25:00:00,   20.412425,    0.699362
2011-05-06 25:00:00,   20.065467,    0.698963
2011-05-07 25:00:00,   19.730621,    0.698215
2011-05-08 25:00:00,   19.739744,    0.698466
2011-05-09 25:00:00,   19.381507,    0.698621
2011-05-10 25:00:00,   19.514388,    0.697479
2011-05-11 25:00:00,   19.244650,    0.697624
2011-05-12 25:00:00,   18.993385,    0.697786
2011-05-13 25:00:00,   18.694705,    0.696636
2011-05-14 25:00:00,   18.402282,    0.696652
2011-05-15 25:00:00,   18.002939,    0.694627
2011-05-16 25:00:00,   18.087738,    0.692739
2011-05-17 25:00:00,   18.031788,    0.678069
2011-05-18 25:00:00,   18.370148,    0.688603
2011-05-19 25:00:00,   18.211984,    0.688650
2011-05-20 25:00:00,   17.723608,    0.682947
2011-05-21 25:00:00,   17.604785,    0.683101
2011-05-22 25:00:00,   17.787020,    0.683338
2011-05-23 25:00:00,   18.092677,    0.683426
2011-05-24 25:00:00,   17.564036,    0.683673
2011-05-25 25:00:00,   17.265631,    0.683532
2011-05-26 25:00:00,   17.234905,    0.683869
2011-05-27 25:00:00,   17.331288,    0.684161
2011-05-28 25:00:00,   17.522531,    0.684278
2011-05-29 25:00:00,   17.174993,    0.683342
2011-05-30 25:00:00,   17.266217,    0.679440
2011-05-31 25:00:00,   17.417794,    0.668393
2011-06-01 25:00:00,   17.365601,    0.649186
2011-06-02 25:00:00,   17.251031,    0.653457
2011-06-03 25:00:00,   17.238471,    0.657477
2011-06-04 25:00:00,   16.712913,    0.659015
2011-06-05 25:00:00,   16.556990,    0.661145
2011-06-06 25:00:00,   16.410607,    0.662517
2011-06-07 25:00:00,   16.240587,    0.663586
2011-06-08 25:00:00,   16.085155,    0.665039
2011-06-09 25:00:00,   15.875504,    0.677668
2011-06-10 25:00:00,   15.635247,    0.682118
2011-06-11 25:00:00,   15.360572,    0.682563
2011-06-12 25:00:00,   15.199464,    0.682956
2011-06-13 25:00:00,   14.822216,    0.683461
2011-06-14 25:00:00,   14.522569,    0.682383
2011-06-15 25:00:00,   14.558685,    0.680984
2011-06-16 25:00:00,   14.966351,    0.681198
2011-06-17 25:00:00,   14.583509,    0.681361
2011-06-18 25:00:00,   14.608451,    0.680290
2011-06-19 25:00:00,   14.691726,    0.680526
2011-06-20 25:00:00,   14.826475,    0.680509
2011-06-21 25:00:00,   15.257627,    0.680813
2011-06-22 25:00:00,   14.918271,    0.680774
2011-06-23 25:00:00,   15.113053,    0.680609
2011-06-24 25:00:00,   15.356536,    0.673571
2011-06-25 25:00:00,   15.486506,    0.671400
2011-06-26 25:00:00,   15.796455,    0.669314
2011-06-27 25:00:00,   15.394357,    0.665603
2011-06-28 25:00:00,   15.212490,    0.656369
2011-06-29 25:00:00,   15.324008,    0.644360
2011-06-30 25:00:00,   14.857929,    0.646164
2011-07-01 25:00:00,   14.665263,    0.645880
2011-07-02 25:00:00,   14.326860,    0.642840
2011-07-03 25:00:00,   14.138746,    0.639427
2011-07-04 25:00:00,   14.203794,    0.639191
2011-07-05 25:00:00,   14.349124,    0.638637
2011-07-06 25:00:00,   14.260020,    0.638812
2011-07-07 25:00:00,   13.753653,    0.638827
2011-07-08 25:00:00,   13.581590,    0.638979
2011-07-09 25:00:00,   13.558963,    0.639241
2011-07-10 25:00:00,   13.241943,    0.639161
2011-07-11 25:00:00,   13.003997,    0.636221
2011-07-12 25:00:00,   13.598756,    0.636481
2011-07-13 25:00:00,   14.193968,    0.636552
2011-07-14 25:00:00,   14.170624,    0.636786
2011-07-15 25:00:00,   13.940864,    0.631740
2011-07-16 25:00:00,   14.364893,    0.632317
2011-07-17 25:00:00,   14.094390,    0.632609
2011-07-18 25:00:00,   14.221664,    0.632758
2011-07-19 25:00:00,   14.384674,    0.632682
2011-07-20 25:00:00,   13.992018,    0.612020
2011-07-21 25:00:00,   14.039681,    0.615679
2011-07-22 25:00:00,   13.957454,    0.597852
2011-07-23 25:00:00,   14.118507,    0.591616
2011-07-24 25:00:00,   14.191369,    0.598860
2011-07-25 25:00:00,   14.020540,    0.595707
2011-07-26 25:00:00,   14.699242,    0.595612
2011-07-27 25:00:00,   14.576926,    0.591148
2011-07-28 25:00:00,   14.962151,    0.587718
2011-07-29 25:00:00,   14.787095,    0.588600
2011-07-30 25:00:00,   14.916410,    0.588117
2011-07-31 25:00:00,   15.011930,    0.587210
2011-08-01 25:00:00,   15.283501,    0.582974
2011-08-02 25:00:00,   15.242709,    0.578594
2011-08-03 25:00:00,   14.898331,    0.578823
2011-08-04 25:00:00,   15.281326,    0.579318
2011-08-05 25:00:00,   14.926324,    0.579782
2011-08-06 25:00:00,   14.654724,    0.581117
2011-08-07 25:00:00,   15.254791,    0.580022
2011-08-08 25:00:00,   14.813889,    0.580483
2011-08-09 25:00:00,   15.307074,    0.581047
2011-08-10 25:00:00,   15.327242,    0.581264
2011-08-11 25:00:00,   15.315973,    0.581628
2011-08-12 25:00:00,   15.482297,    0.581315
2011-08-13 25:00:00,   16.098657,    0.560531
2011-08-14 25:00:00,   15.571185,    0.565133
2011-08-15 25:00:00,   14.975380,    0.565955
2011-08-16 25:00:00,   14.675037,    0.566060
2011-08-17 25:00:00,   14.965082,    0.566750
2011-08-18 25:00:00,   15.354353,    0.567237
2011-08-19 25:00:00,   15.712690,    0.567063
2011-08-20 25:00:00,   17.078103,    0.567554
2011-08-21 25:00:00,   17.132164,    0.554938
2011-08-22 25:00:00,   17.341708,    0.556349
2011-08-23 25:00:00,   16.883397,    0.554684
2011-08-24 25:00:00,   16.489904,    0.554114
2011-08-25 25:00:00,   16.819429,    0.554720
2011-08-26 25:00:00,   17.278593,    0.554738
2011-08-27 25:00:00,   17.531531,    0.555578
2011-08-28 25:00:00,   17.629194,    0.556060
2011-08-29 25:00:00,   18.081195,    0.555997
2011-08-30 25:00:00,   19.217605,    0.557117
2011-08-31 25:00:00,   19.796060,    0.557405
2011-09-01 25:00:00,   19.285427,    0.554995
2011-09-02 25:00:00,   17.701163,    0.553994
2011-09-03 25:00:00,   16.991028,    0.554445
2011-09-04 25:00:00,   16.967711,    0.554728
2011-09-05 25:00:00,   16.735059,    0.555664
2011-09-06 25:00:00,   16.725033,    0.556225
2011-09-07 25:00:00,   16.540389,    0.556958
2011-09-08 25:00:00,   16.543938,    0.557696
2011-09-09 25:00:00,   17.412426,    0.558530
2011-09-10 25:00:00,   17.818246,    0.559233
2011-09-11 25:00:00,   18.398454,    0.559850
2011-09-12 25:00:00,   18.726367,    0.560430
2011-09-13 25:00:00,   19.466228,    0.561172
2011-09-14 25:00:00,   20.377837,    0.561229
2011-09-15 25:00:00,   20.609005,    0.562418
2011-09-16 25:00:00,   19.867348,    0.562896
2011-09-17 25:00:00,   19.184372,    0.559011
2011-09-18 25:00:00,   17.840277,    0.546654
2011-09-19 25:00:00,   17.488886,    0.547217
2011-09-20 25:00:00,   18.122553,    0.546762
2011-09-21 25:00:00,   17.209933,    0.542413
2011-09-22 25:00:00,   16.876923,    0.542556
2011-09-23 25:00:00,   18.166628,    0.543361
2011-09-24 25:00:00,   18.786921,    0.544239
2011-09-25 25:00:00,   19.188132,    0.544646
2011-09-26 25:00:00,   17.751765,    0.544357
2011-09-27 25:00:00,   16.632466,    0.538630
2011-09-28 25:00:00,   18.057510,    0.538806
2011-09-29 25:00:00,   18.479807,    0.540175
2011-09-30 25:00:00,   17.883498,    0.540758
2011-10-01 25:00:00,   20.126564,    0.541313
2011-10-02 25:00:00,   19.309165,    0.533172
2011-10-03 25:00:00,   19.335989,    0.535363
2011-10-04 25:00:00,   20.202337,    0.536389
2011-10-05 25:00:00,   20.666840,    0.537030
2011-10-06 25:00:00,   21.213435,    0.537583
2011-10-07 25:00:00,   22.333653,    0.538537
2011-10-08 25:00:00,   23.153302,    0.539286
2011-10-09 25:00:00,   22.092798,    0.540287
2011-10-10 25:00:00,   22.663094,    0.541357
2011-10-11 25:00:00,   23.205431,    0.542180
2011-10-12 25:00:00,   23.186267,    0.543359
2011-10-13 25:00:00,   21.864008,    0.544518
2011-10-14 25:00:00,   21.787141,    0.545521
2011-10-15 25:00:00,   22.670615,    0.546452
2011-10-16 25:00:00,   22.899671,    0.547568
2011-10-17 25:00:00,   22.814112,    0.548612
2011-10-18 25:00:00,   21.797299,    0.541320
2011-10-19 25:00:00,   21.616456,    0.542859
2011-10-20 25:00:00,   21.872966,    0.544121
2011-10-21 25:00:00,   22.541964,    0.545366
2011-10-22 25:00:00,   21.992822,    0.545567
2011-10-23 25:00:00,   22.003527,    0.546387
2011-10-24 25:00:00,   21.451996,    0.546915
2011-10-25 25:00:00,   21.431916,    0.541877
2011-10-26 25:00:00,   21.598622,    0.541968
2011-10-27 25:00:00,   22.570855,    0.542974
2011-10-28 25:00:00,   22.249666,    0.543908
2011-10-29 25:00:00,   22.590680,    0.545575
2011-10-30 25:00:00,   23.084026,    0.547129
2011-10-31 25:00:00,   23.460927,    0.548661
2011-11-01 25:00:00,   24.515318,    0.550245
2011-11-02 25:00:00,   24.990507,    0.547474
2011-11-03 25:00:00,   24.847560,    0.548190
2011-11-04 25:00:00,   24.801347,    0.549686
2011-11-05 25:00:00,   22.988299,    0.541013
2011-11-06 25:00:00,   23.546723,    0.530363
2011-11-07 25:00:00,   22.354381,    0.534684
2011-11-08 25:00:00,   20.907765,    0.534033
2011-11-09 25:00:00,   21.810532,    0.535277
2011-11-10 25:00:00,   22.964821,    0.535427
2011-11-11 25:00:00,   23.001450,    0.537283
2011-11-12 25:00:00,   23.850297,    0.538975
2011-11-13 25:00:00,   24.027680,    0.540414
2011-11-14 25:00:00,   23.855590,    0.541255
2011-11-15 25:00:00,   23.645567,    0.542767
2011-11-16 25:00:00,   24.142584,    0.543968
2011-11-17 25:00:00,   23.620473,    0.543500
2011-11-18 25:00:00,   23.641277,    0.545146
2011-11-19 25:00:00,   23.376438,    0.546392
2011-11-20 25:00:00,   23.522230,    0.548086
2011-11-21 25:00:00,   23.754174,    0.549201
2011-11-22 25:00:00,   24.805085,    0.550962
2011-11-23 25:00:00,   25.659727,    0.553846
2011-11-24 25:00:00,   25.348758,    0.555058
2011-11-25 25:00:00,   25.499181,    0.556311
2011-11-26 25:00:00,   23.815116,    0.557501
2011-11-27 25:00:00,   22.999958,    0.558888
2011-11-28 25:00:00,   22.971942,    0.560399
2011-11-29 25:00:00,   22.798464,    0.561986
2011-11-30 25:00:00,   22.751895,    0.562875
2011-12-01 25:00:00,   23.696596,    0.565413
2011-12-02 25:00:00,   24.441116,    0.567392
2011-12-03 25:00:00,   24.939759,    0.569177
2011-12-04 25:00:00,   25.324980,    0.569936
2011-12-05 25:00:00,   26.556301,    0.572071
2011-12-06 25:00:00,   24.974318,    0.553581
2011-12-07 25:00:00,   25.017837,    0.553333
2011-12-08 25:00:00,   24.412012,    0.554169
2011-12-09 25:00:00,   24.953106,    0.555004
2011-12-10 25:00:00,   25.943442,    0.556838
2011-12-11 25:00:00,   26.254465,    0.558029
2011-12-12 25:00:00,   23.666524,    0.518884
2011-12-13 25:00:00,   22.580174,    0.523408
2011-12-14 25:00:00,   24.222574,    0.525312
2011-12-15 25:00:00,   23.521780,    0.526192
2011-12-16 25:00:00,   24.780343,    0.527192
2011-12-17 25:00:00,   25.378982,    0.527973
2011-12-18 25:00:00,   25.962407,    0.529892
2011-12-19 25:00:00,   25.936983,    0.531607
2011-12-20 25:00:00,   26.438803,    0.533506
2011-12-21 25:00:00,   26.520259,    0.534713
2011-12-22 25:00:00,   26.441319,    0.536343
2011-12-23 25:00:00,   26.105512,    0.538439
2011-12-24 25:00:00,   26.188199,    0.540389
2011-12-25 25:00:00,   26.074217,    0.541725
2011-12-26 25:00:00,   26.261708,    0.543356
2011-12-27 25:00:00,   26.275556,    0.545052
2011-12-28 25:00:00,   26.749071,    0.547376
2011-12-29 25:00:00,   27.841750,    0.549421
2011-12-30 25:00:00,   28.022298,    0.551125
2011-12-31 25:00:00,   27.514255,    0.552304
2012-01-01 25:00:00,   27.189636,    0.553954
2012-01-02 25:00:00,   26.944373,    0.555792
2012-01-03 25:00:00,   26.289219,    0.557500
2012-01-04 25:00:00,   26.648760,    0.559479
2012-01-05 25:00:00,   27.161090,    0.561137
2012-01-06 25:00:00,   26.135062,    0.562458
2012-01-07 25:00:00,   25.355295,    0.564039
2012-01-08 25:00:00,   25.169081,    0.565080
2012-01-09 25:00:00,   25.493711,    0.566659
2012-01-10 25:00:00,   26.292427,    0.568720
2012-01-11 25:00:00,   26.793073,    0.570859
2012-01-12 25:00:00,   27.593493,    0.572768
2012-01-13 25:00:00,   28.375557,    0.574984
2012-01-14 25:00:00,   29.106763,    0.575364
2012-01-15 25:00:00,   29.343641,    0.577539
2012-01-16 25:00:00,   27.363463,    0.579426
2012-01-17 25:00:00,   26.885923,    0.580796
2012-01-18 25:00:00,   27.042718,    0.582403
2012-01-19 25:00:00,   28.531986,    0.583853
2012-01-20 25:00:00,   29.500212,    0.583981
2012-01-21 25:00:00,   30.434565,    0.586161
2012-01-22 25:00:00,   29.375391,    0.587501
2012-01-23 25:00:00,   28.756205,    0.589617
2012-01-24 25:00:00,   28.998161,    0.589212
2012-01-25 25:00:00,   29.502868,    0.590232
2012-01-26 25:00:00,   30.369572,    0.590473
2012-01-27 25:00:00,   30.962158,    0.592327
2012-01-28 25:00:00,   31.004954,    0.593967
2012-01-29 25:00:00,   28.385528,    0.596030
2012-01-30 25:00:00,   27.262544,    0.597486
2012-01-31 25:00:00,   27.674447,    0.598328
2012-02-01 25:00:00,   27.221505,    0.599595
2012-02-02 25:00:00,   27.122761,    0.594406
2012-02-03 25:00:00,   26.295621,    0.596973
2012-02-04 25:00:00,   25.286980,    0.598511
2012-02-05 25:00:00,   25.200562,    0.598884
2012-02-06 25:00:00,   25.443873,    0.600865
2012-02-07 25:00:00,   25.551984,    0.602132
2012-02-08 25:00:00,   25.988971,    0.604535
2012-02-09 25:00:00,   26.739220,    0.606310
2012-02-10 25:00:00,   27.858576,    0.607604
2012-02-11 25:00:00,   27.898007,    0.609862
2012-02-12 25:00:00,   27.119076,    0.611183
2012-02-13 25:00:00,   27.719779,    0.612596
2012-02-14 25:00:00,   27.674414,    0.614228
2012-02-15 25:00:00,   27.284665,    0.615966
2012-02-16 25:00:00,   27.085041,    0.617125
2012-02-17 25:00:00,   27.129129,    0.619197
2012-02-18 25:00:00,   26.983909,    0.620371
2012-02-19 25:00:00,   27.333721,    0.621002
2012-02-20 25:00:00,   27.266639,    0.622368
2012-02-21 25:00:00,   27.746204,    0.622835
2012-02-22 25:00:00,   28.812340,    0.624082
2012-02-23 25:00:00,   27.868104,    0.625203
2012-02-24 25:00:00,   27.011636,    0.626266
2012-02-25 25:00:00,   26.326344,    0.625808
2012-02-26 25:00:00,   25.587653,    0.626786
2012-02-27 25:00:00,   25.445399,    0.626609
2012-02-28 25:00:00,   25.190806,    0.627814
2012-02-29 25:00:00,   24.909145,    0.629045
2012-03-01 25:00:00,   24.581079,    0.628796
2012-03-02 25:00:00,   24.369905,    0.629115
2012-03-03 25:00:00,   24.472696,    0.630348
2012-03-04 25:00:00,   25.443666,    0.631172
2012-03-05 25:00:00,   26.028982,    0.631160
2012-03-06 25:00:00,   26.390098,    0.634011
2012-03-07 25:00:00,   25.820346,    0.635172
2012-03-08 25:00:00,   25.559289,    0.635814
2012-03-09 25:00:00,   26.027194,    0.636798
2012-03-10 25:00:00,   26.787268,    0.637891
2012-03-11 25:00:00,   27.269721,    0.639349
2012-03-12 25:00:00,   27.222216,    0.640851
2012-03-13 25:00:00,   26.085068,    0.642393
2012-03-14 25:00:00,   25.186389,    0.642291
2012-03-15 25:00:00,   24.596307,    0.642740
2012-03-16 25:00:00,   24.303891,    0.642637
2012-03-17 25:00:00,   24.393172,    0.643489
2012-03-18 25:00:00,   24.659486,    0.644371
2012-03-19 25:00:00,   24.245095,    0.645566
2012-03-20 25:00:00,   23.869959,    0.645873
2012-03-21 25:00:00,   23.702653,    0.647047
2012-03-22 25:00:00,   23.335845,    0.646164
2012-03-23 25:00:00,   23.316040,    0.647029
2012-03-24 25:00:00,   23.571635,    0.647586
2012-03-25 25:00:00,   23.425283,    0.648213
2012-03-26 25:00:00,   23.672535,    0.649104
2012-03-27 25:00:00,   23.784092,    0.649900
2012-03-28 25:00:00,   23.814153,    0.650555
2012-03-29 25:00:00,   23.819195,    0.651428
2012-03-30 25:00:00,   22.810836,    0.651721
2012-03-31 25:00:00,   22.687996,    0.651227
2012-04-01 25:00:00,   22.380972,    0.651640
2012-04-02 25:00:00,   22.043486,    0.650007
2012-04-03 25:00:00,   22.312390,    0.650488
2012-04-04 25:00:00,   22.264584,    0.650884
2012-04-05 25:00:00,   21.587353,    0.651196
2012-04-06 25:00:00,   21.064113,    0.650674
2012-04-07 25:00:00,   21.618262,    0.651276
2012-04-08 25:00:00,   22.163914,    0.651774
2012-04-09 25:00:00,   22.964407,    0.652487
2012-04-10 25:00:00,   23.218440,    0.652485
2012-04-11 25:00:00,   23.183930,    0.654243
2012-04-12 25:00:00,   22.805530,    0.654437
2012-04-13 25:00:00,   22.703440,    0.655310
2012-04-14 25:00:00,   22.853010,    0.655973
2012-04-15 25:00:00,   23.188043,    0.656865
2012-04-16 25:00:00,   23.384559,    0.657415
2012-04-17 25:00:00,   22.689862,    0.657796
2012-04-18 25:00:00,   21.836424,    0.656919
2012-04-19 25:00:00,   21.570516,    0.656836
2012-04-20 25:00:00,   21.191097,    0.656805
2012-04-21 25:00:00,   21.026230,    0.656615
2012-04-22 25:00:00,   20.942747,    0.655280
2012-04-23 25:00:00,   20.794806,    0.655244
2012-04-24 25:00:00,   20.156881,    0.655561
2012-04-25 25:00:00,   19.681325,    0.654879
2012-04-26 25:00:00,   20.343384,    0.654506
2012-04-27 25:00:00,   19.834768,    0.655855
2012-04-28 25:00:00,   19.168624,    0.655228
2012-04-29 25:00:00,   19.425908,    0.651262
2012-04-30 25:00:00,   19.563099,    0.652286
2012-05-01 25:00:00,   19.273111,    0.653275
2012-05-02 25:00:00,   19.319136,    0.654060
2012-05-03 25:00:00,   19.788735,    0.654212
2012-05-04 25:00:00,   19.448320,    0.621426
2012-05-05 25:00:00,   19.582831,    0.622023
2012-05-06 25:00:00,   19.086385,    0.618074
2012-05-07 25:00:00,   18.402733,    0.623514
2012-05-08 25:00:00,   17.954131,    0.626200
2012-05-09 25:00:00,   18.324003,    0.625434
2012-05-10 25:00:00,   18.540121,    0.616741
2012-05-11 25:00:00,   18.408020,    0.619590
2012-05-12 25:00:00,   18.494271,    0.622629
2012-05-13 25:00:00,   18.059606,    0.622523
2012-05-14 25:00:00,   18.728799,    0.623003
2012-05-15 25:00:00,   18.596084,    0.623345
2012-05-16 25:00:00,   18.696507,    0.623588
2012-05-17 25:00:00,   18.295265,    0.623582
2012-05-18 25:00:00,   18.281115,    0.623614
2012-05-19 25:00:00,   18.518476,    0.624192
2012-05-20 25:00:00,   18.162861,    0.624298
2012-05-21 25:00:00,   17.984859,    0.624687
2012-05-22 25:00:00,   17.824261,    0.625275
2012-05-23 25:00:00,   17.667780,    0.626695
2012-05-24 25:00:00,   17.458633,    0.627921
2012-05-25 25:00:00,   17.021473,    0.628999
2012-05-26 25:00:00,   16.718909,    0.630406
2012-05-27 25:00:00,   17.085475,    0.632138
2012-05-28 25:00:00,   17.220890,    0.632494
2012-05-29 25:00:00,   16.694744,    0.633004
2012-05-30 25:00:00,   16.769679,    0.634636
2012-05-31 25:00:00,   16.220634,    0.653273
2012-06-01 25:00:00,   16.495299,    0.653694
2012-06-02 25:00:00,   16.913618,    0.653833
2012-06-03 25:00:00,   16.048605,    0.654155
2012-06-04 25:00:00,   16.020162,    0.655249
2012-06-05 25:00:00,   15.874541,    0.655759
2012-06-06 25:00:00,   15.448160,    0.657668
2012-06-07 25:00:00,   15.399133,    0.645638
2012-06-08 25:00:00,   16.319705,    0.647309
2012-06-09 25:00:00,   16.274291,    0.647305
2012-06-10 25:00:00,   15.665456,    0.645777
2012-06-11 25:00:00,   15.412523,    0.645091
2012-06-12 25:00:00,   15.236962,    0.641557
2012-06-13 25:00:00,   14.931281,    0.640707
2012-06-14 25:00:00,   14.707702,    0.637355
2012-06-15 25:00:00,   15.099764,    0.637447
2012-06-16 25:00:00,   15.106890,    0.637743
2012-06-17 25:00:00,   15.216324,    0.637803
2012-06-18 25:00:00,   15.133985,    0.637966
2012-06-19 25:00:00,   15.469735,    0.635109
2012-06-20 25:00:00,   14.934155,    0.634931
2012-06-21 25:00:00,   15.159477,    0.635381
2012-06-22 25:00:00,   15.162510,    0.635558
2012-06-23 25:00:00,   14.592017,    0.635642
2012-06-24 25:00:00,   14.539188,    0.635856
2012-06-25 25:00:00,   14.136197,    0.635586
2012-06-26 25:00:00,   13.951900,    0.632519
2012-06-27 25:00:00,   14.021124,    0.631513
2012-06-28 25:00:00,   14.013066,    0.631187
2012-06-29 25:00:00,   14.688674,    0.631413
2012-06-30 25:00:00,   14.598315,    0.631868
2012-07-01 25:00:00,   14.705659,    0.632150
2012-07-02 25:00:00,   14.714128,    0.632260
2012-07-03 25:00:00,   14.378640,    0.632690
2012-07-04 25:00:00,   14.297017,    0.632897
2012-07-05 25:00:00,   13.819997,    0.632797
2012-07-06 25:00:00,   13.911629,    0.631352
2012-07-07 25:00:00,   14.523136,    0.631820
2012-07-08 25:00:00,   13.944143,    0.631997
2012-07-09 25:00:00,   13.770351,    0.632272
2012-07-10 25:00:00,   13.522176,    0.624459
2012-07-11 25:00:00,   13.357254,    0.624674
2012-07-12 25:00:00,   13.513710,    0.625042
2012-07-13 25:00:00,   13.254885,    0.625004
2012-07-14 25:00:00,   13.797950,    0.625245
2012-07-15 25:00:00,   13.692977,    0.625356
2012-07-16 25:00:00,   13.495497,    0.621041
2012-07-17 25:00:00,   13.765606,    0.621656
2012-07-18 25:00:00,   13.734762,    0.621816
2012-07-19 25:00:00,   13.830314,    0.622178
2012-07-20 25:00:00,   13.932022,    0.622426
2012-07-21 25:00:00,   14.231552,    0.622684
2012-07-22 25:00:00,   14.325027,    0.622812
2012-07-23 25:00:00,   13.546322,    0.623052
2012-07-24 25:00:00,   13.714542,    0.623733
2012-07-25 25:00:00,   13.506482,    0.623570
2012-07-26 25:00:00,   14.109233,    0.623883
2012-07-27 25:00:00,   14.119864,    0.624183
2012-07-28 25:00:00,   14.206333,    0.624510
2012-07-29 25:00:00,   13.713356,    0.624528
2012-07-30 25:00:00,   13.774711,    0.624758
2012-07-31 25:00:00,   14.121045,    0.617669
2012-08-01 25:00:00,   14.237908,    0.613521
2012-08-02 25:00:00,   13.925934,    0.615487
2012-08-03 25:00:00,   14.107904,    0.614943
2012-08-04 25:00:00,   14.814307,    0.612436
2012-08-05 25:00:00,   14.856775,    0.612720
2012-08-06 25:00:00,   14.909328,    0.610972
2012-08-07 25:00:00,   14.848481,    0.606270
2012-08-08 25:00:00,   15.375668,    0.605572
2012-08-09 25:00:00,   15.484495,    0.603797
2012-08-10 25:00:00,   15.572534,    0.603650
2012-08-11 25:00:00,   16.090869,    0.604132
2012-08-12 25:00:00,   15.243703,    0.587711
2012-08-13 25:00:00,   15.502176,    0.591067
2012-08-14 25:00:00,   15.211288,    0.588851
2012-08-15 25:00:00,   15.811657,    0.590019
2012-08-16 25:00:00,   15.969091,    0.590510
2012-08-17 25:00:00,   15.497727,    0.590657
2012-08-18 25:00:00,   16.226925,    0.590858
2012-08-19 25:00:00,   16.362771,    0.590838
2012-08-20 25:00:00,   17.429301,    0.591131
2012-08-21 25:00:00,   16.528273,    0.588265
2012-08-22 25:00:00,   15.671816,    0.588780
2012-08-23 25:00:00,   15.843522,    0.589089
2012-08-24 25:00:00,   15.760361,    0.589471
2012-08-25 25:00:00,   16.387344,    0.589340
2012-08-26 25:00:00,   16.607787,    0.589886
2012-08-27 25:00:00,   17.011935,    0.590113
2012-08-28 25:00:00,   16.807299,    0.590375
2012-08-29 25:00:00,   17.596843,    0.590996
2012-08-30 25:00:00,   17.837144,    0.590832
2012-08-31 25:00:00,   17.185047,    0.588149
2012-09-01 25:00:00,   17.768283,    0.589033
2012-09-02 25:00:00,   17.840446,    0.589469
2012-09-03 25:00:00,   16.747869,    0.584392
2012-09-04 25:00:00,   15.515336,    0.582360
2012-09-05 25:00:00,   15.138584,    0.579543
2012-09-06 25:00:00,   15.472755,    0.578302
2012-09-07 25:00:00,   16.010357,    0.578892
2012-09-08 25:00:00,   16.707277,    0.579460
2012-09-09 25:00:00,   17.599374,    0.579589
2012-09-10 25:00:00,   18.736500,    0.580322
2012-09-11 25:00:00,   18.725331,    0.580742
2012-09-12 25:00:00,   18.017526,    0.581207
2012-09-13 25:00:00,   17.827339,    0.581514
2012-09-14 25:00:00,   18.413410,    0.582205
2012-09-15 25:00:00,   18.623437,    0.582867
2012-09-16 25:00:00,   19.532564,    0.584134
2012-09-17 25:00:00,   19.549043,    0.584021
2012-09-18 25:00:00,   19.776938,    0.572211
2012-09-19 25:00:00,   20.079413,    0.572745
2012-09-20 25:00:00,   19.674347,    0.574081
2012-09-21 25:00:00,   17.895554,    0.573640
2012-09-22 25:00:00,   17.003305,    0.573877
2012-09-23 25:00:00,   17.439682,    0.574588
2012-09-24 25:00:00,   17.405243,    0.574986
2012-09-25 25:00:00,   17.282539,    0.570299
2012-09-26 25:00:00,   16.527691,    0.569224
2012-09-27 25:00:00,   15.816691,    0.568319
2012-09-28 25:00:00,   17.048003,    0.569022
2012-09-29 25:00:00,   17.876344,    0.569868
2012-09-30 25:00:00,   18.874695,    0.570543
2012-10-01 25:00:00,   19.918674,    0.572113
2012-10-02 25:00:00,   19.679787,    0.571867
2012-10-03 25:00:00,   19.688455,    0.573256
2012-10-04 25:00:00,   20.049301,    0.573600
2012-10-05 25:00:00,   19.428216,    0.573334
2012-10-06 25:00:00,   20.112590,    0.574409
2012-10-07 25:00:00,   20.297455,    0.575236
2012-10-08 25:00:00,   20.688680,    0.576189
2012-10-09 25:00:00,   20.741971,    0.576346
2012-10-10 25:00:00,   21.001527,    0.577876
2012-10-11 25:00:00,   20.945826,    0.579259
2012-10-12 25:00:00,   21.406714,    0.579984
2012-10-13 25:00:00,   20.598812,    0.579616
2012-10-14 25:00:00,   20.063714,    0.580605
2012-10-15 25:00:00,   20.247040,    0.581262
2012-10-16 25:00:00,   20.307723,    0.581489
2012-10-17 25:00:00,   21.265083,    0.582523
2012-10-18 25:00:00,   22.524038,    0.582505
2012-10-19 25:00:00,   22.429940,    0.584398
2012-10-20 25:00:00,   23.032188,    0.585483
2012-10-21 25:00:00,   23.829651,    0.586828
2012-10-22 25:00:00,   22.556813,    0.587050
2012-10-23 25:00:00,   22.016092,    0.588103
2012-10-24 25:00:00,   21.832022,    0.588151
2012-10-25 25:00:00,   22.039354,    0.589363
2012-10-26 25:00:00,   22.304841,    0.590804
2012-10-27 25:00:00,   22.885873,    0.592163
2012-10-28 25:00:00,   23.560237,    0.593135
2012-10-29 25:00:00,   23.558959,    0.594249
2012-10-30 25:00:00,   22.629531,    0.595396
2012-10-31 25:00:00,   21.743206,    0.596411
2012-11-01 25:00:00,   21.468613,    0.596996
2012-11-02 25:00:00,   22.273038,    0.597899
2012-11-03 25:00:00,   21.738033,    0.598825
2012-11-04 25:00:00,   20.404196,    0.593452
2012-11-05 25:00:00,   19.800744,    0.591912
2012-11-06 25:00:00,   20.924491,    0.592948
2012-11-07 25:00:00,   21.465378,    0.593860
2012-11-08 25:00:00,   22.149666,    0.595343
2012-11-09 25:00:00,   23.047316,    0.596302
2012-11-10 25:00:00,   23.197787,    0.597749
2012-11-11 25:00:00,   22.669508,    0.599003
2012-11-12 25:00:00,   22.712980,    0.600621
2012-11-13 25:00:00,   22.649023,    0.601883
2012-11-14 25:00:00,   23.037294,    0.603475
2012-11-15 25:00:00,   23.567923,    0.604954
2012-11-16 25:00:00,   24.166101,    0.606638
2012-11-17 25:00:00,   25.040197,    0.608563
2012-11-18 25:00:00,   24.314746,    0.610495
2012-11-19 25:00:00,   24.711282,    0.610942
2012-11-20 25:00:00,   24.876974,    0.612943
2012-11-21 25:00:00,   25.434250,    0.614716
2012-11-22 25:00:00,   26.313265,    0.615815
2012-11-23 25:00:00,   25.477201,    0.616891
2012-11-24 25:00:00,   24.527467,    0.616246
2012-11-25 25:00:00,   25.176940,    0.617377
2012-11-26 25:00:00,   25.960489,    0.618376
2012-11-27 25:00:00,   25.224477,    0.619880
2012-11-28 25:00:00,   22.101887,    0.611703
2012-11-29 25:00:00,   20.341124,    0.608796
2012-11-30 25:00:00,   20.322736,    0.609748
2012-12-01 25:00:00,   21.345608,    0.610850
2012-12-02 25:00:00,   22.119913,    0.612134
2012-12-03 25:00:00,   23.732353,    0.614525
2012-12-04 25:00:00,   25.653657,    0.616611
2012-12-05 25:00:00,   25.936623,    0.618327
2012-12-06 25:00:00,   25.305209,    0.619249
2012-12-07 25:00:00,   24.326541,    0.620702
2012-12-08 25:00:00,   24.696861,    0.622346
2012-12-09 25:00:00,   25.335023,    0.624377
2012-12-10 25:00:00,   26.550543,    0.626327
2012-12-11 25:00:00,   27.220559,    0.626449
2012-12-12 25:00:00,   26.327913,    0.621691
2012-12-13 25:00:00,   24.871906,    0.608023
2012-12-14 25:00:00,   24.722378,    0.604406
2012-12-15 25:00:00,   25.097467,    0.605807
2012-12-16 25:00:00,   26.119889,    0.608064
2012-12-17 25:00:00,   26.746117,    0.609517
2012-12-18 25:00:00,   25.453435,    0.611024
2012-12-19 25:00:00,   25.413489,    0.612507
2012-12-20 25:00:00,   25.936177,    0.613788
2012-12-21 25:00:00,   25.600655,    0.615743
2012-12-22 25:00:00,   25.725215,    0.617243
2012-12-23 25:00:00,   25.998229,    0.618856
2012-12-24 25:00:00,   26.780549,    0.621161
2012-12-25 25:00:00,   27.377321,    0.623208
2012-12-26 25:00:00,   27.253343,    0.625377
2012-12-27 25:00:00,   28.770424,    0.627471
2012-12-28 25:00:00,   29.228724,    0.628452
2012-12-29 25:00:00,   29.183727,    0.630524
2012-12-30 25:00:00,   30.225955,    0.633137
2012-12-31 25:00:00,   31.199165,    0.635685
2013-01-01 25:00:00,   30.014449,    0.637214
2013-01-02 25:00:00,   29.663233,    0.638788
2013-01-03 25:00:00,   27.766962,    0.639506
2013-01-04 25:00:00,   26.810805,    0.640258
2013-01-05 25:00:00,   27.476144,    0.642167
2013-01-06 25:00:00,   26.945659,    0.643112
2013-01-07 25:00:00,   26.619761,    0.643036
2013-01-08 25:00:00,   27.629979,    0.644053
2013-01-09 25:00:00,   26.521982,    0.645987
2013-01-10 25:00:00,   26.057434,    0.646685
2013-01-11 25:00:00,   25.838367,    0.646819
2013-01-12 25:00:00,   26.058610,    0.647829
2013-01-13 25:00:00,   25.225566,    0.648617
2013-01-14 25:00:00,   27.334115,    0.649817
2013-01-15 25:00:00,   28.811151,    0.650300
2013-01-16 25:00:00,   26.152125,    0.652819
2013-01-17 25:00:00,   24.561043,    0.653695
2013-01-18 25:00:00,   24.656264,    0.653320
2013-01-19 25:00:00,   25.467066,    0.655308
2013-01-20 25:00:00,   26.316134,    0.657693
2013-01-21 25:00:00,   25.886184,    0.659394
2013-01-22 25:00:00,   26.468616,    0.661364
2013-01-23 25:00:00,   25.772532,    0.663639
2013-01-24 25:00:00,   25.312093,    0.665346
2013-01-25 25:00:00,   25.546538,    0.666387
2013-01-26 25:00:00,   26.118131,    0.668038
2013-01-27 25:00:00,   26.734647,    0.671130
2013-01-28 25:00:00,   26.474689,    0.672398
2013-01-29 25:00:00,   26.376824,    0.673894
2013-01-30 25:00:00,   26.492024,    0.676345
2013-01-31 25:00:00,   26.705507,    0.677246
2013-02-01 25:00:00,   26.718151,    0.678838
2013-02-02 25:00:00,   27.540689,    0.680634
2013-02-03 25:00:00,   28.372219,    0.683042
2013-02-04 25:00:00,   28.210397,    0.684997
2013-02-05 25:00:00,   26.905502,    0.685749
2013-02-06 25:00:00,   25.996437,    0.685371
2013-02-07 25:00:00,   25.929859,    0.685265
2013-02-08 25:00:00,   26.237935,    0.686441
2013-02-09 25:00:00,   26.732188,    0.688819
2013-02-10 25:00:00,   26.885174,    0.690758
2013-02-11 25:00:00,   26.692179,    0.692236
2013-02-12 25:00:00,   27.843449,    0.695011
2013-02-13 25:00:00,   28.816319,    0.697302
2013-02-14 25:00:00,   27.458198,    0.698172
2013-02-15 25:00:00,   27.753690,    0.699560
2013-02-16 25:00:00,   27.916759,    0.701033
2013-02-17 25:00:00,   25.695942,    0.698728
2013-02-18 25:00:00,   25.740732,    0.697836
2013-02-19 25:00:00,   25.562444,    0.698254
2013-02-20 25:00:00,   26.632556,    0.699765
2013-02-21 25:00:00,   27.465599,    0.701249
2013-02-22 25:00:00,   25.411761,    0.701353
2013-02-23 25:00:00,   25.247569,    0.701972
2013-02-24 25:00:00,   25.196776,    0.703061
2013-02-25 25:00:00,   25.430117,    0.701986
2013-02-26 25:00:00,   26.590033,    0.704457
2013-02-27 25:00:00,   26.502326,    0.705203
2013-02-28 25:00:00,   26.580417,    0.707008
2013-03-01 25:00:00,   26.571817,    0.707814
2013-03-02 25:00:00,   27.079388,    0.709208
2013-03-03 25:00:00,   28.136618,    0.710258
2013-03-04 25:00:00,   27.267702,    0.710292
2013-03-05 25:00:00,   27.030675,    0.711236
2013-03-06 25:00:00,   26.500379,    0.712359
2013-03-07 25:00:00,   26.309977,    0.712460
2013-03-08 25:00:00,   26.302896,    0.713941
2013-03-09 25:00:00,   26.428176,    0.714756
2013-03-10 25:00:00,   25.387139,    0.715214
2013-03-11 25:00:00,   24.593522,    0.713817
2013-03-12 25:00:00,   23.997760,    0.712389
2013-03-13 25:00:00,   24.402313,    0.713287
2013-03-14 25:00:00,   22.952803,    0.709278
2013-03-15 25:00:00,   23.839053,    0.707113
2013-03-16 25:00:00,   24.174906,    0.697843
2013-03-17 25:00:00,   25.258202,    0.705741
2013-03-18 25:00:00,   25.865394,    0.706866
2013-03-19 25:00:00,   25.556142,    0.707697
2013-03-20 25:00:00,   23.985990,    0.708633
2013-03-21 25:00:00,   23.142609,    0.708551
2013-03-22 25:00:00,   23.071837,    0.707512
2013-03-23 25:00:00,   23.412208,    0.707785
2013-03-24 25:00:00,   23.376715,    0.708797
2013-03-25 25:00:00,   22.844676,    0.698357
2013-03-26 25:00:00,   21.502044,    0.671203
2013-03-27 25:00:00,   21.775334,    0.670833
2013-03-28 25:00:00,   22.234022,    0.671526
2013-03-29 25:00:00,   22.350491,    0.672313
2013-03-30 25:00:00,   22.742226,    0.673367
2013-03-31 25:00:00,   22.897859,    0.674498
2013-04-01 25:00:00,   23.426574,    0.675859
2013-04-02 25:00:00,   23.404418,    0.675894
2013-04-03 25:00:00,   24.067598,    0.678082
2013-04-04 25:00:00,   24.995134,    0.679020
2013-04-05 25:00:00,   24.848846,    0.680053
2013-04-06 25:00:00,   24.114576,    0.681160
2013-04-07 25:00:00,   24.241076,    0.681952
2013-04-08 25:00:00,   25.153148,    0.683311
2013-04-09 25:00:00,   25.677560,    0.683814
2013-04-10 25:00:00,   25.991164,    0.685197
2013-04-11 25:00:00,   25.136115,    0.686421
2013-04-12 25:00:00,   23.790361,    0.682278
2013-04-13 25:00:00,   23.514073,    0.681941
2013-04-14 25:00:00,   23.862613,    0.681908
2013-04-15 25:00:00,   24.021402,    0.682952
2013-04-16 25:00:00,   24.136477,    0.683223
2013-04-17 25:00:00,   24.431548,    0.683206
2013-04-18 25:00:00,   24.345464,    0.684056
2013-04-19 25:00:00,   23.525474,    0.666571
2013-04-20 25:00:00,   22.538670,    0.669238
2013-04-21 25:00:00,   21.719211,    0.669411
2013-04-22 25:00:00,   22.068980,    0.668222
2013-04-23 25:00:00,   22.241999,    0.668734
2013-04-24 25:00:00,   21.597127,    0.668824
2013-04-25 25:00:00,   21.349784,    0.668850
2013-04-26 25:00:00,   21.869266,    0.669482
2013-04-27 25:00:00,   21.587084,    0.669768
2013-04-28 25:00:00,   21.227447,    0.670145
2013-04-29 25:00:00,   20.779395,    0.669889
2013-04-30 25:00:00,   21.113653,    0.670276
2013-05-01 25:00:00,   20.797935,    0.653941
2013-05-02 25:00:00,   20.485509,    0.659853
2013-05-03 25:00:00,   20.522186,    0.660444
2013-05-04 25:00:00,   20.671927,    0.660870
2013-05-05 25:00:00,   20.770561,    0.661203
2013-05-06 25:00:00,   20.851060,    0.661540
2013-05-07 25:00:00,   20.044683,    0.655611
2013-05-08 25:00:00,   19.194011,    0.641847
2013-05-09 25:00:00,   18.205417,    0.631484
2013-05-10 25:00:00,   17.681776,    0.623585
2013-05-11 25:00:00,   17.447645,    0.624026
2013-05-12 25:00:00,   17.668820,    0.624652
2013-05-13 25:00:00,   17.303502,    0.624868
2013-05-14 25:00:00,   17.235076,    0.626263
2013-05-15 25:00:00,   17.475325,    0.626748
2013-05-16 25:00:00,   17.022962,    0.620225
2013-05-17 25:00:00,   17.055866,    0.622991
2013-05-18 25:00:00,   16.917232,    0.623031
2013-05-19 25:00:00,   17.213449,    0.624764
2013-05-20 25:00:00,   16.551758,    0.610809
2013-05-21 25:00:00,   17.070575,    0.616518
2013-05-22 25:00:00,   17.370624,    0.616803
2013-05-23 25:00:00,   16.634245,    0.617164
2013-05-24 25:00:00,   16.699633,    0.619148
2013-05-25 25:00:00,   16.678229,    0.621009
2013-05-26 25:00:00,   16.833174,    0.620839
2013-05-27 25:00:00,   17.010827,    0.615200
2013-05-28 25:00:00,   17.122614,    0.615167
2013-05-29 25:00:00,   16.446016,    0.619455
2013-05-30 25:00:00,   15.843560,    0.626819
2013-05-31 25:00:00,   15.656356,    0.634558
2013-06-01 25:00:00,   15.360842,    0.639820
2013-06-02 25:00:00,   15.248927,    0.640101
2013-06-03 25:00:00,   15.541678,    0.640596
2013-06-04 25:00:00,   15.279186,    0.640682
2013-06-05 25:00:00,   15.242156,    0.639917
2013-06-06 25:00:00,   15.635290,    0.640356
2013-06-07 25:00:00,   15.223339,    0.640362
2013-06-08 25:00:00,   15.346160,    0.640590
2013-06-09 25:00:00,   15.663499,    0.640437
2013-06-10 25:00:00,   15.807048,    0.640873
2013-06-11 25:00:00,   15.362516,    0.640944
2013-06-12 25:00:00,   15.241094,    0.641388
2013-06-13 25:00:00,   15.555492,    0.641816
2013-06-14 25:00:00,   14.910631,    0.641850
2013-06-15 25:00:00,   15.346477,    0.642232
2013-06-16 25:00:00,   15.428570,    0.642072
2013-06-17 25:00:00,   15.114675,    0.641147
2013-06-18 25:00:00,   15.036859,    0.641151
2013-06-19 25:00:00,   15.060387,    0.641274
2013-06-20 25:00:00,   15.300103,    0.641461
2013-06-21 25:00:00,   14.609819,    0.641578
2013-06-22 25:00:00,   14.399233,    0.641904
2013-06-23 25:00:00,   14.120172,    0.637627
2013-06-24 25:00:00,   14.248269,    0.637886
2013-06-25 25:00:00,   14.353835,    0.638072
2013-06-26 25:00:00,   14.659580,    0.638455
2013-06-27 25:00:00,   14.932981,    0.638367
2013-06-28 25:00:00,   14.808406,    0.638756
2013-06-29 25:00:00,   15.012137,    0.638929
2013-06-30 25:00:00,   14.973349,    0.639114
2013-07-01 25:00:00,   15.014054,    0.639015
2013-07-02 25:00:00,   15.103771,    0.639668
2013-07-03 25:00:00,   14.489972,    0.637989
2013-07-04 25:00:00,   14.395356,    0.638184
2013-07-05 25:00:00,   14.475396,    0.638763
2013-07-06 25:00:00,   14.016528,    0.638840
2013-07-07 25:00:00,   14.098463,    0.639255
2013-07-08 25:00:00,   14.254145,    0.639428
2013-07-09 25:00:00,   13.649906,    0.634796
2013-07-10 25:00:00,   13.964421,    0.635115
2013-07-11 25:00:00,   14.377557,    0.617819
2013-07-12 25:00:00,   14.804215,    0.602333
2013-07-13 25:00:00,   14.418433,    0.612819
2013-07-14 25:00:00,   14.613848,    0.615253
2013-07-15 25:00:00,   14.961190,    0.615883
2013-07-16 25:00:00,   14.303019,    0.618283
2013-07-17 25:00:00,   13.748453,    0.619343
2013-07-18 25:00:00,   13.747459,    0.620225
2013-07-19 25:00:00,   13.675303,    0.623651
2013-07-20 25:00:00,   13.595578,    0.623894
2013-07-21 25:00:00,   13.572975,    0.624262
2013-07-22 25:00:00,   13.209686,    0.624343
2013-07-23 25:00:00,   13.182486,    0.617839
2013-07-24 25:00:00,   13.445172,    0.613606
2013-07-25 25:00:00,   13.536598,    0.612509
2013-07-26 25:00:00,   13.259626,    0.600762
2013-07-27 25:00:00,   13.305881,    0.597535
2013-07-28 25:00:00,   13.425102,    0.597687
2013-07-29 25:00:00,   13.754911,    0.597121
2013-07-30 25:00:00,   13.631537,    0.596986
2013-07-31 25:00:00,   14.161346,    0.596367
2013-08-01 25:00:00,   14.621467,    0.596217
2013-08-02 25:00:00,   14.998585,    0.594760
2013-08-03 25:00:00,   16.009183,    0.595097
2013-08-04 25:00:00,   15.951348,    0.595743
2013-08-05 25:00:00,   16.735313,    0.593279
2013-08-06 25:00:00,   16.994731,    0.592731
2013-08-07 25:00:00,   17.328836,    0.580823
2013-08-08 25:00:00,   16.950082,    0.580125
2013-08-09 25:00:00,   16.950314,    0.580451
2013-08-10 25:00:00,   16.767063,    0.572789
2013-08-11 25:00:00,   16.280587,    0.570361
2013-08-12 25:00:00,   16.101793,    0.571792
2013-08-13 25:00:00,   15.827229,    0.566821
2013-08-14 25:00:00,   15.539345,    0.567771
2013-08-15 25:00:00,   14.723624,    0.566842
2013-08-16 25:00:00,   14.299057,    0.568766
2013-08-17 25:00:00,   15.049743,    0.569677
2013-08-18 25:00:00,   15.110511,    0.569910
2013-08-19 25:00:00,   15.301247,    0.570179
2013-08-20 25:00:00,   15.632385,    0.570156
2013-08-21 25:00:00,   15.928783,    0.569600
2013-08-22 25:00:00,   16.546658,    0.570160
2013-08-23 25:00:00,   17.038283,    0.570545
2013-08-24 25:00:00,   17.109879,    0.570540
2013-08-25 25:00:00,   16.270874,    0.563908
2013-08-26 25:00:00,   15.954728,    0.558666
2013-08-27 25:00:00,   15.428900,    0.552578
2013-08-28 25:00:00,   15.888557,    0.547901
2013-08-29 25:00:00,   16.116221,    0.543374
2013-08-30 25:00:00,   16.247212,    0.541134
2013-08-31 25:00:00,   16.539894,    0.542856
2013-09-01 25:00:00,   18.000616,    0.543209
2013-09-02 25:00:00,   18.313391,    0.543085
2013-09-03 25:00:00,   17.580721,    0.541118
2013-09-04 25:00:00,   17.565988,    0.542716
2013-09-05 25:00:00,   17.852979,    0.543345
2013-09-06 25:00:00,   18.016332,    0.543621
2013-09-07 25:00:00,   17.553565,    0.543393
2013-09-08 25:00:00,   18.465585,    0.543657
2013-09-09 25:00:00,   18.807302,    0.543613
2013-09-10 25:00:00,   18.436361,    0.544197
2013-09-11 25:00:00,   17.180365,    0.532569
2013-09-12 25:00:00,   17.108496,    0.533739
2013-09-13 25:00:00,   17.022763,    0.532659
2013-09-14 25:00:00,   15.974959,    0.526670
2013-09-15 25:00:00,   16.753698,    0.521329
2013-09-16 25:00:00,   15.652782,    0.511807
2013-09-17 25:00:00,   15.826633,    0.513757
2013-09-18 25:00:00,   15.699591,    0.512093
2013-09-19 25:00:00,   15.718332,    0.512598
2013-09-20 25:00:00,   16.246011,    0.511445
2013-09-21 25:00:00,   16.884013,    0.512152
2013-09-22 25:00:00,   16.503993,    0.506070
2013-09-23 25:00:00,   16.711520,    0.505936
2013-09-24 25:00:00,   16.474332,    0.504664
2013-09-25 25:00:00,   17.170734,    0.505828
2013-09-26 25:00:00,   16.866221,    0.504472
2013-09-27 25:00:00,   17.857389,    0.504763
2013-09-28 25:00:00,   18.313619,    0.506171
2013-09-29 25:00:00,   17.456829,    0.489236
2013-09-30 25:00:00,   17.744489,    0.487813
2013-10-01 25:00:00,   18.423859,    0.486847
2013-10-02 25:00:00,   19.495112,    0.485467
2013-10-03 25:00:00,   20.820614,    0.486439
2013-10-04 25:00:00,   21.067935,    0.486845
2013-10-05 25:00:00,   20.829299,    0.482048
2013-10-06 25:00:00,   21.138069,    0.483873
2013-10-07 25:00:00,   21.341482,    0.484915
2013-10-08 25:00:00,   21.072854,    0.484708
2013-10-09 25:00:00,   20.900250,    0.478119
2013-10-10 25:00:00,   21.744673,    0.479375
2013-10-11 25:00:00,   19.719575,    0.481080
2013-10-12 25:00:00,   19.459496,    0.483244
2013-10-13 25:00:00,   19.415606,    0.486259
2013-10-14 25:00:00,   20.010570,    0.487012
2013-10-15 25:00:00,   20.287402,    0.487497
2013-10-16 25:00:00,   20.425779,    0.487871
2013-10-17 25:00:00,   21.890199,    0.487842
2013-10-18 25:00:00,   21.907426,    0.489160
2013-10-19 25:00:00,   20.105786,    0.481850
2013-10-20 25:00:00,   19.548780,    0.475418
2013-10-21 25:00:00,   19.936191,    0.477469
2013-10-22 25:00:00,   20.076846,    0.480369
2013-10-23 25:00:00,   20.503079,    0.482111
2013-10-24 25:00:00,   20.631196,    0.483217
2013-10-25 25:00:00,   21.900070,    0.484145
2013-10-26 25:00:00,   22.588343,    0.484510
2013-10-27 25:00:00,   23.476680,    0.485476
2013-10-28 25:00:00,   23.930779,    0.486837
2013-10-29 25:00:00,   24.637138,    0.488388
2013-10-30 25:00:00,   25.688538,    0.488565
2013-10-31 25:00:00,   24.689428,    0.490396
2013-11-01 25:00:00,   24.434972,    0.491370
2013-11-02 25:00:00,   24.085961,    0.492945
2013-11-03 25:00:00,   25.020010,    0.493836
2013-11-04 25:00:00,   25.081716,    0.494731
2013-11-05 25:00:00,   23.752083,    0.496133
2013-11-06 25:00:00,   22.912741,    0.496640
2013-11-07 25:00:00,   23.019843,    0.495750
2013-11-08 25:00:00,   23.384678,    0.496726
2013-11-09 25:00:00,   24.257910,    0.497963
2013-11-10 25:00:00,   25.247175,    0.499549
2013-11-11 25:00:00,   25.222350,    0.500777
2013-11-12 25:00:00,   24.147658,    0.502210
2013-11-13 25:00:00,   23.561272,    0.503194
2013-11-14 25:00:00,   24.278485,    0.504958
2013-11-15 25:00:00,   24.566238,    0.506619
2013-11-16 25:00:00,   25.855049,    0.507899
2013-11-17 25:00:00,   26.967789,    0.509122
2013-11-18 25:00:00,   24.735983,    0.510650
2013-11-19 25:00:00,   23.788549,    0.511635
2013-11-20 25:00:00,   23.609356,    0.512834
2013-11-21 25:00:00,   24.373814,    0.513944
2013-11-22 25:00:00,   25.113983,    0.515155
2013-11-23 25:00:00,   26.032709,    0.516091
2013-11-24 25:00:00,   24.847751,    0.517636
2013-11-25 25:00:00,   24.764958,    0.519259
2013-11-26 25:00:00,   24.839336,    0.519934
2013-11-27 25:00:00,   25.430867,    0.521212
2013-11-28 25:00:00,   25.645469,    0.522541
2013-11-29 25:00:00,   23.663188,    0.522055
2013-11-30 25:00:00,   23.676209,    0.523121
2013-12-01 25:00:00,   24.562016,    0.524384
2013-12-02 25:00:00,   24.341966,    0.525866
2013-12-03 25:00:00,   23.262068,    0.526882
2013-12-04 25:00:00,   24.054254,    0.527809
2013-12-05 25:00:00,   24.510992,    0.529258
2013-12-06 25:00:00,   25.048702,    0.531103
2013-12-07 25:00:00,   24.478233,    0.532523
2013-12-08 25:00:00,   23.833881,    0.533831
2013-12-09 25:00:00,   24.223470,    0.534859
2013-12-10 25:00:00,   24.472127,    0.536390
2013-12-11 25:00:00,   25.179576,    0.537879
2013-12-12 25:00:00,   26.267949,    0.540199
2013-12-13 25:00:00,   27.187513,    0.541694
2013-12-14 25:00:00,   28.181489,    0.544130
2013-12-15 25:00:00,   29.385818,    0.545622
2013-12-16 25:00:00,   29.454420,    0.547573
2013-12-17 25:00:00,   28.832528,    0.548553
2013-12-18 25:00:00,   26.586564,    0.549063
2013-12-19 25:00:00,   25.541478,    0.549576
2013-12-20 25:00:00,   25.028046,    0.550107
2013-12-21 25:00:00,   25.329150,    0.551946
2013-12-22 25:00:00,   25.175791,    0.552902
2013-12-23 25:00:00,   26.305374,    0.554520
2013-12-24 25:00:00,   26.656338,    0.556122
2013-12-25 25:00:00,   26.537934,    0.557669
2013-12-26 25:00:00,   26.827021,    0.559354
2013-12-27 25:00:00,   26.253294,    0.560335
2013-12-28 25:00:00,   26.292178,    0.561811
2013-12-29 25:00:00,   25.966974,    0.562505
2013-12-30 25:00:00,   26.630196,    0.563660
2013-12-31 25:00:00,   26.065065,    0.565370
2014-01-01 25:00:00,   26.414456,    0.566659
2014-01-02 25:00:00,   26.173868,    0.567774
2014-01-03 25:00:00,   25.369546,    0.569048
2014-01-04 25:00:00,   24.781939,    0.569446
2014-01-05 25:00:00,   25.530565,    0.569179
2014-01-06 25:00:00,   26.481855,    0.570010
2014-01-07 25:00:00,   26.718975,    0.571993
2014-01-08 25:00:00,   26.529833,    0.573800
2014-01-09 25:00:00,   26.361035,    0.575454
2014-01-10 25:00:00,   27.006614,    0.577039
2014-01-11 25:00:00,   28.062828,    0.578777
2014-01-12 25:00:00,   28.877596,    0.581789
2014-01-13 25:00:00,   27.245410,    0.582634
2014-01-14 25:00:00,   26.827226,    0.583338
2014-01-15 25:00:00,   26.716519,    0.584782
2014-01-16 25:00:00,   25.618375,    0.584539
2014-01-17 25:00:00,   25.966468,    0.584204
2014-01-18 25:00:00,   26.678840,    0.584966
2014-01-19 25:00:00,   27.306649,    0.587149
2014-01-20 25:00:00,   27.485239,    0.588821
2014-01-21 25:00:00,   27.667194,    0.590139
2014-01-22 25:00:00,   27.782502,    0.590541
2014-01-23 25:00:00,   28.329047,    0.592388
2014-01-24 25:00:00,   28.051649,    0.594191
2014-01-25 25:00:00,   27.658973,    0.594508
2014-01-26 25:00:00,   27.709514,    0.596301
2014-01-27 25:00:00,   26.312283,    0.596724
2014-01-28 25:00:00,   26.257854,    0.597192
2014-01-29 25:00:00,   26.347175,    0.598352
2014-01-30 25:00:00,   27.152279,    0.600188
2014-01-31 25:00:00,   26.728873,    0.601388
2014-02-01 25:00:00,   26.084177,    0.602125
2014-02-02 25:00:00,   26.140466,    0.603181
2014-02-03 25:00:00,   25.967224,    0.600676
2014-02-04 25:00:00,   27.127402,    0.604081
2014-02-05 25:00:00,   27.056097,    0.605883
2014-02-06 25:00:00,   26.951844,    0.606776
2014-02-07 25:00:00,   25.945152,    0.607933
2014-02-08 25:00:00,   25.299586,    0.608836
2014-02-09 25:00:00,   25.207731,    0.609085
2014-02-10 25:00:00,   24.632457,    0.609880
2014-02-11 25:00:00,   25.352568,    0.611825
2014-02-12 25:00:00,   25.503793,    0.612703
2014-02-13 25:00:00,   26.412816,    0.613838
2014-02-14 25:00:00,   27.106023,    0.614881
2014-02-15 25:00:00,   27.428947,    0.616281
2014-02-16 25:00:00,   26.183405,    0.617344
2014-02-17 25:00:00,   26.408421,    0.618228
2014-02-18 25:00:00,   26.451713,    0.620108
2014-02-19 25:00:00,   26.502780,    0.620416
2014-02-20 25:00:00,   26.945712,    0.622338
2014-02-21 25:00:00,   26.817643,    0.623120
2014-02-22 25:00:00,   26.675339,    0.624494
2014-02-23 25:00:00,   27.253097,    0.625568
2014-02-24 25:00:00,   27.174067,    0.627130
2014-02-25 25:00:00,   26.754433,    0.627853
2014-02-26 25:00:00,   26.520571,    0.628740
2014-02-27 25:00:00,   26.091474,    0.630009
2014-02-28 25:00:00,   26.361506,    0.631001
2014-03-01 25:00:00,   27.022347,    0.632292
2014-03-02 25:00:00,   27.113863,    0.633126
2014-03-03 25:00:00,   26.187960,    0.634219
2014-03-04 25:00:00,   25.580949,    0.633286
2014-03-05 25:00:00,   25.181310,    0.632385
2014-03-06 25:00:00,   25.819478,    0.632103
2014-03-07 25:00:00,   26.324422,    0.634040
2014-03-08 25:00:00,   25.196106,    0.634650
2014-03-09 25:00:00,   24.896179,    0.635330
2014-03-10 25:00:00,   24.337661,    0.635215
2014-03-11 25:00:00,   24.287223,    0.635631
2014-03-12 25:00:00,   24.803422,    0.636624
2014-03-13 25:00:00,   24.489962,    0.637461
2014-03-14 25:00:00,   23.647003,    0.637721
2014-03-15 25:00:00,   23.545873,    0.636614
2014-03-16 25:00:00,   23.966855,    0.637083
2014-03-17 25:00:00,   23.696079,    0.637626
2014-03-18 25:00:00,   24.137141,    0.638420
2014-03-19 25:00:00,   24.399173,    0.639762
2014-03-20 25:00:00,   24.200463,    0.641173
2014-03-21 25:00:00,   24.153406,    0.641165
2014-03-22 25:00:00,   24.361175,    0.642881
2014-03-23 25:00:00,   24.656743,    0.643882
2014-03-24 25:00:00,   24.265219,    0.644600
2014-03-25 25:00:00,   23.586623,    0.640688
2014-03-26 25:00:00,   23.684605,    0.641109
2014-03-27 25:00:00,   24.083950,    0.641741
2014-03-28 25:00:00,   25.013795,    0.642650
2014-03-29 25:00:00,   23.267841,    0.639838
2014-03-30 25:00:00,   22.510731,    0.638395
2014-03-31 25:00:00,   22.174765,    0.638233
2014-04-01 25:00:00,   21.870498,    0.637891
2014-04-02 25:00:00,   21.711192,    0.636319
2014-04-03 25:00:00,   21.771882,    0.636959
2014-04-04 25:00:00,   21.157752,    0.636952
2014-04-05 25:00:00,   21.623216,    0.636834
2014-04-06 25:00:00,   22.145386,    0.637581
2014-04-07 25:00:00,   22.002496,    0.638088
2014-04-08 25:00:00,   22.611372,    0.638233
2014-04-09 25:00:00,   23.092546,    0.639717
2014-04-10 25:00:00,   22.475711,    0.640251
2014-04-11 25:00:00,   23.458049,    0.641280
2014-04-12 25:00:00,   23.771789,    0.641205
2014-04-13 25:00:00,   24.378090,    0.642322
2014-04-14 25:00:00,   24.869936,    0.643070
2014-04-15 25:00:00,   24.589630,    0.643797
2014-04-16 25:00:00,   23.992506,    0.644489
2014-04-17 25:00:00,   23.532410,    0.645260
2014-04-18 25:00:00,   22.882137,    0.645048
2014-04-19 25:00:00,   22.230772,    0.644859
2014-04-20 25:00:00,   21.777219,    0.644373
2014-04-21 25:00:00,   21.494275,    0.644661
2014-04-22 25:00:00,   21.390005,    0.645137
2014-04-23 25:00:00,   21.143110,    0.644374
2014-04-24 25:00:00,   20.566013,    0.644217
2014-04-25 25:00:00,   20.897712,    0.643927
2014-04-26 25:00:00,   20.414278,    0.639875
2014-04-27 25:00:00,   20.479006,    0.640082
2014-04-28 25:00:00,   19.772601,    0.640024
2014-04-29 25:00:00,   19.738139,    0.639617
2014-04-30 25:00:00,   19.737103,    0.639837
2014-05-01 25:00:00,   19.291140,    0.639797
2014-05-02 25:00:00,   19.101094,    0.639843
2014-05-03 25:00:00,   19.674445,    0.640041
2014-05-04 25:00:00,   19.026177,    0.640321
2014-05-05 25:00:00,   18.695950,    0.639374
2014-05-06 25:00:00,   19.060017,    0.639260
2014-05-07 25:00:00,   18.858671,    0.622615
2014-05-08 25:00:00,   18.149740,    0.627511
2014-05-09 25:00:00,   18.307219,    0.627155
2014-05-10 25:00:00,   18.840942,    0.625750
2014-05-11 25:00:00,   18.603091,    0.626198
2014-05-12 25:00:00,   18.411023,    0.626598
2014-05-13 25:00:00,   18.671252,    0.627008
2014-05-14 25:00:00,   18.421968,    0.627157
2014-05-15 25:00:00,   18.754819,    0.626321
2014-05-16 25:00:00,   18.885427,    0.625751
2014-05-17 25:00:00,   19.133264,    0.618613
2014-05-18 25:00:00,   18.844673,    0.622005
2014-05-19 25:00:00,   19.139207,    0.622223
2014-05-20 25:00:00,   18.985729,    0.619681
2014-05-21 25:00:00,   18.944992,    0.620413
2014-05-22 25:00:00,   18.762257,    0.621035
2014-05-23 25:00:00,   18.380764,    0.615910
2014-05-24 25:00:00,   17.776119,    0.616709
2014-05-25 25:00:00,   17.564399,    0.616490
2014-05-26 25:00:00,   17.537138,    0.616886
2014-05-27 25:00:00,   17.534354,    0.613691
2014-05-28 25:00:00,   17.359276,    0.615151
2014-05-29 25:00:00,   17.731121,    0.615629
2014-05-30 25:00:00,   17.357308,    0.615924
2014-05-31 25:00:00,   16.730316,    0.618724
2014-06-01 25:00:00,   17.170378,    0.620232
2014-06-02 25:00:00,   17.444642,    0.620220
2014-06-03 25:00:00,   17.028823,    0.620440
2014-06-04 25:00:00,   17.256930,    0.620492
2014-06-05 25:00:00,   17.050786,    0.620907
2014-06-06 25:00:00,   16.679940,    0.621788
2014-06-07 25:00:00,   16.231511,    0.625164
2014-06-08 25:00:00,   15.967084,    0.632296
2014-06-09 25:00:00,   16.184549,    0.633687
2014-06-10 25:00:00,   15.805847,    0.637609
2014-06-11 25:00:00,   15.885354,    0.649673
2014-06-12 25:00:00,   15.800000,    0.649853
2014-06-13 25:00:00,   15.632784,    0.649992
2014-06-14 25:00:00,   15.675584,    0.650275
2014-06-15 25:00:00,   15.606188,    0.650533
2014-06-16 25:00:00,   15.281656,    0.650583
2014-06-17 25:00:00,   14.794832,    0.640625
2014-06-18 25:00:00,   14.712621,    0.640100
2014-06-19 25:00:00,   14.790237,    0.631727
2014-06-20 25:00:00,   14.805503,    0.624141
2014-06-21 25:00:00,   14.621018,    0.615943
2014-06-22 25:00:00,   14.261448,    0.615784
2014-06-23 25:00:00,   14.573677,    0.616257
2014-06-24 25:00:00,   14.588985,    0.616301
2014-06-25 25:00:00,   14.455238,    0.616475
2014-06-26 25:00:00,   14.094139,    0.616381
2014-06-27 25:00:00,   14.375026,    0.616938
2014-06-28 25:00:00,   14.184634,    0.617096
2014-06-29 25:00:00,   13.503963,    0.617124
2014-06-30 25:00:00,   13.393445,    0.617408
2014-07-01 25:00:00,   13.738048,    0.617548
2014-07-02 25:00:00,   13.855176,    0.613905
2014-07-03 25:00:00,   13.787016,    0.613113
2014-07-04 25:00:00,   13.611208,    0.611530
2014-07-05 25:00:00,   13.963725,    0.611623
2014-07-06 25:00:00,   13.986377,    0.609432
2014-07-07 25:00:00,   13.678256,    0.608962
2014-07-08 25:00:00,   13.416701,    0.608111
2014-07-09 25:00:00,   13.550969,    0.608376
2014-07-10 25:00:00,   13.776910,    0.608485
2014-07-11 25:00:00,   14.077245,    0.608493
2014-07-12 25:00:00,   13.926530,    0.608941
2014-07-13 25:00:00,   13.431402,    0.608962
2014-07-14 25:00:00,   13.420345,    0.604244
2014-07-15 25:00:00,   13.516671,    0.604427
2014-07-16 25:00:00,   14.229505,    0.604899
2014-07-17 25:00:00,   13.839180,    0.605166
2014-07-18 25:00:00,   14.202102,    0.605282
2014-07-19 25:00:00,   13.497326,    0.603899
2014-07-20 25:00:00,   14.138735,    0.597271
2014-07-21 25:00:00,   13.639477,    0.598709
2014-07-22 25:00:00,   13.512637,    0.596071
2014-07-23 25:00:00,   13.499445,    0.593702
2014-07-24 25:00:00,   14.264675,    0.591229
2014-07-25 25:00:00,   13.895640,    0.591269
2014-07-26 25:00:00,   13.987800,    0.589842
2014-07-27 25:00:00,   14.090107,    0.590034
2014-07-28 25:00:00,   14.265886,    0.590228
2014-07-29 25:00:00,   14.493254,    0.590180
2014-07-30 25:00:00,   14.618067,    0.590248
2014-07-31 25:00:00,   14.670583,    0.590826
2014-08-01 25:00:00,   14.781588,    0.590970
2014-08-02 25:00:00,   14.546477,    0.591037
2014-08-03 25:00:00,   15.237062,    0.591423
2014-08-04 25:00:00,   15.185700,    0.591813
2014-08-05 25:00:00,   15.028426,    0.591813
2014-08-06 25:00:00,   15.346332,    0.592140
2014-08-07 25:00:00,   15.199098,    0.591404
2014-08-08 25:00:00,   16.045646,    0.591716
2014-08-09 25:00:00,   16.206800,    0.592146
2014-08-10 25:00:00,   16.071877,    0.592107
2014-08-11 25:00:00,   16.757389,    0.592710
2014-08-12 25:00:00,   15.755145,    0.593194
2014-08-13 25:00:00,   15.926213,    0.594126
2014-08-14 25:00:00,   15.476764,    0.594555
2014-08-15 25:00:00,   15.726091,    0.594152
2014-08-16 25:00:00,   16.825005,    0.594158
2014-08-17 25:00:00,   17.004108,    0.586616
2014-08-18 25:00:00,   16.627663,    0.585916
2014-08-19 25:00:00,   17.254763,    0.586128
2014-08-20 25:00:00,   17.119012,    0.585766
2014-08-21 25:00:00,   17.271977,    0.585722
2014-08-22 25:00:00,   17.418251,    0.586784
2014-08-23 25:00:00,   17.410987,    0.587016
2014-08-24 25:00:00,   17.525588,    0.587215
2014-08-25 25:00:00,   18.052915,    0.587565
2014-08-26 25:00:00,   17.796865,    0.587980
2014-08-27 25:00:00,   18.491077,    0.588083
2014-08-28 25:00:00,   18.291678,    0.588730
2014-08-29 25:00:00,   18.058085,    0.555029
2014-08-30 25:00:00,   17.574359,    0.556523
2014-08-31 25:00:00,   17.241013,    0.552830
2014-09-01 25:00:00,   17.736570,    0.552271
2014-09-02 25:00:00,   17.306448,    0.551906
2014-09-03 25:00:00,   17.701570,    0.552440
2014-09-04 25:00:00,   17.740001,    0.553713
2014-09-05 25:00:00,   19.183462,    0.554314
2014-09-06 25:00:00,   18.108995,    0.551200
2014-09-07 25:00:00,   17.389154,    0.551892
2014-09-08 25:00:00,   16.285559,    0.554553
2014-09-09 25:00:00,   16.314065,    0.556882
2014-09-10 25:00:00,   17.288874,    0.557227
2014-09-11 25:00:00,   18.231906,    0.557272
2014-09-12 25:00:00,   18.830737,    0.558190
2014-09-13 25:00:00,   19.114719,    0.558877
2014-09-14 25:00:00,   19.620911,    0.559555
2014-09-15 25:00:00,   18.745655,    0.559377
2014-09-16 25:00:00,   19.650295,    0.560272
2014-09-17 25:00:00,   19.553213,    0.560709
2014-09-18 25:00:00,   20.281968,    0.561387
2014-09-19 25:00:00,   21.129602,    0.561955
2014-09-20 25:00:00,   21.711812,    0.563455
2014-09-21 25:00:00,   19.293958,    0.550472
2014-09-22 25:00:00,   19.107711,    0.547239
2014-09-23 25:00:00,   18.839489,    0.538812
2014-09-24 25:00:00,   19.649111,    0.531254
2014-09-25 25:00:00,   20.430937,    0.532398
2014-09-26 25:00:00,   20.280132,    0.533335
2014-09-27 25:00:00,   18.291597,    0.532757
2014-09-28 25:00:00,   17.661371,    0.535068
2014-09-29 25:00:00,   18.192631,    0.535604
2014-09-30 25:00:00,   18.910998,    0.536023
2014-10-01 25:00:00,   20.176204,    0.537034
2014-10-02 25:00:00,   21.000703,    0.537938
2014-10-03 25:00:00,   22.096488,    0.538939
2014-10-04 25:00:00,   22.921564,    0.539793
2014-10-05 25:00:00,   20.288487,    0.538339
2014-10-06 25:00:00,   20.676144,    0.539266
2014-10-07 25:00:00,   21.439250,    0.539974
2014-10-08 25:00:00,   21.934956,    0.540742
2014-10-09 25:00:00,   21.827605,    0.541609
2014-10-10 25:00:00,   21.880144,    0.542637
2014-10-11 25:00:00,   21.514978,    0.543504
2014-10-12 25:00:00,   21.165923,    0.544294
2014-10-13 25:00:00,   21.400306,    0.544731
2014-10-14 25:00:00,   21.737049,    0.545232
2014-10-15 25:00:00,   23.246431,    0.546853
2014-10-16 25:00:00,   23.653439,    0.547749
2014-10-17 25:00:00,   24.138203,    0.546404
2014-10-18 25:00:00,   22.061334,    0.534552
2014-10-19 25:00:00,   20.665920,    0.537124
2014-10-20 25:00:00,   20.803934,    0.537639
2014-10-21 25:00:00,   21.816286,    0.538540
2014-10-22 25:00:00,   21.982353,    0.539262
2014-10-23 25:00:00,   22.499942,    0.540307
2014-10-24 25:00:00,   22.967414,    0.540905
2014-10-25 25:00:00,   22.564168,    0.541887
2014-10-26 25:00:00,   22.552313,    0.542968
2014-10-27 25:00:00,   22.814992,    0.544099
2014-10-28 25:00:00,   22.559285,    0.544693
2014-10-29 25:00:00,   22.502154,    0.545898
2014-10-30 25:00:00,   22.053645,    0.546841
2014-10-31 25:00:00,   22.389493,    0.548152
2014-11-01 25:00:00,   23.358562,    0.549506
2014-11-02 25:00:00,   22.647760,    0.550323
2014-11-03 25:00:00,   22.509193,    0.551592
2014-11-04 25:00:00,   22.919092,    0.552647
2014-11-05 25:00:00,   23.071966,    0.553926
2014-11-06 25:00:00,   21.969474,    0.553916
2014-11-07 25:00:00,   21.891805,    0.555072
2014-11-08 25:00:00,   22.191221,    0.556191
2014-11-09 25:00:00,   24.112488,    0.557297
2014-11-10 25:00:00,   23.102462,    0.558575
2014-11-11 25:00:00,   23.548100,    0.559382
2014-11-12 25:00:00,   22.799995,    0.560351
2014-11-13 25:00:00,   21.599626,    0.561615
2014-11-14 25:00:00,   21.439143,    0.561595
2014-11-15 25:00:00,   22.134606,    0.563249
2014-11-16 25:00:00,   22.634295,    0.564233
2014-11-17 25:00:00,   24.583032,    0.564958
2014-11-18 25:00:00,   24.135509,    0.565647
2014-11-19 25:00:00,   24.816877,    0.566735
2014-11-20 25:00:00,   24.441208,    0.565824
2014-11-21 25:00:00,   24.223069,    0.567475
2014-11-22 25:00:00,   24.007411,    0.568665
2014-11-23 25:00:00,   23.295723,    0.570273
2014-11-24 25:00:00,   23.412439,    0.571400
2014-11-25 25:00:00,   23.519353,    0.572435
2014-11-26 25:00:00,   23.132690,    0.563652
2014-11-27 25:00:00,   23.748899,    0.562773
2014-11-28 25:00:00,   24.125797,    0.564085
2014-11-29 25:00:00,   24.914357,    0.565886
2014-11-30 25:00:00,   25.066662,    0.567274
2014-12-01 25:00:00,   24.242387,    0.568544
2014-12-02 25:00:00,   24.377658,    0.570019
2014-12-03 25:00:00,   24.513174,    0.571527
2014-12-04 25:00:00,   24.585034,    0.572955
2014-12-05 25:00:00,   23.261695,    0.572797
2014-12-06 25:00:00,   24.686483,    0.574351
2014-12-07 25:00:00,   25.090577,    0.575867
2014-12-08 25:00:00,   23.908299,    0.577418
2014-12-09 25:00:00,   23.057528,    0.578513
2014-12-10 25:00:00,   23.563052,    0.579214
2014-12-11 25:00:00,   24.541539,    0.580634
2014-12-12 25:00:00,   23.896527,    0.582904
2014-12-13 25:00:00,   23.633628,    0.584571
2014-12-14 25:00:00,   23.692140,    0.585907
2014-12-15 25:00:00,   23.697916,    0.587582
2014-12-16 25:00:00,   24.052166,    0.588914
2014-12-17 25:00:00,   23.701617,    0.590244
2014-12-18 25:00:00,   24.495333,    0.591510
2014-12-19 25:00:00,   25.873152,    0.593748
2014-12-20 25:00:00,   25.131032,    0.596131
2014-12-21 25:00:00,   25.066958,    0.597826
2014-12-22 25:00:00,   25.258361,    0.598076
2014-12-23 25:00:00,   25.334360,    0.599880
2014-12-24 25:00:00,   25.093448,    0.601109
2014-12-25 25:00:00,   25.645188,    0.602996
2014-12-26 25:00:00,   25.988772,    0.604773
2014-12-27 25:00:00,   26.334898,    0.606328
2014-12-28 25:00:00,   26.208822,    0.608254
2014-12-29 25:00:00,   27.118571,    0.610544
2014-12-30 25:00:00,   27.223481,    0.612007
2014-12-31 25:00:00,   26.765918,    0.613800
2015-01-01 25:00:00,   26.735604,    0.615796
2015-01-02 25:00:00,   25.093365,    0.614570
2015-01-03 25:00:00,   25.365740,    0.615504
2015-01-04 25:00:00,   26.144230,    0.617186
2015-01-05 25:00:00,   27.877934,    0.619064
2015-01-06 25:00:00,   27.816727,    0.621392
2015-01-07 25:00:00,   26.719583,    0.623627
2015-01-08 25:00:00,   25.934952,    0.625219
2015-01-09 25:00:00,   25.447877,    0.626236
2015-01-10 25:00:00,   25.950521,    0.626651
2015-01-11 25:00:00,   26.021927,    0.627264
2015-01-12 25:00:00,   26.730685,    0.628653
2015-01-13 25:00:00,   27.646973,    0.630453
2015-01-14 25:00:00,   28.010243,    0.632115
2015-01-15 25:00:00,   26.921490,    0.633825
2015-01-16 25:00:00,   26.831385,    0.633915
2015-01-17 25:00:00,   27.334765,    0.635439
2015-01-18 25:00:00,   28.651485,    0.636990
2015-01-19 25:00:00,   28.985102,    0.638458
2015-01-20 25:00:00,   30.157497,    0.640087
2015-01-21 25:00:00,   28.558073,    0.640914
2015-01-22 25:00:00,   26.643000,    0.640812
2015-01-23 25:00:00,   26.159744,    0.640758
2015-01-24 25:00:00,   25.587461,    0.641963
2015-01-25 25:00:00,   25.852043,    0.641628
2015-01-26 25:00:00,   26.533611,    0.643372
2015-01-27 25:00:00,   27.002932,    0.644883
2015-01-28 25:00:00,   28.463873,    0.647484
2015-01-29 25:00:00,   28.634152,    0.649612
2015-01-30 25:00:00,   29.001126,    0.651177
2015-01-31 25:00:00,   27.576472,    0.652533
2015-02-01 25:00:00,   27.519214,    0.653729
2015-02-02 25:00:00,   27.434294,    0.646184
2015-02-03 25:00:00,   28.181789,    0.649342
2015-02-04 25:00:00,   29.114791,    0.650280
2015-02-05 25:00:00,   29.007682,    0.651870
2015-02-06 25:00:00,   27.878177,    0.652295
2015-02-07 25:00:00,   28.011371,    0.654388
2015-02-08 25:00:00,   28.874668,    0.655800
2015-02-09 25:00:00,   28.653143,    0.657741
2015-02-10 25:00:00,   28.296831,    0.658915
2015-02-11 25:00:00,   28.595343,    0.659875
2015-02-12 25:00:00,   27.966088,    0.660519
2015-02-13 25:00:00,   27.252933,    0.660983
2015-02-14 25:00:00,   26.015601,    0.658740
2015-02-15 25:00:00,   25.925828,    0.657486
2015-02-16 25:00:00,   25.969752,    0.657928
2015-02-17 25:00:00,   25.679210,    0.658738
2015-02-18 25:00:00,   26.937113,    0.659907
2015-02-19 25:00:00,   26.412028,    0.660743
2015-02-20 25:00:00,   26.133845,    0.661930
2015-02-21 25:00:00,   26.035339,    0.663006
2015-02-22 25:00:00,   25.509386,    0.663844
2015-02-23 25:00:00,   26.286287,    0.664392
2015-02-24 25:00:00,   27.586969,    0.665863
2015-02-25 25:00:00,   28.508769,    0.667470
2015-02-26 25:00:00,   29.131902,    0.668915
2015-02-27 25:00:00,   27.154043,    0.669733
2015-02-28 25:00:00,   26.614364,    0.670816
2015-03-01 25:00:00,   26.009292,    0.671834
2015-03-02 25:00:00,   25.539011,    0.672543
2015-03-03 25:00:00,   25.586124,    0.671478
2015-03-04 25:00:00,   25.909802,    0.672392
2015-03-05 25:00:00,   26.035025,    0.673196
2015-03-06 25:00:00,   26.222893,    0.674207
2015-03-07 25:00:00,   26.541764,    0.675400
2015-03-08 25:00:00,   26.556586,    0.677077
2015-03-09 25:00:00,   26.559485,    0.677903
2015-03-10 25:00:00,   26.354005,    0.678771
2015-03-11 25:00:00,   26.392004,    0.680136
2015-03-12 25:00:00,   26.932369,    0.680892
2015-03-13 25:00:00,   25.838934,    0.680062
2015-03-14 25:00:00,   25.134531,    0.668063
2015-03-15 25:00:00,   25.506609,    0.669139
2015-03-16 25:00:00,   25.226061,    0.669579
2015-03-17 25:00:00,   25.153539,    0.670417
2015-03-18 25:00:00,   24.525920,    0.667262
2015-03-19 25:00:00,   24.512312,    0.666809
2015-03-20 25:00:00,   24.632595,    0.667526
2015-03-21 25:00:00,   23.973430,    0.667771
2015-03-22 25:00:00,   23.277639,    0.666614
2015-03-23 25:00:00,   22.904109,    0.665368
2015-03-24 25:00:00,   22.521210,    0.665896
2015-03-25 25:00:00,   22.545611,    0.665630
2015-03-26 25:00:00,   22.766253,    0.666137
2015-03-27 25:00:00,   22.980302,    0.666929
2015-03-28 25:00:00,   23.198999,    0.668005
2015-03-29 25:00:00,   23.720615,    0.668551
2015-03-30 25:00:00,   23.024704,    0.669132
2015-03-31 25:00:00,   23.123862,    0.669709
2015-04-01 25:00:00,   23.021200,    0.670543
2015-04-02 25:00:00,   22.825546,    0.670343
2015-04-03 25:00:00,   23.234628,    0.671109
2015-04-04 25:00:00,   22.752617,    0.671758
2015-04-05 25:00:00,   22.821267,    0.672345
2015-04-06 25:00:00,   21.819694,    0.669607
2015-04-07 25:00:00,   20.957162,    0.659485
2015-04-08 25:00:00,   20.778157,    0.659265
2015-04-09 25:00:00,   20.582568,    0.644886
2015-04-10 25:00:00,   20.730682,    0.643158
2015-04-11 25:00:00,   20.864498,    0.641676
2015-04-12 25:00:00,   20.380899,    0.639242
2015-04-13 25:00:00,   21.061122,    0.639278
2015-04-14 25:00:00,   20.677096,    0.640160
2015-04-15 25:00:00,   20.243196,    0.640498
2015-04-16 25:00:00,   20.556317,    0.641170
2015-04-17 25:00:00,   20.544657,    0.641274
2015-04-18 25:00:00,   20.750241,    0.642089
2015-04-19 25:00:00,   20.632110,    0.642474
2015-04-20 25:00:00,   21.131720,    0.643037
2015-04-21 25:00:00,   20.994269,    0.643395
2015-04-22 25:00:00,   21.232576,    0.644133
2015-04-23 25:00:00,   20.650678,    0.644596
2015-04-24 25:00:00,   19.786198,    0.644328
2015-04-25 25:00:00,   19.698273,    0.644479
2015-04-26 25:00:00,   19.538436,    0.644725
2015-04-27 25:00:00,   19.449420,    0.645437
2015-04-28 25:00:00,   19.397352,    0.645472
2015-04-29 25:00:00,   19.430203,    0.645899
2015-04-30 25:00:00,   19.237381,    0.641247
2015-05-01 25:00:00,   19.063984,    0.642943
2015-05-02 25:00:00,   18.777514,    0.643666
2015-05-03 25:00:00,   18.489869,    0.642947
2015-05-04 25:00:00,   17.783306,    0.643744
2015-05-05 25:00:00,   17.675969,    0.644134
2015-05-06 25:00:00,   18.143533,    0.644471
2015-05-07 25:00:00,   18.062362,    0.644867
2015-05-08 25:00:00,   18.018258,    0.645039
2015-05-09 25:00:00,   18.272256,    0.645230
2015-05-10 25:00:00,   18.509490,    0.645619
2015-05-11 25:00:00,   18.753512,    0.646137
2015-05-12 25:00:00,   18.403761,    0.646457
2015-05-13 25:00:00,   18.018976,    0.646877
2015-05-14 25:00:00,   17.876846,    0.646853
2015-05-15 25:00:00,   17.455548,    0.647422
2015-05-16 25:00:00,   16.815511,    0.638944
2015-05-17 25:00:00,   16.556463,    0.627252
2015-05-18 25:00:00,   16.432264,    0.628262
2015-05-19 25:00:00,   16.180170,    0.627403
2015-05-20 25:00:00,   16.024761,    0.641965
2015-05-21 25:00:00,   15.827347,    0.642314
2015-05-22 25:00:00,   16.118921,    0.642801
2015-05-23 25:00:00,   16.309931,    0.642652
2015-05-24 25:00:00,   16.592491,    0.643176
2015-05-25 25:00:00,   16.982662,    0.643484
2015-05-26 25:00:00,   16.619221,    0.643776
2015-05-27 25:00:00,   16.407501,    0.644209
2015-05-28 25:00:00,   16.072666,    0.644352
2015-05-29 25:00:00,   15.933311,    0.644451
2015-05-30 25:00:00,   16.123300,    0.644783
2015-05-31 25:00:00,   16.113805,    0.644898
2015-06-01 25:00:00,   15.406651,    0.645137
2015-06-02 25:00:00,   15.442066,    0.642228
2015-06-03 25:00:00,   15.706568,    0.642405
2015-06-04 25:00:00,   15.992808,    0.642523
2015-06-05 25:00:00,   16.926648,    0.642662
2015-06-06 25:00:00,   16.868970,    0.641222
2015-06-07 25:00:00,   17.219642,    0.641642
2015-06-08 25:00:00,   16.827855,    0.642084
2015-06-09 25:00:00,   16.416850,    0.642718
2015-06-10 25:00:00,   16.535817,    0.643357
2015-06-11 25:00:00,   16.156778,    0.643431
2015-06-12 25:00:00,   16.167510,    0.635069
2015-06-13 25:00:00,   15.880855,    0.637373
2015-06-14 25:00:00,   15.822583,    0.640269
2015-06-15 25:00:00,   15.844521,    0.640577
2015-06-16 25:00:00,   15.449041,    0.640625
2015-06-17 25:00:00,   15.215924,    0.641086
2015-06-18 25:00:00,   15.337402,    0.632743
2015-06-19 25:00:00,   15.656774,    0.619020
2015-06-20 25:00:00,   15.780554,    0.624606
2015-06-21 25:00:00,   15.295675,    0.621019
2015-06-22 25:00:00,   14.969862,    0.620198
2015-06-23 25:00:00,   15.012515,    0.620611
2015-06-24 25:00:00,   14.758798,    0.620806
2015-06-25 25:00:00,   15.243088,    0.621098
2015-06-26 25:00:00,   14.911185,    0.621261
2015-06-27 25:00:00,   14.731022,    0.621287
2015-06-28 25:00:00,   14.639425,    0.621575
2015-06-29 25:00:00,   14.928145,    0.621957
2015-06-30 25:00:00,   14.641828,    0.621968
2015-07-01 25:00:00,   14.573906,    0.620922
2015-07-02 25:00:00,   14.769909,    0.621698
2015-07-03 25:00:00,   15.210572,    0.621618
2015-07-04 25:00:00,   15.777232,    0.621628
2015-07-05 25:00:00,   15.902840,    0.621969
2015-07-06 25:00:00,   15.198461,    0.621972
2015-07-07 25:00:00,   15.226706,    0.620499
2015-07-08 25:00:00,   14.703329,    0.621265
2015-07-09 25:00:00,   14.664710,    0.622035
2015-07-10 25:00:00,   14.631210,    0.620052
2015-07-11 25:00:00,   14.557020,    0.621261
2015-07-12 25:00:00,   14.389463,    0.621514
2015-07-13 25:00:00,   14.189861,    0.621718
2015-07-14 25:00:00,   14.095486,    0.621737
2015-07-15 25:00:00,   14.050797,    0.621940
2015-07-16 25:00:00,   13.828244,    0.622287
2015-07-17 25:00:00,   13.743038,    0.622528
2015-07-18 25:00:00,   14.421024,    0.617159
2015-07-19 25:00:00,   13.906493,    0.618857
2015-07-20 25:00:00,   14.041123,    0.617549
2015-07-21 25:00:00,   14.378790,    0.610435
2015-07-22 25:00:00,   13.921634,    0.603244
2015-07-23 25:00:00,   13.919157,    0.602033
2015-07-24 25:00:00,   14.582096,    0.602531
2015-07-25 25:00:00,   14.511407,    0.602667
2015-07-26 25:00:00,   14.738442,    0.602600
2015-07-27 25:00:00,   14.499017,    0.603306
2015-07-28 25:00:00,   14.043962,    0.600931
2015-07-29 25:00:00,   14.453013,    0.601011
2015-07-30 25:00:00,   14.428811,    0.592659
2015-07-31 25:00:00,   15.114791,    0.594022
2015-08-01 25:00:00,   14.449980,    0.594871
2015-08-02 25:00:00,   14.846521,    0.595426
2015-08-03 25:00:00,   14.877632,    0.595207
2015-08-04 25:00:00,   14.620349,    0.595765
2015-08-05 25:00:00,   14.300512,    0.595854
2015-08-06 25:00:00,   14.197192,    0.596297
2015-08-07 25:00:00,   14.258959,    0.592225
2015-08-08 25:00:00,   13.810191,    0.593300
2015-08-09 25:00:00,   13.878444,    0.590630
2015-08-10 25:00:00,   13.875518,    0.591988
2015-08-11 25:00:00,   14.016190,    0.592235
2015-08-12 25:00:00,   14.527799,    0.592263
2015-08-13 25:00:00,   15.070814,    0.592621
2015-08-14 25:00:00,   15.909412,    0.593206
2015-08-15 25:00:00,   16.329475,    0.593292
2015-08-16 25:00:00,   17.107355,    0.593827
2015-08-17 25:00:00,   16.867222,    0.592481
2015-08-18 25:00:00,   16.839871,    0.593392
2015-08-19 25:00:00,   15.668819,    0.590913
2015-08-20 25:00:00,   15.526820,    0.590770
2015-08-21 25:00:00,   14.804195,    0.584534
2015-08-22 25:00:00,   14.554114,    0.582644
2015-08-23 25:00:00,   14.987204,    0.582601
2015-08-24 25:00:00,   14.906481,    0.581931
2015-08-25 25:00:00,   15.420341,    0.582510
2015-08-26 25:00:00,   15.653375,    0.582879
2015-08-27 25:00:00,   16.188724,    0.582967
2015-08-28 25:00:00,   16.510201,    0.572565
2015-08-29 25:00:00,   16.597125,    0.549501
2015-08-30 25:00:00,   16.557433,    0.555165
2015-08-31 25:00:00,   15.599920,    0.558196
2015-09-01 25:00:00,   15.434006,    0.558434
2015-09-02 25:00:00,   15.385026,    0.559029
2015-09-03 25:00:00,   16.185376,    0.559646
2015-09-04 25:00:00,   15.985690,    0.553982
2015-09-05 25:00:00,   16.035278,    0.555139
2015-09-06 25:00:00,   16.370719,    0.555685
2015-09-07 25:00:00,   17.326494,    0.556203
2015-09-08 25:00:00,   17.816576,    0.556364
2015-09-09 25:00:00,   18.355579,    0.557435
2015-09-10 25:00:00,   17.255900,    0.556563
2015-09-11 25:00:00,   17.518651,    0.556353
2015-09-12 25:00:00,   16.911297,    0.553467
2015-09-13 25:00:00,   17.317670,    0.553397
2015-09-14 25:00:00,   17.130474,    0.552599
2015-09-15 25:00:00,   17.302800,    0.553573
2015-09-16 25:00:00,   17.165175,    0.554169
2015-09-17 25:00:00,   18.385492,    0.555232
2015-09-18 25:00:00,   18.478477,    0.555445
2015-09-19 25:00:00,   18.418065,    0.556622
2015-09-20 25:00:00,   17.960138,    0.557158
2015-09-21 25:00:00,   18.931334,    0.558457
2015-09-22 25:00:00,   18.917413,    0.559310
2015-09-23 25:00:00,   19.845187,    0.560311
2015-09-24 25:00:00,   20.454748,    0.561210
2015-09-25 25:00:00,   20.730086,    0.562196
2015-09-26 25:00:00,   20.564214,    0.562989
2015-09-27 25:00:00,   20.900728,    0.564460
2015-09-28 25:00:00,   21.437946,    0.564815
2015-09-29 25:00:00,   22.040996,    0.565827
2015-09-30 25:00:00,   22.878494,    0.565966
2015-10-01 25:00:00,   23.663896,    0.567584
2015-10-02 25:00:00,   23.236500,    0.567920
2015-10-03 25:00:00,   23.797235,    0.568874
2015-10-04 25:00:00,   22.167112,    0.568798
2015-10-05 25:00:00,   20.185947,    0.569182
2015-10-06 25:00:00,   20.785612,    0.569851
2015-10-07 25:00:00,   20.812768,    0.570953
2015-10-08 25:00:00,   21.096383,    0.571713
2015-10-09 25:00:00,   22.593696,    0.572683
2015-10-10 25:00:00,   22.934423,    0.573260
2015-10-11 25:00:00,   23.396127,    0.574197
2015-10-12 25:00:00,   24.355948,    0.575171
2015-10-13 25:00:00,   24.882910,    0.576885
2015-10-14 25:00:00,   22.684355,    0.575784
2015-10-15 25:00:00,   22.394142,    0.577158
2015-10-16 25:00:00,   22.549926,    0.578062
2015-10-17 25:00:00,   22.839658,    0.579104
2015-10-18 25:00:00,   22.004958,    0.574637
2015-10-19 25:00:00,   22.359511,    0.575753
2015-10-20 25:00:00,   22.822273,    0.576630
2015-10-21 25:00:00,   24.053947,    0.578050
2015-10-22 25:00:00,   23.520123,    0.578953
2015-10-23 25:00:00,   23.176884,    0.580099
2015-10-24 25:00:00,   22.819412,    0.581289
2015-10-25 25:00:00,   23.085248,    0.582306
2015-10-26 25:00:00,   23.607509,    0.582945
2015-10-27 25:00:00,   23.062771,    0.583716
2015-10-28 25:00:00,   24.615618,    0.584322
2015-10-29 25:00:00,   25.505036,    0.584994
2015-10-30 25:00:00,   25.178397,    0.586198
2015-10-31 25:00:00,   25.390851,    0.587445
2015-11-01 25:00:00,   25.816165,    0.581384
2015-11-02 25:00:00,   25.469482,    0.567580
2015-11-03 25:00:00,   25.623479,    0.569533
2015-11-04 25:00:00,   25.920146,    0.569913
2015-11-05 25:00:00,   25.628538,    0.570942
2015-11-06 25:00:00,   24.138728,    0.571324
2015-11-07 25:00:00,   22.880902,    0.573510
2015-11-08 25:00:00,   23.214829,    0.575088
2015-11-09 25:00:00,   24.255371,    0.576530
2015-11-10 25:00:00,   24.850933,    0.578060
2015-11-11 25:00:00,   25.270336,    0.579402
2015-11-12 25:00:00,   25.718176,    0.581260
2015-11-13 25:00:00,   26.666843,    0.583368
2015-11-14 25:00:00,   27.514577,    0.584690
2015-11-15 25:00:00,   27.239745,    0.586937
2015-11-16 25:00:00,   27.717697,    0.587885
2015-11-17 25:00:00,   25.860045,    0.588567
2015-11-18 25:00:00,   24.324380,    0.589218
2015-11-19 25:00:00,   23.869694,    0.590100
2015-11-20 25:00:00,   23.897332,    0.590735
2015-11-21 25:00:00,   24.732132,    0.592812
2015-11-22 25:00:00,   25.254060,    0.594134
2015-11-23 25:00:00,   26.400172,    0.596117
2015-11-24 25:00:00,   24.963636,    0.597902
2015-11-25 25:00:00,   24.558208,    0.598482
2015-11-26 25:00:00,   24.599754,    0.600580
2015-11-27 25:00:00,   25.358565,    0.602147
2015-11-28 25:00:00,   25.178858,    0.604231
2015-11-29 25:00:00,   24.341832,    0.605570
2015-11-30 25:00:00,   23.672889,    0.606110
2015-12-01 25:00:00,   24.224747,    0.607712
2015-12-02 25:00:00,   25.161685,    0.610053
2015-12-03 25:00:00,   25.591665,    0.611621
2015-12-04 25:00:00,   24.030802,    0.612915
2015-12-05 25:00:00,   22.239255,    0.606229
2015-12-06 25:00:00,   21.797359,    0.605680
2015-12-07 25:00:00,   22.243064,    0.606804
2015-12-08 25:00:00,   23.474346,    0.607916
2015-12-09 25:00:00,   24.027724,    0.609592
2015-12-10 25:00:00,   24.024865,    0.611235
2015-12-11 25:00:00,   24.516960,    0.612717
2015-12-12 25:00:00,   23.900617,    0.614119
2015-12-13 25:00:00,   24.639815,    0.615045
2015-12-14 25:00:00,   25.192407,    0.616677
2015-12-15 25:00:00,   25.525643,    0.617943
2015-12-16 25:00:00,   25.496550,    0.620246
2015-12-17 25:00:00,   25.744461,    0.622200
2015-12-18 25:00:00,   25.507586,    0.623919
2015-12-19 25:00:00,   24.137244,    0.625045
2015-12-20 25:00:00,   24.573134,    0.625397
2015-12-21 25:00:00,   25.256802,    0.627132
2015-12-22 25:00:00,   26.249792,    0.628521
2015-12-23 25:00:00,   27.477441,    0.631087
2015-12-24 25:00:00,   25.485505,    0.632663
2015-12-25 25:00:00,   25.003003,    0.631292
2015-12-26 25:00:00,   25.397523,    0.632612
2015-12-27 25:00:00,   26.722115,    0.634638
2015-12-28 25:00:00,   27.350846,    0.636385
2015-12-29 25:00:00,   27.114920,    0.638390
2015-12-30 25:00:00,   25.983308,    0.638790
2015-12-31 25:00:00,   26.101086,    0.639507
2016-01-01 25:00:00,   26.240692,    0.641139
2016-01-02 25:00:00,   26.627775,    0.641226
2016-01-03 25:00:00,   27.707103,    0.643005
2016-01-04 25:00:00,   27.765912,    0.644449
2016-01-05 25:00:00,   29.196043,    0.645501
2016-01-06 25:00:00,   30.402493,    0.647059
2016-01-07 25:00:00,   30.505227,    0.649921
2016-01-08 25:00:00,   29.025419,    0.650333
2016-01-09 25:00:00,   29.643188,    0.651971
2016-01-10 25:00:00,   29.753195,    0.653535
2016-01-11 25:00:00,   29.535345,    0.655046
2016-01-12 25:00:00,   27.729117,    0.654319
2016-01-13 25:00:00,   27.185046,    0.654712
2016-01-14 25:00:00,   26.893176,    0.655049
2016-01-15 25:00:00,   27.391276,    0.655753
2016-01-16 25:00:00,   28.563956,    0.657730
2016-01-17 25:00:00,   26.290463,    0.657702
2016-01-18 25:00:00,   25.470627,    0.656975
2016-01-19 25:00:00,   24.716968,    0.651931
2016-01-20 25:00:00,   25.186774,    0.652750
2016-01-21 25:00:00,   24.308404,    0.652922
2016-01-22 25:00:00,   25.557971,    0.653007
2016-01-23 25:00:00,   26.809561,    0.654513
2016-01-24 25:00:00,   27.908975,    0.656314
2016-01-25 25:00:00,   29.112250,    0.658327
2016-01-26 25:00:00,   28.303983,    0.659580
2016-01-27 25:00:00,   27.707820,    0.661671
2016-01-28 25:00:00,   27.382651,    0.663276
2016-01-29 25:00:00,   27.483344,    0.664891
2016-01-30 25:00:00,   25.756650,    0.648974
2016-01-31 25:00:00,   24.367000,    0.650029
2016-02-01 25:00:00,   23.852292,    0.649536
2016-02-02 25:00:00,   24.351712,    0.649839
2016-02-03 25:00:00,   25.169132,    0.651043
2016-02-04 25:00:00,   25.564899,    0.652566
2016-02-05 25:00:00,   26.564763,    0.654121
2016-02-06 25:00:00,   26.975954,    0.656130
2016-02-07 25:00:00,   28.009897,    0.657610
2016-02-08 25:00:00,   28.577788,    0.660231
2016-02-09 25:00:00,   28.974828,    0.662245
2016-02-10 25:00:00,   29.730952,    0.662811
2016-02-11 25:00:00,   29.952661,    0.664507
2016-02-12 25:00:00,   28.111586,    0.665520
2016-02-13 25:00:00,   27.112242,    0.667856
2016-02-14 25:00:00,   26.579430,    0.667103
2016-02-15 25:00:00,   26.430054,    0.668606
2016-02-16 25:00:00,   27.165751,    0.670283
2016-02-17 25:00:00,   26.964172,    0.672248
2016-02-18 25:00:00,   26.405278,    0.673898
2016-02-19 25:00:00,   25.284451,    0.673736
2016-02-20 25:00:00,   26.217126,    0.673934
2016-02-21 25:00:00,   26.759365,    0.675090
2016-02-22 25:00:00,   25.969571,    0.670335
2016-02-23 25:00:00,   25.166669,    0.670653
2016-02-24 25:00:00,   24.234578,    0.668172
2016-02-25 25:00:00,   23.977515,    0.666461
2016-02-26 25:00:00,   24.891110,    0.666619
2016-02-27 25:00:00,   26.719445,    0.668168
2016-02-28 25:00:00,   26.779645,    0.669931
2016-02-29 25:00:00,   26.328328,    0.670942
2016-03-01 25:00:00,   25.400898,    0.671948
2016-03-02 25:00:00,   25.260129,    0.672146
2016-03-03 25:00:00,   24.795548,    0.673310
2016-03-04 25:00:00,   24.935798,    0.673830
2016-03-05 25:00:00,   25.528560,    0.675213
2016-03-06 25:00:00,   25.818918,    0.675907
2016-03-07 25:00:00,   25.780744,    0.676906
2016-03-08 25:00:00,   26.308048,    0.678078
2016-03-09 25:00:00,   27.164644,    0.679125
2016-03-10 25:00:00,   26.294024,    0.680191
2016-03-11 25:00:00,   26.128504,    0.681293
2016-03-12 25:00:00,   26.453404,    0.682600
2016-03-13 25:00:00,   26.931485,    0.684026
2016-03-14 25:00:00,   27.719765,    0.685967
2016-03-15 25:00:00,   27.121875,    0.687115
2016-03-16 25:00:00,   25.379392,    0.687121
2016-03-17 25:00:00,   24.728519,    0.685556
2016-03-18 25:00:00,   24.919214,    0.686186
2016-03-19 25:00:00,   25.209509,    0.687291
2016-03-20 25:00:00,   25.966768,    0.688203
2016-03-21 25:00:00,   25.836385,    0.689291
2016-03-22 25:00:00,   25.337491,    0.690508
2016-03-23 25:00:00,   23.607913,    0.666420
2016-03-24 25:00:00,   23.429846,    0.666754
2016-03-25 25:00:00,   24.004005,    0.666974
2016-03-26 25:00:00,   23.354162,    0.659835
2016-03-27 25:00:00,   23.132541,    0.660615
2016-03-28 25:00:00,   23.275438,    0.660348
2016-03-29 25:00:00,   23.715743,    0.660921
2016-03-30 25:00:00,   24.479845,    0.662165
2016-03-31 25:00:00,   24.294721,    0.663217
2016-04-01 25:00:00,   23.744708,    0.663573
2016-04-02 25:00:00,   24.298627,    0.664055
2016-04-03 25:00:00,   25.141554,    0.665218
2016-04-04 25:00:00,   23.747163,    0.665750
2016-04-05 25:00:00,   22.581483,    0.665217
2016-04-06 25:00:00,   22.285712,    0.665541
2016-04-07 25:00:00,   22.029605,    0.665919
2016-04-08 25:00:00,   21.821317,    0.666622
2016-04-09 25:00:00,   21.161059,    0.664205
2016-04-10 25:00:00,   21.490974,    0.662791
2016-04-11 25:00:00,   21.008170,    0.661615
2016-04-12 25:00:00,   21.395023,    0.662014
2016-04-13 25:00:00,   21.492833,    0.662302
2016-04-14 25:00:00,   21.571547,    0.662812
2016-04-15 25:00:00,   21.978039,    0.663859
2016-04-16 25:00:00,   21.807741,    0.663533
2016-04-17 25:00:00,   21.383076,    0.659857
2016-04-18 25:00:00,   21.231090,    0.647933
2016-04-19 25:00:00,   21.546761,    0.654656
2016-04-20 25:00:00,   21.806530,    0.655644
2016-04-21 25:00:00,   21.690838,    0.656035
2016-04-22 25:00:00,   21.340155,    0.657013
2016-04-23 25:00:00,   21.359122,    0.657541
2016-04-24 25:00:00,   21.195411,    0.657741
2016-04-25 25:00:00,   20.846171,    0.648450
2016-04-26 25:00:00,   19.866263,    0.650443
2016-04-27 25:00:00,   19.581730,    0.648942
2016-04-28 25:00:00,   19.145315,    0.647835
2016-04-29 25:00:00,   19.019084,    0.647614
2016-04-30 25:00:00,   18.708362,    0.647938
2016-05-01 25:00:00,   18.971821,    0.648250
2016-05-02 25:00:00,   19.161593,    0.648608
2016-05-03 25:00:00,   19.057204,    0.649137
2016-05-04 25:00:00,   18.992514,    0.649323
2016-05-05 25:00:00,   19.479556,    0.649825
2016-05-06 25:00:00,   18.816048,    0.644480
2016-05-07 25:00:00,   18.059375,    0.644196
2016-05-08 25:00:00,   17.915891,    0.644986
2016-05-09 25:00:00,   18.125487,    0.645142
2016-05-10 25:00:00,   18.362464,    0.645588
2016-05-11 25:00:00,   18.275741,    0.645717
2016-05-12 25:00:00,   18.541296,    0.645746
2016-05-13 25:00:00,   18.447637,    0.646712
2016-05-14 25:00:00,   18.571628,    0.647123
2016-05-15 25:00:00,   18.126047,    0.646794
2016-05-16 25:00:00,   18.298390,    0.647346
2016-05-17 25:00:00,   17.992021,    0.647570
2016-05-18 25:00:00,   18.120321,    0.647576
2016-05-19 25:00:00,   17.892003,    0.641384
2016-05-20 25:00:00,   17.937912,    0.645206
2016-05-21 25:00:00,   16.945017,    0.637705
2016-05-22 25:00:00,   16.665752,    0.639834
2016-05-23 25:00:00,   16.803491,    0.636653
2016-05-24 25:00:00,   16.845001,    0.629567
2016-05-25 25:00:00,   16.716914,    0.628838
2016-05-26 25:00:00,   16.476870,    0.627547
2016-05-27 25:00:00,   16.511946,    0.629306
2016-05-28 25:00:00,   16.484136,    0.631380
2016-05-29 25:00:00,   16.481838,    0.631797
2016-05-30 25:00:00,   16.409841,    0.634059
2016-05-31 25:00:00,   16.234088,    0.635182
2016-06-01 25:00:00,   16.196135,    0.639668
2016-06-02 25:00:00,   15.904436,    0.651544
2016-06-03 25:00:00,   16.098589,    0.651761
2016-06-04 25:00:00,   15.930043,    0.651263
2016-06-05 25:00:00,   15.855727,    0.651674
2016-06-06 25:00:00,   15.496764,    0.647929
2016-06-07 25:00:00,   15.006682,    0.645031
2016-06-08 25:00:00,   14.810217,    0.644628
2016-06-09 25:00:00,   14.617975,    0.643642
2016-06-10 25:00:00,   14.906799,    0.642927
2016-06-11 25:00:00,   14.687358,    0.643195
2016-06-12 25:00:00,   14.710612,    0.643510
2016-06-13 25:00:00,   14.773156,    0.634505
2016-06-14 25:00:00,   14.705817,    0.631069
2016-06-15 25:00:00,   15.252702,    0.627644
2016-06-16 25:00:00,   14.823784,    0.628036
2016-06-17 25:00:00,   14.676112,    0.628259
2016-06-18 25:00:00,   14.501321,    0.628392
2016-06-19 25:00:00,   14.478727,    0.628324
2016-06-20 25:00:00,   14.474541,    0.628500
2016-06-21 25:00:00,   14.872264,    0.628986
2016-06-22 25:00:00,   14.420913,    0.628692
2016-06-23 25:00:00,   14.936295,    0.629176
2016-06-24 25:00:00,   14.392820,    0.629052
2016-06-25 25:00:00,   14.329815,    0.626188
2016-06-26 25:00:00,   14.252165,    0.626737
2016-06-27 25:00:00,   14.051184,    0.626848
2016-06-28 25:00:00,   14.014939,    0.626783
2016-06-29 25:00:00,   14.194305,    0.627047
2016-06-30 25:00:00,   14.618928,    0.627351
2016-07-01 25:00:00,   14.498422,    0.627574
2016-07-02 25:00:00,   14.475363,    0.627811
2016-07-03 25:00:00,   13.782936,    0.627757
2016-07-04 25:00:00,   13.533447,    0.628036
2016-07-05 25:00:00,   13.344770,    0.628321
2016-07-06 25:00:00,   13.233129,    0.628526
2016-07-07 25:00:00,   13.253319,    0.628692
2016-07-08 25:00:00,   13.290602,    0.626324
2016-07-09 25:00:00,   12.895915,    0.621245
2016-07-10 25:00:00,   12.894285,    0.619103
2016-07-11 25:00:00,   12.940572,    0.617943
2016-07-12 25:00:00,   12.969361,    0.617068
2016-07-13 25:00:00,   12.604228,    0.617102
2016-07-14 25:00:00,   12.504829,    0.617417
2016-07-15 25:00:00,   12.881440,    0.617555
2016-07-16 25:00:00,   13.219979,    0.616845
2016-07-17 25:00:00,   13.352673,    0.616503
2016-07-18 25:00:00,   13.429765,    0.616479
2016-07-19 25:00:00,   13.817865,    0.616769
2016-07-20 25:00:00,   13.234823,    0.616823
2016-07-21 25:00:00,   13.158977,    0.614149
2016-07-22 25:00:00,   13.721428,    0.614557
2016-07-23 25:00:00,   13.029149,    0.613879
2016-07-24 25:00:00,   13.590457,    0.614385
2016-07-25 25:00:00,   13.753272,    0.614610
2016-07-26 25:00:00,   13.979768,    0.614642
2016-07-27 25:00:00,   14.408154,    0.615286
2016-07-28 25:00:00,   14.704103,    0.615299
2016-07-29 25:00:00,   14.021996,    0.613766
2016-07-30 25:00:00,   13.841730,    0.614251
2016-07-31 25:00:00,   13.588474,    0.614067
2016-08-01 25:00:00,   14.078985,    0.614556
2016-08-02 25:00:00,   13.521106,    0.614587
2016-08-03 25:00:00,   13.057269,    0.613860
2016-08-04 25:00:00,   12.980209,    0.603664
2016-08-05 25:00:00,   13.645033,    0.608518
2016-08-06 25:00:00,   13.270177,    0.605908
2016-08-07 25:00:00,   13.143741,    0.605100
2016-08-08 25:00:00,   12.878843,    0.604185
2016-08-09 25:00:00,   12.853278,    0.603831
2016-08-10 25:00:00,   12.972726,    0.603344
2016-08-11 25:00:00,   13.138376,    0.602388
2016-08-12 25:00:00,   14.129257,    0.602481
2016-08-13 25:00:00,   14.424281,    0.603186
2016-08-14 25:00:00,   15.100590,    0.603553
2016-08-15 25:00:00,   13.940370,    0.597362
2016-08-16 25:00:00,   14.525500,    0.598022
2016-08-17 25:00:00,   13.664095,    0.594065
2016-08-18 25:00:00,   13.524566,    0.594478
2016-08-19 25:00:00,   13.431747,    0.588925
2016-08-20 25:00:00,   13.740803,    0.591976
2016-08-21 25:00:00,   13.436457,    0.591666
2016-08-22 25:00:00,   13.551038,    0.592615
2016-08-23 25:00:00,   14.334663,    0.593214
2016-08-24 25:00:00,   14.308613,    0.593483
2016-08-25 25:00:00,   14.200506,    0.593691
2016-08-26 25:00:00,   14.157561,    0.588910
2016-08-27 25:00:00,   14.063310,    0.583395
2016-08-28 25:00:00,   13.849550,    0.582504
2016-08-29 25:00:00,   14.737915,    0.580771
2016-08-30 25:00:00,   15.256096,    0.581334
2016-08-31 25:00:00,   14.596669,    0.574941
2016-09-01 25:00:00,   15.409683,    0.572581
2016-09-02 25:00:00,   15.644896,    0.574926
2016-09-03 25:00:00,   16.509442,    0.575567
2016-09-04 25:00:00,   15.563486,    0.575791
2016-09-05 25:00:00,   16.467807,    0.576334
2016-09-06 25:00:00,   16.071986,    0.577024
2016-09-07 25:00:00,   15.711426,    0.575262
2016-09-08 25:00:00,   16.590489,    0.575417
2016-09-09 25:00:00,   17.164832,    0.576372
2016-09-10 25:00:00,   17.157293,    0.576383
2016-09-11 25:00:00,   16.070280,    0.577059
2016-09-12 25:00:00,   15.687916,    0.577161
2016-09-13 25:00:00,   16.120219,    0.578000
2016-09-14 25:00:00,   16.733168,    0.578557
2016-09-15 25:00:00,   15.714406,    0.576316
2016-09-16 25:00:00,   16.113862,    0.577128
2016-09-17 25:00:00,   16.638547,    0.577709
2016-09-18 25:00:00,   15.753414,    0.573010
2016-09-19 25:00:00,   15.528694,    0.573238
2016-09-20 25:00:00,   16.760020,    0.573089
2016-09-21 25:00:00,   17.694231,    0.573583
2016-09-22 25:00:00,   16.373314,    0.569177
2016-09-23 25:00:00,   15.743218,    0.570706
2016-09-24 25:00:00,   16.650226,    0.570927
2016-09-25 25:00:00,   16.394982,    0.566007
2016-09-26 25:00:00,   16.294689,    0.564161
2016-09-27 25:00:00,   15.623731,    0.557038
2016-09-28 25:00:00,   15.777855,    0.559045
2016-09-29 25:00:00,   17.270605,    0.559872
2016-09-30 25:00:00,   16.307860,    0.559521
2016-10-01 25:00:00,   15.492840,    0.558669
2016-10-02 25:00:00,   15.900374,    0.559627
2016-10-03 25:00:00,   15.754137,    0.559139
2016-10-04 25:00:00,   16.666761,    0.559459
2016-10-05 25:00:00,   18.311224,    0.560102
2016-10-06 25:00:00,   19.232980,    0.560596
2016-10-07 25:00:00,   20.170473,    0.561319
2016-10-08 25:00:00,   18.458310,    0.556453
2016-10-09 25:00:00,   17.895121,    0.558000
2016-10-10 25:00:00,   18.325675,    0.558643
2016-10-11 25:00:00,   19.343690,    0.559364
2016-10-12 25:00:00,   21.074352,    0.560732
2016-10-13 25:00:00,   21.388387,    0.561528
2016-10-14 25:00:00,   20.063322,    0.561057
2016-10-15 25:00:00,   18.698437,    0.562157
2016-10-16 25:00:00,   19.600426,    0.563033
2016-10-17 25:00:00,   19.579636,    0.564091
2016-10-18 25:00:00,   19.577415,    0.564650
2016-10-19 25:00:00,   19.487782,    0.563590
2016-10-20 25:00:00,   19.019699,    0.564872
2016-10-21 25:00:00,   19.555547,    0.565450
2016-10-22 25:00:00,   20.869427,    0.567116
2016-10-23 25:00:00,   20.965910,    0.567706
2016-10-24 25:00:00,   21.204474,    0.569195
2016-10-25 25:00:00,   21.215466,    0.569858
2016-10-26 25:00:00,   21.999323,    0.570243
2016-10-27 25:00:00,   22.902837,    0.571480
2016-10-28 25:00:00,   23.249628,    0.572408
2016-10-29 25:00:00,   21.608787,    0.572191
2016-10-30 25:00:00,   21.317748,    0.573458
2016-10-31 25:00:00,   20.869470,    0.574211
2016-11-01 25:00:00,   21.198522,    0.574863
2016-11-02 25:00:00,   21.970563,    0.576024
2016-11-03 25:00:00,   22.617235,    0.577587
2016-11-04 25:00:00,   23.574272,    0.579047
2016-11-05 25:00:00,   24.579672,    0.579706
2016-11-06 25:00:00,   23.782375,    0.581755
2016-11-07 25:00:00,   22.833954,    0.582817
2016-11-08 25:00:00,   22.591107,    0.584152
2016-11-09 25:00:00,   22.805220,    0.585567
2016-11-10 25:00:00,   21.999270,    0.585005
2016-11-11 25:00:00,   22.032746,    0.585884
2016-11-12 25:00:00,   22.686437,    0.587205
2016-11-13 25:00:00,   23.733250,    0.588518
2016-11-14 25:00:00,   24.741685,    0.590591
2016-11-15 25:00:00,   25.070180,    0.591675
2016-11-16 25:00:00,   22.412661,    0.565281
2016-11-17 25:00:00,   22.885526,    0.568166
2016-11-18 25:00:00,   23.705053,    0.568983
2016-11-19 25:00:00,   24.117337,    0.570491
2016-11-20 25:00:00,   23.015224,    0.572300
2016-11-21 25:00:00,   21.957491,    0.573251
2016-11-22 25:00:00,   22.423192,    0.574078
2016-11-23 25:00:00,   23.925284,    0.575582
2016-11-24 25:00:00,   24.352639,    0.576859
2016-11-25 25:00:00,   25.461486,    0.578727
2016-11-26 25:00:00,   26.308031,    0.580859
2016-11-27 25:00:00,   26.296741,    0.582713
2016-11-28 25:00:00,   25.880649,    0.583391
2016-11-29 25:00:00,   25.077539,    0.585680
2016-11-30 25:00:00,   25.238865,    0.587623
2016-12-01 25:00:00,   24.652342,    0.589261
2016-12-02 25:00:00,   24.822470,    0.589976
2016-12-03 25:00:00,   24.151231,    0.591052
2016-12-04 25:00:00,   23.954042,    0.592867
2016-12-05 25:00:00,   23.964641,    0.593689
2016-12-06 25:00:00,   24.625604,    0.594775
2016-12-07 25:00:00,   24.170841,    0.597114
2016-12-08 25:00:00,   24.480054,    0.597724
2016-12-09 25:00:00,   25.249123,    0.599386
2016-12-10 25:00:00,   26.792678,    0.601129
2016-12-11 25:00:00,   26.112236,    0.602642
2016-12-12 25:00:00,   25.915999,    0.603084
2016-12-13 25:00:00,   25.711603,    0.604610
2016-12-14 25:00:00,   26.703977,    0.607002
2016-12-15 25:00:00,   26.485985,    0.608542
2016-12-16 25:00:00,   25.935204,    0.609789
2016-12-17 25:00:00,   25.522884,    0.610114
2016-12-18 25:00:00,   24.920319,    0.611610
2016-12-19 25:00:00,   25.151006,    0.613191
2016-12-20 25:00:00,   25.889211,    0.614889
2016-12-21 25:00:00,   27.606178,    0.618017
2016-12-22 25:00:00,   26.003888,    0.619339
2016-12-23 25:00:00,   26.451209,    0.620543
2016-12-24 25:00:00,   26.104444,    0.622554
2016-12-25 25:00:00,   26.048975,    0.624012
2016-12-26 25:00:00,   26.080285,    0.625101
2016-12-27 25:00:00,   24.318693,    0.624612
2016-12-28 25:00:00,   24.071470,    0.626799
2016-12-29 25:00:00,   24.580507,    0.628412
2016-12-30 25:00:00,   24.175357,    0.629705
2016-12-31 25:00:00,   24.431380,    0.630008
2017-01-01 25:00:00,   25.441605,    0.631517
2017-01-02 25:00:00,   26.325400,    0.632777
2017-01-03 25:00:00,   27.217861,    0.634234
2017-01-04 25:00:00,   28.571560,    0.635933
2017-01-05 25:00:00,   28.425431,    0.637468
2017-01-06 25:00:00,   28.694633,    0.639526
2017-01-07 25:00:00,   27.985526,    0.642028
2017-01-08 25:00:00,   27.820581,    0.643357
2017-01-09 25:00:00,   27.519573,    0.644917
2017-01-10 25:00:00,   26.092953,    0.643945
2017-01-11 25:00:00,   25.497114,    0.643534
2017-01-12 25:00:00,   25.472664,    0.644638
2017-01-13 25:00:00,   26.433320,    0.646916
2017-01-14 25:00:00,   26.424450,    0.648428
2017-01-15 25:00:00,   25.848842,    0.650090
2017-01-16 25:00:00,   26.595175,    0.650758
2017-01-17 25:00:00,   27.821663,    0.652452
2017-01-18 25:00:00,   28.262003,    0.654429
2017-01-19 25:00:00,   29.192798,    0.656730
2017-01-20 25:00:00,   28.068824,    0.658774
2017-01-21 25:00:00,   26.874737,    0.659496
2017-01-22 25:00:00,   27.149412,    0.660272
2017-01-23 25:00:00,   27.319931,    0.661740
2017-01-24 25:00:00,   28.025925,    0.663345
2017-01-25 25:00:00,   27.800759,    0.664932
2017-01-26 25:00:00,   27.965276,    0.666927
2017-01-27 25:00:00,   27.899156,    0.667686
2017-01-28 25:00:00,   28.030567,    0.669595
2017-01-29 25:00:00,   27.901930,    0.671213
2017-01-30 25:00:00,   26.564713,    0.670676
2017-01-31 25:00:00,   26.121435,    0.668783
2017-02-01 25:00:00,   26.215353,    0.670086
2017-02-02 25:00:00,   24.938450,    0.671029
2017-02-03 25:00:00,   24.290793,    0.669119
2017-02-04 25:00:00,   23.888300,    0.669968
2017-02-05 25:00:00,   24.268378,    0.670370
2017-02-06 25:00:00,   23.865442,    0.670972
2017-02-07 25:00:00,   24.888667,    0.671642
2017-02-08 25:00:00,   25.347789,    0.672911
2017-02-09 25:00:00,   26.664660,    0.673706
2017-02-10 25:00:00,   25.676936,    0.674054
2017-02-11 25:00:00,   24.874337,    0.657092
2017-02-12 25:00:00,   25.269998,    0.656967
2017-02-13 25:00:00,   26.296196,    0.657237
2017-02-14 25:00:00,   26.647704,    0.659043
2017-02-15 25:00:00,   26.068185,    0.659790
2017-02-16 25:00:00,   25.573967,    0.659514
2017-02-17 25:00:00,   26.360407,    0.659753
2017-02-18 25:00:00,   27.681166,    0.661142
2017-02-19 25:00:00,   26.038777,    0.662403
2017-02-20 25:00:00,   25.387830,    0.663585
2017-02-21 25:00:00,   24.882789,    0.664410
2017-02-22 25:00:00,   25.223203,    0.664446
2017-02-23 25:00:00,   25.088542,    0.665991
2017-02-24 25:00:00,   25.733557,    0.666896
2017-02-25 25:00:00,   26.750225,    0.669406
2017-02-26 25:00:00,   26.648802,    0.671867
2017-02-27 25:00:00,   27.045094,    0.675035
2017-02-28 25:00:00,   26.660022,    0.677038
2017-03-01 25:00:00,   26.832841,    0.677886
2017-03-02 25:00:00,   26.863808,    0.678694
2017-03-03 25:00:00,   26.017842,    0.680665
2017-03-04 25:00:00,   24.331700,    0.678964
2017-03-05 25:00:00,   23.941461,    0.678785
2017-03-06 25:00:00,   23.902813,    0.677472
2017-03-07 25:00:00,   24.592539,    0.678673
2017-03-08 25:00:00,   24.629757,    0.680112
2017-03-09 25:00:00,   25.015342,    0.681795
2017-03-10 25:00:00,   24.897488,    0.683052
2017-03-11 25:00:00,   25.366123,    0.684659
2017-03-12 25:00:00,   26.000953,    0.686311
2017-03-13 25:00:00,   25.768165,    0.687011
2017-03-14 25:00:00,   26.659189,    0.687042
2017-03-15 25:00:00,   26.011000,    0.689137
2017-03-16 25:00:00,   24.482432,    0.689830
2017-03-17 25:00:00,   24.028893,    0.689572
2017-03-18 25:00:00,   23.441141,    0.688689
2017-03-19 25:00:00,   22.646702,    0.687193
2017-03-20 25:00:00,   23.083551,    0.684994
2017-03-21 25:00:00,   24.548142,    0.686615
2017-03-22 25:00:00,   24.487772,    0.644116
2017-03-23 25:00:00,   25.057618,    0.644817
2017-03-24 25:00:00,   25.506085,    0.647540
2017-03-25 25:00:00,   24.948015,    0.652653
2017-03-26 25:00:00,   24.811661,    0.657215
2017-03-27 25:00:00,   23.691263,    0.660934
2017-03-28 25:00:00,   23.234445,    0.666026
2017-03-29 25:00:00,   23.257081,    0.667863
2017-03-30 25:00:00,   23.354353,    0.669067
2017-03-31 25:00:00,   23.116876,    0.670172
2017-04-01 25:00:00,   23.532274,    0.671358
2017-04-02 25:00:00,   23.544728,    0.672403
2017-04-03 25:00:00,   22.465255,    0.673039
2017-04-04 25:00:00,   21.820781,    0.672701
2017-04-05 25:00:00,   22.416867,    0.673224
2017-04-06 25:00:00,   21.705670,    0.673154
2017-04-07 25:00:00,   22.042163,    0.673201
2017-04-08 25:00:00,   22.534629,    0.674203
2017-04-09 25:00:00,   22.162297,    0.675470
2017-04-10 25:00:00,   21.756946,    0.675744
2017-04-11 25:00:00,   22.126802,    0.675885
2017-04-12 25:00:00,   20.564904,    0.674912
2017-04-13 25:00:00,   20.135059,    0.668191
2017-04-14 25:00:00,   19.666622,    0.665720
2017-04-15 25:00:00,   20.253437,    0.665231
2017-04-16 25:00:00,   21.044132,    0.665874
2017-04-17 25:00:00,   21.053299,    0.666343
2017-04-18 25:00:00,   21.351966,    0.666765
2017-04-19 25:00:00,   21.722624,    0.667349
2017-04-20 25:00:00,   22.160793,    0.667430
2017-04-21 25:00:00,   21.916576,    0.668732
2017-04-22 25:00:00,   20.881571,    0.669531
2017-04-23 25:00:00,   20.397395,    0.669702
2017-04-24 25:00:00,   20.159449,    0.669946
2017-04-25 25:00:00,   19.951866,    0.670118
2017-04-26 25:00:00,   20.138822,    0.670992
2017-04-27 25:00:00,   20.036157,    0.671146
2017-04-28 25:00:00,   20.235748,    0.671333
2017-04-29 25:00:00,   19.834193,    0.671396
2017-04-30 25:00:00,   20.007694,    0.671922
2017-05-01 25:00:00,   19.514915,    0.671795
2017-05-02 25:00:00,   19.500460,    0.671353
2017-05-03 25:00:00,   19.162782,    0.670473
2017-05-04 25:00:00,   18.948869,    0.670482
2017-05-05 25:00:00,   18.899767,    0.670695
2017-05-06 25:00:00,   18.790133,    0.671040
2017-05-07 25:00:00,   19.198997,    0.671381
2017-05-08 25:00:00,   18.799381,    0.671441
2017-05-09 25:00:00,   18.425696,    0.670663
2017-05-10 25:00:00,   18.096679,    0.671048
2017-05-11 25:00:00,   18.138158,    0.671574
2017-05-12 25:00:00,   18.220174,    0.671673
2017-05-13 25:00:00,   17.434450,    0.665672
2017-05-14 25:00:00,   17.231376,    0.666111
2017-05-15 25:00:00,   17.300403,    0.666521
2017-05-16 25:00:00,   17.065625,    0.666725
2017-05-17 25:00:00,   17.067839,    0.667169
2017-05-18 25:00:00,   16.761217,    0.667537
2017-05-19 25:00:00,   17.481616,    0.667816
2017-05-20 25:00:00,   17.454138,    0.667761
2017-05-21 25:00:00,   17.026964,    0.668240
2017-05-22 25:00:00,   17.201616,    0.654533
2017-05-23 25:00:00,   16.497026,    0.657718
2017-05-24 25:00:00,   16.718090,    0.659283
2017-05-25 25:00:00,   16.441773,    0.659541
2017-05-26 25:00:00,   16.260151,    0.654709
2017-05-27 25:00:00,   16.007185,    0.663311
2017-05-28 25:00:00,   16.394288,    0.665543
2017-05-29 25:00:00,   16.080196,    0.665888
2017-05-30 25:00:00,   16.439456,    0.667087
2017-05-31 25:00:00,   16.293550,    0.660851
2017-06-01 25:00:00,   16.367593,    0.665283
2017-06-02 25:00:00,   16.226468,    0.666429
2017-06-03 25:00:00,   16.521014,    0.667647
2017-06-04 25:00:00,   15.690711,    0.667530
2017-06-05 25:00:00,   15.876781,    0.670386
2017-06-06 25:00:00,   16.351943,    0.675028
2017-06-07 25:00:00,   16.052334,    0.675256
2017-06-08 25:00:00,   15.458503,    0.675182
2017-06-09 25:00:00,   15.216530,    0.675623
2017-06-10 25:00:00,   15.427531,    0.675997
2017-06-11 25:00:00,   14.914897,    0.676224
2017-06-12 25:00:00,   15.355850,    0.676621
2017-06-13 25:00:00,   14.968367,    0.676661
2017-06-14 25:00:00,   15.160389,    0.668126
2017-06-15 25:00:00,   14.839757,    0.660351
2017-06-16 25:00:00,   15.251820,    0.665204
2017-06-17 25:00:00,   15.002515,    0.665046
2017-06-18 25:00:00,   15.464865,    0.665148
2017-06-19 25:00:00,   15.781096,    0.665554
2017-06-20 25:00:00,   15.627999,    0.665886
2017-06-21 25:00:00,   15.789288,    0.666004
2017-06-22 25:00:00,   15.180448,    0.665807
2017-06-23 25:00:00,   15.069647,    0.655157
2017-06-24 25:00:00,   14.909030,    0.652564
2017-06-25 25:00:00,   14.785346,    0.654594
2017-06-26 25:00:00,   14.534657,    0.654877
2017-06-27 25:00:00,   14.049788,    0.653585
2017-06-28 25:00:00,   14.420650,    0.654070
2017-06-29 25:00:00,   13.973766,    0.653970
2017-06-30 25:00:00,   13.916605,    0.654275
2017-07-01 25:00:00,   13.753233,    0.654532
2017-07-02 25:00:00,   13.694092,    0.650719
2017-07-03 25:00:00,   13.630039,    0.647364
2017-07-04 25:00:00,   13.509590,    0.644169
2017-07-05 25:00:00,   13.639740,    0.644322
2017-07-06 25:00:00,   13.406900,    0.644525
2017-07-07 25:00:00,   13.117274,    0.644573
2017-07-08 25:00:00,   12.918214,    0.637426
2017-07-09 25:00:00,   12.525601,    0.632182
2017-07-10 25:00:00,   12.542651,    0.628808
2017-07-11 25:00:00,   12.703556,    0.625471
2017-07-12 25:00:00,   12.455695,    0.624034
2017-07-13 25:00:00,   12.914665,    0.623651
2017-07-14 25:00:00,   13.566350,    0.623196
2017-07-15 25:00:00,   12.647472,    0.623776
2017-07-16 25:00:00,   12.576748,    0.621790
2017-07-17 25:00:00,   12.714133,    0.621379
2017-07-18 25:00:00,   13.070111,    0.620884
2017-07-19 25:00:00,   13.115641,    0.621645
2017-07-20 25:00:00,   13.256044,    0.622032
2017-07-21 25:00:00,   13.357704,    0.621941
2017-07-22 25:00:00,   13.630358,    0.622555
2017-07-23 25:00:00,   13.654246,    0.622847
2017-07-24 25:00:00,   13.034935,    0.622876
2017-07-25 25:00:00,   12.852664,    0.622762
2017-07-26 25:00:00,   13.338253,    0.622232
2017-07-27 25:00:00,   13.797704,    0.622185
2017-07-28 25:00:00,   13.791485,    0.619879
2017-07-29 25:00:00,   13.612083,    0.618226
2017-07-30 25:00:00,   13.649854,    0.618379
2017-07-31 25:00:00,   14.382380,    0.618402
2017-08-01 25:00:00,   14.671401,    0.618632
2017-08-02 25:00:00,   14.631483,    0.614823
2017-08-03 25:00:00,   15.081746,    0.611239
2017-08-04 25:00:00,   15.237401,    0.611649
2017-08-05 25:00:00,   15.151399,    0.611672
2017-08-06 25:00:00,   15.135940,    0.612270
2017-08-07 25:00:00,   15.252097,    0.612863
2017-08-08 25:00:00,   14.925904,    0.613173
2017-08-09 25:00:00,   14.711586,    0.613837
2017-08-10 25:00:00,   14.048596,    0.601910
2017-08-11 25:00:00,   13.514375,    0.596099
2017-08-12 25:00:00,   13.625170,    0.586727
2017-08-13 25:00:00,   13.581903,    0.592301
2017-08-14 25:00:00,   14.249549,    0.592761
2017-08-15 25:00:00,   14.686778,    0.593543
2017-08-16 25:00:00,   13.978644,    0.593339
2017-08-17 25:00:00,   13.786375,    0.592584
2017-08-18 25:00:00,   13.561134,    0.592062
2017-08-19 25:00:00,   14.370619,    0.593215
2017-08-20 25:00:00,   13.981799,    0.586780
2017-08-21 25:00:00,   14.268185,    0.586205
2017-08-22 25:00:00,   14.435309,    0.585483
2017-08-23 25:00:00,   15.448322,    0.585115
2017-08-24 25:00:00,   15.072652,    0.586089
2017-08-25 25:00:00,   15.222614,    0.586751
2017-08-26 25:00:00,   15.472218,    0.587178
2017-08-27 25:00:00,   15.920378,    0.587717
2017-08-28 25:00:00,   16.234933,    0.587715
2017-08-29 25:00:00,   17.243338,    0.588514
2017-08-30 25:00:00,   17.098770,    0.588772
2017-08-31 25:00:00,   15.887046,    0.579048
2017-09-01 25:00:00,   15.362285,    0.581098
2017-09-02 25:00:00,   15.264720,    0.582094
2017-09-03 25:00:00,   16.290119,    0.582150
2017-09-04 25:00:00,   17.359800,    0.581723
2017-09-05 25:00:00,   17.645920,    0.582690
2017-09-06 25:00:00,   17.836083,    0.583118
2017-09-07 25:00:00,   16.622653,    0.573866
2017-09-08 25:00:00,   15.863236,    0.574906
2017-09-09 25:00:00,   15.961731,    0.574394
2017-09-10 25:00:00,   16.662010,    0.574998
2017-09-11 25:00:00,   15.955596,    0.575573
2017-09-12 25:00:00,   15.858375,    0.573102
2017-09-13 25:00:00,   16.126452,    0.573890
2017-09-14 25:00:00,   16.575157,    0.574587
2017-09-15 25:00:00,   16.274173,    0.576873
2017-09-16 25:00:00,   16.873870,    0.578570
2017-09-17 25:00:00,   17.189906,    0.579359
2017-09-18 25:00:00,   16.396993,    0.580178
2017-09-19 25:00:00,   16.995589,    0.580355
2017-09-20 25:00:00,   17.878713,    0.581184
2017-09-21 25:00:00,   18.472545,    0.582147
2017-09-22 25:00:00,   19.084130,    0.582729
2017-09-23 25:00:00,   20.204677,    0.583668
2017-09-24 25:00:00,   20.731221,    0.584320
2017-09-25 25:00:00,   20.508297,    0.582358
2017-09-26 25:00:00,   20.393553,    0.578702
2017-09-27 25:00:00,   20.648946,    0.576877
2017-09-28 25:00:00,   20.855047,    0.578471
2017-09-29 25:00:00,   20.558715,    0.579541
2017-09-30 25:00:00,   20.501464,    0.580755
2017-10-01 25:00:00,   21.099249,    0.581230
2017-10-02 25:00:00,   20.551339,    0.582214
2017-10-03 25:00:00,   21.558675,    0.583139
2017-10-04 25:00:00,   21.771919,    0.584366
2017-10-05 25:00:00,   20.437841,    0.584517
2017-10-06 25:00:00,   20.490894,    0.585870
2017-10-07 25:00:00,   21.116711,    0.587226
2017-10-08 25:00:00,   21.524194,    0.587025
2017-10-09 25:00:00,   22.352107,    0.589300
2017-10-10 25:00:00,   20.234355,    0.590455
2017-10-11 25:00:00,   20.112844,    0.591178
2017-10-12 25:00:00,   20.188759,    0.591991
2017-10-13 25:00:00,   20.302363,    0.593058
2017-10-14 25:00:00,   19.936659,    0.594283
2017-10-15 25:00:00,   20.012305,    0.595345
2017-10-16 25:00:00,   19.986805,    0.595877
2017-10-17 25:00:00,   20.978886,    0.596469
2017-10-18 25:00:00,   22.246145,    0.597701
2017-10-19 25:00:00,   23.983566,    0.598509
2017-10-20 25:00:00,   21.346955,    0.592636
2017-10-21 25:00:00,   21.269443,    0.594202
2017-10-22 25:00:00,   21.334641,    0.595303
2017-10-23 25:00:00,   21.307483,    0.596323
2017-10-24 25:00:00,   21.304664,    0.597494
2017-10-25 25:00:00,   21.671390,    0.598835
2017-10-26 25:00:00,   22.798861,    0.599907
2017-10-27 25:00:00,   21.732539,    0.600937
2017-10-28 25:00:00,   20.625434,    0.602030
2017-10-29 25:00:00,   20.916048,    0.603196
2017-10-30 25:00:00,   21.260103,    0.603682
2017-10-31 25:00:00,   21.587736,    0.605049
2017-11-01 25:00:00,   22.297894,    0.607135
2017-11-02 25:00:00,   22.978847,    0.609111
2017-11-03 25:00:00,   24.244764,    0.610603
2017-11-04 25:00:00,   23.105347,    0.611994
2017-11-05 25:00:00,   22.626071,    0.612727
2017-11-06 25:00:00,   23.073669,    0.614101
2017-11-07 25:00:00,   22.688205,    0.615228
2017-11-08 25:00:00,   23.838412,    0.615420
2017-11-09 25:00:00,   23.419222,    0.615725
2017-11-10 25:00:00,   22.703996,    0.614982
2017-11-11 25:00:00,   22.247035,    0.616457
2017-11-12 25:00:00,   21.771919,    0.617028
2017-11-13 25:00:00,   21.813986,    0.617254
2017-11-14 25:00:00,   21.612951,    0.616861
2017-11-15 25:00:00,   22.040661,    0.617803
2017-11-16 25:00:00,   22.955398,    0.619254
2017-11-17 25:00:00,   24.057161,    0.621269
2017-11-18 25:00:00,   24.396033,    0.622292
2017-11-19 25:00:00,   24.952610,    0.624200
2017-11-20 25:00:00,   25.684483,    0.625710
2017-11-21 25:00:00,   25.732829,    0.625699
2017-11-22 25:00:00,   25.388305,    0.628175
2017-11-23 25:00:00,   24.435942,    0.629176
2017-11-24 25:00:00,   24.608368,    0.630320
2017-11-25 25:00:00,   24.535762,    0.632091
2017-11-26 25:00:00,   24.873321,    0.634579
2017-11-27 25:00:00,   24.913794,    0.636472
2017-11-28 25:00:00,   25.110794,    0.638297
2017-11-29 25:00:00,   25.680362,    0.641504
2017-11-30 25:00:00,   25.901427,    0.642617
2017-12-01 25:00:00,   23.961920,    0.644003
2017-12-02 25:00:00,   23.219656,    0.644327
2017-12-03 25:00:00,   22.839402,    0.645143
2017-12-04 25:00:00,   23.507231,    0.644637
2017-12-05 25:00:00,   23.008962,    0.644402
2017-12-06 25:00:00,   22.239550,    0.644090
2017-12-07 25:00:00,   23.155216,    0.643375
2017-12-08 25:00:00,   22.633434,    0.644136
2017-12-09 25:00:00,   22.795985,    0.645119
2017-12-10 25:00:00,   22.997231,    0.645786
2017-12-11 25:00:00,   23.796634,    0.646818
2017-12-12 25:00:00,   25.064018,    0.649539
2017-12-13 25:00:00,   24.125621,    0.651257
2017-12-14 25:00:00,   23.869481,    0.653449
2017-12-15 25:00:00,   24.115257,    0.654349
2017-12-16 25:00:00,   24.383122,    0.656230
2017-12-17 25:00:00,   24.774310,    0.658772
2017-12-18 25:00:00,   24.784519,    0.660794
2017-12-19 25:00:00,   24.220886,    0.662228
2017-12-20 25:00:00,   22.189973,    0.656775
2017-12-21 25:00:00,   22.504460,    0.657849
2017-12-22 25:00:00,   22.465913,    0.658042
2017-12-23 25:00:00,   23.065366,    0.658606
2017-12-24 25:00:00,   26.877984,    0.659833
2017-12-25 25:00:00,   27.126441,    0.662430
2017-12-26 25:00:00,   27.022306,    0.666682
2017-12-27 25:00:00,   26.957386,    0.670118
2017-12-28 25:00:00,   26.538091,    0.671066
2017-12-29 25:00:00,   26.400925,    0.671065
2017-12-30 25:00:00,   26.635110,    0.673383
2017-12-31 25:00:00,   26.098265,    0.675227
2018-01-01 25:00:00,   26.542939,    0.677645
2018-01-02 25:00:00,   27.373045,    0.679634
2018-01-03 25:00:00,   27.324360,    0.679598
2018-01-04 25:00:00,   28.530940,    0.680438
2018-01-05 25:00:00,   27.775320,    0.671698
2018-01-06 25:00:00,   27.615362,    0.674244
2018-01-07 25:00:00,   27.031900,    0.675615
2018-01-08 25:00:00,   27.177497,    0.677610
2018-01-09 25:00:00,   27.633175,    0.679351
2018-01-10 25:00:00,   27.864675,    0.681989
2018-01-11 25:00:00,   28.049012,    0.683930
2018-01-12 25:00:00,   27.895443,    0.686055
2018-01-13 25:00:00,   27.748390,    0.687796
2018-01-14 25:00:00,   26.927130,    0.689055
2018-01-15 25:00:00,   26.396200,    0.688338
2018-01-16 25:00:00,   26.812689,    0.690359
2018-01-17 25:00:00,   26.743981,    0.683034
2018-01-18 25:00:00,   26.600922,    0.655032
2018-01-19 25:00:00,   26.388533,    0.657275
2018-01-20 25:00:00,   26.074081,    0.658820
2018-01-21 25:00:00,   25.522248,    0.659372
2018-01-22 25:00:00,   25.489179,    0.660083
2018-01-23 25:00:00,   25.275880,    0.661622
2018-01-24 25:00:00,   23.778422,    0.654906
2018-01-25 25:00:00,   24.331524,    0.656540
2018-01-26 25:00:00,   24.758735,    0.658329
2018-01-27 25:00:00,   26.036409,    0.659615
2018-01-28 25:00:00,   27.845564,    0.660594
2018-01-29 25:00:00,   29.133657,    0.662358
2018-01-30 25:00:00,   29.633273,    0.664860
2018-01-31 25:00:00,   27.431214,    0.665064
2018-02-01 25:00:00,   26.717817,    0.666566
2018-02-02 25:00:00,   26.814606,    0.668164
2018-02-03 25:00:00,   27.234227,    0.670882
2018-02-04 25:00:00,   27.102736,    0.673593
2018-02-05 25:00:00,   25.585734,    0.675448
2018-02-06 25:00:00,   24.686381,    0.676027
2018-02-07 25:00:00,   25.710568,    0.676049
2018-02-08 25:00:00,   26.973637,    0.677751
2018-02-09 25:00:00,   28.203197,    0.679974
2018-02-10 25:00:00,   28.195609,    0.683438
2018-02-11 25:00:00,   26.890541,    0.685092
2018-02-12 25:00:00,   26.104935,    0.686495
2018-02-13 25:00:00,   26.582822,    0.686894
2018-02-14 25:00:00,   27.233981,    0.688369
2018-02-15 25:00:00,   27.471038,    0.689844
2018-02-16 25:00:00,   27.640108,    0.690700
2018-02-17 25:00:00,   27.612673,    0.693131
2018-02-18 25:00:00,   28.221835,    0.694793
2018-02-19 25:00:00,   27.632743,    0.696628
2018-02-20 25:00:00,   25.640074,    0.696179
2018-02-21 25:00:00,   27.399662,    0.697375
2018-02-22 25:00:00,   27.063328,    0.699537
2018-02-23 25:00:00,   27.904880,    0.701073
2018-02-24 25:00:00,   28.128376,    0.702687
2018-02-25 25:00:00,   29.482987,    0.704355
2018-02-26 25:00:00,   30.812932,    0.705939
2018-02-27 25:00:00,   30.626914,    0.708524
2018-02-28 25:00:00,   30.409485,    0.710963
2018-03-01 25:00:00,   28.760693,    0.712018
2018-03-02 25:00:00,   28.561484,    0.714612
2018-03-03 25:00:00,   28.186731,    0.715218
2018-03-04 25:00:00,   28.532221,    0.716740
2018-03-05 25:00:00,   27.600922,    0.717820
2018-03-06 25:00:00,   26.658389,    0.717597
2018-03-07 25:00:00,   26.116390,    0.716919
2018-03-08 25:00:00,   25.544800,    0.718344
2018-03-09 25:00:00,   25.556153,    0.716524
2018-03-10 25:00:00,   25.672173,    0.717357
2018-03-11 25:00:00,   25.381911,    0.718242
2018-03-12 25:00:00,   24.479316,    0.719385
2018-03-13 25:00:00,   24.342128,    0.717771
2018-03-14 25:00:00,   25.218101,    0.718881
2018-03-15 25:00:00,   24.729330,    0.721157
2018-03-16 25:00:00,   25.088351,    0.723092
2018-03-17 25:00:00,   25.435877,    0.723366
2018-03-18 25:00:00,   26.329109,    0.725054
2018-03-19 25:00:00,   25.422855,    0.727092
2018-03-20 25:00:00,   24.471329,    0.727377
2018-03-21 25:00:00,   24.536863,    0.725731
2018-03-22 25:00:00,   25.180551,    0.726927
2018-03-23 25:00:00,   25.652473,    0.728243
2018-03-24 25:00:00,   25.864309,    0.729521
2018-03-25 25:00:00,   26.190641,    0.731379
2018-03-26 25:00:00,   26.250307,    0.733745
2018-03-27 25:00:00,   26.307594,    0.734332
2018-03-28 25:00:00,   25.978806,    0.735829
2018-03-29 25:00:00,   25.537201,    0.736723
2018-03-30 25:00:00,   25.356750,    0.737462
2018-03-31 25:00:00,   25.261491,    0.737309
2018-04-01 25:00:00,   24.786961,    0.738476
2018-04-02 25:00:00,   24.389759,    0.737210
2018-04-03 25:00:00,   24.297707,    0.738367
2018-04-04 25:00:00,   23.939870,    0.739107
2018-04-05 25:00:00,   24.497157,    0.739668
2018-04-06 25:00:00,   24.262595,    0.740426
2018-04-07 25:00:00,   23.128868,    0.737974
2018-04-08 25:00:00,   22.710926,    0.735264
2018-04-09 25:00:00,   21.848091,    0.732028
2018-04-10 25:00:00,   21.407869,    0.725913
2018-04-11 25:00:00,   21.647984,    0.709774
2018-04-12 25:00:00,   21.405391,    0.716980
2018-04-13 25:00:00,   21.969650,    0.717412
2018-04-14 25:00:00,   22.100722,    0.718357
2018-04-15 25:00:00,   21.966003,    0.719354
2018-04-16 25:00:00,   22.091544,    0.719827
2018-04-17 25:00:00,   21.474453,    0.719936
2018-04-18 25:00:00,   21.145228,    0.719014
2018-04-19 25:00:00,   20.942589,    0.718974
2018-04-20 25:00:00,   20.618963,    0.719531
2018-04-21 25:00:00,   20.931967,    0.720599
2018-04-22 25:00:00,   21.357839,    0.720233
2018-04-23 25:00:00,   22.110437,    0.720889
2018-04-24 25:00:00,   22.331446,    0.722021
2018-04-25 25:00:00,   22.779156,    0.722711
2018-04-26 25:00:00,   22.447833,    0.717269
2018-04-27 25:00:00,   20.880700,    0.716101
2018-04-28 25:00:00,   20.129844,    0.715160
2018-04-29 25:00:00,   20.034181,    0.714719
2018-04-30 25:00:00,   20.032080,    0.715012
2018-05-01 25:00:00,   20.194539,    0.715157
2018-05-02 25:00:00,   20.260008,    0.715719
2018-05-03 25:00:00,   20.202122,    0.715986
2018-05-04 25:00:00,   20.441836,    0.716804
2018-05-05 25:00:00,   20.037085,    0.717091
2018-05-06 25:00:00,   19.626965,    0.716612
2018-05-07 25:00:00,   19.280586,    0.714622
2018-05-08 25:00:00,   19.390405,    0.714852
2018-05-09 25:00:00,   18.950212,    0.715209
2018-05-10 25:00:00,   19.138783,    0.714145
2018-05-11 25:00:00,   18.866721,    0.714509
2018-05-12 25:00:00,   18.600595,    0.713600
2018-05-13 25:00:00,   18.275874,    0.712764
2018-05-14 25:00:00,   17.984291,    0.712964
2018-05-15 25:00:00,   17.496191,    0.711146
2018-05-16 25:00:00,   17.697801,    0.708269
2018-05-17 25:00:00,   17.632638,    0.691698
2018-05-18 25:00:00,   18.089813,    0.704129
2018-05-19 25:00:00,   17.772236,    0.704080
2018-05-20 25:00:00,   17.315150,    0.698312
2018-05-21 25:00:00,   17.226508,    0.698503
2018-05-22 25:00:00,   17.441950,    0.698718
2018-05-23 25:00:00,   17.858505,    0.698908
2018-05-24 25:00:00,   17.195902,    0.699104
2018-05-25 25:00:00,   16.837075,    0.698961
2018-05-26 25:00:00,   16.899561,    0.693897
2018-05-27 25:00:00,   17.034264,    0.688946
2018-05-28 25:00:00,   17.343452,    0.689230
2018-05-29 25:00:00,   16.815582,    0.688313
2018-05-30 25:00:00,   16.988295,    0.684736
2018-05-31 25:00:00,   17.077248,    0.684819
2018-06-01 25:00:00,   17.056858,    0.677289
2018-06-02 25:00:00,   16.936654,    0.679061
2018-06-03 25:00:00,   16.923528,    0.680729
2018-06-04 25:00:00,   16.358341,    0.681100
2018-06-05 25:00:00,   16.192078,    0.683263
2018-06-06 25:00:00,   16.031249,    0.685284
2018-06-07 25:00:00,   15.932016,    0.696112
2018-06-08 25:00:00,   15.714044,    0.696271
2018-06-09 25:00:00,   15.545300,    0.696565
2018-06-10 25:00:00,   15.275095,    0.696980
2018-06-11 25:00:00,   14.971885,    0.694995
2018-06-12 25:00:00,   14.796666,    0.692970
2018-06-13 25:00:00,   14.390095,    0.693534
2018-06-14 25:00:00,   14.096864,    0.692348
2018-06-15 25:00:00,   14.162623,    0.690820
2018-06-16 25:00:00,   14.676477,    0.691014
2018-06-17 25:00:00,   14.246090,    0.691139
2018-06-18 25:00:00,   14.260527,    0.690058
2018-06-19 25:00:00,   14.371044,    0.690268
2018-06-20 25:00:00,   14.560023,    0.690211
2018-06-21 25:00:00,   14.983733,    0.689992
2018-06-22 25:00:00,   14.689841,    0.689433
2018-06-23 25:00:00,   14.964282,    0.689257
2018-06-24 25:00:00,   15.170202,    0.682527
2018-06-25 25:00:00,   15.407633,    0.680322
2018-06-26 25:00:00,   15.634670,    0.682287
2018-06-27 25:00:00,   15.164725,    0.682220
2018-06-28 25:00:00,   14.997321,    0.669036
2018-06-29 25:00:00,   15.144258,    0.654375
2018-06-30 25:00:00,   14.651130,    0.658459
2018-07-01 25:00:00,   14.471292,    0.658160
2018-07-02 25:00:00,   14.149759,    0.657307
2018-07-03 25:00:00,   13.962595,    0.655991
2018-07-04 25:00:00,   14.052161,    0.651257
2018-07-05 25:00:00,   14.195469,    0.646420
2018-07-06 25:00:00,   14.157553,    0.646650
2018-07-07 25:00:00,   13.658086,    0.646633
2018-07-08 25:00:00,   13.487732,    0.646783
2018-07-09 25:00:00,   13.444166,    0.647035
2018-07-10 25:00:00,   13.155494,    0.646987
2018-07-11 25:00:00,   12.926320,    0.643910
2018-07-12 25:00:00,   13.544275,    0.644188
2018-07-13 25:00:00,   14.272362,    0.644455
2018-07-14 25:00:00,   14.155287,    0.644536
2018-07-15 25:00:00,   13.905414,    0.639189
2018-07-16 25:00:00,   14.290027,    0.639111
2018-07-17 25:00:00,   14.017081,    0.638866
2018-07-18 25:00:00,   14.051974,    0.639193
2018-07-19 25:00:00,   14.295224,    0.639109
2018-07-20 25:00:00,   13.969041,    0.620368
2018-07-21 25:00:00,   14.008275,    0.620904
2018-07-22 25:00:00,   13.845049,    0.612987
2018-07-23 25:00:00,   14.066245,    0.613886
2018-07-24 25:00:00,   14.119680,    0.615785
2018-07-25 25:00:00,   13.956541,    0.611291
2018-07-26 25:00:00,   14.632938,    0.611309
2018-07-27 25:00:00,   14.643800,    0.602149
2018-07-28 25:00:00,   15.050987,    0.597433
2018-07-29 25:00:00,   14.778625,    0.599669
2018-07-30 25:00:00,   15.010174,    0.597386
2018-07-31 25:00:00,   15.077998,    0.595555
2018-08-01 25:00:00,   15.350271,    0.593642
2018-08-02 25:00:00,   15.345636,    0.589853
2018-08-03 25:00:00,   14.876088,    0.591655
2018-08-04 25:00:00,   15.178282,    0.592255
2018-08-05 25:00:00,   14.876280,    0.592765
2018-08-06 25:00:00,   14.670503,    0.594252
2018-08-07 25:00:00,   15.253838,    0.592636
2018-08-08 25:00:00,   14.827514,    0.593325
2018-08-09 25:00:00,   15.325053,    0.593996
2018-08-10 25:00:00,   15.243270,    0.594212
2018-08-11 25:00:00,   15.226750,    0.594614
2018-08-12 25:00:00,   15.648104,    0.594398
2018-08-13 25:00:00,   16.051521,    0.569370
2018-08-14 25:00:00,   15.541671,    0.577633
2018-08-15 25:00:00,   14.875749,    0.580437
2018-08-16 25:00:00,   14.535156,    0.581013
2018-08-17 25:00:00,   14.899099,    0.581398
2018-08-18 25:00:00,   15.317805,    0.581934
2018-08-19 25:00:00,   15.701210,    0.581758
2018-08-20 25:00:00,   16.970843,    0.582207
2018-08-21 25:00:00,   17.150826,    0.570885
2018-08-22 25:00:00,   17.355363,    0.570059
2018-08-23 25:00:00,   16.910903,    0.569577
2018-08-24 25:00:00,   16.502066,    0.570627
2018-08-25 25:00:00,   16.839607,    0.571242
2018-08-26 25:00:00,   17.342762,    0.571241
2018-08-27 25:00:00,   17.535612,    0.572030
2018-08-28 25:00:00,   17.597758,    0.572363
2018-08-29 25:00:00,   18.052915,    0.572394
2018-08-30 25:00:00,   18.800477,    0.573069
2018-08-31 25:00:00,   19.732333,    0.573545
2018-09-01 25:00:00,   19.256575,    0.571356
2018-09-02 25:00:00,   17.790304,    0.570258
2018-09-03 25:00:00,   17.075291,    0.570711
2018-09-04 25:00:00,   17.017369,    0.570922
2018-09-05 25:00:00,   16.804981,    0.571965
2018-09-06 25:00:00,   16.728904,    0.572759
2018-09-07 25:00:00,   16.653194,    0.573529
2018-09-08 25:00:00,   16.551961,    0.574075
2018-09-09 25:00:00,   17.432165,    0.575330
2018-09-10 25:00:00,   17.490942,    0.575625
2018-09-11 25:00:00,   18.050777,    0.576219
2018-09-12 25:00:00,   18.570338,    0.576832
2018-09-13 25:00:00,   19.344179,    0.577644
2018-09-14 25:00:00,   20.058116,    0.577570
2018-09-15 25:00:00,   20.558342,    0.578659
2018-09-16 25:00:00,   19.799875,    0.579229
2018-09-17 25:00:00,   19.248597,    0.575507
2018-09-18 25:00:00,   17.924641,    0.562278
2018-09-19 25:00:00,   17.583174,    0.564096
2018-09-20 25:00:00,   18.236122,    0.564931
2018-09-21 25:00:00,   17.261979,    0.560003
2018-09-22 25:00:00,   16.907271,    0.561291
2018-09-23 25:00:00,   18.026826,    0.561509
2018-09-24 25:00:00,   18.707443,    0.562834
2018-09-25 25:00:00,   19.068994,    0.563241
2018-09-26 25:00:00,   17.806590,    0.563211
2018-09-27 25:00:00,   16.675657,    0.556281
2018-09-28 25:00:00,   17.721382,    0.556450
2018-09-29 25:00:00,   17.887477,    0.557327
2018-09-30 25:00:00,   17.855352,    0.558195
2018-10-01 25:00:00,   19.896470,    0.558683
2018-10-02 25:00:00,   19.247042,    0.550479
2018-10-03 25:00:00,   19.386450,    0.552484
2018-10-04 25:00:00,   20.474735,    0.553538
2018-10-05 25:00:00,   20.763598,    0.554049
2018-10-06 25:00:00,   21.180658,    0.554798
2018-10-07 25:00:00,   22.240371,    0.554968
2018-10-08 25:00:00,   23.096577,    0.556676
2018-10-09 25:00:00,   22.081742,    0.557534
2018-10-10 25:00:00,   22.789800,    0.558914
2018-10-11 25:00:00,   23.295949,    0.559783
2018-10-12 25:00:00,   23.172181,    0.560898
2018-10-13 25:00:00,   21.899661,    0.562306
2018-10-14 25:00:00,   21.766525,    0.562989
2018-10-15 25:00:00,   22.741956,    0.564040
2018-10-16 25:00:00,   22.785821,    0.565215
2018-10-17 25:00:00,   22.813413,    0.566245
2018-10-18 25:00:00,   21.827911,    0.559114
2018-10-19 25:00:00,   21.734324,    0.560742
2018-10-20 25:00:00,   21.734532,    0.561847
2018-10-21 25:00:00,   22.182470,    0.563045
2018-10-22 25:00:00,   21.931083,    0.563450
2018-10-23 25:00:00,   22.071405,    0.564390
2018-10-24 25:00:00,   21.565148,    0.564971
2018-10-25 25:00:00,   21.566221,    0.559935
2018-10-26 25:00:00,   21.699391,    0.559935
2018-10-27 25:00:00,   22.689031,    0.561016
2018-10-28 25:00:00,   22.426343,    0.562218
2018-10-29 25:00:00,   22.837145,    0.563987
2018-10-30 25:00:00,   23.077772,    0.565373
2018-10-31 25:00:00,   23.526042,    0.567052
2018-11-01 25:00:00,   24.117722,    0.567951
2018-11-02 25:00:00,   25.488025,    0.563530
2018-11-03 25:00:00,   24.950590,    0.565591
2018-11-04 25:00:00,   24.796506,    0.567912
2018-11-05 25:00:00,   22.935971,    0.559136
2018-11-06 25:00:00,   23.443477,    0.548215
2018-11-07 25:00:00,   22.280258,    0.553702
2018-11-08 25:00:00,   20.931682,    0.551707
2018-11-09 25:00:00,   21.948322,    0.554385
2018-11-10 25:00:00,   23.217192,    0.554540
2018-11-11 25:00:00,   22.785174,    0.556003
2018-11-12 25:00:00,   23.655969,    0.557497
2018-11-13 25:00:00,   23.946416,    0.559071
2018-11-14 25:00:00,   23.860885,    0.560041
2018-11-15 25:00:00,   23.691539,    0.561662
2018-11-16 25:00:00,   24.174520,    0.562903
2018-11-17 25:00:00,   23.611238,    0.562281
2018-11-18 25:00:00,   23.700831,    0.563855
2018-11-19 25:00:00,   23.548014,    0.565583
2018-11-20 25:00:00,   23.588822,    0.567181
2018-11-21 25:00:00,   23.669144,    0.568039
2018-11-22 25:00:00,   24.906338,    0.570141
2018-11-23 25:00:00,   25.562089,    0.572649
2018-11-24 25:00:00,   25.458270,    0.574527
2018-11-25 25:00:00,   25.462896,    0.575356
2018-11-26 25:00:00,   23.832699,    0.576547
2018-11-27 25:00:00,   23.093694,    0.578388
2018-11-28 25:00:00,   23.028506,    0.579504
2018-11-29 25:00:00,   22.845593,    0.581179
2018-11-30 25:00:00,   23.099357,    0.582534
2018-12-01 25:00:00,   23.747610,    0.584860
2018-12-02 25:00:00,   24.375681,    0.586958
2018-12-03 25:00:00,   25.107493,    0.589067
2018-12-04 25:00:00,   25.616043,    0.589781
2018-12-05 25:00:00,   26.348525,    0.591476
2018-12-06 25:00:00,   24.981707,    0.572317
2018-12-07 25:00:00,   24.929159,    0.572603
2018-12-08 25:00:00,   24.383842,    0.574250
2018-12-09 25:00:00,   25.009890,    0.575721
2018-12-10 25:00:00,   25.731652,    0.577118
2018-12-11 25:00:00,   26.528104,    0.579083
2018-12-12 25:00:00,   23.685572,    0.536166
2018-12-13 25:00:00,   22.634072,    0.540706
2018-12-14 25:00:00,   24.507618,    0.542272
2018-12-15 25:00:00,   23.570199,    0.543221
2018-12-16 25:00:00,   23.871684,    0.547656
2018-12-17 25:00:00,   25.371054,    0.549172
2018-12-18 25:00:00,   25.591362,    0.550517
2018-12-19 25:00:00,   25.847616,    0.552617
2018-12-20 25:00:00,   26.411931,    0.554217
2018-12-21 25:00:00,   26.560675,    0.555925
2018-12-22 25:00:00,   26.489937,    0.557724
2018-12-23 25:00:00,   26.104368,    0.559190
2018-12-24 25:00:00,   26.327799,    0.561022
2018-12-25 25:00:00,   26.207328,    0.562827
2018-12-26 25:00:00,   26.517228,    0.565041
2018-12-27 25:00:00,   26.632230,    0.567326
2018-12-28 25:00:00,   26.784854,    0.569044
2018-12-29 25:00:00,   27.943947,    0.570931
2018-12-30 25:00:00,   28.174532,    0.572985
2018-12-31 25:00:00,   27.781800,    0.574831
2019-01-01 25:00:00,   27.319338,    0.577025
2019-01-02 25:00:00,   27.025453,    0.577614
2019-01-03 25:00:00,   26.435852,    0.579456
2019-01-04 25:00:00,   26.894388,    0.581974
2019-01-05 25:00:00,   27.261219,    0.583228
2019-01-06 25:00:00,   26.239936,    0.584581
2019-01-07 25:00:00,   25.465015,    0.586175
2019-01-08 25:00:00,   25.142838,    0.586260
2019-01-09 25:00:00,   25.720438,    0.588472
2019-01-10 25:00:00,   26.345928,    0.590075
2019-01-11 25:00:00,   26.614352,    0.591984
2019-01-12 25:00:00,   27.770424,    0.594470
2019-01-13 25:00:00,   28.430446,    0.596532
2019-01-14 25:00:00,   28.993802,    0.596937
2019-01-15 25:00:00,   29.415977,    0.599368
2019-01-16 25:00:00,   27.460140,    0.601168
2019-01-17 25:00:00,   27.024868,    0.602876
2019-01-18 25:00:00,   27.327895,    0.603682
2019-01-19 25:00:00,   28.684213,    0.605048
2019-01-20 25:00:00,   29.496269,    0.604795
2019-01-21 25:00:00,   30.511437,    0.606243
2019-01-22 25:00:00,   29.671209,    0.608062
2019-01-23 25:00:00,   28.945338,    0.609707
2019-01-24 25:00:00,   29.899820,    0.609973
2019-01-25 25:00:00,   29.866994,    0.610972
2019-01-26 25:00:00,   30.382556,    0.610439
2019-01-27 25:00:00,   31.049976,    0.611935
2019-01-28 25:00:00,   31.170980,    0.613840
2019-01-29 25:00:00,   28.508919,    0.614898
2019-01-30 25:00:00,   27.398667,    0.615965
2019-01-31 25:00:00,   27.692033,    0.616517
2019-02-01 25:00:00,   27.478940,    0.617968
2019-02-02 25:00:00,   27.201512,    0.613173
2019-02-03 25:00:00,   26.468350,    0.615175
2019-02-04 25:00:00,   25.456671,    0.616561
2019-02-05 25:00:00,   25.393277,    0.616889
2019-02-06 25:00:00,   25.527725,    0.618396
2019-02-07 25:00:00,   25.739402,    0.619685
2019-02-08 25:00:00,   26.173338,    0.621686
2019-02-09 25:00:00,   26.620016,    0.622480
2019-02-10 25:00:00,   27.950041,    0.623774
2019-02-11 25:00:00,   27.863373,    0.625308
2019-02-12 25:00:00,   27.222715,    0.627070
2019-02-13 25:00:00,   27.654711,    0.627551
2019-02-14 25:00:00,   27.712826,    0.629108
2019-02-15 25:00:00,   27.295582,    0.629838
2019-02-16 25:00:00,   27.127105,    0.631020
2019-02-17 25:00:00,   27.120189,    0.632431
2019-02-18 25:00:00,   26.959584,    0.633260
2019-02-19 25:00:00,   27.174841,    0.634672
2019-02-20 25:00:00,   27.331502,    0.635782
2019-02-21 25:00:00,   28.123626,    0.637254
2019-02-22 25:00:00,   28.869597,    0.638777
2019-02-23 25:00:00,   27.897106,    0.640184
2019-02-24 25:00:00,   27.026437,    0.640688
2019-02-25 25:00:00,   26.380246,    0.641108
2019-02-26 25:00:00,   25.661329,    0.642150
2019-02-27 25:00:00,   25.575477,    0.642423
2019-02-28 25:00:00,   25.293588,    0.642979
2019-03-01 25:00:00,   24.986281,    0.644088
2019-03-02 25:00:00,   24.647108,    0.643973
2019-03-03 25:00:00,   24.550592,    0.644678
2019-03-04 25:00:00,   24.505400,    0.645948
2019-03-05 25:00:00,   25.482678,    0.646966
2019-03-06 25:00:00,   26.219014,    0.646965
2019-03-07 25:00:00,   26.405138,    0.650487
2019-03-08 25:00:00,   25.787448,    0.651041
2019-03-09 25:00:00,   25.523671,    0.651436
2019-03-10 25:00:00,   26.110653,    0.652486
2019-03-11 25:00:00,   26.706217,    0.653504
2019-03-12 25:00:00,   27.326677,    0.655234
2019-03-13 25:00:00,   27.094492,    0.655979
2019-03-14 25:00:00,   26.124072,    0.657694
2019-03-15 25:00:00,   25.255712,    0.657734
2019-03-16 25:00:00,   24.643879,    0.658185
2019-03-17 25:00:00,   24.368957,    0.658452
2019-03-18 25:00:00,   24.498648,    0.659412
2019-03-19 25:00:00,   24.838140,    0.660382
2019-03-20 25:00:00,   24.283315,    0.661635
2019-03-21 25:00:00,   23.905494,    0.662454
2019-03-22 25:00:00,   23.719345,    0.662898
2019-03-23 25:00:00,   23.392114,    0.663754
2019-03-24 25:00:00,   23.364393,    0.664847
2019-03-25 25:00:00,   23.626378,    0.665455
2019-03-26 25:00:00,   23.468347,    0.666106
2019-03-27 25:00:00,   23.665849,    0.666892
2019-03-28 25:00:00,   23.778652,    0.667718
2019-03-29 25:00:00,   23.669610,    0.667983
2019-03-30 25:00:00,   23.735990,    0.668388
2019-03-31 25:00:00,   22.879692,    0.667703
2019-04-01 25:00:00,   22.774839,    0.668088
2019-04-02 25:00:00,   22.470389,    0.668786
2019-04-03 25:00:00,   22.130171,    0.667284
2019-04-04 25:00:00,   22.353950,    0.667846
2019-04-05 25:00:00,   22.271470,    0.668110
2019-04-06 25:00:00,   21.667002,    0.668582
2019-04-07 25:00:00,   21.163014,    0.668549
2019-04-08 25:00:00,   21.682097,    0.669196
2019-04-09 25:00:00,   22.211747,    0.669711
2019-04-10 25:00:00,   22.617719,    0.669816
2019-04-11 25:00:00,   23.095384,    0.670353
2019-04-12 25:00:00,   23.093318,    0.671978
2019-04-13 25:00:00,   22.858522,    0.672431
2019-04-14 25:00:00,   22.731907,    0.673398
2019-04-15 25:00:00,   22.766695,    0.673725
2019-04-16 25:00:00,   23.121424,    0.674420
2019-04-17 25:00:00,   23.306728,    0.674974
2019-04-18 25:00:00,   22.686231,    0.675274
2019-04-19 25:00:00,   21.893939,    0.674453
2019-04-20 25:00:00,   21.664533,    0.674881
2019-04-21 25:00:00,   21.289715,    0.674901
2019-04-22 25:00:00,   21.122879,    0.674763
2019-04-23 25:00:00,   21.041270,    0.673405
2019-04-24 25:00:00,   20.885896,    0.673485
2019-04-25 25:00:00,   20.270785,    0.673733
2019-04-26 25:00:00,   19.808584,    0.673453
2019-04-27 25:00:00,   20.446637,    0.673099
2019-04-28 25:00:00,   19.905101,    0.674229
2019-04-29 25:00:00,   19.291361,    0.673873
2019-04-30 25:00:00,   19.535461,    0.669655
2019-05-01 25:00:00,   19.692818,    0.670678
2019-05-02 25:00:00,   19.341648,    0.671823
2019-05-03 25:00:00,   19.313003,    0.672542
2019-05-04 25:00:00,   19.992391,    0.672855
2019-05-05 25:00:00,   19.544623,    0.629009
2019-05-06 25:00:00,   19.670243,    0.637855
2019-05-07 25:00:00,   19.110302,    0.641117
2019-05-08 25:00:00,   18.486927,    0.646726
2019-05-09 25:00:00,   18.066735,    0.649099
2019-05-10 25:00:00,   18.467607,    0.642032
2019-05-11 25:00:00,   18.620220,    0.639413
2019-05-12 25:00:00,   18.509419,    0.642338
2019-05-13 25:00:00,   18.584589,    0.645352
2019-05-14 25:00:00,   18.307691,    0.645505
2019-05-15 25:00:00,   18.667858,    0.645771
2019-05-16 25:00:00,   18.610619,    0.645995
2019-05-17 25:00:00,   18.802351,    0.646299
2019-05-18 25:00:00,   18.405205,    0.646332
2019-05-19 25:00:00,   18.501881,    0.646432
2019-05-20 25:00:00,   18.635920,    0.646725
2019-05-21 25:00:00,   18.381632,    0.646912
2019-05-22 25:00:00,   18.298881,    0.647211
2019-05-23 25:00:00,   17.990040,    0.647459
2019-05-24 25:00:00,   17.830306,    0.648275
2019-05-25 25:00:00,   17.645712,    0.649280
2019-05-26 25:00:00,   17.239480,    0.650183
2019-05-27 25:00:00,   16.973686,    0.651356
2019-05-28 25:00:00,   17.277367,    0.652734
2019-05-29 25:00:00,   17.406846,    0.653033
2019-05-30 25:00:00,   16.923934,    0.653519
2019-05-31 25:00:00,   16.828618,    0.654835
2019-06-01 25:00:00,   16.499111,    0.649065
2019-06-02 25:00:00,   16.732268,    0.649436
2019-06-03 25:00:00,   17.161062,    0.649616
2019-06-04 25:00:00,   16.284676,    0.652061
2019-06-05 25:00:00,   16.290576,    0.654936
2019-06-06 25:00:00,   16.070727,    0.657748
2019-06-07 25:00:00,   15.619576,    0.664149
2019-06-08 25:00:00,   15.605341,    0.651010
2019-06-09 25:00:00,   16.462775,    0.646976
2019-06-10 25:00:00,   16.410132,    0.646994
2019-06-11 25:00:00,   15.860300,    0.656960
2019-06-12 25:00:00,   15.588329,    0.656268
2019-06-13 25:00:00,   15.396772,    0.652670
2019-06-14 25:00:00,   15.080446,    0.651809
2019-06-15 25:00:00,   14.850762,    0.648400
2019-06-16 25:00:00,   15.231902,    0.648493
2019-06-17 25:00:00,   15.211786,    0.648809
2019-06-18 25:00:00,   15.257245,    0.648817
2019-06-19 25:00:00,   15.585211,    0.649126
2019-06-20 25:00:00,   15.711962,    0.646390
2019-06-21 25:00:00,   15.181278,    0.643347
2019-06-22 25:00:00,   15.210021,    0.644370
2019-06-23 25:00:00,   15.228093,    0.646578
2019-06-24 25:00:00,   14.665140,    0.639015
2019-06-25 25:00:00,   14.666978,    0.632174
2019-06-26 25:00:00,   14.214712,    0.631896
2019-06-27 25:00:00,   14.007366,    0.628775
2019-06-28 25:00:00,   14.074180,    0.627752
2019-06-29 25:00:00,   14.077273,    0.627385
2019-06-30 25:00:00,   14.896639,    0.627645
2019-07-01 25:00:00,   14.628008,    0.628132
2019-07-02 25:00:00,   14.694297,    0.628387
2019-07-03 25:00:00,   14.751370,    0.628490
2019-07-04 25:00:00,   14.310535,    0.628849
2019-07-05 25:00:00,   14.304067,    0.629159
2019-07-06 25:00:00,   13.809054,    0.618999
2019-07-07 25:00:00,   13.964291,    0.608431
2019-07-08 25:00:00,   14.404309,    0.608853
2019-07-09 25:00:00,   13.907792,    0.609123
2019-07-10 25:00:00,   13.726384,    0.609303
2019-07-11 25:00:00,   13.468481,    0.601865
2019-07-12 25:00:00,   13.288487,    0.602078
2019-07-13 25:00:00,   13.401150,    0.602413
2019-07-14 25:00:00,   13.154919,    0.602397
2019-07-15 25:00:00,   13.662881,    0.602616
2019-07-16 25:00:00,   13.487804,    0.602723
2019-07-17 25:00:00,   13.327338,    0.599245
2019-07-18 25:00:00,   13.573840,    0.599876
2019-07-19 25:00:00,   13.568826,    0.599988
2019-07-20 25:00:00,   13.705175,    0.600650
2019-07-21 25:00:00,   13.825415,    0.595927
2019-07-22 25:00:00,   14.137623,    0.589933
2019-07-23 25:00:00,   14.270140,    0.590187
2019-07-24 25:00:00,   13.463108,    0.595441
2019-07-25 25:00:00,   13.558289,    0.595957
2019-07-26 25:00:00,   13.400657,    0.596017
2019-07-27 25:00:00,   14.026720,    0.596285
2019-07-28 25:00:00,   13.942102,    0.596591
2019-07-29 25:00:00,   14.071016,    0.596903
2019-07-30 25:00:00,   13.545788,    0.596929
2019-07-31 25:00:00,   13.492935,    0.597095
2019-08-01 25:00:00,   13.904559,    0.591394
2019-08-02 25:00:00,   13.925935,    0.588773
2019-08-03 25:00:00,   13.712467,    0.589481
2019-08-04 25:00:00,   14.014411,    0.588792
2019-08-05 25:00:00,   14.605304,    0.585683
2019-08-06 25:00:00,   14.744638,    0.585968
2019-08-07 25:00:00,   14.841928,    0.584264
2019-08-08 25:00:00,   14.711897,    0.580815
2019-08-09 25:00:00,   15.215793,    0.581282
2019-08-10 25:00:00,   15.270687,    0.582020
2019-08-11 25:00:00,   15.837694,    0.582237
2019-08-12 25:00:00,   16.127265,    0.582171
2019-08-13 25:00:00,   15.249398,    0.563889
2019-08-14 25:00:00,   15.411005,    0.566523
2019-08-15 25:00:00,   15.180932,    0.565056
2019-08-16 25:00:00,   15.764984,    0.566443
2019-08-17 25:00:00,   15.867439,    0.566899
2019-08-18 25:00:00,   15.408755,    0.567086
2019-08-19 25:00:00,   16.209763,    0.567397
2019-08-20 25:00:00,   16.233927,    0.567415
2019-08-21 25:00:00,   17.305533,    0.567699
2019-08-22 25:00:00,   16.514306,    0.564815
2019-08-23 25:00:00,   15.574872,    0.565364
2019-08-24 25:00:00,   15.783815,    0.565598
2019-08-25 25:00:00,   15.602866,    0.566040
2019-08-26 25:00:00,   16.490320,    0.566059
2019-08-27 25:00:00,   16.506958,    0.566611
2019-08-28 25:00:00,   17.029583,    0.566877
2019-08-29 25:00:00,   16.759450,    0.567158
2019-08-30 25:00:00,   17.482472,    0.567776
2019-08-31 25:00:00,   18.089174,    0.567636
2019-09-01 25:00:00,   17.110548,    0.564704
2019-09-02 25:00:00,   17.528713,    0.565770
2019-09-03 25:00:00,   17.692453,    0.566268
2019-09-04 25:00:00,   16.553639,    0.561595
2019-09-05 25:00:00,   15.319831,    0.558834
2019-09-06 25:00:00,   14.901372,    0.560186
2019-09-07 25:00:00,   15.250343,    0.561332
2019-09-08 25:00:00,   15.511106,    0.561657
2019-09-09 25:00:00,   16.692566,    0.562443
2019-09-10 25:00:00,   17.707867,    0.562626
2019-09-11 25:00:00,   19.255999,    0.563673
2019-09-12 25:00:00,   18.787707,    0.563725
2019-09-13 25:00:00,   17.935510,    0.564046
2019-09-14 25:00:00,   17.519834,    0.564047
2019-09-15 25:00:00,   17.889145,    0.564438
2019-09-16 25:00:00,   18.055947,    0.564799
2019-09-17 25:00:00,   19.332169,    0.566017
2019-09-18 25:00:00,   19.081516,    0.565734
2019-09-19 25:00:00,   19.429547,    0.556344
2019-09-20 25:00:00,   19.888363,    0.556914
2019-09-21 25:00:00,   19.512087,    0.557990
2019-09-22 25:00:00,   17.905503,    0.557274
2019-09-23 25:00:00,   17.105466,    0.557496
2019-09-24 25:00:00,   17.603428,    0.558218
2019-09-25 25:00:00,   17.470332,    0.558559
2019-09-26 25:00:00,   17.324838,    0.554240
2019-09-27 25:00:00,   16.616970,    0.553053
2019-09-28 25:00:00,   15.918629,    0.551831
2019-09-29 25:00:00,   17.162015,    0.552572
2019-09-30 25:00:00,   17.959894,    0.553388
2019-10-01 25:00:00,   18.811257,    0.553830
2019-10-02 25:00:00,   19.833216,    0.555219
2019-10-03 25:00:00,   19.592011,    0.554987
2019-10-04 25:00:00,   19.675970,    0.556302
2019-10-05 25:00:00,   19.941766,    0.556414
2019-10-06 25:00:00,   19.912651,    0.557219
2019-10-07 25:00:00,   20.524195,    0.558429
2019-10-08 25:00:00,   20.549476,    0.559178
2019-10-09 25:00:00,   20.977085,    0.560354
2019-10-10 25:00:00,   21.198177,    0.560994
2019-10-11 25:00:00,   21.282162,    0.562708
2019-10-12 25:00:00,   21.047898,    0.564045
2019-10-13 25:00:00,   21.468786,    0.564688
2019-10-14 25:00:00,   20.599487,    0.564319
2019-10-15 25:00:00,   19.962492,    0.565049
2019-10-16 25:00:00,   20.141717,    0.565708
2019-10-17 25:00:00,   20.308691,    0.566267
2019-10-18 25:00:00,   21.534823,    0.567316
2019-10-19 25:00:00,   22.975885,    0.568340
2019-10-20 25:00:00,   22.464281,    0.569244
2019-10-21 25:00:00,   22.882597,    0.569802
2019-10-22 25:00:00,   23.857586,    0.571244
2019-10-23 25:00:00,   22.433746,    0.571182
2019-10-24 25:00:00,   21.908947,    0.572415
2019-10-25 25:00:00,   21.684044,    0.571954
2019-10-26 25:00:00,   21.967422,    0.573564
2019-10-27 25:00:00,   22.104344,    0.574578
2019-10-28 25:00:00,   23.063763,    0.576421
2019-10-29 25:00:00,   23.737965,    0.577518
2019-10-30 25:00:00,   23.611700,    0.578740
2019-10-31 25:00:00,   22.468611,    0.578999
2019-11-01 25:00:00,   21.576967,    0.579764
2019-11-02 25:00:00,   21.298867,    0.580726
2019-11-03 25:00:00,   22.163457,    0.581828
2019-11-04 25:00:00,   21.653949,    0.582863
2019-11-05 25:00:00,   20.244178,    0.576877
2019-11-06 25:00:00,   19.635499,    0.575035
2019-11-07 25:00:00,   20.736129,    0.576020
2019-11-08 25:00:00,   21.337202,    0.576865
2019-11-09 25:00:00,   22.064174,    0.578265
2019-11-10 25:00:00,   23.222011,    0.579520
2019-11-11 25:00:00,   23.160443,    0.580867
2019-11-12 25:00:00,   22.513929,    0.581906
2019-11-13 25:00:00,   22.526020,    0.582875
2019-11-14 25:00:00,   22.602647,    0.584474
2019-11-15 25:00:00,   22.987400,    0.586206
2019-11-16 25:00:00,   23.500457,    0.587342
2019-11-17 25:00:00,   23.989496,    0.588480
2019-11-18 25:00:00,   24.741351,    0.590264
2019-11-19 25:00:00,   24.189861,    0.591984
2019-11-20 25:00:00,   24.645676,    0.592566
2019-11-21 25:00:00,   24.794881,    0.594825
2019-11-22 25:00:00,   25.273769,    0.596327
2019-11-23 25:00:00,   26.388296,    0.597783
2019-11-24 25:00:00,   25.362311,    0.598934
2019-11-25 25:00:00,   24.421076,    0.598139
2019-11-26 25:00:00,   24.884361,    0.599328
2019-11-27 25:00:00,   26.119550,    0.600970
2019-11-28 25:00:00,   25.130863,    0.602456
2019-11-29 25:00:00,   21.903311,    0.592982
2019-11-30 25:00:00,   20.181380,    0.590152
2019-12-01 25:00:00,   20.149533,    0.591493
2019-12-02 25:00:00,   21.098488,    0.592429
2019-12-03 25:00:00,   21.745679,    0.593349
2019-12-04 25:00:00,   23.395382,    0.595052
2019-12-05 25:00:00,   25.293723,    0.595950
2019-12-06 25:00:00,   26.063351,    0.599673
2019-12-07 25:00:00,   25.213299,    0.600261
2019-12-08 25:00:00,   24.143426,    0.600943
2019-12-09 25:00:00,   24.571421,    0.602745
2019-12-10 25:00:00,   25.402474,    0.604642
2019-12-11 25:00:00,   26.531724,    0.606382
2019-12-12 25:00:00,   27.104479,    0.606123
2019-12-13 25:00:00,   26.106294,    0.601960
2019-12-14 25:00:00,   25.202843,    0.596021
2019-12-15 25:00:00,   25.174496,    0.598182
2019-12-16 25:00:00,   25.598473,    0.600131
2019-12-17 25:00:00,   26.365182,    0.602238
2019-12-18 25:00:00,   27.021994,    0.604218
2019-12-19 25:00:00,   25.707462,    0.605404
2019-12-20 25:00:00,   25.695931,    0.606764
2019-12-21 25:00:00,   26.126279,    0.607808
2019-12-22 25:00:00,   25.832187,    0.609624
2019-12-23 25:00:00,   26.044467,    0.611160
2019-12-24 25:00:00,   26.253963,    0.613616
2019-12-25 25:00:00,   26.932258,    0.615202
2019-12-26 25:00:00,   27.228741,    0.615677
2019-12-27 25:00:00,   27.514893,    0.619027
2019-12-28 25:00:00,   28.895749,    0.620900
2019-12-29 25:00:00,   29.506448,    0.622141
2019-12-30 25:00:00,   29.223108,    0.623226
2019-12-31 25:00:00,   30.334091,    0.625613
2020-01-01 25:00:00,   31.208210,    0.627527
2020-01-02 25:00:00,   30.255442,    0.629431
2020-01-03 25:00:00,   29.995231,    0.630860
2020-01-04 25:00:00,   28.120446,    0.631368
2020-01-05 23:00:00,   27.297478,    0.631722
2020-01-05 25:00:00,   27.297478,    0.631722
