time,flow
2001-01-11,0.00362
2001-01-12,0.00354
2001-01-13,0.00347
2001-01-14,0.00339
2001-01-15,0.00332
2001-01-16,0.00325
2001-01-17,0.00318
2001-01-18,0.00312
2001-01-19,0.00305
2001-01-20,0.00299
2001-01-21,0.00293
2001-01-22,0.00287
2001-01-23,0.00281
2001-01-24,0.00276
2001-01-25,0.00270
2001-01-26,0.00265
2001-01-27,0.00260
2001-01-28,0.00256
2001-01-29,0.00251
2001-01-30,0.00247
2001-01-31,0.00242
2001-02-01,0.00241
2001-02-02,0.00237
2001-02-03,0.00233
2001-02-04,0.00229
2001-02-05,0.00226
2001-02-06,0.00223
2001-02-07,0.00220
2001-02-08,0.00217
2001-02-09,0.00215
2001-02-10,0.00212
2001-02-11,0.00210
2001-02-12,0.00208
2001-02-13,0.00206
2001-02-14,0.00205
2001-02-15,0.00204
2001-02-16,0.00202
2001-02-17,0.00202
2001-02-18,0.00201
2001-02-19,0.00200
2001-02-20,0.00200
2001-02-21,0.00200
2001-02-22,0.00200
2001-02-23,0.00200
2001-02-24,0.00201
2001-02-25,0.00202
2001-02-26,0.00203
2001-02-27,0.00204
2001-02-28,0.00205
2001-03-01,0.00212
2001-03-02,0.00214
2001-03-03,0.00216
2001-03-04,0.00219
2001-03-05,0.00222
2001-03-06,0.00225
2001-03-07,0.00228
2001-03-08,0.00232
2001-03-09,0.00235
2001-03-10,0.00239
2001-03-11,0.00243
2001-03-12,0.00248
2001-03-13,0.00252
2001-03-14,0.00257
2001-03-15,0.00262
2001-03-16,0.00267
2001-03-17,0.00272
2001-03-18,0.00277
2001-03-19,0.00283
2001-03-20,0.00289
2001-03-21,0.00295
2001-03-22,0.00301
2001-03-23,0.00307
2001-03-24,0.00313
2001-03-25,0.00320
2001-03-26,0.00327
2001-03-27,0.00334
2001-03-28,0.00341
2001-03-29,0.00348
2001-03-30,0.00356
2001-03-31,0.00364
2001-04-01,0.00367
2001-04-02,0.00375
2001-04-03,0.00383
2001-04-04,0.00391
2001-04-05,0.00400
2001-04-06,0.00408
2001-04-07,0.00417
2001-04-08,0.00425
2001-04-09,0.00434
2001-04-10,0.00443
2001-04-11,0.00453
2001-04-12,0.00462
2001-04-13,0.00471
2001-04-14,0.00481
2001-04-15,0.00491
2001-04-16,0.00501
2001-04-17,0.00510
2001-04-18,0.00521
2001-04-19,0.00531
2001-04-20,0.00541
2001-04-21,0.00551
2001-04-22,0.00562
2001-04-23,0.00572
2001-04-24,0.00583
2001-04-25,0.00594
2001-04-26,0.00605
2001-04-27,0.00616
2001-04-28,0.00627
2001-04-29,0.00638
2001-04-30,0.00649
2001-05-01,0.00665
2001-05-02,0.00677
2001-05-03,0.00688
2001-05-04,0.00700
2001-05-05,0.00711
2001-05-06,0.00723
2001-05-07,0.00735
2001-05-08,0.00746
2001-05-09,0.00758
2001-05-10,0.00770
2001-05-11,0.00782
2001-05-12,0.00794
2001-05-13,0.00806
2001-05-14,0.00818
2001-05-15,0.00829
2001-05-16,0.00841
2001-05-17,0.00853
2001-05-18,0.00866
2001-05-19,0.00878
2001-05-20,0.00890
2001-05-21,0.00902
2001-05-22,0.00914
2001-05-23,0.00926
2001-05-24,0.00938
2001-05-25,0.00950
2001-05-26,0.00962
2001-05-27,0.00974
2001-05-28,0.00986
2001-05-29,0.00998
2001-05-30,0.01010
2001-05-31,0.01021
2001-06-01,0.01027
2001-06-02,0.01038
2001-06-03,0.01050
2001-06-04,0.01062
2001-06-05,0.01074
2001-06-06,0.01085
2001-06-07,0.01097
2001-06-08,0.01108
2001-06-09,0.01120
2001-06-10,0.01131
2001-06-11,0.01143
2001-06-12,0.01154
2001-06-13,0.01165
2001-06-14,0.01176
2001-06-15,0.01187
2001-06-16,0.01198
2001-06-17,0.01209
2001-06-18,0.01220
2001-06-19,0.01230
2001-06-20,0.01241
2001-06-21,0.01251
2001-06-22,0.01262
2001-06-23,0.01272
2001-06-24,0.01282
2001-06-25,0.01292
2001-06-26,0.01302
2001-06-27,0.01312
2001-06-28,0.01322
2001-06-29,0.01331
2001-06-30,0.01341
2001-07-01,0.01354
2001-07-02,0.01363
2001-07-03,0.01372
2001-07-04,0.01381
2001-07-05,0.01389
2001-07-06,0.01398
2001-07-07,0.01406
2001-07-08,0.01415
2001-07-09,0.01423
2001-07-10,0.01431
2001-07-11,0.01438
2001-07-12,0.01446
2001-07-13,0.01454
2001-07-14,0.01461
2001-07-15,0.01468
2001-07-16,0.01475
2001-07-17,0.01482
2001-07-18,0.01488
2001-07-19,0.01495
2001-07-20,0.01501
2001-07-21,0.01507
2001-07-22,0.01513
2001-07-23,0.01519
2001-07-24,0.01524
2001-07-25,0.01530
2001-07-26,0.01535
2001-07-27,0.01540
2001-07-28,0.01545
2001-07-29,0.01549
2001-07-30,0.01554
2001-07-31,0.01558
2001-08-01,0.01560
2001-08-02,0.01563
2001-08-03,0.01567
2001-08-04,0.01571
2001-08-05,0.01574
2001-08-06,0.01577
2001-08-07,0.01580
2001-08-08,0.01583
2001-08-09,0.01585
2001-08-10,0.01588
2001-08-11,0.01590
2001-08-12,0.01592
2001-08-13,0.01594
2001-08-14,0.01595
2001-08-15,0.01596
2001-08-16,0.01598
2001-08-17,0.01598
2001-08-18,0.01599
2001-08-19,0.01600
2001-08-20,0.01600
2001-08-21,0.01600
2001-08-22,0.01600
2001-08-23,0.01600
2001-08-24,0.01599
2001-08-25,0.01598
2001-08-26,0.01597
2001-08-27,0.01596
2001-08-28,0.01595
2001-08-29,0.01593
2001-08-30,0.01591
2001-08-31,0.01589
2001-09-01,0.01588
2001-09-02,0.01586
2001-09-03,0.01584
2001-09-04,0.01581
2001-09-05,0.01578
2001-09-06,0.01575
2001-09-07,0.01572
2001-09-08,0.01568
2001-09-09,0.01565
2001-09-10,0.01561
2001-09-11,0.01557
2001-09-12,0.01552
2001-09-13,0.01548
2001-09-14,0.01543
2001-09-15,0.01538
2001-09-16,0.01533
2001-09-17,0.01528
2001-09-18,0.01523
2001-09-19,0.01517
2001-09-20,0.01511
2001-09-21,0.01505
2001-09-22,0.01499
2001-09-23,0.01493
2001-09-24,0.01486
2001-09-25,0.01480
2001-09-26,0.01473
2001-09-27,0.01466
2001-09-28,0.01459
2001-09-29,0.01451
2001-09-30,0.01444
2001-10-01,0.01433
2001-10-02,0.01425
2001-10-03,0.01417
2001-10-04,0.01409
2001-10-05,0.01400
2001-10-06,0.01392
2001-10-07,0.01383
2001-10-08,0.01374
2001-10-09,0.01365
2001-10-10,0.01356
2001-10-11,0.01347
2001-10-12,0.01338
2001-10-13,0.01328
2001-10-14,0.01319
2001-10-15,0.01309
2001-10-16,0.01299
2001-10-17,0.01289
2001-10-18,0.01279
2001-10-19,0.01269
2001-10-20,0.01259
2001-10-21,0.01248
2001-10-22,0.01238
2001-10-23,0.01227
2001-10-24,0.01217
2001-10-25,0.01206
2001-10-26,0.01195
2001-10-27,0.01184
2001-10-28,0.01173
2001-10-29,0.01162
2001-10-30,0.01151
2001-10-31,0.01139
2001-11-01,0.01134
2001-11-02,0.01123
2001-11-03,0.01112
2001-11-04,0.01100
2001-11-05,0.01089
2001-11-06,0.01077
2001-11-07,0.01065
2001-11-08,0.01053
2001-11-09,0.01042
2001-11-10,0.01030
2001-11-11,0.01018
2001-11-12,0.01006
2001-11-13,0.00994
2001-11-14,0.00982
2001-11-15,0.00970
2001-11-16,0.00958
2001-11-17,0.00946
2001-11-18,0.00934
2001-11-19,0.00922
2001-11-20,0.00910
2001-11-21,0.00898
2001-11-22,0.00886
2001-11-23,0.00874
2001-11-24,0.00862
2001-11-25,0.00850
2001-11-26,0.00838
2001-11-27,0.00826
2001-11-28,0.00814
2001-11-29,0.00802
2001-11-30,0.00790
2001-12-01,0.00773
2001-12-02,0.00761
2001-12-03,0.00750
2001-12-04,0.00738
2001-12-05,0.00726
2001-12-06,0.00715
2001-12-07,0.00703
2001-12-08,0.00691
2001-12-09,0.00680
2001-12-10,0.00669
2001-12-11,0.00657
2001-12-12,0.00646
2001-12-13,0.00635
2001-12-14,0.00624
2001-12-15,0.00613
2001-12-16,0.00602
2001-12-17,0.00591
2001-12-18,0.00580
2001-12-19,0.00569
2001-12-20,0.00559
2001-12-21,0.00548
2001-12-22,0.00538
2001-12-23,0.00528
2001-12-24,0.00518
2001-12-25,0.00508
2001-12-26,0.00498
2001-12-27,0.00488
2001-12-28,0.00478
2001-12-29,0.00469
2001-12-30,0.00459
2001-12-31,0.00450
2002-01-01,0.00446
2002-01-02,0.00437
2002-01-03,0.00428
2002-01-04,0.00419
2002-01-05,0.00411
2002-01-06,0.00402
2002-01-07,0.00394
2002-01-08,0.00385
2002-01-09,0.00377
2002-01-10,0.00369
2002-01-11,0.00362
2002-01-12,0.00354
2002-01-13,0.00347
2002-01-14,0.00339
2002-01-15,0.00332
2002-01-16,0.00325
2002-01-17,0.00318
2002-01-18,0.00312
2002-01-19,0.00305
2002-01-20,0.00299
2002-01-21,0.00293
2002-01-22,0.00287
2002-01-23,0.00281
2002-01-24,0.00276
2002-01-25,0.00270
2002-01-26,0.00265
2002-01-27,0.00260
2002-01-28,0.00256
2002-01-29,0.00251
2002-01-30,0.00247
2002-01-31,0.00242
2002-02-01,0.00241
2002-02-02,0.00237
2002-02-03,0.00233
2002-02-04,0.00229
2002-02-05,0.00226
2002-02-06,0.00223
2002-02-07,0.00220
2002-02-08,0.00217
2002-02-09,0.00215
2002-02-10,0.00212
2002-02-11,0.00210
2002-02-12,0.00208
2002-02-13,0.00206
2002-02-14,0.00205
2002-02-15,0.00204
2002-02-16,0.00202
2002-02-17,0.00202
2002-02-18,0.00201
2002-02-19,0.00200
2002-02-20,0.00200
2002-02-21,0.00200
2002-02-22,0.00200
2002-02-23,0.00200
2002-02-24,0.00201
2002-02-25,0.00202
2002-02-26,0.00203
2002-02-27,0.00204
2002-02-28,0.00205
2002-03-01,0.00212
2002-03-02,0.00214
2002-03-03,0.00216
2002-03-04,0.00219
2002-03-05,0.00222
2002-03-06,0.00225
2002-03-07,0.00228
2002-03-08,0.00232
2002-03-09,0.00235
2002-03-10,0.00239
2002-03-11,0.00243
2002-03-12,0.00248
2002-03-13,0.00252
2002-03-14,0.00257
2002-03-15,0.00262
2002-03-16,0.00267
2002-03-17,0.00272
2002-03-18,0.00277
2002-03-19,0.00283
2002-03-20,0.00289
2002-03-21,0.00295
2002-03-22,0.00301
2002-03-23,0.00307
2002-03-24,0.00313
2002-03-25,0.00320
2002-03-26,0.00327
2002-03-27,0.00334
2002-03-28,0.00341
2002-03-29,0.00348
2002-03-30,0.00356
2002-03-31,0.00364
2002-04-01,0.00367
2002-04-02,0.00375
2002-04-03,0.00383
2002-04-04,0.00391
2002-04-05,0.00400
2002-04-06,0.00408
2002-04-07,0.00417
2002-04-08,0.00425
2002-04-09,0.00434
2002-04-10,0.00443
2002-04-11,0.00453
2002-04-12,0.00462
2002-04-13,0.00471
2002-04-14,0.00481
2002-04-15,0.00491
2002-04-16,0.00501
2002-04-17,0.00510
2002-04-18,0.00521
2002-04-19,0.00531
2002-04-20,0.00541
2002-04-21,0.00551
2002-04-22,0.00562
2002-04-23,0.00572
2002-04-24,0.00583
2002-04-25,0.00594
2002-04-26,0.00605
2002-04-27,0.00616
2002-04-28,0.00627
2002-04-29,0.00638
2002-04-30,0.00649
2002-05-01,0.00665
2002-05-02,0.00677
2002-05-03,0.00688
2002-05-04,0.00700
2002-05-05,0.00711
2002-05-06,0.00723
2002-05-07,0.00735
2002-05-08,0.00746
2002-05-09,0.00758
2002-05-10,0.00770
2002-05-11,0.00782
2002-05-12,0.00794
2002-05-13,0.00806
2002-05-14,0.00818
2002-05-15,0.00829
2002-05-16,0.00841
2002-05-17,0.00853
2002-05-18,0.00866
2002-05-19,0.00878
2002-05-20,0.00890
2002-05-21,0.00902
2002-05-22,0.00914
2002-05-23,0.00926
2002-05-24,0.00938
2002-05-25,0.00950
2002-05-26,0.00962
2002-05-27,0.00974
2002-05-28,0.00986
2002-05-29,0.00998
2002-05-30,0.01010
2002-05-31,0.01021
2002-06-01,0.01027
2002-06-02,0.01038
2002-06-03,0.01050
2002-06-04,0.01062
2002-06-05,0.01074
2002-06-06,0.01085
2002-06-07,0.01097
2002-06-08,0.01108
2002-06-09,0.01120
2002-06-10,0.01131
2002-06-11,0.01143
2002-06-12,0.01154
2002-06-13,0.01165
2002-06-14,0.01176
2002-06-15,0.01187
2002-06-16,0.01198
2002-06-17,0.01209
2002-06-18,0.01220
2002-06-19,0.01230
2002-06-20,0.01241
2002-06-21,0.01251
2002-06-22,0.01262
2002-06-23,0.01272
2002-06-24,0.01282
2002-06-25,0.01292
2002-06-26,0.01302
2002-06-27,0.01312
2002-06-28,0.01322
2002-06-29,0.01331
2002-06-30,0.01341
2002-07-01,0.01354
2002-07-02,0.01363
2002-07-03,0.01372
2002-07-04,0.01381
2002-07-05,0.01389
2002-07-06,0.01398
2002-07-07,0.01406
2002-07-08,0.01415
2002-07-09,0.01423
2002-07-10,0.01431
2002-07-11,0.01438
2002-07-12,0.01446
2002-07-13,0.01454
2002-07-14,0.01461
2002-07-15,0.01468
2002-07-16,0.01475
2002-07-17,0.01482
2002-07-18,0.01488
2002-07-19,0.01495
2002-07-20,0.01501
2002-07-21,0.01507
2002-07-22,0.01513
2002-07-23,0.01519
2002-07-24,0.01524
2002-07-25,0.01530
2002-07-26,0.01535
2002-07-27,0.01540
2002-07-28,0.01545
2002-07-29,0.01549
2002-07-30,0.01554
2002-07-31,0.01558
2002-08-01,0.01560
2002-08-02,0.01563
2002-08-03,0.01567
2002-08-04,0.01571
2002-08-05,0.01574
2002-08-06,0.01577
2002-08-07,0.01580
2002-08-08,0.01583
2002-08-09,0.01585
2002-08-10,0.01588
2002-08-11,0.01590
2002-08-12,0.01592
2002-08-13,0.01594
2002-08-14,0.01595
2002-08-15,0.01596
2002-08-16,0.01598
2002-08-17,0.01598
2002-08-18,0.01599
2002-08-19,0.01600
2002-08-20,0.01600
2002-08-21,0.01600
2002-08-22,0.01600
2002-08-23,0.01600
2002-08-24,0.01599
2002-08-25,0.01598
2002-08-26,0.01597
2002-08-27,0.01596
2002-08-28,0.01595
2002-08-29,0.01593
2002-08-30,0.01591
2002-08-31,0.01589
2002-09-01,0.01588
2002-09-02,0.01586
2002-09-03,0.01584
2002-09-04,0.01581
2002-09-05,0.01578
2002-09-06,0.01575
2002-09-07,0.01572
2002-09-08,0.01568
2002-09-09,0.01565
2002-09-10,0.01561
2002-09-11,0.01557
2002-09-12,0.01552
2002-09-13,0.01548
2002-09-14,0.01543
2002-09-15,0.01538
2002-09-16,0.01533
2002-09-17,0.01528
2002-09-18,0.01523
2002-09-19,0.01517
2002-09-20,0.01511
2002-09-21,0.01505
2002-09-22,0.01499
2002-09-23,0.01493
2002-09-24,0.01486
2002-09-25,0.01480
2002-09-26,0.01473
2002-09-27,0.01466
2002-09-28,0.01459
2002-09-29,0.01451
2002-09-30,0.01444
2002-10-01,0.01433
2002-10-02,0.01425
2002-10-03,0.01417
2002-10-04,0.01409
2002-10-05,0.01400
2002-10-06,0.01392
2002-10-07,0.01383
2002-10-08,0.01374
2002-10-09,0.01365
2002-10-10,0.01356
2002-10-11,0.01347
2002-10-12,0.01338
2002-10-13,0.01328
2002-10-14,0.01319
2002-10-15,0.01309
2002-10-16,0.01299
2002-10-17,0.01289
2002-10-18,0.01279
2002-10-19,0.01269
2002-10-20,0.01259
2002-10-21,0.01248
2002-10-22,0.01238
2002-10-23,0.01227
2002-10-24,0.01217
2002-10-25,0.01206
2002-10-26,0.01195
2002-10-27,0.01184
2002-10-28,0.01173
2002-10-29,0.01162
2002-10-30,0.01151
2002-10-31,0.01139
2002-11-01,0.01134
2002-11-02,0.01123
2002-11-03,0.01112
2002-11-04,0.01100
2002-11-05,0.01089
2002-11-06,0.01077
2002-11-07,0.01065
2002-11-08,0.01053
2002-11-09,0.01042
2002-11-10,0.01030
2002-11-11,0.01018
2002-11-12,0.01006
2002-11-13,0.00994
2002-11-14,0.00982
2002-11-15,0.00970
2002-11-16,0.00958
2002-11-17,0.00946
2002-11-18,0.00934
2002-11-19,0.00922
2002-11-20,0.00910
2002-11-21,0.00898
2002-11-22,0.00886
2002-11-23,0.00874
2002-11-24,0.00862
2002-11-25,0.00850
2002-11-26,0.00838
2002-11-27,0.00826
2002-11-28,0.00814
2002-11-29,0.00802
2002-11-30,0.00790
2002-12-01,0.00773
2002-12-02,0.00761
2002-12-03,0.00750
2002-12-04,0.00738
2002-12-05,0.00726
2002-12-06,0.00715
2002-12-07,0.00703
2002-12-08,0.00691
2002-12-09,0.00680
2002-12-10,0.00669
2002-12-11,0.00657
2002-12-12,0.00646
2002-12-13,0.00635
2002-12-14,0.00624
2002-12-15,0.00613
2002-12-16,0.00602
2002-12-17,0.00591
2002-12-18,0.00580
2002-12-19,0.00569
2002-12-20,0.00559
2002-12-21,0.00548
2002-12-22,0.00538
2002-12-23,0.00528
2002-12-24,0.00518
2002-12-25,0.00508
2002-12-26,0.00498
2002-12-27,0.00488
2002-12-28,0.00478
2002-12-29,0.00469
2002-12-30,0.00459
2002-12-31,0.00450
2003-01-01,0.00446
2003-01-02,0.00437
2003-01-03,0.00428
2003-01-04,0.00419
2003-01-05,0.00411
2003-01-06,0.00402
2003-01-07,0.00394
2003-01-08,0.00385
2003-01-09,0.00377
2003-01-10,0.00369
2003-01-11,0.00362
2003-01-12,0.00354
2003-01-13,0.00347
2003-01-14,0.00339
2003-01-15,0.00332
2003-01-16,0.00325
2003-01-17,0.00318
2003-01-18,0.00312
2003-01-19,0.00305
2003-01-20,0.00299
2003-01-21,0.00293
2003-01-22,0.00287
2003-01-23,0.00281
2003-01-24,0.00276
2003-01-25,0.00270
2003-01-26,0.00265
2003-01-27,0.00260
2003-01-28,0.00256
2003-01-29,0.00251
2003-01-30,0.00247
2003-01-31,0.00242
2003-02-01,0.00241
2003-02-02,0.00237
2003-02-03,0.00233
2003-02-04,0.00229
2003-02-05,0.00226
2003-02-06,0.00223
2003-02-07,0.00220
2003-02-08,0.00217
2003-02-09,0.00215
2003-02-10,0.00212
2003-02-11,0.00210
2003-02-12,0.00208
2003-02-13,0.00206
2003-02-14,0.00205
2003-02-15,0.00204
2003-02-16,0.00202
2003-02-17,0.00202
2003-02-18,0.00201
2003-02-19,0.00200
2003-02-20,0.00200
2003-02-21,0.00200
2003-02-22,0.00200
2003-02-23,0.00200
2003-02-24,0.00201
2003-02-25,0.00202
2003-02-26,0.00203
2003-02-27,0.00204
2003-02-28,0.00205
2003-03-01,0.00212
2003-03-02,0.00214
2003-03-03,0.00216
2003-03-04,0.00219
2003-03-05,0.00222
2003-03-06,0.00225
2003-03-07,0.00228
2003-03-08,0.00232
2003-03-09,0.00235
2003-03-10,0.00239
2003-03-11,0.00243
2003-03-12,0.00248
2003-03-13,0.00252
2003-03-14,0.00257
2003-03-15,0.00262
2003-03-16,0.00267
2003-03-17,0.00272
2003-03-18,0.00277
2003-03-19,0.00283
2003-03-20,0.00289
2003-03-21,0.00295
2003-03-22,0.00301
2003-03-23,0.00307
2003-03-24,0.00313
2003-03-25,0.00320
2003-03-26,0.00327
2003-03-27,0.00334
2003-03-28,0.00341
2003-03-29,0.00348
2003-03-30,0.00356
2003-03-31,0.00364
2003-04-01,0.00367
2003-04-02,0.00375
2003-04-03,0.00383
2003-04-04,0.00391
2003-04-05,0.00400
2003-04-06,0.00408
2003-04-07,0.00417
2003-04-08,0.00425
2003-04-09,0.00434
2003-04-10,0.00443
2003-04-11,0.00453
2003-04-12,0.00462
2003-04-13,0.00471
2003-04-14,0.00481
2003-04-15,0.00491
2003-04-16,0.00501
2003-04-17,0.00510
2003-04-18,0.00521
2003-04-19,0.00531
2003-04-20,0.00541
2003-04-21,0.00551
2003-04-22,0.00562
2003-04-23,0.00572
2003-04-24,0.00583
2003-04-25,0.00594
2003-04-26,0.00605
2003-04-27,0.00616
2003-04-28,0.00627
2003-04-29,0.00638
2003-04-30,0.00649
2003-05-01,0.00665
2003-05-02,0.00677
2003-05-03,0.00688
2003-05-04,0.00700
2003-05-05,0.00711
2003-05-06,0.00723
2003-05-07,0.00735
2003-05-08,0.00746
2003-05-09,0.00758
2003-05-10,0.00770
2003-05-11,0.00782
2003-05-12,0.00794
2003-05-13,0.00806
2003-05-14,0.00818
2003-05-15,0.00829
2003-05-16,0.00841
2003-05-17,0.00853
2003-05-18,0.00866
2003-05-19,0.00878
2003-05-20,0.00890
2003-05-21,0.00902
2003-05-22,0.00914
2003-05-23,0.00926
2003-05-24,0.00938
2003-05-25,0.00950
2003-05-26,0.00962
2003-05-27,0.00974
2003-05-28,0.00986
2003-05-29,0.00998
2003-05-30,0.01010
2003-05-31,0.01021
2003-06-01,0.01027
2003-06-02,0.01038
2003-06-03,0.01050
2003-06-04,0.01062
2003-06-05,0.01074
2003-06-06,0.01085
2003-06-07,0.01097
2003-06-08,0.01108
2003-06-09,0.01120
2003-06-10,0.01131
2003-06-11,0.01143
2003-06-12,0.01154
2003-06-13,0.01165
2003-06-14,0.01176
2003-06-15,0.01187
2003-06-16,0.01198
2003-06-17,0.01209
2003-06-18,0.01220
2003-06-19,0.01230
2003-06-20,0.01241
2003-06-21,0.01251
2003-06-22,0.01262
2003-06-23,0.01272
2003-06-24,0.01282
2003-06-25,0.01292
2003-06-26,0.01302
2003-06-27,0.01312
2003-06-28,0.01322
2003-06-29,0.01331
2003-06-30,0.01341
2003-07-01,0.01354
2003-07-02,0.01363
2003-07-03,0.01372
2003-07-04,0.01381
2003-07-05,0.01389
2003-07-06,0.01398
2003-07-07,0.01406
2003-07-08,0.01415
2003-07-09,0.01423
2003-07-10,0.01431
2003-07-11,0.01438
2003-07-12,0.01446
2003-07-13,0.01454
2003-07-14,0.01461
2003-07-15,0.01468
2003-07-16,0.01475
2003-07-17,0.01482
2003-07-18,0.01488
2003-07-19,0.01495
2003-07-20,0.01501
2003-07-21,0.01507
2003-07-22,0.01513
2003-07-23,0.01519
2003-07-24,0.01524
2003-07-25,0.01530
2003-07-26,0.01535
2003-07-27,0.01540
2003-07-28,0.01545
2003-07-29,0.01549
2003-07-30,0.01554
2003-07-31,0.01558
2003-08-01,0.01560
2003-08-02,0.01563
2003-08-03,0.01567
2003-08-04,0.01571
2003-08-05,0.01574
2003-08-06,0.01577
2003-08-07,0.01580
2003-08-08,0.01583
2003-08-09,0.01585
2003-08-10,0.01588
2003-08-11,0.01590
2003-08-12,0.01592
2003-08-13,0.01594
2003-08-14,0.01595
2003-08-15,0.01596
2003-08-16,0.01598
2003-08-17,0.01598
2003-08-18,0.01599
2003-08-19,0.01600
2003-08-20,0.01600
2003-08-21,0.01600
2003-08-22,0.01600
2003-08-23,0.01600
2003-08-24,0.01599
2003-08-25,0.01598
2003-08-26,0.01597
2003-08-27,0.01596
2003-08-28,0.01595
2003-08-29,0.01593
2003-08-30,0.01591
2003-08-31,0.01589
2003-09-01,0.01588
2003-09-02,0.01586
2003-09-03,0.01584
2003-09-04,0.01581
2003-09-05,0.01578
2003-09-06,0.01575
2003-09-07,0.01572
2003-09-08,0.01568
2003-09-09,0.01565
2003-09-10,0.01561
2003-09-11,0.01557
2003-09-12,0.01552
2003-09-13,0.01548
2003-09-14,0.01543
2003-09-15,0.01538
2003-09-16,0.01533
2003-09-17,0.01528
2003-09-18,0.01523
2003-09-19,0.01517
2003-09-20,0.01511
2003-09-21,0.01505
2003-09-22,0.01499
2003-09-23,0.01493
2003-09-24,0.01486
2003-09-25,0.01480
2003-09-26,0.01473
2003-09-27,0.01466
2003-09-28,0.01459
2003-09-29,0.01451
2003-09-30,0.01444
2003-10-01,0.01433
2003-10-02,0.01425
2003-10-03,0.01417
2003-10-04,0.01409
2003-10-05,0.01400
2003-10-06,0.01392
2003-10-07,0.01383
2003-10-08,0.01374
2003-10-09,0.01365
2003-10-10,0.01356
2003-10-11,0.01347
2003-10-12,0.01338
2003-10-13,0.01328
2003-10-14,0.01319
2003-10-15,0.01309
2003-10-16,0.01299
2003-10-17,0.01289
2003-10-18,0.01279
2003-10-19,0.01269
2003-10-20,0.01259
2003-10-21,0.01248
2003-10-22,0.01238
2003-10-23,0.01227
2003-10-24,0.01217
2003-10-25,0.01206
2003-10-26,0.01195
2003-10-27,0.01184
2003-10-28,0.01173
2003-10-29,0.01162
2003-10-30,0.01151
2003-10-31,0.01139
2003-11-01,0.01134
2003-11-02,0.01123
2003-11-03,0.01112
2003-11-04,0.01100
2003-11-05,0.01089
2003-11-06,0.01077
2003-11-07,0.01065
2003-11-08,0.01053
2003-11-09,0.01042
2003-11-10,0.01030
2003-11-11,0.01018
2003-11-12,0.01006
2003-11-13,0.00994
2003-11-14,0.00982
2003-11-15,0.00970
2003-11-16,0.00958
2003-11-17,0.00946
2003-11-18,0.00934
2003-11-19,0.00922
2003-11-20,0.00910
2003-11-21,0.00898
2003-11-22,0.00886
2003-11-23,0.00874
2003-11-24,0.00862
2003-11-25,0.00850
2003-11-26,0.00838
2003-11-27,0.00826
2003-11-28,0.00814
2003-11-29,0.00802
2003-11-30,0.00790
2003-12-01,0.00773
2003-12-02,0.00761
2003-12-03,0.00750
2003-12-04,0.00738
2003-12-05,0.00726
2003-12-06,0.00715
2003-12-07,0.00703
2003-12-08,0.00691
2003-12-09,0.00680
2003-12-10,0.00669
2003-12-11,0.00657
2003-12-12,0.00646
2003-12-13,0.00635
2003-12-14,0.00624
2003-12-15,0.00613
2003-12-16,0.00602
2003-12-17,0.00591
2003-12-18,0.00580
2003-12-19,0.00569
2003-12-20,0.00559
2003-12-21,0.00548
2003-12-22,0.00538
2003-12-23,0.00528
2003-12-24,0.00518
2003-12-25,0.00508
2003-12-26,0.00498
2003-12-27,0.00488
2003-12-28,0.00478
2003-12-29,0.00469
2003-12-30,0.00459
2003-12-31,0.00450
2004-01-01,0.00446
2004-01-02,0.00437
2004-01-03,0.00428
2004-01-04,0.00419
2004-01-05,0.00411
2004-01-06,0.00402
2004-01-07,0.00394
2004-01-08,0.00385
2004-01-09,0.00377
2004-01-10,0.00369
2004-01-11,0.00362
2004-01-12,0.00354
2004-01-13,0.00347
2004-01-14,0.00339
2004-01-15,0.00332
2004-01-16,0.00325
2004-01-17,0.00318
2004-01-18,0.00312
2004-01-19,0.00305
2004-01-20,0.00299
2004-01-21,0.00293
2004-01-22,0.00287
2004-01-23,0.00281
2004-01-24,0.00276
2004-01-25,0.00270
2004-01-26,0.00265
2004-01-27,0.00260
2004-01-28,0.00256
2004-01-29,0.00251
2004-01-30,0.00247
2004-01-31,0.00242
2004-02-01,0.00241
2004-02-02,0.00237
2004-02-03,0.00233
2004-02-04,0.00229
2004-02-05,0.00226
2004-02-06,0.00223
2004-02-07,0.00220
2004-02-08,0.00217
2004-02-09,0.00215
2004-02-10,0.00212
2004-02-11,0.00210
2004-02-12,0.00208
2004-02-13,0.00206
2004-02-14,0.00205
2004-02-15,0.00204
2004-02-16,0.00202
2004-02-17,0.00202
2004-02-18,0.00201
2004-02-19,0.00200
2004-02-20,0.00200
2004-02-21,0.00200
2004-02-22,0.00200
2004-02-23,0.00200
2004-02-24,0.00201
2004-02-25,0.00202
2004-02-26,0.00203
2004-02-27,0.00204
2004-02-28,0.00205
2004-02-29,0.00207
2004-03-01,0.00212
2004-03-02,0.00214
2004-03-03,0.00216
2004-03-04,0.00219
2004-03-05,0.00222
2004-03-06,0.00225
2004-03-07,0.00228
2004-03-08,0.00232
2004-03-09,0.00235
2004-03-10,0.00239
2004-03-11,0.00243
2004-03-12,0.00248
2004-03-13,0.00252
2004-03-14,0.00257
2004-03-15,0.00262
2004-03-16,0.00267
2004-03-17,0.00272
2004-03-18,0.00277
2004-03-19,0.00283
2004-03-20,0.00289
2004-03-21,0.00295
2004-03-22,0.00301
2004-03-23,0.00307
2004-03-24,0.00313
2004-03-25,0.00320
2004-03-26,0.00327
2004-03-27,0.00334
2004-03-28,0.00341
2004-03-29,0.00348
2004-03-30,0.00356
2004-03-31,0.00364
2004-04-01,0.00367
2004-04-02,0.00375
2004-04-03,0.00383
2004-04-04,0.00391
2004-04-05,0.00400
2004-04-06,0.00408
2004-04-07,0.00417
2004-04-08,0.00425
2004-04-09,0.00434
2004-04-10,0.00443
2004-04-11,0.00453
2004-04-12,0.00462
2004-04-13,0.00471
2004-04-14,0.00481
2004-04-15,0.00491
2004-04-16,0.00501
2004-04-17,0.00510
2004-04-18,0.00521
2004-04-19,0.00531
2004-04-20,0.00541
2004-04-21,0.00551
2004-04-22,0.00562
2004-04-23,0.00572
2004-04-24,0.00583
2004-04-25,0.00594
2004-04-26,0.00605
2004-04-27,0.00616
2004-04-28,0.00627
2004-04-29,0.00638
2004-04-30,0.00649
2004-05-01,0.00665
2004-05-02,0.00677
2004-05-03,0.00688
2004-05-04,0.00700
2004-05-05,0.00711
2004-05-06,0.00723
2004-05-07,0.00735
2004-05-08,0.00746
2004-05-09,0.00758
2004-05-10,0.00770
2004-05-11,0.00782
2004-05-12,0.00794
2004-05-13,0.00806
2004-05-14,0.00818
2004-05-15,0.00829
2004-05-16,0.00841
2004-05-17,0.00853
2004-05-18,0.00866
2004-05-19,0.00878
2004-05-20,0.00890
2004-05-21,0.00902
2004-05-22,0.00914
2004-05-23,0.00926
2004-05-24,0.00938
2004-05-25,0.00950
2004-05-26,0.00962
2004-05-27,0.00974
2004-05-28,0.00986
2004-05-29,0.00998
2004-05-30,0.01010
2004-05-31,0.01021
2004-06-01,0.01027
2004-06-02,0.01038
2004-06-03,0.01050
2004-06-04,0.01062
2004-06-05,0.01074
2004-06-06,0.01085
2004-06-07,0.01097
2004-06-08,0.01108
2004-06-09,0.01120
2004-06-10,0.01131
2004-06-11,0.01143
2004-06-12,0.01154
2004-06-13,0.01165
2004-06-14,0.01176
2004-06-15,0.01187
2004-06-16,0.01198
2004-06-17,0.01209
2004-06-18,0.01220
2004-06-19,0.01230
2004-06-20,0.01241
2004-06-21,0.01251
2004-06-22,0.01262
2004-06-23,0.01272
2004-06-24,0.01282
2004-06-25,0.01292
2004-06-26,0.01302
2004-06-27,0.01312
2004-06-28,0.01322
2004-06-29,0.01331
2004-06-30,0.01341
2004-07-01,0.01354
2004-07-02,0.01363
2004-07-03,0.01372
2004-07-04,0.01381
2004-07-05,0.01389
2004-07-06,0.01398
2004-07-07,0.01406
2004-07-08,0.01415
2004-07-09,0.01423
2004-07-10,0.01431
2004-07-11,0.01438
2004-07-12,0.01446
2004-07-13,0.01454
2004-07-14,0.01461
2004-07-15,0.01468
2004-07-16,0.01475
2004-07-17,0.01482
2004-07-18,0.01488
2004-07-19,0.01495
2004-07-20,0.01501
2004-07-21,0.01507
2004-07-22,0.01513
2004-07-23,0.01519
2004-07-24,0.01524
2004-07-25,0.01530
2004-07-26,0.01535
2004-07-27,0.01540
2004-07-28,0.01545
2004-07-29,0.01549
2004-07-30,0.01554
2004-07-31,0.01558
2004-08-01,0.01560
2004-08-02,0.01563
2004-08-03,0.01567
2004-08-04,0.01571
2004-08-05,0.01574
2004-08-06,0.01577
2004-08-07,0.01580
2004-08-08,0.01583
2004-08-09,0.01585
2004-08-10,0.01588
2004-08-11,0.01590
2004-08-12,0.01592
2004-08-13,0.01594
2004-08-14,0.01595
2004-08-15,0.01596
2004-08-16,0.01598
2004-08-17,0.01598
2004-08-18,0.01599
2004-08-19,0.01600
2004-08-20,0.01600
2004-08-21,0.01600
2004-08-22,0.01600
2004-08-23,0.01600
2004-08-24,0.01599
2004-08-25,0.01598
2004-08-26,0.01597
2004-08-27,0.01596
2004-08-28,0.01595
2004-08-29,0.01593
2004-08-30,0.01591
2004-08-31,0.01589
2004-09-01,0.01588
2004-09-02,0.01586
2004-09-03,0.01584
2004-09-04,0.01581
2004-09-05,0.01578
2004-09-06,0.01575
2004-09-07,0.01572
2004-09-08,0.01568
2004-09-09,0.01565
2004-09-10,0.01561
2004-09-11,0.01557
2004-09-12,0.01552
2004-09-13,0.01548
2004-09-14,0.01543
2004-09-15,0.01538
2004-09-16,0.01533
2004-09-17,0.01528
2004-09-18,0.01523
2004-09-19,0.01517
2004-09-20,0.01511
2004-09-21,0.01505
2004-09-22,0.01499
2004-09-23,0.01493
2004-09-24,0.01486
2004-09-25,0.01480
2004-09-26,0.01473
2004-09-27,0.01466
2004-09-28,0.01459
2004-09-29,0.01451
2004-09-30,0.01444
2004-10-01,0.01433
2004-10-02,0.01425
2004-10-03,0.01417
2004-10-04,0.01409
2004-10-05,0.01400
2004-10-06,0.01392
2004-10-07,0.01383
2004-10-08,0.01374
2004-10-09,0.01365
2004-10-10,0.01356
2004-10-11,0.01347
2004-10-12,0.01338
2004-10-13,0.01328
2004-10-14,0.01319
2004-10-15,0.01309
2004-10-16,0.01299
2004-10-17,0.01289
2004-10-18,0.01279
2004-10-19,0.01269
2004-10-20,0.01259
2004-10-21,0.01248
2004-10-22,0.01238
2004-10-23,0.01227
2004-10-24,0.01217
2004-10-25,0.01206
2004-10-26,0.01195
2004-10-27,0.01184
2004-10-28,0.01173
2004-10-29,0.01162
2004-10-30,0.01151
2004-10-31,0.01139
2004-11-01,0.01134
2004-11-02,0.01123
2004-11-03,0.01112
2004-11-04,0.01100
2004-11-05,0.01089
2004-11-06,0.01077
2004-11-07,0.01065
2004-11-08,0.01053
2004-11-09,0.01042
2004-11-10,0.01030
2004-11-11,0.01018
2004-11-12,0.01006
2004-11-13,0.00994
2004-11-14,0.00982
2004-11-15,0.00970
2004-11-16,0.00958
2004-11-17,0.00946
2004-11-18,0.00934
2004-11-19,0.00922
2004-11-20,0.00910
2004-11-21,0.00898
2004-11-22,0.00886
2004-11-23,0.00874
2004-11-24,0.00862
2004-11-25,0.00850
2004-11-26,0.00838
2004-11-27,0.00826
2004-11-28,0.00814
2004-11-29,0.00802
2004-11-30,0.00790
2004-12-01,0.00773
2004-12-02,0.00761
2004-12-03,0.00750
2004-12-04,0.00738
2004-12-05,0.00726
2004-12-06,0.00715
2004-12-07,0.00703
2004-12-08,0.00691
2004-12-09,0.00680
2004-12-10,0.00669
2004-12-11,0.00657
2004-12-12,0.00646
2004-12-13,0.00635
2004-12-14,0.00624
2004-12-15,0.00613
2004-12-16,0.00602
2004-12-17,0.00591
2004-12-18,0.00580
2004-12-19,0.00569
2004-12-20,0.00559
2004-12-21,0.00548
2004-12-22,0.00538
2004-12-23,0.00528
2004-12-24,0.00518
2004-12-25,0.00508
2004-12-26,0.00498
2004-12-27,0.00488
2004-12-28,0.00478
2004-12-29,0.00469
2004-12-30,0.00459
2004-12-31,0.00450
2005-01-01,0.00446
2005-01-02,0.00437
2005-01-03,0.00428
2005-01-04,0.00419
2005-01-05,0.00411
2005-01-06,0.00402
2005-01-07,0.00394
2005-01-08,0.00385
2005-01-09,0.00377
2005-01-10,0.00369
2005-01-11,0.00362
2005-01-12,0.00354
2005-01-13,0.00347
2005-01-14,0.00339
2005-01-15,0.00332
2005-01-16,0.00325
2005-01-17,0.00318
2005-01-18,0.00312
2005-01-19,0.00305
2005-01-20,0.00299
2005-01-21,0.00293
2005-01-22,0.00287
2005-01-23,0.00281
2005-01-24,0.00276
2005-01-25,0.00270
2005-01-26,0.00265
2005-01-27,0.00260
2005-01-28,0.00256
2005-01-29,0.00251
2005-01-30,0.00247
2005-01-31,0.00242
2005-02-01,0.00241
2005-02-02,0.00237
2005-02-03,0.00233
2005-02-04,0.00229
2005-02-05,0.00226
2005-02-06,0.00223
2005-02-07,0.00220
2005-02-08,0.00217
2005-02-09,0.00215
2005-02-10,0.00212
2005-02-11,0.00210
2005-02-12,0.00208
2005-02-13,0.00206
2005-02-14,0.00205
2005-02-15,0.00204
2005-02-16,0.00202
2005-02-17,0.00202
2005-02-18,0.00201
2005-02-19,0.00200
2005-02-20,0.00200
2005-02-21,0.00200
2005-02-22,0.00200
2005-02-23,0.00200
2005-02-24,0.00201
2005-02-25,0.00202
2005-02-26,0.00203
2005-02-27,0.00204
2005-02-28,0.00205
2005-03-01,0.00212
2005-03-02,0.00214
2005-03-03,0.00216
2005-03-04,0.00219
2005-03-05,0.00222
2005-03-06,0.00225
2005-03-07,0.00228
2005-03-08,0.00232
2005-03-09,0.00235
2005-03-10,0.00239
2005-03-11,0.00243
2005-03-12,0.00248
2005-03-13,0.00252
2005-03-14,0.00257
2005-03-15,0.00262
2005-03-16,0.00267
2005-03-17,0.00272
2005-03-18,0.00277
2005-03-19,0.00283
2005-03-20,0.00289
2005-03-21,0.00295
2005-03-22,0.00301
2005-03-23,0.00307
2005-03-24,0.00313
2005-03-25,0.00320
2005-03-26,0.00327
2005-03-27,0.00334
2005-03-28,0.00341
2005-03-29,0.00348
2005-03-30,0.00356
2005-03-31,0.00364
2005-04-01,0.00367
2005-04-02,0.00375
2005-04-03,0.00383
2005-04-04,0.00391
2005-04-05,0.00400
2005-04-06,0.00408
2005-04-07,0.00417
2005-04-08,0.00425
2005-04-09,0.00434
2005-04-10,0.00443
2005-04-11,0.00453
2005-04-12,0.00462
2005-04-13,0.00471
2005-04-14,0.00481
2005-04-15,0.00491
2005-04-16,0.00501
2005-04-17,0.00510
2005-04-18,0.00521
2005-04-19,0.00531
2005-04-20,0.00541
2005-04-21,0.00551
2005-04-22,0.00562
2005-04-23,0.00572
2005-04-24,0.00583
2005-04-25,0.00594
2005-04-26,0.00605
2005-04-27,0.00616
2005-04-28,0.00627
2005-04-29,0.00638
2005-04-30,0.00649
2005-05-01,0.00665
2005-05-02,0.00677
2005-05-03,0.00688
2005-05-04,0.00700
2005-05-05,0.00711
2005-05-06,0.00723
2005-05-07,0.00735
2005-05-08,0.00746
2005-05-09,0.00758
2005-05-10,0.00770
2005-05-11,0.00782
2005-05-12,0.00794
2005-05-13,0.00806
2005-05-14,0.00818
2005-05-15,0.00829
2005-05-16,0.00841
2005-05-17,0.00853
2005-05-18,0.00866
2005-05-19,0.00878
2005-05-20,0.00890
2005-05-21,0.00902
2005-05-22,0.00914
2005-05-23,0.00926
2005-05-24,0.00938
2005-05-25,0.00950
2005-05-26,0.00962
2005-05-27,0.00974
2005-05-28,0.00986
2005-05-29,0.00998
2005-05-30,0.01010
2005-05-31,0.01021
2005-06-01,0.01027
2005-06-02,0.01038
2005-06-03,0.01050
2005-06-04,0.01062
2005-06-05,0.01074
2005-06-06,0.01085
2005-06-07,0.01097
2005-06-08,0.01108
2005-06-09,0.01120
2005-06-10,0.01131
2005-06-11,0.01143
2005-06-12,0.01154
2005-06-13,0.01165
2005-06-14,0.01176
2005-06-15,0.01187
2005-06-16,0.01198
2005-06-17,0.01209
2005-06-18,0.01220
2005-06-19,0.01230
2005-06-20,0.01241
2005-06-21,0.01251
2005-06-22,0.01262
2005-06-23,0.01272
2005-06-24,0.01282
2005-06-25,0.01292
2005-06-26,0.01302
2005-06-27,0.01312
2005-06-28,0.01322
2005-06-29,0.01331
2005-06-30,0.01341
2005-07-01,0.01354
2005-07-02,0.01363
2005-07-03,0.01372
2005-07-04,0.01381
2005-07-05,0.01389
2005-07-06,0.01398
2005-07-07,0.01406
2005-07-08,0.01415
2005-07-09,0.01423
2005-07-10,0.01431
2005-07-11,0.01438
2005-07-12,0.01446
2005-07-13,0.01454
2005-07-14,0.01461
2005-07-15,0.01468
2005-07-16,0.01475
2005-07-17,0.01482
2005-07-18,0.01488
2005-07-19,0.01495
2005-07-20,0.01501
2005-07-21,0.01507
2005-07-22,0.01513
2005-07-23,0.01519
2005-07-24,0.01524
2005-07-25,0.01530
2005-07-26,0.01535
2005-07-27,0.01540
2005-07-28,0.01545
2005-07-29,0.01549
2005-07-30,0.01554
2005-07-31,0.01558
2005-08-01,0.01560
2005-08-02,0.01563
2005-08-03,0.01567
2005-08-04,0.01571
2005-08-05,0.01574
2005-08-06,0.01577
2005-08-07,0.01580
2005-08-08,0.01583
2005-08-09,0.01585
2005-08-10,0.01588
2005-08-11,0.01590
2005-08-12,0.01592
2005-08-13,0.01594
2005-08-14,0.01595
2005-08-15,0.01596
2005-08-16,0.01598
2005-08-17,0.01598
2005-08-18,0.01599
2005-08-19,0.01600
2005-08-20,0.01600
2005-08-21,0.01600
2005-08-22,0.01600
2005-08-23,0.01600
2005-08-24,0.01599
2005-08-25,0.01598
2005-08-26,0.01597
2005-08-27,0.01596
2005-08-28,0.01595
2005-08-29,0.01593
2005-08-30,0.01591
2005-08-31,0.01589
2005-09-01,0.01588
2005-09-02,0.01586
2005-09-03,0.01584
2005-09-04,0.01581
2005-09-05,0.01578
2005-09-06,0.01575
2005-09-07,0.01572
2005-09-08,0.01568
2005-09-09,0.01565
2005-09-10,0.01561
2005-09-11,0.01557
2005-09-12,0.01552
2005-09-13,0.01548
2005-09-14,0.01543
2005-09-15,0.01538
2005-09-16,0.01533
2005-09-17,0.01528
2005-09-18,0.01523
2005-09-19,0.01517
2005-09-20,0.01511
2005-09-21,0.01505
2005-09-22,0.01499
2005-09-23,0.01493
2005-09-24,0.01486
2005-09-25,0.01480
2005-09-26,0.01473
2005-09-27,0.01466
2005-09-28,0.01459
2005-09-29,0.01451
2005-09-30,0.01444
2005-10-01,0.01433
2005-10-02,0.01425
2005-10-03,0.01417
2005-10-04,0.01409
2005-10-05,0.01400
2005-10-06,0.01392
2005-10-07,0.01383
2005-10-08,0.01374
2005-10-09,0.01365
2005-10-10,0.01356
2005-10-11,0.01347
2005-10-12,0.01338
2005-10-13,0.01328
2005-10-14,0.01319
2005-10-15,0.01309
2005-10-16,0.01299
2005-10-17,0.01289
2005-10-18,0.01279
2005-10-19,0.01269
2005-10-20,0.01259
2005-10-21,0.01248
2005-10-22,0.01238
2005-10-23,0.01227
2005-10-24,0.01217
2005-10-25,0.01206
2005-10-26,0.01195
2005-10-27,0.01184
2005-10-28,0.01173
2005-10-29,0.01162
2005-10-30,0.01151
2005-10-31,0.01139
2005-11-01,0.01134
2005-11-02,0.01123
2005-11-03,0.01112
2005-11-04,0.01100
2005-11-05,0.01089
2005-11-06,0.01077
2005-11-07,0.01065
2005-11-08,0.01053
2005-11-09,0.01042
2005-11-10,0.01030
2005-11-11,0.01018
2005-11-12,0.01006
2005-11-13,0.00994
2005-11-14,0.00982
2005-11-15,0.00970
2005-11-16,0.00958
2005-11-17,0.00946
2005-11-18,0.00934
2005-11-19,0.00922
2005-11-20,0.00910
2005-11-21,0.00898
2005-11-22,0.00886
2005-11-23,0.00874
2005-11-24,0.00862
2005-11-25,0.00850
2005-11-26,0.00838
2005-11-27,0.00826
2005-11-28,0.00814
2005-11-29,0.00802
2005-11-30,0.00790
2005-12-01,0.00773
2005-12-02,0.00761
2005-12-03,0.00750
2005-12-04,0.00738
2005-12-05,0.00726
2005-12-06,0.00715
2005-12-07,0.00703
2005-12-08,0.00691
2005-12-09,0.00680
2005-12-10,0.00669
2005-12-11,0.00657
2005-12-12,0.00646
2005-12-13,0.00635
2005-12-14,0.00624
2005-12-15,0.00613
2005-12-16,0.00602
2005-12-17,0.00591
2005-12-18,0.00580
2005-12-19,0.00569
2005-12-20,0.00559
2005-12-21,0.00548
2005-12-22,0.00538
2005-12-23,0.00528
2005-12-24,0.00518
2005-12-25,0.00508
2005-12-26,0.00498
2005-12-27,0.00488
2005-12-28,0.00478
2005-12-29,0.00469
2005-12-30,0.00459
2005-12-31,0.00450
2006-01-01,0.00446
2006-01-02,0.00437
2006-01-03,0.00428
2006-01-04,0.00419
2006-01-05,0.00411
2006-01-06,0.00402
2006-01-07,0.00394
2006-01-08,0.00385
2006-01-09,0.00377
2006-01-10,0.00369
2006-01-11,0.00362
2006-01-12,0.00354
2006-01-13,0.00347
2006-01-14,0.00339
2006-01-15,0.00332
2006-01-16,0.00325
2006-01-17,0.00318
2006-01-18,0.00312
2006-01-19,0.00305
2006-01-20,0.00299
2006-01-21,0.00293
2006-01-22,0.00287
2006-01-23,0.00281
2006-01-24,0.00276
2006-01-25,0.00270
2006-01-26,0.00265
2006-01-27,0.00260
2006-01-28,0.00256
2006-01-29,0.00251
2006-01-30,0.00247
2006-01-31,0.00242
2006-02-01,0.00241
2006-02-02,0.00237
2006-02-03,0.00233
2006-02-04,0.00229
2006-02-05,0.00226
2006-02-06,0.00223
2006-02-07,0.00220
2006-02-08,0.00217
2006-02-09,0.00215
2006-02-10,0.00212
2006-02-11,0.00210
2006-02-12,0.00208
2006-02-13,0.00206
2006-02-14,0.00205
2006-02-15,0.00204
2006-02-16,0.00202
2006-02-17,0.00202
2006-02-18,0.00201
2006-02-19,0.00200
2006-02-20,0.00200
2006-02-21,0.00200
2006-02-22,0.00200
2006-02-23,0.00200
2006-02-24,0.00201
2006-02-25,0.00202
2006-02-26,0.00203
2006-02-27,0.00204
2006-02-28,0.00205
2006-03-01,0.00212
2006-03-02,0.00214
2006-03-03,0.00216
2006-03-04,0.00219
2006-03-05,0.00222
2006-03-06,0.00225
2006-03-07,0.00228
2006-03-08,0.00232
2006-03-09,0.00235
2006-03-10,0.00239
2006-03-11,0.00243
2006-03-12,0.00248
2006-03-13,0.00252
2006-03-14,0.00257
2006-03-15,0.00262
2006-03-16,0.00267
2006-03-17,0.00272
2006-03-18,0.00277
2006-03-19,0.00283
2006-03-20,0.00289
2006-03-21,0.00295
2006-03-22,0.00301
2006-03-23,0.00307
2006-03-24,0.00313
2006-03-25,0.00320
2006-03-26,0.00327
2006-03-27,0.00334
2006-03-28,0.00341
2006-03-29,0.00348
2006-03-30,0.00356
2006-03-31,0.00364
2006-04-01,0.00367
2006-04-02,0.00375
2006-04-03,0.00383
2006-04-04,0.00391
2006-04-05,0.00400
2006-04-06,0.00408
2006-04-07,0.00417
2006-04-08,0.00425
2006-04-09,0.00434
2006-04-10,0.00443
2006-04-11,0.00453
2006-04-12,0.00462
2006-04-13,0.00471
2006-04-14,0.00481
2006-04-15,0.00491
2006-04-16,0.00501
2006-04-17,0.00510
2006-04-18,0.00521
2006-04-19,0.00531
2006-04-20,0.00541
2006-04-21,0.00551
2006-04-22,0.00562
2006-04-23,0.00572
2006-04-24,0.00583
2006-04-25,0.00594
2006-04-26,0.00605
2006-04-27,0.00616
2006-04-28,0.00627
2006-04-29,0.00638
2006-04-30,0.00649
2006-05-01,0.00665
2006-05-02,0.00677
2006-05-03,0.00688
2006-05-04,0.00700
2006-05-05,0.00711
2006-05-06,0.00723
2006-05-07,0.00735
2006-05-08,0.00746
2006-05-09,0.00758
2006-05-10,0.00770
2006-05-11,0.00782
2006-05-12,0.00794
2006-05-13,0.00806
2006-05-14,0.00818
2006-05-15,0.00829
2006-05-16,0.00841
2006-05-17,0.00853
2006-05-18,0.00866
2006-05-19,0.00878
2006-05-20,0.00890
2006-05-21,0.00902
2006-05-22,0.00914
2006-05-23,0.00926
2006-05-24,0.00938
2006-05-25,0.00950
2006-05-26,0.00962
2006-05-27,0.00974
2006-05-28,0.00986
2006-05-29,0.00998
2006-05-30,0.01010
2006-05-31,0.01021
2006-06-01,0.01027
2006-06-02,0.01038
2006-06-03,0.01050
2006-06-04,0.01062
2006-06-05,0.01074
2006-06-06,0.01085
2006-06-07,0.01097
2006-06-08,0.01108
2006-06-09,0.01120
2006-06-10,0.01131
2006-06-11,0.01143
2006-06-12,0.01154
2006-06-13,0.01165
2006-06-14,0.01176
2006-06-15,0.01187
2006-06-16,0.01198
2006-06-17,0.01209
2006-06-18,0.01220
2006-06-19,0.01230
2006-06-20,0.01241
2006-06-21,0.01251
2006-06-22,0.01262
2006-06-23,0.01272
2006-06-24,0.01282
2006-06-25,0.01292
2006-06-26,0.01302
2006-06-27,0.01312
2006-06-28,0.01322
2006-06-29,0.01331
2006-06-30,0.01341
2006-07-01,0.01354
2006-07-02,0.01363
2006-07-03,0.01372
2006-07-04,0.01381
2006-07-05,0.01389
2006-07-06,0.01398
2006-07-07,0.01406
2006-07-08,0.01415
2006-07-09,0.01423
2006-07-10,0.01431
2006-07-11,0.01438
2006-07-12,0.01446
2006-07-13,0.01454
2006-07-14,0.01461
2006-07-15,0.01468
2006-07-16,0.01475
2006-07-17,0.01482
2006-07-18,0.01488
2006-07-19,0.01495
2006-07-20,0.01501
2006-07-21,0.01507
2006-07-22,0.01513
2006-07-23,0.01519
2006-07-24,0.01524
2006-07-25,0.01530
2006-07-26,0.01535
2006-07-27,0.01540
2006-07-28,0.01545
2006-07-29,0.01549
2006-07-30,0.01554
2006-07-31,0.01558
2006-08-01,0.01560
2006-08-02,0.01563
2006-08-03,0.01567
2006-08-04,0.01571
2006-08-05,0.01574
2006-08-06,0.01577
2006-08-07,0.01580
2006-08-08,0.01583
2006-08-09,0.01585
2006-08-10,0.01588
2006-08-11,0.01590
2006-08-12,0.01592
2006-08-13,0.01594
2006-08-14,0.01595
2006-08-15,0.01596
2006-08-16,0.01598
2006-08-17,0.01598
2006-08-18,0.01599
2006-08-19,0.01600
2006-08-20,0.01600
2006-08-21,0.01600
2006-08-22,0.01600
2006-08-23,0.01600
2006-08-24,0.01599
2006-08-25,0.01598
2006-08-26,0.01597
2006-08-27,0.01596
2006-08-28,0.01595
2006-08-29,0.01593
2006-08-30,0.01591
2006-08-31,0.01589
2006-09-01,0.01588
2006-09-02,0.01586
2006-09-03,0.01584
2006-09-04,0.01581
2006-09-05,0.01578
2006-09-06,0.01575
2006-09-07,0.01572
2006-09-08,0.01568
2006-09-09,0.01565
2006-09-10,0.01561
2006-09-11,0.01557
2006-09-12,0.01552
2006-09-13,0.01548
2006-09-14,0.01543
2006-09-15,0.01538
2006-09-16,0.01533
2006-09-17,0.01528
2006-09-18,0.01523
2006-09-19,0.01517
2006-09-20,0.01511
2006-09-21,0.01505
2006-09-22,0.01499
2006-09-23,0.01493
2006-09-24,0.01486
2006-09-25,0.01480
2006-09-26,0.01473
2006-09-27,0.01466
2006-09-28,0.01459
2006-09-29,0.01451
2006-09-30,0.01444
2006-10-01,0.01433
2006-10-02,0.01425
2006-10-03,0.01417
2006-10-04,0.01409
2006-10-05,0.01400
2006-10-06,0.01392
2006-10-07,0.01383
2006-10-08,0.01374
2006-10-09,0.01365
2006-10-10,0.01356
2006-10-11,0.01347
2006-10-12,0.01338
2006-10-13,0.01328
2006-10-14,0.01319
2006-10-15,0.01309
2006-10-16,0.01299
2006-10-17,0.01289
2006-10-18,0.01279
2006-10-19,0.01269
2006-10-20,0.01259
2006-10-21,0.01248
2006-10-22,0.01238
2006-10-23,0.01227
2006-10-24,0.01217
2006-10-25,0.01206
2006-10-26,0.01195
2006-10-27,0.01184
2006-10-28,0.01173
2006-10-29,0.01162
2006-10-30,0.01151
2006-10-31,0.01139
2006-11-01,0.01134
2006-11-02,0.01123
2006-11-03,0.01112
2006-11-04,0.01100
2006-11-05,0.01089
2006-11-06,0.01077
2006-11-07,0.01065
2006-11-08,0.01053
2006-11-09,0.01042
2006-11-10,0.01030
2006-11-11,0.01018
2006-11-12,0.01006
2006-11-13,0.00994
2006-11-14,0.00982
2006-11-15,0.00970
2006-11-16,0.00958
2006-11-17,0.00946
2006-11-18,0.00934
2006-11-19,0.00922
2006-11-20,0.00910
2006-11-21,0.00898
2006-11-22,0.00886
2006-11-23,0.00874
2006-11-24,0.00862
2006-11-25,0.00850
2006-11-26,0.00838
2006-11-27,0.00826
2006-11-28,0.00814
2006-11-29,0.00802
2006-11-30,0.00790
2006-12-01,0.00773
2006-12-02,0.00761
2006-12-03,0.00750
2006-12-04,0.00738
2006-12-05,0.00726
2006-12-06,0.00715
2006-12-07,0.00703
2006-12-08,0.00691
2006-12-09,0.00680
2006-12-10,0.00669
2006-12-11,0.00657
2006-12-12,0.00646
2006-12-13,0.00635
2006-12-14,0.00624
2006-12-15,0.00613
2006-12-16,0.00602
2006-12-17,0.00591
2006-12-18,0.00580
2006-12-19,0.00569
2006-12-20,0.00559
2006-12-21,0.00548
2006-12-22,0.00538
2006-12-23,0.00528
2006-12-24,0.00518
2006-12-25,0.00508
2006-12-26,0.00498
2006-12-27,0.00488
2006-12-28,0.00478
2006-12-29,0.00469
2006-12-30,0.00459
2006-12-31,0.00450
2007-01-01,0.00446
2007-01-02,0.00437
2007-01-03,0.00428
2007-01-04,0.00419
2007-01-05,0.00411
2007-01-06,0.00402
2007-01-07,0.00394
2007-01-08,0.00385
2007-01-09,0.00377
2007-01-10,0.00369
2007-01-11,0.00362
2007-01-12,0.00354
2007-01-13,0.00347
2007-01-14,0.00339
2007-01-15,0.00332
2007-01-16,0.00325
2007-01-17,0.00318
2007-01-18,0.00312
2007-01-19,0.00305
2007-01-20,0.00299
2007-01-21,0.00293
2007-01-22,0.00287
2007-01-23,0.00281
2007-01-24,0.00276
2007-01-25,0.00270
2007-01-26,0.00265
2007-01-27,0.00260
2007-01-28,0.00256
2007-01-29,0.00251
2007-01-30,0.00247
2007-01-31,0.00242
2007-02-01,0.00241
2007-02-02,0.00237
2007-02-03,0.00233
2007-02-04,0.00229
2007-02-05,0.00226
2007-02-06,0.00223
2007-02-07,0.00220
2007-02-08,0.00217
2007-02-09,0.00215
2007-02-10,0.00212
2007-02-11,0.00210
2007-02-12,0.00208
2007-02-13,0.00206
2007-02-14,0.00205
2007-02-15,0.00204
2007-02-16,0.00202
2007-02-17,0.00202
2007-02-18,0.00201
2007-02-19,0.00200
2007-02-20,0.00200
2007-02-21,0.00200
2007-02-22,0.00200
2007-02-23,0.00200
2007-02-24,0.00201
2007-02-25,0.00202
2007-02-26,0.00203
2007-02-27,0.00204
2007-02-28,0.00205
2007-03-01,0.00212
2007-03-02,0.00214
2007-03-03,0.00216
2007-03-04,0.00219
2007-03-05,0.00222
2007-03-06,0.00225
2007-03-07,0.00228
2007-03-08,0.00232
2007-03-09,0.00235
2007-03-10,0.00239
2007-03-11,0.00243
2007-03-12,0.00248
2007-03-13,0.00252
2007-03-14,0.00257
2007-03-15,0.00262
2007-03-16,0.00267
2007-03-17,0.00272
2007-03-18,0.00277
2007-03-19,0.00283
2007-03-20,0.00289
2007-03-21,0.00295
2007-03-22,0.00301
2007-03-23,0.00307
2007-03-24,0.00313
2007-03-25,0.00320
2007-03-26,0.00327
2007-03-27,0.00334
2007-03-28,0.00341
2007-03-29,0.00348
2007-03-30,0.00356
2007-03-31,0.00364
2007-04-01,0.00367
2007-04-02,0.00375
2007-04-03,0.00383
2007-04-04,0.00391
2007-04-05,0.00400
2007-04-06,0.00408
2007-04-07,0.00417
2007-04-08,0.00425
2007-04-09,0.00434
2007-04-10,0.00443
2007-04-11,0.00453
2007-04-12,0.00462
2007-04-13,0.00471
2007-04-14,0.00481
2007-04-15,0.00491
2007-04-16,0.00501
2007-04-17,0.00510
2007-04-18,0.00521
2007-04-19,0.00531
2007-04-20,0.00541
2007-04-21,0.00551
2007-04-22,0.00562
2007-04-23,0.00572
2007-04-24,0.00583
2007-04-25,0.00594
2007-04-26,0.00605
2007-04-27,0.00616
2007-04-28,0.00627
2007-04-29,0.00638
2007-04-30,0.00649
2007-05-01,0.00665
2007-05-02,0.00677
2007-05-03,0.00688
2007-05-04,0.00700
2007-05-05,0.00711
2007-05-06,0.00723
2007-05-07,0.00735
2007-05-08,0.00746
2007-05-09,0.00758
2007-05-10,0.00770
2007-05-11,0.00782
2007-05-12,0.00794
2007-05-13,0.00806
2007-05-14,0.00818
2007-05-15,0.00829
2007-05-16,0.00841
2007-05-17,0.00853
2007-05-18,0.00866
2007-05-19,0.00878
2007-05-20,0.00890
2007-05-21,0.00902
2007-05-22,0.00914
2007-05-23,0.00926
2007-05-24,0.00938
2007-05-25,0.00950
2007-05-26,0.00962
2007-05-27,0.00974
2007-05-28,0.00986
2007-05-29,0.00998
2007-05-30,0.01010
2007-05-31,0.01021
2007-06-01,0.01027
2007-06-02,0.01038
2007-06-03,0.01050
2007-06-04,0.01062
2007-06-05,0.01074
2007-06-06,0.01085
2007-06-07,0.01097
2007-06-08,0.01108
2007-06-09,0.01120
2007-06-10,0.01131
2007-06-11,0.01143
2007-06-12,0.01154
2007-06-13,0.01165
2007-06-14,0.01176
2007-06-15,0.01187
2007-06-16,0.01198
2007-06-17,0.01209
2007-06-18,0.01220
2007-06-19,0.01230
2007-06-20,0.01241
2007-06-21,0.01251
2007-06-22,0.01262
2007-06-23,0.01272
2007-06-24,0.01282
2007-06-25,0.01292
2007-06-26,0.01302
2007-06-27,0.01312
2007-06-28,0.01322
2007-06-29,0.01331
2007-06-30,0.01341
2007-07-01,0.01354
2007-07-02,0.01363
2007-07-03,0.01372
2007-07-04,0.01381
2007-07-05,0.01389
2007-07-06,0.01398
2007-07-07,0.01406
2007-07-08,0.01415
2007-07-09,0.01423
2007-07-10,0.01431
2007-07-11,0.01438
2007-07-12,0.01446
2007-07-13,0.01454
2007-07-14,0.01461
2007-07-15,0.01468
2007-07-16,0.01475
2007-07-17,0.01482
2007-07-18,0.01488
2007-07-19,0.01495
2007-07-20,0.01501
2007-07-21,0.01507
2007-07-22,0.01513
2007-07-23,0.01519
2007-07-24,0.01524
2007-07-25,0.01530
2007-07-26,0.01535
2007-07-27,0.01540
2007-07-28,0.01545
2007-07-29,0.01549
2007-07-30,0.01554
2007-07-31,0.01558
2007-08-01,0.01560
2007-08-02,0.01563
2007-08-03,0.01567
2007-08-04,0.01571
2007-08-05,0.01574
2007-08-06,0.01577
2007-08-07,0.01580
2007-08-08,0.01583
2007-08-09,0.01585
2007-08-10,0.01588
2007-08-11,0.01590
2007-08-12,0.01592
2007-08-13,0.01594
2007-08-14,0.01595
2007-08-15,0.01596
2007-08-16,0.01598
2007-08-17,0.01598
2007-08-18,0.01599
2007-08-19,0.01600
2007-08-20,0.01600
2007-08-21,0.01600
2007-08-22,0.01600
2007-08-23,0.01600
2007-08-24,0.01599
2007-08-25,0.01598
2007-08-26,0.01597
2007-08-27,0.01596
2007-08-28,0.01595
2007-08-29,0.01593
2007-08-30,0.01591
2007-08-31,0.01589
2007-09-01,0.01588
2007-09-02,0.01586
2007-09-03,0.01584
2007-09-04,0.01581
2007-09-05,0.01578
2007-09-06,0.01575
2007-09-07,0.01572
2007-09-08,0.01568
2007-09-09,0.01565
2007-09-10,0.01561
2007-09-11,0.01557
2007-09-12,0.01552
2007-09-13,0.01548
2007-09-14,0.01543
2007-09-15,0.01538
2007-09-16,0.01533
2007-09-17,0.01528
2007-09-18,0.01523
2007-09-19,0.01517
2007-09-20,0.01511
2007-09-21,0.01505
2007-09-22,0.01499
2007-09-23,0.01493
2007-09-24,0.01486
2007-09-25,0.01480
2007-09-26,0.01473
2007-09-27,0.01466
2007-09-28,0.01459
2007-09-29,0.01451
2007-09-30,0.01444
2007-10-01,0.01433
2007-10-02,0.01425
2007-10-03,0.01417
2007-10-04,0.01409
2007-10-05,0.01400
2007-10-06,0.01392
2007-10-07,0.01383
2007-10-08,0.01374
2007-10-09,0.01365
2007-10-10,0.01356
2007-10-11,0.01347
2007-10-12,0.01338
2007-10-13,0.01328
2007-10-14,0.01319
2007-10-15,0.01309
2007-10-16,0.01299
2007-10-17,0.01289
2007-10-18,0.01279
2007-10-19,0.01269
2007-10-20,0.01259
2007-10-21,0.01248
2007-10-22,0.01238
2007-10-23,0.01227
2007-10-24,0.01217
2007-10-25,0.01206
2007-10-26,0.01195
2007-10-27,0.01184
2007-10-28,0.01173
2007-10-29,0.01162
2007-10-30,0.01151
2007-10-31,0.01139
2007-11-01,0.01134
2007-11-02,0.01123
2007-11-03,0.01112
2007-11-04,0.01100
2007-11-05,0.01089
2007-11-06,0.01077
2007-11-07,0.01065
2007-11-08,0.01053
2007-11-09,0.01042
2007-11-10,0.01030
2007-11-11,0.01018
2007-11-12,0.01006
2007-11-13,0.00994
2007-11-14,0.00982
2007-11-15,0.00970
2007-11-16,0.00958
2007-11-17,0.00946
2007-11-18,0.00934
2007-11-19,0.00922
2007-11-20,0.00910
2007-11-21,0.00898
2007-11-22,0.00886
2007-11-23,0.00874
2007-11-24,0.00862
2007-11-25,0.00850
2007-11-26,0.00838
2007-11-27,0.00826
2007-11-28,0.00814
2007-11-29,0.00802
2007-11-30,0.00790
2007-12-01,0.00773
2007-12-02,0.00761
2007-12-03,0.00750
2007-12-04,0.00738
2007-12-05,0.00726
2007-12-06,0.00715
2007-12-07,0.00703
2007-12-08,0.00691
2007-12-09,0.00680
2007-12-10,0.00669
2007-12-11,0.00657
2007-12-12,0.00646
2007-12-13,0.00635
2007-12-14,0.00624
2007-12-15,0.00613
2007-12-16,0.00602
2007-12-17,0.00591
2007-12-18,0.00580
2007-12-19,0.00569
2007-12-20,0.00559
2007-12-21,0.00548
2007-12-22,0.00538
2007-12-23,0.00528
2007-12-24,0.00518
2007-12-25,0.00508
2007-12-26,0.00498
2007-12-27,0.00488
2007-12-28,0.00478
2007-12-29,0.00469
2007-12-30,0.00459
2007-12-31,0.00450
2008-01-01,0.00446
2008-01-02,0.00437
2008-01-03,0.00428
2008-01-04,0.00419
2008-01-05,0.00411
2008-01-06,0.00402
2008-01-07,0.00394
2008-01-08,0.00385
2008-01-09,0.00377
2008-01-10,0.00369
2008-01-11,0.00362
2008-01-12,0.00354
2008-01-13,0.00347
2008-01-14,0.00339
2008-01-15,0.00332
2008-01-16,0.00325
2008-01-17,0.00318
2008-01-18,0.00312
2008-01-19,0.00305
2008-01-20,0.00299
2008-01-21,0.00293
2008-01-22,0.00287
2008-01-23,0.00281
2008-01-24,0.00276
2008-01-25,0.00270
2008-01-26,0.00265
2008-01-27,0.00260
2008-01-28,0.00256
2008-01-29,0.00251
2008-01-30,0.00247
2008-01-31,0.00242
2008-02-01,0.00241
2008-02-02,0.00237
2008-02-03,0.00233
2008-02-04,0.00229
2008-02-05,0.00226
2008-02-06,0.00223
2008-02-07,0.00220
2008-02-08,0.00217
2008-02-09,0.00215
2008-02-10,0.00212
2008-02-11,0.00210
2008-02-12,0.00208
2008-02-13,0.00206
2008-02-14,0.00205
2008-02-15,0.00204
2008-02-16,0.00202
2008-02-17,0.00202
2008-02-18,0.00201
2008-02-19,0.00200
2008-02-20,0.00200
2008-02-21,0.00200
2008-02-22,0.00200
2008-02-23,0.00200
2008-02-24,0.00201
2008-02-25,0.00202
2008-02-26,0.00203
2008-02-27,0.00204
2008-02-28,0.00205
2008-02-29,0.00207
2008-03-01,0.00212
2008-03-02,0.00214
2008-03-03,0.00216
2008-03-04,0.00219
2008-03-05,0.00222
2008-03-06,0.00225
2008-03-07,0.00228
2008-03-08,0.00232
2008-03-09,0.00235
2008-03-10,0.00239
2008-03-11,0.00243
2008-03-12,0.00248
2008-03-13,0.00252
2008-03-14,0.00257
2008-03-15,0.00262
2008-03-16,0.00267
2008-03-17,0.00272
2008-03-18,0.00277
2008-03-19,0.00283
2008-03-20,0.00289
2008-03-21,0.00295
2008-03-22,0.00301
2008-03-23,0.00307
2008-03-24,0.00313
2008-03-25,0.00320
2008-03-26,0.00327
2008-03-27,0.00334
2008-03-28,0.00341
2008-03-29,0.00348
2008-03-30,0.00356
2008-03-31,0.00364
2008-04-01,0.00367
2008-04-02,0.00375
2008-04-03,0.00383
2008-04-04,0.00391
2008-04-05,0.00400
2008-04-06,0.00408
2008-04-07,0.00417
2008-04-08,0.00425
2008-04-09,0.00434
2008-04-10,0.00443
2008-04-11,0.00453
2008-04-12,0.00462
2008-04-13,0.00471
2008-04-14,0.00481
2008-04-15,0.00491
2008-04-16,0.00501
2008-04-17,0.00510
2008-04-18,0.00521
2008-04-19,0.00531
2008-04-20,0.00541
2008-04-21,0.00551
2008-04-22,0.00562
2008-04-23,0.00572
2008-04-24,0.00583
2008-04-25,0.00594
2008-04-26,0.00605
2008-04-27,0.00616
2008-04-28,0.00627
2008-04-29,0.00638
2008-04-30,0.00649
2008-05-01,0.00665
2008-05-02,0.00677
2008-05-03,0.00688
2008-05-04,0.00700
2008-05-05,0.00711
2008-05-06,0.00723
2008-05-07,0.00735
2008-05-08,0.00746
2008-05-09,0.00758
2008-05-10,0.00770
2008-05-11,0.00782
2008-05-12,0.00794
2008-05-13,0.00806
2008-05-14,0.00818
2008-05-15,0.00829
2008-05-16,0.00841
2008-05-17,0.00853
2008-05-18,0.00866
2008-05-19,0.00878
2008-05-20,0.00890
2008-05-21,0.00902
2008-05-22,0.00914
2008-05-23,0.00926
2008-05-24,0.00938
2008-05-25,0.00950
2008-05-26,0.00962
2008-05-27,0.00974
2008-05-28,0.00986
2008-05-29,0.00998
2008-05-30,0.01010
2008-05-31,0.01021
2008-06-01,0.01027
2008-06-02,0.01038
2008-06-03,0.01050
2008-06-04,0.01062
2008-06-05,0.01074
2008-06-06,0.01085
2008-06-07,0.01097
2008-06-08,0.01108
2008-06-09,0.01120
2008-06-10,0.01131
2008-06-11,0.01143
2008-06-12,0.01154
2008-06-13,0.01165
2008-06-14,0.01176
2008-06-15,0.01187
2008-06-16,0.01198
2008-06-17,0.01209
2008-06-18,0.01220
2008-06-19,0.01230
2008-06-20,0.01241
2008-06-21,0.01251
2008-06-22,0.01262
2008-06-23,0.01272
2008-06-24,0.01282
2008-06-25,0.01292
2008-06-26,0.01302
2008-06-27,0.01312
2008-06-28,0.01322
2008-06-29,0.01331
2008-06-30,0.01341
2008-07-01,0.01354
2008-07-02,0.01363
2008-07-03,0.01372
2008-07-04,0.01381
2008-07-05,0.01389
2008-07-06,0.01398
2008-07-07,0.01406
2008-07-08,0.01415
2008-07-09,0.01423
2008-07-10,0.01431
2008-07-11,0.01438
2008-07-12,0.01446
2008-07-13,0.01454
2008-07-14,0.01461
2008-07-15,0.01468
2008-07-16,0.01475
2008-07-17,0.01482
2008-07-18,0.01488
2008-07-19,0.01495
2008-07-20,0.01501
2008-07-21,0.01507
2008-07-22,0.01513
2008-07-23,0.01519
2008-07-24,0.01524
2008-07-25,0.01530
2008-07-26,0.01535
2008-07-27,0.01540
2008-07-28,0.01545
2008-07-29,0.01549
2008-07-30,0.01554
2008-07-31,0.01558
2008-08-01,0.01560
2008-08-02,0.01563
2008-08-03,0.01567
2008-08-04,0.01571
2008-08-05,0.01574
2008-08-06,0.01577
2008-08-07,0.01580
2008-08-08,0.01583
2008-08-09,0.01585
2008-08-10,0.01588
2008-08-11,0.01590
2008-08-12,0.01592
2008-08-13,0.01594
2008-08-14,0.01595
2008-08-15,0.01596
2008-08-16,0.01598
2008-08-17,0.01598
2008-08-18,0.01599
2008-08-19,0.01600
2008-08-20,0.01600
2008-08-21,0.01600
2008-08-22,0.01600
2008-08-23,0.01600
2008-08-24,0.01599
2008-08-25,0.01598
2008-08-26,0.01597
2008-08-27,0.01596
2008-08-28,0.01595
2008-08-29,0.01593
2008-08-30,0.01591
2008-08-31,0.01589
2008-09-01,0.01588
2008-09-02,0.01586
2008-09-03,0.01584
2008-09-04,0.01581
2008-09-05,0.01578
2008-09-06,0.01575
2008-09-07,0.01572
2008-09-08,0.01568
2008-09-09,0.01565
2008-09-10,0.01561
2008-09-11,0.01557
2008-09-12,0.01552
2008-09-13,0.01548
2008-09-14,0.01543
2008-09-15,0.01538
2008-09-16,0.01533
2008-09-17,0.01528
2008-09-18,0.01523
2008-09-19,0.01517
2008-09-20,0.01511
2008-09-21,0.01505
2008-09-22,0.01499
2008-09-23,0.01493
2008-09-24,0.01486
2008-09-25,0.01480
2008-09-26,0.01473
2008-09-27,0.01466
2008-09-28,0.01459
2008-09-29,0.01451
2008-09-30,0.01444
2008-10-01,0.01433
2008-10-02,0.01425
2008-10-03,0.01417
2008-10-04,0.01409
2008-10-05,0.01400
2008-10-06,0.01392
2008-10-07,0.01383
2008-10-08,0.01374
2008-10-09,0.01365
2008-10-10,0.01356
2008-10-11,0.01347
2008-10-12,0.01338
2008-10-13,0.01328
2008-10-14,0.01319
2008-10-15,0.01309
2008-10-16,0.01299
2008-10-17,0.01289
2008-10-18,0.01279
2008-10-19,0.01269
2008-10-20,0.01259
2008-10-21,0.01248
2008-10-22,0.01238
2008-10-23,0.01227
2008-10-24,0.01217
2008-10-25,0.01206
2008-10-26,0.01195
2008-10-27,0.01184
2008-10-28,0.01173
2008-10-29,0.01162
2008-10-30,0.01151
2008-10-31,0.01139
2008-11-01,0.01134
2008-11-02,0.01123
2008-11-03,0.01112
2008-11-04,0.01100
2008-11-05,0.01089
2008-11-06,0.01077
2008-11-07,0.01065
2008-11-08,0.01053
2008-11-09,0.01042
2008-11-10,0.01030
2008-11-11,0.01018
2008-11-12,0.01006
2008-11-13,0.00994
2008-11-14,0.00982
2008-11-15,0.00970
2008-11-16,0.00958
2008-11-17,0.00946
2008-11-18,0.00934
2008-11-19,0.00922
2008-11-20,0.00910
2008-11-21,0.00898
2008-11-22,0.00886
2008-11-23,0.00874
2008-11-24,0.00862
2008-11-25,0.00850
2008-11-26,0.00838
2008-11-27,0.00826
2008-11-28,0.00814
2008-11-29,0.00802
2008-11-30,0.00790
2008-12-01,0.00773
2008-12-02,0.00761
2008-12-03,0.00750
2008-12-04,0.00738
2008-12-05,0.00726
2008-12-06,0.00715
2008-12-07,0.00703
2008-12-08,0.00691
2008-12-09,0.00680
2008-12-10,0.00669
2008-12-11,0.00657
2008-12-12,0.00646
2008-12-13,0.00635
2008-12-14,0.00624
2008-12-15,0.00613
2008-12-16,0.00602
2008-12-17,0.00591
2008-12-18,0.00580
2008-12-19,0.00569
2008-12-20,0.00559
2008-12-21,0.00548
2008-12-22,0.00538
2008-12-23,0.00528
2008-12-24,0.00518
2008-12-25,0.00508
2008-12-26,0.00498
2008-12-27,0.00488
2008-12-28,0.00478
2008-12-29,0.00469
2008-12-30,0.00459
2008-12-31,0.00450
2009-01-01,0.00446
2009-01-02,0.00437
2009-01-03,0.00428
2009-01-04,0.00419
2009-01-05,0.00411
2009-01-06,0.00402
2009-01-07,0.00394
2009-01-08,0.00385
2009-01-09,0.00377
2009-01-10,0.00369
2009-01-11,0.00362
2009-01-12,0.00354
2009-01-13,0.00347
2009-01-14,0.00339
2009-01-15,0.00332
2009-01-16,0.00325
2009-01-17,0.00318
2009-01-18,0.00312
2009-01-19,0.00305
2009-01-20,0.00299
2009-01-21,0.00293
2009-01-22,0.00287
2009-01-23,0.00281
2009-01-24,0.00276
2009-01-25,0.00270
2009-01-26,0.00265
2009-01-27,0.00260
2009-01-28,0.00256
2009-01-29,0.00251
2009-01-30,0.00247
2009-01-31,0.00242
2009-02-01,0.00241
2009-02-02,0.00237
2009-02-03,0.00233
2009-02-04,0.00229
2009-02-05,0.00226
2009-02-06,0.00223
2009-02-07,0.00220
2009-02-08,0.00217
2009-02-09,0.00215
2009-02-10,0.00212
2009-02-11,0.00210
2009-02-12,0.00208
2009-02-13,0.00206
2009-02-14,0.00205
2009-02-15,0.00204
2009-02-16,0.00202
2009-02-17,0.00202
2009-02-18,0.00201
2009-02-19,0.00200
2009-02-20,0.00200
2009-02-21,0.00200
2009-02-22,0.00200
2009-02-23,0.00200
2009-02-24,0.00201
2009-02-25,0.00202
2009-02-26,0.00203
2009-02-27,0.00204
2009-02-28,0.00205
2009-03-01,0.00212
2009-03-02,0.00214
2009-03-03,0.00216
2009-03-04,0.00219
2009-03-05,0.00222
2009-03-06,0.00225
2009-03-07,0.00228
2009-03-08,0.00232
2009-03-09,0.00235
2009-03-10,0.00239
2009-03-11,0.00243
2009-03-12,0.00248
2009-03-13,0.00252
2009-03-14,0.00257
2009-03-15,0.00262
2009-03-16,0.00267
2009-03-17,0.00272
2009-03-18,0.00277
2009-03-19,0.00283
2009-03-20,0.00289
2009-03-21,0.00295
2009-03-22,0.00301
2009-03-23,0.00307
2009-03-24,0.00313
2009-03-25,0.00320
2009-03-26,0.00327
2009-03-27,0.00334
2009-03-28,0.00341
2009-03-29,0.00348
2009-03-30,0.00356
2009-03-31,0.00364
2009-04-01,0.00367
2009-04-02,0.00375
2009-04-03,0.00383
2009-04-04,0.00391
2009-04-05,0.00400
2009-04-06,0.00408
2009-04-07,0.00417
2009-04-08,0.00425
2009-04-09,0.00434
2009-04-10,0.00443
2009-04-11,0.00453
2009-04-12,0.00462
2009-04-13,0.00471
2009-04-14,0.00481
2009-04-15,0.00491
2009-04-16,0.00501
2009-04-17,0.00510
2009-04-18,0.00521
2009-04-19,0.00531
2009-04-20,0.00541
2009-04-21,0.00551
2009-04-22,0.00562
2009-04-23,0.00572
2009-04-24,0.00583
2009-04-25,0.00594
2009-04-26,0.00605
2009-04-27,0.00616
2009-04-28,0.00627
2009-04-29,0.00638
2009-04-30,0.00649
2009-05-01,0.00665
2009-05-02,0.00677
2009-05-03,0.00688
2009-05-04,0.00700
2009-05-05,0.00711
2009-05-06,0.00723
2009-05-07,0.00735
2009-05-08,0.00746
2009-05-09,0.00758
2009-05-10,0.00770
2009-05-11,0.00782
2009-05-12,0.00794
2009-05-13,0.00806
2009-05-14,0.00818
2009-05-15,0.00829
2009-05-16,0.00841
2009-05-17,0.00853
2009-05-18,0.00866
2009-05-19,0.00878
2009-05-20,0.00890
2009-05-21,0.00902
2009-05-22,0.00914
2009-05-23,0.00926
2009-05-24,0.00938
2009-05-25,0.00950
2009-05-26,0.00962
2009-05-27,0.00974
2009-05-28,0.00986
2009-05-29,0.00998
2009-05-30,0.01010
2009-05-31,0.01021
2009-06-01,0.01027
2009-06-02,0.01038
2009-06-03,0.01050
2009-06-04,0.01062
2009-06-05,0.01074
2009-06-06,0.01085
2009-06-07,0.01097
2009-06-08,0.01108
2009-06-09,0.01120
2009-06-10,0.01131
2009-06-11,0.01143
2009-06-12,0.01154
2009-06-13,0.01165
2009-06-14,0.01176
2009-06-15,0.01187
2009-06-16,0.01198
2009-06-17,0.01209
2009-06-18,0.01220
2009-06-19,0.01230
2009-06-20,0.01241
2009-06-21,0.01251
2009-06-22,0.01262
2009-06-23,0.01272
2009-06-24,0.01282
2009-06-25,0.01292
2009-06-26,0.01302
2009-06-27,0.01312
2009-06-28,0.01322
2009-06-29,0.01331
2009-06-30,0.01341
2009-07-01,0.01354
2009-07-02,0.01363
2009-07-03,0.01372
2009-07-04,0.01381
2009-07-05,0.01389
2009-07-06,0.01398
2009-07-07,0.01406
2009-07-08,0.01415
2009-07-09,0.01423
2009-07-10,0.01431
2009-07-11,0.01438
2009-07-12,0.01446
2009-07-13,0.01454
2009-07-14,0.01461
2009-07-15,0.01468
2009-07-16,0.01475
2009-07-17,0.01482
2009-07-18,0.01488
2009-07-19,0.01495
2009-07-20,0.01501
2009-07-21,0.01507
2009-07-22,0.01513
2009-07-23,0.01519
2009-07-24,0.01524
2009-07-25,0.01530
2009-07-26,0.01535
2009-07-27,0.01540
2009-07-28,0.01545
2009-07-29,0.01549
2009-07-30,0.01554
2009-07-31,0.01558
2009-08-01,0.01560
2009-08-02,0.01563
2009-08-03,0.01567
2009-08-04,0.01571
2009-08-05,0.01574
2009-08-06,0.01577
2009-08-07,0.01580
2009-08-08,0.01583
2009-08-09,0.01585
2009-08-10,0.01588
2009-08-11,0.01590
2009-08-12,0.01592
2009-08-13,0.01594
2009-08-14,0.01595
2009-08-15,0.01596
2009-08-16,0.01598
2009-08-17,0.01598
2009-08-18,0.01599
2009-08-19,0.01600
2009-08-20,0.01600
2009-08-21,0.01600
2009-08-22,0.01600
2009-08-23,0.01600
2009-08-24,0.01599
2009-08-25,0.01598
2009-08-26,0.01597
2009-08-27,0.01596
2009-08-28,0.01595
2009-08-29,0.01593
2009-08-30,0.01591
2009-08-31,0.01589
2009-09-01,0.01588
2009-09-02,0.01586
2009-09-03,0.01584
2009-09-04,0.01581
2009-09-05,0.01578
2009-09-06,0.01575
2009-09-07,0.01572
2009-09-08,0.01568
2009-09-09,0.01565
2009-09-10,0.01561
2009-09-11,0.01557
2009-09-12,0.01552
2009-09-13,0.01548
2009-09-14,0.01543
2009-09-15,0.01538
2009-09-16,0.01533
2009-09-17,0.01528
2009-09-18,0.01523
2009-09-19,0.01517
2009-09-20,0.01511
2009-09-21,0.01505
2009-09-22,0.01499
2009-09-23,0.01493
2009-09-24,0.01486
2009-09-25,0.01480
2009-09-26,0.01473
2009-09-27,0.01466
2009-09-28,0.01459
2009-09-29,0.01451
2009-09-30,0.01444
2009-10-01,0.01433
2009-10-02,0.01425
2009-10-03,0.01417
2009-10-04,0.01409
2009-10-05,0.01400
2009-10-06,0.01392
2009-10-07,0.01383
2009-10-08,0.01374
2009-10-09,0.01365
2009-10-10,0.01356
2009-10-11,0.01347
2009-10-12,0.01338
2009-10-13,0.01328
2009-10-14,0.01319
2009-10-15,0.01309
2009-10-16,0.01299
2009-10-17,0.01289
2009-10-18,0.01279
2009-10-19,0.01269
2009-10-20,0.01259
2009-10-21,0.01248
2009-10-22,0.01238
2009-10-23,0.01227
2009-10-24,0.01217
2009-10-25,0.01206
2009-10-26,0.01195
2009-10-27,0.01184
2009-10-28,0.01173
2009-10-29,0.01162
2009-10-30,0.01151
2009-10-31,0.01139
2009-11-01,0.01134
2009-11-02,0.01123
2009-11-03,0.01112
2009-11-04,0.01100
2009-11-05,0.01089
2009-11-06,0.01077
2009-11-07,0.01065
2009-11-08,0.01053
2009-11-09,0.01042
2009-11-10,0.01030
2009-11-11,0.01018
2009-11-12,0.01006
2009-11-13,0.00994
2009-11-14,0.00982
2009-11-15,0.00970
2009-11-16,0.00958
2009-11-17,0.00946
2009-11-18,0.00934
2009-11-19,0.00922
2009-11-20,0.00910
2009-11-21,0.00898
2009-11-22,0.00886
2009-11-23,0.00874
2009-11-24,0.00862
2009-11-25,0.00850
2009-11-26,0.00838
2009-11-27,0.00826
2009-11-28,0.00814
2009-11-29,0.00802
2009-11-30,0.00790
2009-12-01,0.00773
2009-12-02,0.00761
2009-12-03,0.00750
2009-12-04,0.00738
2009-12-05,0.00726
2009-12-06,0.00715
2009-12-07,0.00703
2009-12-08,0.00691
2009-12-09,0.00680
2009-12-10,0.00669
2009-12-11,0.00657
2009-12-12,0.00646
2009-12-13,0.00635
2009-12-14,0.00624
2009-12-15,0.00613
2009-12-16,0.00602
2009-12-17,0.00591
2009-12-18,0.00580
2009-12-19,0.00569
2009-12-20,0.00559
2009-12-21,0.00548
2009-12-22,0.00538
2009-12-23,0.00528
2009-12-24,0.00518
2009-12-25,0.00508
2009-12-26,0.00498
2009-12-27,0.00488
2009-12-28,0.00478
2009-12-29,0.00469
2009-12-30,0.00459
2009-12-31,0.00450
2010-01-01,0.00446
2010-01-02,0.00437
2010-01-03,0.00428
2010-01-04,0.00419
2010-01-05,0.00411
2010-01-06,0.00402
2010-01-07,0.00394
2010-01-08,0.00385
2010-01-09,0.00377
2010-01-10,0.00369
2010-01-11,0.00362
2010-01-12,0.00354
2010-01-13,0.00347
2010-01-14,0.00339
2010-01-15,0.00332
2010-01-16,0.00325
2010-01-17,0.00318
2010-01-18,0.00312
2010-01-19,0.00305
2010-01-20,0.00299
2010-01-21,0.00293
2010-01-22,0.00287
2010-01-23,0.00281
2010-01-24,0.00276
2010-01-25,0.00270
2010-01-26,0.00265
2010-01-27,0.00260
2010-01-28,0.00256
2010-01-29,0.00251
2010-01-30,0.00247
2010-01-31,0.00242
2010-02-01,0.00241
2010-02-02,0.00237
2010-02-03,0.00233
2010-02-04,0.00229
2010-02-05,0.00226
2010-02-06,0.00223
2010-02-07,0.00220
2010-02-08,0.00217
2010-02-09,0.00215
2010-02-10,0.00212
2010-02-11,0.00210
2010-02-12,0.00208
2010-02-13,0.00206
2010-02-14,0.00205
2010-02-15,0.00204
2010-02-16,0.00202
2010-02-17,0.00202
2010-02-18,0.00201
2010-02-19,0.00200
2010-02-20,0.00200
2010-02-21,0.00200
2010-02-22,0.00200
2010-02-23,0.00200
2010-02-24,0.00201
2010-02-25,0.00202
2010-02-26,0.00203
2010-02-27,0.00204
2010-02-28,0.00205
2010-03-01,0.00212
2010-03-02,0.00214
2010-03-03,0.00216
2010-03-04,0.00219
2010-03-05,0.00222
2010-03-06,0.00225
2010-03-07,0.00228
2010-03-08,0.00232
2010-03-09,0.00235
2010-03-10,0.00239
2010-03-11,0.00243
2010-03-12,0.00248
2010-03-13,0.00252
2010-03-14,0.00257
2010-03-15,0.00262
2010-03-16,0.00267
2010-03-17,0.00272
2010-03-18,0.00277
2010-03-19,0.00283
2010-03-20,0.00289
2010-03-21,0.00295
2010-03-22,0.00301
2010-03-23,0.00307
2010-03-24,0.00313
2010-03-25,0.00320
2010-03-26,0.00327
2010-03-27,0.00334
2010-03-28,0.00341
2010-03-29,0.00348
2010-03-30,0.00356
2010-03-31,0.00364
2010-04-01,0.00367
2010-04-02,0.00375
2010-04-03,0.00383
2010-04-04,0.00391
2010-04-05,0.00400
2010-04-06,0.00408
2010-04-07,0.00417
2010-04-08,0.00425
2010-04-09,0.00434
2010-04-10,0.00443
2010-04-11,0.00453
2010-04-12,0.00462
2010-04-13,0.00471
2010-04-14,0.00481
2010-04-15,0.00491
2010-04-16,0.00501
2010-04-17,0.00510
2010-04-18,0.00521
2010-04-19,0.00531
2010-04-20,0.00541
2010-04-21,0.00551
2010-04-22,0.00562
2010-04-23,0.00572
2010-04-24,0.00583
2010-04-25,0.00594
2010-04-26,0.00605
2010-04-27,0.00616
2010-04-28,0.00627
2010-04-29,0.00638
2010-04-30,0.00649
2010-05-01,0.00665
2010-05-02,0.00677
2010-05-03,0.00688
2010-05-04,0.00700
2010-05-05,0.00711
2010-05-06,0.00723
2010-05-07,0.00735
2010-05-08,0.00746
2010-05-09,0.00758
2010-05-10,0.00770
2010-05-11,0.00782
2010-05-12,0.00794
2010-05-13,0.00806
2010-05-14,0.00818
2010-05-15,0.00829
2010-05-16,0.00841
2010-05-17,0.00853
2010-05-18,0.00866
2010-05-19,0.00878
2010-05-20,0.00890
2010-05-21,0.00902
2010-05-22,0.00914
2010-05-23,0.00926
2010-05-24,0.00938
2010-05-25,0.00950
2010-05-26,0.00962
2010-05-27,0.00974
2010-05-28,0.00986
2010-05-29,0.00998
2010-05-30,0.01010
2010-05-31,0.01021
2010-06-01,0.01027
2010-06-02,0.01038
2010-06-03,0.01050
2010-06-04,0.01062
2010-06-05,0.01074
2010-06-06,0.01085
2010-06-07,0.01097
2010-06-08,0.01108
2010-06-09,0.01120
2010-06-10,0.01131
2010-06-11,0.01143
2010-06-12,0.01154
2010-06-13,0.01165
2010-06-14,0.01176
2010-06-15,0.01187
2010-06-16,0.01198
2010-06-17,0.01209
2010-06-18,0.01220
2010-06-19,0.01230
2010-06-20,0.01241
2010-06-21,0.01251
2010-06-22,0.01262
2010-06-23,0.01272
2010-06-24,0.01282
2010-06-25,0.01292
2010-06-26,0.01302
2010-06-27,0.01312
2010-06-28,0.01322
2010-06-29,0.01331
2010-06-30,0.01341
2010-07-01,0.01354
2010-07-02,0.01363
2010-07-03,0.01372
2010-07-04,0.01381
2010-07-05,0.01389
2010-07-06,0.01398
2010-07-07,0.01406
2010-07-08,0.01415
2010-07-09,0.01423
2010-07-10,0.01431
2010-07-11,0.01438
2010-07-12,0.01446
2010-07-13,0.01454
2010-07-14,0.01461
2010-07-15,0.01468
2010-07-16,0.01475
2010-07-17,0.01482
2010-07-18,0.01488
2010-07-19,0.01495
2010-07-20,0.01501
2010-07-21,0.01507
2010-07-22,0.01513
2010-07-23,0.01519
2010-07-24,0.01524
2010-07-25,0.01530
2010-07-26,0.01535
2010-07-27,0.01540
2010-07-28,0.01545
2010-07-29,0.01549
2010-07-30,0.01554
2010-07-31,0.01558
2010-08-01,0.01560
2010-08-02,0.01563
2010-08-03,0.01567
2010-08-04,0.01571
2010-08-05,0.01574
2010-08-06,0.01577
2010-08-07,0.01580
2010-08-08,0.01583
2010-08-09,0.01585
2010-08-10,0.01588
2010-08-11,0.01590
2010-08-12,0.01592
2010-08-13,0.01594
2010-08-14,0.01595
2010-08-15,0.01596
2010-08-16,0.01598
2010-08-17,0.01598
2010-08-18,0.01599
2010-08-19,0.01600
2010-08-20,0.01600
2010-08-21,0.01600
2010-08-22,0.01600
2010-08-23,0.01600
2010-08-24,0.01599
2010-08-25,0.01598
2010-08-26,0.01597
2010-08-27,0.01596
2010-08-28,0.01595
2010-08-29,0.01593
2010-08-30,0.01591
2010-08-31,0.01589
2010-09-01,0.01588
2010-09-02,0.01586
2010-09-03,0.01584
2010-09-04,0.01581
2010-09-05,0.01578
2010-09-06,0.01575
2010-09-07,0.01572
2010-09-08,0.01568
2010-09-09,0.01565
2010-09-10,0.01561
2010-09-11,0.01557
2010-09-12,0.01552
2010-09-13,0.01548
2010-09-14,0.01543
2010-09-15,0.01538
2010-09-16,0.01533
2010-09-17,0.01528
2010-09-18,0.01523
2010-09-19,0.01517
2010-09-20,0.01511
2010-09-21,0.01505
2010-09-22,0.01499
2010-09-23,0.01493
2010-09-24,0.01486
2010-09-25,0.01480
2010-09-26,0.01473
2010-09-27,0.01466
2010-09-28,0.01459
2010-09-29,0.01451
2010-09-30,0.01444
2010-10-01,0.01433
2010-10-02,0.01425
2010-10-03,0.01417
2010-10-04,0.01409
2010-10-05,0.01400
2010-10-06,0.01392
2010-10-07,0.01383
2010-10-08,0.01374
2010-10-09,0.01365
2010-10-10,0.01356
2010-10-11,0.01347
2010-10-12,0.01338
2010-10-13,0.01328
2010-10-14,0.01319
2010-10-15,0.01309
2010-10-16,0.01299
2010-10-17,0.01289
2010-10-18,0.01279
2010-10-19,0.01269
2010-10-20,0.01259
2010-10-21,0.01248
2010-10-22,0.01238
2010-10-23,0.01227
2010-10-24,0.01217
2010-10-25,0.01206
2010-10-26,0.01195
2010-10-27,0.01184
2010-10-28,0.01173
2010-10-29,0.01162
2010-10-30,0.01151
2010-10-31,0.01139
2010-11-01,0.01134
2010-11-02,0.01123
2010-11-03,0.01112
2010-11-04,0.01100
2010-11-05,0.01089
2010-11-06,0.01077
2010-11-07,0.01065
2010-11-08,0.01053
2010-11-09,0.01042
2010-11-10,0.01030
2010-11-11,0.01018
2010-11-12,0.01006
2010-11-13,0.00994
2010-11-14,0.00982
2010-11-15,0.00970
2010-11-16,0.00958
2010-11-17,0.00946
2010-11-18,0.00934
2010-11-19,0.00922
2010-11-20,0.00910
2010-11-21,0.00898
2010-11-22,0.00886
2010-11-23,0.00874
2010-11-24,0.00862
2010-11-25,0.00850
2010-11-26,0.00838
2010-11-27,0.00826
2010-11-28,0.00814
2010-11-29,0.00802
2010-11-30,0.00790
2010-12-01,0.00773
2010-12-02,0.00761
2010-12-03,0.00750
2010-12-04,0.00738
2010-12-05,0.00726
2010-12-06,0.00715
2010-12-07,0.00703
2010-12-08,0.00691
2010-12-09,0.00680
2010-12-10,0.00669
2010-12-11,0.00657
2010-12-12,0.00646
2010-12-13,0.00635
2010-12-14,0.00624
2010-12-15,0.00613
2010-12-16,0.00602
2010-12-17,0.00591
2010-12-18,0.00580
2010-12-19,0.00569
2010-12-20,0.00559
2010-12-21,0.00548
2010-12-22,0.00538
2010-12-23,0.00528
2010-12-24,0.00518
2010-12-25,0.00508
2010-12-26,0.00498
2010-12-27,0.00488
2010-12-28,0.00478
2010-12-29,0.00469
2010-12-30,0.00459
2010-12-31,0.00450
2011-01-01,0.00446
2011-01-02,0.00437
2011-01-03,0.00428
2011-01-04,0.00419
2011-01-05,0.00411
2011-01-06,0.00402
2011-01-07,0.00394
2011-01-08,0.00385
2011-01-09,0.00377
2011-01-10,0.00369
2011-01-11,0.00362
2011-01-12,0.00354
2011-01-13,0.00347
2011-01-14,0.00339
2011-01-15,0.00332
2011-01-16,0.00325
2011-01-17,0.00318
2011-01-18,0.00312
2011-01-19,0.00305
2011-01-20,0.00299
2011-01-21,0.00293
2011-01-22,0.00287
2011-01-23,0.00281
2011-01-24,0.00276
2011-01-25,0.00270
2011-01-26,0.00265
2011-01-27,0.00260
2011-01-28,0.00256
2011-01-29,0.00251
2011-01-30,0.00247
2011-01-31,0.00242
2011-02-01,0.00241
2011-02-02,0.00237
2011-02-03,0.00233
2011-02-04,0.00229
2011-02-05,0.00226
2011-02-06,0.00223
2011-02-07,0.00220
2011-02-08,0.00217
2011-02-09,0.00215
2011-02-10,0.00212
2011-02-11,0.00210
2011-02-12,0.00208
2011-02-13,0.00206
2011-02-14,0.00205
2011-02-15,0.00204
2011-02-16,0.00202
2011-02-17,0.00202
2011-02-18,0.00201
2011-02-19,0.00200
2011-02-20,0.00200
2011-02-21,0.00200
2011-02-22,0.00200
2011-02-23,0.00200
2011-02-24,0.00201
2011-02-25,0.00202
2011-02-26,0.00203
2011-02-27,0.00204
2011-02-28,0.00205
2011-03-01,0.00212
2011-03-02,0.00214
2011-03-03,0.00216
2011-03-04,0.00219
2011-03-05,0.00222
2011-03-06,0.00225
2011-03-07,0.00228
2011-03-08,0.00232
2011-03-09,0.00235
2011-03-10,0.00239
2011-03-11,0.00243
2011-03-12,0.00248
2011-03-13,0.00252
2011-03-14,0.00257
2011-03-15,0.00262
2011-03-16,0.00267
2011-03-17,0.00272
2011-03-18,0.00277
2011-03-19,0.00283
2011-03-20,0.00289
2011-03-21,0.00295
2011-03-22,0.00301
2011-03-23,0.00307
2011-03-24,0.00313
2011-03-25,0.00320
2011-03-26,0.00327
2011-03-27,0.00334
2011-03-28,0.00341
2011-03-29,0.00348
2011-03-30,0.00356
2011-03-31,0.00364
2011-04-01,0.00367
2011-04-02,0.00375
2011-04-03,0.00383
2011-04-04,0.00391
2011-04-05,0.00400
2011-04-06,0.00408
2011-04-07,0.00417
2011-04-08,0.00425
2011-04-09,0.00434
2011-04-10,0.00443
2011-04-11,0.00453
2011-04-12,0.00462
2011-04-13,0.00471
2011-04-14,0.00481
2011-04-15,0.00491
2011-04-16,0.00501
2011-04-17,0.00510
2011-04-18,0.00521
2011-04-19,0.00531
2011-04-20,0.00541
2011-04-21,0.00551
2011-04-22,0.00562
2011-04-23,0.00572
2011-04-24,0.00583
2011-04-25,0.00594
2011-04-26,0.00605
2011-04-27,0.00616
2011-04-28,0.00627
2011-04-29,0.00638
2011-04-30,0.00649
2011-05-01,0.00665
2011-05-02,0.00677
2011-05-03,0.00688
2011-05-04,0.00700
2011-05-05,0.00711
2011-05-06,0.00723
2011-05-07,0.00735
2011-05-08,0.00746
2011-05-09,0.00758
2011-05-10,0.00770
2011-05-11,0.00782
2011-05-12,0.00794
2011-05-13,0.00806
2011-05-14,0.00818
2011-05-15,0.00829
2011-05-16,0.00841
2011-05-17,0.00853
2011-05-18,0.00866
2011-05-19,0.00878
2011-05-20,0.00890
2011-05-21,0.00902
2011-05-22,0.00914
2011-05-23,0.00926
2011-05-24,0.00938
2011-05-25,0.00950
2011-05-26,0.00962
2011-05-27,0.00974
2011-05-28,0.00986
2011-05-29,0.00998
2011-05-30,0.01010
2011-05-31,0.01021
2011-06-01,0.01027
2011-06-02,0.01038
2011-06-03,0.01050
2011-06-04,0.01062
2011-06-05,0.01074
2011-06-06,0.01085
2011-06-07,0.01097
2011-06-08,0.01108
2011-06-09,0.01120
2011-06-10,0.01131
2011-06-11,0.01143
2011-06-12,0.01154
2011-06-13,0.01165
2011-06-14,0.01176
2011-06-15,0.01187
2011-06-16,0.01198
2011-06-17,0.01209
2011-06-18,0.01220
2011-06-19,0.01230
2011-06-20,0.01241
2011-06-21,0.01251
2011-06-22,0.01262
2011-06-23,0.01272
2011-06-24,0.01282
2011-06-25,0.01292
2011-06-26,0.01302
2011-06-27,0.01312
2011-06-28,0.01322
2011-06-29,0.01331
2011-06-30,0.01341
2011-07-01,0.01354
2011-07-02,0.01363
2011-07-03,0.01372
2011-07-04,0.01381
2011-07-05,0.01389
2011-07-06,0.01398
2011-07-07,0.01406
2011-07-08,0.01415
2011-07-09,0.01423
2011-07-10,0.01431
2011-07-11,0.01438
2011-07-12,0.01446
2011-07-13,0.01454
2011-07-14,0.01461
2011-07-15,0.01468
2011-07-16,0.01475
2011-07-17,0.01482
2011-07-18,0.01488
2011-07-19,0.01495
2011-07-20,0.01501
2011-07-21,0.01507
2011-07-22,0.01513
2011-07-23,0.01519
2011-07-24,0.01524
2011-07-25,0.01530
2011-07-26,0.01535
2011-07-27,0.01540
2011-07-28,0.01545
2011-07-29,0.01549
2011-07-30,0.01554
2011-07-31,0.01558
2011-08-01,0.01560
2011-08-02,0.01563
2011-08-03,0.01567
2011-08-04,0.01571
2011-08-05,0.01574
2011-08-06,0.01577
2011-08-07,0.01580
2011-08-08,0.01583
2011-08-09,0.01585
2011-08-10,0.01588
2011-08-11,0.01590
2011-08-12,0.01592
2011-08-13,0.01594
2011-08-14,0.01595
2011-08-15,0.01596
2011-08-16,0.01598
2011-08-17,0.01598
2011-08-18,0.01599
2011-08-19,0.01600
2011-08-20,0.01600
2011-08-21,0.01600
2011-08-22,0.01600
2011-08-23,0.01600
2011-08-24,0.01599
2011-08-25,0.01598
2011-08-26,0.01597
2011-08-27,0.01596
2011-08-28,0.01595
2011-08-29,0.01593
2011-08-30,0.01591
2011-08-31,0.01589
2011-09-01,0.01588
2011-09-02,0.01586
2011-09-03,0.01584
2011-09-04,0.01581
2011-09-05,0.01578
2011-09-06,0.01575
2011-09-07,0.01572
2011-09-08,0.01568
2011-09-09,0.01565
2011-09-10,0.01561
2011-09-11,0.01557
2011-09-12,0.01552
2011-09-13,0.01548
2011-09-14,0.01543
2011-09-15,0.01538
2011-09-16,0.01533
2011-09-17,0.01528
2011-09-18,0.01523
2011-09-19,0.01517
2011-09-20,0.01511
2011-09-21,0.01505
2011-09-22,0.01499
2011-09-23,0.01493
2011-09-24,0.01486
2011-09-25,0.01480
2011-09-26,0.01473
2011-09-27,0.01466
2011-09-28,0.01459
2011-09-29,0.01451
2011-09-30,0.01444
2011-10-01,0.01433
2011-10-02,0.01425
2011-10-03,0.01417
2011-10-04,0.01409
2011-10-05,0.01400
2011-10-06,0.01392
2011-10-07,0.01383
2011-10-08,0.01374
2011-10-09,0.01365
2011-10-10,0.01356
2011-10-11,0.01347
2011-10-12,0.01338
2011-10-13,0.01328
2011-10-14,0.01319
2011-10-15,0.01309
2011-10-16,0.01299
2011-10-17,0.01289
2011-10-18,0.01279
2011-10-19,0.01269
2011-10-20,0.01259
2011-10-21,0.01248
2011-10-22,0.01238
2011-10-23,0.01227
2011-10-24,0.01217
2011-10-25,0.01206
2011-10-26,0.01195
2011-10-27,0.01184
2011-10-28,0.01173
2011-10-29,0.01162
2011-10-30,0.01151
2011-10-31,0.01139
2011-11-01,0.01134
2011-11-02,0.01123
2011-11-03,0.01112
2011-11-04,0.01100
2011-11-05,0.01089
2011-11-06,0.01077
2011-11-07,0.01065
2011-11-08,0.01053
2011-11-09,0.01042
2011-11-10,0.01030
2011-11-11,0.01018
2011-11-12,0.01006
2011-11-13,0.00994
2011-11-14,0.00982
2011-11-15,0.00970
2011-11-16,0.00958
2011-11-17,0.00946
2011-11-18,0.00934
2011-11-19,0.00922
2011-11-20,0.00910
2011-11-21,0.00898
2011-11-22,0.00886
2011-11-23,0.00874
2011-11-24,0.00862
2011-11-25,0.00850
2011-11-26,0.00838
2011-11-27,0.00826
2011-11-28,0.00814
2011-11-29,0.00802
2011-11-30,0.00790
2011-12-01,0.00773
2011-12-02,0.00761
2011-12-03,0.00750
2011-12-04,0.00738
2011-12-05,0.00726
2011-12-06,0.00715
2011-12-07,0.00703
2011-12-08,0.00691
2011-12-09,0.00680
2011-12-10,0.00669
2011-12-11,0.00657
2011-12-12,0.00646
2011-12-13,0.00635
2011-12-14,0.00624
2011-12-15,0.00613
2011-12-16,0.00602
2011-12-17,0.00591
2011-12-18,0.00580
2011-12-19,0.00569
2011-12-20,0.00559
2011-12-21,0.00548
2011-12-22,0.00538
2011-12-23,0.00528
2011-12-24,0.00518
2011-12-25,0.00508
2011-12-26,0.00498
2011-12-27,0.00488
2011-12-28,0.00478
2011-12-29,0.00469
2011-12-30,0.00459
2011-12-31,0.00450
2012-01-01,0.00446
2012-01-02,0.00437
2012-01-03,0.00428
2012-01-04,0.00419
2012-01-05,0.00411
2012-01-06,0.00402
2012-01-07,0.00394
2012-01-08,0.00385
2012-01-09,0.00377
2012-01-10,0.00369
2012-01-11,0.00362
2012-01-12,0.00354
2012-01-13,0.00347
2012-01-14,0.00339
2012-01-15,0.00332
2012-01-16,0.00325
2012-01-17,0.00318
2012-01-18,0.00312
2012-01-19,0.00305
2012-01-20,0.00299
2012-01-21,0.00293
2012-01-22,0.00287
2012-01-23,0.00281
2012-01-24,0.00276
2012-01-25,0.00270
2012-01-26,0.00265
2012-01-27,0.00260
2012-01-28,0.00256
2012-01-29,0.00251
2012-01-30,0.00247
2012-01-31,0.00242
2012-02-01,0.00241
2012-02-02,0.00237
2012-02-03,0.00233
2012-02-04,0.00229
2012-02-05,0.00226
2012-02-06,0.00223
2012-02-07,0.00220
2012-02-08,0.00217
2012-02-09,0.00215
2012-02-10,0.00212
2012-02-11,0.00210
2012-02-12,0.00208
2012-02-13,0.00206
2012-02-14,0.00205
2012-02-15,0.00204
2012-02-16,0.00202
2012-02-17,0.00202
2012-02-18,0.00201
2012-02-19,0.00200
2012-02-20,0.00200
2012-02-21,0.00200
2012-02-22,0.00200
2012-02-23,0.00200
2012-02-24,0.00201
2012-02-25,0.00202
2012-02-26,0.00203
2012-02-27,0.00204
2012-02-28,0.00205
2012-02-29,0.00207
2012-03-01,0.00212
2012-03-02,0.00214
2012-03-03,0.00216
2012-03-04,0.00219
2012-03-05,0.00222
2012-03-06,0.00225
2012-03-07,0.00228
2012-03-08,0.00232
2012-03-09,0.00235
2012-03-10,0.00239
2012-03-11,0.00243
2012-03-12,0.00248
2012-03-13,0.00252
2012-03-14,0.00257
2012-03-15,0.00262
2012-03-16,0.00267
2012-03-17,0.00272
2012-03-18,0.00277
2012-03-19,0.00283
2012-03-20,0.00289
2012-03-21,0.00295
2012-03-22,0.00301
2012-03-23,0.00307
2012-03-24,0.00313
2012-03-25,0.00320
2012-03-26,0.00327
2012-03-27,0.00334
2012-03-28,0.00341
2012-03-29,0.00348
2012-03-30,0.00356
2012-03-31,0.00364
2012-04-01,0.00367
2012-04-02,0.00375
2012-04-03,0.00383
2012-04-04,0.00391
2012-04-05,0.00400
2012-04-06,0.00408
2012-04-07,0.00417
2012-04-08,0.00425
2012-04-09,0.00434
2012-04-10,0.00443
2012-04-11,0.00453
2012-04-12,0.00462
2012-04-13,0.00471
2012-04-14,0.00481
2012-04-15,0.00491
2012-04-16,0.00501
2012-04-17,0.00510
2012-04-18,0.00521
2012-04-19,0.00531
2012-04-20,0.00541
2012-04-21,0.00551
2012-04-22,0.00562
2012-04-23,0.00572
2012-04-24,0.00583
2012-04-25,0.00594
2012-04-26,0.00605
2012-04-27,0.00616
2012-04-28,0.00627
2012-04-29,0.00638
2012-04-30,0.00649
2012-05-01,0.00665
2012-05-02,0.00677
2012-05-03,0.00688
2012-05-04,0.00700
2012-05-05,0.00711
2012-05-06,0.00723
2012-05-07,0.00735
2012-05-08,0.00746
2012-05-09,0.00758
2012-05-10,0.00770
2012-05-11,0.00782
2012-05-12,0.00794
2012-05-13,0.00806
2012-05-14,0.00818
2012-05-15,0.00829
2012-05-16,0.00841
2012-05-17,0.00853
2012-05-18,0.00866
2012-05-19,0.00878
2012-05-20,0.00890
2012-05-21,0.00902
2012-05-22,0.00914
2012-05-23,0.00926
2012-05-24,0.00938
2012-05-25,0.00950
2012-05-26,0.00962
2012-05-27,0.00974
2012-05-28,0.00986
2012-05-29,0.00998
2012-05-30,0.01010
2012-05-31,0.01021
2012-06-01,0.01027
2012-06-02,0.01038
2012-06-03,0.01050
2012-06-04,0.01062
2012-06-05,0.01074
2012-06-06,0.01085
2012-06-07,0.01097
2012-06-08,0.01108
2012-06-09,0.01120
2012-06-10,0.01131
2012-06-11,0.01143
2012-06-12,0.01154
2012-06-13,0.01165
2012-06-14,0.01176
2012-06-15,0.01187
2012-06-16,0.01198
2012-06-17,0.01209
2012-06-18,0.01220
2012-06-19,0.01230
2012-06-20,0.01241
2012-06-21,0.01251
2012-06-22,0.01262
2012-06-23,0.01272
2012-06-24,0.01282
2012-06-25,0.01292
2012-06-26,0.01302
2012-06-27,0.01312
2012-06-28,0.01322
2012-06-29,0.01331
2012-06-30,0.01341
2012-07-01,0.01354
2012-07-02,0.01363
2012-07-03,0.01372
2012-07-04,0.01381
2012-07-05,0.01389
2012-07-06,0.01398
2012-07-07,0.01406
2012-07-08,0.01415
2012-07-09,0.01423
2012-07-10,0.01431
2012-07-11,0.01438
2012-07-12,0.01446
2012-07-13,0.01454
2012-07-14,0.01461
2012-07-15,0.01468
2012-07-16,0.01475
2012-07-17,0.01482
2012-07-18,0.01488
2012-07-19,0.01495
2012-07-20,0.01501
2012-07-21,0.01507
2012-07-22,0.01513
2012-07-23,0.01519
2012-07-24,0.01524
2012-07-25,0.01530
2012-07-26,0.01535
2012-07-27,0.01540
2012-07-28,0.01545
2012-07-29,0.01549
2012-07-30,0.01554
2012-07-31,0.01558
2012-08-01,0.01560
2012-08-02,0.01563
2012-08-03,0.01567
2012-08-04,0.01571
2012-08-05,0.01574
2012-08-06,0.01577
2012-08-07,0.01580
2012-08-08,0.01583
2012-08-09,0.01585
2012-08-10,0.01588
2012-08-11,0.01590
2012-08-12,0.01592
2012-08-13,0.01594
2012-08-14,0.01595
2012-08-15,0.01596
2012-08-16,0.01598
2012-08-17,0.01598
2012-08-18,0.01599
2012-08-19,0.01600
2012-08-20,0.01600
2012-08-21,0.01600
2012-08-22,0.01600
2012-08-23,0.01600
2012-08-24,0.01599
2012-08-25,0.01598
2012-08-26,0.01597
2012-08-27,0.01596
2012-08-28,0.01595
2012-08-29,0.01593
2012-08-30,0.01591
2012-08-31,0.01589
2012-09-01,0.01588
2012-09-02,0.01586
2012-09-03,0.01584
2012-09-04,0.01581
2012-09-05,0.01578
2012-09-06,0.01575
2012-09-07,0.01572
2012-09-08,0.01568
2012-09-09,0.01565
2012-09-10,0.01561
2012-09-11,0.01557
2012-09-12,0.01552
2012-09-13,0.01548
2012-09-14,0.01543
2012-09-15,0.01538
2012-09-16,0.01533
2012-09-17,0.01528
2012-09-18,0.01523
2012-09-19,0.01517
2012-09-20,0.01511
2012-09-21,0.01505
2012-09-22,0.01499
2012-09-23,0.01493
2012-09-24,0.01486
2012-09-25,0.01480
2012-09-26,0.01473
2012-09-27,0.01466
2012-09-28,0.01459
2012-09-29,0.01451
2012-09-30,0.01444
2012-10-01,0.01433
2012-10-02,0.01425
2012-10-03,0.01417
2012-10-04,0.01409
2012-10-05,0.01400
2012-10-06,0.01392
2012-10-07,0.01383
2012-10-08,0.01374
2012-10-09,0.01365
2012-10-10,0.01356
2012-10-11,0.01347
2012-10-12,0.01338
2012-10-13,0.01328
2012-10-14,0.01319
2012-10-15,0.01309
2012-10-16,0.01299
2012-10-17,0.01289
2012-10-18,0.01279
2012-10-19,0.01269
2012-10-20,0.01259
2012-10-21,0.01248
2012-10-22,0.01238
2012-10-23,0.01227
2012-10-24,0.01217
2012-10-25,0.01206
2012-10-26,0.01195
2012-10-27,0.01184
2012-10-28,0.01173
2012-10-29,0.01162
2012-10-30,0.01151
2012-10-31,0.01139
2012-11-01,0.01134
2012-11-02,0.01123
2012-11-03,0.01112
2012-11-04,0.01100
2012-11-05,0.01089
2012-11-06,0.01077
2012-11-07,0.01065
2012-11-08,0.01053
2012-11-09,0.01042
2012-11-10,0.01030
2012-11-11,0.01018
2012-11-12,0.01006
2012-11-13,0.00994
2012-11-14,0.00982
2012-11-15,0.00970
2012-11-16,0.00958
2012-11-17,0.00946
2012-11-18,0.00934
2012-11-19,0.00922
2012-11-20,0.00910
2012-11-21,0.00898
2012-11-22,0.00886
2012-11-23,0.00874
2012-11-24,0.00862
2012-11-25,0.00850
2012-11-26,0.00838
2012-11-27,0.00826
2012-11-28,0.00814
2012-11-29,0.00802
2012-11-30,0.00790
2012-12-01,0.00773
2012-12-02,0.00761
2012-12-03,0.00750
2012-12-04,0.00738
2012-12-05,0.00726
2012-12-06,0.00715
2012-12-07,0.00703
2012-12-08,0.00691
2012-12-09,0.00680
2012-12-10,0.00669
2012-12-11,0.00657
2012-12-12,0.00646
2012-12-13,0.00635
2012-12-14,0.00624
2012-12-15,0.00613
2012-12-16,0.00602
2012-12-17,0.00591
2012-12-18,0.00580
2012-12-19,0.00569
2012-12-20,0.00559
2012-12-21,0.00548
2012-12-22,0.00538
2012-12-23,0.00528
2012-12-24,0.00518
2012-12-25,0.00508
2012-12-26,0.00498
2012-12-27,0.00488
2012-12-28,0.00478
2012-12-29,0.00469
2012-12-30,0.00459
2012-12-31,0.00450
2013-01-01,0.00446
2013-01-02,0.00437
2013-01-03,0.00428
2013-01-04,0.00419
2013-01-05,0.00411
2013-01-06,0.00402
2013-01-07,0.00394
2013-01-08,0.00385
2013-01-09,0.00377
2013-01-10,0.00369
2013-01-11,0.00362
2013-01-12,0.00354
2013-01-13,0.00347
2013-01-14,0.00339
2013-01-15,0.00332
2013-01-16,0.00325
2013-01-17,0.00318
2013-01-18,0.00312
2013-01-19,0.00305
2013-01-20,0.00299
2013-01-21,0.00293
2013-01-22,0.00287
2013-01-23,0.00281
2013-01-24,0.00276
2013-01-25,0.00270
2013-01-26,0.00265
2013-01-27,0.00260
2013-01-28,0.00256
2013-01-29,0.00251
2013-01-30,0.00247
2013-01-31,0.00242
2013-02-01,0.00241
2013-02-02,0.00237
2013-02-03,0.00233
2013-02-04,0.00229
2013-02-05,0.00226
2013-02-06,0.00223
2013-02-07,0.00220
2013-02-08,0.00217
2013-02-09,0.00215
2013-02-10,0.00212
2013-02-11,0.00210
2013-02-12,0.00208
2013-02-13,0.00206
2013-02-14,0.00205
2013-02-15,0.00204
2013-02-16,0.00202
2013-02-17,0.00202
2013-02-18,0.00201
2013-02-19,0.00200
2013-02-20,0.00200
2013-02-21,0.00200
2013-02-22,0.00200
2013-02-23,0.00200
2013-02-24,0.00201
2013-02-25,0.00202
2013-02-26,0.00203
2013-02-27,0.00204
2013-02-28,0.00205
2013-03-01,0.00212
2013-03-02,0.00214
2013-03-03,0.00216
2013-03-04,0.00219
2013-03-05,0.00222
2013-03-06,0.00225
2013-03-07,0.00228
2013-03-08,0.00232
2013-03-09,0.00235
2013-03-10,0.00239
2013-03-11,0.00243
2013-03-12,0.00248
2013-03-13,0.00252
2013-03-14,0.00257
2013-03-15,0.00262
2013-03-16,0.00267
2013-03-17,0.00272
2013-03-18,0.00277
2013-03-19,0.00283
2013-03-20,0.00289
2013-03-21,0.00295
2013-03-22,0.00301
2013-03-23,0.00307
2013-03-24,0.00313
2013-03-25,0.00320
2013-03-26,0.00327
2013-03-27,0.00334
2013-03-28,0.00341
2013-03-29,0.00348
2013-03-30,0.00356
2013-03-31,0.00364
2013-04-01,0.00367
2013-04-02,0.00375
2013-04-03,0.00383
2013-04-04,0.00391
2013-04-05,0.00400
2013-04-06,0.00408
2013-04-07,0.00417
2013-04-08,0.00425
2013-04-09,0.00434
2013-04-10,0.00443
2013-04-11,0.00453
2013-04-12,0.00462
2013-04-13,0.00471
2013-04-14,0.00481
2013-04-15,0.00491
2013-04-16,0.00501
2013-04-17,0.00510
2013-04-18,0.00521
2013-04-19,0.00531
2013-04-20,0.00541
2013-04-21,0.00551
2013-04-22,0.00562
2013-04-23,0.00572
2013-04-24,0.00583
2013-04-25,0.00594
2013-04-26,0.00605
2013-04-27,0.00616
2013-04-28,0.00627
2013-04-29,0.00638
2013-04-30,0.00649
2013-05-01,0.00665
2013-05-02,0.00677
2013-05-03,0.00688
2013-05-04,0.00700
2013-05-05,0.00711
2013-05-06,0.00723
2013-05-07,0.00735
2013-05-08,0.00746
2013-05-09,0.00758
2013-05-10,0.00770
2013-05-11,0.00782
2013-05-12,0.00794
2013-05-13,0.00806
2013-05-14,0.00818
2013-05-15,0.00829
2013-05-16,0.00841
2013-05-17,0.00853
2013-05-18,0.00866
2013-05-19,0.00878
2013-05-20,0.00890
2013-05-21,0.00902
2013-05-22,0.00914
2013-05-23,0.00926
2013-05-24,0.00938
2013-05-25,0.00950
2013-05-26,0.00962
2013-05-27,0.00974
2013-05-28,0.00986
2013-05-29,0.00998
2013-05-30,0.01010
2013-05-31,0.01021
2013-06-01,0.01027
2013-06-02,0.01038
2013-06-03,0.01050
2013-06-04,0.01062
2013-06-05,0.01074
2013-06-06,0.01085
2013-06-07,0.01097
2013-06-08,0.01108
2013-06-09,0.01120
2013-06-10,0.01131
2013-06-11,0.01143
2013-06-12,0.01154
2013-06-13,0.01165
2013-06-14,0.01176
2013-06-15,0.01187
2013-06-16,0.01198
2013-06-17,0.01209
2013-06-18,0.01220
2013-06-19,0.01230
2013-06-20,0.01241
2013-06-21,0.01251
2013-06-22,0.01262
2013-06-23,0.01272
2013-06-24,0.01282
2013-06-25,0.01292
2013-06-26,0.01302
2013-06-27,0.01312
2013-06-28,0.01322
2013-06-29,0.01331
2013-06-30,0.01341
2013-07-01,0.01354
2013-07-02,0.01363
2013-07-03,0.01372
2013-07-04,0.01381
2013-07-05,0.01389
2013-07-06,0.01398
2013-07-07,0.01406
2013-07-08,0.01415
2013-07-09,0.01423
2013-07-10,0.01431
2013-07-11,0.01438
2013-07-12,0.01446
2013-07-13,0.01454
2013-07-14,0.01461
2013-07-15,0.01468
2013-07-16,0.01475
2013-07-17,0.01482
2013-07-18,0.01488
2013-07-19,0.01495
2013-07-20,0.01501
2013-07-21,0.01507
2013-07-22,0.01513
2013-07-23,0.01519
2013-07-24,0.01524
2013-07-25,0.01530
2013-07-26,0.01535
2013-07-27,0.01540
2013-07-28,0.01545
2013-07-29,0.01549
2013-07-30,0.01554
2013-07-31,0.01558
2013-08-01,0.01560
2013-08-02,0.01563
2013-08-03,0.01567
2013-08-04,0.01571
2013-08-05,0.01574
2013-08-06,0.01577
2013-08-07,0.01580
2013-08-08,0.01583
2013-08-09,0.01585
2013-08-10,0.01588
2013-08-11,0.01590
2013-08-12,0.01592
2013-08-13,0.01594
2013-08-14,0.01595
2013-08-15,0.01596
2013-08-16,0.01598
2013-08-17,0.01598
2013-08-18,0.01599
2013-08-19,0.01600
2013-08-20,0.01600
2013-08-21,0.01600
2013-08-22,0.01600
2013-08-23,0.01600
2013-08-24,0.01599
2013-08-25,0.01598
2013-08-26,0.01597
2013-08-27,0.01596
2013-08-28,0.01595
2013-08-29,0.01593
2013-08-30,0.01591
2013-08-31,0.01589
2013-09-01,0.01588
2013-09-02,0.01586
2013-09-03,0.01584
2013-09-04,0.01581
2013-09-05,0.01578
2013-09-06,0.01575
2013-09-07,0.01572
2013-09-08,0.01568
2013-09-09,0.01565
2013-09-10,0.01561
2013-09-11,0.01557
2013-09-12,0.01552
2013-09-13,0.01548
2013-09-14,0.01543
2013-09-15,0.01538
2013-09-16,0.01533
2013-09-17,0.01528
2013-09-18,0.01523
2013-09-19,0.01517
2013-09-20,0.01511
2013-09-21,0.01505
2013-09-22,0.01499
2013-09-23,0.01493
2013-09-24,0.01486
2013-09-25,0.01480
2013-09-26,0.01473
2013-09-27,0.01466
2013-09-28,0.01459
2013-09-29,0.01451
2013-09-30,0.01444
2013-10-01,0.01433
2013-10-02,0.01425
2013-10-03,0.01417
2013-10-04,0.01409
2013-10-05,0.01400
2013-10-06,0.01392
2013-10-07,0.01383
2013-10-08,0.01374
2013-10-09,0.01365
2013-10-10,0.01356
2013-10-11,0.01347
2013-10-12,0.01338
2013-10-13,0.01328
2013-10-14,0.01319
2013-10-15,0.01309
2013-10-16,0.01299
2013-10-17,0.01289
2013-10-18,0.01279
2013-10-19,0.01269
2013-10-20,0.01259
2013-10-21,0.01248
2013-10-22,0.01238
2013-10-23,0.01227
2013-10-24,0.01217
2013-10-25,0.01206
2013-10-26,0.01195
2013-10-27,0.01184
2013-10-28,0.01173
2013-10-29,0.01162
2013-10-30,0.01151
2013-10-31,0.01139
2013-11-01,0.01134
2013-11-02,0.01123
2013-11-03,0.01112
2013-11-04,0.01100
2013-11-05,0.01089
2013-11-06,0.01077
2013-11-07,0.01065
2013-11-08,0.01053
2013-11-09,0.01042
2013-11-10,0.01030
2013-11-11,0.01018
2013-11-12,0.01006
2013-11-13,0.00994
2013-11-14,0.00982
2013-11-15,0.00970
2013-11-16,0.00958
2013-11-17,0.00946
2013-11-18,0.00934
2013-11-19,0.00922
2013-11-20,0.00910
2013-11-21,0.00898
2013-11-22,0.00886
2013-11-23,0.00874
2013-11-24,0.00862
2013-11-25,0.00850
2013-11-26,0.00838
2013-11-27,0.00826
2013-11-28,0.00814
2013-11-29,0.00802
2013-11-30,0.00790
2013-12-01,0.00773
2013-12-02,0.00761
2013-12-03,0.00750
2013-12-04,0.00738
2013-12-05,0.00726
2013-12-06,0.00715
2013-12-07,0.00703
2013-12-08,0.00691
2013-12-09,0.00680
2013-12-10,0.00669
2013-12-11,0.00657
2013-12-12,0.00646
2013-12-13,0.00635
2013-12-14,0.00624
2013-12-15,0.00613
2013-12-16,0.00602
2013-12-17,0.00591
2013-12-18,0.00580
2013-12-19,0.00569
2013-12-20,0.00559
2013-12-21,0.00548
2013-12-22,0.00538
2013-12-23,0.00528
2013-12-24,0.00518
2013-12-25,0.00508
2013-12-26,0.00498
2013-12-27,0.00488
2013-12-28,0.00478
2013-12-29,0.00469
2013-12-30,0.00459
2013-12-31,0.00450
2014-01-01,0.00446
2014-01-02,0.00437
2014-01-03,0.00428
2014-01-04,0.00419
2014-01-05,0.00411
2014-01-06,0.00402
2014-01-07,0.00394
2014-01-08,0.00385
2014-01-09,0.00377
2014-01-10,0.00369
2014-01-11,0.00362
2014-01-12,0.00354
2014-01-13,0.00347
2014-01-14,0.00339
2014-01-15,0.00332
2014-01-16,0.00325
2014-01-17,0.00318
2014-01-18,0.00312
2014-01-19,0.00305
2014-01-20,0.00299
2014-01-21,0.00293
2014-01-22,0.00287
2014-01-23,0.00281
2014-01-24,0.00276
2014-01-25,0.00270
2014-01-26,0.00265
2014-01-27,0.00260
2014-01-28,0.00256
2014-01-29,0.00251
2014-01-30,0.00247
2014-01-31,0.00242
2014-02-01,0.00241
2014-02-02,0.00237
2014-02-03,0.00233
2014-02-04,0.00229
2014-02-05,0.00226
2014-02-06,0.00223
2014-02-07,0.00220
2014-02-08,0.00217
2014-02-09,0.00215
2014-02-10,0.00212
2014-02-11,0.00210
2014-02-12,0.00208
2014-02-13,0.00206
2014-02-14,0.00205
2014-02-15,0.00204
2014-02-16,0.00202
2014-02-17,0.00202
2014-02-18,0.00201
2014-02-19,0.00200
2014-02-20,0.00200
2014-02-21,0.00200
2014-02-22,0.00200
2014-02-23,0.00200
2014-02-24,0.00201
2014-02-25,0.00202
2014-02-26,0.00203
2014-02-27,0.00204
2014-02-28,0.00205
2014-03-01,0.00212
2014-03-02,0.00214
2014-03-03,0.00216
2014-03-04,0.00219
2014-03-05,0.00222
2014-03-06,0.00225
2014-03-07,0.00228
2014-03-08,0.00232
2014-03-09,0.00235
2014-03-10,0.00239
2014-03-11,0.00243
2014-03-12,0.00248
2014-03-13,0.00252
2014-03-14,0.00257
2014-03-15,0.00262
2014-03-16,0.00267
2014-03-17,0.00272
2014-03-18,0.00277
2014-03-19,0.00283
2014-03-20,0.00289
2014-03-21,0.00295
2014-03-22,0.00301
2014-03-23,0.00307
2014-03-24,0.00313
2014-03-25,0.00320
2014-03-26,0.00327
2014-03-27,0.00334
2014-03-28,0.00341
2014-03-29,0.00348
2014-03-30,0.00356
2014-03-31,0.00364
2014-04-01,0.00367
2014-04-02,0.00375
2014-04-03,0.00383
2014-04-04,0.00391
2014-04-05,0.00400
2014-04-06,0.00408
2014-04-07,0.00417
2014-04-08,0.00425
2014-04-09,0.00434
2014-04-10,0.00443
2014-04-11,0.00453
2014-04-12,0.00462
2014-04-13,0.00471
2014-04-14,0.00481
2014-04-15,0.00491
2014-04-16,0.00501
2014-04-17,0.00510
2014-04-18,0.00521
2014-04-19,0.00531
2014-04-20,0.00541
2014-04-21,0.00551
2014-04-22,0.00562
2014-04-23,0.00572
2014-04-24,0.00583
2014-04-25,0.00594
2014-04-26,0.00605
2014-04-27,0.00616
2014-04-28,0.00627
2014-04-29,0.00638
2014-04-30,0.00649
2014-05-01,0.00665
2014-05-02,0.00677
2014-05-03,0.00688
2014-05-04,0.00700
2014-05-05,0.00711
2014-05-06,0.00723
2014-05-07,0.00735
2014-05-08,0.00746
2014-05-09,0.00758
2014-05-10,0.00770
2014-05-11,0.00782
2014-05-12,0.00794
2014-05-13,0.00806
2014-05-14,0.00818
2014-05-15,0.00829
2014-05-16,0.00841
2014-05-17,0.00853
2014-05-18,0.00866
2014-05-19,0.00878
2014-05-20,0.00890
2014-05-21,0.00902
2014-05-22,0.00914
2014-05-23,0.00926
2014-05-24,0.00938
2014-05-25,0.00950
2014-05-26,0.00962
2014-05-27,0.00974
2014-05-28,0.00986
2014-05-29,0.00998
2014-05-30,0.01010
2014-05-31,0.01021
2014-06-01,0.01027
2014-06-02,0.01038
2014-06-03,0.01050
2014-06-04,0.01062
2014-06-05,0.01074
2014-06-06,0.01085
2014-06-07,0.01097
2014-06-08,0.01108
2014-06-09,0.01120
2014-06-10,0.01131
2014-06-11,0.01143
2014-06-12,0.01154
2014-06-13,0.01165
2014-06-14,0.01176
2014-06-15,0.01187
2014-06-16,0.01198
2014-06-17,0.01209
2014-06-18,0.01220
2014-06-19,0.01230
2014-06-20,0.01241
2014-06-21,0.01251
2014-06-22,0.01262
2014-06-23,0.01272
2014-06-24,0.01282
2014-06-25,0.01292
2014-06-26,0.01302
2014-06-27,0.01312
2014-06-28,0.01322
2014-06-29,0.01331
2014-06-30,0.01341
2014-07-01,0.01354
2014-07-02,0.01363
2014-07-03,0.01372
2014-07-04,0.01381
2014-07-05,0.01389
2014-07-06,0.01398
2014-07-07,0.01406
2014-07-08,0.01415
2014-07-09,0.01423
2014-07-10,0.01431
2014-07-11,0.01438
2014-07-12,0.01446
2014-07-13,0.01454
2014-07-14,0.01461
2014-07-15,0.01468
2014-07-16,0.01475
2014-07-17,0.01482
2014-07-18,0.01488
2014-07-19,0.01495
2014-07-20,0.01501
2014-07-21,0.01507
2014-07-22,0.01513
2014-07-23,0.01519
2014-07-24,0.01524
2014-07-25,0.01530
2014-07-26,0.01535
2014-07-27,0.01540
2014-07-28,0.01545
2014-07-29,0.01549
2014-07-30,0.01554
2014-07-31,0.01558
2014-08-01,0.01560
2014-08-02,0.01563
2014-08-03,0.01567
2014-08-04,0.01571
2014-08-05,0.01574
2014-08-06,0.01577
2014-08-07,0.01580
2014-08-08,0.01583
2014-08-09,0.01585
2014-08-10,0.01588
2014-08-11,0.01590
2014-08-12,0.01592
2014-08-13,0.01594
2014-08-14,0.01595
2014-08-15,0.01596
2014-08-16,0.01598
2014-08-17,0.01598
2014-08-18,0.01599
2014-08-19,0.01600
2014-08-20,0.01600
2014-08-21,0.01600
2014-08-22,0.01600
2014-08-23,0.01600
2014-08-24,0.01599
2014-08-25,0.01598
2014-08-26,0.01597
2014-08-27,0.01596
2014-08-28,0.01595
2014-08-29,0.01593
2014-08-30,0.01591
2014-08-31,0.01589
2014-09-01,0.01588
2014-09-02,0.01586
2014-09-03,0.01584
2014-09-04,0.01581
2014-09-05,0.01578
2014-09-06,0.01575
2014-09-07,0.01572
2014-09-08,0.01568
2014-09-09,0.01565
2014-09-10,0.01561
2014-09-11,0.01557
2014-09-12,0.01552
2014-09-13,0.01548
2014-09-14,0.01543
2014-09-15,0.01538
2014-09-16,0.01533
2014-09-17,0.01528
2014-09-18,0.01523
2014-09-19,0.01517
2014-09-20,0.01511
2014-09-21,0.01505
2014-09-22,0.01499
2014-09-23,0.01493
2014-09-24,0.01486
2014-09-25,0.01480
2014-09-26,0.01473
2014-09-27,0.01466
2014-09-28,0.01459
2014-09-29,0.01451
2014-09-30,0.01444
2014-10-01,0.01433
2014-10-02,0.01425
2014-10-03,0.01417
2014-10-04,0.01409
2014-10-05,0.01400
2014-10-06,0.01392
2014-10-07,0.01383
2014-10-08,0.01374
2014-10-09,0.01365
2014-10-10,0.01356
2014-10-11,0.01347
2014-10-12,0.01338
2014-10-13,0.01328
2014-10-14,0.01319
2014-10-15,0.01309
2014-10-16,0.01299
2014-10-17,0.01289
2014-10-18,0.01279
2014-10-19,0.01269
2014-10-20,0.01259
2014-10-21,0.01248
2014-10-22,0.01238
2014-10-23,0.01227
2014-10-24,0.01217
2014-10-25,0.01206
2014-10-26,0.01195
2014-10-27,0.01184
2014-10-28,0.01173
2014-10-29,0.01162
2014-10-30,0.01151
2014-10-31,0.01139
2014-11-01,0.01134
2014-11-02,0.01123
2014-11-03,0.01112
2014-11-04,0.01100
2014-11-05,0.01089
2014-11-06,0.01077
2014-11-07,0.01065
2014-11-08,0.01053
2014-11-09,0.01042
2014-11-10,0.01030
2014-11-11,0.01018
2014-11-12,0.01006
2014-11-13,0.00994
2014-11-14,0.00982
2014-11-15,0.00970
2014-11-16,0.00958
2014-11-17,0.00946
2014-11-18,0.00934
2014-11-19,0.00922
2014-11-20,0.00910
2014-11-21,0.00898
2014-11-22,0.00886
2014-11-23,0.00874
2014-11-24,0.00862
2014-11-25,0.00850
2014-11-26,0.00838
2014-11-27,0.00826
2014-11-28,0.00814
2014-11-29,0.00802
2014-11-30,0.00790
2014-12-01,0.00773
2014-12-02,0.00761
2014-12-03,0.00750
2014-12-04,0.00738
2014-12-05,0.00726
2014-12-06,0.00715
2014-12-07,0.00703
2014-12-08,0.00691
2014-12-09,0.00680
2014-12-10,0.00669
2014-12-11,0.00657
2014-12-12,0.00646
2014-12-13,0.00635
2014-12-14,0.00624
2014-12-15,0.00613
2014-12-16,0.00602
2014-12-17,0.00591
2014-12-18,0.00580
2014-12-19,0.00569
2014-12-20,0.00559
2014-12-21,0.00548
2014-12-22,0.00538
2014-12-23,0.00528
2014-12-24,0.00518
2014-12-25,0.00508
2014-12-26,0.00498
2014-12-27,0.00488
2014-12-28,0.00478
2014-12-29,0.00469
2014-12-30,0.00459
2014-12-31,0.00450
2015-01-01,0.00446
2015-01-02,0.00437
2015-01-03,0.00428
2015-01-04,0.00419
2015-01-05,0.00411
2015-01-06,0.00402
2015-01-07,0.00394
2015-01-08,0.00385
2015-01-09,0.00377
2015-01-10,0.00369
2015-01-11,0.00362
2015-01-12,0.00354
2015-01-13,0.00347
2015-01-14,0.00339
2015-01-15,0.00332
2015-01-16,0.00325
2015-01-17,0.00318
2015-01-18,0.00312
2015-01-19,0.00305
2015-01-20,0.00299
2015-01-21,0.00293
2015-01-22,0.00287
2015-01-23,0.00281
2015-01-24,0.00276
2015-01-25,0.00270
2015-01-26,0.00265
2015-01-27,0.00260
2015-01-28,0.00256
2015-01-29,0.00251
2015-01-30,0.00247
2015-01-31,0.00242
2015-02-01,0.00241
2015-02-02,0.00237
2015-02-03,0.00233
2015-02-04,0.00229
2015-02-05,0.00226
2015-02-06,0.00223
2015-02-07,0.00220
2015-02-08,0.00217
2015-02-09,0.00215
2015-02-10,0.00212
2015-02-11,0.00210
2015-02-12,0.00208
2015-02-13,0.00206
2015-02-14,0.00205
2015-02-15,0.00204
2015-02-16,0.00202
2015-02-17,0.00202
2015-02-18,0.00201
2015-02-19,0.00200
2015-02-20,0.00200
2015-02-21,0.00200
2015-02-22,0.00200
2015-02-23,0.00200
2015-02-24,0.00201
2015-02-25,0.00202
2015-02-26,0.00203
2015-02-27,0.00204
2015-02-28,0.00205
2015-03-01,0.00212
2015-03-02,0.00214
2015-03-03,0.00216
2015-03-04,0.00219
2015-03-05,0.00222
2015-03-06,0.00225
2015-03-07,0.00228
2015-03-08,0.00232
2015-03-09,0.00235
2015-03-10,0.00239
2015-03-11,0.00243
2015-03-12,0.00248
2015-03-13,0.00252
2015-03-14,0.00257
2015-03-15,0.00262
2015-03-16,0.00267
2015-03-17,0.00272
2015-03-18,0.00277
2015-03-19,0.00283
2015-03-20,0.00289
2015-03-21,0.00295
2015-03-22,0.00301
2015-03-23,0.00307
2015-03-24,0.00313
2015-03-25,0.00320
2015-03-26,0.00327
2015-03-27,0.00334
2015-03-28,0.00341
2015-03-29,0.00348
2015-03-30,0.00356
2015-03-31,0.00364
2015-04-01,0.00367
2015-04-02,0.00375
2015-04-03,0.00383
2015-04-04,0.00391
2015-04-05,0.00400
2015-04-06,0.00408
2015-04-07,0.00417
2015-04-08,0.00425
2015-04-09,0.00434
2015-04-10,0.00443
2015-04-11,0.00453
2015-04-12,0.00462
2015-04-13,0.00471
2015-04-14,0.00481
2015-04-15,0.00491
2015-04-16,0.00501
2015-04-17,0.00510
2015-04-18,0.00521
2015-04-19,0.00531
2015-04-20,0.00541
2015-04-21,0.00551
2015-04-22,0.00562
2015-04-23,0.00572
2015-04-24,0.00583
2015-04-25,0.00594
2015-04-26,0.00605
2015-04-27,0.00616
2015-04-28,0.00627
2015-04-29,0.00638
2015-04-30,0.00649
2015-05-01,0.00665
2015-05-02,0.00677
2015-05-03,0.00688
2015-05-04,0.00700
2015-05-05,0.00711
2015-05-06,0.00723
2015-05-07,0.00735
2015-05-08,0.00746
2015-05-09,0.00758
2015-05-10,0.00770
2015-05-11,0.00782
2015-05-12,0.00794
2015-05-13,0.00806
2015-05-14,0.00818
2015-05-15,0.00829
2015-05-16,0.00841
2015-05-17,0.00853
2015-05-18,0.00866
2015-05-19,0.00878
2015-05-20,0.00890
2015-05-21,0.00902
2015-05-22,0.00914
2015-05-23,0.00926
2015-05-24,0.00938
2015-05-25,0.00950
2015-05-26,0.00962
2015-05-27,0.00974
2015-05-28,0.00986
2015-05-29,0.00998
2015-05-30,0.01010
2015-05-31,0.01021
2015-06-01,0.01027
2015-06-02,0.01038
2015-06-03,0.01050
2015-06-04,0.01062
2015-06-05,0.01074
2015-06-06,0.01085
2015-06-07,0.01097
2015-06-08,0.01108
2015-06-09,0.01120
2015-06-10,0.01131
2015-06-11,0.01143
2015-06-12,0.01154
2015-06-13,0.01165
2015-06-14,0.01176
2015-06-15,0.01187
2015-06-16,0.01198
2015-06-17,0.01209
2015-06-18,0.01220
2015-06-19,0.01230
2015-06-20,0.01241
2015-06-21,0.01251
2015-06-22,0.01262
2015-06-23,0.01272
2015-06-24,0.01282
2015-06-25,0.01292
2015-06-26,0.01302
2015-06-27,0.01312
2015-06-28,0.01322
2015-06-29,0.01331
2015-06-30,0.01341
2015-07-01,0.01354
2015-07-02,0.01363
2015-07-03,0.01372
2015-07-04,0.01381
2015-07-05,0.01389
2015-07-06,0.01398
2015-07-07,0.01406
2015-07-08,0.01415
2015-07-09,0.01423
2015-07-10,0.01431
2015-07-11,0.01438
2015-07-12,0.01446
2015-07-13,0.01454
2015-07-14,0.01461
2015-07-15,0.01468
2015-07-16,0.01475
2015-07-17,0.01482
2015-07-18,0.01488
2015-07-19,0.01495
2015-07-20,0.01501
2015-07-21,0.01507
2015-07-22,0.01513
2015-07-23,0.01519
2015-07-24,0.01524
2015-07-25,0.01530
2015-07-26,0.01535
2015-07-27,0.01540
2015-07-28,0.01545
2015-07-29,0.01549
2015-07-30,0.01554
2015-07-31,0.01558
2015-08-01,0.01560
2015-08-02,0.01563
2015-08-03,0.01567
2015-08-04,0.01571
2015-08-05,0.01574
2015-08-06,0.01577
2015-08-07,0.01580
2015-08-08,0.01583
2015-08-09,0.01585
2015-08-10,0.01588
2015-08-11,0.01590
2015-08-12,0.01592
2015-08-13,0.01594
2015-08-14,0.01595
2015-08-15,0.01596
2015-08-16,0.01598
2015-08-17,0.01598
2015-08-18,0.01599
2015-08-19,0.01600
2015-08-20,0.01600
2015-08-21,0.01600
2015-08-22,0.01600
2015-08-23,0.01600
2015-08-24,0.01599
2015-08-25,0.01598
2015-08-26,0.01597
2015-08-27,0.01596
2015-08-28,0.01595
2015-08-29,0.01593
2015-08-30,0.01591
2015-08-31,0.01589
2015-09-01,0.01588
2015-09-02,0.01586
2015-09-03,0.01584
2015-09-04,0.01581
2015-09-05,0.01578
2015-09-06,0.01575
2015-09-07,0.01572
2015-09-08,0.01568
2015-09-09,0.01565
2015-09-10,0.01561
2015-09-11,0.01557
2015-09-12,0.01552
2015-09-13,0.01548
2015-09-14,0.01543
2015-09-15,0.01538
2015-09-16,0.01533
2015-09-17,0.01528
2015-09-18,0.01523
2015-09-19,0.01517
2015-09-20,0.01511
2015-09-21,0.01505
2015-09-22,0.01499
2015-09-23,0.01493
2015-09-24,0.01486
2015-09-25,0.01480
2015-09-26,0.01473
2015-09-27,0.01466
2015-09-28,0.01459
2015-09-29,0.01451
2015-09-30,0.01444
2015-10-01,0.01433
2015-10-02,0.01425
2015-10-03,0.01417
2015-10-04,0.01409
2015-10-05,0.01400
2015-10-06,0.01392
2015-10-07,0.01383
2015-10-08,0.01374
2015-10-09,0.01365
2015-10-10,0.01356
2015-10-11,0.01347
2015-10-12,0.01338
2015-10-13,0.01328
2015-10-14,0.01319
2015-10-15,0.01309
2015-10-16,0.01299
2015-10-17,0.01289
2015-10-18,0.01279
2015-10-19,0.01269
2015-10-20,0.01259
2015-10-21,0.01248
2015-10-22,0.01238
2015-10-23,0.01227
2015-10-24,0.01217
2015-10-25,0.01206
2015-10-26,0.01195
2015-10-27,0.01184
2015-10-28,0.01173
2015-10-29,0.01162
2015-10-30,0.01151
2015-10-31,0.01139
2015-11-01,0.01134
2015-11-02,0.01123
2015-11-03,0.01112
2015-11-04,0.01100
2015-11-05,0.01089
2015-11-06,0.01077
2015-11-07,0.01065
2015-11-08,0.01053
2015-11-09,0.01042
2015-11-10,0.01030
2015-11-11,0.01018
2015-11-12,0.01006
2015-11-13,0.00994
2015-11-14,0.00982
2015-11-15,0.00970
2015-11-16,0.00958
2015-11-17,0.00946
2015-11-18,0.00934
2015-11-19,0.00922
2015-11-20,0.00910
2015-11-21,0.00898
2015-11-22,0.00886
2015-11-23,0.00874
2015-11-24,0.00862
2015-11-25,0.00850
2015-11-26,0.00838
2015-11-27,0.00826
2015-11-28,0.00814
2015-11-29,0.00802
2015-11-30,0.00790
2015-12-01,0.00773
2015-12-02,0.00761
2015-12-03,0.00750
2015-12-04,0.00738
2015-12-05,0.00726
2015-12-06,0.00715
2015-12-07,0.00703
2015-12-08,0.00691
2015-12-09,0.00680
2015-12-10,0.00669
2015-12-11,0.00657
2015-12-12,0.00646
2015-12-13,0.00635
2015-12-14,0.00624
2015-12-15,0.00613
2015-12-16,0.00602
2015-12-17,0.00591
2015-12-18,0.00580
2015-12-19,0.00569
2015-12-20,0.00559
2015-12-21,0.00548
2015-12-22,0.00538
2015-12-23,0.00528
2015-12-24,0.00518
2015-12-25,0.00508
2015-12-26,0.00498
2015-12-27,0.00488
2015-12-28,0.00478
2015-12-29,0.00469
2015-12-30,0.00459
2015-12-31,0.00450
2016-01-01,0.00446
2016-01-02,0.00437
2016-01-03,0.00428
2016-01-04,0.00419
2016-01-05,0.00411
2016-01-06,0.00402
2016-01-07,0.00394
2016-01-08,0.00385
2016-01-09,0.00377
2016-01-10,0.00369
2016-01-11,0.00362
2016-01-12,0.00354
2016-01-13,0.00347
2016-01-14,0.00339
2016-01-15,0.00332
2016-01-16,0.00325
2016-01-17,0.00318
2016-01-18,0.00312
2016-01-19,0.00305
2016-01-20,0.00299
2016-01-21,0.00293
2016-01-22,0.00287
2016-01-23,0.00281
2016-01-24,0.00276
2016-01-25,0.00270
2016-01-26,0.00265
2016-01-27,0.00260
2016-01-28,0.00256
2016-01-29,0.00251
2016-01-30,0.00247
2016-01-31,0.00242
2016-02-01,0.00241
2016-02-02,0.00237
2016-02-03,0.00233
2016-02-04,0.00229
2016-02-05,0.00226
2016-02-06,0.00223
2016-02-07,0.00220
2016-02-08,0.00217
2016-02-09,0.00215
2016-02-10,0.00212
2016-02-11,0.00210
2016-02-12,0.00208
2016-02-13,0.00206
2016-02-14,0.00205
2016-02-15,0.00204
2016-02-16,0.00202
2016-02-17,0.00202
2016-02-18,0.00201
2016-02-19,0.00200
2016-02-20,0.00200
2016-02-21,0.00200
2016-02-22,0.00200
2016-02-23,0.00200
2016-02-24,0.00201
2016-02-25,0.00202
2016-02-26,0.00203
2016-02-27,0.00204
2016-02-28,0.00205
2016-02-29,0.00207
2016-03-01,0.00212
2016-03-02,0.00214
2016-03-03,0.00216
2016-03-04,0.00219
2016-03-05,0.00222
2016-03-06,0.00225
2016-03-07,0.00228
2016-03-08,0.00232
2016-03-09,0.00235
2016-03-10,0.00239
2016-03-11,0.00243
2016-03-12,0.00248
2016-03-13,0.00252
2016-03-14,0.00257
2016-03-15,0.00262
2016-03-16,0.00267
2016-03-17,0.00272
2016-03-18,0.00277
2016-03-19,0.00283
2016-03-20,0.00289
2016-03-21,0.00295
2016-03-22,0.00301
2016-03-23,0.00307
2016-03-24,0.00313
2016-03-25,0.00320
2016-03-26,0.00327
2016-03-27,0.00334
2016-03-28,0.00341
2016-03-29,0.00348
2016-03-30,0.00356
2016-03-31,0.00364
2016-04-01,0.00367
2016-04-02,0.00375
2016-04-03,0.00383
2016-04-04,0.00391
2016-04-05,0.00400
2016-04-06,0.00408
2016-04-07,0.00417
2016-04-08,0.00425
2016-04-09,0.00434
2016-04-10,0.00443
2016-04-11,0.00453
2016-04-12,0.00462
2016-04-13,0.00471
2016-04-14,0.00481
2016-04-15,0.00491
2016-04-16,0.00501
2016-04-17,0.00510
2016-04-18,0.00521
2016-04-19,0.00531
2016-04-20,0.00541
2016-04-21,0.00551
2016-04-22,0.00562
2016-04-23,0.00572
2016-04-24,0.00583
2016-04-25,0.00594
2016-04-26,0.00605
2016-04-27,0.00616
2016-04-28,0.00627
2016-04-29,0.00638
2016-04-30,0.00649
2016-05-01,0.00665
2016-05-02,0.00677
2016-05-03,0.00688
2016-05-04,0.00700
2016-05-05,0.00711
2016-05-06,0.00723
2016-05-07,0.00735
2016-05-08,0.00746
2016-05-09,0.00758
2016-05-10,0.00770
2016-05-11,0.00782
2016-05-12,0.00794
2016-05-13,0.00806
2016-05-14,0.00818
2016-05-15,0.00829
2016-05-16,0.00841
2016-05-17,0.00853
2016-05-18,0.00866
2016-05-19,0.00878
2016-05-20,0.00890
2016-05-21,0.00902
2016-05-22,0.00914
2016-05-23,0.00926
2016-05-24,0.00938
2016-05-25,0.00950
2016-05-26,0.00962
2016-05-27,0.00974
2016-05-28,0.00986
2016-05-29,0.00998
2016-05-30,0.01010
2016-05-31,0.01021
2016-06-01,0.01027
2016-06-02,0.01038
2016-06-03,0.01050
2016-06-04,0.01062
2016-06-05,0.01074
2016-06-06,0.01085
2016-06-07,0.01097
2016-06-08,0.01108
2016-06-09,0.01120
2016-06-10,0.01131
2016-06-11,0.01143
2016-06-12,0.01154
2016-06-13,0.01165
2016-06-14,0.01176
2016-06-15,0.01187
2016-06-16,0.01198
2016-06-17,0.01209
2016-06-18,0.01220
2016-06-19,0.01230
2016-06-20,0.01241
2016-06-21,0.01251
2016-06-22,0.01262
2016-06-23,0.01272
2016-06-24,0.01282
2016-06-25,0.01292
2016-06-26,0.01302
2016-06-27,0.01312
2016-06-28,0.01322
2016-06-29,0.01331
2016-06-30,0.01341
2016-07-01,0.01354
2016-07-02,0.01363
2016-07-03,0.01372
2016-07-04,0.01381
2016-07-05,0.01389
2016-07-06,0.01398
2016-07-07,0.01406
2016-07-08,0.01415
2016-07-09,0.01423
2016-07-10,0.01431
2016-07-11,0.01438
2016-07-12,0.01446
2016-07-13,0.01454
2016-07-14,0.01461
2016-07-15,0.01468
2016-07-16,0.01475
2016-07-17,0.01482
2016-07-18,0.01488
2016-07-19,0.01495
2016-07-20,0.01501
2016-07-21,0.01507
2016-07-22,0.01513
2016-07-23,0.01519
2016-07-24,0.01524
2016-07-25,0.01530
2016-07-26,0.01535
2016-07-27,0.01540
2016-07-28,0.01545
2016-07-29,0.01549
2016-07-30,0.01554
2016-07-31,0.01558
2016-08-01,0.01560
2016-08-02,0.01563
2016-08-03,0.01567
2016-08-04,0.01571
2016-08-05,0.01574
2016-08-06,0.01577
2016-08-07,0.01580
2016-08-08,0.01583
2016-08-09,0.01585
2016-08-10,0.01588
2016-08-11,0.01590
2016-08-12,0.01592
2016-08-13,0.01594
2016-08-14,0.01595
2016-08-15,0.01596
2016-08-16,0.01598
2016-08-17,0.01598
2016-08-18,0.01599
2016-08-19,0.01600
2016-08-20,0.01600
2016-08-21,0.01600
2016-08-22,0.01600
2016-08-23,0.01600
2016-08-24,0.01599
2016-08-25,0.01598
2016-08-26,0.01597
2016-08-27,0.01596
2016-08-28,0.01595
2016-08-29,0.01593
2016-08-30,0.01591
2016-08-31,0.01589
2016-09-01,0.01588
2016-09-02,0.01586
2016-09-03,0.01584
2016-09-04,0.01581
2016-09-05,0.01578
2016-09-06,0.01575
2016-09-07,0.01572
2016-09-08,0.01568
2016-09-09,0.01565
2016-09-10,0.01561
2016-09-11,0.01557
2016-09-12,0.01552
2016-09-13,0.01548
2016-09-14,0.01543
2016-09-15,0.01538
2016-09-16,0.01533
2016-09-17,0.01528
2016-09-18,0.01523
2016-09-19,0.01517
2016-09-20,0.01511
2016-09-21,0.01505
2016-09-22,0.01499
2016-09-23,0.01493
2016-09-24,0.01486
2016-09-25,0.01480
2016-09-26,0.01473
2016-09-27,0.01466
2016-09-28,0.01459
2016-09-29,0.01451
2016-09-30,0.01444
2016-10-01,0.01433
2016-10-02,0.01425
2016-10-03,0.01417
2016-10-04,0.01409
2016-10-05,0.01400
2016-10-06,0.01392
2016-10-07,0.01383
2016-10-08,0.01374
2016-10-09,0.01365
2016-10-10,0.01356
2016-10-11,0.01347
2016-10-12,0.01338
2016-10-13,0.01328
2016-10-14,0.01319
2016-10-15,0.01309
2016-10-16,0.01299
2016-10-17,0.01289
2016-10-18,0.01279
2016-10-19,0.01269
2016-10-20,0.01259
2016-10-21,0.01248
2016-10-22,0.01238
2016-10-23,0.01227
2016-10-24,0.01217
2016-10-25,0.01206
2016-10-26,0.01195
2016-10-27,0.01184
2016-10-28,0.01173
2016-10-29,0.01162
2016-10-30,0.01151
2016-10-31,0.01139
2016-11-01,0.01134
2016-11-02,0.01123
2016-11-03,0.01112
2016-11-04,0.01100
2016-11-05,0.01089
2016-11-06,0.01077
2016-11-07,0.01065
2016-11-08,0.01053
2016-11-09,0.01042
2016-11-10,0.01030
2016-11-11,0.01018
2016-11-12,0.01006
2016-11-13,0.00994
2016-11-14,0.00982
2016-11-15,0.00970
2016-11-16,0.00958
2016-11-17,0.00946
2016-11-18,0.00934
2016-11-19,0.00922
2016-11-20,0.00910
2016-11-21,0.00898
2016-11-22,0.00886
2016-11-23,0.00874
2016-11-24,0.00862
2016-11-25,0.00850
2016-11-26,0.00838
2016-11-27,0.00826
2016-11-28,0.00814
2016-11-29,0.00802
2016-11-30,0.00790
2016-12-01,0.00773
2016-12-02,0.00761
2016-12-03,0.00750
2016-12-04,0.00738
2016-12-05,0.00726
2016-12-06,0.00715
2016-12-07,0.00703
2016-12-08,0.00691
2016-12-09,0.00680
2016-12-10,0.00669
2016-12-11,0.00657
2016-12-12,0.00646
2016-12-13,0.00635
2016-12-14,0.00624
2016-12-15,0.00613
2016-12-16,0.00602
2016-12-17,0.00591
2016-12-18,0.00580
2016-12-19,0.00569
2016-12-20,0.00559
2016-12-21,0.00548
2016-12-22,0.00538
2016-12-23,0.00528
2016-12-24,0.00518
2016-12-25,0.00508
2016-12-26,0.00498
2016-12-27,0.00488
2016-12-28,0.00478
2016-12-29,0.00469
2016-12-30,0.00459
2016-12-31,0.00450
2017-01-01,0.00446
2017-01-02,0.00437
2017-01-03,0.00428
2017-01-04,0.00419
2017-01-05,0.00411
2017-01-06,0.00402
2017-01-07,0.00394
2017-01-08,0.00385
2017-01-09,0.00377
2017-01-10,0.00369
2017-01-11,0.00362
2017-01-12,0.00354
2017-01-13,0.00347
2017-01-14,0.00339
2017-01-15,0.00332
2017-01-16,0.00325
2017-01-17,0.00318
2017-01-18,0.00312
2017-01-19,0.00305
2017-01-20,0.00299
2017-01-21,0.00293
2017-01-22,0.00287
2017-01-23,0.00281
2017-01-24,0.00276
2017-01-25,0.00270
2017-01-26,0.00265
2017-01-27,0.00260
2017-01-28,0.00256
2017-01-29,0.00251
2017-01-30,0.00247
2017-01-31,0.00242
2017-02-01,0.00241
2017-02-02,0.00237
2017-02-03,0.00233
2017-02-04,0.00229
2017-02-05,0.00226
2017-02-06,0.00223
2017-02-07,0.00220
2017-02-08,0.00217
2017-02-09,0.00215
2017-02-10,0.00212
2017-02-11,0.00210
2017-02-12,0.00208
2017-02-13,0.00206
2017-02-14,0.00205
2017-02-15,0.00204
2017-02-16,0.00202
2017-02-17,0.00202
2017-02-18,0.00201
2017-02-19,0.00200
2017-02-20,0.00200
2017-02-21,0.00200
2017-02-22,0.00200
2017-02-23,0.00200
2017-02-24,0.00201
2017-02-25,0.00202
2017-02-26,0.00203
2017-02-27,0.00204
2017-02-28,0.00205
2017-03-01,0.00212
2017-03-02,0.00214
2017-03-03,0.00216
2017-03-04,0.00219
2017-03-05,0.00222
2017-03-06,0.00225
2017-03-07,0.00228
2017-03-08,0.00232
2017-03-09,0.00235
2017-03-10,0.00239
2017-03-11,0.00243
2017-03-12,0.00248
2017-03-13,0.00252
2017-03-14,0.00257
2017-03-15,0.00262
2017-03-16,0.00267
2017-03-17,0.00272
2017-03-18,0.00277
2017-03-19,0.00283
2017-03-20,0.00289
2017-03-21,0.00295
2017-03-22,0.00301
2017-03-23,0.00307
2017-03-24,0.00313
2017-03-25,0.00320
2017-03-26,0.00327
2017-03-27,0.00334
2017-03-28,0.00341
2017-03-29,0.00348
2017-03-30,0.00356
2017-03-31,0.00364
2017-04-01,0.00367
2017-04-02,0.00375
2017-04-03,0.00383
2017-04-04,0.00391
2017-04-05,0.00400
2017-04-06,0.00408
2017-04-07,0.00417
2017-04-08,0.00425
2017-04-09,0.00434
2017-04-10,0.00443
2017-04-11,0.00453
2017-04-12,0.00462
2017-04-13,0.00471
2017-04-14,0.00481
2017-04-15,0.00491
2017-04-16,0.00501
2017-04-17,0.00510
2017-04-18,0.00521
2017-04-19,0.00531
2017-04-20,0.00541
2017-04-21,0.00551
2017-04-22,0.00562
2017-04-23,0.00572
2017-04-24,0.00583
2017-04-25,0.00594
2017-04-26,0.00605
2017-04-27,0.00616
2017-04-28,0.00627
2017-04-29,0.00638
2017-04-30,0.00649
2017-05-01,0.00665
2017-05-02,0.00677
2017-05-03,0.00688
2017-05-04,0.00700
2017-05-05,0.00711
2017-05-06,0.00723
2017-05-07,0.00735
2017-05-08,0.00746
2017-05-09,0.00758
2017-05-10,0.00770
2017-05-11,0.00782
2017-05-12,0.00794
2017-05-13,0.00806
2017-05-14,0.00818
2017-05-15,0.00829
2017-05-16,0.00841
2017-05-17,0.00853
2017-05-18,0.00866
2017-05-19,0.00878
2017-05-20,0.00890
2017-05-21,0.00902
2017-05-22,0.00914
2017-05-23,0.00926
2017-05-24,0.00938
2017-05-25,0.00950
2017-05-26,0.00962
2017-05-27,0.00974
2017-05-28,0.00986
2017-05-29,0.00998
2017-05-30,0.01010
2017-05-31,0.01021
2017-06-01,0.01027
2017-06-02,0.01038
2017-06-03,0.01050
2017-06-04,0.01062
2017-06-05,0.01074
2017-06-06,0.01085
2017-06-07,0.01097
2017-06-08,0.01108
2017-06-09,0.01120
2017-06-10,0.01131
2017-06-11,0.01143
2017-06-12,0.01154
2017-06-13,0.01165
2017-06-14,0.01176
2017-06-15,0.01187
2017-06-16,0.01198
2017-06-17,0.01209
2017-06-18,0.01220
2017-06-19,0.01230
2017-06-20,0.01241
2017-06-21,0.01251
2017-06-22,0.01262
2017-06-23,0.01272
2017-06-24,0.01282
2017-06-25,0.01292
2017-06-26,0.01302
2017-06-27,0.01312
2017-06-28,0.01322
2017-06-29,0.01331
2017-06-30,0.01341
2017-07-01,0.01354
2017-07-02,0.01363
2017-07-03,0.01372
2017-07-04,0.01381
2017-07-05,0.01389
2017-07-06,0.01398
2017-07-07,0.01406
2017-07-08,0.01415
2017-07-09,0.01423
2017-07-10,0.01431
2017-07-11,0.01438
2017-07-12,0.01446
2017-07-13,0.01454
2017-07-14,0.01461
2017-07-15,0.01468
2017-07-16,0.01475
2017-07-17,0.01482
2017-07-18,0.01488
2017-07-19,0.01495
2017-07-20,0.01501
2017-07-21,0.01507
2017-07-22,0.01513
2017-07-23,0.01519
2017-07-24,0.01524
2017-07-25,0.01530
2017-07-26,0.01535
2017-07-27,0.01540
2017-07-28,0.01545
2017-07-29,0.01549
2017-07-30,0.01554
2017-07-31,0.01558
2017-08-01,0.01560
2017-08-02,0.01563
2017-08-03,0.01567
2017-08-04,0.01571
2017-08-05,0.01574
2017-08-06,0.01577
2017-08-07,0.01580
2017-08-08,0.01583
2017-08-09,0.01585
2017-08-10,0.01588
2017-08-11,0.01590
2017-08-12,0.01592
2017-08-13,0.01594
2017-08-14,0.01595
2017-08-15,0.01596
2017-08-16,0.01598
2017-08-17,0.01598
2017-08-18,0.01599
2017-08-19,0.01600
2017-08-20,0.01600
2017-08-21,0.01600
2017-08-22,0.01600
2017-08-23,0.01600
2017-08-24,0.01599
2017-08-25,0.01598
2017-08-26,0.01597
2017-08-27,0.01596
2017-08-28,0.01595
2017-08-29,0.01593
2017-08-30,0.01591
2017-08-31,0.01589
2017-09-01,0.01588
2017-09-02,0.01586
2017-09-03,0.01584
2017-09-04,0.01581
2017-09-05,0.01578
2017-09-06,0.01575
2017-09-07,0.01572
2017-09-08,0.01568
2017-09-09,0.01565
2017-09-10,0.01561
2017-09-11,0.01557
2017-09-12,0.01552
2017-09-13,0.01548
2017-09-14,0.01543
2017-09-15,0.01538
2017-09-16,0.01533
2017-09-17,0.01528
2017-09-18,0.01523
2017-09-19,0.01517
2017-09-20,0.01511
2017-09-21,0.01505
2017-09-22,0.01499
2017-09-23,0.01493
2017-09-24,0.01486
2017-09-25,0.01480
2017-09-26,0.01473
2017-09-27,0.01466
2017-09-28,0.01459
2017-09-29,0.01451
2017-09-30,0.01444
2017-10-01,0.01433
2017-10-02,0.01425
2017-10-03,0.01417
2017-10-04,0.01409
2017-10-05,0.01400
2017-10-06,0.01392
2017-10-07,0.01383
2017-10-08,0.01374
2017-10-09,0.01365
2017-10-10,0.01356
2017-10-11,0.01347
2017-10-12,0.01338
2017-10-13,0.01328
2017-10-14,0.01319
2017-10-15,0.01309
2017-10-16,0.01299
2017-10-17,0.01289
2017-10-18,0.01279
2017-10-19,0.01269
2017-10-20,0.01259
2017-10-21,0.01248
2017-10-22,0.01238
2017-10-23,0.01227
2017-10-24,0.01217
2017-10-25,0.01206
2017-10-26,0.01195
2017-10-27,0.01184
2017-10-28,0.01173
2017-10-29,0.01162
2017-10-30,0.01151
2017-10-31,0.01139
2017-11-01,0.01134
2017-11-02,0.01123
2017-11-03,0.01112
2017-11-04,0.01100
2017-11-05,0.01089
2017-11-06,0.01077
2017-11-07,0.01065
2017-11-08,0.01053
2017-11-09,0.01042
2017-11-10,0.01030
2017-11-11,0.01018
2017-11-12,0.01006
2017-11-13,0.00994
2017-11-14,0.00982
2017-11-15,0.00970
2017-11-16,0.00958
2017-11-17,0.00946
2017-11-18,0.00934
2017-11-19,0.00922
2017-11-20,0.00910
2017-11-21,0.00898
2017-11-22,0.00886
2017-11-23,0.00874
2017-11-24,0.00862
2017-11-25,0.00850
2017-11-26,0.00838
2017-11-27,0.00826
2017-11-28,0.00814
2017-11-29,0.00802
2017-11-30,0.00790
2017-12-01,0.00773
2017-12-02,0.00761
2017-12-03,0.00750
2017-12-04,0.00738
2017-12-05,0.00726
2017-12-06,0.00715
2017-12-07,0.00703
2017-12-08,0.00691
2017-12-09,0.00680
2017-12-10,0.00669
2017-12-11,0.00657
2017-12-12,0.00646
2017-12-13,0.00635
2017-12-14,0.00624
2017-12-15,0.00613
2017-12-16,0.00602
2017-12-17,0.00591
2017-12-18,0.00580
2017-12-19,0.00569
2017-12-20,0.00559
2017-12-21,0.00548
2017-12-22,0.00538
2017-12-23,0.00528
2017-12-24,0.00518
2017-12-25,0.00508
2017-12-26,0.00498
2017-12-27,0.00488
2017-12-28,0.00478
2017-12-29,0.00469
2017-12-30,0.00459
2017-12-31,0.00450
2018-01-01,0.00446
2018-01-02,0.00437
2018-01-03,0.00428
2018-01-04,0.00419
2018-01-05,0.00411
2018-01-06,0.00402
2018-01-07,0.00394
2018-01-08,0.00385
2018-01-09,0.00377
2018-01-10,0.00369
2018-01-11,0.00362
2018-01-12,0.00354
2018-01-13,0.00347
2018-01-14,0.00339
2018-01-15,0.00332
2018-01-16,0.00325
2018-01-17,0.00318
2018-01-18,0.00312
2018-01-19,0.00305
2018-01-20,0.00299
2018-01-21,0.00293
2018-01-22,0.00287
2018-01-23,0.00281
2018-01-24,0.00276
2018-01-25,0.00270
2018-01-26,0.00265
2018-01-27,0.00260
2018-01-28,0.00256
2018-01-29,0.00251
2018-01-30,0.00247
2018-01-31,0.00242
2018-02-01,0.00241
2018-02-02,0.00237
2018-02-03,0.00233
2018-02-04,0.00229
2018-02-05,0.00226
2018-02-06,0.00223
2018-02-07,0.00220
2018-02-08,0.00217
2018-02-09,0.00215
2018-02-10,0.00212
2018-02-11,0.00210
2018-02-12,0.00208
2018-02-13,0.00206
2018-02-14,0.00205
2018-02-15,0.00204
2018-02-16,0.00202
2018-02-17,0.00202
2018-02-18,0.00201
2018-02-19,0.00200
2018-02-20,0.00200
2018-02-21,0.00200
2018-02-22,0.00200
2018-02-23,0.00200
2018-02-24,0.00201
2018-02-25,0.00202
2018-02-26,0.00203
2018-02-27,0.00204
2018-02-28,0.00205
2018-03-01,0.00212
2018-03-02,0.00214
2018-03-03,0.00216
2018-03-04,0.00219
2018-03-05,0.00222
2018-03-06,0.00225
2018-03-07,0.00228
2018-03-08,0.00232
2018-03-09,0.00235
2018-03-10,0.00239
2018-03-11,0.00243
2018-03-12,0.00248
2018-03-13,0.00252
2018-03-14,0.00257
2018-03-15,0.00262
2018-03-16,0.00267
2018-03-17,0.00272
2018-03-18,0.00277
2018-03-19,0.00283
2018-03-20,0.00289
2018-03-21,0.00295
2018-03-22,0.00301
2018-03-23,0.00307
2018-03-24,0.00313
2018-03-25,0.00320
2018-03-26,0.00327
2018-03-27,0.00334
2018-03-28,0.00341
2018-03-29,0.00348
2018-03-30,0.00356
2018-03-31,0.00364
2018-04-01,0.00367
2018-04-02,0.00375
2018-04-03,0.00383
2018-04-04,0.00391
2018-04-05,0.00400
2018-04-06,0.00408
2018-04-07,0.00417
2018-04-08,0.00425
2018-04-09,0.00434
2018-04-10,0.00443
2018-04-11,0.00453
2018-04-12,0.00462
2018-04-13,0.00471
2018-04-14,0.00481
2018-04-15,0.00491
2018-04-16,0.00501
2018-04-17,0.00510
2018-04-18,0.00521
2018-04-19,0.00531
2018-04-20,0.00541
2018-04-21,0.00551
2018-04-22,0.00562
2018-04-23,0.00572
2018-04-24,0.00583
2018-04-25,0.00594
2018-04-26,0.00605
2018-04-27,0.00616
2018-04-28,0.00627
2018-04-29,0.00638
2018-04-30,0.00649
2018-05-01,0.00665
2018-05-02,0.00677
2018-05-03,0.00688
2018-05-04,0.00700
2018-05-05,0.00711
2018-05-06,0.00723
2018-05-07,0.00735
2018-05-08,0.00746
2018-05-09,0.00758
2018-05-10,0.00770
2018-05-11,0.00782
2018-05-12,0.00794
2018-05-13,0.00806
2018-05-14,0.00818
2018-05-15,0.00829
2018-05-16,0.00841
2018-05-17,0.00853
2018-05-18,0.00866
2018-05-19,0.00878
2018-05-20,0.00890
2018-05-21,0.00902
2018-05-22,0.00914
2018-05-23,0.00926
2018-05-24,0.00938
2018-05-25,0.00950
2018-05-26,0.00962
2018-05-27,0.00974
2018-05-28,0.00986
2018-05-29,0.00998
2018-05-30,0.01010
2018-05-31,0.01021
2018-06-01,0.01027
2018-06-02,0.01038
2018-06-03,0.01050
2018-06-04,0.01062
2018-06-05,0.01074
2018-06-06,0.01085
2018-06-07,0.01097
2018-06-08,0.01108
2018-06-09,0.01120
2018-06-10,0.01131
2018-06-11,0.01143
2018-06-12,0.01154
2018-06-13,0.01165
2018-06-14,0.01176
2018-06-15,0.01187
2018-06-16,0.01198
2018-06-17,0.01209
2018-06-18,0.01220
2018-06-19,0.01230
2018-06-20,0.01241
2018-06-21,0.01251
2018-06-22,0.01262
2018-06-23,0.01272
2018-06-24,0.01282
2018-06-25,0.01292
2018-06-26,0.01302
2018-06-27,0.01312
2018-06-28,0.01322
2018-06-29,0.01331
2018-06-30,0.01341
2018-07-01,0.01354
2018-07-02,0.01363
2018-07-03,0.01372
2018-07-04,0.01381
2018-07-05,0.01389
2018-07-06,0.01398
2018-07-07,0.01406
2018-07-08,0.01415
2018-07-09,0.01423
2018-07-10,0.01431
2018-07-11,0.01438
2018-07-12,0.01446
2018-07-13,0.01454
2018-07-14,0.01461
2018-07-15,0.01468
2018-07-16,0.01475
2018-07-17,0.01482
2018-07-18,0.01488
2018-07-19,0.01495
2018-07-20,0.01501
2018-07-21,0.01507
2018-07-22,0.01513
2018-07-23,0.01519
2018-07-24,0.01524
2018-07-25,0.01530
2018-07-26,0.01535
2018-07-27,0.01540
2018-07-28,0.01545
2018-07-29,0.01549
2018-07-30,0.01554
2018-07-31,0.01558
2018-08-01,0.01560
2018-08-02,0.01563
2018-08-03,0.01567
2018-08-04,0.01571
2018-08-05,0.01574
2018-08-06,0.01577
2018-08-07,0.01580
2018-08-08,0.01583
2018-08-09,0.01585
2018-08-10,0.01588
2018-08-11,0.01590
2018-08-12,0.01592
2018-08-13,0.01594
2018-08-14,0.01595
2018-08-15,0.01596
2018-08-16,0.01598
2018-08-17,0.01598
2018-08-18,0.01599
2018-08-19,0.01600
2018-08-20,0.01600
2018-08-21,0.01600
2018-08-22,0.01600
2018-08-23,0.01600
2018-08-24,0.01599
2018-08-25,0.01598
2018-08-26,0.01597
2018-08-27,0.01596
2018-08-28,0.01595
2018-08-29,0.01593
2018-08-30,0.01591
2018-08-31,0.01589
2018-09-01,0.01588
2018-09-02,0.01586
2018-09-03,0.01584
2018-09-04,0.01581
2018-09-05,0.01578
2018-09-06,0.01575
2018-09-07,0.01572
2018-09-08,0.01568
2018-09-09,0.01565
2018-09-10,0.01561
2018-09-11,0.01557
2018-09-12,0.01552
2018-09-13,0.01548
2018-09-14,0.01543
2018-09-15,0.01538
2018-09-16,0.01533
2018-09-17,0.01528
2018-09-18,0.01523
2018-09-19,0.01517
2018-09-20,0.01511
2018-09-21,0.01505
2018-09-22,0.01499
2018-09-23,0.01493
2018-09-24,0.01486
2018-09-25,0.01480
2018-09-26,0.01473
2018-09-27,0.01466
2018-09-28,0.01459
2018-09-29,0.01451
2018-09-30,0.01444
2018-10-01,0.01433
2018-10-02,0.01425
2018-10-03,0.01417
2018-10-04,0.01409
2018-10-05,0.01400
2018-10-06,0.01392
2018-10-07,0.01383
2018-10-08,0.01374
2018-10-09,0.01365
2018-10-10,0.01356
2018-10-11,0.01347
2018-10-12,0.01338
2018-10-13,0.01328
2018-10-14,0.01319
2018-10-15,0.01309
2018-10-16,0.01299
2018-10-17,0.01289
2018-10-18,0.01279
2018-10-19,0.01269
2018-10-20,0.01259
2018-10-21,0.01248
2018-10-22,0.01238
2018-10-23,0.01227
2018-10-24,0.01217
2018-10-25,0.01206
2018-10-26,0.01195
2018-10-27,0.01184
2018-10-28,0.01173
2018-10-29,0.01162
2018-10-30,0.01151
2018-10-31,0.01139
2018-11-01,0.01134
2018-11-02,0.01123
2018-11-03,0.01112
2018-11-04,0.01100
2018-11-05,0.01089
2018-11-06,0.01077
2018-11-07,0.01065
2018-11-08,0.01053
2018-11-09,0.01042
2018-11-10,0.01030
2018-11-11,0.01018
2018-11-12,0.01006
2018-11-13,0.00994
2018-11-14,0.00982
2018-11-15,0.00970
2018-11-16,0.00958
2018-11-17,0.00946
2018-11-18,0.00934
2018-11-19,0.00922
2018-11-20,0.00910
2018-11-21,0.00898
2018-11-22,0.00886
2018-11-23,0.00874
2018-11-24,0.00862
2018-11-25,0.00850
2018-11-26,0.00838
2018-11-27,0.00826
2018-11-28,0.00814
2018-11-29,0.00802
2018-11-30,0.00790
2018-12-01,0.00773
2018-12-02,0.00761
2018-12-03,0.00750
2018-12-04,0.00738
2018-12-05,0.00726
2018-12-06,0.00715
2018-12-07,0.00703
2018-12-08,0.00691
2018-12-09,0.00680
2018-12-10,0.00669
2018-12-11,0.00657
2018-12-12,0.00646
2018-12-13,0.00635
2018-12-14,0.00624
2018-12-15,0.00613
2018-12-16,0.00602
2018-12-17,0.00591
2018-12-18,0.00580
2018-12-19,0.00569
2018-12-20,0.00559
2018-12-21,0.00548
2018-12-22,0.00538
2018-12-23,0.00528
2018-12-24,0.00518
2018-12-25,0.00508
2018-12-26,0.00498
2018-12-27,0.00488
2018-12-28,0.00478
2018-12-29,0.00469
2018-12-30,0.00459
2018-12-31,0.00450
2019-01-01,0.00446
2019-01-02,0.00437
2019-01-03,0.00428
2019-01-04,0.00419
2019-01-05,0.00411
2019-01-06,0.00402
2019-01-07,0.00394
2019-01-08,0.00385
2019-01-09,0.00377
2019-01-10,0.00369
2019-01-11,0.00362
2019-01-12,0.00354
2019-01-13,0.00347
2019-01-14,0.00339
2019-01-15,0.00332
2019-01-16,0.00325
2019-01-17,0.00318
2019-01-18,0.00312
2019-01-19,0.00305
2019-01-20,0.00299
2019-01-21,0.00293
2019-01-22,0.00287
2019-01-23,0.00281
2019-01-24,0.00276
2019-01-25,0.00270
2019-01-26,0.00265
2019-01-27,0.00260
2019-01-28,0.00256
2019-01-29,0.00251
2019-01-30,0.00247
2019-01-31,0.00242
2019-02-01,0.00241
2019-02-02,0.00237
2019-02-03,0.00233
2019-02-04,0.00229
2019-02-05,0.00226
2019-02-06,0.00223
2019-02-07,0.00220
2019-02-08,0.00217
2019-02-09,0.00215
2019-02-10,0.00212
2019-02-11,0.00210
2019-02-12,0.00208
2019-02-13,0.00206
2019-02-14,0.00205
2019-02-15,0.00204
2019-02-16,0.00202
2019-02-17,0.00202
2019-02-18,0.00201
2019-02-19,0.00200
2019-02-20,0.00200
2019-02-21,0.00200
2019-02-22,0.00200
2019-02-23,0.00200
2019-02-24,0.00201
2019-02-25,0.00202
2019-02-26,0.00203
2019-02-27,0.00204
2019-02-28,0.00205
2019-03-01,0.00212
2019-03-02,0.00214
2019-03-03,0.00216
2019-03-04,0.00219
2019-03-05,0.00222
2019-03-06,0.00225
2019-03-07,0.00228
2019-03-08,0.00232
2019-03-09,0.00235
2019-03-10,0.00239
2019-03-11,0.00243
2019-03-12,0.00248
2019-03-13,0.00252
2019-03-14,0.00257
2019-03-15,0.00262
2019-03-16,0.00267
2019-03-17,0.00272
2019-03-18,0.00277
2019-03-19,0.00283
2019-03-20,0.00289
2019-03-21,0.00295
2019-03-22,0.00301
2019-03-23,0.00307
2019-03-24,0.00313
2019-03-25,0.00320
2019-03-26,0.00327
2019-03-27,0.00334
2019-03-28,0.00341
2019-03-29,0.00348
2019-03-30,0.00356
2019-03-31,0.00364
2019-04-01,0.00367
2019-04-02,0.00375
2019-04-03,0.00383
2019-04-04,0.00391
2019-04-05,0.00400
2019-04-06,0.00408
2019-04-07,0.00417
2019-04-08,0.00425
2019-04-09,0.00434
2019-04-10,0.00443
2019-04-11,0.00453
2019-04-12,0.00462
2019-04-13,0.00471
2019-04-14,0.00481
2019-04-15,0.00491
2019-04-16,0.00501
2019-04-17,0.00510
2019-04-18,0.00521
2019-04-19,0.00531
2019-04-20,0.00541
2019-04-21,0.00551
2019-04-22,0.00562
2019-04-23,0.00572
2019-04-24,0.00583
2019-04-25,0.00594
2019-04-26,0.00605
2019-04-27,0.00616
2019-04-28,0.00627
2019-04-29,0.00638
2019-04-30,0.00649
2019-05-01,0.00665
2019-05-02,0.00677
2019-05-03,0.00688
2019-05-04,0.00700
2019-05-05,0.00711
2019-05-06,0.00723
2019-05-07,0.00735
2019-05-08,0.00746
2019-05-09,0.00758
2019-05-10,0.00770
2019-05-11,0.00782
2019-05-12,0.00794
2019-05-13,0.00806
2019-05-14,0.00818
2019-05-15,0.00829
2019-05-16,0.00841
2019-05-17,0.00853
2019-05-18,0.00866
2019-05-19,0.00878
2019-05-20,0.00890
2019-05-21,0.00902
2019-05-22,0.00914
2019-05-23,0.00926
2019-05-24,0.00938
2019-05-25,0.00950
2019-05-26,0.00962
2019-05-27,0.00974
2019-05-28,0.00986
2019-05-29,0.00998
2019-05-30,0.01010
2019-05-31,0.01021
2019-06-01,0.01027
2019-06-02,0.01038
2019-06-03,0.01050
2019-06-04,0.01062
2019-06-05,0.01074
2019-06-06,0.01085
2019-06-07,0.01097
2019-06-08,0.01108
2019-06-09,0.01120
2019-06-10,0.01131
2019-06-11,0.01143
2019-06-12,0.01154
2019-06-13,0.01165
2019-06-14,0.01176
2019-06-15,0.01187
2019-06-16,0.01198
2019-06-17,0.01209
2019-06-18,0.01220
2019-06-19,0.01230
2019-06-20,0.01241
2019-06-21,0.01251
2019-06-22,0.01262
2019-06-23,0.01272
2019-06-24,0.01282
2019-06-25,0.01292
2019-06-26,0.01302
2019-06-27,0.01312
2019-06-28,0.01322
2019-06-29,0.01331
2019-06-30,0.01341
2019-07-01,0.01354
2019-07-02,0.01363
2019-07-03,0.01372
2019-07-04,0.01381
2019-07-05,0.01389
2019-07-06,0.01398
2019-07-07,0.01406
2019-07-08,0.01415
2019-07-09,0.01423
2019-07-10,0.01431
2019-07-11,0.01438
2019-07-12,0.01446
2019-07-13,0.01454
2019-07-14,0.01461
2019-07-15,0.01468
2019-07-16,0.01475
2019-07-17,0.01482
2019-07-18,0.01488
2019-07-19,0.01495
2019-07-20,0.01501
2019-07-21,0.01507
2019-07-22,0.01513
2019-07-23,0.01519
2019-07-24,0.01524
2019-07-25,0.01530
2019-07-26,0.01535
2019-07-27,0.01540
2019-07-28,0.01545
2019-07-29,0.01549
2019-07-30,0.01554
2019-07-31,0.01558
2019-08-01,0.01560
2019-08-02,0.01563
2019-08-03,0.01567
2019-08-04,0.01571
2019-08-05,0.01574
2019-08-06,0.01577
2019-08-07,0.01580
2019-08-08,0.01583
2019-08-09,0.01585
2019-08-10,0.01588
2019-08-11,0.01590
2019-08-12,0.01592
2019-08-13,0.01594
2019-08-14,0.01595
2019-08-15,0.01596
2019-08-16,0.01598
2019-08-17,0.01598
2019-08-18,0.01599
2019-08-19,0.01600
2019-08-20,0.01600
2019-08-21,0.01600
2019-08-22,0.01600
2019-08-23,0.01600
2019-08-24,0.01599
2019-08-25,0.01598
2019-08-26,0.01597
2019-08-27,0.01596
2019-08-28,0.01595
2019-08-29,0.01593
2019-08-30,0.01591
2019-08-31,0.01589
2019-09-01,0.01588
2019-09-02,0.01586
2019-09-03,0.01584
2019-09-04,0.01581
2019-09-05,0.01578
2019-09-06,0.01575
2019-09-07,0.01572
2019-09-08,0.01568
2019-09-09,0.01565
2019-09-10,0.01561
2019-09-11,0.01557
2019-09-12,0.01552
2019-09-13,0.01548
2019-09-14,0.01543
2019-09-15,0.01538
2019-09-16,0.01533
2019-09-17,0.01528
2019-09-18,0.01523
2019-09-19,0.01517
2019-09-20,0.01511
2019-09-21,0.01505
2019-09-22,0.01499
2019-09-23,0.01493
2019-09-24,0.01486
2019-09-25,0.01480
2019-09-26,0.01473
2019-09-27,0.01466
2019-09-28,0.01459
2019-09-29,0.01451
2019-09-30,0.01444
2019-10-01,0.01433
2019-10-02,0.01425
2019-10-03,0.01417
2019-10-04,0.01409
2019-10-05,0.01400
2019-10-06,0.01392
2019-10-07,0.01383
2019-10-08,0.01374
2019-10-09,0.01365
2019-10-10,0.01356
2019-10-11,0.01347
2019-10-12,0.01338
2019-10-13,0.01328
2019-10-14,0.01319
2019-10-15,0.01309
2019-10-16,0.01299
2019-10-17,0.01289
2019-10-18,0.01279
2019-10-19,0.01269
2019-10-20,0.01259
2019-10-21,0.01248
2019-10-22,0.01238
2019-10-23,0.01227
2019-10-24,0.01217
2019-10-25,0.01206
2019-10-26,0.01195
2019-10-27,0.01184
2019-10-28,0.01173
2019-10-29,0.01162
2019-10-30,0.01151
2019-10-31,0.01139
2019-11-01,0.01134
2019-11-02,0.01123
2019-11-03,0.01112
2019-11-04,0.01100
2019-11-05,0.01089
2019-11-06,0.01077
2019-11-07,0.01065
2019-11-08,0.01053
2019-11-09,0.01042
2019-11-10,0.01030
2019-11-11,0.01018
2019-11-12,0.01006
2019-11-13,0.00994
2019-11-14,0.00982
2019-11-15,0.00970
2019-11-16,0.00958
2019-11-17,0.00946
2019-11-18,0.00934
2019-11-19,0.00922
2019-11-20,0.00910
2019-11-21,0.00898
2019-11-22,0.00886
2019-11-23,0.00874
2019-11-24,0.00862
2019-11-25,0.00850
2019-11-26,0.00838
2019-11-27,0.00826
2019-11-28,0.00814
2019-11-29,0.00802
2019-11-30,0.00790
2019-12-01,0.00773
2019-12-02,0.00761
2019-12-03,0.00750
2019-12-04,0.00738
2019-12-05,0.00726
2019-12-06,0.00715
2019-12-07,0.00703
2019-12-08,0.00691
2019-12-09,0.00680
2019-12-10,0.00669
2019-12-11,0.00657
2019-12-12,0.00646
2019-12-13,0.00635
2019-12-14,0.00624
2019-12-15,0.00613
2019-12-16,0.00602
2019-12-17,0.00591
2019-12-18,0.00580
2019-12-19,0.00569
2019-12-20,0.00559
2019-12-21,0.00548
2019-12-22,0.00538
2019-12-23,0.00528
2019-12-24,0.00518
2019-12-25,0.00508
2019-12-26,0.00498
2019-12-27,0.00488
2019-12-28,0.00478
2019-12-29,0.00469
2019-12-30,0.00459
2019-12-31,0.00450
2020-01-01,0.00446
2020-01-02,0.00437
2020-01-03,0.00428
2020-01-04,0.00419
2020-01-05,0.00411
2020-01-06,0.00402
2020-01-07,0.00394
2020-01-08,0.00385
2020-01-09,0.00377
2020-01-10,0.00369
2020-01-11,0.00362
2020-01-12,0.00354
2020-01-13,0.00347
2020-01-14,0.00339
2020-01-15,0.00332
2020-01-16,0.00325
2020-01-17,0.00318
2020-01-18,0.00312
2020-01-19,0.00305
2020-01-20,0.00299
2020-01-21,0.00293
2020-01-22,0.00287
2020-01-23,0.00281
2020-01-24,0.00276
2020-01-25,0.00270
2020-01-26,0.00265
2020-01-27,0.00260
2020-01-28,0.00256
2020-01-29,0.00251
2020-01-30,0.00247
2020-01-31,0.00242
2020-02-01,0.00241
2020-02-02,0.00237
2020-02-03,0.00233
2020-02-04,0.00229
2020-02-05,0.00226
2020-02-06,0.00223
2020-02-07,0.00220
2020-02-08,0.00217
2020-02-09,0.00215
2020-02-10,0.00212
2020-02-11,0.00210
2020-02-12,0.00208
2020-02-13,0.00206
2020-02-14,0.00205
2020-02-15,0.00204
2020-02-16,0.00202
2020-02-17,0.00202
2020-02-18,0.00201
2020-02-19,0.00200
2020-02-20,0.00200
2020-02-21,0.00200
2020-02-22,0.00200
2020-02-23,0.00200
2020-02-24,0.00201
2020-02-25,0.00202
2020-02-26,0.00203
2020-02-27,0.00204
2020-02-28,0.00205
2020-02-29,0.00207
2020-03-01,0.00212
2020-03-02,0.00214
2020-03-03,0.00216
2020-03-04,0.00219
2020-03-05,0.00222
2020-03-06,0.00225
2020-03-07,0.00228
2020-03-08,0.00232
2020-03-09,0.00235
2020-03-10,0.00239
2020-03-11,0.00243
2020-03-12,0.00248
2020-03-13,0.00252
2020-03-14,0.00257
2020-03-15,0.00262
2020-03-16,0.00267
2020-03-17,0.00272
2020-03-18,0.00277
2020-03-19,0.00283
2020-03-20,0.00289
2020-03-21,0.00295
2020-03-22,0.00301
2020-03-23,0.00307
2020-03-24,0.00313
2020-03-25,0.00320
2020-03-26,0.00327
2020-03-27,0.00334
2020-03-28,0.00341
2020-03-29,0.00348
2020-03-30,0.00356
2020-03-31,0.00364
2020-04-01,0.00367
2020-04-02,0.00375
2020-04-03,0.00383
2020-04-04,0.00391
2020-04-05,0.00400
2020-04-06,0.00408
2020-04-07,0.00417
2020-04-08,0.00425
2020-04-09,0.00434
2020-04-10,0.00443
2020-04-11,0.00453
2020-04-12,0.00462
2020-04-13,0.00471
2020-04-14,0.00481
2020-04-15,0.00491
2020-04-16,0.00501
2020-04-17,0.00510
2020-04-18,0.00521
2020-04-19,0.00531
2020-04-20,0.00541
2020-04-21,0.00551
2020-04-22,0.00562
2020-04-23,0.00572
2020-04-24,0.00583
2020-04-25,0.00594
2020-04-26,0.00605
2020-04-27,0.00616
2020-04-28,0.00627
2020-04-29,0.00638
2020-04-30,0.00649
2020-05-01,0.00665
2020-05-02,0.00677
2020-05-03,0.00688
2020-05-04,0.00700
2020-05-05,0.00711
2020-05-06,0.00723
2020-05-07,0.00735
2020-05-08,0.00746
2020-05-09,0.00758
2020-05-10,0.00770
2020-05-11,0.00782
2020-05-12,0.00794
2020-05-13,0.00806
2020-05-14,0.00818
2020-05-15,0.00829
2020-05-16,0.00841
2020-05-17,0.00853
2020-05-18,0.00866
2020-05-19,0.00878
2020-05-20,0.00890
2020-05-21,0.00902
2020-05-22,0.00914
2020-05-23,0.00926
2020-05-24,0.00938
2020-05-25,0.00950
2020-05-26,0.00962
2020-05-27,0.00974
2020-05-28,0.00986
2020-05-29,0.00998
2020-05-30,0.01010
2020-05-31,0.01021
2020-06-01,0.01027
2020-06-02,0.01038
2020-06-03,0.01050
2020-06-04,0.01062
2020-06-05,0.01074
2020-06-06,0.01085
2020-06-07,0.01097
2020-06-08,0.01108
2020-06-09,0.01120
2020-06-10,0.01131
2020-06-11,0.01143
2020-06-12,0.01154
2020-06-13,0.01165
2020-06-14,0.01176
2020-06-15,0.01187
2020-06-16,0.01198
2020-06-17,0.01209
2020-06-18,0.01220
2020-06-19,0.01230
2020-06-20,0.01241
2020-06-21,0.01251
2020-06-22,0.01262
2020-06-23,0.01272
2020-06-24,0.01282
2020-06-25,0.01292
2020-06-26,0.01302
2020-06-27,0.01312
2020-06-28,0.01322
2020-06-29,0.01331
2020-06-30,0.01341
2020-07-01,0.01354
2020-07-02,0.01363
2020-07-03,0.01372
2020-07-04,0.01381
2020-07-05,0.01389
2020-07-06,0.01398
2020-07-07,0.01406
2020-07-08,0.01415
2020-07-09,0.01423
2020-07-10,0.01431
2020-07-11,0.01438
2020-07-12,0.01446
2020-07-13,0.01454
2020-07-14,0.01461
2020-07-15,0.01468
2020-07-16,0.01475
2020-07-17,0.01482
2020-07-18,0.01488
2020-07-19,0.01495
2020-07-20,0.01501
2020-07-21,0.01507
2020-07-22,0.01513
2020-07-23,0.01519
2020-07-24,0.01524
2020-07-25,0.01530
2020-07-26,0.01535
2020-07-27,0.01540
2020-07-28,0.01545
2020-07-29,0.01549
2020-07-30,0.01554
2020-07-31,0.01558
2020-08-01,0.01560
2020-08-02,0.01563
2020-08-03,0.01567
2020-08-04,0.01571
2020-08-05,0.01574
2020-08-06,0.01577
2020-08-07,0.01580
2020-08-08,0.01583
2020-08-09,0.01585
2020-08-10,0.01588
2020-08-11,0.01590
2020-08-12,0.01592
2020-08-13,0.01594
2020-08-14,0.01595
2020-08-15,0.01596
2020-08-16,0.01598
2020-08-17,0.01598
2020-08-18,0.01599
2020-08-19,0.01600
2020-08-20,0.01600
2020-08-21,0.01600
2020-08-22,0.01600
2020-08-23,0.01600
2020-08-24,0.01599
2020-08-25,0.01598
2020-08-26,0.01597
2020-08-27,0.01596
2020-08-28,0.01595
2020-08-29,0.01593
2020-08-30,0.01591
2020-08-31,0.01589
2020-09-01,0.01588
2020-09-02,0.01586
2020-09-03,0.01584
2020-09-04,0.01581
2020-09-05,0.01578
2020-09-06,0.01575
2020-09-07,0.01572
2020-09-08,0.01568
2020-09-09,0.01565
2020-09-10,0.01561
2020-09-11,0.01557
2020-09-12,0.01552
2020-09-13,0.01548
2020-09-14,0.01543
2020-09-15,0.01538
2020-09-16,0.01533
2020-09-17,0.01528
2020-09-18,0.01523
2020-09-19,0.01517
2020-09-20,0.01511
2020-09-21,0.01505
2020-09-22,0.01499
2020-09-23,0.01493
2020-09-24,0.01486
2020-09-25,0.01480
2020-09-26,0.01473
2020-09-27,0.01466
2020-09-28,0.01459
2020-09-29,0.01451
2020-09-30,0.01444
2020-10-01,0.01433
2020-10-02,0.01425
2020-10-03,0.01417
2020-10-04,0.01409
2020-10-05,0.01400
2020-10-06,0.01392
2020-10-07,0.01383
2020-10-08,0.01374
2020-10-09,0.01365
2020-10-10,0.01356
2020-10-11,0.01347
2020-10-12,0.01338
2020-10-13,0.01328
2020-10-14,0.01319
2020-10-15,0.01309
2020-10-16,0.01299
2020-10-17,0.01289
2020-10-18,0.01279
2020-10-19,0.01269
2020-10-20,0.01259
2020-10-21,0.01248
2020-10-22,0.01238
2020-10-23,0.01227
2020-10-24,0.01217
2020-10-25,0.01206
2020-10-26,0.01195
2020-10-27,0.01184
2020-10-28,0.01173
2020-10-29,0.01162
2020-10-30,0.01151
2020-10-31,0.01139
2020-11-01,0.01134
2020-11-02,0.01123
2020-11-03,0.01112
2020-11-04,0.01100
2020-11-05,0.01089
2020-11-06,0.01077
2020-11-07,0.01065
2020-11-08,0.01053
2020-11-09,0.01042
2020-11-10,0.01030
2020-11-11,0.01018
2020-11-12,0.01006
2020-11-13,0.00994
2020-11-14,0.00982
2020-11-15,0.00970
2020-11-16,0.00958
2020-11-17,0.00946
2020-11-18,0.00934
2020-11-19,0.00922
2020-11-20,0.00910
2020-11-21,0.00898
2020-11-22,0.00886
2020-11-23,0.00874
2020-11-24,0.00862
2020-11-25,0.00850
2020-11-26,0.00838
2020-11-27,0.00826
2020-11-28,0.00814
2020-11-29,0.00802
2020-11-30,0.00790
2020-12-01,0.00773
2020-12-02,0.00761
2020-12-03,0.00750
2020-12-04,0.00738
2020-12-05,0.00726
2020-12-06,0.00715
2020-12-07,0.00703
2020-12-08,0.00691
2020-12-09,0.00680
2020-12-10,0.00669
2020-12-11,0.00657
2020-12-12,0.00646
2020-12-13,0.00635
2020-12-14,0.00624
2020-12-15,0.00613
2020-12-16,0.00602
2020-12-17,0.00591
2020-12-18,0.00580
2020-12-19,0.00569
2020-12-20,0.00559
2020-12-21,0.00548
2020-12-22,0.00538
2020-12-23,0.00528
2020-12-24,0.00518
2020-12-25,0.00508
2020-12-26,0.00498
2020-12-27,0.00488
2020-12-28,0.00478
2020-12-29,0.00469
2020-12-30,0.00459
2020-12-31,0.00450
2021-01-01,0.00446
2021-01-02,0.00437
2021-01-03,0.00428
2021-01-04,0.00419
2021-01-05,0.00411
2021-01-06,0.00402
2021-01-07,0.00394
2021-01-08,0.00385
2021-01-09,0.00377
2021-01-10,0.00369
2021-01-11,0.00362
2021-01-12,0.00354
2021-01-13,0.00347
2021-01-14,0.00339
2021-01-15,0.00332
2021-01-16,0.00325
2021-01-17,0.00318
2021-01-18,0.00312
2021-01-19,0.00305
2021-01-20,0.00299
2021-01-21,0.00293
2021-01-22,0.00287
2021-01-23,0.00281
2021-01-24,0.00276
2021-01-25,0.00270
2021-01-26,0.00265
2021-01-27,0.00260
2021-01-28,0.00256
2021-01-29,0.00251
2021-01-30,0.00247
2021-01-31,0.00242
2021-02-01,0.00241
2021-02-02,0.00237
2021-02-03,0.00233
2021-02-04,0.00229
2021-02-05,0.00226
2021-02-06,0.00223
2021-02-07,0.00220
2021-02-08,0.00217
2021-02-09,0.00215
2021-02-10,0.00212
2021-02-11,0.00210
2021-02-12,0.00208
2021-02-13,0.00206
2021-02-14,0.00205
2021-02-15,0.00204
2021-02-16,0.00202
2021-02-17,0.00202
2021-02-18,0.00201
2021-02-19,0.00200
2021-02-20,0.00200
2021-02-21,0.00200
2021-02-22,0.00200
2021-02-23,0.00200
2021-02-24,0.00201
2021-02-25,0.00202
2021-02-26,0.00203
2021-02-27,0.00204
2021-02-28,0.00205
2021-03-01,0.00212
2021-03-02,0.00214
2021-03-03,0.00216
2021-03-04,0.00219
2021-03-05,0.00222
2021-03-06,0.00225
2021-03-07,0.00228
2021-03-08,0.00232
2021-03-09,0.00235
2021-03-10,0.00239
2021-03-11,0.00243
2021-03-12,0.00248
2021-03-13,0.00252
2021-03-14,0.00257
2021-03-15,0.00262
2021-03-16,0.00267
2021-03-17,0.00272
2021-03-18,0.00277
2021-03-19,0.00283
2021-03-20,0.00289
2021-03-21,0.00295
2021-03-22,0.00301
2021-03-23,0.00307
2021-03-24,0.00313
2021-03-25,0.00320
2021-03-26,0.00327
2021-03-27,0.00334
2021-03-28,0.00341
2021-03-29,0.00348
2021-03-30,0.00356
2021-03-31,0.00364
2021-04-01,0.00367
2021-04-02,0.00375
2021-04-03,0.00383
2021-04-04,0.00391
2021-04-05,0.00400
2021-04-06,0.00408
2021-04-07,0.00417
2021-04-08,0.00425
2021-04-09,0.00434
2021-04-10,0.00443
2021-04-11,0.00453
2021-04-12,0.00462
2021-04-13,0.00471
2021-04-14,0.00481
2021-04-15,0.00491
2021-04-16,0.00501
2021-04-17,0.00510
2021-04-18,0.00521
2021-04-19,0.00531
2021-04-20,0.00541
2021-04-21,0.00551
2021-04-22,0.00562
2021-04-23,0.00572
2021-04-24,0.00583
2021-04-25,0.00594
2021-04-26,0.00605
2021-04-27,0.00616
2021-04-28,0.00627
2021-04-29,0.00638
2021-04-30,0.00649
2021-05-01,0.00665
2021-05-02,0.00677
2021-05-03,0.00688
2021-05-04,0.00700
2021-05-05,0.00711
2021-05-06,0.00723
2021-05-07,0.00735
2021-05-08,0.00746
2021-05-09,0.00758
2021-05-10,0.00770
2021-05-11,0.00782
2021-05-12,0.00794
2021-05-13,0.00806
2021-05-14,0.00818
2021-05-15,0.00829
2021-05-16,0.00841
2021-05-17,0.00853
2021-05-18,0.00866
2021-05-19,0.00878
2021-05-20,0.00890
2021-05-21,0.00902
2021-05-22,0.00914
2021-05-23,0.00926
2021-05-24,0.00938
2021-05-25,0.00950
2021-05-26,0.00962
2021-05-27,0.00974
2021-05-28,0.00986
2021-05-29,0.00998
2021-05-30,0.01010
2021-05-31,0.01021
2021-06-01,0.01027
2021-06-02,0.01038
2021-06-03,0.01050
2021-06-04,0.01062
2021-06-05,0.01074
2021-06-06,0.01085
2021-06-07,0.01097
2021-06-08,0.01108
2021-06-09,0.01120
2021-06-10,0.01131
2021-06-11,0.01143
2021-06-12,0.01154
2021-06-13,0.01165
2021-06-14,0.01176
2021-06-15,0.01187
2021-06-16,0.01198
2021-06-17,0.01209
2021-06-18,0.01220
2021-06-19,0.01230
2021-06-20,0.01241
2021-06-21,0.01251
2021-06-22,0.01262
2021-06-23,0.01272
2021-06-24,0.01282
2021-06-25,0.01292
2021-06-26,0.01302
2021-06-27,0.01312
2021-06-28,0.01322
2021-06-29,0.01331
2021-06-30,0.01341
2021-07-01,0.01354
2021-07-02,0.01363
2021-07-03,0.01372
2021-07-04,0.01381
2021-07-05,0.01389
2021-07-06,0.01398
2021-07-07,0.01406
2021-07-08,0.01415
2021-07-09,0.01423
2021-07-10,0.01431
2021-07-11,0.01438
2021-07-12,0.01446
2021-07-13,0.01454
2021-07-14,0.01461
2021-07-15,0.01468
2021-07-16,0.01475
2021-07-17,0.01482
2021-07-18,0.01488
2021-07-19,0.01495
2021-07-20,0.01501
2021-07-21,0.01507
2021-07-22,0.01513
2021-07-23,0.01519
2021-07-24,0.01524
2021-07-25,0.01530
2021-07-26,0.01535
2021-07-27,0.01540
2021-07-28,0.01545
2021-07-29,0.01549
2021-07-30,0.01554
2021-07-31,0.01558
2021-08-01,0.01560
2021-08-02,0.01563
2021-08-03,0.01567
2021-08-04,0.01571
2021-08-05,0.01574
2021-08-06,0.01577
2021-08-07,0.01580
2021-08-08,0.01583
2021-08-09,0.01585
2021-08-10,0.01588
2021-08-11,0.01590
2021-08-12,0.01592
2021-08-13,0.01594
2021-08-14,0.01595
2021-08-15,0.01596
2021-08-16,0.01598
2021-08-17,0.01598
2021-08-18,0.01599
2021-08-19,0.01600
2021-08-20,0.01600
2021-08-21,0.01600
2021-08-22,0.01600
2021-08-23,0.01600
2021-08-24,0.01599
2021-08-25,0.01598
2021-08-26,0.01597
2021-08-27,0.01596
2021-08-28,0.01595
2021-08-29,0.01593
2021-08-30,0.01591
2021-08-31,0.01589
2021-09-01,0.01588
2021-09-02,0.01586
2021-09-03,0.01584
2021-09-04,0.01581
2021-09-05,0.01578
2021-09-06,0.01575
2021-09-07,0.01572
2021-09-08,0.01568
2021-09-09,0.01565
2021-09-10,0.01561
2021-09-11,0.01557
2021-09-12,0.01552
2021-09-13,0.01548
2021-09-14,0.01543
2021-09-15,0.01538
2021-09-16,0.01533
2021-09-17,0.01528
2021-09-18,0.01523
2021-09-19,0.01517
2021-09-20,0.01511
2021-09-21,0.01505
2021-09-22,0.01499
2021-09-23,0.01493
2021-09-24,0.01486
2021-09-25,0.01480
2021-09-26,0.01473
2021-09-27,0.01466
2021-09-28,0.01459
2021-09-29,0.01451
2021-09-30,0.01444
2021-10-01,0.01433
2021-10-02,0.01425
2021-10-03,0.01417
2021-10-04,0.01409
2021-10-05,0.01400
2021-10-06,0.01392
2021-10-07,0.01383
2021-10-08,0.01374
2021-10-09,0.01365
2021-10-10,0.01356
2021-10-11,0.01347
2021-10-12,0.01338
2021-10-13,0.01328
2021-10-14,0.01319
2021-10-15,0.01309
2021-10-16,0.01299
2021-10-17,0.01289
2021-10-18,0.01279
2021-10-19,0.01269
2021-10-20,0.01259
2021-10-21,0.01248
2021-10-22,0.01238
2021-10-23,0.01227
2021-10-24,0.01217
2021-10-25,0.01206
2021-10-26,0.01195
2021-10-27,0.01184
2021-10-28,0.01173
2021-10-29,0.01162
2021-10-30,0.01151
2021-10-31,0.01139
2021-11-01,0.01134
2021-11-02,0.01123
2021-11-03,0.01112
2021-11-04,0.01100
2021-11-05,0.01089
2021-11-06,0.01077
2021-11-07,0.01065
2021-11-08,0.01053
2021-11-09,0.01042
2021-11-10,0.01030
2021-11-11,0.01018
2021-11-12,0.01006
2021-11-13,0.00994
2021-11-14,0.00982
2021-11-15,0.00970
2021-11-16,0.00958
2021-11-17,0.00946
2021-11-18,0.00934
2021-11-19,0.00922
2021-11-20,0.00910
2021-11-21,0.00898
2021-11-22,0.00886
2021-11-23,0.00874
2021-11-24,0.00862
2021-11-25,0.00850
2021-11-26,0.00838
2021-11-27,0.00826
2021-11-28,0.00814
2021-11-29,0.00802
2021-11-30,0.00790
2021-12-01,0.00773
2021-12-02,0.00761
2021-12-03,0.00750
2021-12-04,0.00738
2021-12-05,0.00726
2021-12-06,0.00715
2021-12-07,0.00703
2021-12-08,0.00691
2021-12-09,0.00680
2021-12-10,0.00669
2021-12-11,0.00657
2021-12-12,0.00646
2021-12-13,0.00635
2021-12-14,0.00624
2021-12-15,0.00613
2021-12-16,0.00602
2021-12-17,0.00591
2021-12-18,0.00580
2021-12-19,0.00569
2021-12-20,0.00559
2021-12-21,0.00548
2021-12-22,0.00538
2021-12-23,0.00528
2021-12-24,0.00518
2021-12-25,0.00508
2021-12-26,0.00498
2021-12-27,0.00488
2021-12-28,0.00478
2021-12-29,0.00469
2021-12-30,0.00459
2021-12-31,0.00450
2022-01-01,0.00446
2022-01-02,0.00437
2022-01-03,0.00428
2022-01-04,0.00419
2022-01-05,0.00411
2022-01-06,0.00402
2022-01-07,0.00394
2022-01-08,0.00385
2022-01-09,0.00377
2022-01-10,0.00369
2022-01-11,0.00362
2022-01-12,0.00354
2022-01-13,0.00347
2022-01-14,0.00339
2022-01-15,0.00332
2022-01-16,0.00325
2022-01-17,0.00318
2022-01-18,0.00312
2022-01-19,0.00305
2022-01-20,0.00299
2022-01-21,0.00293
2022-01-22,0.00287
2022-01-23,0.00281
2022-01-24,0.00276
2022-01-25,0.00270
2022-01-26,0.00265
2022-01-27,0.00260
2022-01-28,0.00256
2022-01-29,0.00251
2022-01-30,0.00247
2022-01-31,0.00242
2022-02-01,0.00241
2022-02-02,0.00237
2022-02-03,0.00233
2022-02-04,0.00229
2022-02-05,0.00226
2022-02-06,0.00223
2022-02-07,0.00220
2022-02-08,0.00217
2022-02-09,0.00215
2022-02-10,0.00212
2022-02-11,0.00210
2022-02-12,0.00208
2022-02-13,0.00206
2022-02-14,0.00205
2022-02-15,0.00204
2022-02-16,0.00202
2022-02-17,0.00202
2022-02-18,0.00201
2022-02-19,0.00200
2022-02-20,0.00200
2022-02-21,0.00200
2022-02-22,0.00200
2022-02-23,0.00200
2022-02-24,0.00201
2022-02-25,0.00202
2022-02-26,0.00203
2022-02-27,0.00204
2022-02-28,0.00205
2022-03-01,0.00212
2022-03-02,0.00214
2022-03-03,0.00216
2022-03-04,0.00219
2022-03-05,0.00222
2022-03-06,0.00225
2022-03-07,0.00228
2022-03-08,0.00232
2022-03-09,0.00235
2022-03-10,0.00239
2022-03-11,0.00243
2022-03-12,0.00248
2022-03-13,0.00252
2022-03-14,0.00257
2022-03-15,0.00262
2022-03-16,0.00267
2022-03-17,0.00272
2022-03-18,0.00277
2022-03-19,0.00283
2022-03-20,0.00289
2022-03-21,0.00295
2022-03-22,0.00301
2022-03-23,0.00307
2022-03-24,0.00313
2022-03-25,0.00320
2022-03-26,0.00327
2022-03-27,0.00334
2022-03-28,0.00341
2022-03-29,0.00348
2022-03-30,0.00356
2022-03-31,0.00364
2022-04-01,0.00367
2022-04-02,0.00375
2022-04-03,0.00383
2022-04-04,0.00391
2022-04-05,0.00400
2022-04-06,0.00408
2022-04-07,0.00417
2022-04-08,0.00425
2022-04-09,0.00434
2022-04-10,0.00443
2022-04-11,0.00453
2022-04-12,0.00462
2022-04-13,0.00471
2022-04-14,0.00481
2022-04-15,0.00491
2022-04-16,0.00501
2022-04-17,0.00510
2022-04-18,0.00521
2022-04-19,0.00531
2022-04-20,0.00541
2022-04-21,0.00551
2022-04-22,0.00562
2022-04-23,0.00572
2022-04-24,0.00583
2022-04-25,0.00594
2022-04-26,0.00605
2022-04-27,0.00616
2022-04-28,0.00627
2022-04-29,0.00638
2022-04-30,0.00649
2022-05-01,0.00665
2022-05-02,0.00677
2022-05-03,0.00688
2022-05-04,0.00700
2022-05-05,0.00711
2022-05-06,0.00723
2022-05-07,0.00735
2022-05-08,0.00746
2022-05-09,0.00758
2022-05-10,0.00770
2022-05-11,0.00782
2022-05-12,0.00794
2022-05-13,0.00806
2022-05-14,0.00818
2022-05-15,0.00829
2022-05-16,0.00841
2022-05-17,0.00853
2022-05-18,0.00866
2022-05-19,0.00878
2022-05-20,0.00890
2022-05-21,0.00902
2022-05-22,0.00914
2022-05-23,0.00926
2022-05-24,0.00938
2022-05-25,0.00950
2022-05-26,0.00962
2022-05-27,0.00974
2022-05-28,0.00986
2022-05-29,0.00998
2022-05-30,0.01010
2022-05-31,0.01021
2022-06-01,0.01027
2022-06-02,0.01038
2022-06-03,0.01050
2022-06-04,0.01062
2022-06-05,0.01074
2022-06-06,0.01085
2022-06-07,0.01097
2022-06-08,0.01108
2022-06-09,0.01120
2022-06-10,0.01131
2022-06-11,0.01143
2022-06-12,0.01154
2022-06-13,0.01165
2022-06-14,0.01176
2022-06-15,0.01187
2022-06-16,0.01198
2022-06-17,0.01209
2022-06-18,0.01220
2022-06-19,0.01230
2022-06-20,0.01241
2022-06-21,0.01251
2022-06-22,0.01262
2022-06-23,0.01272
2022-06-24,0.01282
2022-06-25,0.01292
2022-06-26,0.01302
2022-06-27,0.01312
2022-06-28,0.01322
2022-06-29,0.01331
2022-06-30,0.01341
2022-07-01,0.01354
2022-07-02,0.01363
2022-07-03,0.01372
2022-07-04,0.01381
2022-07-05,0.01389
2022-07-06,0.01398
2022-07-07,0.01406
2022-07-08,0.01415
2022-07-09,0.01423
2022-07-10,0.01431
2022-07-11,0.01438
2022-07-12,0.01446
2022-07-13,0.01454
2022-07-14,0.01461
2022-07-15,0.01468
2022-07-16,0.01475
2022-07-17,0.01482
2022-07-18,0.01488
2022-07-19,0.01495
2022-07-20,0.01501
2022-07-21,0.01507
2022-07-22,0.01513
2022-07-23,0.01519
2022-07-24,0.01524
2022-07-25,0.01530
2022-07-26,0.01535
2022-07-27,0.01540
2022-07-28,0.01545
2022-07-29,0.01549
2022-07-30,0.01554
2022-07-31,0.01558
2022-08-01,0.01560
2022-08-02,0.01563
2022-08-03,0.01567
2022-08-04,0.01571
2022-08-05,0.01574
2022-08-06,0.01577
2022-08-07,0.01580
2022-08-08,0.01583
2022-08-09,0.01585
2022-08-10,0.01588
2022-08-11,0.01590
2022-08-12,0.01592
2022-08-13,0.01594
2022-08-14,0.01595
2022-08-15,0.01596
2022-08-16,0.01598
2022-08-17,0.01598
2022-08-18,0.01599
2022-08-19,0.01600
2022-08-20,0.01600
2022-08-21,0.01600
2022-08-22,0.01600
2022-08-23,0.01600
2022-08-24,0.01599
2022-08-25,0.01598
2022-08-26,0.01597
2022-08-27,0.01596
2022-08-28,0.01595
2022-08-29,0.01593
2022-08-30,0.01591
2022-08-31,0.01589
2022-09-01,0.01588
2022-09-02,0.01586
2022-09-03,0.01584
2022-09-04,0.01581
2022-09-05,0.01578
2022-09-06,0.01575
2022-09-07,0.01572
2022-09-08,0.01568
2022-09-09,0.01565
2022-09-10,0.01561
2022-09-11,0.01557
2022-09-12,0.01552
2022-09-13,0.01548
2022-09-14,0.01543
2022-09-15,0.01538
2022-09-16,0.01533
2022-09-17,0.01528
2022-09-18,0.01523
2022-09-19,0.01517
2022-09-20,0.01511
2022-09-21,0.01505
2022-09-22,0.01499
2022-09-23,0.01493
2022-09-24,0.01486
2022-09-25,0.01480
2022-09-26,0.01473
2022-09-27,0.01466
2022-09-28,0.01459
2022-09-29,0.01451
2022-09-30,0.01444
2022-10-01,0.01433
2022-10-02,0.01425
2022-10-03,0.01417
2022-10-04,0.01409
2022-10-05,0.01400
2022-10-06,0.01392
2022-10-07,0.01383
2022-10-08,0.01374
2022-10-09,0.01365
2022-10-10,0.01356
2022-10-11,0.01347
2022-10-12,0.01338
2022-10-13,0.01328
2022-10-14,0.01319
2022-10-15,0.01309
2022-10-16,0.01299
2022-10-17,0.01289
2022-10-18,0.01279
2022-10-19,0.01269
2022-10-20,0.01259
2022-10-21,0.01248
2022-10-22,0.01238
2022-10-23,0.01227
2022-10-24,0.01217
2022-10-25,0.01206
2022-10-26,0.01195
2022-10-27,0.01184
2022-10-28,0.01173
2022-10-29,0.01162
2022-10-30,0.01151
2022-10-31,0.01139
2022-11-01,0.01134
2022-11-02,0.01123
2022-11-03,0.01112
2022-11-04,0.01100
2022-11-05,0.01089
2022-11-06,0.01077
2022-11-07,0.01065
2022-11-08,0.01053
2022-11-09,0.01042
2022-11-10,0.01030
2022-11-11,0.01018
2022-11-12,0.01006
2022-11-13,0.00994
2022-11-14,0.00982
2022-11-15,0.00970
2022-11-16,0.00958
2022-11-17,0.00946
2022-11-18,0.00934
2022-11-19,0.00922
2022-11-20,0.00910
2022-11-21,0.00898
2022-11-22,0.00886
2022-11-23,0.00874
2022-11-24,0.00862
2022-11-25,0.00850
2022-11-26,0.00838
2022-11-27,0.00826
2022-11-28,0.00814
2022-11-29,0.00802
2022-11-30,0.00790
2022-12-01,0.00773
2022-12-02,0.00761
2022-12-03,0.00750
2022-12-04,0.00738
2022-12-05,0.00726
2022-12-06,0.00715
2022-12-07,0.00703
2022-12-08,0.00691
2022-12-09,0.00680
2022-12-10,0.00669
2022-12-11,0.00657
2022-12-12,0.00646
2022-12-13,0.00635
2022-12-14,0.00624
2022-12-15,0.00613
2022-12-16,0.00602
2022-12-17,0.00591
2022-12-18,0.00580
2022-12-19,0.00569
2022-12-20,0.00559
2022-12-21,0.00548
2022-12-22,0.00538
2022-12-23,0.00528
2022-12-24,0.00518
2022-12-25,0.00508
2022-12-26,0.00498
2022-12-27,0.00488
2022-12-28,0.00478
2022-12-29,0.00469
2022-12-30,0.00459
2022-12-31,0.00450
2023-01-01,0.00446
2023-01-02,0.00437
2023-01-03,0.00428
2023-01-04,0.00419
2023-01-05,0.00411
2023-01-06,0.00402
2023-01-07,0.00394
2023-01-08,0.00385
2023-01-09,0.00377
2023-01-10,0.00369
2023-01-11,0.00362
2023-01-12,0.00354
2023-01-13,0.00347
2023-01-14,0.00339
2023-01-15,0.00332
2023-01-16,0.00325
2023-01-17,0.00318
2023-01-18,0.00312
2023-01-19,0.00305
2023-01-20,0.00299
2023-01-21,0.00293
2023-01-22,0.00287
2023-01-23,0.00281
2023-01-24,0.00276
2023-01-25,0.00270
2023-01-26,0.00265
2023-01-27,0.00260
2023-01-28,0.00256
2023-01-29,0.00251
2023-01-30,0.00247
2023-01-31,0.00242
2023-02-01,0.00241
2023-02-02,0.00237
2023-02-03,0.00233
2023-02-04,0.00229
2023-02-05,0.00226
2023-02-06,0.00223
2023-02-07,0.00220
2023-02-08,0.00217
2023-02-09,0.00215
2023-02-10,0.00212
2023-02-11,0.00210
2023-02-12,0.00208
2023-02-13,0.00206
2023-02-14,0.00205
2023-02-15,0.00204
2023-02-16,0.00202
2023-02-17,0.00202
2023-02-18,0.00201
2023-02-19,0.00200
2023-02-20,0.00200
2023-02-21,0.00200
2023-02-22,0.00200
2023-02-23,0.00200
2023-02-24,0.00201
2023-02-25,0.00202
2023-02-26,0.00203
2023-02-27,0.00204
2023-02-28,0.00205
2023-03-01,0.00212
2023-03-02,0.00214
2023-03-03,0.00216
2023-03-04,0.00219
2023-03-05,0.00222
2023-03-06,0.00225
2023-03-07,0.00228
2023-03-08,0.00232
2023-03-09,0.00235
2023-03-10,0.00239
2023-03-11,0.00243
2023-03-12,0.00248
2023-03-13,0.00252
2023-03-14,0.00257
2023-03-15,0.00262
2023-03-16,0.00267
2023-03-17,0.00272
2023-03-18,0.00277
2023-03-19,0.00283
2023-03-20,0.00289
2023-03-21,0.00295
2023-03-22,0.00301
2023-03-23,0.00307
2023-03-24,0.00313
2023-03-25,0.00320
2023-03-26,0.00327
2023-03-27,0.00334
2023-03-28,0.00341
2023-03-29,0.00348
2023-03-30,0.00356
2023-03-31,0.00364
2023-04-01,0.00367
2023-04-02,0.00375
2023-04-03,0.00383
2023-04-04,0.00391
2023-04-05,0.00400
2023-04-06,0.00408
2023-04-07,0.00417
2023-04-08,0.00425
2023-04-09,0.00434
2023-04-10,0.00443
2023-04-11,0.00453
2023-04-12,0.00462
2023-04-13,0.00471
2023-04-14,0.00481
2023-04-15,0.00491
2023-04-16,0.00501
2023-04-17,0.00510
2023-04-18,0.00521
2023-04-19,0.00531
2023-04-20,0.00541
2023-04-21,0.00551
2023-04-22,0.00562
2023-04-23,0.00572
2023-04-24,0.00583
2023-04-25,0.00594
2023-04-26,0.00605
2023-04-27,0.00616
2023-04-28,0.00627
2023-04-29,0.00638
2023-04-30,0.00649
2023-05-01,0.00665
2023-05-02,0.00677
2023-05-03,0.00688
2023-05-04,0.00700
2023-05-05,0.00711
2023-05-06,0.00723
2023-05-07,0.00735
2023-05-08,0.00746
2023-05-09,0.00758
2023-05-10,0.00770
2023-05-11,0.00782
2023-05-12,0.00794
2023-05-13,0.00806
2023-05-14,0.00818
2023-05-15,0.00829
2023-05-16,0.00841
2023-05-17,0.00853
2023-05-18,0.00866
2023-05-19,0.00878
2023-05-20,0.00890
2023-05-21,0.00902
2023-05-22,0.00914
2023-05-23,0.00926
2023-05-24,0.00938
2023-05-25,0.00950
2023-05-26,0.00962
2023-05-27,0.00974
2023-05-28,0.00986
2023-05-29,0.00998
2023-05-30,0.01010
2023-05-31,0.01021
2023-06-01,0.01027
2023-06-02,0.01038
2023-06-03,0.01050
2023-06-04,0.01062
2023-06-05,0.01074
2023-06-06,0.01085
2023-06-07,0.01097
2023-06-08,0.01108
2023-06-09,0.01120
2023-06-10,0.01131
2023-06-11,0.01143
2023-06-12,0.01154
2023-06-13,0.01165
2023-06-14,0.01176
2023-06-15,0.01187
2023-06-16,0.01198
2023-06-17,0.01209
2023-06-18,0.01220
2023-06-19,0.01230
2023-06-20,0.01241
2023-06-21,0.01251
2023-06-22,0.01262
2023-06-23,0.01272
2023-06-24,0.01282
2023-06-25,0.01292
2023-06-26,0.01302
2023-06-27,0.01312
2023-06-28,0.01322
2023-06-29,0.01331
2023-06-30,0.01341
2023-07-01,0.01354
2023-07-02,0.01363
2023-07-03,0.01372
2023-07-04,0.01381
2023-07-05,0.01389
2023-07-06,0.01398
2023-07-07,0.01406
2023-07-08,0.01415
2023-07-09,0.01423
2023-07-10,0.01431
2023-07-11,0.01438
2023-07-12,0.01446
2023-07-13,0.01454
2023-07-14,0.01461
2023-07-15,0.01468
2023-07-16,0.01475
2023-07-17,0.01482
2023-07-18,0.01488
2023-07-19,0.01495
2023-07-20,0.01501
2023-07-21,0.01507
2023-07-22,0.01513
2023-07-23,0.01519
2023-07-24,0.01524
2023-07-25,0.01530
2023-07-26,0.01535
2023-07-27,0.01540
2023-07-28,0.01545
2023-07-29,0.01549
2023-07-30,0.01554
2023-07-31,0.01558
2023-08-01,0.01560
2023-08-02,0.01563
2023-08-03,0.01567
2023-08-04,0.01571
2023-08-05,0.01574
2023-08-06,0.01577
2023-08-07,0.01580
2023-08-08,0.01583
2023-08-09,0.01585
2023-08-10,0.01588
2023-08-11,0.01590
2023-08-12,0.01592
2023-08-13,0.01594
2023-08-14,0.01595
2023-08-15,0.01596
2023-08-16,0.01598
2023-08-17,0.01598
2023-08-18,0.01599
2023-08-19,0.01600
2023-08-20,0.01600
2023-08-21,0.01600
2023-08-22,0.01600
2023-08-23,0.01600
2023-08-24,0.01599
2023-08-25,0.01598
2023-08-26,0.01597
2023-08-27,0.01596
2023-08-28,0.01595
2023-08-29,0.01593
2023-08-30,0.01591
2023-08-31,0.01589
2023-09-01,0.01588
2023-09-02,0.01586
2023-09-03,0.01584
2023-09-04,0.01581
2023-09-05,0.01578
2023-09-06,0.01575
2023-09-07,0.01572
2023-09-08,0.01568
2023-09-09,0.01565
2023-09-10,0.01561
2023-09-11,0.01557
2023-09-12,0.01552
2023-09-13,0.01548
2023-09-14,0.01543
2023-09-15,0.01538
2023-09-16,0.01533
2023-09-17,0.01528
2023-09-18,0.01523
2023-09-19,0.01517
2023-09-20,0.01511
2023-09-21,0.01505
2023-09-22,0.01499
2023-09-23,0.01493
2023-09-24,0.01486
2023-09-25,0.01480
2023-09-26,0.01473
2023-09-27,0.01466
2023-09-28,0.01459
2023-09-29,0.01451
2023-09-30,0.01444
2023-10-01,0.01433
2023-10-02,0.01425
2023-10-03,0.01417
2023-10-04,0.01409
2023-10-05,0.01400
2023-10-06,0.01392
2023-10-07,0.01383
2023-10-08,0.01374
2023-10-09,0.01365
2023-10-10,0.01356
2023-10-11,0.01347
2023-10-12,0.01338
2023-10-13,0.01328
2023-10-14,0.01319
2023-10-15,0.01309
2023-10-16,0.01299
2023-10-17,0.01289
2023-10-18,0.01279
2023-10-19,0.01269
2023-10-20,0.01259
2023-10-21,0.01248
2023-10-22,0.01238
2023-10-23,0.01227
2023-10-24,0.01217
2023-10-25,0.01206
2023-10-26,0.01195
2023-10-27,0.01184
2023-10-28,0.01173
2023-10-29,0.01162
2023-10-30,0.01151
2023-10-31,0.01139
2023-11-01,0.01134
2023-11-02,0.01123
2023-11-03,0.01112
2023-11-04,0.01100
2023-11-05,0.01089
2023-11-06,0.01077
2023-11-07,0.01065
2023-11-08,0.01053
2023-11-09,0.01042
2023-11-10,0.01030
2023-11-11,0.01018
2023-11-12,0.01006
2023-11-13,0.00994
2023-11-14,0.00982
2023-11-15,0.00970
2023-11-16,0.00958
2023-11-17,0.00946
2023-11-18,0.00934
2023-11-19,0.00922
2023-11-20,0.00910
2023-11-21,0.00898
2023-11-22,0.00886
2023-11-23,0.00874
2023-11-24,0.00862
2023-11-25,0.00850
2023-11-26,0.00838
2023-11-27,0.00826
2023-11-28,0.00814
2023-11-29,0.00802
2023-11-30,0.00790
2023-12-01,0.00773
2023-12-02,0.00761
2023-12-03,0.00750
2023-12-04,0.00738
2023-12-05,0.00726
2023-12-06,0.00715
2023-12-07,0.00703
2023-12-08,0.00691
2023-12-09,0.00680
2023-12-10,0.00669
2023-12-11,0.00657
2023-12-12,0.00646
2023-12-13,0.00635
2023-12-14,0.00624
2023-12-15,0.00613
2023-12-16,0.00602
2023-12-17,0.00591
2023-12-18,0.00580
2023-12-19,0.00569
2023-12-20,0.00559
2023-12-21,0.00548
2023-12-22,0.00538
2023-12-23,0.00528
2023-12-24,0.00518
2023-12-25,0.00508
2023-12-26,0.00498
2023-12-27,0.00488
2023-12-28,0.00478
2023-12-29,0.00469
2023-12-30,0.00459
2023-12-31,0.00450
2024-01-01,0.00446
2024-01-02,0.00437
2024-01-03,0.00428
2024-01-04,0.00419
2024-01-05,0.00411
2024-01-06,0.00402
2024-01-07,0.00394
2024-01-08,0.00385
2024-01-09,0.00377
2024-01-10,0.00369
2024-01-11,0.00362
2024-01-12,0.00354
2024-01-13,0.00347
2024-01-14,0.00339
2024-01-15,0.00332
2024-01-16,0.00325
2024-01-17,0.00318
2024-01-18,0.00312
2024-01-19,0.00305
2024-01-20,0.00299
2024-01-21,0.00293
2024-01-22,0.00287
2024-01-23,0.00281
2024-01-24,0.00276
2024-01-25,0.00270
2024-01-26,0.00265
2024-01-27,0.00260
2024-01-28,0.00256
2024-01-29,0.00251
2024-01-30,0.00247
2024-01-31,0.00242
2024-02-01,0.00241
2024-02-02,0.00237
2024-02-03,0.00233
2024-02-04,0.00229
2024-02-05,0.00226
2024-02-06,0.00223
2024-02-07,0.00220
2024-02-08,0.00217
2024-02-09,0.00215
2024-02-10,0.00212
2024-02-11,0.00210
2024-02-12,0.00208
2024-02-13,0.00206
2024-02-14,0.00205
2024-02-15,0.00204
2024-02-16,0.00202
2024-02-17,0.00202
2024-02-18,0.00201
2024-02-19,0.00200
2024-02-20,0.00200
2024-02-21,0.00200
2024-02-22,0.00200
2024-02-23,0.00200
2024-02-24,0.00201
2024-02-25,0.00202
2024-02-26,0.00203
2024-02-27,0.00204
2024-02-28,0.00205
2024-02-29,0.00207
2024-03-01,0.00212
2024-03-02,0.00214
2024-03-03,0.00216
2024-03-04,0.00219
2024-03-05,0.00222
2024-03-06,0.00225
2024-03-07,0.00228
2024-03-08,0.00232
2024-03-09,0.00235
2024-03-10,0.00239
2024-03-11,0.00243
2024-03-12,0.00248
2024-03-13,0.00252
2024-03-14,0.00257
2024-03-15,0.00262
2024-03-16,0.00267
2024-03-17,0.00272
2024-03-18,0.00277
2024-03-19,0.00283
2024-03-20,0.00289
2024-03-21,0.00295
2024-03-22,0.00301
2024-03-23,0.00307
2024-03-24,0.00313
2024-03-25,0.00320
2024-03-26,0.00327
2024-03-27,0.00334
2024-03-28,0.00341
2024-03-29,0.00348
2024-03-30,0.00356
2024-03-31,0.00364
2024-04-01,0.00367
2024-04-02,0.00375
2024-04-03,0.00383
2024-04-04,0.00391
2024-04-05,0.00400
2024-04-06,0.00408
2024-04-07,0.00417
2024-04-08,0.00425
2024-04-09,0.00434
2024-04-10,0.00443
2024-04-11,0.00453
2024-04-12,0.00462
2024-04-13,0.00471
2024-04-14,0.00481
2024-04-15,0.00491
2024-04-16,0.00501
2024-04-17,0.00510
2024-04-18,0.00521
2024-04-19,0.00531
2024-04-20,0.00541
2024-04-21,0.00551
2024-04-22,0.00562
2024-04-23,0.00572
2024-04-24,0.00583
2024-04-25,0.00594
2024-04-26,0.00605
2024-04-27,0.00616
2024-04-28,0.00627
2024-04-29,0.00638
2024-04-30,0.00649
2024-05-01,0.00665
2024-05-02,0.00677
2024-05-03,0.00688
2024-05-04,0.00700
2024-05-05,0.00711
2024-05-06,0.00723
2024-05-07,0.00735
2024-05-08,0.00746
2024-05-09,0.00758
2024-05-10,0.00770
2024-05-11,0.00782
2024-05-12,0.00794
2024-05-13,0.00806
2024-05-14,0.00818
2024-05-15,0.00829
2024-05-16,0.00841
2024-05-17,0.00853
2024-05-18,0.00866
2024-05-19,0.00878
2024-05-20,0.00890
2024-05-21,0.00902
2024-05-22,0.00914
2024-05-23,0.00926
2024-05-24,0.00938
2024-05-25,0.00950
2024-05-26,0.00962
2024-05-27,0.00974
2024-05-28,0.00986
2024-05-29,0.00998
2024-05-30,0.01010
2024-05-31,0.01021
2024-06-01,0.01027
2024-06-02,0.01038
2024-06-03,0.01050
2024-06-04,0.01062
2024-06-05,0.01074
2024-06-06,0.01085
2024-06-07,0.01097
2024-06-08,0.01108
2024-06-09,0.01120
2024-06-10,0.01131
2024-06-11,0.01143
2024-06-12,0.01154
2024-06-13,0.01165
2024-06-14,0.01176
2024-06-15,0.01187
2024-06-16,0.01198
2024-06-17,0.01209
2024-06-18,0.01220
2024-06-19,0.01230
2024-06-20,0.01241
2024-06-21,0.01251
2024-06-22,0.01262
2024-06-23,0.01272
2024-06-24,0.01282
2024-06-25,0.01292
2024-06-26,0.01302
2024-06-27,0.01312
2024-06-28,0.01322
2024-06-29,0.01331
2024-06-30,0.01341
2024-07-01,0.01354
2024-07-02,0.01363
2024-07-03,0.01372
2024-07-04,0.01381
2024-07-05,0.01389
2024-07-06,0.01398
2024-07-07,0.01406
2024-07-08,0.01415
2024-07-09,0.01423
2024-07-10,0.01431
2024-07-11,0.01438
2024-07-12,0.01446
2024-07-13,0.01454
2024-07-14,0.01461
2024-07-15,0.01468
2024-07-16,0.01475
2024-07-17,0.01482
2024-07-18,0.01488
2024-07-19,0.01495
2024-07-20,0.01501
2024-07-21,0.01507
2024-07-22,0.01513
2024-07-23,0.01519
2024-07-24,0.01524
2024-07-25,0.01530
2024-07-26,0.01535
2024-07-27,0.01540
2024-07-28,0.01545
2024-07-29,0.01549
2024-07-30,0.01554
2024-07-31,0.01558
2024-08-01,0.01560
2024-08-02,0.01563
2024-08-03,0.01567
2024-08-04,0.01571
2024-08-05,0.01574
2024-08-06,0.01577
2024-08-07,0.01580
2024-08-08,0.01583
2024-08-09,0.01585
2024-08-10,0.01588
2024-08-11,0.01590
2024-08-12,0.01592
2024-08-13,0.01594
2024-08-14,0.01595
2024-08-15,0.01596
2024-08-16,0.01598
2024-08-17,0.01598
2024-08-18,0.01599
2024-08-19,0.01600
2024-08-20,0.01600
2024-08-21,0.01600
2024-08-22,0.01600
2024-08-23,0.01600
2024-08-24,0.01599
2024-08-25,0.01598
2024-08-26,0.01597
2024-08-27,0.01596
2024-08-28,0.01595
2024-08-29,0.01593
2024-08-30,0.01591
2024-08-31,0.01589
2024-09-01,0.01588
2024-09-02,0.01586
2024-09-03,0.01584
2024-09-04,0.01581
2024-09-05,0.01578
2024-09-06,0.01575
2024-09-07,0.01572
2024-09-08,0.01568
2024-09-09,0.01565
2024-09-10,0.01561
2024-09-11,0.01557
2024-09-12,0.01552
2024-09-13,0.01548
2024-09-14,0.01543
2024-09-15,0.01538
2024-09-16,0.01533
2024-09-17,0.01528
2024-09-18,0.01523
2024-09-19,0.01517
2024-09-20,0.01511
2024-09-21,0.01505
2024-09-22,0.01499
2024-09-23,0.01493
2024-09-24,0.01486
2024-09-25,0.01480
2024-09-26,0.01473
2024-09-27,0.01466
2024-09-28,0.01459
2024-09-29,0.01451
2024-09-30,0.01444
2024-10-01,0.01433
2024-10-02,0.01425
2024-10-03,0.01417
2024-10-04,0.01409
2024-10-05,0.01400
2024-10-06,0.01392
2024-10-07,0.01383
2024-10-08,0.01374
2024-10-09,0.01365
2024-10-10,0.01356
2024-10-11,0.01347
2024-10-12,0.01338
2024-10-13,0.01328
2024-10-14,0.01319
2024-10-15,0.01309
2024-10-16,0.01299
2024-10-17,0.01289
2024-10-18,0.01279
2024-10-19,0.01269
2024-10-20,0.01259
2024-10-21,0.01248
2024-10-22,0.01238
2024-10-23,0.01227
2024-10-24,0.01217
2024-10-25,0.01206
2024-10-26,0.01195
2024-10-27,0.01184
2024-10-28,0.01173
2024-10-29,0.01162
2024-10-30,0.01151
2024-10-31,0.01139
2024-11-01,0.01134
2024-11-02,0.01123
2024-11-03,0.01112
2024-11-04,0.01100
2024-11-05,0.01089
2024-11-06,0.01077
2024-11-07,0.01065
2024-11-08,0.01053
2024-11-09,0.01042
2024-11-10,0.01030
2024-11-11,0.01018
2024-11-12,0.01006
2024-11-13,0.00994
2024-11-14,0.00982
2024-11-15,0.00970
2024-11-16,0.00958
2024-11-17,0.00946
2024-11-18,0.00934
2024-11-19,0.00922
2024-11-20,0.00910
2024-11-21,0.00898
2024-11-22,0.00886
2024-11-23,0.00874
2024-11-24,0.00862
2024-11-25,0.00850
2024-11-26,0.00838
2024-11-27,0.00826
2024-11-28,0.00814
2024-11-29,0.00802
2024-11-30,0.00790
2024-12-01,0.00773
2024-12-02,0.00761
2024-12-03,0.00750
2024-12-04,0.00738
2024-12-05,0.00726
2024-12-06,0.00715
2024-12-07,0.00703
2024-12-08,0.00691
2024-12-09,0.00680
2024-12-10,0.00669
2024-12-11,0.00657
2024-12-12,0.00646
2024-12-13,0.00635
2024-12-14,0.00624
2024-12-15,0.00613
2024-12-16,0.00602
2024-12-17,0.00591
2024-12-18,0.00580
2024-12-19,0.00569
2024-12-20,0.00559
2024-12-21,0.00548
2024-12-22,0.00538
2024-12-23,0.00528
2024-12-24,0.00518
2024-12-25,0.00508
2024-12-26,0.00498
2024-12-27,0.00488
2024-12-28,0.00478
2024-12-29,0.00469
2024-12-30,0.00459
2024-12-31,0.00450
2025-01-01,0.00446
2025-01-02,0.00437
2025-01-03,0.00428
2025-01-04,0.00419
2025-01-05,0.00411
2025-01-06,0.00402
2025-01-07,0.00394
2025-01-08,0.00385
2025-01-09,0.00377
2025-01-10,0.00369
2025-01-11,0.00362
2025-01-12,0.00354
2025-01-13,0.00347
2025-01-14,0.00339
2025-01-15,0.00332
2025-01-16,0.00325
2025-01-17,0.00318
2025-01-18,0.00312
2025-01-19,0.00305
2025-01-20,0.00299
2025-01-21,0.00293
2025-01-22,0.00287
2025-01-23,0.00281
2025-01-24,0.00276
2025-01-25,0.00270
2025-01-26,0.00265
2025-01-27,0.00260
2025-01-28,0.00256
2025-01-29,0.00251
2025-01-30,0.00247
2025-01-31,0.00242
2025-02-01,0.00241
2025-02-02,0.00237
2025-02-03,0.00233
2025-02-04,0.00229
2025-02-05,0.00226
2025-02-06,0.00223
2025-02-07,0.00220
2025-02-08,0.00217
2025-02-09,0.00215
2025-02-10,0.00212
2025-02-11,0.00210
2025-02-12,0.00208
2025-02-13,0.00206
2025-02-14,0.00205
2025-02-15,0.00204
2025-02-16,0.00202
2025-02-17,0.00202
2025-02-18,0.00201
2025-02-19,0.00200
2025-02-20,0.00200
2025-02-21,0.00200
2025-02-22,0.00200
2025-02-23,0.00200
2025-02-24,0.00201
2025-02-25,0.00202
2025-02-26,0.00203
2025-02-27,0.00204
2025-02-28,0.00205
2025-03-01,0.00212
2025-03-02,0.00214
2025-03-03,0.00216
2025-03-04,0.00219
2025-03-05,0.00222
2025-03-06,0.00225
2025-03-07,0.00228
2025-03-08,0.00232
2025-03-09,0.00235
2025-03-10,0.00239
2025-03-11,0.00243
2025-03-12,0.00248
2025-03-13,0.00252
2025-03-14,0.00257
2025-03-15,0.00262
2025-03-16,0.00267
2025-03-17,0.00272
2025-03-18,0.00277
2025-03-19,0.00283
2025-03-20,0.00289
2025-03-21,0.00295
2025-03-22,0.00301
2025-03-23,0.00307
2025-03-24,0.00313
2025-03-25,0.00320
2025-03-26,0.00327
2025-03-27,0.00334
2025-03-28,0.00341
2025-03-29,0.00348
2025-03-30,0.00356
2025-03-31,0.00364
2025-04-01,0.00367
2025-04-02,0.00375
2025-04-03,0.00383
2025-04-04,0.00391
2025-04-05,0.00400
2025-04-06,0.00408
2025-04-07,0.00417
2025-04-08,0.00425
2025-04-09,0.00434
2025-04-10,0.00443
2025-04-11,0.00453
2025-04-12,0.00462
2025-04-13,0.00471
2025-04-14,0.00481
2025-04-15,0.00491
2025-04-16,0.00501
2025-04-17,0.00510
2025-04-18,0.00521
2025-04-19,0.00531
2025-04-20,0.00541
2025-04-21,0.00551
2025-04-22,0.00562
2025-04-23,0.00572
2025-04-24,0.00583
2025-04-25,0.00594
2025-04-26,0.00605
2025-04-27,0.00616
2025-04-28,0.00627
2025-04-29,0.00638
2025-04-30,0.00649
2025-05-01,0.00665
2025-05-02,0.00677
2025-05-03,0.00688
2025-05-04,0.00700
2025-05-05,0.00711
2025-05-06,0.00723
2025-05-07,0.00735
2025-05-08,0.00746
2025-05-09,0.00758
2025-05-10,0.00770
2025-05-11,0.00782
2025-05-12,0.00794
2025-05-13,0.00806
2025-05-14,0.00818
2025-05-15,0.00829
2025-05-16,0.00841
2025-05-17,0.00853
2025-05-18,0.00866
2025-05-19,0.00878
2025-05-20,0.00890
2025-05-21,0.00902
2025-05-22,0.00914
2025-05-23,0.00926
2025-05-24,0.00938
2025-05-25,0.00950
2025-05-26,0.00962
2025-05-27,0.00974
2025-05-28,0.00986
2025-05-29,0.00998
2025-05-30,0.01010
2025-05-31,0.01021
2025-06-01,0.01027
2025-06-02,0.01038
2025-06-03,0.01050
2025-06-04,0.01062
2025-06-05,0.01074
2025-06-06,0.01085
2025-06-07,0.01097
2025-06-08,0.01108
2025-06-09,0.01120
2025-06-10,0.01131
2025-06-11,0.01143
2025-06-12,0.01154
2025-06-13,0.01165
2025-06-14,0.01176