time,flow,temp,salt,TRC_tr1,TRC_age,OXY_oxy
2001-01-11,0.021345154,20.53806172,2.232709258,0,0,30
2001-01-12,0.021399563,20.55982504,2.235973757,0,0,30
2001-01-13,0.021452817,20.58112679,2.239169019,0,0,30
2001-01-14,0.021504902,20.60196066,2.242294099,0,0,30
2001-01-15,0.021555801,20.62232048,2.245348073,0,0,30
2001-01-16,0.021605501,20.64220024,2.248330035,0,0,30
2001-01-17,0.021653985,20.66159403,2.251239105,0,0,30
2001-01-18,0.02170124,20.68049614,2.254074421,0,0,30
2001-01-19,0.021747252,20.69890096,2.256835144,0,0,30
2001-01-20,0.021792008,20.71680305,2.259520457,0,0,30
2001-01-21,0.021835493,20.7341971,2.262129566,0,0,30
2001-01-22,0.021877695,20.75107799,2.264661698,0,0,30
2001-01-23,0.021918602,20.76744069,2.267116104,0,0,30
2001-01-24,0.021958201,20.78328039,2.269492058,0,0,30
2001-01-25,0.021996481,20.79859238,2.271788857,0,0,30
2001-01-26,0.02203343,20.81337214,2.274005822,0,0,30
2001-01-27,0.022069038,20.8276153,2.276142295,0,0,30
2001-01-28,0.022103294,20.84131763,2.278197645,0,0,30
2001-01-29,0.022136188,20.85447509,2.280171264,0,0,30
2001-01-30,0.022167709,20.86708378,2.282062567,0,0,30
2001-01-31,0.02219785,20.87913997,2.283870996,0,0,30
2001-02-01,0.022210672,20.88426874,2.284640311,0,0,30
2001-02-02,0.022238808,20.8955231,2.286328465,0,0,30
2001-02-03,0.022265541,20.90621655,2.287932483,0,0,30
2001-02-04,0.022290865,20.91634592,2.289451888,0,0,30
2001-02-05,0.022314771,20.92590821,2.290886231,0,0,30
2001-02-06,0.022337251,20.93490059,2.292235089,0,0,30
2001-02-07,0.022358301,20.94332041,2.293498061,0,0,30
2001-02-08,0.022377913,20.95116516,2.294674775,0,0,30
2001-02-09,0.022396081,20.95843254,2.295764881,0,0,30
2001-02-10,0.022412801,20.96512038,2.296768057,0,0,30
2001-02-11,0.022428067,20.97122671,2.297684007,0,0,30
2001-02-12,0.022441874,20.97674973,2.298512459,0,0,30
2001-02-13,0.022454219,20.98168779,2.299253168,0,0,30
2001-02-14,0.022465099,20.98603944,2.299905916,0,0,30
2001-02-15,0.022474508,20.98980339,2.300470508,0,0,30
2001-02-16,0.022482446,20.99297852,2.300946778,0,0,30
2001-02-17,0.02248891,20.9955639,2.301334585,0,0,30
2001-02-18,0.022493897,20.99755876,2.301633814,0,0,30
2001-02-19,0.022497406,20.99896251,2.301844376,0,0,30
2001-02-20,0.022499437,20.99977473,2.30196621,0,0,30
2001-02-21,0.022499988,20.99999519,2.301999278,0,0,30
2001-02-22,0.02249906,20.99962382,2.301943573,0,0,30
2001-02-23,0.022496652,20.99866072,2.301799109,0,0,30
2001-02-24,0.022492765,20.9971062,2.301565929,0,0,30
2001-02-25,0.022487402,20.99496069,2.301244104,0,0,30
2001-02-26,0.022480562,20.99222485,2.300833727,0,0,30
2001-02-27,0.022472249,20.98889947,2.30033492,0,0,30
2001-02-28,0.022462464,20.98498554,2.299747832,0,0,30
2001-03-01,0.022417611,20.96704453,2.29705668,0,0,30
2001-03-02,0.022401335,20.96053385,2.296080077,0,0,30
2001-03-03,0.022383608,20.95344301,2.295016452,0,0,30
2001-03-04,0.022364435,20.94577412,2.293866118,0,0,30
2001-03-05,0.022343824,20.93752944,2.292629416,0,0,30
2001-03-06,0.022321779,20.92871142,2.291306712,0,0,30
2001-03-07,0.022298307,20.91932265,2.289898398,0,0,30
2001-03-08,0.022273415,20.90936594,2.28840489,0,0,30
2001-03-09,0.022247111,20.8988442,2.286826631,0,0,30
2001-03-10,0.022219401,20.88776057,2.285164086,0,0,30
2001-03-11,0.022190296,20.87611832,2.283417749,0,0,30
2001-03-12,0.022159802,20.8639209,2.281588135,0,0,30
2001-03-13,0.02212793,20.85117191,2.279675787,0,0,30
2001-03-14,0.022094688,20.83787514,2.27768127,0,0,30
2001-03-15,0.022060086,20.8240345,2.275605175,0,0,30
2001-03-16,0.022024135,20.8096541,2.273448116,0,0,30
2001-03-17,0.021986846,20.7947382,2.27121073,0,0,30
2001-03-18,0.021948228,20.77929121,2.268893681,0,0,30
2001-03-19,0.021908294,20.76331769,2.266497654,0,0,30
2001-03-20,0.021867056,20.74682239,2.264023358,0,0,30
2001-03-21,0.021824525,20.72981016,2.261471524,0,0,30
2001-03-22,0.021780715,20.71228606,2.258842909,0,0,30
2001-03-23,0.021735638,20.69425527,2.25613829,0,0,30
2001-03-24,0.021689308,20.67572312,2.253358468,0,0,30
2001-03-25,0.021641738,20.65669509,2.250504264,0,0,30
2001-03-26,0.021592942,20.63717683,2.247576524,0,0,30
2001-03-27,0.021542935,20.61717409,2.244576114,0,0,30
2001-03-28,0.021491732,20.59669281,2.241503922,0,0,30
2001-03-29,0.021439348,20.57573904,2.238360856,0,0,30
2001-03-30,0.021385797,20.55431899,2.235147848,0,0,30
2001-03-31,0.021331097,20.53243898,2.231865848,0,0,30
2001-04-01,0.021306669,20.52266773,2.23040016,0,0,30
2001-04-02,0.021250342,20.50013681,2.227020522,0,0,30
2001-04-03,0.021192905,20.47716198,2.223574297,0,0,30
2001-04-04,0.021134375,20.45375003,2.220062505,0,0,30
2001-04-05,0.02107477,20.42990789,2.216486184,0,0,30
2001-04-06,0.021014107,20.40564262,2.212846393,0,0,30
2001-04-07,0.020952403,20.3809614,2.20914421,0,0,30
2001-04-08,0.020889679,20.35587153,2.205380729,0,0,30
2001-04-09,0.020825951,20.33038043,2.201557065,0,0,30
2001-04-10,0.020761239,20.30449566,2.197674348,0,0,30
2001-04-11,0.020695562,20.27822486,2.193733729,0,0,30
2001-04-12,0.02062894,20.25157581,2.189736372,0,0,30
2001-04-13,0.020561391,20.22455641,2.185683461,0,0,30
2001-04-14,0.020492937,20.19717463,2.181576195,0,0,30
2001-04-15,0.020423596,20.1694386,2.17741579,0,0,30
2001-04-16,0.020353391,20.14135651,2.173203476,0,0,30
2001-04-17,0.020282342,20.11293667,2.1689405,0,0,30
2001-04-18,0.020210469,20.08418749,2.164628124,0,0,30
2001-04-19,0.020137794,20.05511749,2.160267624,0,0,30
2001-04-20,0.020064338,20.02573527,2.15586029,0,0,30
2001-04-21,0.019990124,19.99604951,2.151407426,0,0,30
2001-04-22,0.019915172,19.966069,2.14691035,0,0,30
2001-04-23,0.019839507,19.93580262,2.142370393,0,0,30
2001-04-24,0.019763148,19.90525932,2.137788897,0,0,30
2001-04-25,0.01968612,19.87444813,2.13316722,0,0,30
2001-04-26,0.019608445,19.84337819,2.128506728,0,0,30
2001-04-27,0.019530147,19.81205867,2.123808801,0,0,30
2001-04-28,0.019451247,19.78049886,2.119074829,0,0,30
2001-04-29,0.01937177,19.74870808,2.114306212,0,0,30
2001-04-30,0.019291739,19.71669575,2.109504362,0,0,30
2001-05-01,0.01917557,19.67022786,2.102534179,0,0,30
2001-05-02,0.019094287,19.63771482,2.097657222,0,0,30
2001-05-03,0.019012533,19.60501306,2.092751959,0,0,30
2001-05-04,0.018930331,19.57213227,2.087819841,0,0,30
2001-05-05,0.018847705,19.53908218,2.082862328,0,0,30
2001-05-06,0.018764681,19.50587257,2.077880886,0,0,30
2001-05-07,0.018681283,19.47251326,2.072876989,0,0,30
2001-05-08,0.018597535,19.43901413,2.067852119,0,0,30
2001-05-09,0.018513463,19.40538508,2.062807762,0,0,30
2001-05-10,0.01842909,19.37163608,2.057745412,0,0,30
2001-05-11,0.018344443,19.3377771,2.052666565,0,0,30
2001-05-12,0.018259545,19.30381817,2.047572725,0,0,30
2001-05-13,0.018174423,19.26976933,2.0424654,0,0,30
2001-05-14,0.018089102,19.23564067,2.0373461,0,0,30
2001-05-15,0.018003606,19.20144227,2.032216341,0,0,30
2001-05-16,0.017917961,19.16718427,2.02707764,0,0,30
2001-05-17,0.017832192,19.13287679,2.021931518,0,0,30
2001-05-18,0.017746325,19.09852999,2.016779498,0,0,30
2001-05-19,0.017660385,19.06415403,2.011623105,0,0,30
2001-05-20,0.017574398,19.0297591,2.006463864,0,0,30
2001-05-21,0.017488388,18.99535535,2.001303302,0,0,30
2001-05-22,0.017402382,18.96095298,1.996142947,0,0,30
2001-05-23,0.017316405,18.92656216,1.990984324,0,0,30
2001-05-24,0.017230483,18.89219308,1.985828962,0,0,30
2001-05-25,0.01714464,18.85785589,1.980678384,0,0,30
2001-05-26,0.017058902,18.82356077,1.975534116,0,0,30
2001-05-27,0.016973295,18.78931787,1.97039768,0,0,30
2001-05-28,0.016887843,18.7551373,1.965270595,0,0,30
2001-05-29,0.016802573,18.72102919,1.960154379,0,0,30
2001-05-30,0.016717509,18.68700364,1.955050546,0,0,30
2001-05-31,0.016632677,18.65307071,1.949960606,0,0,30
2001-06-01,0.01659543,18.63817215,1.947725822,0,0,30
2001-06-02,0.016510976,18.60439022,1.942658533,0,0,30
2001-06-03,0.016426813,18.57072536,1.937608804,0,0,30
2001-06-04,0.016342969,18.53718753,1.93257813,0,0,30
2001-06-05,0.016259467,18.50378665,1.927567998,0,0,30
2001-06-06,0.016176332,18.47053262,1.922579892,0,0,30
2001-06-07,0.016093588,18.43743525,1.917615288,0,0,30
2001-06-08,0.016011261,18.40450436,1.912675655,0,0,30
2001-06-09,0.015929374,18.37174969,1.907762454,0,0,30
2001-06-10,0.015847952,18.33918093,1.902877139,0,0,30
2001-06-11,0.015767019,18.30680771,1.898021157,0,0,30
2001-06-12,0.015686599,18.27463962,1.893195944,0,0,30
2001-06-13,0.015606715,18.24268618,1.888402927,0,0,30
2001-06-14,0.015527392,18.21095684,1.883643526,0,0,30
2001-06-15,0.015448652,18.17946099,1.878919148,0,0,30
2001-06-16,0.01537052,18.14820795,1.874231192,0,0,30
2001-06-17,0.015293017,18.11720696,1.869581045,0,0,30
2001-06-18,0.015216168,18.08646721,1.864970082,0,0,30
2001-06-19,0.015139994,18.05599779,1.860399669,0,0,30
2001-06-20,0.015064519,18.02580772,1.855871158,0,0,30
2001-06-21,0.014989765,17.99590592,1.851385889,0,0,30
2001-06-22,0.014915753,17.96630126,1.846945188,0,0,30
2001-06-23,0.014842506,17.93700248,1.842550371,0,0,30
2001-06-24,0.014770046,17.90801825,1.838202738,0,0,30
2001-06-25,0.014698393,17.87935717,1.833903575,0,0,30
2001-06-26,0.014627569,17.8510277,1.829654154,0,0,30
2001-06-27,0.014557596,17.82303823,1.825455734,0,0,30
2001-06-28,0.014488493,17.79539704,1.821309555,0,0,30
2001-06-29,0.014420281,17.76811231,1.817216846,0,0,30
2001-06-30,0.01435298,17.74119212,1.813178817,0,0,30
2001-07-01,0.014257709,17.70308348,1.807462522,0,0,30
2001-07-02,0.014192715,17.67708596,1.803562894,0,0,30
2001-07-03,0.0141287,17.65147992,1.799721987,0,0,30
2001-07-04,0.014065682,17.62627292,1.795940938,0,0,30
2001-07-05,0.014003681,17.60147243,1.792220865,0,0,30
2001-07-06,0.013942714,17.57708579,1.788562868,0,0,30
2001-07-07,0.013882801,17.55312021,1.784968032,0,0,30
2001-07-08,0.013823957,17.52958279,1.781437418,0,0,30
2001-07-09,0.013766201,17.50648048,1.777972073,0,0,30
2001-07-10,0.01370955,17.48382014,1.774573021,0,0,30
2001-07-11,0.013654021,17.46160845,1.771241268,0,0,30
2001-07-12,0.01359963,17.439852,1.7679778,0,0,30
2001-07-13,0.013546393,17.41855723,1.764783584,0,0,30
2001-07-14,0.013494326,17.39773042,1.761659564,0,0,30
2001-07-15,0.013443444,17.37737776,1.758606664,0,0,30
2001-07-16,0.013393763,17.35750525,1.755625788,0,0,30
2001-07-17,0.013345297,17.33811879,1.752717818,0,0,30
2001-07-18,0.01329806,17.3192241,1.749883615,0,0,30
2001-07-19,0.013252067,17.30082678,1.747124017,0,0,30
2001-07-20,0.013207331,17.28293228,1.744439841,0,0,30
2001-07-21,0.013163865,17.26554588,1.741831882,0,0,30
2001-07-22,0.013121682,17.24867273,1.73930091,0,0,30
2001-07-23,0.013080795,17.23231783,1.736847675,0,0,30
2001-07-24,0.013041215,17.21648602,1.734472903,0,0,30
2001-07-25,0.013002955,17.20118198,1.732177297,0,0,30
2001-07-26,0.012966026,17.18641023,1.729961535,0,0,30
2001-07-27,0.012930438,17.17217516,1.727826274,0,0,30
2001-07-28,0.012896202,17.15848097,1.725772145,0,0,30
2001-07-29,0.012863329,17.14533171,1.723799757,0,0,30
2001-07-30,0.012831828,17.13273128,1.721909693,0,0,30
2001-07-31,0.012801709,17.12068341,1.720102511,0,0,30
2001-08-01,0.012788896,17.11555832,1.719333748,0,0,30
2001-08-02,0.012760781,17.10431234,1.717646852,0,0,30
2001-08-03,0.012734068,17.09362733,1.7160441,0,0,30
2001-08-04,0.012708766,17.08350645,1.714525967,0,0,30
2001-08-05,0.012684882,17.07395269,1.713092903,0,0,30
2001-08-06,0.012662422,17.06496887,1.711745331,0,0,30
2001-08-07,0.012641394,17.05655767,1.71048365,0,0,30
2001-08-08,0.012621804,17.04872155,1.709308233,0,0,30
2001-08-09,0.012603657,17.04146286,1.708219429,0,0,30
2001-08-10,0.012586959,17.03478372,1.707217558,0,0,30
2001-08-11,0.012571715,17.02868613,1.706302919,0,0,30
2001-08-12,0.01255793,17.02317188,1.705475781,0,0,30
2001-08-13,0.012545607,17.0182426,1.70473639,0,0,30
2001-08-14,0.012534749,17.01389976,1.704084964,0,0,30
2001-08-15,0.012525362,17.01014463,1.703521695,0,0,30
2001-08-16,0.012517446,17.00697834,1.703046751,0,0,30
2001-08-17,0.012511005,17.00440181,1.702660272,0,0,30
2001-08-18,0.01250604,17.00241582,1.702362373,0,0,30
2001-08-19,0.012502552,17.00102094,1.702153141,0,0,30
2001-08-20,0.012500544,17.00021759,1.702032639,0,0,30
2001-08-21,0.012500015,17.00000601,1.702000901,0,0,30
2001-08-22,0.012500966,17.00038626,1.702057939,0,0,30
2001-08-23,0.012503396,17.00135823,1.702203734,0,0,30
2001-08-24,0.012507304,17.00292162,1.702438243,0,0,30
2001-08-25,0.01251269,17.00507599,1.702761398,0,0,30
2001-08-26,0.012519552,17.00782068,1.703173102,0,0,30
2001-08-27,0.012527887,17.0111549,1.703673234,0,0,30
2001-08-28,0.012537694,17.01507764,1.704261646,0,0,30
2001-08-29,0.012548969,17.01958775,1.704938163,0,0,30
2001-08-30,0.01256171,17.0246839,1.705702586,0,0,30
2001-08-31,0.012575911,17.03036458,1.706554687,0,0,30
2001-09-01,0.012582622,17.03304883,1.706957325,0,0,30
2001-09-02,0.012598921,17.03956823,1.707935235,0,0,30
2001-09-03,0.012616669,17.04666776,1.709000164,0,0,30
2001-09-04,0.012635863,17.0543453,1.710151796,0,0,30
2001-09-05,0.012656497,17.0625986,1.71138979,0,0,30
2001-09-06,0.012678563,17.07142521,1.712713781,0,0,30
2001-09-07,0.012702056,17.08082251,1.714123376,0,0,30
2001-09-08,0.012726969,17.09078772,1.715618159,0,0,30
2001-09-09,0.012753295,17.10131791,1.717197686,0,0,30
2001-09-10,0.012781025,17.11240994,1.718861491,0,0,30
2001-09-11,0.012810151,17.12406054,1.720609082,0,0,30
2001-09-12,0.012840666,17.13626627,1.72243994,0,0,30
2001-09-13,0.012872559,17.1490235,1.724353525,0,0,30
2001-09-14,0.012905821,17.16232847,1.72634927,0,0,30
2001-09-15,0.012940443,17.17617723,1.728426584,0,0,30
2001-09-16,0.012976414,17.19056569,1.730584853,0,0,30
2001-09-17,0.013013724,17.20548959,1.732823438,0,0,30
2001-09-18,0.013052361,17.22094452,1.735141677,0,0,30
2001-09-19,0.013092315,17.23692589,1.737538884,0,0,30
2001-09-20,0.013133572,17.25342899,1.740014349,0,0,30
2001-09-21,0.013176122,17.27044893,1.742567339,0,0,30
2001-09-22,0.013219952,17.28798067,1.7451971,0,0,30
2001-09-23,0.013265048,17.30601902,1.747902853,0,0,30
2001-09-24,0.013311397,17.32455865,1.750683798,0,0,30
2001-09-25,0.013358985,17.34359407,1.753539111,0,0,30
2001-09-26,0.013407799,17.36311965,1.756467947,0,0,30
2001-09-27,0.013457824,17.38312961,1.759469441,0,0,30
2001-09-28,0.013509045,17.40361802,1.762542703,0,0,30
2001-09-29,0.013561447,17.42457883,1.765686824,0,0,30
2001-09-30,0.013615015,17.44600583,1.768900875,0,0,30
2001-10-01,0.013694167,17.47766692,1.773650038,0,0,30
2001-10-02,0.013750511,17.50020455,1.777030682,0,0,30
2001-10-03,0.013807965,17.52318599,1.780477898,0,0,30
2001-10-04,0.013866511,17.54660444,1.783990666,0,0,30
2001-10-05,0.013926132,17.57045298,1.787567947,0,0,30
2001-10-06,0.013986811,17.59472454,1.791208681,0,0,30
2001-10-07,0.01404853,17.61941195,1.794911792,0,0,30
2001-10-08,0.01411127,17.64450789,1.798676184,0,0,30
2001-10-09,0.014175012,17.67000495,1.802500742,0,0,30
2001-10-10,0.014239739,17.69589557,1.806384336,0,0,30
2001-10-11,0.01430543,17.7221721,1.810325815,0,0,30
2001-10-12,0.014372067,17.74882676,1.814324014,0,0,30
2001-10-13,0.014439629,17.77585166,1.81837775,0,0,30
2001-10-14,0.014508097,17.80323881,1.822485822,0,0,30
2001-10-15,0.01457745,17.8309801,1.826647015,0,0,30
2001-10-16,0.014647668,17.85906732,1.830860098,0,0,30
2001-10-17,0.01471873,17.88749216,1.835123824,0,0,30
2001-10-18,0.014790616,17.91624621,1.839436931,0,0,30
2001-10-19,0.014863302,17.94532096,1.843798143,0,0,30
2001-10-20,0.01493677,17.9747078,1.84820617,0,0,30
2001-10-21,0.015010995,18.00439805,1.852659707,0,0,30
2001-10-22,0.015085957,18.03438291,1.857157436,0,0,30
2001-10-23,0.015161634,18.06465351,1.861698026,0,0,30
2001-10-24,0.015238002,18.0952009,1.866280134,0,0,30
2001-10-25,0.01531504,18.12601603,1.870902404,0,0,30
2001-10-26,0.015392724,18.15708978,1.875563467,0,0,30
2001-10-27,0.015471032,18.18841297,1.880261946,0,0,30
2001-10-28,0.015549941,18.21997632,1.884996448,0,0,30
2001-10-29,0.015629426,18.25177049,1.889765574,0,0,30
2001-10-30,0.015709465,18.28378607,1.894567911,0,0,30
2001-10-31,0.015790034,18.3160136,1.89940204,0,0,30
2001-11-01,0.015825646,18.33025839,1.901538759,0,0,30
2001-11-02,0.015906936,18.36277434,1.906416151,0,0,30
2001-11-03,0.015988697,18.39547885,1.911321828,0,0,30
2001-11-04,0.016070906,18.42836225,1.916254338,0,0,30
2001-11-05,0.016153537,18.46141481,1.921212221,0,0,30
2001-11-06,0.016236567,18.49462674,1.926194011,0,0,30
2001-11-07,0.016319971,18.52798822,1.931198233,0,0,30
2001-11-08,0.016403723,18.56148937,1.936223406,0,0,30
2001-11-09,0.016487801,18.59512029,1.941268044,0,0,30
2001-11-10,0.016572178,18.62887102,1.946330653,0,0,30
2001-11-11,0.016656829,18.66273157,1.951409736,0,0,30
2001-11-12,0.01674173,18.69669193,1.956503789,0,0,30
2001-11-13,0.016826855,18.73074203,1.961611305,0,0,30
2001-11-14,0.01691218,18.76487182,1.966730773,0,0,30
2001-11-15,0.016997678,18.79907118,1.971860678,0,0,30
2001-11-16,0.017083325,18.83333001,1.976999501,0,0,30
2001-11-17,0.017169095,18.86763815,1.982145722,0,0,30
2001-11-18,0.017254964,18.90198546,1.987297819,0,0,30
2001-11-19,0.017340904,18.93636178,1.992454266,0,0,30
2001-11-20,0.017426892,18.97075692,1.997613538,0,0,30
2001-11-21,0.017512902,19.00516072,2.002774108,0,0,30
2001-11-22,0.017598907,19.03956299,2.007934449,0,0,30
2001-11-23,0.017684884,19.07395356,2.013093034,0,0,30
2001-11-24,0.017770806,19.10832224,2.018248336,0,0,30
2001-11-25,0.017856647,19.14265887,2.02339883,0,0,30
2001-11-26,0.017942383,19.17695328,2.028542992,0,0,30
2001-11-27,0.018027988,19.21119533,2.033679299,0,0,30
2001-11-28,0.018113437,19.24537488,2.038806232,0,0,30
2001-11-29,0.018198705,19.27948182,2.043922274,0,0,30
2001-11-30,0.018283765,19.31350606,2.049025909,0,0,30
2001-12-01,0.018405838,19.3623354,2.05635031,0,0,30
2001-12-02,0.018490289,19.39611564,2.061417346,0,0,30
2001-12-03,0.018574447,19.42977867,2.0664668,0,0,30
2001-12-04,0.018658286,19.46331452,2.071497178,0,0,30
2001-12-05,0.018741783,19.49671327,2.07650699,0,0,30
2001-12-06,0.018824913,19.52996503,2.081494754,0,0,30
2001-12-07,0.01890765,19.56305996,2.086458995,0,0,30
2001-12-08,0.018989971,19.59598828,2.091398242,0,0,30
2001-12-09,0.019071851,19.62874024,2.096311035,0,0,30
2001-12-10,0.019153265,19.66130614,2.101195921,0,0,30
2001-12-11,0.019234191,19.69367635,2.106051452,0,0,30
2001-12-12,0.019314603,19.72584129,2.110876193,0,0,30
2001-12-13,0.019394479,19.75779144,2.115668716,0,0,30
2001-12-14,0.019473793,19.78951735,2.120427602,0,0,30
2001-12-15,0.019552524,19.82100963,2.125151444,0,0,30
2001-12-16,0.019630647,19.85225895,2.129838843,0,0,30
2001-12-17,0.01970814,19.88325609,2.134488413,0,0,30
2001-12-18,0.01978498,19.91399185,2.139098777,0,0,30
2001-12-19,0.019861143,19.94445714,2.143668571,0,0,30
2001-12-20,0.019936607,19.97464296,2.148196444,0,0,30
2001-12-21,0.020011351,20.00454036,2.152681054,0,0,30
2001-12-22,0.020085351,20.03414051,2.157121076,0,0,30
2001-12-23,0.020158587,20.06343463,2.161515195,0,0,30
2001-12-24,0.020231035,20.09241407,2.165862111,0,0,30
2001-12-25,0.020302676,20.12107025,2.170160537,0,0,30
2001-12-26,0.020373487,20.14939468,2.174409202,0,0,30
2001-12-27,0.020443447,20.17737899,2.178606848,0,0,30
2001-12-28,0.020512537,20.20501489,2.182752233,0,0,30
2001-12-29,0.020580736,20.23229421,2.186844131,0,0,30
2001-12-30,0.020648022,20.25920887,2.190881331,0,0,30
2001-12-31,0.020714377,20.28575092,2.194862637,0,0,30
2002-01-01,0.020741309,20.29652362,2.196478543,0,0,30
2002-01-02,0.020806317,20.32252695,2.200379042,0,0,30
2002-01-03,0.020870347,20.34813892,2.204220838,0,0,30
2002-01-04,0.02093338,20.37335196,2.208002794,0,0,30
2002-01-05,0.020995397,20.3981586,2.21172379,0,0,30
2002-01-06,0.021056379,20.4225515,2.215382726,0,0,30
2002-01-07,0.021116309,20.44652345,2.218978518,0,0,30
2002-01-08,0.021175168,20.47006735,2.222510102,0,0,30
2002-01-09,0.021232941,20.49317623,2.225976434,0,0,30
2002-01-10,0.021289608,20.51584325,2.229376488,0,0,30
2002-01-11,0.021345154,20.53806172,2.232709258,0,0,30
2002-01-12,0.021399563,20.55982504,2.235973757,0,0,30
2002-01-13,0.021452817,20.58112679,2.239169019,0,0,30
2002-01-14,0.021504902,20.60196066,2.242294099,0,0,30
2002-01-15,0.021555801,20.62232048,2.245348073,0,0,30
2002-01-16,0.021605501,20.64220024,2.248330035,0,0,30
2002-01-17,0.021653985,20.66159403,2.251239105,0,0,30
2002-01-18,0.02170124,20.68049614,2.254074421,0,0,30
2002-01-19,0.021747252,20.69890096,2.256835144,0,0,30
2002-01-20,0.021792008,20.71680305,2.259520457,0,0,30
2002-01-21,0.021835493,20.7341971,2.262129566,0,0,30
2002-01-22,0.021877695,20.75107799,2.264661698,0,0,30
2002-01-23,0.021918602,20.76744069,2.267116104,0,0,30
2002-01-24,0.021958201,20.78328039,2.269492058,0,0,30
2002-01-25,0.021996481,20.79859238,2.271788857,0,0,30
2002-01-26,0.02203343,20.81337214,2.274005822,0,0,30
2002-01-27,0.022069038,20.8276153,2.276142295,0,0,30
2002-01-28,0.022103294,20.84131763,2.278197645,0,0,30
2002-01-29,0.022136188,20.85447509,2.280171264,0,0,30
2002-01-30,0.022167709,20.86708378,2.282062567,0,0,30
2002-01-31,0.02219785,20.87913997,2.283870996,0,0,30
2002-02-01,0.022210672,20.88426874,2.284640311,0,0,30
2002-02-02,0.022238808,20.8955231,2.286328465,0,0,30
2002-02-03,0.022265541,20.90621655,2.287932483,0,0,30
2002-02-04,0.022290865,20.91634592,2.289451888,0,0,30
2002-02-05,0.022314771,20.92590821,2.290886231,0,0,30
2002-02-06,0.022337251,20.93490059,2.292235089,0,0,30
2002-02-07,0.022358301,20.94332041,2.293498061,0,0,30
2002-02-08,0.022377913,20.95116516,2.294674775,0,0,30
2002-02-09,0.022396081,20.95843254,2.295764881,0,0,30
2002-02-10,0.022412801,20.96512038,2.296768057,0,0,30
2002-02-11,0.022428067,20.97122671,2.297684007,0,0,30
2002-02-12,0.022441874,20.97674973,2.298512459,0,0,30
2002-02-13,0.022454219,20.98168779,2.299253168,0,0,30
2002-02-14,0.022465099,20.98603944,2.299905916,0,0,30
2002-02-15,0.022474508,20.98980339,2.300470508,0,0,30
2002-02-16,0.022482446,20.99297852,2.300946778,0,0,30
2002-02-17,0.02248891,20.9955639,2.301334585,0,0,30
2002-02-18,0.022493897,20.99755876,2.301633814,0,0,30
2002-02-19,0.022497406,20.99896251,2.301844376,0,0,30
2002-02-20,0.022499437,20.99977473,2.30196621,0,0,30
2002-02-21,0.022499988,20.99999519,2.301999278,0,0,30
2002-02-22,0.02249906,20.99962382,2.301943573,0,0,30
2002-02-23,0.022496652,20.99866072,2.301799109,0,0,30
2002-02-24,0.022492765,20.9971062,2.301565929,0,0,30
2002-02-25,0.022487402,20.99496069,2.301244104,0,0,30
2002-02-26,0.022480562,20.99222485,2.300833727,0,0,30
2002-02-27,0.022472249,20.98889947,2.30033492,0,0,30
2002-02-28,0.022462464,20.98498554,2.299747832,0,0,30
2002-03-01,0.022417611,20.96704453,2.29705668,0,0,30
2002-03-02,0.022401335,20.96053385,2.296080077,0,0,30
2002-03-03,0.022383608,20.95344301,2.295016452,0,0,30
2002-03-04,0.022364435,20.94577412,2.293866118,0,0,30
2002-03-05,0.022343824,20.93752944,2.292629416,0,0,30
2002-03-06,0.022321779,20.92871142,2.291306712,0,0,30
2002-03-07,0.022298307,20.91932265,2.289898398,0,0,30
2002-03-08,0.022273415,20.90936594,2.28840489,0,0,30
2002-03-09,0.022247111,20.8988442,2.286826631,0,0,30
2002-03-10,0.022219401,20.88776057,2.285164086,0,0,30
2002-03-11,0.022190296,20.87611832,2.283417749,0,0,30
2002-03-12,0.022159802,20.8639209,2.281588135,0,0,30
2002-03-13,0.02212793,20.85117191,2.279675787,0,0,30
2002-03-14,0.022094688,20.83787514,2.27768127,0,0,30
2002-03-15,0.022060086,20.8240345,2.275605175,0,0,30
2002-03-16,0.022024135,20.8096541,2.273448116,0,0,30
2002-03-17,0.021986846,20.7947382,2.27121073,0,0,30
2002-03-18,0.021948228,20.77929121,2.268893681,0,0,30
2002-03-19,0.021908294,20.76331769,2.266497654,0,0,30
2002-03-20,0.021867056,20.74682239,2.264023358,0,0,30
2002-03-21,0.021824525,20.72981016,2.261471524,0,0,30
2002-03-22,0.021780715,20.71228606,2.258842909,0,0,30
2002-03-23,0.021735638,20.69425527,2.25613829,0,0,30
2002-03-24,0.021689308,20.67572312,2.253358468,0,0,30
2002-03-25,0.021641738,20.65669509,2.250504264,0,0,30
2002-03-26,0.021592942,20.63717683,2.247576524,0,0,30
2002-03-27,0.021542935,20.61717409,2.244576114,0,0,30
2002-03-28,0.021491732,20.59669281,2.241503922,0,0,30
2002-03-29,0.021439348,20.57573904,2.238360856,0,0,30
2002-03-30,0.021385797,20.55431899,2.235147848,0,0,30
2002-03-31,0.021331097,20.53243898,2.231865848,0,0,30
2002-04-01,0.021306669,20.52266773,2.23040016,0,0,30
2002-04-02,0.021250342,20.50013681,2.227020522,0,0,30
2002-04-03,0.021192905,20.47716198,2.223574297,0,0,30
2002-04-04,0.021134375,20.45375003,2.220062505,0,0,30
2002-04-05,0.02107477,20.42990789,2.216486184,0,0,30
2002-04-06,0.021014107,20.40564262,2.212846393,0,0,30
2002-04-07,0.020952403,20.3809614,2.20914421,0,0,30
2002-04-08,0.020889679,20.35587153,2.205380729,0,0,30
2002-04-09,0.020825951,20.33038043,2.201557065,0,0,30
2002-04-10,0.020761239,20.30449566,2.197674348,0,0,30
2002-04-11,0.020695562,20.27822486,2.193733729,0,0,30
2002-04-12,0.02062894,20.25157581,2.189736372,0,0,30
2002-04-13,0.020561391,20.22455641,2.185683461,0,0,30
2002-04-14,0.020492937,20.19717463,2.181576195,0,0,30
2002-04-15,0.020423596,20.1694386,2.17741579,0,0,30
2002-04-16,0.020353391,20.14135651,2.173203476,0,0,30
2002-04-17,0.020282342,20.11293667,2.1689405,0,0,30
2002-04-18,0.020210469,20.08418749,2.164628124,0,0,30
2002-04-19,0.020137794,20.05511749,2.160267624,0,0,30
2002-04-20,0.020064338,20.02573527,2.15586029,0,0,30
2002-04-21,0.019990124,19.99604951,2.151407426,0,0,30
2002-04-22,0.019915172,19.966069,2.14691035,0,0,30
2002-04-23,0.019839507,19.93580262,2.142370393,0,0,30
2002-04-24,0.019763148,19.90525932,2.137788897,0,0,30
2002-04-25,0.01968612,19.87444813,2.13316722,0,0,30
2002-04-26,0.019608445,19.84337819,2.128506728,0,0,30
2002-04-27,0.019530147,19.81205867,2.123808801,0,0,30
2002-04-28,0.019451247,19.78049886,2.119074829,0,0,30
2002-04-29,0.01937177,19.74870808,2.114306212,0,0,30
2002-04-30,0.019291739,19.71669575,2.109504362,0,0,30
2002-05-01,0.01917557,19.67022786,2.102534179,0,0,30
2002-05-02,0.019094287,19.63771482,2.097657222,0,0,30
2002-05-03,0.019012533,19.60501306,2.092751959,0,0,30
2002-05-04,0.018930331,19.57213227,2.087819841,0,0,30
2002-05-05,0.018847705,19.53908218,2.082862328,0,0,30
2002-05-06,0.018764681,19.50587257,2.077880886,0,0,30
2002-05-07,0.018681283,19.47251326,2.072876989,0,0,30
2002-05-08,0.018597535,19.43901413,2.067852119,0,0,30
2002-05-09,0.018513463,19.40538508,2.062807762,0,0,30
2002-05-10,0.01842909,19.37163608,2.057745412,0,0,30
2002-05-11,0.018344443,19.3377771,2.052666565,0,0,30
2002-05-12,0.018259545,19.30381817,2.047572725,0,0,30
2002-05-13,0.018174423,19.26976933,2.0424654,0,0,30
2002-05-14,0.018089102,19.23564067,2.0373461,0,0,30
2002-05-15,0.018003606,19.20144227,2.032216341,0,0,30
2002-05-16,0.017917961,19.16718427,2.02707764,0,0,30
2002-05-17,0.017832192,19.13287679,2.021931518,0,0,30
2002-05-18,0.017746325,19.09852999,2.016779498,0,0,30
2002-05-19,0.017660385,19.06415403,2.011623105,0,0,30
2002-05-20,0.017574398,19.0297591,2.006463864,0,0,30
2002-05-21,0.017488388,18.99535535,2.001303302,0,0,30
2002-05-22,0.017402382,18.96095298,1.996142947,0,0,30
2002-05-23,0.017316405,18.92656216,1.990984324,0,0,30
2002-05-24,0.017230483,18.89219308,1.985828962,0,0,30
2002-05-25,0.01714464,18.85785589,1.980678384,0,0,30
2002-05-26,0.017058902,18.82356077,1.975534116,0,0,30
2002-05-27,0.016973295,18.78931787,1.97039768,0,0,30
2002-05-28,0.016887843,18.7551373,1.965270595,0,0,30
2002-05-29,0.016802573,18.72102919,1.960154379,0,0,30
2002-05-30,0.016717509,18.68700364,1.955050546,0,0,30
2002-05-31,0.016632677,18.65307071,1.949960606,0,0,30
2002-06-01,0.01659543,18.63817215,1.947725822,0,0,30
2002-06-02,0.016510976,18.60439022,1.942658533,0,0,30
2002-06-03,0.016426813,18.57072536,1.937608804,0,0,30
2002-06-04,0.016342969,18.53718753,1.93257813,0,0,30
2002-06-05,0.016259467,18.50378665,1.927567998,0,0,30
2002-06-06,0.016176332,18.47053262,1.922579892,0,0,30
2002-06-07,0.016093588,18.43743525,1.917615288,0,0,30
2002-06-08,0.016011261,18.40450436,1.912675655,0,0,30
2002-06-09,0.015929374,18.37174969,1.907762454,0,0,30
2002-06-10,0.015847952,18.33918093,1.902877139,0,0,30
2002-06-11,0.015767019,18.30680771,1.898021157,0,0,30
2002-06-12,0.015686599,18.27463962,1.893195944,0,0,30
2002-06-13,0.015606715,18.24268618,1.888402927,0,0,30
2002-06-14,0.015527392,18.21095684,1.883643526,0,0,30
2002-06-15,0.015448652,18.17946099,1.878919148,0,0,30
2002-06-16,0.01537052,18.14820795,1.874231192,0,0,30
2002-06-17,0.015293017,18.11720696,1.869581045,0,0,30
2002-06-18,0.015216168,18.08646721,1.864970082,0,0,30
2002-06-19,0.015139994,18.05599779,1.860399669,0,0,30
2002-06-20,0.015064519,18.02580772,1.855871158,0,0,30
2002-06-21,0.014989765,17.99590592,1.851385889,0,0,30
2002-06-22,0.014915753,17.96630126,1.846945188,0,0,30
2002-06-23,0.014842506,17.93700248,1.842550371,0,0,30
2002-06-24,0.014770046,17.90801825,1.838202738,0,0,30
2002-06-25,0.014698393,17.87935717,1.833903575,0,0,30
2002-06-26,0.014627569,17.8510277,1.829654154,0,0,30
2002-06-27,0.014557596,17.82303823,1.825455734,0,0,30
2002-06-28,0.014488493,17.79539704,1.821309555,0,0,30
2002-06-29,0.014420281,17.76811231,1.817216846,0,0,30
2002-06-30,0.01435298,17.74119212,1.813178817,0,0,30
2002-07-01,0.014257709,17.70308348,1.807462522,0,0,30
2002-07-02,0.014192715,17.67708596,1.803562894,0,0,30
2002-07-03,0.0141287,17.65147992,1.799721987,0,0,30
2002-07-04,0.014065682,17.62627292,1.795940938,0,0,30
2002-07-05,0.014003681,17.60147243,1.792220865,0,0,30
2002-07-06,0.013942714,17.57708579,1.788562868,0,0,30
2002-07-07,0.013882801,17.55312021,1.784968032,0,0,30
2002-07-08,0.013823957,17.52958279,1.781437418,0,0,30
2002-07-09,0.013766201,17.50648048,1.777972073,0,0,30
2002-07-10,0.01370955,17.48382014,1.774573021,0,0,30
2002-07-11,0.013654021,17.46160845,1.771241268,0,0,30
2002-07-12,0.01359963,17.439852,1.7679778,0,0,30
2002-07-13,0.013546393,17.41855723,1.764783584,0,0,30
2002-07-14,0.013494326,17.39773042,1.761659564,0,0,30
2002-07-15,0.013443444,17.37737776,1.758606664,0,0,30
2002-07-16,0.013393763,17.35750525,1.755625788,0,0,30
2002-07-17,0.013345297,17.33811879,1.752717818,0,0,30
2002-07-18,0.01329806,17.3192241,1.749883615,0,0,30
2002-07-19,0.013252067,17.30082678,1.747124017,0,0,30
2002-07-20,0.013207331,17.28293228,1.744439841,0,0,30
2002-07-21,0.013163865,17.26554588,1.741831882,0,0,30
2002-07-22,0.013121682,17.24867273,1.73930091,0,0,30
2002-07-23,0.013080795,17.23231783,1.736847675,0,0,30
2002-07-24,0.013041215,17.21648602,1.734472903,0,0,30
2002-07-25,0.013002955,17.20118198,1.732177297,0,0,30
2002-07-26,0.012966026,17.18641023,1.729961535,0,0,30
2002-07-27,0.012930438,17.17217516,1.727826274,0,0,30
2002-07-28,0.012896202,17.15848097,1.725772145,0,0,30
2002-07-29,0.012863329,17.14533171,1.723799757,0,0,30
2002-07-30,0.012831828,17.13273128,1.721909693,0,0,30
2002-07-31,0.012801709,17.12068341,1.720102511,0,0,30
2002-08-01,0.012788896,17.11555832,1.719333748,0,0,30
2002-08-02,0.012760781,17.10431234,1.717646852,0,0,30
2002-08-03,0.012734068,17.09362733,1.7160441,0,0,30
2002-08-04,0.012708766,17.08350645,1.714525967,0,0,30
2002-08-05,0.012684882,17.07395269,1.713092903,0,0,30
2002-08-06,0.012662422,17.06496887,1.711745331,0,0,30
2002-08-07,0.012641394,17.05655767,1.71048365,0,0,30
2002-08-08,0.012621804,17.04872155,1.709308233,0,0,30
2002-08-09,0.012603657,17.04146286,1.708219429,0,0,30
2002-08-10,0.012586959,17.03478372,1.707217558,0,0,30
2002-08-11,0.012571715,17.02868613,1.706302919,0,0,30
2002-08-12,0.01255793,17.02317188,1.705475781,0,0,30
2002-08-13,0.012545607,17.0182426,1.70473639,0,0,30
2002-08-14,0.012534749,17.01389976,1.704084964,0,0,30
2002-08-15,0.012525362,17.01014463,1.703521695,0,0,30
2002-08-16,0.012517446,17.00697834,1.703046751,0,0,30
2002-08-17,0.012511005,17.00440181,1.702660272,0,0,30
2002-08-18,0.01250604,17.00241582,1.702362373,0,0,30
2002-08-19,0.012502552,17.00102094,1.702153141,0,0,30
2002-08-20,0.012500544,17.00021759,1.702032639,0,0,30
2002-08-21,0.012500015,17.00000601,1.702000901,0,0,30
2002-08-22,0.012500966,17.00038626,1.702057939,0,0,30
2002-08-23,0.012503396,17.00135823,1.702203734,0,0,30
2002-08-24,0.012507304,17.00292162,1.702438243,0,0,30
2002-08-25,0.01251269,17.00507599,1.702761398,0,0,30
2002-08-26,0.012519552,17.00782068,1.703173102,0,0,30
2002-08-27,0.012527887,17.0111549,1.703673234,0,0,30
2002-08-28,0.012537694,17.01507764,1.704261646,0,0,30
2002-08-29,0.012548969,17.01958775,1.704938163,0,0,30
2002-08-30,0.01256171,17.0246839,1.705702586,0,0,30
2002-08-31,0.012575911,17.03036458,1.706554687,0,0,30
2002-09-01,0.012582622,17.03304883,1.706957325,0,0,30
2002-09-02,0.012598921,17.03956823,1.707935235,0,0,30
2002-09-03,0.012616669,17.04666776,1.709000164,0,0,30
2002-09-04,0.012635863,17.0543453,1.710151796,0,0,30
2002-09-05,0.012656497,17.0625986,1.71138979,0,0,30
2002-09-06,0.012678563,17.07142521,1.712713781,0,0,30
2002-09-07,0.012702056,17.08082251,1.714123376,0,0,30
2002-09-08,0.012726969,17.09078772,1.715618159,0,0,30
2002-09-09,0.012753295,17.10131791,1.717197686,0,0,30
2002-09-10,0.012781025,17.11240994,1.718861491,0,0,30
2002-09-11,0.012810151,17.12406054,1.720609082,0,0,30
2002-09-12,0.012840666,17.13626627,1.72243994,0,0,30
2002-09-13,0.012872559,17.1490235,1.724353525,0,0,30
2002-09-14,0.012905821,17.16232847,1.72634927,0,0,30
2002-09-15,0.012940443,17.17617723,1.728426584,0,0,30
2002-09-16,0.012976414,17.19056569,1.730584853,0,0,30
2002-09-17,0.013013724,17.20548959,1.732823438,0,0,30
2002-09-18,0.013052361,17.22094452,1.735141677,0,0,30
2002-09-19,0.013092315,17.23692589,1.737538884,0,0,30
2002-09-20,0.013133572,17.25342899,1.740014349,0,0,30
2002-09-21,0.013176122,17.27044893,1.742567339,0,0,30
2002-09-22,0.013219952,17.28798067,1.7451971,0,0,30
2002-09-23,0.013265048,17.30601902,1.747902853,0,0,30
2002-09-24,0.013311397,17.32455865,1.750683798,0,0,30
2002-09-25,0.013358985,17.34359407,1.753539111,0,0,30
2002-09-26,0.013407799,17.36311965,1.756467947,0,0,30
2002-09-27,0.013457824,17.38312961,1.759469441,0,0,30
2002-09-28,0.013509045,17.40361802,1.762542703,0,0,30
2002-09-29,0.013561447,17.42457883,1.765686824,0,0,30
2002-09-30,0.013615015,17.44600583,1.768900875,0,0,30
2002-10-01,0.013694167,17.47766692,1.773650038,0,0,30
2002-10-02,0.013750511,17.50020455,1.777030682,0,0,30
2002-10-03,0.013807965,17.52318599,1.780477898,0,0,30
2002-10-04,0.013866511,17.54660444,1.783990666,0,0,30
2002-10-05,0.013926132,17.57045298,1.787567947,0,0,30
2002-10-06,0.013986811,17.59472454,1.791208681,0,0,30
2002-10-07,0.01404853,17.61941195,1.794911792,0,0,30
2002-10-08,0.01411127,17.64450789,1.798676184,0,0,30
2002-10-09,0.014175012,17.67000495,1.802500742,0,0,30
2002-10-10,0.014239739,17.69589557,1.806384336,0,0,30
2002-10-11,0.01430543,17.7221721,1.810325815,0,0,30
2002-10-12,0.014372067,17.74882676,1.814324014,0,0,30
2002-10-13,0.014439629,17.77585166,1.81837775,0,0,30
2002-10-14,0.014508097,17.80323881,1.822485822,0,0,30
2002-10-15,0.01457745,17.8309801,1.826647015,0,0,30
2002-10-16,0.014647668,17.85906732,1.830860098,0,0,30
2002-10-17,0.01471873,17.88749216,1.835123824,0,0,30
2002-10-18,0.014790616,17.91624621,1.839436931,0,0,30
2002-10-19,0.014863302,17.94532096,1.843798143,0,0,30
2002-10-20,0.01493677,17.9747078,1.84820617,0,0,30
2002-10-21,0.015010995,18.00439805,1.852659707,0,0,30
2002-10-22,0.015085957,18.03438291,1.857157436,0,0,30
2002-10-23,0.015161634,18.06465351,1.861698026,0,0,30
2002-10-24,0.015238002,18.0952009,1.866280134,0,0,30
2002-10-25,0.01531504,18.12601603,1.870902404,0,0,30
2002-10-26,0.015392724,18.15708978,1.875563467,0,0,30
2002-10-27,0.015471032,18.18841297,1.880261946,0,0,30
2002-10-28,0.015549941,18.21997632,1.884996448,0,0,30
2002-10-29,0.015629426,18.25177049,1.889765574,0,0,30
2002-10-30,0.015709465,18.28378607,1.894567911,0,0,30
2002-10-31,0.015790034,18.3160136,1.89940204,0,0,30
2002-11-01,0.015825646,18.33025839,1.901538759,0,0,30
2002-11-02,0.015906936,18.36277434,1.906416151,0,0,30
2002-11-03,0.015988697,18.39547885,1.911321828,0,0,30
2002-11-04,0.016070906,18.42836225,1.916254338,0,0,30
2002-11-05,0.016153537,18.46141481,1.921212221,0,0,30
2002-11-06,0.016236567,18.49462674,1.926194011,0,0,30
2002-11-07,0.016319971,18.52798822,1.931198233,0,0,30
2002-11-08,0.016403723,18.56148937,1.936223406,0,0,30
2002-11-09,0.016487801,18.59512029,1.941268044,0,0,30
2002-11-10,0.016572178,18.62887102,1.946330653,0,0,30
2002-11-11,0.016656829,18.66273157,1.951409736,0,0,30
2002-11-12,0.01674173,18.69669193,1.956503789,0,0,30
2002-11-13,0.016826855,18.73074203,1.961611305,0,0,30
2002-11-14,0.01691218,18.76487182,1.966730773,0,0,30
2002-11-15,0.016997678,18.79907118,1.971860678,0,0,30
2002-11-16,0.017083325,18.83333001,1.976999501,0,0,30
2002-11-17,0.017169095,18.86763815,1.982145722,0,0,30
2002-11-18,0.017254964,18.90198546,1.987297819,0,0,30
2002-11-19,0.017340904,18.93636178,1.992454266,0,0,30
2002-11-20,0.017426892,18.97075692,1.997613538,0,0,30
2002-11-21,0.017512902,19.00516072,2.002774108,0,0,30
2002-11-22,0.017598907,19.03956299,2.007934449,0,0,30
2002-11-23,0.017684884,19.07395356,2.013093034,0,0,30
2002-11-24,0.017770806,19.10832224,2.018248336,0,0,30
2002-11-25,0.017856647,19.14265887,2.02339883,0,0,30
2002-11-26,0.017942383,19.17695328,2.028542992,0,0,30
2002-11-27,0.018027988,19.21119533,2.033679299,0,0,30
2002-11-28,0.018113437,19.24537488,2.038806232,0,0,30
2002-11-29,0.018198705,19.27948182,2.043922274,0,0,30
2002-11-30,0.018283765,19.31350606,2.049025909,0,0,30
2002-12-01,0.018405838,19.3623354,2.05635031,0,0,30
2002-12-02,0.018490289,19.39611564,2.061417346,0,0,30
2002-12-03,0.018574447,19.42977867,2.0664668,0,0,30
2002-12-04,0.018658286,19.46331452,2.071497178,0,0,30
2002-12-05,0.018741783,19.49671327,2.07650699,0,0,30
2002-12-06,0.018824913,19.52996503,2.081494754,0,0,30
2002-12-07,0.01890765,19.56305996,2.086458995,0,0,30
2002-12-08,0.018989971,19.59598828,2.091398242,0,0,30
2002-12-09,0.019071851,19.62874024,2.096311035,0,0,30
2002-12-10,0.019153265,19.66130614,2.101195921,0,0,30
2002-12-11,0.019234191,19.69367635,2.106051452,0,0,30
2002-12-12,0.019314603,19.72584129,2.110876193,0,0,30
2002-12-13,0.019394479,19.75779144,2.115668716,0,0,30
2002-12-14,0.019473793,19.78951735,2.120427602,0,0,30
2002-12-15,0.019552524,19.82100963,2.125151444,0,0,30
2002-12-16,0.019630647,19.85225895,2.129838843,0,0,30
2002-12-17,0.01970814,19.88325609,2.134488413,0,0,30
2002-12-18,0.01978498,19.91399185,2.139098777,0,0,30
2002-12-19,0.019861143,19.94445714,2.143668571,0,0,30
2002-12-20,0.019936607,19.97464296,2.148196444,0,0,30
2002-12-21,0.020011351,20.00454036,2.152681054,0,0,30
2002-12-22,0.020085351,20.03414051,2.157121076,0,0,30
2002-12-23,0.020158587,20.06343463,2.161515195,0,0,30
2002-12-24,0.020231035,20.09241407,2.165862111,0,0,30
2002-12-25,0.020302676,20.12107025,2.170160537,0,0,30
2002-12-26,0.020373487,20.14939468,2.174409202,0,0,30
2002-12-27,0.020443447,20.17737899,2.178606848,0,0,30
2002-12-28,0.020512537,20.20501489,2.182752233,0,0,30
2002-12-29,0.020580736,20.23229421,2.186844131,0,0,30
2002-12-30,0.020648022,20.25920887,2.190881331,0,0,30
2002-12-31,0.020714377,20.28575092,2.194862637,0,0,30
2003-01-01,0.020741309,20.29652362,2.196478543,0,0,30
2003-01-02,0.020806317,20.32252695,2.200379042,0,0,30
2003-01-03,0.020870347,20.34813892,2.204220838,0,0,30
2003-01-04,0.02093338,20.37335196,2.208002794,0,0,30
2003-01-05,0.020995397,20.3981586,2.21172379,0,0,30
2003-01-06,0.021056379,20.4225515,2.215382726,0,0,30
2003-01-07,0.021116309,20.44652345,2.218978518,0,0,30
2003-01-08,0.021175168,20.47006735,2.222510102,0,0,30
2003-01-09,0.021232941,20.49317623,2.225976434,0,0,30
2003-01-10,0.021289608,20.51584325,2.229376488,0,0,30
2003-01-11,0.021345154,20.53806172,2.232709258,0,0,30
2003-01-12,0.021399563,20.55982504,2.235973757,0,0,30
2003-01-13,0.021452817,20.58112679,2.239169019,0,0,30
2003-01-14,0.021504902,20.60196066,2.242294099,0,0,30
2003-01-15,0.021555801,20.62232048,2.245348073,0,0,30
2003-01-16,0.021605501,20.64220024,2.248330035,0,0,30
2003-01-17,0.021653985,20.66159403,2.251239105,0,0,30
2003-01-18,0.02170124,20.68049614,2.254074421,0,0,30
2003-01-19,0.021747252,20.69890096,2.256835144,0,0,30
2003-01-20,0.021792008,20.71680305,2.259520457,0,0,30
2003-01-21,0.021835493,20.7341971,2.262129566,0,0,30
2003-01-22,0.021877695,20.75107799,2.264661698,0,0,30
2003-01-23,0.021918602,20.76744069,2.267116104,0,0,30
2003-01-24,0.021958201,20.78328039,2.269492058,0,0,30
2003-01-25,0.021996481,20.79859238,2.271788857,0,0,30
2003-01-26,0.02203343,20.81337214,2.274005822,0,0,30
2003-01-27,0.022069038,20.8276153,2.276142295,0,0,30
2003-01-28,0.022103294,20.84131763,2.278197645,0,0,30
2003-01-29,0.022136188,20.85447509,2.280171264,0,0,30
2003-01-30,0.022167709,20.86708378,2.282062567,0,0,30
2003-01-31,0.02219785,20.87913997,2.283870996,0,0,30
2003-02-01,0.022210672,20.88426874,2.284640311,0,0,30
2003-02-02,0.022238808,20.8955231,2.286328465,0,0,30
2003-02-03,0.022265541,20.90621655,2.287932483,0,0,30
2003-02-04,0.022290865,20.91634592,2.289451888,0,0,30
2003-02-05,0.022314771,20.92590821,2.290886231,0,0,30
2003-02-06,0.022337251,20.93490059,2.292235089,0,0,30
2003-02-07,0.022358301,20.94332041,2.293498061,0,0,30
2003-02-08,0.022377913,20.95116516,2.294674775,0,0,30
2003-02-09,0.022396081,20.95843254,2.295764881,0,0,30
2003-02-10,0.022412801,20.96512038,2.296768057,0,0,30
2003-02-11,0.022428067,20.97122671,2.297684007,0,0,30
2003-02-12,0.022441874,20.97674973,2.298512459,0,0,30
2003-02-13,0.022454219,20.98168779,2.299253168,0,0,30
2003-02-14,0.022465099,20.98603944,2.299905916,0,0,30
2003-02-15,0.022474508,20.98980339,2.300470508,0,0,30
2003-02-16,0.022482446,20.99297852,2.300946778,0,0,30
2003-02-17,0.02248891,20.9955639,2.301334585,0,0,30
2003-02-18,0.022493897,20.99755876,2.301633814,0,0,30
2003-02-19,0.022497406,20.99896251,2.301844376,0,0,30
2003-02-20,0.022499437,20.99977473,2.30196621,0,0,30
2003-02-21,0.022499988,20.99999519,2.301999278,0,0,30
2003-02-22,0.02249906,20.99962382,2.301943573,0,0,30
2003-02-23,0.022496652,20.99866072,2.301799109,0,0,30
2003-02-24,0.022492765,20.9971062,2.301565929,0,0,30
2003-02-25,0.022487402,20.99496069,2.301244104,0,0,30
2003-02-26,0.022480562,20.99222485,2.300833727,0,0,30
2003-02-27,0.022472249,20.98889947,2.30033492,0,0,30
2003-02-28,0.022462464,20.98498554,2.299747832,0,0,30
2003-03-01,0.022417611,20.96704453,2.29705668,0,0,30
2003-03-02,0.022401335,20.96053385,2.296080077,0,0,30
2003-03-03,0.022383608,20.95344301,2.295016452,0,0,30
2003-03-04,0.022364435,20.94577412,2.293866118,0,0,30
2003-03-05,0.022343824,20.93752944,2.292629416,0,0,30
2003-03-06,0.022321779,20.92871142,2.291306712,0,0,30
2003-03-07,0.022298307,20.91932265,2.289898398,0,0,30
2003-03-08,0.022273415,20.90936594,2.28840489,0,0,30
2003-03-09,0.022247111,20.8988442,2.286826631,0,0,30
2003-03-10,0.022219401,20.88776057,2.285164086,0,0,30
2003-03-11,0.022190296,20.87611832,2.283417749,0,0,30
2003-03-12,0.022159802,20.8639209,2.281588135,0,0,30
2003-03-13,0.02212793,20.85117191,2.279675787,0,0,30
2003-03-14,0.022094688,20.83787514,2.27768127,0,0,30
2003-03-15,0.022060086,20.8240345,2.275605175,0,0,30
2003-03-16,0.022024135,20.8096541,2.273448116,0,0,30
2003-03-17,0.021986846,20.7947382,2.27121073,0,0,30
2003-03-18,0.021948228,20.77929121,2.268893681,0,0,30
2003-03-19,0.021908294,20.76331769,2.266497654,0,0,30
2003-03-20,0.021867056,20.74682239,2.264023358,0,0,30
2003-03-21,0.021824525,20.72981016,2.261471524,0,0,30
2003-03-22,0.021780715,20.71228606,2.258842909,0,0,30
2003-03-23,0.021735638,20.69425527,2.25613829,0,0,30
2003-03-24,0.021689308,20.67572312,2.253358468,0,0,30
2003-03-25,0.021641738,20.65669509,2.250504264,0,0,30
2003-03-26,0.021592942,20.63717683,2.247576524,0,0,30
2003-03-27,0.021542935,20.61717409,2.244576114,0,0,30
2003-03-28,0.021491732,20.59669281,2.241503922,0,0,30
2003-03-29,0.021439348,20.57573904,2.238360856,0,0,30
2003-03-30,0.021385797,20.55431899,2.235147848,0,0,30
2003-03-31,0.021331097,20.53243898,2.231865848,0,0,30
2003-04-01,0.021306669,20.52266773,2.23040016,0,0,30
2003-04-02,0.021250342,20.50013681,2.227020522,0,0,30
2003-04-03,0.021192905,20.47716198,2.223574297,0,0,30
2003-04-04,0.021134375,20.45375003,2.220062505,0,0,30
2003-04-05,0.02107477,20.42990789,2.216486184,0,0,30
2003-04-06,0.021014107,20.40564262,2.212846393,0,0,30
2003-04-07,0.020952403,20.3809614,2.20914421,0,0,30
2003-04-08,0.020889679,20.35587153,2.205380729,0,0,30
2003-04-09,0.020825951,20.33038043,2.201557065,0,0,30
2003-04-10,0.020761239,20.30449566,2.197674348,0,0,30
2003-04-11,0.020695562,20.27822486,2.193733729,0,0,30
2003-04-12,0.02062894,20.25157581,2.189736372,0,0,30
2003-04-13,0.020561391,20.22455641,2.185683461,0,0,30
2003-04-14,0.020492937,20.19717463,2.181576195,0,0,30
2003-04-15,0.020423596,20.1694386,2.17741579,0,0,30
2003-04-16,0.020353391,20.14135651,2.173203476,0,0,30
2003-04-17,0.020282342,20.11293667,2.1689405,0,0,30
2003-04-18,0.020210469,20.08418749,2.164628124,0,0,30
2003-04-19,0.020137794,20.05511749,2.160267624,0,0,30
2003-04-20,0.020064338,20.02573527,2.15586029,0,0,30
2003-04-21,0.019990124,19.99604951,2.151407426,0,0,30
2003-04-22,0.019915172,19.966069,2.14691035,0,0,30
2003-04-23,0.019839507,19.93580262,2.142370393,0,0,30
2003-04-24,0.019763148,19.90525932,2.137788897,0,0,30
2003-04-25,0.01968612,19.87444813,2.13316722,0,0,30
2003-04-26,0.019608445,19.84337819,2.128506728,0,0,30
2003-04-27,0.019530147,19.81205867,2.123808801,0,0,30
2003-04-28,0.019451247,19.78049886,2.119074829,0,0,30
2003-04-29,0.01937177,19.74870808,2.114306212,0,0,30
2003-04-30,0.019291739,19.71669575,2.109504362,0,0,30
2003-05-01,0.01917557,19.67022786,2.102534179,0,0,30
2003-05-02,0.019094287,19.63771482,2.097657222,0,0,30
2003-05-03,0.019012533,19.60501306,2.092751959,0,0,30
2003-05-04,0.018930331,19.57213227,2.087819841,0,0,30
2003-05-05,0.018847705,19.53908218,2.082862328,0,0,30
2003-05-06,0.018764681,19.50587257,2.077880886,0,0,30
2003-05-07,0.018681283,19.47251326,2.072876989,0,0,30
2003-05-08,0.018597535,19.43901413,2.067852119,0,0,30
2003-05-09,0.018513463,19.40538508,2.062807762,0,0,30
2003-05-10,0.01842909,19.37163608,2.057745412,0,0,30
2003-05-11,0.018344443,19.3377771,2.052666565,0,0,30
2003-05-12,0.018259545,19.30381817,2.047572725,0,0,30
2003-05-13,0.018174423,19.26976933,2.0424654,0,0,30
2003-05-14,0.018089102,19.23564067,2.0373461,0,0,30
2003-05-15,0.018003606,19.20144227,2.032216341,0,0,30
2003-05-16,0.017917961,19.16718427,2.02707764,0,0,30
2003-05-17,0.017832192,19.13287679,2.021931518,0,0,30
2003-05-18,0.017746325,19.09852999,2.016779498,0,0,30
2003-05-19,0.017660385,19.06415403,2.011623105,0,0,30
2003-05-20,0.017574398,19.0297591,2.006463864,0,0,30
2003-05-21,0.017488388,18.99535535,2.001303302,0,0,30
2003-05-22,0.017402382,18.96095298,1.996142947,0,0,30
2003-05-23,0.017316405,18.92656216,1.990984324,0,0,30
2003-05-24,0.017230483,18.89219308,1.985828962,0,0,30
2003-05-25,0.01714464,18.85785589,1.980678384,0,0,30
2003-05-26,0.017058902,18.82356077,1.975534116,0,0,30
2003-05-27,0.016973295,18.78931787,1.97039768,0,0,30
2003-05-28,0.016887843,18.7551373,1.965270595,0,0,30
2003-05-29,0.016802573,18.72102919,1.960154379,0,0,30
2003-05-30,0.016717509,18.68700364,1.955050546,0,0,30
2003-05-31,0.016632677,18.65307071,1.949960606,0,0,30
2003-06-01,0.01659543,18.63817215,1.947725822,0,0,30
2003-06-02,0.016510976,18.60439022,1.942658533,0,0,30
2003-06-03,0.016426813,18.57072536,1.937608804,0,0,30
2003-06-04,0.016342969,18.53718753,1.93257813,0,0,30
2003-06-05,0.016259467,18.50378665,1.927567998,0,0,30
2003-06-06,0.016176332,18.47053262,1.922579892,0,0,30
2003-06-07,0.016093588,18.43743525,1.917615288,0,0,30
2003-06-08,0.016011261,18.40450436,1.912675655,0,0,30
2003-06-09,0.015929374,18.37174969,1.907762454,0,0,30
2003-06-10,0.015847952,18.33918093,1.902877139,0,0,30
2003-06-11,0.015767019,18.30680771,1.898021157,0,0,30
2003-06-12,0.015686599,18.27463962,1.893195944,0,0,30
2003-06-13,0.015606715,18.24268618,1.888402927,0,0,30
2003-06-14,0.015527392,18.21095684,1.883643526,0,0,30
2003-06-15,0.015448652,18.17946099,1.878919148,0,0,30
2003-06-16,0.01537052,18.14820795,1.874231192,0,0,30
2003-06-17,0.015293017,18.11720696,1.869581045,0,0,30
2003-06-18,0.015216168,18.08646721,1.864970082,0,0,30
2003-06-19,0.015139994,18.05599779,1.860399669,0,0,30
2003-06-20,0.015064519,18.02580772,1.855871158,0,0,30
2003-06-21,0.014989765,17.99590592,1.851385889,0,0,30
2003-06-22,0.014915753,17.96630126,1.846945188,0,0,30
2003-06-23,0.014842506,17.93700248,1.842550371,0,0,30
2003-06-24,0.014770046,17.90801825,1.838202738,0,0,30
2003-06-25,0.014698393,17.87935717,1.833903575,0,0,30
2003-06-26,0.014627569,17.8510277,1.829654154,0,0,30
2003-06-27,0.014557596,17.82303823,1.825455734,0,0,30
2003-06-28,0.014488493,17.79539704,1.821309555,0,0,30
2003-06-29,0.014420281,17.76811231,1.817216846,0,0,30
2003-06-30,0.01435298,17.74119212,1.813178817,0,0,30
2003-07-01,0.014257709,17.70308348,1.807462522,0,0,30
2003-07-02,0.014192715,17.67708596,1.803562894,0,0,30
2003-07-03,0.0141287,17.65147992,1.799721987,0,0,30
2003-07-04,0.014065682,17.62627292,1.795940938,0,0,30
2003-07-05,0.014003681,17.60147243,1.792220865,0,0,30
2003-07-06,0.013942714,17.57708579,1.788562868,0,0,30
2003-07-07,0.013882801,17.55312021,1.784968032,0,0,30
2003-07-08,0.013823957,17.52958279,1.781437418,0,0,30
2003-07-09,0.013766201,17.50648048,1.777972073,0,0,30
2003-07-10,0.01370955,17.48382014,1.774573021,0,0,30
2003-07-11,0.013654021,17.46160845,1.771241268,0,0,30
2003-07-12,0.01359963,17.439852,1.7679778,0,0,30
2003-07-13,0.013546393,17.41855723,1.764783584,0,0,30
2003-07-14,0.013494326,17.39773042,1.761659564,0,0,30
2003-07-15,0.013443444,17.37737776,1.758606664,0,0,30
2003-07-16,0.013393763,17.35750525,1.755625788,0,0,30
2003-07-17,0.013345297,17.33811879,1.752717818,0,0,30
2003-07-18,0.01329806,17.3192241,1.749883615,0,0,30
2003-07-19,0.013252067,17.30082678,1.747124017,0,0,30
2003-07-20,0.013207331,17.28293228,1.744439841,0,0,30
2003-07-21,0.013163865,17.26554588,1.741831882,0,0,30
2003-07-22,0.013121682,17.24867273,1.73930091,0,0,30
2003-07-23,0.013080795,17.23231783,1.736847675,0,0,30
2003-07-24,0.013041215,17.21648602,1.734472903,0,0,30
2003-07-25,0.013002955,17.20118198,1.732177297,0,0,30
2003-07-26,0.012966026,17.18641023,1.729961535,0,0,30
2003-07-27,0.012930438,17.17217516,1.727826274,0,0,30
2003-07-28,0.012896202,17.15848097,1.725772145,0,0,30
2003-07-29,0.012863329,17.14533171,1.723799757,0,0,30
2003-07-30,0.012831828,17.13273128,1.721909693,0,0,30
2003-07-31,0.012801709,17.12068341,1.720102511,0,0,30
2003-08-01,0.012788896,17.11555832,1.719333748,0,0,30
2003-08-02,0.012760781,17.10431234,1.717646852,0,0,30
2003-08-03,0.012734068,17.09362733,1.7160441,0,0,30
2003-08-04,0.012708766,17.08350645,1.714525967,0,0,30
2003-08-05,0.012684882,17.07395269,1.713092903,0,0,30
2003-08-06,0.012662422,17.06496887,1.711745331,0,0,30
2003-08-07,0.012641394,17.05655767,1.71048365,0,0,30
2003-08-08,0.012621804,17.04872155,1.709308233,0,0,30
2003-08-09,0.012603657,17.04146286,1.708219429,0,0,30
2003-08-10,0.012586959,17.03478372,1.707217558,0,0,30
2003-08-11,0.012571715,17.02868613,1.706302919,0,0,30
2003-08-12,0.01255793,17.02317188,1.705475781,0,0,30
2003-08-13,0.012545607,17.0182426,1.70473639,0,0,30
2003-08-14,0.012534749,17.01389976,1.704084964,0,0,30
2003-08-15,0.012525362,17.01014463,1.703521695,0,0,30
2003-08-16,0.012517446,17.00697834,1.703046751,0,0,30
2003-08-17,0.012511005,17.00440181,1.702660272,0,0,30
2003-08-18,0.01250604,17.00241582,1.702362373,0,0,30
2003-08-19,0.012502552,17.00102094,1.702153141,0,0,30
2003-08-20,0.012500544,17.00021759,1.702032639,0,0,30
2003-08-21,0.012500015,17.00000601,1.702000901,0,0,30
2003-08-22,0.012500966,17.00038626,1.702057939,0,0,30
2003-08-23,0.012503396,17.00135823,1.702203734,0,0,30
2003-08-24,0.012507304,17.00292162,1.702438243,0,0,30
2003-08-25,0.01251269,17.00507599,1.702761398,0,0,30
2003-08-26,0.012519552,17.00782068,1.703173102,0,0,30
2003-08-27,0.012527887,17.0111549,1.703673234,0,0,30
2003-08-28,0.012537694,17.01507764,1.704261646,0,0,30
2003-08-29,0.012548969,17.01958775,1.704938163,0,0,30
2003-08-30,0.01256171,17.0246839,1.705702586,0,0,30
2003-08-31,0.012575911,17.03036458,1.706554687,0,0,30
2003-09-01,0.012582622,17.03304883,1.706957325,0,0,30
2003-09-02,0.012598921,17.03956823,1.707935235,0,0,30
2003-09-03,0.012616669,17.04666776,1.709000164,0,0,30
2003-09-04,0.012635863,17.0543453,1.710151796,0,0,30
2003-09-05,0.012656497,17.0625986,1.71138979,0,0,30
2003-09-06,0.012678563,17.07142521,1.712713781,0,0,30
2003-09-07,0.012702056,17.08082251,1.714123376,0,0,30
2003-09-08,0.012726969,17.09078772,1.715618159,0,0,30
2003-09-09,0.012753295,17.10131791,1.717197686,0,0,30
2003-09-10,0.012781025,17.11240994,1.718861491,0,0,30
2003-09-11,0.012810151,17.12406054,1.720609082,0,0,30
2003-09-12,0.012840666,17.13626627,1.72243994,0,0,30
2003-09-13,0.012872559,17.1490235,1.724353525,0,0,30
2003-09-14,0.012905821,17.16232847,1.72634927,0,0,30
2003-09-15,0.012940443,17.17617723,1.728426584,0,0,30
2003-09-16,0.012976414,17.19056569,1.730584853,0,0,30
2003-09-17,0.013013724,17.20548959,1.732823438,0,0,30
2003-09-18,0.013052361,17.22094452,1.735141677,0,0,30
2003-09-19,0.013092315,17.23692589,1.737538884,0,0,30
2003-09-20,0.013133572,17.25342899,1.740014349,0,0,30
2003-09-21,0.013176122,17.27044893,1.742567339,0,0,30
2003-09-22,0.013219952,17.28798067,1.7451971,0,0,30
2003-09-23,0.013265048,17.30601902,1.747902853,0,0,30
2003-09-24,0.013311397,17.32455865,1.750683798,0,0,30
2003-09-25,0.013358985,17.34359407,1.753539111,0,0,30
2003-09-26,0.013407799,17.36311965,1.756467947,0,0,30
2003-09-27,0.013457824,17.38312961,1.759469441,0,0,30
2003-09-28,0.013509045,17.40361802,1.762542703,0,0,30
2003-09-29,0.013561447,17.42457883,1.765686824,0,0,30
2003-09-30,0.013615015,17.44600583,1.768900875,0,0,30
2003-10-01,0.013694167,17.47766692,1.773650038,0,0,30
2003-10-02,0.013750511,17.50020455,1.777030682,0,0,30
2003-10-03,0.013807965,17.52318599,1.780477898,0,0,30
2003-10-04,0.013866511,17.54660444,1.783990666,0,0,30
2003-10-05,0.013926132,17.57045298,1.787567947,0,0,30
2003-10-06,0.013986811,17.59472454,1.791208681,0,0,30
2003-10-07,0.01404853,17.61941195,1.794911792,0,0,30
2003-10-08,0.01411127,17.64450789,1.798676184,0,0,30
2003-10-09,0.014175012,17.67000495,1.802500742,0,0,30
2003-10-10,0.014239739,17.69589557,1.806384336,0,0,30
2003-10-11,0.01430543,17.7221721,1.810325815,0,0,30
2003-10-12,0.014372067,17.74882676,1.814324014,0,0,30
2003-10-13,0.014439629,17.77585166,1.81837775,0,0,30
2003-10-14,0.014508097,17.80323881,1.822485822,0,0,30
2003-10-15,0.01457745,17.8309801,1.826647015,0,0,30
2003-10-16,0.014647668,17.85906732,1.830860098,0,0,30
2003-10-17,0.01471873,17.88749216,1.835123824,0,0,30
2003-10-18,0.014790616,17.91624621,1.839436931,0,0,30
2003-10-19,0.014863302,17.94532096,1.843798143,0,0,30
2003-10-20,0.01493677,17.9747078,1.84820617,0,0,30
2003-10-21,0.015010995,18.00439805,1.852659707,0,0,30
2003-10-22,0.015085957,18.03438291,1.857157436,0,0,30
2003-10-23,0.015161634,18.06465351,1.861698026,0,0,30
2003-10-24,0.015238002,18.0952009,1.866280134,0,0,30
2003-10-25,0.01531504,18.12601603,1.870902404,0,0,30
2003-10-26,0.015392724,18.15708978,1.875563467,0,0,30
2003-10-27,0.015471032,18.18841297,1.880261946,0,0,30
2003-10-28,0.015549941,18.21997632,1.884996448,0,0,30
2003-10-29,0.015629426,18.25177049,1.889765574,0,0,30
2003-10-30,0.015709465,18.28378607,1.894567911,0,0,30
2003-10-31,0.015790034,18.3160136,1.89940204,0,0,30
2003-11-01,0.015825646,18.33025839,1.901538759,0,0,30
2003-11-02,0.015906936,18.36277434,1.906416151,0,0,30
2003-11-03,0.015988697,18.39547885,1.911321828,0,0,30
2003-11-04,0.016070906,18.42836225,1.916254338,0,0,30
2003-11-05,0.016153537,18.46141481,1.921212221,0,0,30
2003-11-06,0.016236567,18.49462674,1.926194011,0,0,30
2003-11-07,0.016319971,18.52798822,1.931198233,0,0,30
2003-11-08,0.016403723,18.56148937,1.936223406,0,0,30
2003-11-09,0.016487801,18.59512029,1.941268044,0,0,30
2003-11-10,0.016572178,18.62887102,1.946330653,0,0,30
2003-11-11,0.016656829,18.66273157,1.951409736,0,0,30
2003-11-12,0.01674173,18.69669193,1.956503789,0,0,30
2003-11-13,0.016826855,18.73074203,1.961611305,0,0,30
2003-11-14,0.01691218,18.76487182,1.966730773,0,0,30
2003-11-15,0.016997678,18.79907118,1.971860678,0,0,30
2003-11-16,0.017083325,18.83333001,1.976999501,0,0,30
2003-11-17,0.017169095,18.86763815,1.982145722,0,0,30
2003-11-18,0.017254964,18.90198546,1.987297819,0,0,30
2003-11-19,0.017340904,18.93636178,1.992454266,0,0,30
2003-11-20,0.017426892,18.97075692,1.997613538,0,0,30
2003-11-21,0.017512902,19.00516072,2.002774108,0,0,30
2003-11-22,0.017598907,19.03956299,2.007934449,0,0,30
2003-11-23,0.017684884,19.07395356,2.013093034,0,0,30
2003-11-24,0.017770806,19.10832224,2.018248336,0,0,30
2003-11-25,0.017856647,19.14265887,2.02339883,0,0,30
2003-11-26,0.017942383,19.17695328,2.028542992,0,0,30
2003-11-27,0.018027988,19.21119533,2.033679299,0,0,30
2003-11-28,0.018113437,19.24537488,2.038806232,0,0,30
2003-11-29,0.018198705,19.27948182,2.043922274,0,0,30
2003-11-30,0.018283765,19.31350606,2.049025909,0,0,30
2003-12-01,0.018405838,19.3623354,2.05635031,0,0,30
2003-12-02,0.018490289,19.39611564,2.061417346,0,0,30
2003-12-03,0.018574447,19.42977867,2.0664668,0,0,30
2003-12-04,0.018658286,19.46331452,2.071497178,0,0,30
2003-12-05,0.018741783,19.49671327,2.07650699,0,0,30
2003-12-06,0.018824913,19.52996503,2.081494754,0,0,30
2003-12-07,0.01890765,19.56305996,2.086458995,0,0,30
2003-12-08,0.018989971,19.59598828,2.091398242,0,0,30
2003-12-09,0.019071851,19.62874024,2.096311035,0,0,30
2003-12-10,0.019153265,19.66130614,2.101195921,0,0,30
2003-12-11,0.019234191,19.69367635,2.106051452,0,0,30
2003-12-12,0.019314603,19.72584129,2.110876193,0,0,30
2003-12-13,0.019394479,19.75779144,2.115668716,0,0,30
2003-12-14,0.019473793,19.78951735,2.120427602,0,0,30
2003-12-15,0.019552524,19.82100963,2.125151444,0,0,30
2003-12-16,0.019630647,19.85225895,2.129838843,0,0,30
2003-12-17,0.01970814,19.88325609,2.134488413,0,0,30
2003-12-18,0.01978498,19.91399185,2.139098777,0,0,30
2003-12-19,0.019861143,19.94445714,2.143668571,0,0,30
2003-12-20,0.019936607,19.97464296,2.148196444,0,0,30
2003-12-21,0.020011351,20.00454036,2.152681054,0,0,30
2003-12-22,0.020085351,20.03414051,2.157121076,0,0,30
2003-12-23,0.020158587,20.06343463,2.161515195,0,0,30
2003-12-24,0.020231035,20.09241407,2.165862111,0,0,30
2003-12-25,0.020302676,20.12107025,2.170160537,0,0,30
2003-12-26,0.020373487,20.14939468,2.174409202,0,0,30
2003-12-27,0.020443447,20.17737899,2.178606848,0,0,30
2003-12-28,0.020512537,20.20501489,2.182752233,0,0,30
2003-12-29,0.020580736,20.23229421,2.186844131,0,0,30
2003-12-30,0.020648022,20.25920887,2.190881331,0,0,30
2003-12-31,0.020714377,20.28575092,2.194862637,0,0,30
2004-01-01,0.020741309,20.29652362,2.196478543,0,0,30
2004-01-02,0.020806317,20.32252695,2.200379042,0,0,30
2004-01-03,0.020870347,20.34813892,2.204220838,0,0,30
2004-01-04,0.02093338,20.37335196,2.208002794,0,0,30
2004-01-05,0.020995397,20.3981586,2.21172379,0,0,30
2004-01-06,0.021056379,20.4225515,2.215382726,0,0,30
2004-01-07,0.021116309,20.44652345,2.218978518,0,0,30
2004-01-08,0.021175168,20.47006735,2.222510102,0,0,30
2004-01-09,0.021232941,20.49317623,2.225976434,0,0,30
2004-01-10,0.021289608,20.51584325,2.229376488,0,0,30
2004-01-11,0.021345154,20.53806172,2.232709258,0,0,30
2004-01-12,0.021399563,20.55982504,2.235973757,0,0,30
2004-01-13,0.021452817,20.58112679,2.239169019,0,0,30
2004-01-14,0.021504902,20.60196066,2.242294099,0,0,30
2004-01-15,0.021555801,20.62232048,2.245348073,0,0,30
2004-01-16,0.021605501,20.64220024,2.248330035,0,0,30
2004-01-17,0.021653985,20.66159403,2.251239105,0,0,30
2004-01-18,0.02170124,20.68049614,2.254074421,0,0,30
2004-01-19,0.021747252,20.69890096,2.256835144,0,0,30
2004-01-20,0.021792008,20.71680305,2.259520457,0,0,30
2004-01-21,0.021835493,20.7341971,2.262129566,0,0,30
2004-01-22,0.021877695,20.75107799,2.264661698,0,0,30
2004-01-23,0.021918602,20.76744069,2.267116104,0,0,30
2004-01-24,0.021958201,20.78328039,2.269492058,0,0,30
2004-01-25,0.021996481,20.79859238,2.271788857,0,0,30
2004-01-26,0.02203343,20.81337214,2.274005822,0,0,30
2004-01-27,0.022069038,20.8276153,2.276142295,0,0,30
2004-01-28,0.022103294,20.84131763,2.278197645,0,0,30
2004-01-29,0.022136188,20.85447509,2.280171264,0,0,30
2004-01-30,0.022167709,20.86708378,2.282062567,0,0,30
2004-01-31,0.02219785,20.87913997,2.283870996,0,0,30
2004-02-01,0.022210672,20.88426874,2.284640311,0,0,30
2004-02-02,0.022238808,20.8955231,2.286328465,0,0,30
2004-02-03,0.022265541,20.90621655,2.287932483,0,0,30
2004-02-04,0.022290865,20.91634592,2.289451888,0,0,30
2004-02-05,0.022314771,20.92590821,2.290886231,0,0,30
2004-02-06,0.022337251,20.93490059,2.292235089,0,0,30
2004-02-07,0.022358301,20.94332041,2.293498061,0,0,30
2004-02-08,0.022377913,20.95116516,2.294674775,0,0,30
2004-02-09,0.022396081,20.95843254,2.295764881,0,0,30
2004-02-10,0.022412801,20.96512038,2.296768057,0,0,30
2004-02-11,0.022428067,20.97122671,2.297684007,0,0,30
2004-02-12,0.022441874,20.97674973,2.298512459,0,0,30
2004-02-13,0.022454219,20.98168779,2.299253168,0,0,30
2004-02-14,0.022465099,20.98603944,2.299905916,0,0,30
2004-02-15,0.022474508,20.98980339,2.300470508,0,0,30
2004-02-16,0.022482446,20.99297852,2.300946778,0,0,30
2004-02-17,0.02248891,20.9955639,2.301334585,0,0,30
2004-02-18,0.022493897,20.99755876,2.301633814,0,0,30
2004-02-19,0.022497406,20.99896251,2.301844376,0,0,30
2004-02-20,0.022499437,20.99977473,2.30196621,0,0,30
2004-02-21,0.022499988,20.99999519,2.301999278,0,0,30
2004-02-22,0.02249906,20.99962382,2.301943573,0,0,30
2004-02-23,0.022496652,20.99866072,2.301799109,0,0,30
2004-02-24,0.022492765,20.9971062,2.301565929,0,0,30
2004-02-25,0.022487402,20.99496069,2.301244104,0,0,30
2004-02-26,0.022480562,20.99222485,2.300833727,0,0,30
2004-02-27,0.022472249,20.98889947,2.30033492,0,0,30
2004-02-28,0.022462464,20.98498554,2.299747832,0,0,30
2004-02-29,0.022451211,20.98048423,2.299072635,0,0,30
2004-03-01,0.022417611,20.96704453,2.29705668,0,0,30
2004-03-02,0.022401335,20.96053385,2.296080077,0,0,30
2004-03-03,0.022383608,20.95344301,2.295016452,0,0,30
2004-03-04,0.022364435,20.94577412,2.293866118,0,0,30
2004-03-05,0.022343824,20.93752944,2.292629416,0,0,30
2004-03-06,0.022321779,20.92871142,2.291306712,0,0,30
2004-03-07,0.022298307,20.91932265,2.289898398,0,0,30
2004-03-08,0.022273415,20.90936594,2.28840489,0,0,30
2004-03-09,0.022247111,20.8988442,2.286826631,0,0,30
2004-03-10,0.022219401,20.88776057,2.285164086,0,0,30
2004-03-11,0.022190296,20.87611832,2.283417749,0,0,30
2004-03-12,0.022159802,20.8639209,2.281588135,0,0,30
2004-03-13,0.02212793,20.85117191,2.279675787,0,0,30
2004-03-14,0.022094688,20.83787514,2.27768127,0,0,30
2004-03-15,0.022060086,20.8240345,2.275605175,0,0,30
2004-03-16,0.022024135,20.8096541,2.273448116,0,0,30
2004-03-17,0.021986846,20.7947382,2.27121073,0,0,30
2004-03-18,0.021948228,20.77929121,2.268893681,0,0,30
2004-03-19,0.021908294,20.76331769,2.266497654,0,0,30
2004-03-20,0.021867056,20.74682239,2.264023358,0,0,30
2004-03-21,0.021824525,20.72981016,2.261471524,0,0,30
2004-03-22,0.021780715,20.71228606,2.258842909,0,0,30
2004-03-23,0.021735638,20.69425527,2.25613829,0,0,30
2004-03-24,0.021689308,20.67572312,2.253358468,0,0,30
2004-03-25,0.021641738,20.65669509,2.250504264,0,0,30
2004-03-26,0.021592942,20.63717683,2.247576524,0,0,30
2004-03-27,0.021542935,20.61717409,2.244576114,0,0,30
2004-03-28,0.021491732,20.59669281,2.241503922,0,0,30
2004-03-29,0.021439348,20.57573904,2.238360856,0,0,30
2004-03-30,0.021385797,20.55431899,2.235147848,0,0,30
2004-03-31,0.021331097,20.53243898,2.231865848,0,0,30
2004-04-01,0.021306669,20.52266773,2.23040016,0,0,30
2004-04-02,0.021250342,20.50013681,2.227020522,0,0,30
2004-04-03,0.021192905,20.47716198,2.223574297,0,0,30
2004-04-04,0.021134375,20.45375003,2.220062505,0,0,30
2004-04-05,0.02107477,20.42990789,2.216486184,0,0,30
2004-04-06,0.021014107,20.40564262,2.212846393,0,0,30
2004-04-07,0.020952403,20.3809614,2.20914421,0,0,30
2004-04-08,0.020889679,20.35587153,2.205380729,0,0,30
2004-04-09,0.020825951,20.33038043,2.201557065,0,0,30
2004-04-10,0.020761239,20.30449566,2.197674348,0,0,30
2004-04-11,0.020695562,20.27822486,2.193733729,0,0,30
2004-04-12,0.02062894,20.25157581,2.189736372,0,0,30
2004-04-13,0.020561391,20.22455641,2.185683461,0,0,30
2004-04-14,0.020492937,20.19717463,2.181576195,0,0,30
2004-04-15,0.020423596,20.1694386,2.17741579,0,0,30
2004-04-16,0.020353391,20.14135651,2.173203476,0,0,30
2004-04-17,0.020282342,20.11293667,2.1689405,0,0,30
2004-04-18,0.020210469,20.08418749,2.164628124,0,0,30
2004-04-19,0.020137794,20.05511749,2.160267624,0,0,30
2004-04-20,0.020064338,20.02573527,2.15586029,0,0,30
2004-04-21,0.019990124,19.99604951,2.151407426,0,0,30
2004-04-22,0.019915172,19.966069,2.14691035,0,0,30
2004-04-23,0.019839507,19.93580262,2.142370393,0,0,30
2004-04-24,0.019763148,19.90525932,2.137788897,0,0,30
2004-04-25,0.01968612,19.87444813,2.13316722,0,0,30
2004-04-26,0.019608445,19.84337819,2.128506728,0,0,30
2004-04-27,0.019530147,19.81205867,2.123808801,0,0,30
2004-04-28,0.019451247,19.78049886,2.119074829,0,0,30
2004-04-29,0.01937177,19.74870808,2.114306212,0,0,30
2004-04-30,0.019291739,19.71669575,2.109504362,0,0,30
2004-05-01,0.01917557,19.67022786,2.102534179,0,0,30
2004-05-02,0.019094287,19.63771482,2.097657222,0,0,30
2004-05-03,0.019012533,19.60501306,2.092751959,0,0,30
2004-05-04,0.018930331,19.57213227,2.087819841,0,0,30
2004-05-05,0.018847705,19.53908218,2.082862328,0,0,30
2004-05-06,0.018764681,19.50587257,2.077880886,0,0,30
2004-05-07,0.018681283,19.47251326,2.072876989,0,0,30
2004-05-08,0.018597535,19.43901413,2.067852119,0,0,30
2004-05-09,0.018513463,19.40538508,2.062807762,0,0,30
2004-05-10,0.01842909,19.37163608,2.057745412,0,0,30
2004-05-11,0.018344443,19.3377771,2.052666565,0,0,30
2004-05-12,0.018259545,19.30381817,2.047572725,0,0,30
2004-05-13,0.018174423,19.26976933,2.0424654,0,0,30
2004-05-14,0.018089102,19.23564067,2.0373461,0,0,30
2004-05-15,0.018003606,19.20144227,2.032216341,0,0,30
2004-05-16,0.017917961,19.16718427,2.02707764,0,0,30
2004-05-17,0.017832192,19.13287679,2.021931518,0,0,30
2004-05-18,0.017746325,19.09852999,2.016779498,0,0,30
2004-05-19,0.017660385,19.06415403,2.011623105,0,0,30
2004-05-20,0.017574398,19.0297591,2.006463864,0,0,30
2004-05-21,0.017488388,18.99535535,2.001303302,0,0,30
2004-05-22,0.017402382,18.96095298,1.996142947,0,0,30
2004-05-23,0.017316405,18.92656216,1.990984324,0,0,30
2004-05-24,0.017230483,18.89219308,1.985828962,0,0,30
2004-05-25,0.01714464,18.85785589,1.980678384,0,0,30
2004-05-26,0.017058902,18.82356077,1.975534116,0,0,30
2004-05-27,0.016973295,18.78931787,1.97039768,0,0,30
2004-05-28,0.016887843,18.7551373,1.965270595,0,0,30
2004-05-29,0.016802573,18.72102919,1.960154379,0,0,30
2004-05-30,0.016717509,18.68700364,1.955050546,0,0,30
2004-05-31,0.016632677,18.65307071,1.949960606,0,0,30
2004-06-01,0.01659543,18.63817215,1.947725822,0,0,30
2004-06-02,0.016510976,18.60439022,1.942658533,0,0,30
2004-06-03,0.016426813,18.57072536,1.937608804,0,0,30
2004-06-04,0.016342969,18.53718753,1.93257813,0,0,30
2004-06-05,0.016259467,18.50378665,1.927567998,0,0,30
2004-06-06,0.016176332,18.47053262,1.922579892,0,0,30
2004-06-07,0.016093588,18.43743525,1.917615288,0,0,30
2004-06-08,0.016011261,18.40450436,1.912675655,0,0,30
2004-06-09,0.015929374,18.37174969,1.907762454,0,0,30
2004-06-10,0.015847952,18.33918093,1.902877139,0,0,30
2004-06-11,0.015767019,18.30680771,1.898021157,0,0,30
2004-06-12,0.015686599,18.27463962,1.893195944,0,0,30
2004-06-13,0.015606715,18.24268618,1.888402927,0,0,30
2004-06-14,0.015527392,18.21095684,1.883643526,0,0,30
2004-06-15,0.015448652,18.17946099,1.878919148,0,0,30
2004-06-16,0.01537052,18.14820795,1.874231192,0,0,30
2004-06-17,0.015293017,18.11720696,1.869581045,0,0,30
2004-06-18,0.015216168,18.08646721,1.864970082,0,0,30
2004-06-19,0.015139994,18.05599779,1.860399669,0,0,30
2004-06-20,0.015064519,18.02580772,1.855871158,0,0,30
2004-06-21,0.014989765,17.99590592,1.851385889,0,0,30
2004-06-22,0.014915753,17.96630126,1.846945188,0,0,30
2004-06-23,0.014842506,17.93700248,1.842550371,0,0,30
2004-06-24,0.014770046,17.90801825,1.838202738,0,0,30
2004-06-25,0.014698393,17.87935717,1.833903575,0,0,30
2004-06-26,0.014627569,17.8510277,1.829654154,0,0,30
2004-06-27,0.014557596,17.82303823,1.825455734,0,0,30
2004-06-28,0.014488493,17.79539704,1.821309555,0,0,30
2004-06-29,0.014420281,17.76811231,1.817216846,0,0,30
2004-06-30,0.01435298,17.74119212,1.813178817,0,0,30
2004-07-01,0.014257709,17.70308348,1.807462522,0,0,30
2004-07-02,0.014192715,17.67708596,1.803562894,0,0,30
2004-07-03,0.0141287,17.65147992,1.799721987,0,0,30
2004-07-04,0.014065682,17.62627292,1.795940938,0,0,30
2004-07-05,0.014003681,17.60147243,1.792220865,0,0,30
2004-07-06,0.013942714,17.57708579,1.788562868,0,0,30
2004-07-07,0.013882801,17.55312021,1.784968032,0,0,30
2004-07-08,0.013823957,17.52958279,1.781437418,0,0,30
2004-07-09,0.013766201,17.50648048,1.777972073,0,0,30
2004-07-10,0.01370955,17.48382014,1.774573021,0,0,30
2004-07-11,0.013654021,17.46160845,1.771241268,0,0,30
2004-07-12,0.01359963,17.439852,1.7679778,0,0,30
2004-07-13,0.013546393,17.41855723,1.764783584,0,0,30
2004-07-14,0.013494326,17.39773042,1.761659564,0,0,30
2004-07-15,0.013443444,17.37737776,1.758606664,0,0,30
2004-07-16,0.013393763,17.35750525,1.755625788,0,0,30
2004-07-17,0.013345297,17.33811879,1.752717818,0,0,30
2004-07-18,0.01329806,17.3192241,1.749883615,0,0,30
2004-07-19,0.013252067,17.30082678,1.747124017,0,0,30
2004-07-20,0.013207331,17.28293228,1.744439841,0,0,30
2004-07-21,0.013163865,17.26554588,1.741831882,0,0,30
2004-07-22,0.013121682,17.24867273,1.73930091,0,0,30
2004-07-23,0.013080795,17.23231783,1.736847675,0,0,30
2004-07-24,0.013041215,17.21648602,1.734472903,0,0,30
2004-07-25,0.013002955,17.20118198,1.732177297,0,0,30
2004-07-26,0.012966026,17.18641023,1.729961535,0,0,30
2004-07-27,0.012930438,17.17217516,1.727826274,0,0,30
2004-07-28,0.012896202,17.15848097,1.725772145,0,0,30
2004-07-29,0.012863329,17.14533171,1.723799757,0,0,30
2004-07-30,0.012831828,17.13273128,1.721909693,0,0,30
2004-07-31,0.012801709,17.12068341,1.720102511,0,0,30
2004-08-01,0.012788896,17.11555832,1.719333748,0,0,30
2004-08-02,0.012760781,17.10431234,1.717646852,0,0,30
2004-08-03,0.012734068,17.09362733,1.7160441,0,0,30
2004-08-04,0.012708766,17.08350645,1.714525967,0,0,30
2004-08-05,0.012684882,17.07395269,1.713092903,0,0,30
2004-08-06,0.012662422,17.06496887,1.711745331,0,0,30
2004-08-07,0.012641394,17.05655767,1.71048365,0,0,30
2004-08-08,0.012621804,17.04872155,1.709308233,0,0,30
2004-08-09,0.012603657,17.04146286,1.708219429,0,0,30
2004-08-10,0.012586959,17.03478372,1.707217558,0,0,30
2004-08-11,0.012571715,17.02868613,1.706302919,0,0,30
2004-08-12,0.01255793,17.02317188,1.705475781,0,0,30
2004-08-13,0.012545607,17.0182426,1.70473639,0,0,30
2004-08-14,0.012534749,17.01389976,1.704084964,0,0,30
2004-08-15,0.012525362,17.01014463,1.703521695,0,0,30
2004-08-16,0.012517446,17.00697834,1.703046751,0,0,30
2004-08-17,0.012511005,17.00440181,1.702660272,0,0,30
2004-08-18,0.01250604,17.00241582,1.702362373,0,0,30
2004-08-19,0.012502552,17.00102094,1.702153141,0,0,30
2004-08-20,0.012500544,17.00021759,1.702032639,0,0,30
2004-08-21,0.012500015,17.00000601,1.702000901,0,0,30
2004-08-22,0.012500966,17.00038626,1.702057939,0,0,30
2004-08-23,0.012503396,17.00135823,1.702203734,0,0,30
2004-08-24,0.012507304,17.00292162,1.702438243,0,0,30
2004-08-25,0.01251269,17.00507599,1.702761398,0,0,30
2004-08-26,0.012519552,17.00782068,1.703173102,0,0,30
2004-08-27,0.012527887,17.0111549,1.703673234,0,0,30
2004-08-28,0.012537694,17.01507764,1.704261646,0,0,30
2004-08-29,0.012548969,17.01958775,1.704938163,0,0,30
2004-08-30,0.01256171,17.0246839,1.705702586,0,0,30
2004-08-31,0.012575911,17.03036458,1.706554687,0,0,30
2004-09-01,0.012582622,17.03304883,1.706957325,0,0,30
2004-09-02,0.012598921,17.03956823,1.707935235,0,0,30
2004-09-03,0.012616669,17.04666776,1.709000164,0,0,30
2004-09-04,0.012635863,17.0543453,1.710151796,0,0,30
2004-09-05,0.012656497,17.0625986,1.71138979,0,0,30
2004-09-06,0.012678563,17.07142521,1.712713781,0,0,30
2004-09-07,0.012702056,17.08082251,1.714123376,0,0,30
2004-09-08,0.012726969,17.09078772,1.715618159,0,0,30
2004-09-09,0.012753295,17.10131791,1.717197686,0,0,30
2004-09-10,0.012781025,17.11240994,1.718861491,0,0,30
2004-09-11,0.012810151,17.12406054,1.720609082,0,0,30
2004-09-12,0.012840666,17.13626627,1.72243994,0,0,30
2004-09-13,0.012872559,17.1490235,1.724353525,0,0,30
2004-09-14,0.012905821,17.16232847,1.72634927,0,0,30
2004-09-15,0.012940443,17.17617723,1.728426584,0,0,30
2004-09-16,0.012976414,17.19056569,1.730584853,0,0,30
2004-09-17,0.013013724,17.20548959,1.732823438,0,0,30
2004-09-18,0.013052361,17.22094452,1.735141677,0,0,30
2004-09-19,0.013092315,17.23692589,1.737538884,0,0,30
2004-09-20,0.013133572,17.25342899,1.740014349,0,0,30
2004-09-21,0.013176122,17.27044893,1.742567339,0,0,30
2004-09-22,0.013219952,17.28798067,1.7451971,0,0,30
2004-09-23,0.013265048,17.30601902,1.747902853,0,0,30
2004-09-24,0.013311397,17.32455865,1.750683798,0,0,30
2004-09-25,0.013358985,17.34359407,1.753539111,0,0,30
2004-09-26,0.013407799,17.36311965,1.756467947,0,0,30
2004-09-27,0.013457824,17.38312961,1.759469441,0,0,30
2004-09-28,0.013509045,17.40361802,1.762542703,0,0,30
2004-09-29,0.013561447,17.42457883,1.765686824,0,0,30
2004-09-30,0.013615015,17.44600583,1.768900875,0,0,30
2004-10-01,0.013694167,17.47766692,1.773650038,0,0,30
2004-10-02,0.013750511,17.50020455,1.777030682,0,0,30
2004-10-03,0.013807965,17.52318599,1.780477898,0,0,30
2004-10-04,0.013866511,17.54660444,1.783990666,0,0,30
2004-10-05,0.013926132,17.57045298,1.787567947,0,0,30
2004-10-06,0.013986811,17.59472454,1.791208681,0,0,30
2004-10-07,0.01404853,17.61941195,1.794911792,0,0,30
2004-10-08,0.01411127,17.64450789,1.798676184,0,0,30
2004-10-09,0.014175012,17.67000495,1.802500742,0,0,30
2004-10-10,0.014239739,17.69589557,1.806384336,0,0,30
2004-10-11,0.01430543,17.7221721,1.810325815,0,0,30
2004-10-12,0.014372067,17.74882676,1.814324014,0,0,30
2004-10-13,0.014439629,17.77585166,1.81837775,0,0,30
2004-10-14,0.014508097,17.80323881,1.822485822,0,0,30
2004-10-15,0.01457745,17.8309801,1.826647015,0,0,30
2004-10-16,0.014647668,17.85906732,1.830860098,0,0,30
2004-10-17,0.01471873,17.88749216,1.835123824,0,0,30
2004-10-18,0.014790616,17.91624621,1.839436931,0,0,30
2004-10-19,0.014863302,17.94532096,1.843798143,0,0,30
2004-10-20,0.01493677,17.9747078,1.84820617,0,0,30
2004-10-21,0.015010995,18.00439805,1.852659707,0,0,30
2004-10-22,0.015085957,18.03438291,1.857157436,0,0,30
2004-10-23,0.015161634,18.06465351,1.861698026,0,0,30
2004-10-24,0.015238002,18.0952009,1.866280134,0,0,30
2004-10-25,0.01531504,18.12601603,1.870902404,0,0,30
2004-10-26,0.015392724,18.15708978,1.875563467,0,0,30
2004-10-27,0.015471032,18.18841297,1.880261946,0,0,30
2004-10-28,0.015549941,18.21997632,1.884996448,0,0,30
2004-10-29,0.015629426,18.25177049,1.889765574,0,0,30
2004-10-30,0.015709465,18.28378607,1.894567911,0,0,30
2004-10-31,0.015790034,18.3160136,1.89940204,0,0,30
2004-11-01,0.015825646,18.33025839,1.901538759,0,0,30
2004-11-02,0.015906936,18.36277434,1.906416151,0,0,30
2004-11-03,0.015988697,18.39547885,1.911321828,0,0,30
2004-11-04,0.016070906,18.42836225,1.916254338,0,0,30
2004-11-05,0.016153537,18.46141481,1.921212221,0,0,30
2004-11-06,0.016236567,18.49462674,1.926194011,0,0,30
2004-11-07,0.016319971,18.52798822,1.931198233,0,0,30
2004-11-08,0.016403723,18.56148937,1.936223406,0,0,30
2004-11-09,0.016487801,18.59512029,1.941268044,0,0,30
2004-11-10,0.016572178,18.62887102,1.946330653,0,0,30
2004-11-11,0.016656829,18.66273157,1.951409736,0,0,30
2004-11-12,0.01674173,18.69669193,1.956503789,0,0,30
2004-11-13,0.016826855,18.73074203,1.961611305,0,0,30
2004-11-14,0.01691218,18.76487182,1.966730773,0,0,30
2004-11-15,0.016997678,18.79907118,1.971860678,0,0,30
2004-11-16,0.017083325,18.83333001,1.976999501,0,0,30
2004-11-17,0.017169095,18.86763815,1.982145722,0,0,30
2004-11-18,0.017254964,18.90198546,1.987297819,0,0,30
2004-11-19,0.017340904,18.93636178,1.992454266,0,0,30
2004-11-20,0.017426892,18.97075692,1.997613538,0,0,30
2004-11-21,0.017512902,19.00516072,2.002774108,0,0,30
2004-11-22,0.017598907,19.03956299,2.007934449,0,0,30
2004-11-23,0.017684884,19.07395356,2.013093034,0,0,30
2004-11-24,0.017770806,19.10832224,2.018248336,0,0,30
2004-11-25,0.017856647,19.14265887,2.02339883,0,0,30
2004-11-26,0.017942383,19.17695328,2.028542992,0,0,30
2004-11-27,0.018027988,19.21119533,2.033679299,0,0,30
2004-11-28,0.018113437,19.24537488,2.038806232,0,0,30
2004-11-29,0.018198705,19.27948182,2.043922274,0,0,30
2004-11-30,0.018283765,19.31350606,2.049025909,0,0,30
2004-12-01,0.018405838,19.3623354,2.05635031,0,0,30
2004-12-02,0.018490289,19.39611564,2.061417346,0,0,30
2004-12-03,0.018574447,19.42977867,2.0664668,0,0,30
2004-12-04,0.018658286,19.46331452,2.071497178,0,0,30
2004-12-05,0.018741783,19.49671327,2.07650699,0,0,30
2004-12-06,0.018824913,19.52996503,2.081494754,0,0,30
2004-12-07,0.01890765,19.56305996,2.086458995,0,0,30
2004-12-08,0.018989971,19.59598828,2.091398242,0,0,30
2004-12-09,0.019071851,19.62874024,2.096311035,0,0,30
2004-12-10,0.019153265,19.66130614,2.101195921,0,0,30
2004-12-11,0.019234191,19.69367635,2.106051452,0,0,30
2004-12-12,0.019314603,19.72584129,2.110876193,0,0,30
2004-12-13,0.019394479,19.75779144,2.115668716,0,0,30
2004-12-14,0.019473793,19.78951735,2.120427602,0,0,30
2004-12-15,0.019552524,19.82100963,2.125151444,0,0,30
2004-12-16,0.019630647,19.85225895,2.129838843,0,0,30
2004-12-17,0.01970814,19.88325609,2.134488413,0,0,30
2004-12-18,0.01978498,19.91399185,2.139098777,0,0,30
2004-12-19,0.019861143,19.94445714,2.143668571,0,0,30
2004-12-20,0.019936607,19.97464296,2.148196444,0,0,30
2004-12-21,0.020011351,20.00454036,2.152681054,0,0,30
2004-12-22,0.020085351,20.03414051,2.157121076,0,0,30
2004-12-23,0.020158587,20.06343463,2.161515195,0,0,30
2004-12-24,0.020231035,20.09241407,2.165862111,0,0,30
2004-12-25,0.020302676,20.12107025,2.170160537,0,0,30
2004-12-26,0.020373487,20.14939468,2.174409202,0,0,30
2004-12-27,0.020443447,20.17737899,2.178606848,0,0,30
2004-12-28,0.020512537,20.20501489,2.182752233,0,0,30
2004-12-29,0.020580736,20.23229421,2.186844131,0,0,30
2004-12-30,0.020648022,20.25920887,2.190881331,0,0,30
2004-12-31,0.020714377,20.28575092,2.194862637,0,0,30
2005-01-01,0.020741309,20.29652362,2.196478543,0,0,30
2005-01-02,0.020806317,20.32252695,2.200379042,0,0,30
2005-01-03,0.020870347,20.34813892,2.204220838,0,0,30
2005-01-04,0.02093338,20.37335196,2.208002794,0,0,30
2005-01-05,0.020995397,20.3981586,2.21172379,0,0,30
2005-01-06,0.021056379,20.4225515,2.215382726,0,0,30
2005-01-07,0.021116309,20.44652345,2.218978518,0,0,30
2005-01-08,0.021175168,20.47006735,2.222510102,0,0,30
2005-01-09,0.021232941,20.49317623,2.225976434,0,0,30
2005-01-10,0.021289608,20.51584325,2.229376488,0,0,30
2005-01-11,0.021345154,20.53806172,2.232709258,0,0,30
2005-01-12,0.021399563,20.55982504,2.235973757,0,0,30
2005-01-13,0.021452817,20.58112679,2.239169019,0,0,30
2005-01-14,0.021504902,20.60196066,2.242294099,0,0,30
2005-01-15,0.021555801,20.62232048,2.245348073,0,0,30
2005-01-16,0.021605501,20.64220024,2.248330035,0,0,30
2005-01-17,0.021653985,20.66159403,2.251239105,0,0,30
2005-01-18,0.02170124,20.68049614,2.254074421,0,0,30
2005-01-19,0.021747252,20.69890096,2.256835144,0,0,30
2005-01-20,0.021792008,20.71680305,2.259520457,0,0,30
2005-01-21,0.021835493,20.7341971,2.262129566,0,0,30
2005-01-22,0.021877695,20.75107799,2.264661698,0,0,30
2005-01-23,0.021918602,20.76744069,2.267116104,0,0,30
2005-01-24,0.021958201,20.78328039,2.269492058,0,0,30
2005-01-25,0.021996481,20.79859238,2.271788857,0,0,30
2005-01-26,0.02203343,20.81337214,2.274005822,0,0,30
2005-01-27,0.022069038,20.8276153,2.276142295,0,0,30
2005-01-28,0.022103294,20.84131763,2.278197645,0,0,30
2005-01-29,0.022136188,20.85447509,2.280171264,0,0,30
2005-01-30,0.022167709,20.86708378,2.282062567,0,0,30
2005-01-31,0.02219785,20.87913997,2.283870996,0,0,30
2005-02-01,0.022210672,20.88426874,2.284640311,0,0,30
2005-02-02,0.022238808,20.8955231,2.286328465,0,0,30
2005-02-03,0.022265541,20.90621655,2.287932483,0,0,30
2005-02-04,0.022290865,20.91634592,2.289451888,0,0,30
2005-02-05,0.022314771,20.92590821,2.290886231,0,0,30
2005-02-06,0.022337251,20.93490059,2.292235089,0,0,30
2005-02-07,0.022358301,20.94332041,2.293498061,0,0,30
2005-02-08,0.022377913,20.95116516,2.294674775,0,0,30
2005-02-09,0.022396081,20.95843254,2.295764881,0,0,30
2005-02-10,0.022412801,20.96512038,2.296768057,0,0,30
2005-02-11,0.022428067,20.97122671,2.297684007,0,0,30
2005-02-12,0.022441874,20.97674973,2.298512459,0,0,30
2005-02-13,0.022454219,20.98168779,2.299253168,0,0,30
2005-02-14,0.022465099,20.98603944,2.299905916,0,0,30
2005-02-15,0.022474508,20.98980339,2.300470508,0,0,30
2005-02-16,0.022482446,20.99297852,2.300946778,0,0,30
2005-02-17,0.02248891,20.9955639,2.301334585,0,0,30
2005-02-18,0.022493897,20.99755876,2.301633814,0,0,30
2005-02-19,0.022497406,20.99896251,2.301844376,0,0,30
2005-02-20,0.022499437,20.99977473,2.30196621,0,0,30
2005-02-21,0.022499988,20.99999519,2.301999278,0,0,30
2005-02-22,0.02249906,20.99962382,2.301943573,0,0,30
2005-02-23,0.022496652,20.99866072,2.301799109,0,0,30
2005-02-24,0.022492765,20.9971062,2.301565929,0,0,30
2005-02-25,0.022487402,20.99496069,2.301244104,0,0,30
2005-02-26,0.022480562,20.99222485,2.300833727,0,0,30
2005-02-27,0.022472249,20.98889947,2.30033492,0,0,30
2005-02-28,0.022462464,20.98498554,2.299747832,0,0,30
2005-03-01,0.022417611,20.96704453,2.29705668,0,0,30
2005-03-02,0.022401335,20.96053385,2.296080077,0,0,30
2005-03-03,0.022383608,20.95344301,2.295016452,0,0,30
2005-03-04,0.022364435,20.94577412,2.293866118,0,0,30
2005-03-05,0.022343824,20.93752944,2.292629416,0,0,30
2005-03-06,0.022321779,20.92871142,2.291306712,0,0,30
2005-03-07,0.022298307,20.91932265,2.289898398,0,0,30
2005-03-08,0.022273415,20.90936594,2.28840489,0,0,30
2005-03-09,0.022247111,20.8988442,2.286826631,0,0,30
2005-03-10,0.022219401,20.88776057,2.285164086,0,0,30
2005-03-11,0.022190296,20.87611832,2.283417749,0,0,30
2005-03-12,0.022159802,20.8639209,2.281588135,0,0,30
2005-03-13,0.02212793,20.85117191,2.279675787,0,0,30
2005-03-14,0.022094688,20.83787514,2.27768127,0,0,30
2005-03-15,0.022060086,20.8240345,2.275605175,0,0,30
2005-03-16,0.022024135,20.8096541,2.273448116,0,0,30
2005-03-17,0.021986846,20.7947382,2.27121073,0,0,30
2005-03-18,0.021948228,20.77929121,2.268893681,0,0,30
2005-03-19,0.021908294,20.76331769,2.266497654,0,0,30
2005-03-20,0.021867056,20.74682239,2.264023358,0,0,30
2005-03-21,0.021824525,20.72981016,2.261471524,0,0,30
2005-03-22,0.021780715,20.71228606,2.258842909,0,0,30
2005-03-23,0.021735638,20.69425527,2.25613829,0,0,30
2005-03-24,0.021689308,20.67572312,2.253358468,0,0,30
2005-03-25,0.021641738,20.65669509,2.250504264,0,0,30
2005-03-26,0.021592942,20.63717683,2.247576524,0,0,30
2005-03-27,0.021542935,20.61717409,2.244576114,0,0,30
2005-03-28,0.021491732,20.59669281,2.241503922,0,0,30
2005-03-29,0.021439348,20.57573904,2.238360856,0,0,30
2005-03-30,0.021385797,20.55431899,2.235147848,0,0,30
2005-03-31,0.021331097,20.53243898,2.231865848,0,0,30
2005-04-01,0.021306669,20.52266773,2.23040016,0,0,30
2005-04-02,0.021250342,20.50013681,2.227020522,0,0,30
2005-04-03,0.021192905,20.47716198,2.223574297,0,0,30
2005-04-04,0.021134375,20.45375003,2.220062505,0,0,30
2005-04-05,0.02107477,20.42990789,2.216486184,0,0,30
2005-04-06,0.021014107,20.40564262,2.212846393,0,0,30
2005-04-07,0.020952403,20.3809614,2.20914421,0,0,30
2005-04-08,0.020889679,20.35587153,2.205380729,0,0,30
2005-04-09,0.020825951,20.33038043,2.201557065,0,0,30
2005-04-10,0.020761239,20.30449566,2.197674348,0,0,30
2005-04-11,0.020695562,20.27822486,2.193733729,0,0,30
2005-04-12,0.02062894,20.25157581,2.189736372,0,0,30
2005-04-13,0.020561391,20.22455641,2.185683461,0,0,30
2005-04-14,0.020492937,20.19717463,2.181576195,0,0,30
2005-04-15,0.020423596,20.1694386,2.17741579,0,0,30
2005-04-16,0.020353391,20.14135651,2.173203476,0,0,30
2005-04-17,0.020282342,20.11293667,2.1689405,0,0,30
2005-04-18,0.020210469,20.08418749,2.164628124,0,0,30
2005-04-19,0.020137794,20.05511749,2.160267624,0,0,30
2005-04-20,0.020064338,20.02573527,2.15586029,0,0,30
2005-04-21,0.019990124,19.99604951,2.151407426,0,0,30
2005-04-22,0.019915172,19.966069,2.14691035,0,0,30
2005-04-23,0.019839507,19.93580262,2.142370393,0,0,30
2005-04-24,0.019763148,19.90525932,2.137788897,0,0,30
2005-04-25,0.01968612,19.87444813,2.13316722,0,0,30
2005-04-26,0.019608445,19.84337819,2.128506728,0,0,30
2005-04-27,0.019530147,19.81205867,2.123808801,0,0,30
2005-04-28,0.019451247,19.78049886,2.119074829,0,0,30
2005-04-29,0.01937177,19.74870808,2.114306212,0,0,30
2005-04-30,0.019291739,19.71669575,2.109504362,0,0,30
2005-05-01,0.01917557,19.67022786,2.102534179,0,0,30
2005-05-02,0.019094287,19.63771482,2.097657222,0,0,30
2005-05-03,0.019012533,19.60501306,2.092751959,0,0,30
2005-05-04,0.018930331,19.57213227,2.087819841,0,0,30
2005-05-05,0.018847705,19.53908218,2.082862328,0,0,30
2005-05-06,0.018764681,19.50587257,2.077880886,0,0,30
2005-05-07,0.018681283,19.47251326,2.072876989,0,0,30
2005-05-08,0.018597535,19.43901413,2.067852119,0,0,30
2005-05-09,0.018513463,19.40538508,2.062807762,0,0,30
2005-05-10,0.01842909,19.37163608,2.057745412,0,0,30
2005-05-11,0.018344443,19.3377771,2.052666565,0,0,30
2005-05-12,0.018259545,19.30381817,2.047572725,0,0,30
2005-05-13,0.018174423,19.26976933,2.0424654,0,0,30
2005-05-14,0.018089102,19.23564067,2.0373461,0,0,30
2005-05-15,0.018003606,19.20144227,2.032216341,0,0,30
2005-05-16,0.017917961,19.16718427,2.02707764,0,0,30
2005-05-17,0.017832192,19.13287679,2.021931518,0,0,30
2005-05-18,0.017746325,19.09852999,2.016779498,0,0,30
2005-05-19,0.017660385,19.06415403,2.011623105,0,0,30
2005-05-20,0.017574398,19.0297591,2.006463864,0,0,30
2005-05-21,0.017488388,18.99535535,2.001303302,0,0,30
2005-05-22,0.017402382,18.96095298,1.996142947,0,0,30
2005-05-23,0.017316405,18.92656216,1.990984324,0,0,30
2005-05-24,0.017230483,18.89219308,1.985828962,0,0,30
2005-05-25,0.01714464,18.85785589,1.980678384,0,0,30
2005-05-26,0.017058902,18.82356077,1.975534116,0,0,30
2005-05-27,0.016973295,18.78931787,1.97039768,0,0,30
2005-05-28,0.016887843,18.7551373,1.965270595,0,0,30
2005-05-29,0.016802573,18.72102919,1.960154379,0,0,30
2005-05-30,0.016717509,18.68700364,1.955050546,0,0,30
2005-05-31,0.016632677,18.65307071,1.949960606,0,0,30
2005-06-01,0.01659543,18.63817215,1.947725822,0,0,30
2005-06-02,0.016510976,18.60439022,1.942658533,0,0,30
2005-06-03,0.016426813,18.57072536,1.937608804,0,0,30
2005-06-04,0.016342969,18.53718753,1.93257813,0,0,30
2005-06-05,0.016259467,18.50378665,1.927567998,0,0,30
2005-06-06,0.016176332,18.47053262,1.922579892,0,0,30
2005-06-07,0.016093588,18.43743525,1.917615288,0,0,30
2005-06-08,0.016011261,18.40450436,1.912675655,0,0,30
2005-06-09,0.015929374,18.37174969,1.907762454,0,0,30
2005-06-10,0.015847952,18.33918093,1.902877139,0,0,30
2005-06-11,0.015767019,18.30680771,1.898021157,0,0,30
2005-06-12,0.015686599,18.27463962,1.893195944,0,0,30
2005-06-13,0.015606715,18.24268618,1.888402927,0,0,30
2005-06-14,0.015527392,18.21095684,1.883643526,0,0,30
2005-06-15,0.015448652,18.17946099,1.878919148,0,0,30
2005-06-16,0.01537052,18.14820795,1.874231192,0,0,30
2005-06-17,0.015293017,18.11720696,1.869581045,0,0,30
2005-06-18,0.015216168,18.08646721,1.864970082,0,0,30
2005-06-19,0.015139994,18.05599779,1.860399669,0,0,30
2005-06-20,0.015064519,18.02580772,1.855871158,0,0,30
2005-06-21,0.014989765,17.99590592,1.851385889,0,0,30
2005-06-22,0.014915753,17.96630126,1.846945188,0,0,30
2005-06-23,0.014842506,17.93700248,1.842550371,0,0,30
2005-06-24,0.014770046,17.90801825,1.838202738,0,0,30
2005-06-25,0.014698393,17.87935717,1.833903575,0,0,30
2005-06-26,0.014627569,17.8510277,1.829654154,0,0,30
2005-06-27,0.014557596,17.82303823,1.825455734,0,0,30
2005-06-28,0.014488493,17.79539704,1.821309555,0,0,30
2005-06-29,0.014420281,17.76811231,1.817216846,0,0,30
2005-06-30,0.01435298,17.74119212,1.813178817,0,0,30
2005-07-01,0.014257709,17.70308348,1.807462522,0,0,30
2005-07-02,0.014192715,17.67708596,1.803562894,0,0,30
2005-07-03,0.0141287,17.65147992,1.799721987,0,0,30
2005-07-04,0.014065682,17.62627292,1.795940938,0,0,30
2005-07-05,0.014003681,17.60147243,1.792220865,0,0,30
2005-07-06,0.013942714,17.57708579,1.788562868,0,0,30
2005-07-07,0.013882801,17.55312021,1.784968032,0,0,30
2005-07-08,0.013823957,17.52958279,1.781437418,0,0,30
2005-07-09,0.013766201,17.50648048,1.777972073,0,0,30
2005-07-10,0.01370955,17.48382014,1.774573021,0,0,30
2005-07-11,0.013654021,17.46160845,1.771241268,0,0,30
2005-07-12,0.01359963,17.439852,1.7679778,0,0,30
2005-07-13,0.013546393,17.41855723,1.764783584,0,0,30
2005-07-14,0.013494326,17.39773042,1.761659564,0,0,30
2005-07-15,0.013443444,17.37737776,1.758606664,0,0,30
2005-07-16,0.013393763,17.35750525,1.755625788,0,0,30
2005-07-17,0.013345297,17.33811879,1.752717818,0,0,30
2005-07-18,0.01329806,17.3192241,1.749883615,0,0,30
2005-07-19,0.013252067,17.30082678,1.747124017,0,0,30
2005-07-20,0.013207331,17.28293228,1.744439841,0,0,30
2005-07-21,0.013163865,17.26554588,1.741831882,0,0,30
2005-07-22,0.013121682,17.24867273,1.73930091,0,0,30
2005-07-23,0.013080795,17.23231783,1.736847675,0,0,30
2005-07-24,0.013041215,17.21648602,1.734472903,0,0,30
2005-07-25,0.013002955,17.20118198,1.732177297,0,0,30
2005-07-26,0.012966026,17.18641023,1.729961535,0,0,30
2005-07-27,0.012930438,17.17217516,1.727826274,0,0,30
2005-07-28,0.012896202,17.15848097,1.725772145,0,0,30
2005-07-29,0.012863329,17.14533171,1.723799757,0,0,30
2005-07-30,0.012831828,17.13273128,1.721909693,0,0,30
2005-07-31,0.012801709,17.12068341,1.720102511,0,0,30
2005-08-01,0.012788896,17.11555832,1.719333748,0,0,30
2005-08-02,0.012760781,17.10431234,1.717646852,0,0,30
2005-08-03,0.012734068,17.09362733,1.7160441,0,0,30
2005-08-04,0.012708766,17.08350645,1.714525967,0,0,30
2005-08-05,0.012684882,17.07395269,1.713092903,0,0,30
2005-08-06,0.012662422,17.06496887,1.711745331,0,0,30
2005-08-07,0.012641394,17.05655767,1.71048365,0,0,30
2005-08-08,0.012621804,17.04872155,1.709308233,0,0,30
2005-08-09,0.012603657,17.04146286,1.708219429,0,0,30
2005-08-10,0.012586959,17.03478372,1.707217558,0,0,30
2005-08-11,0.012571715,17.02868613,1.706302919,0,0,30
2005-08-12,0.01255793,17.02317188,1.705475781,0,0,30
2005-08-13,0.012545607,17.0182426,1.70473639,0,0,30
2005-08-14,0.012534749,17.01389976,1.704084964,0,0,30
2005-08-15,0.012525362,17.01014463,1.703521695,0,0,30
2005-08-16,0.012517446,17.00697834,1.703046751,0,0,30
2005-08-17,0.012511005,17.00440181,1.702660272,0,0,30
2005-08-18,0.01250604,17.00241582,1.702362373,0,0,30
2005-08-19,0.012502552,17.00102094,1.702153141,0,0,30
2005-08-20,0.012500544,17.00021759,1.702032639,0,0,30
2005-08-21,0.012500015,17.00000601,1.702000901,0,0,30
2005-08-22,0.012500966,17.00038626,1.702057939,0,0,30
2005-08-23,0.012503396,17.00135823,1.702203734,0,0,30
2005-08-24,0.012507304,17.00292162,1.702438243,0,0,30
2005-08-25,0.01251269,17.00507599,1.702761398,0,0,30
2005-08-26,0.012519552,17.00782068,1.703173102,0,0,30
2005-08-27,0.012527887,17.0111549,1.703673234,0,0,30
2005-08-28,0.012537694,17.01507764,1.704261646,0,0,30
2005-08-29,0.012548969,17.01958775,1.704938163,0,0,30
2005-08-30,0.01256171,17.0246839,1.705702586,0,0,30
2005-08-31,0.012575911,17.03036458,1.706554687,0,0,30
2005-09-01,0.012582622,17.03304883,1.706957325,0,0,30
2005-09-02,0.012598921,17.03956823,1.707935235,0,0,30
2005-09-03,0.012616669,17.04666776,1.709000164,0,0,30
2005-09-04,0.012635863,17.0543453,1.710151796,0,0,30
2005-09-05,0.012656497,17.0625986,1.71138979,0,0,30
2005-09-06,0.012678563,17.07142521,1.712713781,0,0,30
2005-09-07,0.012702056,17.08082251,1.714123376,0,0,30
2005-09-08,0.012726969,17.09078772,1.715618159,0,0,30
2005-09-09,0.012753295,17.10131791,1.717197686,0,0,30
2005-09-10,0.012781025,17.11240994,1.718861491,0,0,30
2005-09-11,0.012810151,17.12406054,1.720609082,0,0,30
2005-09-12,0.012840666,17.13626627,1.72243994,0,0,30
2005-09-13,0.012872559,17.1490235,1.724353525,0,0,30
2005-09-14,0.012905821,17.16232847,1.72634927,0,0,30
2005-09-15,0.012940443,17.17617723,1.728426584,0,0,30
2005-09-16,0.012976414,17.19056569,1.730584853,0,0,30
2005-09-17,0.013013724,17.20548959,1.732823438,0,0,30
2005-09-18,0.013052361,17.22094452,1.735141677,0,0,30
2005-09-19,0.013092315,17.23692589,1.737538884,0,0,30
2005-09-20,0.013133572,17.25342899,1.740014349,0,0,30
2005-09-21,0.013176122,17.27044893,1.742567339,0,0,30
2005-09-22,0.013219952,17.28798067,1.7451971,0,0,30
2005-09-23,0.013265048,17.30601902,1.747902853,0,0,30
2005-09-24,0.013311397,17.32455865,1.750683798,0,0,30
2005-09-25,0.013358985,17.34359407,1.753539111,0,0,30
2005-09-26,0.013407799,17.36311965,1.756467947,0,0,30
2005-09-27,0.013457824,17.38312961,1.759469441,0,0,30
2005-09-28,0.013509045,17.40361802,1.762542703,0,0,30
2005-09-29,0.013561447,17.42457883,1.765686824,0,0,30
2005-09-30,0.013615015,17.44600583,1.768900875,0,0,30
2005-10-01,0.013694167,17.47766692,1.773650038,0,0,30
2005-10-02,0.013750511,17.50020455,1.777030682,0,0,30
2005-10-03,0.013807965,17.52318599,1.780477898,0,0,30
2005-10-04,0.013866511,17.54660444,1.783990666,0,0,30
2005-10-05,0.013926132,17.57045298,1.787567947,0,0,30
2005-10-06,0.013986811,17.59472454,1.791208681,0,0,30
2005-10-07,0.01404853,17.61941195,1.794911792,0,0,30
2005-10-08,0.01411127,17.64450789,1.798676184,0,0,30
2005-10-09,0.014175012,17.67000495,1.802500742,0,0,30
2005-10-10,0.014239739,17.69589557,1.806384336,0,0,30
2005-10-11,0.01430543,17.7221721,1.810325815,0,0,30
2005-10-12,0.014372067,17.74882676,1.814324014,0,0,30
2005-10-13,0.014439629,17.77585166,1.81837775,0,0,30
2005-10-14,0.014508097,17.80323881,1.822485822,0,0,30
2005-10-15,0.01457745,17.8309801,1.826647015,0,0,30
2005-10-16,0.014647668,17.85906732,1.830860098,0,0,30
2005-10-17,0.01471873,17.88749216,1.835123824,0,0,30
2005-10-18,0.014790616,17.91624621,1.839436931,0,0,30
2005-10-19,0.014863302,17.94532096,1.843798143,0,0,30
2005-10-20,0.01493677,17.9747078,1.84820617,0,0,30
2005-10-21,0.015010995,18.00439805,1.852659707,0,0,30
2005-10-22,0.015085957,18.03438291,1.857157436,0,0,30
2005-10-23,0.015161634,18.06465351,1.861698026,0,0,30
2005-10-24,0.015238002,18.0952009,1.866280134,0,0,30
2005-10-25,0.01531504,18.12601603,1.870902404,0,0,30
2005-10-26,0.015392724,18.15708978,1.875563467,0,0,30
2005-10-27,0.015471032,18.18841297,1.880261946,0,0,30
2005-10-28,0.015549941,18.21997632,1.884996448,0,0,30
2005-10-29,0.015629426,18.25177049,1.889765574,0,0,30
2005-10-30,0.015709465,18.28378607,1.894567911,0,0,30
2005-10-31,0.015790034,18.3160136,1.89940204,0,0,30
2005-11-01,0.015825646,18.33025839,1.901538759,0,0,30
2005-11-02,0.015906936,18.36277434,1.906416151,0,0,30
2005-11-03,0.015988697,18.39547885,1.911321828,0,0,30
2005-11-04,0.016070906,18.42836225,1.916254338,0,0,30
2005-11-05,0.016153537,18.46141481,1.921212221,0,0,30
2005-11-06,0.016236567,18.49462674,1.926194011,0,0,30
2005-11-07,0.016319971,18.52798822,1.931198233,0,0,30
2005-11-08,0.016403723,18.56148937,1.936223406,0,0,30
2005-11-09,0.016487801,18.59512029,1.941268044,0,0,30
2005-11-10,0.016572178,18.62887102,1.946330653,0,0,30
2005-11-11,0.016656829,18.66273157,1.951409736,0,0,30
2005-11-12,0.01674173,18.69669193,1.956503789,0,0,30
2005-11-13,0.016826855,18.73074203,1.961611305,0,0,30
2005-11-14,0.01691218,18.76487182,1.966730773,0,0,30
2005-11-15,0.016997678,18.79907118,1.971860678,0,0,30
2005-11-16,0.017083325,18.83333001,1.976999501,0,0,30
2005-11-17,0.017169095,18.86763815,1.982145722,0,0,30
2005-11-18,0.017254964,18.90198546,1.987297819,0,0,30
2005-11-19,0.017340904,18.93636178,1.992454266,0,0,30
2005-11-20,0.017426892,18.97075692,1.997613538,0,0,30
2005-11-21,0.017512902,19.00516072,2.002774108,0,0,30
2005-11-22,0.017598907,19.03956299,2.007934449,0,0,30
2005-11-23,0.017684884,19.07395356,2.013093034,0,0,30
2005-11-24,0.017770806,19.10832224,2.018248336,0,0,30
2005-11-25,0.017856647,19.14265887,2.02339883,0,0,30
2005-11-26,0.017942383,19.17695328,2.028542992,0,0,30
2005-11-27,0.018027988,19.21119533,2.033679299,0,0,30
2005-11-28,0.018113437,19.24537488,2.038806232,0,0,30
2005-11-29,0.018198705,19.27948182,2.043922274,0,0,30
2005-11-30,0.018283765,19.31350606,2.049025909,0,0,30
2005-12-01,0.018405838,19.3623354,2.05635031,0,0,30
2005-12-02,0.018490289,19.39611564,2.061417346,0,0,30
2005-12-03,0.018574447,19.42977867,2.0664668,0,0,30
2005-12-04,0.018658286,19.46331452,2.071497178,0,0,30
2005-12-05,0.018741783,19.49671327,2.07650699,0,0,30
2005-12-06,0.018824913,19.52996503,2.081494754,0,0,30
2005-12-07,0.01890765,19.56305996,2.086458995,0,0,30
2005-12-08,0.018989971,19.59598828,2.091398242,0,0,30
2005-12-09,0.019071851,19.62874024,2.096311035,0,0,30
2005-12-10,0.019153265,19.66130614,2.101195921,0,0,30
2005-12-11,0.019234191,19.69367635,2.106051452,0,0,30
2005-12-12,0.019314603,19.72584129,2.110876193,0,0,30
2005-12-13,0.019394479,19.75779144,2.115668716,0,0,30
2005-12-14,0.019473793,19.78951735,2.120427602,0,0,30
2005-12-15,0.019552524,19.82100963,2.125151444,0,0,30
2005-12-16,0.019630647,19.85225895,2.129838843,0,0,30
2005-12-17,0.01970814,19.88325609,2.134488413,0,0,30
2005-12-18,0.01978498,19.91399185,2.139098777,0,0,30
2005-12-19,0.019861143,19.94445714,2.143668571,0,0,30
2005-12-20,0.019936607,19.97464296,2.148196444,0,0,30
2005-12-21,0.020011351,20.00454036,2.152681054,0,0,30
2005-12-22,0.020085351,20.03414051,2.157121076,0,0,30
2005-12-23,0.020158587,20.06343463,2.161515195,0,0,30
2005-12-24,0.020231035,20.09241407,2.165862111,0,0,30
2005-12-25,0.020302676,20.12107025,2.170160537,0,0,30
2005-12-26,0.020373487,20.14939468,2.174409202,0,0,30
2005-12-27,0.020443447,20.17737899,2.178606848,0,0,30
2005-12-28,0.020512537,20.20501489,2.182752233,0,0,30
2005-12-29,0.020580736,20.23229421,2.186844131,0,0,30
2005-12-30,0.020648022,20.25920887,2.190881331,0,0,30
2005-12-31,0.020714377,20.28575092,2.194862637,0,0,30
2006-01-01,0.020741309,20.29652362,2.196478543,0,0,30
2006-01-02,0.020806317,20.32252695,2.200379042,0,0,30
2006-01-03,0.020870347,20.34813892,2.204220838,0,0,30
2006-01-04,0.02093338,20.37335196,2.208002794,0,0,30
2006-01-05,0.020995397,20.3981586,2.21172379,0,0,30
2006-01-06,0.021056379,20.4225515,2.215382726,0,0,30
2006-01-07,0.021116309,20.44652345,2.218978518,0,0,30
2006-01-08,0.021175168,20.47006735,2.222510102,0,0,30
2006-01-09,0.021232941,20.49317623,2.225976434,0,0,30
2006-01-10,0.021289608,20.51584325,2.229376488,0,0,30
2006-01-11,0.021345154,20.53806172,2.232709258,0,0,30
2006-01-12,0.021399563,20.55982504,2.235973757,0,0,30
2006-01-13,0.021452817,20.58112679,2.239169019,0,0,30
2006-01-14,0.021504902,20.60196066,2.242294099,0,0,30
2006-01-15,0.021555801,20.62232048,2.245348073,0,0,30
2006-01-16,0.021605501,20.64220024,2.248330035,0,0,30
2006-01-17,0.021653985,20.66159403,2.251239105,0,0,30
2006-01-18,0.02170124,20.68049614,2.254074421,0,0,30
2006-01-19,0.021747252,20.69890096,2.256835144,0,0,30
2006-01-20,0.021792008,20.71680305,2.259520457,0,0,30
2006-01-21,0.021835493,20.7341971,2.262129566,0,0,30
2006-01-22,0.021877695,20.75107799,2.264661698,0,0,30
2006-01-23,0.021918602,20.76744069,2.267116104,0,0,30
2006-01-24,0.021958201,20.78328039,2.269492058,0,0,30
2006-01-25,0.021996481,20.79859238,2.271788857,0,0,30
2006-01-26,0.02203343,20.81337214,2.274005822,0,0,30
2006-01-27,0.022069038,20.8276153,2.276142295,0,0,30
2006-01-28,0.022103294,20.84131763,2.278197645,0,0,30
2006-01-29,0.022136188,20.85447509,2.280171264,0,0,30
2006-01-30,0.022167709,20.86708378,2.282062567,0,0,30
2006-01-31,0.02219785,20.87913997,2.283870996,0,0,30
2006-02-01,0.022210672,20.88426874,2.284640311,0,0,30
2006-02-02,0.022238808,20.8955231,2.286328465,0,0,30
2006-02-03,0.022265541,20.90621655,2.287932483,0,0,30
2006-02-04,0.022290865,20.91634592,2.289451888,0,0,30
2006-02-05,0.022314771,20.92590821,2.290886231,0,0,30
2006-02-06,0.022337251,20.93490059,2.292235089,0,0,30
2006-02-07,0.022358301,20.94332041,2.293498061,0,0,30
2006-02-08,0.022377913,20.95116516,2.294674775,0,0,30
2006-02-09,0.022396081,20.95843254,2.295764881,0,0,30
2006-02-10,0.022412801,20.96512038,2.296768057,0,0,30
2006-02-11,0.022428067,20.97122671,2.297684007,0,0,30
2006-02-12,0.022441874,20.97674973,2.298512459,0,0,30
2006-02-13,0.022454219,20.98168779,2.299253168,0,0,30
2006-02-14,0.022465099,20.98603944,2.299905916,0,0,30
2006-02-15,0.022474508,20.98980339,2.300470508,0,0,30
2006-02-16,0.022482446,20.99297852,2.300946778,0,0,30
2006-02-17,0.02248891,20.9955639,2.301334585,0,0,30
2006-02-18,0.022493897,20.99755876,2.301633814,0,0,30
2006-02-19,0.022497406,20.99896251,2.301844376,0,0,30
2006-02-20,0.022499437,20.99977473,2.30196621,0,0,30
2006-02-21,0.022499988,20.99999519,2.301999278,0,0,30
2006-02-22,0.02249906,20.99962382,2.301943573,0,0,30
2006-02-23,0.022496652,20.99866072,2.301799109,0,0,30
2006-02-24,0.022492765,20.9971062,2.301565929,0,0,30
2006-02-25,0.022487402,20.99496069,2.301244104,0,0,30
2006-02-26,0.022480562,20.99222485,2.300833727,0,0,30
2006-02-27,0.022472249,20.98889947,2.30033492,0,0,30
2006-02-28,0.022462464,20.98498554,2.299747832,0,0,30
2006-03-01,0.022417611,20.96704453,2.29705668,0,0,30
2006-03-02,0.022401335,20.96053385,2.296080077,0,0,30
2006-03-03,0.022383608,20.95344301,2.295016452,0,0,30
2006-03-04,0.022364435,20.94577412,2.293866118,0,0,30
2006-03-05,0.022343824,20.93752944,2.292629416,0,0,30
2006-03-06,0.022321779,20.92871142,2.291306712,0,0,30
2006-03-07,0.022298307,20.91932265,2.289898398,0,0,30
2006-03-08,0.022273415,20.90936594,2.28840489,0,0,30
2006-03-09,0.022247111,20.8988442,2.286826631,0,0,30
2006-03-10,0.022219401,20.88776057,2.285164086,0,0,30
2006-03-11,0.022190296,20.87611832,2.283417749,0,0,30
2006-03-12,0.022159802,20.8639209,2.281588135,0,0,30
2006-03-13,0.02212793,20.85117191,2.279675787,0,0,30
2006-03-14,0.022094688,20.83787514,2.27768127,0,0,30
2006-03-15,0.022060086,20.8240345,2.275605175,0,0,30
2006-03-16,0.022024135,20.8096541,2.273448116,0,0,30
2006-03-17,0.021986846,20.7947382,2.27121073,0,0,30
2006-03-18,0.021948228,20.77929121,2.268893681,0,0,30
2006-03-19,0.021908294,20.76331769,2.266497654,0,0,30
2006-03-20,0.021867056,20.74682239,2.264023358,0,0,30
2006-03-21,0.021824525,20.72981016,2.261471524,0,0,30
2006-03-22,0.021780715,20.71228606,2.258842909,0,0,30
2006-03-23,0.021735638,20.69425527,2.25613829,0,0,30
2006-03-24,0.021689308,20.67572312,2.253358468,0,0,30
2006-03-25,0.021641738,20.65669509,2.250504264,0,0,30
2006-03-26,0.021592942,20.63717683,2.247576524,0,0,30
2006-03-27,0.021542935,20.61717409,2.244576114,0,0,30
2006-03-28,0.021491732,20.59669281,2.241503922,0,0,30
2006-03-29,0.021439348,20.57573904,2.238360856,0,0,30
2006-03-30,0.021385797,20.55431899,2.235147848,0,0,30
2006-03-31,0.021331097,20.53243898,2.231865848,0,0,30
2006-04-01,0.021306669,20.52266773,2.23040016,0,0,30
2006-04-02,0.021250342,20.50013681,2.227020522,0,0,30
2006-04-03,0.021192905,20.47716198,2.223574297,0,0,30
2006-04-04,0.021134375,20.45375003,2.220062505,0,0,30
2006-04-05,0.02107477,20.42990789,2.216486184,0,0,30
2006-04-06,0.021014107,20.40564262,2.212846393,0,0,30
2006-04-07,0.020952403,20.3809614,2.20914421,0,0,30
2006-04-08,0.020889679,20.35587153,2.205380729,0,0,30
2006-04-09,0.020825951,20.33038043,2.201557065,0,0,30
2006-04-10,0.020761239,20.30449566,2.197674348,0,0,30
2006-04-11,0.020695562,20.27822486,2.193733729,0,0,30
2006-04-12,0.02062894,20.25157581,2.189736372,0,0,30
2006-04-13,0.020561391,20.22455641,2.185683461,0,0,30
2006-04-14,0.020492937,20.19717463,2.181576195,0,0,30
2006-04-15,0.020423596,20.1694386,2.17741579,0,0,30
2006-04-16,0.020353391,20.14135651,2.173203476,0,0,30
2006-04-17,0.020282342,20.11293667,2.1689405,0,0,30
2006-04-18,0.020210469,20.08418749,2.164628124,0,0,30
2006-04-19,0.020137794,20.05511749,2.160267624,0,0,30
2006-04-20,0.020064338,20.02573527,2.15586029,0,0,30
2006-04-21,0.019990124,19.99604951,2.151407426,0,0,30
2006-04-22,0.019915172,19.966069,2.14691035,0,0,30
2006-04-23,0.019839507,19.93580262,2.142370393,0,0,30
2006-04-24,0.019763148,19.90525932,2.137788897,0,0,30
2006-04-25,0.01968612,19.87444813,2.13316722,0,0,30
2006-04-26,0.019608445,19.84337819,2.128506728,0,0,30
2006-04-27,0.019530147,19.81205867,2.123808801,0,0,30
2006-04-28,0.019451247,19.78049886,2.119074829,0,0,30
2006-04-29,0.01937177,19.74870808,2.114306212,0,0,30
2006-04-30,0.019291739,19.71669575,2.109504362,0,0,30
2006-05-01,0.01917557,19.67022786,2.102534179,0,0,30
2006-05-02,0.019094287,19.63771482,2.097657222,0,0,30
2006-05-03,0.019012533,19.60501306,2.092751959,0,0,30
2006-05-04,0.018930331,19.57213227,2.087819841,0,0,30
2006-05-05,0.018847705,19.53908218,2.082862328,0,0,30
2006-05-06,0.018764681,19.50587257,2.077880886,0,0,30
2006-05-07,0.018681283,19.47251326,2.072876989,0,0,30
2006-05-08,0.018597535,19.43901413,2.067852119,0,0,30
2006-05-09,0.018513463,19.40538508,2.062807762,0,0,30
2006-05-10,0.01842909,19.37163608,2.057745412,0,0,30
2006-05-11,0.018344443,19.3377771,2.052666565,0,0,30
2006-05-12,0.018259545,19.30381817,2.047572725,0,0,30
2006-05-13,0.018174423,19.26976933,2.0424654,0,0,30
2006-05-14,0.018089102,19.23564067,2.0373461,0,0,30
2006-05-15,0.018003606,19.20144227,2.032216341,0,0,30
2006-05-16,0.017917961,19.16718427,2.02707764,0,0,30
2006-05-17,0.017832192,19.13287679,2.021931518,0,0,30
2006-05-18,0.017746325,19.09852999,2.016779498,0,0,30
2006-05-19,0.017660385,19.06415403,2.011623105,0,0,30
2006-05-20,0.017574398,19.0297591,2.006463864,0,0,30
2006-05-21,0.017488388,18.99535535,2.001303302,0,0,30
2006-05-22,0.017402382,18.96095298,1.996142947,0,0,30
2006-05-23,0.017316405,18.92656216,1.990984324,0,0,30
2006-05-24,0.017230483,18.89219308,1.985828962,0,0,30
2006-05-25,0.01714464,18.85785589,1.980678384,0,0,30
2006-05-26,0.017058902,18.82356077,1.975534116,0,0,30
2006-05-27,0.016973295,18.78931787,1.97039768,0,0,30
2006-05-28,0.016887843,18.7551373,1.965270595,0,0,30
2006-05-29,0.016802573,18.72102919,1.960154379,0,0,30
2006-05-30,0.016717509,18.68700364,1.955050546,0,0,30
2006-05-31,0.016632677,18.65307071,1.949960606,0,0,30
2006-06-01,0.01659543,18.63817215,1.947725822,0,0,30
2006-06-02,0.016510976,18.60439022,1.942658533,0,0,30
2006-06-03,0.016426813,18.57072536,1.937608804,0,0,30
2006-06-04,0.016342969,18.53718753,1.93257813,0,0,30
2006-06-05,0.016259467,18.50378665,1.927567998,0,0,30
2006-06-06,0.016176332,18.47053262,1.922579892,0,0,30
2006-06-07,0.016093588,18.43743525,1.917615288,0,0,30
2006-06-08,0.016011261,18.40450436,1.912675655,0,0,30
2006-06-09,0.015929374,18.37174969,1.907762454,0,0,30
2006-06-10,0.015847952,18.33918093,1.902877139,0,0,30
2006-06-11,0.015767019,18.30680771,1.898021157,0,0,30
2006-06-12,0.015686599,18.27463962,1.893195944,0,0,30
2006-06-13,0.015606715,18.24268618,1.888402927,0,0,30
2006-06-14,0.015527392,18.21095684,1.883643526,0,0,30
2006-06-15,0.015448652,18.17946099,1.878919148,0,0,30
2006-06-16,0.01537052,18.14820795,1.874231192,0,0,30
2006-06-17,0.015293017,18.11720696,1.869581045,0,0,30
2006-06-18,0.015216168,18.08646721,1.864970082,0,0,30
2006-06-19,0.015139994,18.05599779,1.860399669,0,0,30
2006-06-20,0.015064519,18.02580772,1.855871158,0,0,30
2006-06-21,0.014989765,17.99590592,1.851385889,0,0,30
2006-06-22,0.014915753,17.96630126,1.846945188,0,0,30
2006-06-23,0.014842506,17.93700248,1.842550371,0,0,30
2006-06-24,0.014770046,17.90801825,1.838202738,0,0,30
2006-06-25,0.014698393,17.87935717,1.833903575,0,0,30
2006-06-26,0.014627569,17.8510277,1.829654154,0,0,30
2006-06-27,0.014557596,17.82303823,1.825455734,0,0,30
2006-06-28,0.014488493,17.79539704,1.821309555,0,0,30
2006-06-29,0.014420281,17.76811231,1.817216846,0,0,30
2006-06-30,0.01435298,17.74119212,1.813178817,0,0,30
2006-07-01,0.014257709,17.70308348,1.807462522,0,0,30
2006-07-02,0.014192715,17.67708596,1.803562894,0,0,30
2006-07-03,0.0141287,17.65147992,1.799721987,0,0,30
2006-07-04,0.014065682,17.62627292,1.795940938,0,0,30
2006-07-05,0.014003681,17.60147243,1.792220865,0,0,30
2006-07-06,0.013942714,17.57708579,1.788562868,0,0,30
2006-07-07,0.013882801,17.55312021,1.784968032,0,0,30
2006-07-08,0.013823957,17.52958279,1.781437418,0,0,30
2006-07-09,0.013766201,17.50648048,1.777972073,0,0,30
2006-07-10,0.01370955,17.48382014,1.774573021,0,0,30
2006-07-11,0.013654021,17.46160845,1.771241268,0,0,30
2006-07-12,0.01359963,17.439852,1.7679778,0,0,30
2006-07-13,0.013546393,17.41855723,1.764783584,0,0,30
2006-07-14,0.013494326,17.39773042,1.761659564,0,0,30
2006-07-15,0.013443444,17.37737776,1.758606664,0,0,30
2006-07-16,0.013393763,17.35750525,1.755625788,0,0,30
2006-07-17,0.013345297,17.33811879,1.752717818,0,0,30
2006-07-18,0.01329806,17.3192241,1.749883615,0,0,30
2006-07-19,0.013252067,17.30082678,1.747124017,0,0,30
2006-07-20,0.013207331,17.28293228,1.744439841,0,0,30
2006-07-21,0.013163865,17.26554588,1.741831882,0,0,30
2006-07-22,0.013121682,17.24867273,1.73930091,0,0,30
2006-07-23,0.013080795,17.23231783,1.736847675,0,0,30
2006-07-24,0.013041215,17.21648602,1.734472903,0,0,30
2006-07-25,0.013002955,17.20118198,1.732177297,0,0,30
2006-07-26,0.012966026,17.18641023,1.729961535,0,0,30
2006-07-27,0.012930438,17.17217516,1.727826274,0,0,30
2006-07-28,0.012896202,17.15848097,1.725772145,0,0,30
2006-07-29,0.012863329,17.14533171,1.723799757,0,0,30
2006-07-30,0.012831828,17.13273128,1.721909693,0,0,30
2006-07-31,0.012801709,17.12068341,1.720102511,0,0,30
2006-08-01,0.012788896,17.11555832,1.719333748,0,0,30
2006-08-02,0.012760781,17.10431234,1.717646852,0,0,30
2006-08-03,0.012734068,17.09362733,1.7160441,0,0,30
2006-08-04,0.012708766,17.08350645,1.714525967,0,0,30
2006-08-05,0.012684882,17.07395269,1.713092903,0,0,30
2006-08-06,0.012662422,17.06496887,1.711745331,0,0,30
2006-08-07,0.012641394,17.05655767,1.71048365,0,0,30
2006-08-08,0.012621804,17.04872155,1.709308233,0,0,30
2006-08-09,0.012603657,17.04146286,1.708219429,0,0,30
2006-08-10,0.012586959,17.03478372,1.707217558,0,0,30
2006-08-11,0.012571715,17.02868613,1.706302919,0,0,30
2006-08-12,0.01255793,17.02317188,1.705475781,0,0,30
2006-08-13,0.012545607,17.0182426,1.70473639,0,0,30
2006-08-14,0.012534749,17.01389976,1.704084964,0,0,30
2006-08-15,0.012525362,17.01014463,1.703521695,0,0,30
2006-08-16,0.012517446,17.00697834,1.703046751,0,0,30
2006-08-17,0.012511005,17.00440181,1.702660272,0,0,30
2006-08-18,0.01250604,17.00241582,1.702362373,0,0,30
2006-08-19,0.012502552,17.00102094,1.702153141,0,0,30
2006-08-20,0.012500544,17.00021759,1.702032639,0,0,30
2006-08-21,0.012500015,17.00000601,1.702000901,0,0,30
2006-08-22,0.012500966,17.00038626,1.702057939,0,0,30
2006-08-23,0.012503396,17.00135823,1.702203734,0,0,30
2006-08-24,0.012507304,17.00292162,1.702438243,0,0,30
2006-08-25,0.01251269,17.00507599,1.702761398,0,0,30
2006-08-26,0.012519552,17.00782068,1.703173102,0,0,30
2006-08-27,0.012527887,17.0111549,1.703673234,0,0,30
2006-08-28,0.012537694,17.01507764,1.704261646,0,0,30
2006-08-29,0.012548969,17.01958775,1.704938163,0,0,30
2006-08-30,0.01256171,17.0246839,1.705702586,0,0,30
2006-08-31,0.012575911,17.03036458,1.706554687,0,0,30
2006-09-01,0.012582622,17.03304883,1.706957325,0,0,30
2006-09-02,0.012598921,17.03956823,1.707935235,0,0,30
2006-09-03,0.012616669,17.04666776,1.709000164,0,0,30
2006-09-04,0.012635863,17.0543453,1.710151796,0,0,30
2006-09-05,0.012656497,17.0625986,1.71138979,0,0,30
2006-09-06,0.012678563,17.07142521,1.712713781,0,0,30
2006-09-07,0.012702056,17.08082251,1.714123376,0,0,30
2006-09-08,0.012726969,17.09078772,1.715618159,0,0,30
2006-09-09,0.012753295,17.10131791,1.717197686,0,0,30
2006-09-10,0.012781025,17.11240994,1.718861491,0,0,30
2006-09-11,0.012810151,17.12406054,1.720609082,0,0,30
2006-09-12,0.012840666,17.13626627,1.72243994,0,0,30
2006-09-13,0.012872559,17.1490235,1.724353525,0,0,30
2006-09-14,0.012905821,17.16232847,1.72634927,0,0,30
2006-09-15,0.012940443,17.17617723,1.728426584,0,0,30
2006-09-16,0.012976414,17.19056569,1.730584853,0,0,30
2006-09-17,0.013013724,17.20548959,1.732823438,0,0,30
2006-09-18,0.013052361,17.22094452,1.735141677,0,0,30
2006-09-19,0.013092315,17.23692589,1.737538884,0,0,30
2006-09-20,0.013133572,17.25342899,1.740014349,0,0,30
2006-09-21,0.013176122,17.27044893,1.742567339,0,0,30
2006-09-22,0.013219952,17.28798067,1.7451971,0,0,30
2006-09-23,0.013265048,17.30601902,1.747902853,0,0,30
2006-09-24,0.013311397,17.32455865,1.750683798,0,0,30
2006-09-25,0.013358985,17.34359407,1.753539111,0,0,30
2006-09-26,0.013407799,17.36311965,1.756467947,0,0,30
2006-09-27,0.013457824,17.38312961,1.759469441,0,0,30
2006-09-28,0.013509045,17.40361802,1.762542703,0,0,30
2006-09-29,0.013561447,17.42457883,1.765686824,0,0,30
2006-09-30,0.013615015,17.44600583,1.768900875,0,0,30
2006-10-01,0.013694167,17.47766692,1.773650038,0,0,30
2006-10-02,0.013750511,17.50020455,1.777030682,0,0,30
2006-10-03,0.013807965,17.52318599,1.780477898,0,0,30
2006-10-04,0.013866511,17.54660444,1.783990666,0,0,30
2006-10-05,0.013926132,17.57045298,1.787567947,0,0,30
2006-10-06,0.013986811,17.59472454,1.791208681,0,0,30
2006-10-07,0.01404853,17.61941195,1.794911792,0,0,30
2006-10-08,0.01411127,17.64450789,1.798676184,0,0,30
2006-10-09,0.014175012,17.67000495,1.802500742,0,0,30
2006-10-10,0.014239739,17.69589557,1.806384336,0,0,30
2006-10-11,0.01430543,17.7221721,1.810325815,0,0,30
2006-10-12,0.014372067,17.74882676,1.814324014,0,0,30
2006-10-13,0.014439629,17.77585166,1.81837775,0,0,30
2006-10-14,0.014508097,17.80323881,1.822485822,0,0,30
2006-10-15,0.01457745,17.8309801,1.826647015,0,0,30
2006-10-16,0.014647668,17.85906732,1.830860098,0,0,30
2006-10-17,0.01471873,17.88749216,1.835123824,0,0,30
2006-10-18,0.014790616,17.91624621,1.839436931,0,0,30
2006-10-19,0.014863302,17.94532096,1.843798143,0,0,30
2006-10-20,0.01493677,17.9747078,1.84820617,0,0,30
2006-10-21,0.015010995,18.00439805,1.852659707,0,0,30
2006-10-22,0.015085957,18.03438291,1.857157436,0,0,30
2006-10-23,0.015161634,18.06465351,1.861698026,0,0,30
2006-10-24,0.015238002,18.0952009,1.866280134,0,0,30
2006-10-25,0.01531504,18.12601603,1.870902404,0,0,30
2006-10-26,0.015392724,18.15708978,1.875563467,0,0,30
2006-10-27,0.015471032,18.18841297,1.880261946,0,0,30
2006-10-28,0.015549941,18.21997632,1.884996448,0,0,30
2006-10-29,0.015629426,18.25177049,1.889765574,0,0,30
2006-10-30,0.015709465,18.28378607,1.894567911,0,0,30
2006-10-31,0.015790034,18.3160136,1.89940204,0,0,30
2006-11-01,0.015825646,18.33025839,1.901538759,0,0,30
2006-11-02,0.015906936,18.36277434,1.906416151,0,0,30
2006-11-03,0.015988697,18.39547885,1.911321828,0,0,30
2006-11-04,0.016070906,18.42836225,1.916254338,0,0,30
2006-11-05,0.016153537,18.46141481,1.921212221,0,0,30
2006-11-06,0.016236567,18.49462674,1.926194011,0,0,30
2006-11-07,0.016319971,18.52798822,1.931198233,0,0,30
2006-11-08,0.016403723,18.56148937,1.936223406,0,0,30
2006-11-09,0.016487801,18.59512029,1.941268044,0,0,30
2006-11-10,0.016572178,18.62887102,1.946330653,0,0,30
2006-11-11,0.016656829,18.66273157,1.951409736,0,0,30
2006-11-12,0.01674173,18.69669193,1.956503789,0,0,30
2006-11-13,0.016826855,18.73074203,1.961611305,0,0,30
2006-11-14,0.01691218,18.76487182,1.966730773,0,0,30
2006-11-15,0.016997678,18.79907118,1.971860678,0,0,30
2006-11-16,0.017083325,18.83333001,1.976999501,0,0,30
2006-11-17,0.017169095,18.86763815,1.982145722,0,0,30
2006-11-18,0.017254964,18.90198546,1.987297819,0,0,30
2006-11-19,0.017340904,18.93636178,1.992454266,0,0,30
2006-11-20,0.017426892,18.97075692,1.997613538,0,0,30
2006-11-21,0.017512902,19.00516072,2.002774108,0,0,30
2006-11-22,0.017598907,19.03956299,2.007934449,0,0,30
2006-11-23,0.017684884,19.07395356,2.013093034,0,0,30
2006-11-24,0.017770806,19.10832224,2.018248336,0,0,30
2006-11-25,0.017856647,19.14265887,2.02339883,0,0,30
2006-11-26,0.017942383,19.17695328,2.028542992,0,0,30
2006-11-27,0.018027988,19.21119533,2.033679299,0,0,30
2006-11-28,0.018113437,19.24537488,2.038806232,0,0,30
2006-11-29,0.018198705,19.27948182,2.043922274,0,0,30
2006-11-30,0.018283765,19.31350606,2.049025909,0,0,30
2006-12-01,0.018405838,19.3623354,2.05635031,0,0,30
2006-12-02,0.018490289,19.39611564,2.061417346,0,0,30
2006-12-03,0.018574447,19.42977867,2.0664668,0,0,30
2006-12-04,0.018658286,19.46331452,2.071497178,0,0,30
2006-12-05,0.018741783,19.49671327,2.07650699,0,0,30
2006-12-06,0.018824913,19.52996503,2.081494754,0,0,30
2006-12-07,0.01890765,19.56305996,2.086458995,0,0,30
2006-12-08,0.018989971,19.59598828,2.091398242,0,0,30
2006-12-09,0.019071851,19.62874024,2.096311035,0,0,30
2006-12-10,0.019153265,19.66130614,2.101195921,0,0,30
2006-12-11,0.019234191,19.69367635,2.106051452,0,0,30
2006-12-12,0.019314603,19.72584129,2.110876193,0,0,30
2006-12-13,0.019394479,19.75779144,2.115668716,0,0,30
2006-12-14,0.019473793,19.78951735,2.120427602,0,0,30
2006-12-15,0.019552524,19.82100963,2.125151444,0,0,30
2006-12-16,0.019630647,19.85225895,2.129838843,0,0,30
2006-12-17,0.01970814,19.88325609,2.134488413,0,0,30
2006-12-18,0.01978498,19.91399185,2.139098777,0,0,30
2006-12-19,0.019861143,19.94445714,2.143668571,0,0,30
2006-12-20,0.019936607,19.97464296,2.148196444,0,0,30
2006-12-21,0.020011351,20.00454036,2.152681054,0,0,30
2006-12-22,0.020085351,20.03414051,2.157121076,0,0,30
2006-12-23,0.020158587,20.06343463,2.161515195,0,0,30
2006-12-24,0.020231035,20.09241407,2.165862111,0,0,30
2006-12-25,0.020302676,20.12107025,2.170160537,0,0,30
2006-12-26,0.020373487,20.14939468,2.174409202,0,0,30
2006-12-27,0.020443447,20.17737899,2.178606848,0,0,30
2006-12-28,0.020512537,20.20501489,2.182752233,0,0,30
2006-12-29,0.020580736,20.23229421,2.186844131,0,0,30
2006-12-30,0.020648022,20.25920887,2.190881331,0,0,30
2006-12-31,0.020714377,20.28575092,2.194862637,0,0,30
2007-01-01,0.020741309,20.29652362,2.196478543,0,0,30
2007-01-02,0.020806317,20.32252695,2.200379042,0,0,30
2007-01-03,0.020870347,20.34813892,2.204220838,0,0,30
2007-01-04,0.02093338,20.37335196,2.208002794,0,0,30
2007-01-05,0.020995397,20.3981586,2.21172379,0,0,30
2007-01-06,0.021056379,20.4225515,2.215382726,0,0,30
2007-01-07,0.021116309,20.44652345,2.218978518,0,0,30
2007-01-08,0.021175168,20.47006735,2.222510102,0,0,30
2007-01-09,0.021232941,20.49317623,2.225976434,0,0,30
2007-01-10,0.021289608,20.51584325,2.229376488,0,0,30
2007-01-11,0.021345154,20.53806172,2.232709258,0,0,30
2007-01-12,0.021399563,20.55982504,2.235973757,0,0,30
2007-01-13,0.021452817,20.58112679,2.239169019,0,0,30
2007-01-14,0.021504902,20.60196066,2.242294099,0,0,30
2007-01-15,0.021555801,20.62232048,2.245348073,0,0,30
2007-01-16,0.021605501,20.64220024,2.248330035,0,0,30
2007-01-17,0.021653985,20.66159403,2.251239105,0,0,30
2007-01-18,0.02170124,20.68049614,2.254074421,0,0,30
2007-01-19,0.021747252,20.69890096,2.256835144,0,0,30
2007-01-20,0.021792008,20.71680305,2.259520457,0,0,30
2007-01-21,0.021835493,20.7341971,2.262129566,0,0,30
2007-01-22,0.021877695,20.75107799,2.264661698,0,0,30
2007-01-23,0.021918602,20.76744069,2.267116104,0,0,30
2007-01-24,0.021958201,20.78328039,2.269492058,0,0,30
2007-01-25,0.021996481,20.79859238,2.271788857,0,0,30
2007-01-26,0.02203343,20.81337214,2.274005822,0,0,30
2007-01-27,0.022069038,20.8276153,2.276142295,0,0,30
2007-01-28,0.022103294,20.84131763,2.278197645,0,0,30
2007-01-29,0.022136188,20.85447509,2.280171264,0,0,30
2007-01-30,0.022167709,20.86708378,2.282062567,0,0,30
2007-01-31,0.02219785,20.87913997,2.283870996,0,0,30
2007-02-01,0.022210672,20.88426874,2.284640311,0,0,30
2007-02-02,0.022238808,20.8955231,2.286328465,0,0,30
2007-02-03,0.022265541,20.90621655,2.287932483,0,0,30
2007-02-04,0.022290865,20.91634592,2.289451888,0,0,30
2007-02-05,0.022314771,20.92590821,2.290886231,0,0,30
2007-02-06,0.022337251,20.93490059,2.292235089,0,0,30
2007-02-07,0.022358301,20.94332041,2.293498061,0,0,30
2007-02-08,0.022377913,20.95116516,2.294674775,0,0,30
2007-02-09,0.022396081,20.95843254,2.295764881,0,0,30
2007-02-10,0.022412801,20.96512038,2.296768057,0,0,30
2007-02-11,0.022428067,20.97122671,2.297684007,0,0,30
2007-02-12,0.022441874,20.97674973,2.298512459,0,0,30
2007-02-13,0.022454219,20.98168779,2.299253168,0,0,30
2007-02-14,0.022465099,20.98603944,2.299905916,0,0,30
2007-02-15,0.022474508,20.98980339,2.300470508,0,0,30
2007-02-16,0.022482446,20.99297852,2.300946778,0,0,30
2007-02-17,0.02248891,20.9955639,2.301334585,0,0,30
2007-02-18,0.022493897,20.99755876,2.301633814,0,0,30
2007-02-19,0.022497406,20.99896251,2.301844376,0,0,30
2007-02-20,0.022499437,20.99977473,2.30196621,0,0,30
2007-02-21,0.022499988,20.99999519,2.301999278,0,0,30
2007-02-22,0.02249906,20.99962382,2.301943573,0,0,30
2007-02-23,0.022496652,20.99866072,2.301799109,0,0,30
2007-02-24,0.022492765,20.9971062,2.301565929,0,0,30
2007-02-25,0.022487402,20.99496069,2.301244104,0,0,30
2007-02-26,0.022480562,20.99222485,2.300833727,0,0,30
2007-02-27,0.022472249,20.98889947,2.30033492,0,0,30
2007-02-28,0.022462464,20.98498554,2.299747832,0,0,30
2007-03-01,0.022417611,20.96704453,2.29705668,0,0,30
2007-03-02,0.022401335,20.96053385,2.296080077,0,0,30
2007-03-03,0.022383608,20.95344301,2.295016452,0,0,30
2007-03-04,0.022364435,20.94577412,2.293866118,0,0,30
2007-03-05,0.022343824,20.93752944,2.292629416,0,0,30
2007-03-06,0.022321779,20.92871142,2.291306712,0,0,30
2007-03-07,0.022298307,20.91932265,2.289898398,0,0,30
2007-03-08,0.022273415,20.90936594,2.28840489,0,0,30
2007-03-09,0.022247111,20.8988442,2.286826631,0,0,30
2007-03-10,0.022219401,20.88776057,2.285164086,0,0,30
2007-03-11,0.022190296,20.87611832,2.283417749,0,0,30
2007-03-12,0.022159802,20.8639209,2.281588135,0,0,30
2007-03-13,0.02212793,20.85117191,2.279675787,0,0,30
2007-03-14,0.022094688,20.83787514,2.27768127,0,0,30
2007-03-15,0.022060086,20.8240345,2.275605175,0,0,30
2007-03-16,0.022024135,20.8096541,2.273448116,0,0,30
2007-03-17,0.021986846,20.7947382,2.27121073,0,0,30
2007-03-18,0.021948228,20.77929121,2.268893681,0,0,30
2007-03-19,0.021908294,20.76331769,2.266497654,0,0,30
2007-03-20,0.021867056,20.74682239,2.264023358,0,0,30
2007-03-21,0.021824525,20.72981016,2.261471524,0,0,30
2007-03-22,0.021780715,20.71228606,2.258842909,0,0,30
2007-03-23,0.021735638,20.69425527,2.25613829,0,0,30
2007-03-24,0.021689308,20.67572312,2.253358468,0,0,30
2007-03-25,0.021641738,20.65669509,2.250504264,0,0,30
2007-03-26,0.021592942,20.63717683,2.247576524,0,0,30
2007-03-27,0.021542935,20.61717409,2.244576114,0,0,30
2007-03-28,0.021491732,20.59669281,2.241503922,0,0,30
2007-03-29,0.021439348,20.57573904,2.238360856,0,0,30
2007-03-30,0.021385797,20.55431899,2.235147848,0,0,30
2007-03-31,0.021331097,20.53243898,2.231865848,0,0,30
2007-04-01,0.021306669,20.52266773,2.23040016,0,0,30
2007-04-02,0.021250342,20.50013681,2.227020522,0,0,30
2007-04-03,0.021192905,20.47716198,2.223574297,0,0,30
2007-04-04,0.021134375,20.45375003,2.220062505,0,0,30
2007-04-05,0.02107477,20.42990789,2.216486184,0,0,30
2007-04-06,0.021014107,20.40564262,2.212846393,0,0,30
2007-04-07,0.020952403,20.3809614,2.20914421,0,0,30
2007-04-08,0.020889679,20.35587153,2.205380729,0,0,30
2007-04-09,0.020825951,20.33038043,2.201557065,0,0,30
2007-04-10,0.020761239,20.30449566,2.197674348,0,0,30
2007-04-11,0.020695562,20.27822486,2.193733729,0,0,30
2007-04-12,0.02062894,20.25157581,2.189736372,0,0,30
2007-04-13,0.020561391,20.22455641,2.185683461,0,0,30
2007-04-14,0.020492937,20.19717463,2.181576195,0,0,30
2007-04-15,0.020423596,20.1694386,2.17741579,0,0,30
2007-04-16,0.020353391,20.14135651,2.173203476,0,0,30
2007-04-17,0.020282342,20.11293667,2.1689405,0,0,30
2007-04-18,0.020210469,20.08418749,2.164628124,0,0,30
2007-04-19,0.020137794,20.05511749,2.160267624,0,0,30
2007-04-20,0.020064338,20.02573527,2.15586029,0,0,30
2007-04-21,0.019990124,19.99604951,2.151407426,0,0,30
2007-04-22,0.019915172,19.966069,2.14691035,0,0,30
2007-04-23,0.019839507,19.93580262,2.142370393,0,0,30
2007-04-24,0.019763148,19.90525932,2.137788897,0,0,30
2007-04-25,0.01968612,19.87444813,2.13316722,0,0,30
2007-04-26,0.019608445,19.84337819,2.128506728,0,0,30
2007-04-27,0.019530147,19.81205867,2.123808801,0,0,30
2007-04-28,0.019451247,19.78049886,2.119074829,0,0,30
2007-04-29,0.01937177,19.74870808,2.114306212,0,0,30
2007-04-30,0.019291739,19.71669575,2.109504362,0,0,30
2007-05-01,0.01917557,19.67022786,2.102534179,0,0,30
2007-05-02,0.019094287,19.63771482,2.097657222,0,0,30
2007-05-03,0.019012533,19.60501306,2.092751959,0,0,30
2007-05-04,0.018930331,19.57213227,2.087819841,0,0,30
2007-05-05,0.018847705,19.53908218,2.082862328,0,0,30
2007-05-06,0.018764681,19.50587257,2.077880886,0,0,30
2007-05-07,0.018681283,19.47251326,2.072876989,0,0,30
2007-05-08,0.018597535,19.43901413,2.067852119,0,0,30
2007-05-09,0.018513463,19.40538508,2.062807762,0,0,30
2007-05-10,0.01842909,19.37163608,2.057745412,0,0,30
2007-05-11,0.018344443,19.3377771,2.052666565,0,0,30
2007-05-12,0.018259545,19.30381817,2.047572725,0,0,30
2007-05-13,0.018174423,19.26976933,2.0424654,0,0,30
2007-05-14,0.018089102,19.23564067,2.0373461,0,0,30
2007-05-15,0.018003606,19.20144227,2.032216341,0,0,30
2007-05-16,0.017917961,19.16718427,2.02707764,0,0,30
2007-05-17,0.017832192,19.13287679,2.021931518,0,0,30
2007-05-18,0.017746325,19.09852999,2.016779498,0,0,30
2007-05-19,0.017660385,19.06415403,2.011623105,0,0,30
2007-05-20,0.017574398,19.0297591,2.006463864,0,0,30
2007-05-21,0.017488388,18.99535535,2.001303302,0,0,30
2007-05-22,0.017402382,18.96095298,1.996142947,0,0,30
2007-05-23,0.017316405,18.92656216,1.990984324,0,0,30
2007-05-24,0.017230483,18.89219308,1.985828962,0,0,30
2007-05-25,0.01714464,18.85785589,1.980678384,0,0,30
2007-05-26,0.017058902,18.82356077,1.975534116,0,0,30
2007-05-27,0.016973295,18.78931787,1.97039768,0,0,30
2007-05-28,0.016887843,18.7551373,1.965270595,0,0,30
2007-05-29,0.016802573,18.72102919,1.960154379,0,0,30
2007-05-30,0.016717509,18.68700364,1.955050546,0,0,30
2007-05-31,0.016632677,18.65307071,1.949960606,0,0,30
2007-06-01,0.01659543,18.63817215,1.947725822,0,0,30
2007-06-02,0.016510976,18.60439022,1.942658533,0,0,30
2007-06-03,0.016426813,18.57072536,1.937608804,0,0,30
2007-06-04,0.016342969,18.53718753,1.93257813,0,0,30
2007-06-05,0.016259467,18.50378665,1.927567998,0,0,30
2007-06-06,0.016176332,18.47053262,1.922579892,0,0,30
2007-06-07,0.016093588,18.43743525,1.917615288,0,0,30
2007-06-08,0.016011261,18.40450436,1.912675655,0,0,30
2007-06-09,0.015929374,18.37174969,1.907762454,0,0,30
2007-06-10,0.015847952,18.33918093,1.902877139,0,0,30
2007-06-11,0.015767019,18.30680771,1.898021157,0,0,30
2007-06-12,0.015686599,18.27463962,1.893195944,0,0,30
2007-06-13,0.015606715,18.24268618,1.888402927,0,0,30
2007-06-14,0.015527392,18.21095684,1.883643526,0,0,30
2007-06-15,0.015448652,18.17946099,1.878919148,0,0,30
2007-06-16,0.01537052,18.14820795,1.874231192,0,0,30
2007-06-17,0.015293017,18.11720696,1.869581045,0,0,30
2007-06-18,0.015216168,18.08646721,1.864970082,0,0,30
2007-06-19,0.015139994,18.05599779,1.860399669,0,0,30
2007-06-20,0.015064519,18.02580772,1.855871158,0,0,30
2007-06-21,0.014989765,17.99590592,1.851385889,0,0,30
2007-06-22,0.014915753,17.96630126,1.846945188,0,0,30
2007-06-23,0.014842506,17.93700248,1.842550371,0,0,30
2007-06-24,0.014770046,17.90801825,1.838202738,0,0,30
2007-06-25,0.014698393,17.87935717,1.833903575,0,0,30
2007-06-26,0.014627569,17.8510277,1.829654154,0,0,30
2007-06-27,0.014557596,17.82303823,1.825455734,0,0,30
2007-06-28,0.014488493,17.79539704,1.821309555,0,0,30
2007-06-29,0.014420281,17.76811231,1.817216846,0,0,30
2007-06-30,0.01435298,17.74119212,1.813178817,0,0,30
2007-07-01,0.014257709,17.70308348,1.807462522,0,0,30
2007-07-02,0.014192715,17.67708596,1.803562894,0,0,30
2007-07-03,0.0141287,17.65147992,1.799721987,0,0,30
2007-07-04,0.014065682,17.62627292,1.795940938,0,0,30
2007-07-05,0.014003681,17.60147243,1.792220865,0,0,30
2007-07-06,0.013942714,17.57708579,1.788562868,0,0,30
2007-07-07,0.013882801,17.55312021,1.784968032,0,0,30
2007-07-08,0.013823957,17.52958279,1.781437418,0,0,30
2007-07-09,0.013766201,17.50648048,1.777972073,0,0,30
2007-07-10,0.01370955,17.48382014,1.774573021,0,0,30
2007-07-11,0.013654021,17.46160845,1.771241268,0,0,30
2007-07-12,0.01359963,17.439852,1.7679778,0,0,30
2007-07-13,0.013546393,17.41855723,1.764783584,0,0,30
2007-07-14,0.013494326,17.39773042,1.761659564,0,0,30
2007-07-15,0.013443444,17.37737776,1.758606664,0,0,30
2007-07-16,0.013393763,17.35750525,1.755625788,0,0,30
2007-07-17,0.013345297,17.33811879,1.752717818,0,0,30
2007-07-18,0.01329806,17.3192241,1.749883615,0,0,30
2007-07-19,0.013252067,17.30082678,1.747124017,0,0,30
2007-07-20,0.013207331,17.28293228,1.744439841,0,0,30
2007-07-21,0.013163865,17.26554588,1.741831882,0,0,30
2007-07-22,0.013121682,17.24867273,1.73930091,0,0,30
2007-07-23,0.013080795,17.23231783,1.736847675,0,0,30
2007-07-24,0.013041215,17.21648602,1.734472903,0,0,30
2007-07-25,0.013002955,17.20118198,1.732177297,0,0,30
2007-07-26,0.012966026,17.18641023,1.729961535,0,0,30
2007-07-27,0.012930438,17.17217516,1.727826274,0,0,30
2007-07-28,0.012896202,17.15848097,1.725772145,0,0,30
2007-07-29,0.012863329,17.14533171,1.723799757,0,0,30
2007-07-30,0.012831828,17.13273128,1.721909693,0,0,30
2007-07-31,0.012801709,17.12068341,1.720102511,0,0,30
2007-08-01,0.012788896,17.11555832,1.719333748,0,0,30
2007-08-02,0.012760781,17.10431234,1.717646852,0,0,30
2007-08-03,0.012734068,17.09362733,1.7160441,0,0,30
2007-08-04,0.012708766,17.08350645,1.714525967,0,0,30
2007-08-05,0.012684882,17.07395269,1.713092903,0,0,30
2007-08-06,0.012662422,17.06496887,1.711745331,0,0,30
2007-08-07,0.012641394,17.05655767,1.71048365,0,0,30
2007-08-08,0.012621804,17.04872155,1.709308233,0,0,30
2007-08-09,0.012603657,17.04146286,1.708219429,0,0,30
2007-08-10,0.012586959,17.03478372,1.707217558,0,0,30
2007-08-11,0.012571715,17.02868613,1.706302919,0,0,30
2007-08-12,0.01255793,17.02317188,1.705475781,0,0,30
2007-08-13,0.012545607,17.0182426,1.70473639,0,0,30
2007-08-14,0.012534749,17.01389976,1.704084964,0,0,30
2007-08-15,0.012525362,17.01014463,1.703521695,0,0,30
2007-08-16,0.012517446,17.00697834,1.703046751,0,0,30
2007-08-17,0.012511005,17.00440181,1.702660272,0,0,30
2007-08-18,0.01250604,17.00241582,1.702362373,0,0,30
2007-08-19,0.012502552,17.00102094,1.702153141,0,0,30
2007-08-20,0.012500544,17.00021759,1.702032639,0,0,30
2007-08-21,0.012500015,17.00000601,1.702000901,0,0,30
2007-08-22,0.012500966,17.00038626,1.702057939,0,0,30
2007-08-23,0.012503396,17.00135823,1.702203734,0,0,30
2007-08-24,0.012507304,17.00292162,1.702438243,0,0,30
2007-08-25,0.01251269,17.00507599,1.702761398,0,0,30
2007-08-26,0.012519552,17.00782068,1.703173102,0,0,30
2007-08-27,0.012527887,17.0111549,1.703673234,0,0,30
2007-08-28,0.012537694,17.01507764,1.704261646,0,0,30
2007-08-29,0.012548969,17.01958775,1.704938163,0,0,30
2007-08-30,0.01256171,17.0246839,1.705702586,0,0,30
2007-08-31,0.012575911,17.03036458,1.706554687,0,0,30
2007-09-01,0.012582622,17.03304883,1.706957325,0,0,30
2007-09-02,0.012598921,17.03956823,1.707935235,0,0,30
2007-09-03,0.012616669,17.04666776,1.709000164,0,0,30
2007-09-04,0.012635863,17.0543453,1.710151796,0,0,30
2007-09-05,0.012656497,17.0625986,1.71138979,0,0,30
2007-09-06,0.012678563,17.07142521,1.712713781,0,0,30
2007-09-07,0.012702056,17.08082251,1.714123376,0,0,30
2007-09-08,0.012726969,17.09078772,1.715618159,0,0,30
2007-09-09,0.012753295,17.10131791,1.717197686,0,0,30
2007-09-10,0.012781025,17.11240994,1.718861491,0,0,30
2007-09-11,0.012810151,17.12406054,1.720609082,0,0,30
2007-09-12,0.012840666,17.13626627,1.72243994,0,0,30
2007-09-13,0.012872559,17.1490235,1.724353525,0,0,30
2007-09-14,0.012905821,17.16232847,1.72634927,0,0,30
2007-09-15,0.012940443,17.17617723,1.728426584,0,0,30
2007-09-16,0.012976414,17.19056569,1.730584853,0,0,30
2007-09-17,0.013013724,17.20548959,1.732823438,0,0,30
2007-09-18,0.013052361,17.22094452,1.735141677,0,0,30
2007-09-19,0.013092315,17.23692589,1.737538884,0,0,30
2007-09-20,0.013133572,17.25342899,1.740014349,0,0,30
2007-09-21,0.013176122,17.27044893,1.742567339,0,0,30
2007-09-22,0.013219952,17.28798067,1.7451971,0,0,30
2007-09-23,0.013265048,17.30601902,1.747902853,0,0,30
2007-09-24,0.013311397,17.32455865,1.750683798,0,0,30
2007-09-25,0.013358985,17.34359407,1.753539111,0,0,30
2007-09-26,0.013407799,17.36311965,1.756467947,0,0,30
2007-09-27,0.013457824,17.38312961,1.759469441,0,0,30
2007-09-28,0.013509045,17.40361802,1.762542703,0,0,30
2007-09-29,0.013561447,17.42457883,1.765686824,0,0,30
2007-09-30,0.013615015,17.44600583,1.768900875,0,0,30
2007-10-01,0.013694167,17.47766692,1.773650038,0,0,30
2007-10-02,0.013750511,17.50020455,1.777030682,0,0,30
2007-10-03,0.013807965,17.52318599,1.780477898,0,0,30
2007-10-04,0.013866511,17.54660444,1.783990666,0,0,30
2007-10-05,0.013926132,17.57045298,1.787567947,0,0,30
2007-10-06,0.013986811,17.59472454,1.791208681,0,0,30
2007-10-07,0.01404853,17.61941195,1.794911792,0,0,30
2007-10-08,0.01411127,17.64450789,1.798676184,0,0,30
2007-10-09,0.014175012,17.67000495,1.802500742,0,0,30
2007-10-10,0.014239739,17.69589557,1.806384336,0,0,30
2007-10-11,0.01430543,17.7221721,1.810325815,0,0,30
2007-10-12,0.014372067,17.74882676,1.814324014,0,0,30
2007-10-13,0.014439629,17.77585166,1.81837775,0,0,30
2007-10-14,0.014508097,17.80323881,1.822485822,0,0,30
2007-10-15,0.01457745,17.8309801,1.826647015,0,0,30
2007-10-16,0.014647668,17.85906732,1.830860098,0,0,30
2007-10-17,0.01471873,17.88749216,1.835123824,0,0,30
2007-10-18,0.014790616,17.91624621,1.839436931,0,0,30
2007-10-19,0.014863302,17.94532096,1.843798143,0,0,30
2007-10-20,0.01493677,17.9747078,1.84820617,0,0,30
2007-10-21,0.015010995,18.00439805,1.852659707,0,0,30
2007-10-22,0.015085957,18.03438291,1.857157436,0,0,30
2007-10-23,0.015161634,18.06465351,1.861698026,0,0,30
2007-10-24,0.015238002,18.0952009,1.866280134,0,0,30
2007-10-25,0.01531504,18.12601603,1.870902404,0,0,30
2007-10-26,0.015392724,18.15708978,1.875563467,0,0,30
2007-10-27,0.015471032,18.18841297,1.880261946,0,0,30
2007-10-28,0.015549941,18.21997632,1.884996448,0,0,30
2007-10-29,0.015629426,18.25177049,1.889765574,0,0,30
2007-10-30,0.015709465,18.28378607,1.894567911,0,0,30
2007-10-31,0.015790034,18.3160136,1.89940204,0,0,30
2007-11-01,0.015825646,18.33025839,1.901538759,0,0,30
2007-11-02,0.015906936,18.36277434,1.906416151,0,0,30
2007-11-03,0.015988697,18.39547885,1.911321828,0,0,30
2007-11-04,0.016070906,18.42836225,1.916254338,0,0,30
2007-11-05,0.016153537,18.46141481,1.921212221,0,0,30
2007-11-06,0.016236567,18.49462674,1.926194011,0,0,30
2007-11-07,0.016319971,18.52798822,1.931198233,0,0,30
2007-11-08,0.016403723,18.56148937,1.936223406,0,0,30
2007-11-09,0.016487801,18.59512029,1.941268044,0,0,30
2007-11-10,0.016572178,18.62887102,1.946330653,0,0,30
2007-11-11,0.016656829,18.66273157,1.951409736,0,0,30
2007-11-12,0.01674173,18.69669193,1.956503789,0,0,30
2007-11-13,0.016826855,18.73074203,1.961611305,0,0,30
2007-11-14,0.01691218,18.76487182,1.966730773,0,0,30
2007-11-15,0.016997678,18.79907118,1.971860678,0,0,30
2007-11-16,0.017083325,18.83333001,1.976999501,0,0,30
2007-11-17,0.017169095,18.86763815,1.982145722,0,0,30
2007-11-18,0.017254964,18.90198546,1.987297819,0,0,30
2007-11-19,0.017340904,18.93636178,1.992454266,0,0,30
2007-11-20,0.017426892,18.97075692,1.997613538,0,0,30
2007-11-21,0.017512902,19.00516072,2.002774108,0,0,30
2007-11-22,0.017598907,19.03956299,2.007934449,0,0,30
2007-11-23,0.017684884,19.07395356,2.013093034,0,0,30
2007-11-24,0.017770806,19.10832224,2.018248336,0,0,30
2007-11-25,0.017856647,19.14265887,2.02339883,0,0,30
2007-11-26,0.017942383,19.17695328,2.028542992,0,0,30
2007-11-27,0.018027988,19.21119533,2.033679299,0,0,30
2007-11-28,0.018113437,19.24537488,2.038806232,0,0,30
2007-11-29,0.018198705,19.27948182,2.043922274,0,0,30
2007-11-30,0.018283765,19.31350606,2.049025909,0,0,30
2007-12-01,0.018405838,19.3623354,2.05635031,0,0,30
2007-12-02,0.018490289,19.39611564,2.061417346,0,0,30
2007-12-03,0.018574447,19.42977867,2.0664668,0,0,30
2007-12-04,0.018658286,19.46331452,2.071497178,0,0,30
2007-12-05,0.018741783,19.49671327,2.07650699,0,0,30
2007-12-06,0.018824913,19.52996503,2.081494754,0,0,30
2007-12-07,0.01890765,19.56305996,2.086458995,0,0,30
2007-12-08,0.018989971,19.59598828,2.091398242,0,0,30
2007-12-09,0.019071851,19.62874024,2.096311035,0,0,30
2007-12-10,0.019153265,19.66130614,2.101195921,0,0,30
2007-12-11,0.019234191,19.69367635,2.106051452,0,0,30
2007-12-12,0.019314603,19.72584129,2.110876193,0,0,30
2007-12-13,0.019394479,19.75779144,2.115668716,0,0,30
2007-12-14,0.019473793,19.78951735,2.120427602,0,0,30
2007-12-15,0.019552524,19.82100963,2.125151444,0,0,30
2007-12-16,0.019630647,19.85225895,2.129838843,0,0,30
2007-12-17,0.01970814,19.88325609,2.134488413,0,0,30
2007-12-18,0.01978498,19.91399185,2.139098777,0,0,30
2007-12-19,0.019861143,19.94445714,2.143668571,0,0,30
2007-12-20,0.019936607,19.97464296,2.148196444,0,0,30
2007-12-21,0.020011351,20.00454036,2.152681054,0,0,30
2007-12-22,0.020085351,20.03414051,2.157121076,0,0,30
2007-12-23,0.020158587,20.06343463,2.161515195,0,0,30
2007-12-24,0.020231035,20.09241407,2.165862111,0,0,30
2007-12-25,0.020302676,20.12107025,2.170160537,0,0,30
2007-12-26,0.020373487,20.14939468,2.174409202,0,0,30
2007-12-27,0.020443447,20.17737899,2.178606848,0,0,30
2007-12-28,0.020512537,20.20501489,2.182752233,0,0,30
2007-12-29,0.020580736,20.23229421,2.186844131,0,0,30
2007-12-30,0.020648022,20.25920887,2.190881331,0,0,30
2007-12-31,0.020714377,20.28575092,2.194862637,0,0,30
2008-01-01,0.020741309,20.29652362,2.196478543,0,0,30
2008-01-02,0.020806317,20.32252695,2.200379042,0,0,30
2008-01-03,0.020870347,20.34813892,2.204220838,0,0,30
2008-01-04,0.02093338,20.37335196,2.208002794,0,0,30
2008-01-05,0.020995397,20.3981586,2.21172379,0,0,30
2008-01-06,0.021056379,20.4225515,2.215382726,0,0,30
2008-01-07,0.021116309,20.44652345,2.218978518,0,0,30
2008-01-08,0.021175168,20.47006735,2.222510102,0,0,30
2008-01-09,0.021232941,20.49317623,2.225976434,0,0,30
2008-01-10,0.021289608,20.51584325,2.229376488,0,0,30
2008-01-11,0.021345154,20.53806172,2.232709258,0,0,30
2008-01-12,0.021399563,20.55982504,2.235973757,0,0,30
2008-01-13,0.021452817,20.58112679,2.239169019,0,0,30
2008-01-14,0.021504902,20.60196066,2.242294099,0,0,30
2008-01-15,0.021555801,20.62232048,2.245348073,0,0,30
2008-01-16,0.021605501,20.64220024,2.248330035,0,0,30
2008-01-17,0.021653985,20.66159403,2.251239105,0,0,30
2008-01-18,0.02170124,20.68049614,2.254074421,0,0,30
2008-01-19,0.021747252,20.69890096,2.256835144,0,0,30
2008-01-20,0.021792008,20.71680305,2.259520457,0,0,30
2008-01-21,0.021835493,20.7341971,2.262129566,0,0,30
2008-01-22,0.021877695,20.75107799,2.264661698,0,0,30
2008-01-23,0.021918602,20.76744069,2.267116104,0,0,30
2008-01-24,0.021958201,20.78328039,2.269492058,0,0,30
2008-01-25,0.021996481,20.79859238,2.271788857,0,0,30
2008-01-26,0.02203343,20.81337214,2.274005822,0,0,30
2008-01-27,0.022069038,20.8276153,2.276142295,0,0,30
2008-01-28,0.022103294,20.84131763,2.278197645,0,0,30
2008-01-29,0.022136188,20.85447509,2.280171264,0,0,30
2008-01-30,0.022167709,20.86708378,2.282062567,0,0,30
2008-01-31,0.02219785,20.87913997,2.283870996,0,0,30
2008-02-01,0.022210672,20.88426874,2.284640311,0,0,30
2008-02-02,0.022238808,20.8955231,2.286328465,0,0,30
2008-02-03,0.022265541,20.90621655,2.287932483,0,0,30
2008-02-04,0.022290865,20.91634592,2.289451888,0,0,30
2008-02-05,0.022314771,20.92590821,2.290886231,0,0,30
2008-02-06,0.022337251,20.93490059,2.292235089,0,0,30
2008-02-07,0.022358301,20.94332041,2.293498061,0,0,30
2008-02-08,0.022377913,20.95116516,2.294674775,0,0,30
2008-02-09,0.022396081,20.95843254,2.295764881,0,0,30
2008-02-10,0.022412801,20.96512038,2.296768057,0,0,30
2008-02-11,0.022428067,20.97122671,2.297684007,0,0,30
2008-02-12,0.022441874,20.97674973,2.298512459,0,0,30
2008-02-13,0.022454219,20.98168779,2.299253168,0,0,30
2008-02-14,0.022465099,20.98603944,2.299905916,0,0,30
2008-02-15,0.022474508,20.98980339,2.300470508,0,0,30
2008-02-16,0.022482446,20.99297852,2.300946778,0,0,30
2008-02-17,0.02248891,20.9955639,2.301334585,0,0,30
2008-02-18,0.022493897,20.99755876,2.301633814,0,0,30
2008-02-19,0.022497406,20.99896251,2.301844376,0,0,30
2008-02-20,0.022499437,20.99977473,2.30196621,0,0,30
2008-02-21,0.022499988,20.99999519,2.301999278,0,0,30
2008-02-22,0.02249906,20.99962382,2.301943573,0,0,30
2008-02-23,0.022496652,20.99866072,2.301799109,0,0,30
2008-02-24,0.022492765,20.9971062,2.301565929,0,0,30
2008-02-25,0.022487402,20.99496069,2.301244104,0,0,30
2008-02-26,0.022480562,20.99222485,2.300833727,0,0,30
2008-02-27,0.022472249,20.98889947,2.30033492,0,0,30
2008-02-28,0.022462464,20.98498554,2.299747832,0,0,30
2008-02-29,0.022451211,20.98048423,2.299072635,0,0,30
2008-03-01,0.022417611,20.96704453,2.29705668,0,0,30
2008-03-02,0.022401335,20.96053385,2.296080077,0,0,30
2008-03-03,0.022383608,20.95344301,2.295016452,0,0,30
2008-03-04,0.022364435,20.94577412,2.293866118,0,0,30
2008-03-05,0.022343824,20.93752944,2.292629416,0,0,30
2008-03-06,0.022321779,20.92871142,2.291306712,0,0,30
2008-03-07,0.022298307,20.91932265,2.289898398,0,0,30
2008-03-08,0.022273415,20.90936594,2.28840489,0,0,30
2008-03-09,0.022247111,20.8988442,2.286826631,0,0,30
2008-03-10,0.022219401,20.88776057,2.285164086,0,0,30
2008-03-11,0.022190296,20.87611832,2.283417749,0,0,30
2008-03-12,0.022159802,20.8639209,2.281588135,0,0,30
2008-03-13,0.02212793,20.85117191,2.279675787,0,0,30
2008-03-14,0.022094688,20.83787514,2.27768127,0,0,30
2008-03-15,0.022060086,20.8240345,2.275605175,0,0,30
2008-03-16,0.022024135,20.8096541,2.273448116,0,0,30
2008-03-17,0.021986846,20.7947382,2.27121073,0,0,30
2008-03-18,0.021948228,20.77929121,2.268893681,0,0,30
2008-03-19,0.021908294,20.76331769,2.266497654,0,0,30
2008-03-20,0.021867056,20.74682239,2.264023358,0,0,30
2008-03-21,0.021824525,20.72981016,2.261471524,0,0,30
2008-03-22,0.021780715,20.71228606,2.258842909,0,0,30
2008-03-23,0.021735638,20.69425527,2.25613829,0,0,30
2008-03-24,0.021689308,20.67572312,2.253358468,0,0,30
2008-03-25,0.021641738,20.65669509,2.250504264,0,0,30
2008-03-26,0.021592942,20.63717683,2.247576524,0,0,30
2008-03-27,0.021542935,20.61717409,2.244576114,0,0,30
2008-03-28,0.021491732,20.59669281,2.241503922,0,0,30
2008-03-29,0.021439348,20.57573904,2.238360856,0,0,30
2008-03-30,0.021385797,20.55431899,2.235147848,0,0,30
2008-03-31,0.021331097,20.53243898,2.231865848,0,0,30
2008-04-01,0.021306669,20.52266773,2.23040016,0,0,30
2008-04-02,0.021250342,20.50013681,2.227020522,0,0,30
2008-04-03,0.021192905,20.47716198,2.223574297,0,0,30
2008-04-04,0.021134375,20.45375003,2.220062505,0,0,30
2008-04-05,0.02107477,20.42990789,2.216486184,0,0,30
2008-04-06,0.021014107,20.40564262,2.212846393,0,0,30
2008-04-07,0.020952403,20.3809614,2.20914421,0,0,30
2008-04-08,0.020889679,20.35587153,2.205380729,0,0,30
2008-04-09,0.020825951,20.33038043,2.201557065,0,0,30
2008-04-10,0.020761239,20.30449566,2.197674348,0,0,30
2008-04-11,0.020695562,20.27822486,2.193733729,0,0,30
2008-04-12,0.02062894,20.25157581,2.189736372,0,0,30
2008-04-13,0.020561391,20.22455641,2.185683461,0,0,30
2008-04-14,0.020492937,20.19717463,2.181576195,0,0,30
2008-04-15,0.020423596,20.1694386,2.17741579,0,0,30
2008-04-16,0.020353391,20.14135651,2.173203476,0,0,30
2008-04-17,0.020282342,20.11293667,2.1689405,0,0,30
2008-04-18,0.020210469,20.08418749,2.164628124,0,0,30
2008-04-19,0.020137794,20.05511749,2.160267624,0,0,30
2008-04-20,0.020064338,20.02573527,2.15586029,0,0,30
2008-04-21,0.019990124,19.99604951,2.151407426,0,0,30
2008-04-22,0.019915172,19.966069,2.14691035,0,0,30
2008-04-23,0.019839507,19.93580262,2.142370393,0,0,30
2008-04-24,0.019763148,19.90525932,2.137788897,0,0,30
2008-04-25,0.01968612,19.87444813,2.13316722,0,0,30
2008-04-26,0.019608445,19.84337819,2.128506728,0,0,30
2008-04-27,0.019530147,19.81205867,2.123808801,0,0,30
2008-04-28,0.019451247,19.78049886,2.119074829,0,0,30
2008-04-29,0.01937177,19.74870808,2.114306212,0,0,30
2008-04-30,0.019291739,19.71669575,2.109504362,0,0,30
2008-05-01,0.01917557,19.67022786,2.102534179,0,0,30
2008-05-02,0.019094287,19.63771482,2.097657222,0,0,30
2008-05-03,0.019012533,19.60501306,2.092751959,0,0,30
2008-05-04,0.018930331,19.57213227,2.087819841,0,0,30
2008-05-05,0.018847705,19.53908218,2.082862328,0,0,30
2008-05-06,0.018764681,19.50587257,2.077880886,0,0,30
2008-05-07,0.018681283,19.47251326,2.072876989,0,0,30
2008-05-08,0.018597535,19.43901413,2.067852119,0,0,30
2008-05-09,0.018513463,19.40538508,2.062807762,0,0,30
2008-05-10,0.01842909,19.37163608,2.057745412,0,0,30
2008-05-11,0.018344443,19.3377771,2.052666565,0,0,30
2008-05-12,0.018259545,19.30381817,2.047572725,0,0,30
2008-05-13,0.018174423,19.26976933,2.0424654,0,0,30
2008-05-14,0.018089102,19.23564067,2.0373461,0,0,30
2008-05-15,0.018003606,19.20144227,2.032216341,0,0,30
2008-05-16,0.017917961,19.16718427,2.02707764,0,0,30
2008-05-17,0.017832192,19.13287679,2.021931518,0,0,30
2008-05-18,0.017746325,19.09852999,2.016779498,0,0,30
2008-05-19,0.017660385,19.06415403,2.011623105,0,0,30
2008-05-20,0.017574398,19.0297591,2.006463864,0,0,30
2008-05-21,0.017488388,18.99535535,2.001303302,0,0,30
2008-05-22,0.017402382,18.96095298,1.996142947,0,0,30
2008-05-23,0.017316405,18.92656216,1.990984324,0,0,30
2008-05-24,0.017230483,18.89219308,1.985828962,0,0,30
2008-05-25,0.01714464,18.85785589,1.980678384,0,0,30
2008-05-26,0.017058902,18.82356077,1.975534116,0,0,30
2008-05-27,0.016973295,18.78931787,1.97039768,0,0,30
2008-05-28,0.016887843,18.7551373,1.965270595,0,0,30
2008-05-29,0.016802573,18.72102919,1.960154379,0,0,30
2008-05-30,0.016717509,18.68700364,1.955050546,0,0,30
2008-05-31,0.016632677,18.65307071,1.949960606,0,0,30
2008-06-01,0.01659543,18.63817215,1.947725822,0,0,30
2008-06-02,0.016510976,18.60439022,1.942658533,0,0,30
2008-06-03,0.016426813,18.57072536,1.937608804,0,0,30
2008-06-04,0.016342969,18.53718753,1.93257813,0,0,30
2008-06-05,0.016259467,18.50378665,1.927567998,0,0,30
2008-06-06,0.016176332,18.47053262,1.922579892,0,0,30
2008-06-07,0.016093588,18.43743525,1.917615288,0,0,30
2008-06-08,0.016011261,18.40450436,1.912675655,0,0,30
2008-06-09,0.015929374,18.37174969,1.907762454,0,0,30
2008-06-10,0.015847952,18.33918093,1.902877139,0,0,30
2008-06-11,0.015767019,18.30680771,1.898021157,0,0,30
2008-06-12,0.015686599,18.27463962,1.893195944,0,0,30
2008-06-13,0.015606715,18.24268618,1.888402927,0,0,30
2008-06-14,0.015527392,18.21095684,1.883643526,0,0,30
2008-06-15,0.015448652,18.17946099,1.878919148,0,0,30
2008-06-16,0.01537052,18.14820795,1.874231192,0,0,30
2008-06-17,0.015293017,18.11720696,1.869581045,0,0,30
2008-06-18,0.015216168,18.08646721,1.864970082,0,0,30
2008-06-19,0.015139994,18.05599779,1.860399669,0,0,30
2008-06-20,0.015064519,18.02580772,1.855871158,0,0,30
2008-06-21,0.014989765,17.99590592,1.851385889,0,0,30
2008-06-22,0.014915753,17.96630126,1.846945188,0,0,30
2008-06-23,0.014842506,17.93700248,1.842550371,0,0,30
2008-06-24,0.014770046,17.90801825,1.838202738,0,0,30
2008-06-25,0.014698393,17.87935717,1.833903575,0,0,30
2008-06-26,0.014627569,17.8510277,1.829654154,0,0,30
2008-06-27,0.014557596,17.82303823,1.825455734,0,0,30
2008-06-28,0.014488493,17.79539704,1.821309555,0,0,30
2008-06-29,0.014420281,17.76811231,1.817216846,0,0,30
2008-06-30,0.01435298,17.74119212,1.813178817,0,0,30
2008-07-01,0.014257709,17.70308348,1.807462522,0,0,30
2008-07-02,0.014192715,17.67708596,1.803562894,0,0,30
2008-07-03,0.0141287,17.65147992,1.799721987,0,0,30
2008-07-04,0.014065682,17.62627292,1.795940938,0,0,30
2008-07-05,0.014003681,17.60147243,1.792220865,0,0,30
2008-07-06,0.013942714,17.57708579,1.788562868,0,0,30
2008-07-07,0.013882801,17.55312021,1.784968032,0,0,30
2008-07-08,0.013823957,17.52958279,1.781437418,0,0,30
2008-07-09,0.013766201,17.50648048,1.777972073,0,0,30
2008-07-10,0.01370955,17.48382014,1.774573021,0,0,30
2008-07-11,0.013654021,17.46160845,1.771241268,0,0,30
2008-07-12,0.01359963,17.439852,1.7679778,0,0,30
2008-07-13,0.013546393,17.41855723,1.764783584,0,0,30
2008-07-14,0.013494326,17.39773042,1.761659564,0,0,30
2008-07-15,0.013443444,17.37737776,1.758606664,0,0,30
2008-07-16,0.013393763,17.35750525,1.755625788,0,0,30
2008-07-17,0.013345297,17.33811879,1.752717818,0,0,30
2008-07-18,0.01329806,17.3192241,1.749883615,0,0,30
2008-07-19,0.013252067,17.30082678,1.747124017,0,0,30
2008-07-20,0.013207331,17.28293228,1.744439841,0,0,30
2008-07-21,0.013163865,17.26554588,1.741831882,0,0,30
2008-07-22,0.013121682,17.24867273,1.73930091,0,0,30
2008-07-23,0.013080795,17.23231783,1.736847675,0,0,30
2008-07-24,0.013041215,17.21648602,1.734472903,0,0,30
2008-07-25,0.013002955,17.20118198,1.732177297,0,0,30
2008-07-26,0.012966026,17.18641023,1.729961535,0,0,30
2008-07-27,0.012930438,17.17217516,1.727826274,0,0,30
2008-07-28,0.012896202,17.15848097,1.725772145,0,0,30
2008-07-29,0.012863329,17.14533171,1.723799757,0,0,30
2008-07-30,0.012831828,17.13273128,1.721909693,0,0,30
2008-07-31,0.012801709,17.12068341,1.720102511,0,0,30
2008-08-01,0.012788896,17.11555832,1.719333748,0,0,30
2008-08-02,0.012760781,17.10431234,1.717646852,0,0,30
2008-08-03,0.012734068,17.09362733,1.7160441,0,0,30
2008-08-04,0.012708766,17.08350645,1.714525967,0,0,30
2008-08-05,0.012684882,17.07395269,1.713092903,0,0,30
2008-08-06,0.012662422,17.06496887,1.711745331,0,0,30
2008-08-07,0.012641394,17.05655767,1.71048365,0,0,30
2008-08-08,0.012621804,17.04872155,1.709308233,0,0,30
2008-08-09,0.012603657,17.04146286,1.708219429,0,0,30
2008-08-10,0.012586959,17.03478372,1.707217558,0,0,30
2008-08-11,0.012571715,17.02868613,1.706302919,0,0,30
2008-08-12,0.01255793,17.02317188,1.705475781,0,0,30
2008-08-13,0.012545607,17.0182426,1.70473639,0,0,30
2008-08-14,0.012534749,17.01389976,1.704084964,0,0,30
2008-08-15,0.012525362,17.01014463,1.703521695,0,0,30
2008-08-16,0.012517446,17.00697834,1.703046751,0,0,30
2008-08-17,0.012511005,17.00440181,1.702660272,0,0,30
2008-08-18,0.01250604,17.00241582,1.702362373,0,0,30
2008-08-19,0.012502552,17.00102094,1.702153141,0,0,30
2008-08-20,0.012500544,17.00021759,1.702032639,0,0,30
2008-08-21,0.012500015,17.00000601,1.702000901,0,0,30
2008-08-22,0.012500966,17.00038626,1.702057939,0,0,30
2008-08-23,0.012503396,17.00135823,1.702203734,0,0,30
2008-08-24,0.012507304,17.00292162,1.702438243,0,0,30
2008-08-25,0.01251269,17.00507599,1.702761398,0,0,30
2008-08-26,0.012519552,17.00782068,1.703173102,0,0,30
2008-08-27,0.012527887,17.0111549,1.703673234,0,0,30
2008-08-28,0.012537694,17.01507764,1.704261646,0,0,30
2008-08-29,0.012548969,17.01958775,1.704938163,0,0,30
2008-08-30,0.01256171,17.0246839,1.705702586,0,0,30
2008-08-31,0.012575911,17.03036458,1.706554687,0,0,30
2008-09-01,0.012582622,17.03304883,1.706957325,0,0,30
2008-09-02,0.012598921,17.03956823,1.707935235,0,0,30
2008-09-03,0.012616669,17.04666776,1.709000164,0,0,30
2008-09-04,0.012635863,17.0543453,1.710151796,0,0,30
2008-09-05,0.012656497,17.0625986,1.71138979,0,0,30
2008-09-06,0.012678563,17.07142521,1.712713781,0,0,30
2008-09-07,0.012702056,17.08082251,1.714123376,0,0,30
2008-09-08,0.012726969,17.09078772,1.715618159,0,0,30
2008-09-09,0.012753295,17.10131791,1.717197686,0,0,30
2008-09-10,0.012781025,17.11240994,1.718861491,0,0,30
2008-09-11,0.012810151,17.12406054,1.720609082,0,0,30
2008-09-12,0.012840666,17.13626627,1.72243994,0,0,30
2008-09-13,0.012872559,17.1490235,1.724353525,0,0,30
2008-09-14,0.012905821,17.16232847,1.72634927,0,0,30
2008-09-15,0.012940443,17.17617723,1.728426584,0,0,30
2008-09-16,0.012976414,17.19056569,1.730584853,0,0,30
2008-09-17,0.013013724,17.20548959,1.732823438,0,0,30
2008-09-18,0.013052361,17.22094452,1.735141677,0,0,30
2008-09-19,0.013092315,17.23692589,1.737538884,0,0,30
2008-09-20,0.013133572,17.25342899,1.740014349,0,0,30
2008-09-21,0.013176122,17.27044893,1.742567339,0,0,30
2008-09-22,0.013219952,17.28798067,1.7451971,0,0,30
2008-09-23,0.013265048,17.30601902,1.747902853,0,0,30
2008-09-24,0.013311397,17.32455865,1.750683798,0,0,30
2008-09-25,0.013358985,17.34359407,1.753539111,0,0,30
2008-09-26,0.013407799,17.36311965,1.756467947,0,0,30
2008-09-27,0.013457824,17.38312961,1.759469441,0,0,30
2008-09-28,0.013509045,17.40361802,1.762542703,0,0,30
2008-09-29,0.013561447,17.42457883,1.765686824,0,0,30
2008-09-30,0.013615015,17.44600583,1.768900875,0,0,30
2008-10-01,0.013694167,17.47766692,1.773650038,0,0,30
2008-10-02,0.013750511,17.50020455,1.777030682,0,0,30
2008-10-03,0.013807965,17.52318599,1.780477898,0,0,30
2008-10-04,0.013866511,17.54660444,1.783990666,0,0,30
2008-10-05,0.013926132,17.57045298,1.787567947,0,0,30
2008-10-06,0.013986811,17.59472454,1.791208681,0,0,30
2008-10-07,0.01404853,17.61941195,1.794911792,0,0,30
2008-10-08,0.01411127,17.64450789,1.798676184,0,0,30
2008-10-09,0.014175012,17.67000495,1.802500742,0,0,30
2008-10-10,0.014239739,17.69589557,1.806384336,0,0,30
2008-10-11,0.01430543,17.7221721,1.810325815,0,0,30
2008-10-12,0.014372067,17.74882676,1.814324014,0,0,30
2008-10-13,0.014439629,17.77585166,1.81837775,0,0,30
2008-10-14,0.014508097,17.80323881,1.822485822,0,0,30
2008-10-15,0.01457745,17.8309801,1.826647015,0,0,30
2008-10-16,0.014647668,17.85906732,1.830860098,0,0,30
2008-10-17,0.01471873,17.88749216,1.835123824,0,0,30
2008-10-18,0.014790616,17.91624621,1.839436931,0,0,30
2008-10-19,0.014863302,17.94532096,1.843798143,0,0,30
2008-10-20,0.01493677,17.9747078,1.84820617,0,0,30
2008-10-21,0.015010995,18.00439805,1.852659707,0,0,30
2008-10-22,0.015085957,18.03438291,1.857157436,0,0,30
2008-10-23,0.015161634,18.06465351,1.861698026,0,0,30
2008-10-24,0.015238002,18.0952009,1.866280134,0,0,30
2008-10-25,0.01531504,18.12601603,1.870902404,0,0,30
2008-10-26,0.015392724,18.15708978,1.875563467,0,0,30
2008-10-27,0.015471032,18.18841297,1.880261946,0,0,30
2008-10-28,0.015549941,18.21997632,1.884996448,0,0,30
2008-10-29,0.015629426,18.25177049,1.889765574,0,0,30
2008-10-30,0.015709465,18.28378607,1.894567911,0,0,30
2008-10-31,0.015790034,18.3160136,1.89940204,0,0,30
2008-11-01,0.015825646,18.33025839,1.901538759,0,0,30
2008-11-02,0.015906936,18.36277434,1.906416151,0,0,30
2008-11-03,0.015988697,18.39547885,1.911321828,0,0,30
2008-11-04,0.016070906,18.42836225,1.916254338,0,0,30
2008-11-05,0.016153537,18.46141481,1.921212221,0,0,30
2008-11-06,0.016236567,18.49462674,1.926194011,0,0,30
2008-11-07,0.016319971,18.52798822,1.931198233,0,0,30
2008-11-08,0.016403723,18.56148937,1.936223406,0,0,30
2008-11-09,0.016487801,18.59512029,1.941268044,0,0,30
2008-11-10,0.016572178,18.62887102,1.946330653,0,0,30
2008-11-11,0.016656829,18.66273157,1.951409736,0,0,30
2008-11-12,0.01674173,18.69669193,1.956503789,0,0,30
2008-11-13,0.016826855,18.73074203,1.961611305,0,0,30
2008-11-14,0.01691218,18.76487182,1.966730773,0,0,30
2008-11-15,0.016997678,18.79907118,1.971860678,0,0,30
2008-11-16,0.017083325,18.83333001,1.976999501,0,0,30
2008-11-17,0.017169095,18.86763815,1.982145722,0,0,30
2008-11-18,0.017254964,18.90198546,1.987297819,0,0,30
2008-11-19,0.017340904,18.93636178,1.992454266,0,0,30
2008-11-20,0.017426892,18.97075692,1.997613538,0,0,30
2008-11-21,0.017512902,19.00516072,2.002774108,0,0,30
2008-11-22,0.017598907,19.03956299,2.007934449,0,0,30
2008-11-23,0.017684884,19.07395356,2.013093034,0,0,30
2008-11-24,0.017770806,19.10832224,2.018248336,0,0,30
2008-11-25,0.017856647,19.14265887,2.02339883,0,0,30
2008-11-26,0.017942383,19.17695328,2.028542992,0,0,30
2008-11-27,0.018027988,19.21119533,2.033679299,0,0,30
2008-11-28,0.018113437,19.24537488,2.038806232,0,0,30
2008-11-29,0.018198705,19.27948182,2.043922274,0,0,30
2008-11-30,0.018283765,19.31350606,2.049025909,0,0,30
2008-12-01,0.018405838,19.3623354,2.05635031,0,0,30
2008-12-02,0.018490289,19.39611564,2.061417346,0,0,30
2008-12-03,0.018574447,19.42977867,2.0664668,0,0,30
2008-12-04,0.018658286,19.46331452,2.071497178,0,0,30
2008-12-05,0.018741783,19.49671327,2.07650699,0,0,30
2008-12-06,0.018824913,19.52996503,2.081494754,0,0,30
2008-12-07,0.01890765,19.56305996,2.086458995,0,0,30
2008-12-08,0.018989971,19.59598828,2.091398242,0,0,30
2008-12-09,0.019071851,19.62874024,2.096311035,0,0,30
2008-12-10,0.019153265,19.66130614,2.101195921,0,0,30
2008-12-11,0.019234191,19.69367635,2.106051452,0,0,30
2008-12-12,0.019314603,19.72584129,2.110876193,0,0,30
2008-12-13,0.019394479,19.75779144,2.115668716,0,0,30
2008-12-14,0.019473793,19.78951735,2.120427602,0,0,30
2008-12-15,0.019552524,19.82100963,2.125151444,0,0,30
2008-12-16,0.019630647,19.85225895,2.129838843,0,0,30
2008-12-17,0.01970814,19.88325609,2.134488413,0,0,30
2008-12-18,0.01978498,19.91399185,2.139098777,0,0,30
2008-12-19,0.019861143,19.94445714,2.143668571,0,0,30
2008-12-20,0.019936607,19.97464296,2.148196444,0,0,30
2008-12-21,0.020011351,20.00454036,2.152681054,0,0,30
2008-12-22,0.020085351,20.03414051,2.157121076,0,0,30
2008-12-23,0.020158587,20.06343463,2.161515195,0,0,30
2008-12-24,0.020231035,20.09241407,2.165862111,0,0,30
2008-12-25,0.020302676,20.12107025,2.170160537,0,0,30
2008-12-26,0.020373487,20.14939468,2.174409202,0,0,30
2008-12-27,0.020443447,20.17737899,2.178606848,0,0,30
2008-12-28,0.020512537,20.20501489,2.182752233,0,0,30
2008-12-29,0.020580736,20.23229421,2.186844131,0,0,30
2008-12-30,0.020648022,20.25920887,2.190881331,0,0,30
2008-12-31,0.020714377,20.28575092,2.194862637,0,0,30
2009-01-01,0.020741309,20.29652362,2.196478543,0,0,30
2009-01-02,0.020806317,20.32252695,2.200379042,0,0,30
2009-01-03,0.020870347,20.34813892,2.204220838,0,0,30
2009-01-04,0.02093338,20.37335196,2.208002794,0,0,30
2009-01-05,0.020995397,20.3981586,2.21172379,0,0,30
2009-01-06,0.021056379,20.4225515,2.215382726,0,0,30
2009-01-07,0.021116309,20.44652345,2.218978518,0,0,30
2009-01-08,0.021175168,20.47006735,2.222510102,0,0,30
2009-01-09,0.021232941,20.49317623,2.225976434,0,0,30
2009-01-10,0.021289608,20.51584325,2.229376488,0,0,30
2009-01-11,0.021345154,20.53806172,2.232709258,0,0,30
2009-01-12,0.021399563,20.55982504,2.235973757,0,0,30
2009-01-13,0.021452817,20.58112679,2.239169019,0,0,30
2009-01-14,0.021504902,20.60196066,2.242294099,0,0,30
2009-01-15,0.021555801,20.62232048,2.245348073,0,0,30
2009-01-16,0.021605501,20.64220024,2.248330035,0,0,30
2009-01-17,0.021653985,20.66159403,2.251239105,0,0,30
2009-01-18,0.02170124,20.68049614,2.254074421,0,0,30
2009-01-19,0.021747252,20.69890096,2.256835144,0,0,30
2009-01-20,0.021792008,20.71680305,2.259520457,0,0,30
2009-01-21,0.021835493,20.7341971,2.262129566,0,0,30
2009-01-22,0.021877695,20.75107799,2.264661698,0,0,30
2009-01-23,0.021918602,20.76744069,2.267116104,0,0,30
2009-01-24,0.021958201,20.78328039,2.269492058,0,0,30
2009-01-25,0.021996481,20.79859238,2.271788857,0,0,30
2009-01-26,0.02203343,20.81337214,2.274005822,0,0,30
2009-01-27,0.022069038,20.8276153,2.276142295,0,0,30
2009-01-28,0.022103294,20.84131763,2.278197645,0,0,30
2009-01-29,0.022136188,20.85447509,2.280171264,0,0,30
2009-01-30,0.022167709,20.86708378,2.282062567,0,0,30
2009-01-31,0.02219785,20.87913997,2.283870996,0,0,30
2009-02-01,0.022210672,20.88426874,2.284640311,0,0,30
2009-02-02,0.022238808,20.8955231,2.286328465,0,0,30
2009-02-03,0.022265541,20.90621655,2.287932483,0,0,30
2009-02-04,0.022290865,20.91634592,2.289451888,0,0,30
2009-02-05,0.022314771,20.92590821,2.290886231,0,0,30
2009-02-06,0.022337251,20.93490059,2.292235089,0,0,30
2009-02-07,0.022358301,20.94332041,2.293498061,0,0,30
2009-02-08,0.022377913,20.95116516,2.294674775,0,0,30
2009-02-09,0.022396081,20.95843254,2.295764881,0,0,30
2009-02-10,0.022412801,20.96512038,2.296768057,0,0,30
2009-02-11,0.022428067,20.97122671,2.297684007,0,0,30
2009-02-12,0.022441874,20.97674973,2.298512459,0,0,30
2009-02-13,0.022454219,20.98168779,2.299253168,0,0,30
2009-02-14,0.022465099,20.98603944,2.299905916,0,0,30
2009-02-15,0.022474508,20.98980339,2.300470508,0,0,30
2009-02-16,0.022482446,20.99297852,2.300946778,0,0,30
2009-02-17,0.02248891,20.9955639,2.301334585,0,0,30
2009-02-18,0.022493897,20.99755876,2.301633814,0,0,30
2009-02-19,0.022497406,20.99896251,2.301844376,0,0,30
2009-02-20,0.022499437,20.99977473,2.30196621,0,0,30
2009-02-21,0.022499988,20.99999519,2.301999278,0,0,30
2009-02-22,0.02249906,20.99962382,2.301943573,0,0,30
2009-02-23,0.022496652,20.99866072,2.301799109,0,0,30
2009-02-24,0.022492765,20.9971062,2.301565929,0,0,30
2009-02-25,0.022487402,20.99496069,2.301244104,0,0,30
2009-02-26,0.022480562,20.99222485,2.300833727,0,0,30
2009-02-27,0.022472249,20.98889947,2.30033492,0,0,30
2009-02-28,0.022462464,20.98498554,2.299747832,0,0,30
2009-03-01,0.022417611,20.96704453,2.29705668,0,0,30
2009-03-02,0.022401335,20.96053385,2.296080077,0,0,30
2009-03-03,0.022383608,20.95344301,2.295016452,0,0,30
2009-03-04,0.022364435,20.94577412,2.293866118,0,0,30
2009-03-05,0.022343824,20.93752944,2.292629416,0,0,30
2009-03-06,0.022321779,20.92871142,2.291306712,0,0,30
2009-03-07,0.022298307,20.91932265,2.289898398,0,0,30
2009-03-08,0.022273415,20.90936594,2.28840489,0,0,30
2009-03-09,0.022247111,20.8988442,2.286826631,0,0,30
2009-03-10,0.022219401,20.88776057,2.285164086,0,0,30
2009-03-11,0.022190296,20.87611832,2.283417749,0,0,30
2009-03-12,0.022159802,20.8639209,2.281588135,0,0,30
2009-03-13,0.02212793,20.85117191,2.279675787,0,0,30
2009-03-14,0.022094688,20.83787514,2.27768127,0,0,30
2009-03-15,0.022060086,20.8240345,2.275605175,0,0,30
2009-03-16,0.022024135,20.8096541,2.273448116,0,0,30
2009-03-17,0.021986846,20.7947382,2.27121073,0,0,30
2009-03-18,0.021948228,20.77929121,2.268893681,0,0,30
2009-03-19,0.021908294,20.76331769,2.266497654,0,0,30
2009-03-20,0.021867056,20.74682239,2.264023358,0,0,30
2009-03-21,0.021824525,20.72981016,2.261471524,0,0,30
2009-03-22,0.021780715,20.71228606,2.258842909,0,0,30
2009-03-23,0.021735638,20.69425527,2.25613829,0,0,30
2009-03-24,0.021689308,20.67572312,2.253358468,0,0,30
2009-03-25,0.021641738,20.65669509,2.250504264,0,0,30
2009-03-26,0.021592942,20.63717683,2.247576524,0,0,30
2009-03-27,0.021542935,20.61717409,2.244576114,0,0,30
2009-03-28,0.021491732,20.59669281,2.241503922,0,0,30
2009-03-29,0.021439348,20.57573904,2.238360856,0,0,30
2009-03-30,0.021385797,20.55431899,2.235147848,0,0,30
2009-03-31,0.021331097,20.53243898,2.231865848,0,0,30
2009-04-01,0.021306669,20.52266773,2.23040016,0,0,30
2009-04-02,0.021250342,20.50013681,2.227020522,0,0,30
2009-04-03,0.021192905,20.47716198,2.223574297,0,0,30
2009-04-04,0.021134375,20.45375003,2.220062505,0,0,30
2009-04-05,0.02107477,20.42990789,2.216486184,0,0,30
2009-04-06,0.021014107,20.40564262,2.212846393,0,0,30
2009-04-07,0.020952403,20.3809614,2.20914421,0,0,30
2009-04-08,0.020889679,20.35587153,2.205380729,0,0,30
2009-04-09,0.020825951,20.33038043,2.201557065,0,0,30
2009-04-10,0.020761239,20.30449566,2.197674348,0,0,30
2009-04-11,0.020695562,20.27822486,2.193733729,0,0,30
2009-04-12,0.02062894,20.25157581,2.189736372,0,0,30
2009-04-13,0.020561391,20.22455641,2.185683461,0,0,30
2009-04-14,0.020492937,20.19717463,2.181576195,0,0,30
2009-04-15,0.020423596,20.1694386,2.17741579,0,0,30
2009-04-16,0.020353391,20.14135651,2.173203476,0,0,30
2009-04-17,0.020282342,20.11293667,2.1689405,0,0,30
2009-04-18,0.020210469,20.08418749,2.164628124,0,0,30
2009-04-19,0.020137794,20.05511749,2.160267624,0,0,30
2009-04-20,0.020064338,20.02573527,2.15586029,0,0,30
2009-04-21,0.019990124,19.99604951,2.151407426,0,0,30
2009-04-22,0.019915172,19.966069,2.14691035,0,0,30
2009-04-23,0.019839507,19.93580262,2.142370393,0,0,30
2009-04-24,0.019763148,19.90525932,2.137788897,0,0,30
2009-04-25,0.01968612,19.87444813,2.13316722,0,0,30
2009-04-26,0.019608445,19.84337819,2.128506728,0,0,30
2009-04-27,0.019530147,19.81205867,2.123808801,0,0,30
2009-04-28,0.019451247,19.78049886,2.119074829,0,0,30
2009-04-29,0.01937177,19.74870808,2.114306212,0,0,30
2009-04-30,0.019291739,19.71669575,2.109504362,0,0,30
2009-05-01,0.01917557,19.67022786,2.102534179,0,0,30
2009-05-02,0.019094287,19.63771482,2.097657222,0,0,30
2009-05-03,0.019012533,19.60501306,2.092751959,0,0,30
2009-05-04,0.018930331,19.57213227,2.087819841,0,0,30
2009-05-05,0.018847705,19.53908218,2.082862328,0,0,30
2009-05-06,0.018764681,19.50587257,2.077880886,0,0,30
2009-05-07,0.018681283,19.47251326,2.072876989,0,0,30
2009-05-08,0.018597535,19.43901413,2.067852119,0,0,30
2009-05-09,0.018513463,19.40538508,2.062807762,0,0,30
2009-05-10,0.01842909,19.37163608,2.057745412,0,0,30
2009-05-11,0.018344443,19.3377771,2.052666565,0,0,30
2009-05-12,0.018259545,19.30381817,2.047572725,0,0,30
2009-05-13,0.018174423,19.26976933,2.0424654,0,0,30
2009-05-14,0.018089102,19.23564067,2.0373461,0,0,30
2009-05-15,0.018003606,19.20144227,2.032216341,0,0,30
2009-05-16,0.017917961,19.16718427,2.02707764,0,0,30
2009-05-17,0.017832192,19.13287679,2.021931518,0,0,30
2009-05-18,0.017746325,19.09852999,2.016779498,0,0,30
2009-05-19,0.017660385,19.06415403,2.011623105,0,0,30
2009-05-20,0.017574398,19.0297591,2.006463864,0,0,30
2009-05-21,0.017488388,18.99535535,2.001303302,0,0,30
2009-05-22,0.017402382,18.96095298,1.996142947,0,0,30
2009-05-23,0.017316405,18.92656216,1.990984324,0,0,30
2009-05-24,0.017230483,18.89219308,1.985828962,0,0,30
2009-05-25,0.01714464,18.85785589,1.980678384,0,0,30
2009-05-26,0.017058902,18.82356077,1.975534116,0,0,30
2009-05-27,0.016973295,18.78931787,1.97039768,0,0,30
2009-05-28,0.016887843,18.7551373,1.965270595,0,0,30
2009-05-29,0.016802573,18.72102919,1.960154379,0,0,30
2009-05-30,0.016717509,18.68700364,1.955050546,0,0,30
2009-05-31,0.016632677,18.65307071,1.949960606,0,0,30
2009-06-01,0.01659543,18.63817215,1.947725822,0,0,30
2009-06-02,0.016510976,18.60439022,1.942658533,0,0,30
2009-06-03,0.016426813,18.57072536,1.937608804,0,0,30
2009-06-04,0.016342969,18.53718753,1.93257813,0,0,30
2009-06-05,0.016259467,18.50378665,1.927567998,0,0,30
2009-06-06,0.016176332,18.47053262,1.922579892,0,0,30
2009-06-07,0.016093588,18.43743525,1.917615288,0,0,30
2009-06-08,0.016011261,18.40450436,1.912675655,0,0,30
2009-06-09,0.015929374,18.37174969,1.907762454,0,0,30
2009-06-10,0.015847952,18.33918093,1.902877139,0,0,30
2009-06-11,0.015767019,18.30680771,1.898021157,0,0,30
2009-06-12,0.015686599,18.27463962,1.893195944,0,0,30
2009-06-13,0.015606715,18.24268618,1.888402927,0,0,30
2009-06-14,0.015527392,18.21095684,1.883643526,0,0,30
2009-06-15,0.015448652,18.17946099,1.878919148,0,0,30
2009-06-16,0.01537052,18.14820795,1.874231192,0,0,30
2009-06-17,0.015293017,18.11720696,1.869581045,0,0,30
2009-06-18,0.015216168,18.08646721,1.864970082,0,0,30
2009-06-19,0.015139994,18.05599779,1.860399669,0,0,30
2009-06-20,0.015064519,18.02580772,1.855871158,0,0,30
2009-06-21,0.014989765,17.99590592,1.851385889,0,0,30
2009-06-22,0.014915753,17.96630126,1.846945188,0,0,30
2009-06-23,0.014842506,17.93700248,1.842550371,0,0,30
2009-06-24,0.014770046,17.90801825,1.838202738,0,0,30
2009-06-25,0.014698393,17.87935717,1.833903575,0,0,30
2009-06-26,0.014627569,17.8510277,1.829654154,0,0,30
2009-06-27,0.014557596,17.82303823,1.825455734,0,0,30
2009-06-28,0.014488493,17.79539704,1.821309555,0,0,30
2009-06-29,0.014420281,17.76811231,1.817216846,0,0,30
2009-06-30,0.01435298,17.74119212,1.813178817,0,0,30
2009-07-01,0.014257709,17.70308348,1.807462522,0,0,30
2009-07-02,0.014192715,17.67708596,1.803562894,0,0,30
2009-07-03,0.0141287,17.65147992,1.799721987,0,0,30
2009-07-04,0.014065682,17.62627292,1.795940938,0,0,30
2009-07-05,0.014003681,17.60147243,1.792220865,0,0,30
2009-07-06,0.013942714,17.57708579,1.788562868,0,0,30
2009-07-07,0.013882801,17.55312021,1.784968032,0,0,30
2009-07-08,0.013823957,17.52958279,1.781437418,0,0,30
2009-07-09,0.013766201,17.50648048,1.777972073,0,0,30
2009-07-10,0.01370955,17.48382014,1.774573021,0,0,30
2009-07-11,0.013654021,17.46160845,1.771241268,0,0,30
2009-07-12,0.01359963,17.439852,1.7679778,0,0,30
2009-07-13,0.013546393,17.41855723,1.764783584,0,0,30
2009-07-14,0.013494326,17.39773042,1.761659564,0,0,30
2009-07-15,0.013443444,17.37737776,1.758606664,0,0,30
2009-07-16,0.013393763,17.35750525,1.755625788,0,0,30
2009-07-17,0.013345297,17.33811879,1.752717818,0,0,30
2009-07-18,0.01329806,17.3192241,1.749883615,0,0,30
2009-07-19,0.013252067,17.30082678,1.747124017,0,0,30
2009-07-20,0.013207331,17.28293228,1.744439841,0,0,30
2009-07-21,0.013163865,17.26554588,1.741831882,0,0,30
2009-07-22,0.013121682,17.24867273,1.73930091,0,0,30
2009-07-23,0.013080795,17.23231783,1.736847675,0,0,30
2009-07-24,0.013041215,17.21648602,1.734472903,0,0,30
2009-07-25,0.013002955,17.20118198,1.732177297,0,0,30
2009-07-26,0.012966026,17.18641023,1.729961535,0,0,30
2009-07-27,0.012930438,17.17217516,1.727826274,0,0,30
2009-07-28,0.012896202,17.15848097,1.725772145,0,0,30
2009-07-29,0.012863329,17.14533171,1.723799757,0,0,30
2009-07-30,0.012831828,17.13273128,1.721909693,0,0,30
2009-07-31,0.012801709,17.12068341,1.720102511,0,0,30
2009-08-01,0.012788896,17.11555832,1.719333748,0,0,30
2009-08-02,0.012760781,17.10431234,1.717646852,0,0,30
2009-08-03,0.012734068,17.09362733,1.7160441,0,0,30
2009-08-04,0.012708766,17.08350645,1.714525967,0,0,30
2009-08-05,0.012684882,17.07395269,1.713092903,0,0,30
2009-08-06,0.012662422,17.06496887,1.711745331,0,0,30
2009-08-07,0.012641394,17.05655767,1.71048365,0,0,30
2009-08-08,0.012621804,17.04872155,1.709308233,0,0,30
2009-08-09,0.012603657,17.04146286,1.708219429,0,0,30
2009-08-10,0.012586959,17.03478372,1.707217558,0,0,30
2009-08-11,0.012571715,17.02868613,1.706302919,0,0,30
2009-08-12,0.01255793,17.02317188,1.705475781,0,0,30
2009-08-13,0.012545607,17.0182426,1.70473639,0,0,30
2009-08-14,0.012534749,17.01389976,1.704084964,0,0,30
2009-08-15,0.012525362,17.01014463,1.703521695,0,0,30
2009-08-16,0.012517446,17.00697834,1.703046751,0,0,30
2009-08-17,0.012511005,17.00440181,1.702660272,0,0,30
2009-08-18,0.01250604,17.00241582,1.702362373,0,0,30
2009-08-19,0.012502552,17.00102094,1.702153141,0,0,30
2009-08-20,0.012500544,17.00021759,1.702032639,0,0,30
2009-08-21,0.012500015,17.00000601,1.702000901,0,0,30
2009-08-22,0.012500966,17.00038626,1.702057939,0,0,30
2009-08-23,0.012503396,17.00135823,1.702203734,0,0,30
2009-08-24,0.012507304,17.00292162,1.702438243,0,0,30
2009-08-25,0.01251269,17.00507599,1.702761398,0,0,30
2009-08-26,0.012519552,17.00782068,1.703173102,0,0,30
2009-08-27,0.012527887,17.0111549,1.703673234,0,0,30
2009-08-28,0.012537694,17.01507764,1.704261646,0,0,30
2009-08-29,0.012548969,17.01958775,1.704938163,0,0,30
2009-08-30,0.01256171,17.0246839,1.705702586,0,0,30
2009-08-31,0.012575911,17.03036458,1.706554687,0,0,30
2009-09-01,0.012582622,17.03304883,1.706957325,0,0,30
2009-09-02,0.012598921,17.03956823,1.707935235,0,0,30
2009-09-03,0.012616669,17.04666776,1.709000164,0,0,30
2009-09-04,0.012635863,17.0543453,1.710151796,0,0,30
2009-09-05,0.012656497,17.0625986,1.71138979,0,0,30
2009-09-06,0.012678563,17.07142521,1.712713781,0,0,30
2009-09-07,0.012702056,17.08082251,1.714123376,0,0,30
2009-09-08,0.012726969,17.09078772,1.715618159,0,0,30
2009-09-09,0.012753295,17.10131791,1.717197686,0,0,30
2009-09-10,0.012781025,17.11240994,1.718861491,0,0,30
2009-09-11,0.012810151,17.12406054,1.720609082,0,0,30
2009-09-12,0.012840666,17.13626627,1.72243994,0,0,30
2009-09-13,0.012872559,17.1490235,1.724353525,0,0,30
2009-09-14,0.012905821,17.16232847,1.72634927,0,0,30
2009-09-15,0.012940443,17.17617723,1.728426584,0,0,30
2009-09-16,0.012976414,17.19056569,1.730584853,0,0,30
2009-09-17,0.013013724,17.20548959,1.732823438,0,0,30
2009-09-18,0.013052361,17.22094452,1.735141677,0,0,30
2009-09-19,0.013092315,17.23692589,1.737538884,0,0,30
2009-09-20,0.013133572,17.25342899,1.740014349,0,0,30
2009-09-21,0.013176122,17.27044893,1.742567339,0,0,30
2009-09-22,0.013219952,17.28798067,1.7451971,0,0,30
2009-09-23,0.013265048,17.30601902,1.747902853,0,0,30
2009-09-24,0.013311397,17.32455865,1.750683798,0,0,30
2009-09-25,0.013358985,17.34359407,1.753539111,0,0,30
2009-09-26,0.013407799,17.36311965,1.756467947,0,0,30
2009-09-27,0.013457824,17.38312961,1.759469441,0,0,30
2009-09-28,0.013509045,17.40361802,1.762542703,0,0,30
2009-09-29,0.013561447,17.42457883,1.765686824,0,0,30
2009-09-30,0.013615015,17.44600583,1.768900875,0,0,30
2009-10-01,0.013694167,17.47766692,1.773650038,0,0,30
2009-10-02,0.013750511,17.50020455,1.777030682,0,0,30
2009-10-03,0.013807965,17.52318599,1.780477898,0,0,30
2009-10-04,0.013866511,17.54660444,1.783990666,0,0,30
2009-10-05,0.013926132,17.57045298,1.787567947,0,0,30
2009-10-06,0.013986811,17.59472454,1.791208681,0,0,30
2009-10-07,0.01404853,17.61941195,1.794911792,0,0,30
2009-10-08,0.01411127,17.64450789,1.798676184,0,0,30
2009-10-09,0.014175012,17.67000495,1.802500742,0,0,30
2009-10-10,0.014239739,17.69589557,1.806384336,0,0,30
2009-10-11,0.01430543,17.7221721,1.810325815,0,0,30
2009-10-12,0.014372067,17.74882676,1.814324014,0,0,30
2009-10-13,0.014439629,17.77585166,1.81837775,0,0,30
2009-10-14,0.014508097,17.80323881,1.822485822,0,0,30
2009-10-15,0.01457745,17.8309801,1.826647015,0,0,30
2009-10-16,0.014647668,17.85906732,1.830860098,0,0,30
2009-10-17,0.01471873,17.88749216,1.835123824,0,0,30
2009-10-18,0.014790616,17.91624621,1.839436931,0,0,30
2009-10-19,0.014863302,17.94532096,1.843798143,0,0,30
2009-10-20,0.01493677,17.9747078,1.84820617,0,0,30
2009-10-21,0.015010995,18.00439805,1.852659707,0,0,30
2009-10-22,0.015085957,18.03438291,1.857157436,0,0,30
2009-10-23,0.015161634,18.06465351,1.861698026,0,0,30
2009-10-24,0.015238002,18.0952009,1.866280134,0,0,30
2009-10-25,0.01531504,18.12601603,1.870902404,0,0,30
2009-10-26,0.015392724,18.15708978,1.875563467,0,0,30
2009-10-27,0.015471032,18.18841297,1.880261946,0,0,30
2009-10-28,0.015549941,18.21997632,1.884996448,0,0,30
2009-10-29,0.015629426,18.25177049,1.889765574,0,0,30
2009-10-30,0.015709465,18.28378607,1.894567911,0,0,30
2009-10-31,0.015790034,18.3160136,1.89940204,0,0,30
2009-11-01,0.015825646,18.33025839,1.901538759,0,0,30
2009-11-02,0.015906936,18.36277434,1.906416151,0,0,30
2009-11-03,0.015988697,18.39547885,1.911321828,0,0,30
2009-11-04,0.016070906,18.42836225,1.916254338,0,0,30
2009-11-05,0.016153537,18.46141481,1.921212221,0,0,30
2009-11-06,0.016236567,18.49462674,1.926194011,0,0,30
2009-11-07,0.016319971,18.52798822,1.931198233,0,0,30
2009-11-08,0.016403723,18.56148937,1.936223406,0,0,30
2009-11-09,0.016487801,18.59512029,1.941268044,0,0,30
2009-11-10,0.016572178,18.62887102,1.946330653,0,0,30
2009-11-11,0.016656829,18.66273157,1.951409736,0,0,30
2009-11-12,0.01674173,18.69669193,1.956503789,0,0,30
2009-11-13,0.016826855,18.73074203,1.961611305,0,0,30
2009-11-14,0.01691218,18.76487182,1.966730773,0,0,30
2009-11-15,0.016997678,18.79907118,1.971860678,0,0,30
2009-11-16,0.017083325,18.83333001,1.976999501,0,0,30
2009-11-17,0.017169095,18.86763815,1.982145722,0,0,30
2009-11-18,0.017254964,18.90198546,1.987297819,0,0,30
2009-11-19,0.017340904,18.93636178,1.992454266,0,0,30
2009-11-20,0.017426892,18.97075692,1.997613538,0,0,30
2009-11-21,0.017512902,19.00516072,2.002774108,0,0,30
2009-11-22,0.017598907,19.03956299,2.007934449,0,0,30
2009-11-23,0.017684884,19.07395356,2.013093034,0,0,30
2009-11-24,0.017770806,19.10832224,2.018248336,0,0,30
2009-11-25,0.017856647,19.14265887,2.02339883,0,0,30
2009-11-26,0.017942383,19.17695328,2.028542992,0,0,30
2009-11-27,0.018027988,19.21119533,2.033679299,0,0,30
2009-11-28,0.018113437,19.24537488,2.038806232,0,0,30
2009-11-29,0.018198705,19.27948182,2.043922274,0,0,30
2009-11-30,0.018283765,19.31350606,2.049025909,0,0,30
2009-12-01,0.018405838,19.3623354,2.05635031,0,0,30
2009-12-02,0.018490289,19.39611564,2.061417346,0,0,30
2009-12-03,0.018574447,19.42977867,2.0664668,0,0,30
2009-12-04,0.018658286,19.46331452,2.071497178,0,0,30
2009-12-05,0.018741783,19.49671327,2.07650699,0,0,30
2009-12-06,0.018824913,19.52996503,2.081494754,0,0,30
2009-12-07,0.01890765,19.56305996,2.086458995,0,0,30
2009-12-08,0.018989971,19.59598828,2.091398242,0,0,30
2009-12-09,0.019071851,19.62874024,2.096311035,0,0,30
2009-12-10,0.019153265,19.66130614,2.101195921,0,0,30
2009-12-11,0.019234191,19.69367635,2.106051452,0,0,30
2009-12-12,0.019314603,19.72584129,2.110876193,0,0,30
2009-12-13,0.019394479,19.75779144,2.115668716,0,0,30
2009-12-14,0.019473793,19.78951735,2.120427602,0,0,30
2009-12-15,0.019552524,19.82100963,2.125151444,0,0,30
2009-12-16,0.019630647,19.85225895,2.129838843,0,0,30
2009-12-17,0.01970814,19.88325609,2.134488413,0,0,30
2009-12-18,0.01978498,19.91399185,2.139098777,0,0,30
2009-12-19,0.019861143,19.94445714,2.143668571,0,0,30
2009-12-20,0.019936607,19.97464296,2.148196444,0,0,30
2009-12-21,0.020011351,20.00454036,2.152681054,0,0,30
2009-12-22,0.020085351,20.03414051,2.157121076,0,0,30
2009-12-23,0.020158587,20.06343463,2.161515195,0,0,30
2009-12-24,0.020231035,20.09241407,2.165862111,0,0,30
2009-12-25,0.020302676,20.12107025,2.170160537,0,0,30
2009-12-26,0.020373487,20.14939468,2.174409202,0,0,30
2009-12-27,0.020443447,20.17737899,2.178606848,0,0,30
2009-12-28,0.020512537,20.20501489,2.182752233,0,0,30
2009-12-29,0.020580736,20.23229421,2.186844131,0,0,30
2009-12-30,0.020648022,20.25920887,2.190881331,0,0,30
2009-12-31,0.020714377,20.28575092,2.194862637,0,0,30
2010-01-01,0.020741309,20.29652362,2.196478543,0,0,30
2010-01-02,0.020806317,20.32252695,2.200379042,0,0,30
2010-01-03,0.020870347,20.34813892,2.204220838,0,0,30
2010-01-04,0.02093338,20.37335196,2.208002794,0,0,30
2010-01-05,0.020995397,20.3981586,2.21172379,0,0,30
2010-01-06,0.021056379,20.4225515,2.215382726,0,0,30
2010-01-07,0.021116309,20.44652345,2.218978518,0,0,30
2010-01-08,0.021175168,20.47006735,2.222510102,0,0,30
2010-01-09,0.021232941,20.49317623,2.225976434,0,0,30
2010-01-10,0.021289608,20.51584325,2.229376488,0,0,30
2010-01-11,0.021345154,20.53806172,2.232709258,0,0,30
2010-01-12,0.021399563,20.55982504,2.235973757,0,0,30
2010-01-13,0.021452817,20.58112679,2.239169019,0,0,30
2010-01-14,0.021504902,20.60196066,2.242294099,0,0,30
2010-01-15,0.021555801,20.62232048,2.245348073,0,0,30
2010-01-16,0.021605501,20.64220024,2.248330035,0,0,30
2010-01-17,0.021653985,20.66159403,2.251239105,0,0,30
2010-01-18,0.02170124,20.68049614,2.254074421,0,0,30
2010-01-19,0.021747252,20.69890096,2.256835144,0,0,30
2010-01-20,0.021792008,20.71680305,2.259520457,0,0,30
2010-01-21,0.021835493,20.7341971,2.262129566,0,0,30
2010-01-22,0.021877695,20.75107799,2.264661698,0,0,30
2010-01-23,0.021918602,20.76744069,2.267116104,0,0,30
2010-01-24,0.021958201,20.78328039,2.269492058,0,0,30
2010-01-25,0.021996481,20.79859238,2.271788857,0,0,30
2010-01-26,0.02203343,20.81337214,2.274005822,0,0,30
2010-01-27,0.022069038,20.8276153,2.276142295,0,0,30
2010-01-28,0.022103294,20.84131763,2.278197645,0,0,30
2010-01-29,0.022136188,20.85447509,2.280171264,0,0,30
2010-01-30,0.022167709,20.86708378,2.282062567,0,0,30
2010-01-31,0.02219785,20.87913997,2.283870996,0,0,30
2010-02-01,0.022210672,20.88426874,2.284640311,0,0,30
2010-02-02,0.022238808,20.8955231,2.286328465,0,0,30
2010-02-03,0.022265541,20.90621655,2.287932483,0,0,30
2010-02-04,0.022290865,20.91634592,2.289451888,0,0,30
2010-02-05,0.022314771,20.92590821,2.290886231,0,0,30
2010-02-06,0.022337251,20.93490059,2.292235089,0,0,30
2010-02-07,0.022358301,20.94332041,2.293498061,0,0,30
2010-02-08,0.022377913,20.95116516,2.294674775,0,0,30
2010-02-09,0.022396081,20.95843254,2.295764881,0,0,30
2010-02-10,0.022412801,20.96512038,2.296768057,0,0,30
2010-02-11,0.022428067,20.97122671,2.297684007,0,0,30
2010-02-12,0.022441874,20.97674973,2.298512459,0,0,30
2010-02-13,0.022454219,20.98168779,2.299253168,0,0,30
2010-02-14,0.022465099,20.98603944,2.299905916,0,0,30
2010-02-15,0.022474508,20.98980339,2.300470508,0,0,30
2010-02-16,0.022482446,20.99297852,2.300946778,0,0,30
2010-02-17,0.02248891,20.9955639,2.301334585,0,0,30
2010-02-18,0.022493897,20.99755876,2.301633814,0,0,30
2010-02-19,0.022497406,20.99896251,2.301844376,0,0,30
2010-02-20,0.022499437,20.99977473,2.30196621,0,0,30
2010-02-21,0.022499988,20.99999519,2.301999278,0,0,30
2010-02-22,0.02249906,20.99962382,2.301943573,0,0,30
2010-02-23,0.022496652,20.99866072,2.301799109,0,0,30
2010-02-24,0.022492765,20.9971062,2.301565929,0,0,30
2010-02-25,0.022487402,20.99496069,2.301244104,0,0,30
2010-02-26,0.022480562,20.99222485,2.300833727,0,0,30
2010-02-27,0.022472249,20.98889947,2.30033492,0,0,30
2010-02-28,0.022462464,20.98498554,2.299747832,0,0,30
2010-03-01,0.022417611,20.96704453,2.29705668,0,0,30
2010-03-02,0.022401335,20.96053385,2.296080077,0,0,30
2010-03-03,0.022383608,20.95344301,2.295016452,0,0,30
2010-03-04,0.022364435,20.94577412,2.293866118,0,0,30
2010-03-05,0.022343824,20.93752944,2.292629416,0,0,30
2010-03-06,0.022321779,20.92871142,2.291306712,0,0,30
2010-03-07,0.022298307,20.91932265,2.289898398,0,0,30
2010-03-08,0.022273415,20.90936594,2.28840489,0,0,30
2010-03-09,0.022247111,20.8988442,2.286826631,0,0,30
2010-03-10,0.022219401,20.88776057,2.285164086,0,0,30
2010-03-11,0.022190296,20.87611832,2.283417749,0,0,30
2010-03-12,0.022159802,20.8639209,2.281588135,0,0,30
2010-03-13,0.02212793,20.85117191,2.279675787,0,0,30
2010-03-14,0.022094688,20.83787514,2.27768127,0,0,30
2010-03-15,0.022060086,20.8240345,2.275605175,0,0,30
2010-03-16,0.022024135,20.8096541,2.273448116,0,0,30
2010-03-17,0.021986846,20.7947382,2.27121073,0,0,30
2010-03-18,0.021948228,20.77929121,2.268893681,0,0,30
2010-03-19,0.021908294,20.76331769,2.266497654,0,0,30
2010-03-20,0.021867056,20.74682239,2.264023358,0,0,30
2010-03-21,0.021824525,20.72981016,2.261471524,0,0,30
2010-03-22,0.021780715,20.71228606,2.258842909,0,0,30
2010-03-23,0.021735638,20.69425527,2.25613829,0,0,30
2010-03-24,0.021689308,20.67572312,2.253358468,0,0,30
2010-03-25,0.021641738,20.65669509,2.250504264,0,0,30
2010-03-26,0.021592942,20.63717683,2.247576524,0,0,30
2010-03-27,0.021542935,20.61717409,2.244576114,0,0,30
2010-03-28,0.021491732,20.59669281,2.241503922,0,0,30
2010-03-29,0.021439348,20.57573904,2.238360856,0,0,30
2010-03-30,0.021385797,20.55431899,2.235147848,0,0,30
2010-03-31,0.021331097,20.53243898,2.231865848,0,0,30
2010-04-01,0.021306669,20.52266773,2.23040016,0,0,30
2010-04-02,0.021250342,20.50013681,2.227020522,0,0,30
2010-04-03,0.021192905,20.47716198,2.223574297,0,0,30
2010-04-04,0.021134375,20.45375003,2.220062505,0,0,30
2010-04-05,0.02107477,20.42990789,2.216486184,0,0,30
2010-04-06,0.021014107,20.40564262,2.212846393,0,0,30
2010-04-07,0.020952403,20.3809614,2.20914421,0,0,30
2010-04-08,0.020889679,20.35587153,2.205380729,0,0,30
2010-04-09,0.020825951,20.33038043,2.201557065,0,0,30
2010-04-10,0.020761239,20.30449566,2.197674348,0,0,30
2010-04-11,0.020695562,20.27822486,2.193733729,0,0,30
2010-04-12,0.02062894,20.25157581,2.189736372,0,0,30
2010-04-13,0.020561391,20.22455641,2.185683461,0,0,30
2010-04-14,0.020492937,20.19717463,2.181576195,0,0,30
2010-04-15,0.020423596,20.1694386,2.17741579,0,0,30
2010-04-16,0.020353391,20.14135651,2.173203476,0,0,30
2010-04-17,0.020282342,20.11293667,2.1689405,0,0,30
2010-04-18,0.020210469,20.08418749,2.164628124,0,0,30
2010-04-19,0.020137794,20.05511749,2.160267624,0,0,30
2010-04-20,0.020064338,20.02573527,2.15586029,0,0,30
2010-04-21,0.019990124,19.99604951,2.151407426,0,0,30
2010-04-22,0.019915172,19.966069,2.14691035,0,0,30
2010-04-23,0.019839507,19.93580262,2.142370393,0,0,30
2010-04-24,0.019763148,19.90525932,2.137788897,0,0,30
2010-04-25,0.01968612,19.87444813,2.13316722,0,0,30
2010-04-26,0.019608445,19.84337819,2.128506728,0,0,30
2010-04-27,0.019530147,19.81205867,2.123808801,0,0,30
2010-04-28,0.019451247,19.78049886,2.119074829,0,0,30
2010-04-29,0.01937177,19.74870808,2.114306212,0,0,30
2010-04-30,0.019291739,19.71669575,2.109504362,0,0,30
2010-05-01,0.01917557,19.67022786,2.102534179,0,0,30
2010-05-02,0.019094287,19.63771482,2.097657222,0,0,30
2010-05-03,0.019012533,19.60501306,2.092751959,0,0,30
2010-05-04,0.018930331,19.57213227,2.087819841,0,0,30
2010-05-05,0.018847705,19.53908218,2.082862328,0,0,30
2010-05-06,0.018764681,19.50587257,2.077880886,0,0,30
2010-05-07,0.018681283,19.47251326,2.072876989,0,0,30
2010-05-08,0.018597535,19.43901413,2.067852119,0,0,30
2010-05-09,0.018513463,19.40538508,2.062807762,0,0,30
2010-05-10,0.01842909,19.37163608,2.057745412,0,0,30
2010-05-11,0.018344443,19.3377771,2.052666565,0,0,30
2010-05-12,0.018259545,19.30381817,2.047572725,0,0,30
2010-05-13,0.018174423,19.26976933,2.0424654,0,0,30
2010-05-14,0.018089102,19.23564067,2.0373461,0,0,30
2010-05-15,0.018003606,19.20144227,2.032216341,0,0,30
2010-05-16,0.017917961,19.16718427,2.02707764,0,0,30
2010-05-17,0.017832192,19.13287679,2.021931518,0,0,30
2010-05-18,0.017746325,19.09852999,2.016779498,0,0,30
2010-05-19,0.017660385,19.06415403,2.011623105,0,0,30
2010-05-20,0.017574398,19.0297591,2.006463864,0,0,30
2010-05-21,0.017488388,18.99535535,2.001303302,0,0,30
2010-05-22,0.017402382,18.96095298,1.996142947,0,0,30
2010-05-23,0.017316405,18.92656216,1.990984324,0,0,30
2010-05-24,0.017230483,18.89219308,1.985828962,0,0,30
2010-05-25,0.01714464,18.85785589,1.980678384,0,0,30
2010-05-26,0.017058902,18.82356077,1.975534116,0,0,30
2010-05-27,0.016973295,18.78931787,1.97039768,0,0,30
2010-05-28,0.016887843,18.7551373,1.965270595,0,0,30
2010-05-29,0.016802573,18.72102919,1.960154379,0,0,30
2010-05-30,0.016717509,18.68700364,1.955050546,0,0,30
2010-05-31,0.016632677,18.65307071,1.949960606,0,0,30
2010-06-01,0.01659543,18.63817215,1.947725822,0,0,30
2010-06-02,0.016510976,18.60439022,1.942658533,0,0,30
2010-06-03,0.016426813,18.57072536,1.937608804,0,0,30
2010-06-04,0.016342969,18.53718753,1.93257813,0,0,30
2010-06-05,0.016259467,18.50378665,1.927567998,0,0,30
2010-06-06,0.016176332,18.47053262,1.922579892,0,0,30
2010-06-07,0.016093588,18.43743525,1.917615288,0,0,30
2010-06-08,0.016011261,18.40450436,1.912675655,0,0,30
2010-06-09,0.015929374,18.37174969,1.907762454,0,0,30
2010-06-10,0.015847952,18.33918093,1.902877139,0,0,30
2010-06-11,0.015767019,18.30680771,1.898021157,0,0,30
2010-06-12,0.015686599,18.27463962,1.893195944,0,0,30
2010-06-13,0.015606715,18.24268618,1.888402927,0,0,30
2010-06-14,0.015527392,18.21095684,1.883643526,0,0,30
2010-06-15,0.015448652,18.17946099,1.878919148,0,0,30
2010-06-16,0.01537052,18.14820795,1.874231192,0,0,30
2010-06-17,0.015293017,18.11720696,1.869581045,0,0,30
2010-06-18,0.015216168,18.08646721,1.864970082,0,0,30
2010-06-19,0.015139994,18.05599779,1.860399669,0,0,30
2010-06-20,0.015064519,18.02580772,1.855871158,0,0,30
2010-06-21,0.014989765,17.99590592,1.851385889,0,0,30
2010-06-22,0.014915753,17.96630126,1.846945188,0,0,30
2010-06-23,0.014842506,17.93700248,1.842550371,0,0,30
2010-06-24,0.014770046,17.90801825,1.838202738,0,0,30
2010-06-25,0.014698393,17.87935717,1.833903575,0,0,30
2010-06-26,0.014627569,17.8510277,1.829654154,0,0,30
2010-06-27,0.014557596,17.82303823,1.825455734,0,0,30
2010-06-28,0.014488493,17.79539704,1.821309555,0,0,30
2010-06-29,0.014420281,17.76811231,1.817216846,0,0,30
2010-06-30,0.01435298,17.74119212,1.813178817,0,0,30
2010-07-01,0.014257709,17.70308348,1.807462522,0,0,30
2010-07-02,0.014192715,17.67708596,1.803562894,0,0,30
2010-07-03,0.0141287,17.65147992,1.799721987,0,0,30
2010-07-04,0.014065682,17.62627292,1.795940938,0,0,30
2010-07-05,0.014003681,17.60147243,1.792220865,0,0,30
2010-07-06,0.013942714,17.57708579,1.788562868,0,0,30
2010-07-07,0.013882801,17.55312021,1.784968032,0,0,30
2010-07-08,0.013823957,17.52958279,1.781437418,0,0,30
2010-07-09,0.013766201,17.50648048,1.777972073,0,0,30
2010-07-10,0.01370955,17.48382014,1.774573021,0,0,30
2010-07-11,0.013654021,17.46160845,1.771241268,0,0,30
2010-07-12,0.01359963,17.439852,1.7679778,0,0,30
2010-07-13,0.013546393,17.41855723,1.764783584,0,0,30
2010-07-14,0.013494326,17.39773042,1.761659564,0,0,30
2010-07-15,0.013443444,17.37737776,1.758606664,0,0,30
2010-07-16,0.013393763,17.35750525,1.755625788,0,0,30
2010-07-17,0.013345297,17.33811879,1.752717818,0,0,30
2010-07-18,0.01329806,17.3192241,1.749883615,0,0,30
2010-07-19,0.013252067,17.30082678,1.747124017,0,0,30
2010-07-20,0.013207331,17.28293228,1.744439841,0,0,30
2010-07-21,0.013163865,17.26554588,1.741831882,0,0,30
2010-07-22,0.013121682,17.24867273,1.73930091,0,0,30
2010-07-23,0.013080795,17.23231783,1.736847675,0,0,30
2010-07-24,0.013041215,17.21648602,1.734472903,0,0,30
2010-07-25,0.013002955,17.20118198,1.732177297,0,0,30
2010-07-26,0.012966026,17.18641023,1.729961535,0,0,30
2010-07-27,0.012930438,17.17217516,1.727826274,0,0,30
2010-07-28,0.012896202,17.15848097,1.725772145,0,0,30
2010-07-29,0.012863329,17.14533171,1.723799757,0,0,30
2010-07-30,0.012831828,17.13273128,1.721909693,0,0,30
2010-07-31,0.012801709,17.12068341,1.720102511,0,0,30
2010-08-01,0.012788896,17.11555832,1.719333748,0,0,30
2010-08-02,0.012760781,17.10431234,1.717646852,0,0,30
2010-08-03,0.012734068,17.09362733,1.7160441,0,0,30
2010-08-04,0.012708766,17.08350645,1.714525967,0,0,30
2010-08-05,0.012684882,17.07395269,1.713092903,0,0,30
2010-08-06,0.012662422,17.06496887,1.711745331,0,0,30
2010-08-07,0.012641394,17.05655767,1.71048365,0,0,30
2010-08-08,0.012621804,17.04872155,1.709308233,0,0,30
2010-08-09,0.012603657,17.04146286,1.708219429,0,0,30
2010-08-10,0.012586959,17.03478372,1.707217558,0,0,30
2010-08-11,0.012571715,17.02868613,1.706302919,0,0,30
2010-08-12,0.01255793,17.02317188,1.705475781,0,0,30
2010-08-13,0.012545607,17.0182426,1.70473639,0,0,30
2010-08-14,0.012534749,17.01389976,1.704084964,0,0,30
2010-08-15,0.012525362,17.01014463,1.703521695,0,0,30
2010-08-16,0.012517446,17.00697834,1.703046751,0,0,30
2010-08-17,0.012511005,17.00440181,1.702660272,0,0,30
2010-08-18,0.01250604,17.00241582,1.702362373,0,0,30
2010-08-19,0.012502552,17.00102094,1.702153141,0,0,30
2010-08-20,0.012500544,17.00021759,1.702032639,0,0,30
2010-08-21,0.012500015,17.00000601,1.702000901,0,0,30
2010-08-22,0.012500966,17.00038626,1.702057939,0,0,30
2010-08-23,0.012503396,17.00135823,1.702203734,0,0,30
2010-08-24,0.012507304,17.00292162,1.702438243,0,0,30
2010-08-25,0.01251269,17.00507599,1.702761398,0,0,30
2010-08-26,0.012519552,17.00782068,1.703173102,0,0,30
2010-08-27,0.012527887,17.0111549,1.703673234,0,0,30
2010-08-28,0.012537694,17.01507764,1.704261646,0,0,30
2010-08-29,0.012548969,17.01958775,1.704938163,0,0,30
2010-08-30,0.01256171,17.0246839,1.705702586,0,0,30
2010-08-31,0.012575911,17.03036458,1.706554687,0,0,30
2010-09-01,0.012582622,17.03304883,1.706957325,0,0,30
2010-09-02,0.012598921,17.03956823,1.707935235,0,0,30
2010-09-03,0.012616669,17.04666776,1.709000164,0,0,30
2010-09-04,0.012635863,17.0543453,1.710151796,0,0,30
2010-09-05,0.012656497,17.0625986,1.71138979,0,0,30
2010-09-06,0.012678563,17.07142521,1.712713781,0,0,30
2010-09-07,0.012702056,17.08082251,1.714123376,0,0,30
2010-09-08,0.012726969,17.09078772,1.715618159,0,0,30
2010-09-09,0.012753295,17.10131791,1.717197686,0,0,30
2010-09-10,0.012781025,17.11240994,1.718861491,0,0,30
2010-09-11,0.012810151,17.12406054,1.720609082,0,0,30
2010-09-12,0.012840666,17.13626627,1.72243994,0,0,30
2010-09-13,0.012872559,17.1490235,1.724353525,0,0,30
2010-09-14,0.012905821,17.16232847,1.72634927,0,0,30
2010-09-15,0.012940443,17.17617723,1.728426584,0,0,30
2010-09-16,0.012976414,17.19056569,1.730584853,0,0,30
2010-09-17,0.013013724,17.20548959,1.732823438,0,0,30
2010-09-18,0.013052361,17.22094452,1.735141677,0,0,30
2010-09-19,0.013092315,17.23692589,1.737538884,0,0,30
2010-09-20,0.013133572,17.25342899,1.740014349,0,0,30
2010-09-21,0.013176122,17.27044893,1.742567339,0,0,30
2010-09-22,0.013219952,17.28798067,1.7451971,0,0,30
2010-09-23,0.013265048,17.30601902,1.747902853,0,0,30
2010-09-24,0.013311397,17.32455865,1.750683798,0,0,30
2010-09-25,0.013358985,17.34359407,1.753539111,0,0,30
2010-09-26,0.013407799,17.36311965,1.756467947,0,0,30
2010-09-27,0.013457824,17.38312961,1.759469441,0,0,30
2010-09-28,0.013509045,17.40361802,1.762542703,0,0,30
2010-09-29,0.013561447,17.42457883,1.765686824,0,0,30
2010-09-30,0.013615015,17.44600583,1.768900875,0,0,30
2010-10-01,0.013694167,17.47766692,1.773650038,0,0,30
2010-10-02,0.013750511,17.50020455,1.777030682,0,0,30
2010-10-03,0.013807965,17.52318599,1.780477898,0,0,30
2010-10-04,0.013866511,17.54660444,1.783990666,0,0,30
2010-10-05,0.013926132,17.57045298,1.787567947,0,0,30
2010-10-06,0.013986811,17.59472454,1.791208681,0,0,30
2010-10-07,0.01404853,17.61941195,1.794911792,0,0,30
2010-10-08,0.01411127,17.64450789,1.798676184,0,0,30
2010-10-09,0.014175012,17.67000495,1.802500742,0,0,30
2010-10-10,0.014239739,17.69589557,1.806384336,0,0,30
2010-10-11,0.01430543,17.7221721,1.810325815,0,0,30
2010-10-12,0.014372067,17.74882676,1.814324014,0,0,30
2010-10-13,0.014439629,17.77585166,1.81837775,0,0,30
2010-10-14,0.014508097,17.80323881,1.822485822,0,0,30
2010-10-15,0.01457745,17.8309801,1.826647015,0,0,30
2010-10-16,0.014647668,17.85906732,1.830860098,0,0,30
2010-10-17,0.01471873,17.88749216,1.835123824,0,0,30
2010-10-18,0.014790616,17.91624621,1.839436931,0,0,30
2010-10-19,0.014863302,17.94532096,1.843798143,0,0,30
2010-10-20,0.01493677,17.9747078,1.84820617,0,0,30
2010-10-21,0.015010995,18.00439805,1.852659707,0,0,30
2010-10-22,0.015085957,18.03438291,1.857157436,0,0,30
2010-10-23,0.015161634,18.06465351,1.861698026,0,0,30
2010-10-24,0.015238002,18.0952009,1.866280134,0,0,30
2010-10-25,0.01531504,18.12601603,1.870902404,0,0,30
2010-10-26,0.015392724,18.15708978,1.875563467,0,0,30
2010-10-27,0.015471032,18.18841297,1.880261946,0,0,30
2010-10-28,0.015549941,18.21997632,1.884996448,0,0,30
2010-10-29,0.015629426,18.25177049,1.889765574,0,0,30
2010-10-30,0.015709465,18.28378607,1.894567911,0,0,30
2010-10-31,0.015790034,18.3160136,1.89940204,0,0,30
2010-11-01,0.015825646,18.33025839,1.901538759,0,0,30
2010-11-02,0.015906936,18.36277434,1.906416151,0,0,30
2010-11-03,0.015988697,18.39547885,1.911321828,0,0,30
2010-11-04,0.016070906,18.42836225,1.916254338,0,0,30
2010-11-05,0.016153537,18.46141481,1.921212221,0,0,30
2010-11-06,0.016236567,18.49462674,1.926194011,0,0,30
2010-11-07,0.016319971,18.52798822,1.931198233,0,0,30
2010-11-08,0.016403723,18.56148937,1.936223406,0,0,30
2010-11-09,0.016487801,18.59512029,1.941268044,0,0,30
2010-11-10,0.016572178,18.62887102,1.946330653,0,0,30
2010-11-11,0.016656829,18.66273157,1.951409736,0,0,30
2010-11-12,0.01674173,18.69669193,1.956503789,0,0,30
2010-11-13,0.016826855,18.73074203,1.961611305,0,0,30
2010-11-14,0.01691218,18.76487182,1.966730773,0,0,30
2010-11-15,0.016997678,18.79907118,1.971860678,0,0,30
2010-11-16,0.017083325,18.83333001,1.976999501,0,0,30
2010-11-17,0.017169095,18.86763815,1.982145722,0,0,30
2010-11-18,0.017254964,18.90198546,1.987297819,0,0,30
2010-11-19,0.017340904,18.93636178,1.992454266,0,0,30
2010-11-20,0.017426892,18.97075692,1.997613538,0,0,30
2010-11-21,0.017512902,19.00516072,2.002774108,0,0,30
2010-11-22,0.017598907,19.03956299,2.007934449,0,0,30
2010-11-23,0.017684884,19.07395356,2.013093034,0,0,30
2010-11-24,0.017770806,19.10832224,2.018248336,0,0,30
2010-11-25,0.017856647,19.14265887,2.02339883,0,0,30
2010-11-26,0.017942383,19.17695328,2.028542992,0,0,30
2010-11-27,0.018027988,19.21119533,2.033679299,0,0,30
2010-11-28,0.018113437,19.24537488,2.038806232,0,0,30
2010-11-29,0.018198705,19.27948182,2.043922274,0,0,30
2010-11-30,0.018283765,19.31350606,2.049025909,0,0,30
2010-12-01,0.018405838,19.3623354,2.05635031,0,0,30
2010-12-02,0.018490289,19.39611564,2.061417346,0,0,30
2010-12-03,0.018574447,19.42977867,2.0664668,0,0,30
2010-12-04,0.018658286,19.46331452,2.071497178,0,0,30
2010-12-05,0.018741783,19.49671327,2.07650699,0,0,30
2010-12-06,0.018824913,19.52996503,2.081494754,0,0,30
2010-12-07,0.01890765,19.56305996,2.086458995,0,0,30
2010-12-08,0.018989971,19.59598828,2.091398242,0,0,30
2010-12-09,0.019071851,19.62874024,2.096311035,0,0,30
2010-12-10,0.019153265,19.66130614,2.101195921,0,0,30
2010-12-11,0.019234191,19.69367635,2.106051452,0,0,30
2010-12-12,0.019314603,19.72584129,2.110876193,0,0,30
2010-12-13,0.019394479,19.75779144,2.115668716,0,0,30
2010-12-14,0.019473793,19.78951735,2.120427602,0,0,30
2010-12-15,0.019552524,19.82100963,2.125151444,0,0,30
2010-12-16,0.019630647,19.85225895,2.129838843,0,0,30
2010-12-17,0.01970814,19.88325609,2.134488413,0,0,30
2010-12-18,0.01978498,19.91399185,2.139098777,0,0,30
2010-12-19,0.019861143,19.94445714,2.143668571,0,0,30
2010-12-20,0.019936607,19.97464296,2.148196444,0,0,30
2010-12-21,0.020011351,20.00454036,2.152681054,0,0,30
2010-12-22,0.020085351,20.03414051,2.157121076,0,0,30
2010-12-23,0.020158587,20.06343463,2.161515195,0,0,30
2010-12-24,0.020231035,20.09241407,2.165862111,0,0,30
2010-12-25,0.020302676,20.12107025,2.170160537,0,0,30
2010-12-26,0.020373487,20.14939468,2.174409202,0,0,30
2010-12-27,0.020443447,20.17737899,2.178606848,0,0,30
2010-12-28,0.020512537,20.20501489,2.182752233,0,0,30
2010-12-29,0.020580736,20.23229421,2.186844131,0,0,30
2010-12-30,0.020648022,20.25920887,2.190881331,0,0,30
2010-12-31,0.020714377,20.28575092,2.194862637,0,0,30
2011-01-01,0.020741309,20.29652362,2.196478543,0,0,30
2011-01-02,0.020806317,20.32252695,2.200379042,0,0,30
2011-01-03,0.020870347,20.34813892,2.204220838,0,0,30
2011-01-04,0.02093338,20.37335196,2.208002794,0,0,30
2011-01-05,0.020995397,20.3981586,2.21172379,0,0,30
2011-01-06,0.021056379,20.4225515,2.215382726,0,0,30
2011-01-07,0.021116309,20.44652345,2.218978518,0,0,30
2011-01-08,0.021175168,20.47006735,2.222510102,0,0,30
2011-01-09,0.021232941,20.49317623,2.225976434,0,0,30
2011-01-10,0.021289608,20.51584325,2.229376488,0,0,30
2011-01-11,0.021345154,20.53806172,2.232709258,0,0,30
2011-01-12,0.021399563,20.55982504,2.235973757,0,0,30
2011-01-13,0.021452817,20.58112679,2.239169019,0,0,30
2011-01-14,0.021504902,20.60196066,2.242294099,0,0,30
2011-01-15,0.021555801,20.62232048,2.245348073,0,0,30
2011-01-16,0.021605501,20.64220024,2.248330035,0,0,30
2011-01-17,0.021653985,20.66159403,2.251239105,0,0,30
2011-01-18,0.02170124,20.68049614,2.254074421,0,0,30
2011-01-19,0.021747252,20.69890096,2.256835144,0,0,30
2011-01-20,0.021792008,20.71680305,2.259520457,0,0,30
2011-01-21,0.021835493,20.7341971,2.262129566,0,0,30
2011-01-22,0.021877695,20.75107799,2.264661698,0,0,30
2011-01-23,0.021918602,20.76744069,2.267116104,0,0,30
2011-01-24,0.021958201,20.78328039,2.269492058,0,0,30
2011-01-25,0.021996481,20.79859238,2.271788857,0,0,30
2011-01-26,0.02203343,20.81337214,2.274005822,0,0,30
2011-01-27,0.022069038,20.8276153,2.276142295,0,0,30
2011-01-28,0.022103294,20.84131763,2.278197645,0,0,30
2011-01-29,0.022136188,20.85447509,2.280171264,0,0,30
2011-01-30,0.022167709,20.86708378,2.282062567,0,0,30
2011-01-31,0.02219785,20.87913997,2.283870996,0,0,30
2011-02-01,0.022210672,20.88426874,2.284640311,0,0,30
2011-02-02,0.022238808,20.8955231,2.286328465,0,0,30
2011-02-03,0.022265541,20.90621655,2.287932483,0,0,30
2011-02-04,0.022290865,20.91634592,2.289451888,0,0,30
2011-02-05,0.022314771,20.92590821,2.290886231,0,0,30
2011-02-06,0.022337251,20.93490059,2.292235089,0,0,30
2011-02-07,0.022358301,20.94332041,2.293498061,0,0,30
2011-02-08,0.022377913,20.95116516,2.294674775,0,0,30
2011-02-09,0.022396081,20.95843254,2.295764881,0,0,30
2011-02-10,0.022412801,20.96512038,2.296768057,0,0,30
2011-02-11,0.022428067,20.97122671,2.297684007,0,0,30
2011-02-12,0.022441874,20.97674973,2.298512459,0,0,30
2011-02-13,0.022454219,20.98168779,2.299253168,0,0,30
2011-02-14,0.022465099,20.98603944,2.299905916,0,0,30
2011-02-15,0.022474508,20.98980339,2.300470508,0,0,30
2011-02-16,0.022482446,20.99297852,2.300946778,0,0,30
2011-02-17,0.02248891,20.9955639,2.301334585,0,0,30
2011-02-18,0.022493897,20.99755876,2.301633814,0,0,30
2011-02-19,0.022497406,20.99896251,2.301844376,0,0,30
2011-02-20,0.022499437,20.99977473,2.30196621,0,0,30
2011-02-21,0.022499988,20.99999519,2.301999278,0,0,30
2011-02-22,0.02249906,20.99962382,2.301943573,0,0,30
2011-02-23,0.022496652,20.99866072,2.301799109,0,0,30
2011-02-24,0.022492765,20.9971062,2.301565929,0,0,30
2011-02-25,0.022487402,20.99496069,2.301244104,0,0,30
2011-02-26,0.022480562,20.99222485,2.300833727,0,0,30
2011-02-27,0.022472249,20.98889947,2.30033492,0,0,30
2011-02-28,0.022462464,20.98498554,2.299747832,0,0,30
2011-03-01,0.022417611,20.96704453,2.29705668,0,0,30
2011-03-02,0.022401335,20.96053385,2.296080077,0,0,30
2011-03-03,0.022383608,20.95344301,2.295016452,0,0,30
2011-03-04,0.022364435,20.94577412,2.293866118,0,0,30
2011-03-05,0.022343824,20.93752944,2.292629416,0,0,30
2011-03-06,0.022321779,20.92871142,2.291306712,0,0,30
2011-03-07,0.022298307,20.91932265,2.289898398,0,0,30
2011-03-08,0.022273415,20.90936594,2.28840489,0,0,30
2011-03-09,0.022247111,20.8988442,2.286826631,0,0,30
2011-03-10,0.022219401,20.88776057,2.285164086,0,0,30
2011-03-11,0.022190296,20.87611832,2.283417749,0,0,30
2011-03-12,0.022159802,20.8639209,2.281588135,0,0,30
2011-03-13,0.02212793,20.85117191,2.279675787,0,0,30
2011-03-14,0.022094688,20.83787514,2.27768127,0,0,30
2011-03-15,0.022060086,20.8240345,2.275605175,0,0,30
2011-03-16,0.022024135,20.8096541,2.273448116,0,0,30
2011-03-17,0.021986846,20.7947382,2.27121073,0,0,30
2011-03-18,0.021948228,20.77929121,2.268893681,0,0,30
2011-03-19,0.021908294,20.76331769,2.266497654,0,0,30
2011-03-20,0.021867056,20.74682239,2.264023358,0,0,30
2011-03-21,0.021824525,20.72981016,2.261471524,0,0,30
2011-03-22,0.021780715,20.71228606,2.258842909,0,0,30
2011-03-23,0.021735638,20.69425527,2.25613829,0,0,30
2011-03-24,0.021689308,20.67572312,2.253358468,0,0,30
2011-03-25,0.021641738,20.65669509,2.250504264,0,0,30
2011-03-26,0.021592942,20.63717683,2.247576524,0,0,30
2011-03-27,0.021542935,20.61717409,2.244576114,0,0,30
2011-03-28,0.021491732,20.59669281,2.241503922,0,0,30
2011-03-29,0.021439348,20.57573904,2.238360856,0,0,30
2011-03-30,0.021385797,20.55431899,2.235147848,0,0,30
2011-03-31,0.021331097,20.53243898,2.231865848,0,0,30
2011-04-01,0.021306669,20.52266773,2.23040016,0,0,30
2011-04-02,0.021250342,20.50013681,2.227020522,0,0,30
2011-04-03,0.021192905,20.47716198,2.223574297,0,0,30
2011-04-04,0.021134375,20.45375003,2.220062505,0,0,30
2011-04-05,0.02107477,20.42990789,2.216486184,0,0,30
2011-04-06,0.021014107,20.40564262,2.212846393,0,0,30
2011-04-07,0.020952403,20.3809614,2.20914421,0,0,30
2011-04-08,0.020889679,20.35587153,2.205380729,0,0,30
2011-04-09,0.020825951,20.33038043,2.201557065,0,0,30
2011-04-10,0.020761239,20.30449566,2.197674348,0,0,30
2011-04-11,0.020695562,20.27822486,2.193733729,0,0,30
2011-04-12,0.02062894,20.25157581,2.189736372,0,0,30
2011-04-13,0.020561391,20.22455641,2.185683461,0,0,30
2011-04-14,0.020492937,20.19717463,2.181576195,0,0,30
2011-04-15,0.020423596,20.1694386,2.17741579,0,0,30
2011-04-16,0.020353391,20.14135651,2.173203476,0,0,30
2011-04-17,0.020282342,20.11293667,2.1689405,0,0,30
2011-04-18,0.020210469,20.08418749,2.164628124,0,0,30
2011-04-19,0.020137794,20.05511749,2.160267624,0,0,30
2011-04-20,0.020064338,20.02573527,2.15586029,0,0,30
2011-04-21,0.019990124,19.99604951,2.151407426,0,0,30
2011-04-22,0.019915172,19.966069,2.14691035,0,0,30
2011-04-23,0.019839507,19.93580262,2.142370393,0,0,30
2011-04-24,0.019763148,19.90525932,2.137788897,0,0,30
2011-04-25,0.01968612,19.87444813,2.13316722,0,0,30
2011-04-26,0.019608445,19.84337819,2.128506728,0,0,30
2011-04-27,0.019530147,19.81205867,2.123808801,0,0,30
2011-04-28,0.019451247,19.78049886,2.119074829,0,0,30
2011-04-29,0.01937177,19.74870808,2.114306212,0,0,30
2011-04-30,0.019291739,19.71669575,2.109504362,0,0,30
2011-05-01,0.01917557,19.67022786,2.102534179,0,0,30
2011-05-02,0.019094287,19.63771482,2.097657222,0,0,30
2011-05-03,0.019012533,19.60501306,2.092751959,0,0,30
2011-05-04,0.018930331,19.57213227,2.087819841,0,0,30
2011-05-05,0.018847705,19.53908218,2.082862328,0,0,30
2011-05-06,0.018764681,19.50587257,2.077880886,0,0,30
2011-05-07,0.018681283,19.47251326,2.072876989,0,0,30
2011-05-08,0.018597535,19.43901413,2.067852119,0,0,30
2011-05-09,0.018513463,19.40538508,2.062807762,0,0,30
2011-05-10,0.01842909,19.37163608,2.057745412,0,0,30
2011-05-11,0.018344443,19.3377771,2.052666565,0,0,30
2011-05-12,0.018259545,19.30381817,2.047572725,0,0,30
2011-05-13,0.018174423,19.26976933,2.0424654,0,0,30
2011-05-14,0.018089102,19.23564067,2.0373461,0,0,30
2011-05-15,0.018003606,19.20144227,2.032216341,0,0,30
2011-05-16,0.017917961,19.16718427,2.02707764,0,0,30
2011-05-17,0.017832192,19.13287679,2.021931518,0,0,30
2011-05-18,0.017746325,19.09852999,2.016779498,0,0,30
2011-05-19,0.017660385,19.06415403,2.011623105,0,0,30
2011-05-20,0.017574398,19.0297591,2.006463864,0,0,30
2011-05-21,0.017488388,18.99535535,2.001303302,0,0,30
2011-05-22,0.017402382,18.96095298,1.996142947,0,0,30
2011-05-23,0.017316405,18.92656216,1.990984324,0,0,30
2011-05-24,0.017230483,18.89219308,1.985828962,0,0,30
2011-05-25,0.01714464,18.85785589,1.980678384,0,0,30
2011-05-26,0.017058902,18.82356077,1.975534116,0,0,30
2011-05-27,0.016973295,18.78931787,1.97039768,0,0,30
2011-05-28,0.016887843,18.7551373,1.965270595,0,0,30
2011-05-29,0.016802573,18.72102919,1.960154379,0,0,30
2011-05-30,0.016717509,18.68700364,1.955050546,0,0,30
2011-05-31,0.016632677,18.65307071,1.949960606,0,0,30
2011-06-01,0.01659543,18.63817215,1.947725822,0,0,30
2011-06-02,0.016510976,18.60439022,1.942658533,0,0,30
2011-06-03,0.016426813,18.57072536,1.937608804,0,0,30
2011-06-04,0.016342969,18.53718753,1.93257813,0,0,30
2011-06-05,0.016259467,18.50378665,1.927567998,0,0,30
2011-06-06,0.016176332,18.47053262,1.922579892,0,0,30
2011-06-07,0.016093588,18.43743525,1.917615288,0,0,30
2011-06-08,0.016011261,18.40450436,1.912675655,0,0,30
2011-06-09,0.015929374,18.37174969,1.907762454,0,0,30
2011-06-10,0.015847952,18.33918093,1.902877139,0,0,30
2011-06-11,0.015767019,18.30680771,1.898021157,0,0,30
2011-06-12,0.015686599,18.27463962,1.893195944,0,0,30
2011-06-13,0.015606715,18.24268618,1.888402927,0,0,30
2011-06-14,0.015527392,18.21095684,1.883643526,0,0,30
2011-06-15,0.015448652,18.17946099,1.878919148,0,0,30
2011-06-16,0.01537052,18.14820795,1.874231192,0,0,30
2011-06-17,0.015293017,18.11720696,1.869581045,0,0,30
2011-06-18,0.015216168,18.08646721,1.864970082,0,0,30
2011-06-19,0.015139994,18.05599779,1.860399669,0,0,30
2011-06-20,0.015064519,18.02580772,1.855871158,0,0,30
2011-06-21,0.014989765,17.99590592,1.851385889,0,0,30
2011-06-22,0.014915753,17.96630126,1.846945188,0,0,30
2011-06-23,0.014842506,17.93700248,1.842550371,0,0,30
2011-06-24,0.014770046,17.90801825,1.838202738,0,0,30
2011-06-25,0.014698393,17.87935717,1.833903575,0,0,30
2011-06-26,0.014627569,17.8510277,1.829654154,0,0,30
2011-06-27,0.014557596,17.82303823,1.825455734,0,0,30
2011-06-28,0.014488493,17.79539704,1.821309555,0,0,30
2011-06-29,0.014420281,17.76811231,1.817216846,0,0,30
2011-06-30,0.01435298,17.74119212,1.813178817,0,0,30
2011-07-01,0.014257709,17.70308348,1.807462522,0,0,30
2011-07-02,0.014192715,17.67708596,1.803562894,0,0,30
2011-07-03,0.0141287,17.65147992,1.799721987,0,0,30
2011-07-04,0.014065682,17.62627292,1.795940938,0,0,30
2011-07-05,0.014003681,17.60147243,1.792220865,0,0,30
2011-07-06,0.013942714,17.57708579,1.788562868,0,0,30
2011-07-07,0.013882801,17.55312021,1.784968032,0,0,30
2011-07-08,0.013823957,17.52958279,1.781437418,0,0,30
2011-07-09,0.013766201,17.50648048,1.777972073,0,0,30
2011-07-10,0.01370955,17.48382014,1.774573021,0,0,30
2011-07-11,0.013654021,17.46160845,1.771241268,0,0,30
2011-07-12,0.01359963,17.439852,1.7679778,0,0,30
2011-07-13,0.013546393,17.41855723,1.764783584,0,0,30
2011-07-14,0.013494326,17.39773042,1.761659564,0,0,30
2011-07-15,0.013443444,17.37737776,1.758606664,0,0,30
2011-07-16,0.013393763,17.35750525,1.755625788,0,0,30
2011-07-17,0.013345297,17.33811879,1.752717818,0,0,30
2011-07-18,0.01329806,17.3192241,1.749883615,0,0,30
2011-07-19,0.013252067,17.30082678,1.747124017,0,0,30
2011-07-20,0.013207331,17.28293228,1.744439841,0,0,30
2011-07-21,0.013163865,17.26554588,1.741831882,0,0,30
2011-07-22,0.013121682,17.24867273,1.73930091,0,0,30
2011-07-23,0.013080795,17.23231783,1.736847675,0,0,30
2011-07-24,0.013041215,17.21648602,1.734472903,0,0,30
2011-07-25,0.013002955,17.20118198,1.732177297,0,0,30
2011-07-26,0.012966026,17.18641023,1.729961535,0,0,30
2011-07-27,0.012930438,17.17217516,1.727826274,0,0,30
2011-07-28,0.012896202,17.15848097,1.725772145,0,0,30
2011-07-29,0.012863329,17.14533171,1.723799757,0,0,30
2011-07-30,0.012831828,17.13273128,1.721909693,0,0,30
2011-07-31,0.012801709,17.12068341,1.720102511,0,0,30
2011-08-01,0.012788896,17.11555832,1.719333748,0,0,30
2011-08-02,0.012760781,17.10431234,1.717646852,0,0,30
2011-08-03,0.012734068,17.09362733,1.7160441,0,0,30
2011-08-04,0.012708766,17.08350645,1.714525967,0,0,30
2011-08-05,0.012684882,17.07395269,1.713092903,0,0,30
2011-08-06,0.012662422,17.06496887,1.711745331,0,0,30
2011-08-07,0.012641394,17.05655767,1.71048365,0,0,30
2011-08-08,0.012621804,17.04872155,1.709308233,0,0,30
2011-08-09,0.012603657,17.04146286,1.708219429,0,0,30
2011-08-10,0.012586959,17.03478372,1.707217558,0,0,30
2011-08-11,0.012571715,17.02868613,1.706302919,0,0,30
2011-08-12,0.01255793,17.02317188,1.705475781,0,0,30
2011-08-13,0.012545607,17.0182426,1.70473639,0,0,30
2011-08-14,0.012534749,17.01389976,1.704084964,0,0,30
2011-08-15,0.012525362,17.01014463,1.703521695,0,0,30
2011-08-16,0.012517446,17.00697834,1.703046751,0,0,30
2011-08-17,0.012511005,17.00440181,1.702660272,0,0,30
2011-08-18,0.01250604,17.00241582,1.702362373,0,0,30
2011-08-19,0.012502552,17.00102094,1.702153141,0,0,30
2011-08-20,0.012500544,17.00021759,1.702032639,0,0,30
2011-08-21,0.012500015,17.00000601,1.702000901,0,0,30
2011-08-22,0.012500966,17.00038626,1.702057939,0,0,30
2011-08-23,0.012503396,17.00135823,1.702203734,0,0,30
2011-08-24,0.012507304,17.00292162,1.702438243,0,0,30
2011-08-25,0.01251269,17.00507599,1.702761398,0,0,30
2011-08-26,0.012519552,17.00782068,1.703173102,0,0,30
2011-08-27,0.012527887,17.0111549,1.703673234,0,0,30
2011-08-28,0.012537694,17.01507764,1.704261646,0,0,30
2011-08-29,0.012548969,17.01958775,1.704938163,0,0,30
2011-08-30,0.01256171,17.0246839,1.705702586,0,0,30
2011-08-31,0.012575911,17.03036458,1.706554687,0,0,30
2011-09-01,0.012582622,17.03304883,1.706957325,0,0,30
2011-09-02,0.012598921,17.03956823,1.707935235,0,0,30
2011-09-03,0.012616669,17.04666776,1.709000164,0,0,30
2011-09-04,0.012635863,17.0543453,1.710151796,0,0,30
2011-09-05,0.012656497,17.0625986,1.71138979,0,0,30
2011-09-06,0.012678563,17.07142521,1.712713781,0,0,30
2011-09-07,0.012702056,17.08082251,1.714123376,0,0,30
2011-09-08,0.012726969,17.09078772,1.715618159,0,0,30
2011-09-09,0.012753295,17.10131791,1.717197686,0,0,30
2011-09-10,0.012781025,17.11240994,1.718861491,0,0,30
2011-09-11,0.012810151,17.12406054,1.720609082,0,0,30
2011-09-12,0.012840666,17.13626627,1.72243994,0,0,30
2011-09-13,0.012872559,17.1490235,1.724353525,0,0,30
2011-09-14,0.012905821,17.16232847,1.72634927,0,0,30
2011-09-15,0.012940443,17.17617723,1.728426584,0,0,30
2011-09-16,0.012976414,17.19056569,1.730584853,0,0,30
2011-09-17,0.013013724,17.20548959,1.732823438,0,0,30
2011-09-18,0.013052361,17.22094452,1.735141677,0,0,30
2011-09-19,0.013092315,17.23692589,1.737538884,0,0,30
2011-09-20,0.013133572,17.25342899,1.740014349,0,0,30
2011-09-21,0.013176122,17.27044893,1.742567339,0,0,30
2011-09-22,0.013219952,17.28798067,1.7451971,0,0,30
2011-09-23,0.013265048,17.30601902,1.747902853,0,0,30
2011-09-24,0.013311397,17.32455865,1.750683798,0,0,30
2011-09-25,0.013358985,17.34359407,1.753539111,0,0,30
2011-09-26,0.013407799,17.36311965,1.756467947,0,0,30
2011-09-27,0.013457824,17.38312961,1.759469441,0,0,30
2011-09-28,0.013509045,17.40361802,1.762542703,0,0,30
2011-09-29,0.013561447,17.42457883,1.765686824,0,0,30
2011-09-30,0.013615015,17.44600583,1.768900875,0,0,30
2011-10-01,0.013694167,17.47766692,1.773650038,0,0,30
2011-10-02,0.013750511,17.50020455,1.777030682,0,0,30
2011-10-03,0.013807965,17.52318599,1.780477898,0,0,30
2011-10-04,0.013866511,17.54660444,1.783990666,0,0,30
2011-10-05,0.013926132,17.57045298,1.787567947,0,0,30
2011-10-06,0.013986811,17.59472454,1.791208681,0,0,30
2011-10-07,0.01404853,17.61941195,1.794911792,0,0,30
2011-10-08,0.01411127,17.64450789,1.798676184,0,0,30
2011-10-09,0.014175012,17.67000495,1.802500742,0,0,30
2011-10-10,0.014239739,17.69589557,1.806384336,0,0,30
2011-10-11,0.01430543,17.7221721,1.810325815,0,0,30
2011-10-12,0.014372067,17.74882676,1.814324014,0,0,30
2011-10-13,0.014439629,17.77585166,1.81837775,0,0,30
2011-10-14,0.014508097,17.80323881,1.822485822,0,0,30
2011-10-15,0.01457745,17.8309801,1.826647015,0,0,30
2011-10-16,0.014647668,17.85906732,1.830860098,0,0,30
2011-10-17,0.01471873,17.88749216,1.835123824,0,0,30
2011-10-18,0.014790616,17.91624621,1.839436931,0,0,30
2011-10-19,0.014863302,17.94532096,1.843798143,0,0,30
2011-10-20,0.01493677,17.9747078,1.84820617,0,0,30
2011-10-21,0.015010995,18.00439805,1.852659707,0,0,30
2011-10-22,0.015085957,18.03438291,1.857157436,0,0,30
2011-10-23,0.015161634,18.06465351,1.861698026,0,0,30
2011-10-24,0.015238002,18.0952009,1.866280134,0,0,30
2011-10-25,0.01531504,18.12601603,1.870902404,0,0,30
2011-10-26,0.015392724,18.15708978,1.875563467,0,0,30
2011-10-27,0.015471032,18.18841297,1.880261946,0,0,30
2011-10-28,0.015549941,18.21997632,1.884996448,0,0,30
2011-10-29,0.015629426,18.25177049,1.889765574,0,0,30
2011-10-30,0.015709465,18.28378607,1.894567911,0,0,30
2011-10-31,0.015790034,18.3160136,1.89940204,0,0,30
2011-11-01,0.015825646,18.33025839,1.901538759,0,0,30
2011-11-02,0.015906936,18.36277434,1.906416151,0,0,30
2011-11-03,0.015988697,18.39547885,1.911321828,0,0,30
2011-11-04,0.016070906,18.42836225,1.916254338,0,0,30
2011-11-05,0.016153537,18.46141481,1.921212221,0,0,30
2011-11-06,0.016236567,18.49462674,1.926194011,0,0,30
2011-11-07,0.016319971,18.52798822,1.931198233,0,0,30
2011-11-08,0.016403723,18.56148937,1.936223406,0,0,30
2011-11-09,0.016487801,18.59512029,1.941268044,0,0,30
2011-11-10,0.016572178,18.62887102,1.946330653,0,0,30
2011-11-11,0.016656829,18.66273157,1.951409736,0,0,30
2011-11-12,0.01674173,18.69669193,1.956503789,0,0,30
2011-11-13,0.016826855,18.73074203,1.961611305,0,0,30
2011-11-14,0.01691218,18.76487182,1.966730773,0,0,30
2011-11-15,0.016997678,18.79907118,1.971860678,0,0,30
2011-11-16,0.017083325,18.83333001,1.976999501,0,0,30
2011-11-17,0.017169095,18.86763815,1.982145722,0,0,30
2011-11-18,0.017254964,18.90198546,1.987297819,0,0,30
2011-11-19,0.017340904,18.93636178,1.992454266,0,0,30
2011-11-20,0.017426892,18.97075692,1.997613538,0,0,30
2011-11-21,0.017512902,19.00516072,2.002774108,0,0,30
2011-11-22,0.017598907,19.03956299,2.007934449,0,0,30
2011-11-23,0.017684884,19.07395356,2.013093034,0,0,30
2011-11-24,0.017770806,19.10832224,2.018248336,0,0,30
2011-11-25,0.017856647,19.14265887,2.02339883,0,0,30
2011-11-26,0.017942383,19.17695328,2.028542992,0,0,30
2011-11-27,0.018027988,19.21119533,2.033679299,0,0,30
2011-11-28,0.018113437,19.24537488,2.038806232,0,0,30
2011-11-29,0.018198705,19.27948182,2.043922274,0,0,30
2011-11-30,0.018283765,19.31350606,2.049025909,0,0,30
2011-12-01,0.018405838,19.3623354,2.05635031,0,0,30
2011-12-02,0.018490289,19.39611564,2.061417346,0,0,30
2011-12-03,0.018574447,19.42977867,2.0664668,0,0,30
2011-12-04,0.018658286,19.46331452,2.071497178,0,0,30
2011-12-05,0.018741783,19.49671327,2.07650699,0,0,30
2011-12-06,0.018824913,19.52996503,2.081494754,0,0,30
2011-12-07,0.01890765,19.56305996,2.086458995,0,0,30
2011-12-08,0.018989971,19.59598828,2.091398242,0,0,30
2011-12-09,0.019071851,19.62874024,2.096311035,0,0,30
2011-12-10,0.019153265,19.66130614,2.101195921,0,0,30
2011-12-11,0.019234191,19.69367635,2.106051452,0,0,30
2011-12-12,0.019314603,19.72584129,2.110876193,0,0,30
2011-12-13,0.019394479,19.75779144,2.115668716,0,0,30
2011-12-14,0.019473793,19.78951735,2.120427602,0,0,30
2011-12-15,0.019552524,19.82100963,2.125151444,0,0,30
2011-12-16,0.019630647,19.85225895,2.129838843,0,0,30
2011-12-17,0.01970814,19.88325609,2.134488413,0,0,30
2011-12-18,0.01978498,19.91399185,2.139098777,0,0,30
2011-12-19,0.019861143,19.94445714,2.143668571,0,0,30
2011-12-20,0.019936607,19.97464296,2.148196444,0,0,30
2011-12-21,0.020011351,20.00454036,2.152681054,0,0,30
2011-12-22,0.020085351,20.03414051,2.157121076,0,0,30
2011-12-23,0.020158587,20.06343463,2.161515195,0,0,30
2011-12-24,0.020231035,20.09241407,2.165862111,0,0,30
2011-12-25,0.020302676,20.12107025,2.170160537,0,0,30
2011-12-26,0.020373487,20.14939468,2.174409202,0,0,30
2011-12-27,0.020443447,20.17737899,2.178606848,0,0,30
2011-12-28,0.020512537,20.20501489,2.182752233,0,0,30
2011-12-29,0.020580736,20.23229421,2.186844131,0,0,30
2011-12-30,0.020648022,20.25920887,2.190881331,0,0,30
2011-12-31,0.020714377,20.28575092,2.194862637,0,0,30
2012-01-01,0.020741309,20.29652362,2.196478543,0,0,30
2012-01-02,0.020806317,20.32252695,2.200379042,0,0,30
2012-01-03,0.020870347,20.34813892,2.204220838,0,0,30
2012-01-04,0.02093338,20.37335196,2.208002794,0,0,30
2012-01-05,0.020995397,20.3981586,2.21172379,0,0,30
2012-01-06,0.021056379,20.4225515,2.215382726,0,0,30
2012-01-07,0.021116309,20.44652345,2.218978518,0,0,30
2012-01-08,0.021175168,20.47006735,2.222510102,0,0,30
2012-01-09,0.021232941,20.49317623,2.225976434,0,0,30
2012-01-10,0.021289608,20.51584325,2.229376488,0,0,30
2012-01-11,0.021345154,20.53806172,2.232709258,0,0,30
2012-01-12,0.021399563,20.55982504,2.235973757,0,0,30
2012-01-13,0.021452817,20.58112679,2.239169019,0,0,30
2012-01-14,0.021504902,20.60196066,2.242294099,0,0,30
2012-01-15,0.021555801,20.62232048,2.245348073,0,0,30
2012-01-16,0.021605501,20.64220024,2.248330035,0,0,30
2012-01-17,0.021653985,20.66159403,2.251239105,0,0,30
2012-01-18,0.02170124,20.68049614,2.254074421,0,0,30
2012-01-19,0.021747252,20.69890096,2.256835144,0,0,30
2012-01-20,0.021792008,20.71680305,2.259520457,0,0,30
2012-01-21,0.021835493,20.7341971,2.262129566,0,0,30
2012-01-22,0.021877695,20.75107799,2.264661698,0,0,30
2012-01-23,0.021918602,20.76744069,2.267116104,0,0,30
2012-01-24,0.021958201,20.78328039,2.269492058,0,0,30
2012-01-25,0.021996481,20.79859238,2.271788857,0,0,30
2012-01-26,0.02203343,20.81337214,2.274005822,0,0,30
2012-01-27,0.022069038,20.8276153,2.276142295,0,0,30
2012-01-28,0.022103294,20.84131763,2.278197645,0,0,30
2012-01-29,0.022136188,20.85447509,2.280171264,0,0,30
2012-01-30,0.022167709,20.86708378,2.282062567,0,0,30
2012-01-31,0.02219785,20.87913997,2.283870996,0,0,30
2012-02-01,0.022210672,20.88426874,2.284640311,0,0,30
2012-02-02,0.022238808,20.8955231,2.286328465,0,0,30
2012-02-03,0.022265541,20.90621655,2.287932483,0,0,30
2012-02-04,0.022290865,20.91634592,2.289451888,0,0,30
2012-02-05,0.022314771,20.92590821,2.290886231,0,0,30
2012-02-06,0.022337251,20.93490059,2.292235089,0,0,30
2012-02-07,0.022358301,20.94332041,2.293498061,0,0,30
2012-02-08,0.022377913,20.95116516,2.294674775,0,0,30
2012-02-09,0.022396081,20.95843254,2.295764881,0,0,30
2012-02-10,0.022412801,20.96512038,2.296768057,0,0,30
2012-02-11,0.022428067,20.97122671,2.297684007,0,0,30
2012-02-12,0.022441874,20.97674973,2.298512459,0,0,30
2012-02-13,0.022454219,20.98168779,2.299253168,0,0,30
2012-02-14,0.022465099,20.98603944,2.299905916,0,0,30
2012-02-15,0.022474508,20.98980339,2.300470508,0,0,30
2012-02-16,0.022482446,20.99297852,2.300946778,0,0,30
2012-02-17,0.02248891,20.9955639,2.301334585,0,0,30
2012-02-18,0.022493897,20.99755876,2.301633814,0,0,30
2012-02-19,0.022497406,20.99896251,2.301844376,0,0,30
2012-02-20,0.022499437,20.99977473,2.30196621,0,0,30
2012-02-21,0.022499988,20.99999519,2.301999278,0,0,30
2012-02-22,0.02249906,20.99962382,2.301943573,0,0,30
2012-02-23,0.022496652,20.99866072,2.301799109,0,0,30
2012-02-24,0.022492765,20.9971062,2.301565929,0,0,30
2012-02-25,0.022487402,20.99496069,2.301244104,0,0,30
2012-02-26,0.022480562,20.99222485,2.300833727,0,0,30
2012-02-27,0.022472249,20.98889947,2.30033492,0,0,30
2012-02-28,0.022462464,20.98498554,2.299747832,0,0,30
2012-02-29,0.022451211,20.98048423,2.299072635,0,0,30
2012-03-01,0.022417611,20.96704453,2.29705668,0,0,30
2012-03-02,0.022401335,20.96053385,2.296080077,0,0,30
2012-03-03,0.022383608,20.95344301,2.295016452,0,0,30
2012-03-04,0.022364435,20.94577412,2.293866118,0,0,30
2012-03-05,0.022343824,20.93752944,2.292629416,0,0,30
2012-03-06,0.022321779,20.92871142,2.291306712,0,0,30
2012-03-07,0.022298307,20.91932265,2.289898398,0,0,30
2012-03-08,0.022273415,20.90936594,2.28840489,0,0,30
2012-03-09,0.022247111,20.8988442,2.286826631,0,0,30
2012-03-10,0.022219401,20.88776057,2.285164086,0,0,30
2012-03-11,0.022190296,20.87611832,2.283417749,0,0,30
2012-03-12,0.022159802,20.8639209,2.281588135,0,0,30
2012-03-13,0.02212793,20.85117191,2.279675787,0,0,30
2012-03-14,0.022094688,20.83787514,2.27768127,0,0,30
2012-03-15,0.022060086,20.8240345,2.275605175,0,0,30
2012-03-16,0.022024135,20.8096541,2.273448116,0,0,30
2012-03-17,0.021986846,20.7947382,2.27121073,0,0,30
2012-03-18,0.021948228,20.77929121,2.268893681,0,0,30
2012-03-19,0.021908294,20.76331769,2.266497654,0,0,30
2012-03-20,0.021867056,20.74682239,2.264023358,0,0,30
2012-03-21,0.021824525,20.72981016,2.261471524,0,0,30
2012-03-22,0.021780715,20.71228606,2.258842909,0,0,30
2012-03-23,0.021735638,20.69425527,2.25613829,0,0,30
2012-03-24,0.021689308,20.67572312,2.253358468,0,0,30
2012-03-25,0.021641738,20.65669509,2.250504264,0,0,30
2012-03-26,0.021592942,20.63717683,2.247576524,0,0,30
2012-03-27,0.021542935,20.61717409,2.244576114,0,0,30
2012-03-28,0.021491732,20.59669281,2.241503922,0,0,30
2012-03-29,0.021439348,20.57573904,2.238360856,0,0,30
2012-03-30,0.021385797,20.55431899,2.235147848,0,0,30
2012-03-31,0.021331097,20.53243898,2.231865848,0,0,30
2012-04-01,0.021306669,20.52266773,2.23040016,0,0,30
2012-04-02,0.021250342,20.50013681,2.227020522,0,0,30
2012-04-03,0.021192905,20.47716198,2.223574297,0,0,30
2012-04-04,0.021134375,20.45375003,2.220062505,0,0,30
2012-04-05,0.02107477,20.42990789,2.216486184,0,0,30
2012-04-06,0.021014107,20.40564262,2.212846393,0,0,30
2012-04-07,0.020952403,20.3809614,2.20914421,0,0,30
2012-04-08,0.020889679,20.35587153,2.205380729,0,0,30
2012-04-09,0.020825951,20.33038043,2.201557065,0,0,30
2012-04-10,0.020761239,20.30449566,2.197674348,0,0,30
2012-04-11,0.020695562,20.27822486,2.193733729,0,0,30
2012-04-12,0.02062894,20.25157581,2.189736372,0,0,30
2012-04-13,0.020561391,20.22455641,2.185683461,0,0,30
2012-04-14,0.020492937,20.19717463,2.181576195,0,0,30
2012-04-15,0.020423596,20.1694386,2.17741579,0,0,30
2012-04-16,0.020353391,20.14135651,2.173203476,0,0,30
2012-04-17,0.020282342,20.11293667,2.1689405,0,0,30
2012-04-18,0.020210469,20.08418749,2.164628124,0,0,30
2012-04-19,0.020137794,20.05511749,2.160267624,0,0,30
2012-04-20,0.020064338,20.02573527,2.15586029,0,0,30
2012-04-21,0.019990124,19.99604951,2.151407426,0,0,30
2012-04-22,0.019915172,19.966069,2.14691035,0,0,30
2012-04-23,0.019839507,19.93580262,2.142370393,0,0,30
2012-04-24,0.019763148,19.90525932,2.137788897,0,0,30
2012-04-25,0.01968612,19.87444813,2.13316722,0,0,30
2012-04-26,0.019608445,19.84337819,2.128506728,0,0,30
2012-04-27,0.019530147,19.81205867,2.123808801,0,0,30
2012-04-28,0.019451247,19.78049886,2.119074829,0,0,30
2012-04-29,0.01937177,19.74870808,2.114306212,0,0,30
2012-04-30,0.019291739,19.71669575,2.109504362,0,0,30
2012-05-01,0.01917557,19.67022786,2.102534179,0,0,30
2012-05-02,0.019094287,19.63771482,2.097657222,0,0,30
2012-05-03,0.019012533,19.60501306,2.092751959,0,0,30
2012-05-04,0.018930331,19.57213227,2.087819841,0,0,30
2012-05-05,0.018847705,19.53908218,2.082862328,0,0,30
2012-05-06,0.018764681,19.50587257,2.077880886,0,0,30
2012-05-07,0.018681283,19.47251326,2.072876989,0,0,30
2012-05-08,0.018597535,19.43901413,2.067852119,0,0,30
2012-05-09,0.018513463,19.40538508,2.062807762,0,0,30
2012-05-10,0.01842909,19.37163608,2.057745412,0,0,30
2012-05-11,0.018344443,19.3377771,2.052666565,0,0,30
2012-05-12,0.018259545,19.30381817,2.047572725,0,0,30
2012-05-13,0.018174423,19.26976933,2.0424654,0,0,30
2012-05-14,0.018089102,19.23564067,2.0373461,0,0,30
2012-05-15,0.018003606,19.20144227,2.032216341,0,0,30
2012-05-16,0.017917961,19.16718427,2.02707764,0,0,30
2012-05-17,0.017832192,19.13287679,2.021931518,0,0,30
2012-05-18,0.017746325,19.09852999,2.016779498,0,0,30
2012-05-19,0.017660385,19.06415403,2.011623105,0,0,30
2012-05-20,0.017574398,19.0297591,2.006463864,0,0,30
2012-05-21,0.017488388,18.99535535,2.001303302,0,0,30
2012-05-22,0.017402382,18.96095298,1.996142947,0,0,30
2012-05-23,0.017316405,18.92656216,1.990984324,0,0,30
2012-05-24,0.017230483,18.89219308,1.985828962,0,0,30
2012-05-25,0.01714464,18.85785589,1.980678384,0,0,30
2012-05-26,0.017058902,18.82356077,1.975534116,0,0,30
2012-05-27,0.016973295,18.78931787,1.97039768,0,0,30
2012-05-28,0.016887843,18.7551373,1.965270595,0,0,30
2012-05-29,0.016802573,18.72102919,1.960154379,0,0,30
2012-05-30,0.016717509,18.68700364,1.955050546,0,0,30
2012-05-31,0.016632677,18.65307071,1.949960606,0,0,30
2012-06-01,0.01659543,18.63817215,1.947725822,0,0,30
2012-06-02,0.016510976,18.60439022,1.942658533,0,0,30
2012-06-03,0.016426813,18.57072536,1.937608804,0,0,30
2012-06-04,0.016342969,18.53718753,1.93257813,0,0,30
2012-06-05,0.016259467,18.50378665,1.927567998,0,0,30
2012-06-06,0.016176332,18.47053262,1.922579892,0,0,30
2012-06-07,0.016093588,18.43743525,1.917615288,0,0,30
2012-06-08,0.016011261,18.40450436,1.912675655,0,0,30
2012-06-09,0.015929374,18.37174969,1.907762454,0,0,30
2012-06-10,0.015847952,18.33918093,1.902877139,0,0,30
2012-06-11,0.015767019,18.30680771,1.898021157,0,0,30
2012-06-12,0.015686599,18.27463962,1.893195944,0,0,30
2012-06-13,0.015606715,18.24268618,1.888402927,0,0,30
2012-06-14,0.015527392,18.21095684,1.883643526,0,0,30
2012-06-15,0.015448652,18.17946099,1.878919148,0,0,30
2012-06-16,0.01537052,18.14820795,1.874231192,0,0,30
2012-06-17,0.015293017,18.11720696,1.869581045,0,0,30
2012-06-18,0.015216168,18.08646721,1.864970082,0,0,30
2012-06-19,0.015139994,18.05599779,1.860399669,0,0,30
2012-06-20,0.015064519,18.02580772,1.855871158,0,0,30
2012-06-21,0.014989765,17.99590592,1.851385889,0,0,30
2012-06-22,0.014915753,17.96630126,1.846945188,0,0,30
2012-06-23,0.014842506,17.93700248,1.842550371,0,0,30
2012-06-24,0.014770046,17.90801825,1.838202738,0,0,30
2012-06-25,0.014698393,17.87935717,1.833903575,0,0,30
2012-06-26,0.014627569,17.8510277,1.829654154,0,0,30
2012-06-27,0.014557596,17.82303823,1.825455734,0,0,30
2012-06-28,0.014488493,17.79539704,1.821309555,0,0,30
2012-06-29,0.014420281,17.76811231,1.817216846,0,0,30
2012-06-30,0.01435298,17.74119212,1.813178817,0,0,30
2012-07-01,0.014257709,17.70308348,1.807462522,0,0,30
2012-07-02,0.014192715,17.67708596,1.803562894,0,0,30
2012-07-03,0.0141287,17.65147992,1.799721987,0,0,30
2012-07-04,0.014065682,17.62627292,1.795940938,0,0,30
2012-07-05,0.014003681,17.60147243,1.792220865,0,0,30
2012-07-06,0.013942714,17.57708579,1.788562868,0,0,30
2012-07-07,0.013882801,17.55312021,1.784968032,0,0,30
2012-07-08,0.013823957,17.52958279,1.781437418,0,0,30
2012-07-09,0.013766201,17.50648048,1.777972073,0,0,30
2012-07-10,0.01370955,17.48382014,1.774573021,0,0,30
2012-07-11,0.013654021,17.46160845,1.771241268,0,0,30
2012-07-12,0.01359963,17.439852,1.7679778,0,0,30
2012-07-13,0.013546393,17.41855723,1.764783584,0,0,30
2012-07-14,0.013494326,17.39773042,1.761659564,0,0,30
2012-07-15,0.013443444,17.37737776,1.758606664,0,0,30
2012-07-16,0.013393763,17.35750525,1.755625788,0,0,30
2012-07-17,0.013345297,17.33811879,1.752717818,0,0,30
2012-07-18,0.01329806,17.3192241,1.749883615,0,0,30
2012-07-19,0.013252067,17.30082678,1.747124017,0,0,30
2012-07-20,0.013207331,17.28293228,1.744439841,0,0,30
2012-07-21,0.013163865,17.26554588,1.741831882,0,0,30
2012-07-22,0.013121682,17.24867273,1.73930091,0,0,30
2012-07-23,0.013080795,17.23231783,1.736847675,0,0,30
2012-07-24,0.013041215,17.21648602,1.734472903,0,0,30
2012-07-25,0.013002955,17.20118198,1.732177297,0,0,30
2012-07-26,0.012966026,17.18641023,1.729961535,0,0,30
2012-07-27,0.012930438,17.17217516,1.727826274,0,0,30
2012-07-28,0.012896202,17.15848097,1.725772145,0,0,30
2012-07-29,0.012863329,17.14533171,1.723799757,0,0,30
2012-07-30,0.012831828,17.13273128,1.721909693,0,0,30
2012-07-31,0.012801709,17.12068341,1.720102511,0,0,30
2012-08-01,0.012788896,17.11555832,1.719333748,0,0,30
2012-08-02,0.012760781,17.10431234,1.717646852,0,0,30
2012-08-03,0.012734068,17.09362733,1.7160441,0,0,30
2012-08-04,0.012708766,17.08350645,1.714525967,0,0,30
2012-08-05,0.012684882,17.07395269,1.713092903,0,0,30
2012-08-06,0.012662422,17.06496887,1.711745331,0,0,30
2012-08-07,0.012641394,17.05655767,1.71048365,0,0,30
2012-08-08,0.012621804,17.04872155,1.709308233,0,0,30
2012-08-09,0.012603657,17.04146286,1.708219429,0,0,30
2012-08-10,0.012586959,17.03478372,1.707217558,0,0,30
2012-08-11,0.012571715,17.02868613,1.706302919,0,0,30
2012-08-12,0.01255793,17.02317188,1.705475781,0,0,30
2012-08-13,0.012545607,17.0182426,1.70473639,0,0,30
2012-08-14,0.012534749,17.01389976,1.704084964,0,0,30
2012-08-15,0.012525362,17.01014463,1.703521695,0,0,30
2012-08-16,0.012517446,17.00697834,1.703046751,0,0,30
2012-08-17,0.012511005,17.00440181,1.702660272,0,0,30
2012-08-18,0.01250604,17.00241582,1.702362373,0,0,30
2012-08-19,0.012502552,17.00102094,1.702153141,0,0,30
2012-08-20,0.012500544,17.00021759,1.702032639,0,0,30
2012-08-21,0.012500015,17.00000601,1.702000901,0,0,30
2012-08-22,0.012500966,17.00038626,1.702057939,0,0,30
2012-08-23,0.012503396,17.00135823,1.702203734,0,0,30
2012-08-24,0.012507304,17.00292162,1.702438243,0,0,30
2012-08-25,0.01251269,17.00507599,1.702761398,0,0,30
2012-08-26,0.012519552,17.00782068,1.703173102,0,0,30
2012-08-27,0.012527887,17.0111549,1.703673234,0,0,30
2012-08-28,0.012537694,17.01507764,1.704261646,0,0,30
2012-08-29,0.012548969,17.01958775,1.704938163,0,0,30
2012-08-30,0.01256171,17.0246839,1.705702586,0,0,30
2012-08-31,0.012575911,17.03036458,1.706554687,0,0,30
2012-09-01,0.012582622,17.03304883,1.706957325,0,0,30
2012-09-02,0.012598921,17.03956823,1.707935235,0,0,30
2012-09-03,0.012616669,17.04666776,1.709000164,0,0,30
2012-09-04,0.012635863,17.0543453,1.710151796,0,0,30
2012-09-05,0.012656497,17.0625986,1.71138979,0,0,30
2012-09-06,0.012678563,17.07142521,1.712713781,0,0,30
2012-09-07,0.012702056,17.08082251,1.714123376,0,0,30
2012-09-08,0.012726969,17.09078772,1.715618159,0,0,30
2012-09-09,0.012753295,17.10131791,1.717197686,0,0,30
2012-09-10,0.012781025,17.11240994,1.718861491,0,0,30
2012-09-11,0.012810151,17.12406054,1.720609082,0,0,30
2012-09-12,0.012840666,17.13626627,1.72243994,0,0,30
2012-09-13,0.012872559,17.1490235,1.724353525,0,0,30
2012-09-14,0.012905821,17.16232847,1.72634927,0,0,30
2012-09-15,0.012940443,17.17617723,1.728426584,0,0,30
2012-09-16,0.012976414,17.19056569,1.730584853,0,0,30
2012-09-17,0.013013724,17.20548959,1.732823438,0,0,30
2012-09-18,0.013052361,17.22094452,1.735141677,0,0,30
2012-09-19,0.013092315,17.23692589,1.737538884,0,0,30
2012-09-20,0.013133572,17.25342899,1.740014349,0,0,30
2012-09-21,0.013176122,17.27044893,1.742567339,0,0,30
2012-09-22,0.013219952,17.28798067,1.7451971,0,0,30
2012-09-23,0.013265048,17.30601902,1.747902853,0,0,30
2012-09-24,0.013311397,17.32455865,1.750683798,0,0,30
2012-09-25,0.013358985,17.34359407,1.753539111,0,0,30
2012-09-26,0.013407799,17.36311965,1.756467947,0,0,30
2012-09-27,0.013457824,17.38312961,1.759469441,0,0,30
2012-09-28,0.013509045,17.40361802,1.762542703,0,0,30
2012-09-29,0.013561447,17.42457883,1.765686824,0,0,30
2012-09-30,0.013615015,17.44600583,1.768900875,0,0,30
2012-10-01,0.013694167,17.47766692,1.773650038,0,0,30
2012-10-02,0.013750511,17.50020455,1.777030682,0,0,30
2012-10-03,0.013807965,17.52318599,1.780477898,0,0,30
2012-10-04,0.013866511,17.54660444,1.783990666,0,0,30
2012-10-05,0.013926132,17.57045298,1.787567947,0,0,30
2012-10-06,0.013986811,17.59472454,1.791208681,0,0,30
2012-10-07,0.01404853,17.61941195,1.794911792,0,0,30
2012-10-08,0.01411127,17.64450789,1.798676184,0,0,30
2012-10-09,0.014175012,17.67000495,1.802500742,0,0,30
2012-10-10,0.014239739,17.69589557,1.806384336,0,0,30
2012-10-11,0.01430543,17.7221721,1.810325815,0,0,30
2012-10-12,0.014372067,17.74882676,1.814324014,0,0,30
2012-10-13,0.014439629,17.77585166,1.81837775,0,0,30
2012-10-14,0.014508097,17.80323881,1.822485822,0,0,30
2012-10-15,0.01457745,17.8309801,1.826647015,0,0,30
2012-10-16,0.014647668,17.85906732,1.830860098,0,0,30
2012-10-17,0.01471873,17.88749216,1.835123824,0,0,30
2012-10-18,0.014790616,17.91624621,1.839436931,0,0,30
2012-10-19,0.014863302,17.94532096,1.843798143,0,0,30
2012-10-20,0.01493677,17.9747078,1.84820617,0,0,30
2012-10-21,0.015010995,18.00439805,1.852659707,0,0,30
2012-10-22,0.015085957,18.03438291,1.857157436,0,0,30
2012-10-23,0.015161634,18.06465351,1.861698026,0,0,30
2012-10-24,0.015238002,18.0952009,1.866280134,0,0,30
2012-10-25,0.01531504,18.12601603,1.870902404,0,0,30
2012-10-26,0.015392724,18.15708978,1.875563467,0,0,30
2012-10-27,0.015471032,18.18841297,1.880261946,0,0,30
2012-10-28,0.015549941,18.21997632,1.884996448,0,0,30
2012-10-29,0.015629426,18.25177049,1.889765574,0,0,30
2012-10-30,0.015709465,18.28378607,1.894567911,0,0,30
2012-10-31,0.015790034,18.3160136,1.89940204,0,0,30
2012-11-01,0.015825646,18.33025839,1.901538759,0,0,30
2012-11-02,0.015906936,18.36277434,1.906416151,0,0,30
2012-11-03,0.015988697,18.39547885,1.911321828,0,0,30
2012-11-04,0.016070906,18.42836225,1.916254338,0,0,30
2012-11-05,0.016153537,18.46141481,1.921212221,0,0,30
2012-11-06,0.016236567,18.49462674,1.926194011,0,0,30
2012-11-07,0.016319971,18.52798822,1.931198233,0,0,30
2012-11-08,0.016403723,18.56148937,1.936223406,0,0,30
2012-11-09,0.016487801,18.59512029,1.941268044,0,0,30
2012-11-10,0.016572178,18.62887102,1.946330653,0,0,30
2012-11-11,0.016656829,18.66273157,1.951409736,0,0,30
2012-11-12,0.01674173,18.69669193,1.956503789,0,0,30
2012-11-13,0.016826855,18.73074203,1.961611305,0,0,30
2012-11-14,0.01691218,18.76487182,1.966730773,0,0,30
2012-11-15,0.016997678,18.79907118,1.971860678,0,0,30
2012-11-16,0.017083325,18.83333001,1.976999501,0,0,30
2012-11-17,0.017169095,18.86763815,1.982145722,0,0,30
2012-11-18,0.017254964,18.90198546,1.987297819,0,0,30
2012-11-19,0.017340904,18.93636178,1.992454266,0,0,30
2012-11-20,0.017426892,18.97075692,1.997613538,0,0,30
2012-11-21,0.017512902,19.00516072,2.002774108,0,0,30
2012-11-22,0.017598907,19.03956299,2.007934449,0,0,30
2012-11-23,0.017684884,19.07395356,2.013093034,0,0,30
2012-11-24,0.017770806,19.10832224,2.018248336,0,0,30
2012-11-25,0.017856647,19.14265887,2.02339883,0,0,30
2012-11-26,0.017942383,19.17695328,2.028542992,0,0,30
2012-11-27,0.018027988,19.21119533,2.033679299,0,0,30
2012-11-28,0.018113437,19.24537488,2.038806232,0,0,30
2012-11-29,0.018198705,19.27948182,2.043922274,0,0,30
2012-11-30,0.018283765,19.31350606,2.049025909,0,0,30
2012-12-01,0.018405838,19.3623354,2.05635031,0,0,30
2012-12-02,0.018490289,19.39611564,2.061417346,0,0,30
2012-12-03,0.018574447,19.42977867,2.0664668,0,0,30
2012-12-04,0.018658286,19.46331452,2.071497178,0,0,30
2012-12-05,0.018741783,19.49671327,2.07650699,0,0,30
2012-12-06,0.018824913,19.52996503,2.081494754,0,0,30
2012-12-07,0.01890765,19.56305996,2.086458995,0,0,30
2012-12-08,0.018989971,19.59598828,2.091398242,0,0,30
2012-12-09,0.019071851,19.62874024,2.096311035,0,0,30
2012-12-10,0.019153265,19.66130614,2.101195921,0,0,30
2012-12-11,0.019234191,19.69367635,2.106051452,0,0,30
2012-12-12,0.019314603,19.72584129,2.110876193,0,0,30
2012-12-13,0.019394479,19.75779144,2.115668716,0,0,30
2012-12-14,0.019473793,19.78951735,2.120427602,0,0,30
2012-12-15,0.019552524,19.82100963,2.125151444,0,0,30
2012-12-16,0.019630647,19.85225895,2.129838843,0,0,30
2012-12-17,0.01970814,19.88325609,2.134488413,0,0,30
2012-12-18,0.01978498,19.91399185,2.139098777,0,0,30
2012-12-19,0.019861143,19.94445714,2.143668571,0,0,30
2012-12-20,0.019936607,19.97464296,2.148196444,0,0,30
2012-12-21,0.020011351,20.00454036,2.152681054,0,0,30
2012-12-22,0.020085351,20.03414051,2.157121076,0,0,30
2012-12-23,0.020158587,20.06343463,2.161515195,0,0,30
2012-12-24,0.020231035,20.09241407,2.165862111,0,0,30
2012-12-25,0.020302676,20.12107025,2.170160537,0,0,30
2012-12-26,0.020373487,20.14939468,2.174409202,0,0,30
2012-12-27,0.020443447,20.17737899,2.178606848,0,0,30
2012-12-28,0.020512537,20.20501489,2.182752233,0,0,30
2012-12-29,0.020580736,20.23229421,2.186844131,0,0,30
2012-12-30,0.020648022,20.25920887,2.190881331,0,0,30
2012-12-31,0.020714377,20.28575092,2.194862637,0,0,30
2013-01-01,0.020741309,20.29652362,2.196478543,0,0,30
2013-01-02,0.020806317,20.32252695,2.200379042,0,0,30
2013-01-03,0.020870347,20.34813892,2.204220838,0,0,30
2013-01-04,0.02093338,20.37335196,2.208002794,0,0,30
2013-01-05,0.020995397,20.3981586,2.21172379,0,0,30
2013-01-06,0.021056379,20.4225515,2.215382726,0,0,30
2013-01-07,0.021116309,20.44652345,2.218978518,0,0,30
2013-01-08,0.021175168,20.47006735,2.222510102,0,0,30
2013-01-09,0.021232941,20.49317623,2.225976434,0,0,30
2013-01-10,0.021289608,20.51584325,2.229376488,0,0,30
2013-01-11,0.021345154,20.53806172,2.232709258,0,0,30
2013-01-12,0.021399563,20.55982504,2.235973757,0,0,30
2013-01-13,0.021452817,20.58112679,2.239169019,0,0,30
2013-01-14,0.021504902,20.60196066,2.242294099,0,0,30
2013-01-15,0.021555801,20.62232048,2.245348073,0,0,30
2013-01-16,0.021605501,20.64220024,2.248330035,0,0,30
2013-01-17,0.021653985,20.66159403,2.251239105,0,0,30
2013-01-18,0.02170124,20.68049614,2.254074421,0,0,30
2013-01-19,0.021747252,20.69890096,2.256835144,0,0,30
2013-01-20,0.021792008,20.71680305,2.259520457,0,0,30
2013-01-21,0.021835493,20.7341971,2.262129566,0,0,30
2013-01-22,0.021877695,20.75107799,2.264661698,0,0,30
2013-01-23,0.021918602,20.76744069,2.267116104,0,0,30
2013-01-24,0.021958201,20.78328039,2.269492058,0,0,30
2013-01-25,0.021996481,20.79859238,2.271788857,0,0,30
2013-01-26,0.02203343,20.81337214,2.274005822,0,0,30
2013-01-27,0.022069038,20.8276153,2.276142295,0,0,30
2013-01-28,0.022103294,20.84131763,2.278197645,0,0,30
2013-01-29,0.022136188,20.85447509,2.280171264,0,0,30
2013-01-30,0.022167709,20.86708378,2.282062567,0,0,30
2013-01-31,0.02219785,20.87913997,2.283870996,0,0,30
2013-02-01,0.022210672,20.88426874,2.284640311,0,0,30
2013-02-02,0.022238808,20.8955231,2.286328465,0,0,30
2013-02-03,0.022265541,20.90621655,2.287932483,0,0,30
2013-02-04,0.022290865,20.91634592,2.289451888,0,0,30
2013-02-05,0.022314771,20.92590821,2.290886231,0,0,30
2013-02-06,0.022337251,20.93490059,2.292235089,0,0,30
2013-02-07,0.022358301,20.94332041,2.293498061,0,0,30
2013-02-08,0.022377913,20.95116516,2.294674775,0,0,30
2013-02-09,0.022396081,20.95843254,2.295764881,0,0,30
2013-02-10,0.022412801,20.96512038,2.296768057,0,0,30
2013-02-11,0.022428067,20.97122671,2.297684007,0,0,30
2013-02-12,0.022441874,20.97674973,2.298512459,0,0,30
2013-02-13,0.022454219,20.98168779,2.299253168,0,0,30
2013-02-14,0.022465099,20.98603944,2.299905916,0,0,30
2013-02-15,0.022474508,20.98980339,2.300470508,0,0,30
2013-02-16,0.022482446,20.99297852,2.300946778,0,0,30
2013-02-17,0.02248891,20.9955639,2.301334585,0,0,30
2013-02-18,0.022493897,20.99755876,2.301633814,0,0,30
2013-02-19,0.022497406,20.99896251,2.301844376,0,0,30
2013-02-20,0.022499437,20.99977473,2.30196621,0,0,30
2013-02-21,0.022499988,20.99999519,2.301999278,0,0,30
2013-02-22,0.02249906,20.99962382,2.301943573,0,0,30
2013-02-23,0.022496652,20.99866072,2.301799109,0,0,30
2013-02-24,0.022492765,20.9971062,2.301565929,0,0,30
2013-02-25,0.022487402,20.99496069,2.301244104,0,0,30
2013-02-26,0.022480562,20.99222485,2.300833727,0,0,30
2013-02-27,0.022472249,20.98889947,2.30033492,0,0,30
2013-02-28,0.022462464,20.98498554,2.299747832,0,0,30
2013-03-01,0.022417611,20.96704453,2.29705668,0,0,30
2013-03-02,0.022401335,20.96053385,2.296080077,0,0,30
2013-03-03,0.022383608,20.95344301,2.295016452,0,0,30
2013-03-04,0.022364435,20.94577412,2.293866118,0,0,30
2013-03-05,0.022343824,20.93752944,2.292629416,0,0,30
2013-03-06,0.022321779,20.92871142,2.291306712,0,0,30
2013-03-07,0.022298307,20.91932265,2.289898398,0,0,30
2013-03-08,0.022273415,20.90936594,2.28840489,0,0,30
2013-03-09,0.022247111,20.8988442,2.286826631,0,0,30
2013-03-10,0.022219401,20.88776057,2.285164086,0,0,30
2013-03-11,0.022190296,20.87611832,2.283417749,0,0,30
2013-03-12,0.022159802,20.8639209,2.281588135,0,0,30
2013-03-13,0.02212793,20.85117191,2.279675787,0,0,30
2013-03-14,0.022094688,20.83787514,2.27768127,0,0,30
2013-03-15,0.022060086,20.8240345,2.275605175,0,0,30
2013-03-16,0.022024135,20.8096541,2.273448116,0,0,30
2013-03-17,0.021986846,20.7947382,2.27121073,0,0,30
2013-03-18,0.021948228,20.77929121,2.268893681,0,0,30
2013-03-19,0.021908294,20.76331769,2.266497654,0,0,30
2013-03-20,0.021867056,20.74682239,2.264023358,0,0,30
2013-03-21,0.021824525,20.72981016,2.261471524,0,0,30
2013-03-22,0.021780715,20.71228606,2.258842909,0,0,30
2013-03-23,0.021735638,20.69425527,2.25613829,0,0,30
2013-03-24,0.021689308,20.67572312,2.253358468,0,0,30
2013-03-25,0.021641738,20.65669509,2.250504264,0,0,30
2013-03-26,0.021592942,20.63717683,2.247576524,0,0,30
2013-03-27,0.021542935,20.61717409,2.244576114,0,0,30
2013-03-28,0.021491732,20.59669281,2.241503922,0,0,30
2013-03-29,0.021439348,20.57573904,2.238360856,0,0,30
2013-03-30,0.021385797,20.55431899,2.235147848,0,0,30
2013-03-31,0.021331097,20.53243898,2.231865848,0,0,30
2013-04-01,0.021306669,20.52266773,2.23040016,0,0,30
2013-04-02,0.021250342,20.50013681,2.227020522,0,0,30
2013-04-03,0.021192905,20.47716198,2.223574297,0,0,30
2013-04-04,0.021134375,20.45375003,2.220062505,0,0,30
2013-04-05,0.02107477,20.42990789,2.216486184,0,0,30
2013-04-06,0.021014107,20.40564262,2.212846393,0,0,30
2013-04-07,0.020952403,20.3809614,2.20914421,0,0,30
2013-04-08,0.020889679,20.35587153,2.205380729,0,0,30
2013-04-09,0.020825951,20.33038043,2.201557065,0,0,30
2013-04-10,0.020761239,20.30449566,2.197674348,0,0,30
2013-04-11,0.020695562,20.27822486,2.193733729,0,0,30
2013-04-12,0.02062894,20.25157581,2.189736372,0,0,30
2013-04-13,0.020561391,20.22455641,2.185683461,0,0,30
2013-04-14,0.020492937,20.19717463,2.181576195,0,0,30
2013-04-15,0.020423596,20.1694386,2.17741579,0,0,30
2013-04-16,0.020353391,20.14135651,2.173203476,0,0,30
2013-04-17,0.020282342,20.11293667,2.1689405,0,0,30
2013-04-18,0.020210469,20.08418749,2.164628124,0,0,30
2013-04-19,0.020137794,20.05511749,2.160267624,0,0,30
2013-04-20,0.020064338,20.02573527,2.15586029,0,0,30
2013-04-21,0.019990124,19.99604951,2.151407426,0,0,30
2013-04-22,0.019915172,19.966069,2.14691035,0,0,30
2013-04-23,0.019839507,19.93580262,2.142370393,0,0,30
2013-04-24,0.019763148,19.90525932,2.137788897,0,0,30
2013-04-25,0.01968612,19.87444813,2.13316722,0,0,30
2013-04-26,0.019608445,19.84337819,2.128506728,0,0,30
2013-04-27,0.019530147,19.81205867,2.123808801,0,0,30
2013-04-28,0.019451247,19.78049886,2.119074829,0,0,30
2013-04-29,0.01937177,19.74870808,2.114306212,0,0,30
2013-04-30,0.019291739,19.71669575,2.109504362,0,0,30
2013-05-01,0.01917557,19.67022786,2.102534179,0,0,30
2013-05-02,0.019094287,19.63771482,2.097657222,0,0,30
2013-05-03,0.019012533,19.60501306,2.092751959,0,0,30
2013-05-04,0.018930331,19.57213227,2.087819841,0,0,30
2013-05-05,0.018847705,19.53908218,2.082862328,0,0,30
2013-05-06,0.018764681,19.50587257,2.077880886,0,0,30
2013-05-07,0.018681283,19.47251326,2.072876989,0,0,30
2013-05-08,0.018597535,19.43901413,2.067852119,0,0,30
2013-05-09,0.018513463,19.40538508,2.062807762,0,0,30
2013-05-10,0.01842909,19.37163608,2.057745412,0,0,30
2013-05-11,0.018344443,19.3377771,2.052666565,0,0,30
2013-05-12,0.018259545,19.30381817,2.047572725,0,0,30
2013-05-13,0.018174423,19.26976933,2.0424654,0,0,30
2013-05-14,0.018089102,19.23564067,2.0373461,0,0,30
2013-05-15,0.018003606,19.20144227,2.032216341,0,0,30
2013-05-16,0.017917961,19.16718427,2.02707764,0,0,30
2013-05-17,0.017832192,19.13287679,2.021931518,0,0,30
2013-05-18,0.017746325,19.09852999,2.016779498,0,0,30
2013-05-19,0.017660385,19.06415403,2.011623105,0,0,30
2013-05-20,0.017574398,19.0297591,2.006463864,0,0,30
2013-05-21,0.017488388,18.99535535,2.001303302,0,0,30
2013-05-22,0.017402382,18.96095298,1.996142947,0,0,30
2013-05-23,0.017316405,18.92656216,1.990984324,0,0,30
2013-05-24,0.017230483,18.89219308,1.985828962,0,0,30
2013-05-25,0.01714464,18.85785589,1.980678384,0,0,30
2013-05-26,0.017058902,18.82356077,1.975534116,0,0,30
2013-05-27,0.016973295,18.78931787,1.97039768,0,0,30
2013-05-28,0.016887843,18.7551373,1.965270595,0,0,30
2013-05-29,0.016802573,18.72102919,1.960154379,0,0,30
2013-05-30,0.016717509,18.68700364,1.955050546,0,0,30
2013-05-31,0.016632677,18.65307071,1.949960606,0,0,30
2013-06-01,0.01659543,18.63817215,1.947725822,0,0,30
2013-06-02,0.016510976,18.60439022,1.942658533,0,0,30
2013-06-03,0.016426813,18.57072536,1.937608804,0,0,30
2013-06-04,0.016342969,18.53718753,1.93257813,0,0,30
2013-06-05,0.016259467,18.50378665,1.927567998,0,0,30
2013-06-06,0.016176332,18.47053262,1.922579892,0,0,30
2013-06-07,0.016093588,18.43743525,1.917615288,0,0,30
2013-06-08,0.016011261,18.40450436,1.912675655,0,0,30
2013-06-09,0.015929374,18.37174969,1.907762454,0,0,30
2013-06-10,0.015847952,18.33918093,1.902877139,0,0,30
2013-06-11,0.015767019,18.30680771,1.898021157,0,0,30
2013-06-12,0.015686599,18.27463962,1.893195944,0,0,30
2013-06-13,0.015606715,18.24268618,1.888402927,0,0,30
2013-06-14,0.015527392,18.21095684,1.883643526,0,0,30
2013-06-15,0.015448652,18.17946099,1.878919148,0,0,30
2013-06-16,0.01537052,18.14820795,1.874231192,0,0,30
2013-06-17,0.015293017,18.11720696,1.869581045,0,0,30
2013-06-18,0.015216168,18.08646721,1.864970082,0,0,30
2013-06-19,0.015139994,18.05599779,1.860399669,0,0,30
2013-06-20,0.015064519,18.02580772,1.855871158,0,0,30
2013-06-21,0.014989765,17.99590592,1.851385889,0,0,30
2013-06-22,0.014915753,17.96630126,1.846945188,0,0,30
2013-06-23,0.014842506,17.93700248,1.842550371,0,0,30
2013-06-24,0.014770046,17.90801825,1.838202738,0,0,30
2013-06-25,0.014698393,17.87935717,1.833903575,0,0,30
2013-06-26,0.014627569,17.8510277,1.829654154,0,0,30
2013-06-27,0.014557596,17.82303823,1.825455734,0,0,30
2013-06-28,0.014488493,17.79539704,1.821309555,0,0,30
2013-06-29,0.014420281,17.76811231,1.817216846,0,0,30
2013-06-30,0.01435298,17.74119212,1.813178817,0,0,30
2013-07-01,0.014257709,17.70308348,1.807462522,0,0,30
2013-07-02,0.014192715,17.67708596,1.803562894,0,0,30
2013-07-03,0.0141287,17.65147992,1.799721987,0,0,30
2013-07-04,0.014065682,17.62627292,1.795940938,0,0,30
2013-07-05,0.014003681,17.60147243,1.792220865,0,0,30
2013-07-06,0.013942714,17.57708579,1.788562868,0,0,30
2013-07-07,0.013882801,17.55312021,1.784968032,0,0,30
2013-07-08,0.013823957,17.52958279,1.781437418,0,0,30
2013-07-09,0.013766201,17.50648048,1.777972073,0,0,30
2013-07-10,0.01370955,17.48382014,1.774573021,0,0,30
2013-07-11,0.013654021,17.46160845,1.771241268,0,0,30
2013-07-12,0.01359963,17.439852,1.7679778,0,0,30
2013-07-13,0.013546393,17.41855723,1.764783584,0,0,30
2013-07-14,0.013494326,17.39773042,1.761659564,0,0,30
2013-07-15,0.013443444,17.37737776,1.758606664,0,0,30
2013-07-16,0.013393763,17.35750525,1.755625788,0,0,30
2013-07-17,0.013345297,17.33811879,1.752717818,0,0,30
2013-07-18,0.01329806,17.3192241,1.749883615,0,0,30
2013-07-19,0.013252067,17.30082678,1.747124017,0,0,30
2013-07-20,0.013207331,17.28293228,1.744439841,0,0,30
2013-07-21,0.013163865,17.26554588,1.741831882,0,0,30
2013-07-22,0.013121682,17.24867273,1.73930091,0,0,30
2013-07-23,0.013080795,17.23231783,1.736847675,0,0,30
2013-07-24,0.013041215,17.21648602,1.734472903,0,0,30
2013-07-25,0.013002955,17.20118198,1.732177297,0,0,30
2013-07-26,0.012966026,17.18641023,1.729961535,0,0,30
2013-07-27,0.012930438,17.17217516,1.727826274,0,0,30
2013-07-28,0.012896202,17.15848097,1.725772145,0,0,30
2013-07-29,0.012863329,17.14533171,1.723799757,0,0,30
2013-07-30,0.012831828,17.13273128,1.721909693,0,0,30
2013-07-31,0.012801709,17.12068341,1.720102511,0,0,30
2013-08-01,0.012788896,17.11555832,1.719333748,0,0,30
2013-08-02,0.012760781,17.10431234,1.717646852,0,0,30
2013-08-03,0.012734068,17.09362733,1.7160441,0,0,30
2013-08-04,0.012708766,17.08350645,1.714525967,0,0,30
2013-08-05,0.012684882,17.07395269,1.713092903,0,0,30
2013-08-06,0.012662422,17.06496887,1.711745331,0,0,30
2013-08-07,0.012641394,17.05655767,1.71048365,0,0,30
2013-08-08,0.012621804,17.04872155,1.709308233,0,0,30
2013-08-09,0.012603657,17.04146286,1.708219429,0,0,30
2013-08-10,0.012586959,17.03478372,1.707217558,0,0,30
2013-08-11,0.012571715,17.02868613,1.706302919,0,0,30
2013-08-12,0.01255793,17.02317188,1.705475781,0,0,30
2013-08-13,0.012545607,17.0182426,1.70473639,0,0,30
2013-08-14,0.012534749,17.01389976,1.704084964,0,0,30
2013-08-15,0.012525362,17.01014463,1.703521695,0,0,30
2013-08-16,0.012517446,17.00697834,1.703046751,0,0,30
2013-08-17,0.012511005,17.00440181,1.702660272,0,0,30
2013-08-18,0.01250604,17.00241582,1.702362373,0,0,30
2013-08-19,0.012502552,17.00102094,1.702153141,0,0,30
2013-08-20,0.012500544,17.00021759,1.702032639,0,0,30
2013-08-21,0.012500015,17.00000601,1.702000901,0,0,30
2013-08-22,0.012500966,17.00038626,1.702057939,0,0,30
2013-08-23,0.012503396,17.00135823,1.702203734,0,0,30
2013-08-24,0.012507304,17.00292162,1.702438243,0,0,30
2013-08-25,0.01251269,17.00507599,1.702761398,0,0,30
2013-08-26,0.012519552,17.00782068,1.703173102,0,0,30
2013-08-27,0.012527887,17.0111549,1.703673234,0,0,30
2013-08-28,0.012537694,17.01507764,1.704261646,0,0,30
2013-08-29,0.012548969,17.01958775,1.704938163,0,0,30
2013-08-30,0.01256171,17.0246839,1.705702586,0,0,30
2013-08-31,0.012575911,17.03036458,1.706554687,0,0,30
2013-09-01,0.012582622,17.03304883,1.706957325,0,0,30
2013-09-02,0.012598921,17.03956823,1.707935235,0,0,30
2013-09-03,0.012616669,17.04666776,1.709000164,0,0,30
2013-09-04,0.012635863,17.0543453,1.710151796,0,0,30
2013-09-05,0.012656497,17.0625986,1.71138979,0,0,30
2013-09-06,0.012678563,17.07142521,1.712713781,0,0,30
2013-09-07,0.012702056,17.08082251,1.714123376,0,0,30
2013-09-08,0.012726969,17.09078772,1.715618159,0,0,30
2013-09-09,0.012753295,17.10131791,1.717197686,0,0,30
2013-09-10,0.012781025,17.11240994,1.718861491,0,0,30
2013-09-11,0.012810151,17.12406054,1.720609082,0,0,30
2013-09-12,0.012840666,17.13626627,1.72243994,0,0,30
2013-09-13,0.012872559,17.1490235,1.724353525,0,0,30
2013-09-14,0.012905821,17.16232847,1.72634927,0,0,30
2013-09-15,0.012940443,17.17617723,1.728426584,0,0,30
2013-09-16,0.012976414,17.19056569,1.730584853,0,0,30
2013-09-17,0.013013724,17.20548959,1.732823438,0,0,30
2013-09-18,0.013052361,17.22094452,1.735141677,0,0,30
2013-09-19,0.013092315,17.23692589,1.737538884,0,0,30
2013-09-20,0.013133572,17.25342899,1.740014349,0,0,30
2013-09-21,0.013176122,17.27044893,1.742567339,0,0,30
2013-09-22,0.013219952,17.28798067,1.7451971,0,0,30
2013-09-23,0.013265048,17.30601902,1.747902853,0,0,30
2013-09-24,0.013311397,17.32455865,1.750683798,0,0,30
2013-09-25,0.013358985,17.34359407,1.753539111,0,0,30
2013-09-26,0.013407799,17.36311965,1.756467947,0,0,30
2013-09-27,0.013457824,17.38312961,1.759469441,0,0,30
2013-09-28,0.013509045,17.40361802,1.762542703,0,0,30
2013-09-29,0.013561447,17.42457883,1.765686824,0,0,30
2013-09-30,0.013615015,17.44600583,1.768900875,0,0,30
2013-10-01,0.013694167,17.47766692,1.773650038,0,0,30
2013-10-02,0.013750511,17.50020455,1.777030682,0,0,30
2013-10-03,0.013807965,17.52318599,1.780477898,0,0,30
2013-10-04,0.013866511,17.54660444,1.783990666,0,0,30
2013-10-05,0.013926132,17.57045298,1.787567947,0,0,30
2013-10-06,0.013986811,17.59472454,1.791208681,0,0,30
2013-10-07,0.01404853,17.61941195,1.794911792,0,0,30
2013-10-08,0.01411127,17.64450789,1.798676184,0,0,30
2013-10-09,0.014175012,17.67000495,1.802500742,0,0,30
2013-10-10,0.014239739,17.69589557,1.806384336,0,0,30
2013-10-11,0.01430543,17.7221721,1.810325815,0,0,30
2013-10-12,0.014372067,17.74882676,1.814324014,0,0,30
2013-10-13,0.014439629,17.77585166,1.81837775,0,0,30
2013-10-14,0.014508097,17.80323881,1.822485822,0,0,30
2013-10-15,0.01457745,17.8309801,1.826647015,0,0,30
2013-10-16,0.014647668,17.85906732,1.830860098,0,0,30
2013-10-17,0.01471873,17.88749216,1.835123824,0,0,30
2013-10-18,0.014790616,17.91624621,1.839436931,0,0,30
2013-10-19,0.014863302,17.94532096,1.843798143,0,0,30
2013-10-20,0.01493677,17.9747078,1.84820617,0,0,30
2013-10-21,0.015010995,18.00439805,1.852659707,0,0,30
2013-10-22,0.015085957,18.03438291,1.857157436,0,0,30
2013-10-23,0.015161634,18.06465351,1.861698026,0,0,30
2013-10-24,0.015238002,18.0952009,1.866280134,0,0,30
2013-10-25,0.01531504,18.12601603,1.870902404,0,0,30
2013-10-26,0.015392724,18.15708978,1.875563467,0,0,30
2013-10-27,0.015471032,18.18841297,1.880261946,0,0,30
2013-10-28,0.015549941,18.21997632,1.884996448,0,0,30
2013-10-29,0.015629426,18.25177049,1.889765574,0,0,30
2013-10-30,0.015709465,18.28378607,1.894567911,0,0,30
2013-10-31,0.015790034,18.3160136,1.89940204,0,0,30
2013-11-01,0.015825646,18.33025839,1.901538759,0,0,30
2013-11-02,0.015906936,18.36277434,1.906416151,0,0,30
2013-11-03,0.015988697,18.39547885,1.911321828,0,0,30
2013-11-04,0.016070906,18.42836225,1.916254338,0,0,30
2013-11-05,0.016153537,18.46141481,1.921212221,0,0,30
2013-11-06,0.016236567,18.49462674,1.926194011,0,0,30
2013-11-07,0.016319971,18.52798822,1.931198233,0,0,30
2013-11-08,0.016403723,18.56148937,1.936223406,0,0,30
2013-11-09,0.016487801,18.59512029,1.941268044,0,0,30
2013-11-10,0.016572178,18.62887102,1.946330653,0,0,30
2013-11-11,0.016656829,18.66273157,1.951409736,0,0,30
2013-11-12,0.01674173,18.69669193,1.956503789,0,0,30
2013-11-13,0.016826855,18.73074203,1.961611305,0,0,30
2013-11-14,0.01691218,18.76487182,1.966730773,0,0,30
2013-11-15,0.016997678,18.79907118,1.971860678,0,0,30
2013-11-16,0.017083325,18.83333001,1.976999501,0,0,30
2013-11-17,0.017169095,18.86763815,1.982145722,0,0,30
2013-11-18,0.017254964,18.90198546,1.987297819,0,0,30
2013-11-19,0.017340904,18.93636178,1.992454266,0,0,30
2013-11-20,0.017426892,18.97075692,1.997613538,0,0,30
2013-11-21,0.017512902,19.00516072,2.002774108,0,0,30
2013-11-22,0.017598907,19.03956299,2.007934449,0,0,30
2013-11-23,0.017684884,19.07395356,2.013093034,0,0,30
2013-11-24,0.017770806,19.10832224,2.018248336,0,0,30
2013-11-25,0.017856647,19.14265887,2.02339883,0,0,30
2013-11-26,0.017942383,19.17695328,2.028542992,0,0,30
2013-11-27,0.018027988,19.21119533,2.033679299,0,0,30
2013-11-28,0.018113437,19.24537488,2.038806232,0,0,30
2013-11-29,0.018198705,19.27948182,2.043922274,0,0,30
2013-11-30,0.018283765,19.31350606,2.049025909,0,0,30
2013-12-01,0.018405838,19.3623354,2.05635031,0,0,30
2013-12-02,0.018490289,19.39611564,2.061417346,0,0,30
2013-12-03,0.018574447,19.42977867,2.0664668,0,0,30
2013-12-04,0.018658286,19.46331452,2.071497178,0,0,30
2013-12-05,0.018741783,19.49671327,2.07650699,0,0,30
2013-12-06,0.018824913,19.52996503,2.081494754,0,0,30
2013-12-07,0.01890765,19.56305996,2.086458995,0,0,30
2013-12-08,0.018989971,19.59598828,2.091398242,0,0,30
2013-12-09,0.019071851,19.62874024,2.096311035,0,0,30
2013-12-10,0.019153265,19.66130614,2.101195921,0,0,30
2013-12-11,0.019234191,19.69367635,2.106051452,0,0,30
2013-12-12,0.019314603,19.72584129,2.110876193,0,0,30
2013-12-13,0.019394479,19.75779144,2.115668716,0,0,30
2013-12-14,0.019473793,19.78951735,2.120427602,0,0,30
2013-12-15,0.019552524,19.82100963,2.125151444,0,0,30
2013-12-16,0.019630647,19.85225895,2.129838843,0,0,30
2013-12-17,0.01970814,19.88325609,2.134488413,0,0,30
2013-12-18,0.01978498,19.91399185,2.139098777,0,0,30
2013-12-19,0.019861143,19.94445714,2.143668571,0,0,30
2013-12-20,0.019936607,19.97464296,2.148196444,0,0,30
2013-12-21,0.020011351,20.00454036,2.152681054,0,0,30
2013-12-22,0.020085351,20.03414051,2.157121076,0,0,30
2013-12-23,0.020158587,20.06343463,2.161515195,0,0,30
2013-12-24,0.020231035,20.09241407,2.165862111,0,0,30
2013-12-25,0.020302676,20.12107025,2.170160537,0,0,30
2013-12-26,0.020373487,20.14939468,2.174409202,0,0,30
2013-12-27,0.020443447,20.17737899,2.178606848,0,0,30
2013-12-28,0.020512537,20.20501489,2.182752233,0,0,30
2013-12-29,0.020580736,20.23229421,2.186844131,0,0,30
2013-12-30,0.020648022,20.25920887,2.190881331,0,0,30
2013-12-31,0.020714377,20.28575092,2.194862637,0,0,30
2014-01-01,0.020741309,20.29652362,2.196478543,0,0,30
2014-01-02,0.020806317,20.32252695,2.200379042,0,0,30
2014-01-03,0.020870347,20.34813892,2.204220838,0,0,30
2014-01-04,0.02093338,20.37335196,2.208002794,0,0,30
2014-01-05,0.020995397,20.3981586,2.21172379,0,0,30
2014-01-06,0.021056379,20.4225515,2.215382726,0,0,30
2014-01-07,0.021116309,20.44652345,2.218978518,0,0,30
2014-01-08,0.021175168,20.47006735,2.222510102,0,0,30
2014-01-09,0.021232941,20.49317623,2.225976434,0,0,30
2014-01-10,0.021289608,20.51584325,2.229376488,0,0,30
2014-01-11,0.021345154,20.53806172,2.232709258,0,0,30
2014-01-12,0.021399563,20.55982504,2.235973757,0,0,30
2014-01-13,0.021452817,20.58112679,2.239169019,0,0,30
2014-01-14,0.021504902,20.60196066,2.242294099,0,0,30
2014-01-15,0.021555801,20.62232048,2.245348073,0,0,30
2014-01-16,0.021605501,20.64220024,2.248330035,0,0,30
2014-01-17,0.021653985,20.66159403,2.251239105,0,0,30
2014-01-18,0.02170124,20.68049614,2.254074421,0,0,30
2014-01-19,0.021747252,20.69890096,2.256835144,0,0,30
2014-01-20,0.021792008,20.71680305,2.259520457,0,0,30
2014-01-21,0.021835493,20.7341971,2.262129566,0,0,30
2014-01-22,0.021877695,20.75107799,2.264661698,0,0,30
2014-01-23,0.021918602,20.76744069,2.267116104,0,0,30
2014-01-24,0.021958201,20.78328039,2.269492058,0,0,30
2014-01-25,0.021996481,20.79859238,2.271788857,0,0,30
2014-01-26,0.02203343,20.81337214,2.274005822,0,0,30
2014-01-27,0.022069038,20.8276153,2.276142295,0,0,30
2014-01-28,0.022103294,20.84131763,2.278197645,0,0,30
2014-01-29,0.022136188,20.85447509,2.280171264,0,0,30
2014-01-30,0.022167709,20.86708378,2.282062567,0,0,30
2014-01-31,0.02219785,20.87913997,2.283870996,0,0,30
2014-02-01,0.022210672,20.88426874,2.284640311,0,0,30
2014-02-02,0.022238808,20.8955231,2.286328465,0,0,30
2014-02-03,0.022265541,20.90621655,2.287932483,0,0,30
2014-02-04,0.022290865,20.91634592,2.289451888,0,0,30
2014-02-05,0.022314771,20.92590821,2.290886231,0,0,30
2014-02-06,0.022337251,20.93490059,2.292235089,0,0,30
2014-02-07,0.022358301,20.94332041,2.293498061,0,0,30
2014-02-08,0.022377913,20.95116516,2.294674775,0,0,30
2014-02-09,0.022396081,20.95843254,2.295764881,0,0,30
2014-02-10,0.022412801,20.96512038,2.296768057,0,0,30
2014-02-11,0.022428067,20.97122671,2.297684007,0,0,30
2014-02-12,0.022441874,20.97674973,2.298512459,0,0,30
2014-02-13,0.022454219,20.98168779,2.299253168,0,0,30
2014-02-14,0.022465099,20.98603944,2.299905916,0,0,30
2014-02-15,0.022474508,20.98980339,2.300470508,0,0,30
2014-02-16,0.022482446,20.99297852,2.300946778,0,0,30
2014-02-17,0.02248891,20.9955639,2.301334585,0,0,30
2014-02-18,0.022493897,20.99755876,2.301633814,0,0,30
2014-02-19,0.022497406,20.99896251,2.301844376,0,0,30
2014-02-20,0.022499437,20.99977473,2.30196621,0,0,30
2014-02-21,0.022499988,20.99999519,2.301999278,0,0,30
2014-02-22,0.02249906,20.99962382,2.301943573,0,0,30
2014-02-23,0.022496652,20.99866072,2.301799109,0,0,30
2014-02-24,0.022492765,20.9971062,2.301565929,0,0,30
2014-02-25,0.022487402,20.99496069,2.301244104,0,0,30
2014-02-26,0.022480562,20.99222485,2.300833727,0,0,30
2014-02-27,0.022472249,20.98889947,2.30033492,0,0,30
2014-02-28,0.022462464,20.98498554,2.299747832,0,0,30
2014-03-01,0.022417611,20.96704453,2.29705668,0,0,30
2014-03-02,0.022401335,20.96053385,2.296080077,0,0,30
2014-03-03,0.022383608,20.95344301,2.295016452,0,0,30
2014-03-04,0.022364435,20.94577412,2.293866118,0,0,30
2014-03-05,0.022343824,20.93752944,2.292629416,0,0,30
2014-03-06,0.022321779,20.92871142,2.291306712,0,0,30
2014-03-07,0.022298307,20.91932265,2.289898398,0,0,30
2014-03-08,0.022273415,20.90936594,2.28840489,0,0,30
2014-03-09,0.022247111,20.8988442,2.286826631,0,0,30
2014-03-10,0.022219401,20.88776057,2.285164086,0,0,30
2014-03-11,0.022190296,20.87611832,2.283417749,0,0,30
2014-03-12,0.022159802,20.8639209,2.281588135,0,0,30
2014-03-13,0.02212793,20.85117191,2.279675787,0,0,30
2014-03-14,0.022094688,20.83787514,2.27768127,0,0,30
2014-03-15,0.022060086,20.8240345,2.275605175,0,0,30
2014-03-16,0.022024135,20.8096541,2.273448116,0,0,30
2014-03-17,0.021986846,20.7947382,2.27121073,0,0,30
2014-03-18,0.021948228,20.77929121,2.268893681,0,0,30
2014-03-19,0.021908294,20.76331769,2.266497654,0,0,30
2014-03-20,0.021867056,20.74682239,2.264023358,0,0,30
2014-03-21,0.021824525,20.72981016,2.261471524,0,0,30
2014-03-22,0.021780715,20.71228606,2.258842909,0,0,30
2014-03-23,0.021735638,20.69425527,2.25613829,0,0,30
2014-03-24,0.021689308,20.67572312,2.253358468,0,0,30
2014-03-25,0.021641738,20.65669509,2.250504264,0,0,30
2014-03-26,0.021592942,20.63717683,2.247576524,0,0,30
2014-03-27,0.021542935,20.61717409,2.244576114,0,0,30
2014-03-28,0.021491732,20.59669281,2.241503922,0,0,30
2014-03-29,0.021439348,20.57573904,2.238360856,0,0,30
2014-03-30,0.021385797,20.55431899,2.235147848,0,0,30
2014-03-31,0.021331097,20.53243898,2.231865848,0,0,30
2014-04-01,0.021306669,20.52266773,2.23040016,0,0,30
2014-04-02,0.021250342,20.50013681,2.227020522,0,0,30
2014-04-03,0.021192905,20.47716198,2.223574297,0,0,30
2014-04-04,0.021134375,20.45375003,2.220062505,0,0,30
2014-04-05,0.02107477,20.42990789,2.216486184,0,0,30
2014-04-06,0.021014107,20.40564262,2.212846393,0,0,30
2014-04-07,0.020952403,20.3809614,2.20914421,0,0,30
2014-04-08,0.020889679,20.35587153,2.205380729,0,0,30
2014-04-09,0.020825951,20.33038043,2.201557065,0,0,30
2014-04-10,0.020761239,20.30449566,2.197674348,0,0,30
2014-04-11,0.020695562,20.27822486,2.193733729,0,0,30
2014-04-12,0.02062894,20.25157581,2.189736372,0,0,30
2014-04-13,0.020561391,20.22455641,2.185683461,0,0,30
2014-04-14,0.020492937,20.19717463,2.181576195,0,0,30
2014-04-15,0.020423596,20.1694386,2.17741579,0,0,30
2014-04-16,0.020353391,20.14135651,2.173203476,0,0,30
2014-04-17,0.020282342,20.11293667,2.1689405,0,0,30
2014-04-18,0.020210469,20.08418749,2.164628124,0,0,30
2014-04-19,0.020137794,20.05511749,2.160267624,0,0,30
2014-04-20,0.020064338,20.02573527,2.15586029,0,0,30
2014-04-21,0.019990124,19.99604951,2.151407426,0,0,30
2014-04-22,0.019915172,19.966069,2.14691035,0,0,30
2014-04-23,0.019839507,19.93580262,2.142370393,0,0,30
2014-04-24,0.019763148,19.90525932,2.137788897,0,0,30
2014-04-25,0.01968612,19.87444813,2.13316722,0,0,30
2014-04-26,0.019608445,19.84337819,2.128506728,0,0,30
2014-04-27,0.019530147,19.81205867,2.123808801,0,0,30
2014-04-28,0.019451247,19.78049886,2.119074829,0,0,30
2014-04-29,0.01937177,19.74870808,2.114306212,0,0,30
2014-04-30,0.019291739,19.71669575,2.109504362,0,0,30
2014-05-01,0.01917557,19.67022786,2.102534179,0,0,30
2014-05-02,0.019094287,19.63771482,2.097657222,0,0,30
2014-05-03,0.019012533,19.60501306,2.092751959,0,0,30
2014-05-04,0.018930331,19.57213227,2.087819841,0,0,30
2014-05-05,0.018847705,19.53908218,2.082862328,0,0,30
2014-05-06,0.018764681,19.50587257,2.077880886,0,0,30
2014-05-07,0.018681283,19.47251326,2.072876989,0,0,30
2014-05-08,0.018597535,19.43901413,2.067852119,0,0,30
2014-05-09,0.018513463,19.40538508,2.062807762,0,0,30
2014-05-10,0.01842909,19.37163608,2.057745412,0,0,30
2014-05-11,0.018344443,19.3377771,2.052666565,0,0,30
2014-05-12,0.018259545,19.30381817,2.047572725,0,0,30
2014-05-13,0.018174423,19.26976933,2.0424654,0,0,30
2014-05-14,0.018089102,19.23564067,2.0373461,0,0,30
2014-05-15,0.018003606,19.20144227,2.032216341,0,0,30
2014-05-16,0.017917961,19.16718427,2.02707764,0,0,30
2014-05-17,0.017832192,19.13287679,2.021931518,0,0,30
2014-05-18,0.017746325,19.09852999,2.016779498,0,0,30
2014-05-19,0.017660385,19.06415403,2.011623105,0,0,30
2014-05-20,0.017574398,19.0297591,2.006463864,0,0,30
2014-05-21,0.017488388,18.99535535,2.001303302,0,0,30
2014-05-22,0.017402382,18.96095298,1.996142947,0,0,30
2014-05-23,0.017316405,18.92656216,1.990984324,0,0,30
2014-05-24,0.017230483,18.89219308,1.985828962,0,0,30
2014-05-25,0.01714464,18.85785589,1.980678384,0,0,30
2014-05-26,0.017058902,18.82356077,1.975534116,0,0,30
2014-05-27,0.016973295,18.78931787,1.97039768,0,0,30
2014-05-28,0.016887843,18.7551373,1.965270595,0,0,30
2014-05-29,0.016802573,18.72102919,1.960154379,0,0,30
2014-05-30,0.016717509,18.68700364,1.955050546,0,0,30
2014-05-31,0.016632677,18.65307071,1.949960606,0,0,30
2014-06-01,0.01659543,18.63817215,1.947725822,0,0,30
2014-06-02,0.016510976,18.60439022,1.942658533,0,0,30
2014-06-03,0.016426813,18.57072536,1.937608804,0,0,30
2014-06-04,0.016342969,18.53718753,1.93257813,0,0,30
2014-06-05,0.016259467,18.50378665,1.927567998,0,0,30
2014-06-06,0.016176332,18.47053262,1.922579892,0,0,30
2014-06-07,0.016093588,18.43743525,1.917615288,0,0,30
2014-06-08,0.016011261,18.40450436,1.912675655,0,0,30
2014-06-09,0.015929374,18.37174969,1.907762454,0,0,30
2014-06-10,0.015847952,18.33918093,1.902877139,0,0,30
2014-06-11,0.015767019,18.30680771,1.898021157,0,0,30
2014-06-12,0.015686599,18.27463962,1.893195944,0,0,30
2014-06-13,0.015606715,18.24268618,1.888402927,0,0,30
2014-06-14,0.015527392,18.21095684,1.883643526,0,0,30
2014-06-15,0.015448652,18.17946099,1.878919148,0,0,30
2014-06-16,0.01537052,18.14820795,1.874231192,0,0,30
2014-06-17,0.015293017,18.11720696,1.869581045,0,0,30
2014-06-18,0.015216168,18.08646721,1.864970082,0,0,30
2014-06-19,0.015139994,18.05599779,1.860399669,0,0,30
2014-06-20,0.015064519,18.02580772,1.855871158,0,0,30
2014-06-21,0.014989765,17.99590592,1.851385889,0,0,30
2014-06-22,0.014915753,17.96630126,1.846945188,0,0,30
2014-06-23,0.014842506,17.93700248,1.842550371,0,0,30
2014-06-24,0.014770046,17.90801825,1.838202738,0,0,30
2014-06-25,0.014698393,17.87935717,1.833903575,0,0,30
2014-06-26,0.014627569,17.8510277,1.829654154,0,0,30
2014-06-27,0.014557596,17.82303823,1.825455734,0,0,30
2014-06-28,0.014488493,17.79539704,1.821309555,0,0,30
2014-06-29,0.014420281,17.76811231,1.817216846,0,0,30
2014-06-30,0.01435298,17.74119212,1.813178817,0,0,30
2014-07-01,0.014257709,17.70308348,1.807462522,0,0,30
2014-07-02,0.014192715,17.67708596,1.803562894,0,0,30
2014-07-03,0.0141287,17.65147992,1.799721987,0,0,30
2014-07-04,0.014065682,17.62627292,1.795940938,0,0,30
2014-07-05,0.014003681,17.60147243,1.792220865,0,0,30
2014-07-06,0.013942714,17.57708579,1.788562868,0,0,30
2014-07-07,0.013882801,17.55312021,1.784968032,0,0,30
2014-07-08,0.013823957,17.52958279,1.781437418,0,0,30
2014-07-09,0.013766201,17.50648048,1.777972073,0,0,30
2014-07-10,0.01370955,17.48382014,1.774573021,0,0,30
2014-07-11,0.013654021,17.46160845,1.771241268,0,0,30
2014-07-12,0.01359963,17.439852,1.7679778,0,0,30
2014-07-13,0.013546393,17.41855723,1.764783584,0,0,30
2014-07-14,0.013494326,17.39773042,1.761659564,0,0,30
2014-07-15,0.013443444,17.37737776,1.758606664,0,0,30
2014-07-16,0.013393763,17.35750525,1.755625788,0,0,30
2014-07-17,0.013345297,17.33811879,1.752717818,0,0,30
2014-07-18,0.01329806,17.3192241,1.749883615,0,0,30
2014-07-19,0.013252067,17.30082678,1.747124017,0,0,30
2014-07-20,0.013207331,17.28293228,1.744439841,0,0,30
2014-07-21,0.013163865,17.26554588,1.741831882,0,0,30
2014-07-22,0.013121682,17.24867273,1.73930091,0,0,30
2014-07-23,0.013080795,17.23231783,1.736847675,0,0,30
2014-07-24,0.013041215,17.21648602,1.734472903,0,0,30
2014-07-25,0.013002955,17.20118198,1.732177297,0,0,30
2014-07-26,0.012966026,17.18641023,1.729961535,0,0,30
2014-07-27,0.012930438,17.17217516,1.727826274,0,0,30
2014-07-28,0.012896202,17.15848097,1.725772145,0,0,30
2014-07-29,0.012863329,17.14533171,1.723799757,0,0,30
2014-07-30,0.012831828,17.13273128,1.721909693,0,0,30
2014-07-31,0.012801709,17.12068341,1.720102511,0,0,30
2014-08-01,0.012788896,17.11555832,1.719333748,0,0,30
2014-08-02,0.012760781,17.10431234,1.717646852,0,0,30
2014-08-03,0.012734068,17.09362733,1.7160441,0,0,30
2014-08-04,0.012708766,17.08350645,1.714525967,0,0,30
2014-08-05,0.012684882,17.07395269,1.713092903,0,0,30
2014-08-06,0.012662422,17.06496887,1.711745331,0,0,30
2014-08-07,0.012641394,17.05655767,1.71048365,0,0,30
2014-08-08,0.012621804,17.04872155,1.709308233,0,0,30
2014-08-09,0.012603657,17.04146286,1.708219429,0,0,30
2014-08-10,0.012586959,17.03478372,1.707217558,0,0,30
2014-08-11,0.012571715,17.02868613,1.706302919,0,0,30
2014-08-12,0.01255793,17.02317188,1.705475781,0,0,30
2014-08-13,0.012545607,17.0182426,1.70473639,0,0,30
2014-08-14,0.012534749,17.01389976,1.704084964,0,0,30
2014-08-15,0.012525362,17.01014463,1.703521695,0,0,30
2014-08-16,0.012517446,17.00697834,1.703046751,0,0,30
2014-08-17,0.012511005,17.00440181,1.702660272,0,0,30
2014-08-18,0.01250604,17.00241582,1.702362373,0,0,30
2014-08-19,0.012502552,17.00102094,1.702153141,0,0,30
2014-08-20,0.012500544,17.00021759,1.702032639,0,0,30
2014-08-21,0.012500015,17.00000601,1.702000901,0,0,30
2014-08-22,0.012500966,17.00038626,1.702057939,0,0,30
2014-08-23,0.012503396,17.00135823,1.702203734,0,0,30
2014-08-24,0.012507304,17.00292162,1.702438243,0,0,30
2014-08-25,0.01251269,17.00507599,1.702761398,0,0,30
2014-08-26,0.012519552,17.00782068,1.703173102,0,0,30
2014-08-27,0.012527887,17.0111549,1.703673234,0,0,30
2014-08-28,0.012537694,17.01507764,1.704261646,0,0,30
2014-08-29,0.012548969,17.01958775,1.704938163,0,0,30
2014-08-30,0.01256171,17.0246839,1.705702586,0,0,30
2014-08-31,0.012575911,17.03036458,1.706554687,0,0,30
2014-09-01,0.012582622,17.03304883,1.706957325,0,0,30
2014-09-02,0.012598921,17.03956823,1.707935235,0,0,30
2014-09-03,0.012616669,17.04666776,1.709000164,0,0,30
2014-09-04,0.012635863,17.0543453,1.710151796,0,0,30
2014-09-05,0.012656497,17.0625986,1.71138979,0,0,30
2014-09-06,0.012678563,17.07142521,1.712713781,0,0,30
2014-09-07,0.012702056,17.08082251,1.714123376,0,0,30
2014-09-08,0.012726969,17.09078772,1.715618159,0,0,30
2014-09-09,0.012753295,17.10131791,1.717197686,0,0,30
2014-09-10,0.012781025,17.11240994,1.718861491,0,0,30
2014-09-11,0.012810151,17.12406054,1.720609082,0,0,30
2014-09-12,0.012840666,17.13626627,1.72243994,0,0,30
2014-09-13,0.012872559,17.1490235,1.724353525,0,0,30
2014-09-14,0.012905821,17.16232847,1.72634927,0,0,30
2014-09-15,0.012940443,17.17617723,1.728426584,0,0,30
2014-09-16,0.012976414,17.19056569,1.730584853,0,0,30
2014-09-17,0.013013724,17.20548959,1.732823438,0,0,30
2014-09-18,0.013052361,17.22094452,1.735141677,0,0,30
2014-09-19,0.013092315,17.23692589,1.737538884,0,0,30
2014-09-20,0.013133572,17.25342899,1.740014349,0,0,30
2014-09-21,0.013176122,17.27044893,1.742567339,0,0,30
2014-09-22,0.013219952,17.28798067,1.7451971,0,0,30
2014-09-23,0.013265048,17.30601902,1.747902853,0,0,30
2014-09-24,0.013311397,17.32455865,1.750683798,0,0,30
2014-09-25,0.013358985,17.34359407,1.753539111,0,0,30
2014-09-26,0.013407799,17.36311965,1.756467947,0,0,30
2014-09-27,0.013457824,17.38312961,1.759469441,0,0,30
2014-09-28,0.013509045,17.40361802,1.762542703,0,0,30
2014-09-29,0.013561447,17.42457883,1.765686824,0,0,30
2014-09-30,0.013615015,17.44600583,1.768900875,0,0,30
2014-10-01,0.013694167,17.47766692,1.773650038,0,0,30
2014-10-02,0.013750511,17.50020455,1.777030682,0,0,30
2014-10-03,0.013807965,17.52318599,1.780477898,0,0,30
2014-10-04,0.013866511,17.54660444,1.783990666,0,0,30
2014-10-05,0.013926132,17.57045298,1.787567947,0,0,30
2014-10-06,0.013986811,17.59472454,1.791208681,0,0,30
2014-10-07,0.01404853,17.61941195,1.794911792,0,0,30
2014-10-08,0.01411127,17.64450789,1.798676184,0,0,30
2014-10-09,0.014175012,17.67000495,1.802500742,0,0,30
2014-10-10,0.014239739,17.69589557,1.806384336,0,0,30
2014-10-11,0.01430543,17.7221721,1.810325815,0,0,30
2014-10-12,0.014372067,17.74882676,1.814324014,0,0,30
2014-10-13,0.014439629,17.77585166,1.81837775,0,0,30
2014-10-14,0.014508097,17.80323881,1.822485822,0,0,30
2014-10-15,0.01457745,17.8309801,1.826647015,0,0,30
2014-10-16,0.014647668,17.85906732,1.830860098,0,0,30
2014-10-17,0.01471873,17.88749216,1.835123824,0,0,30
2014-10-18,0.014790616,17.91624621,1.839436931,0,0,30
2014-10-19,0.014863302,17.94532096,1.843798143,0,0,30
2014-10-20,0.01493677,17.9747078,1.84820617,0,0,30
2014-10-21,0.015010995,18.00439805,1.852659707,0,0,30
2014-10-22,0.015085957,18.03438291,1.857157436,0,0,30
2014-10-23,0.015161634,18.06465351,1.861698026,0,0,30
2014-10-24,0.015238002,18.0952009,1.866280134,0,0,30
2014-10-25,0.01531504,18.12601603,1.870902404,0,0,30
2014-10-26,0.015392724,18.15708978,1.875563467,0,0,30
2014-10-27,0.015471032,18.18841297,1.880261946,0,0,30
2014-10-28,0.015549941,18.21997632,1.884996448,0,0,30
2014-10-29,0.015629426,18.25177049,1.889765574,0,0,30
2014-10-30,0.015709465,18.28378607,1.894567911,0,0,30
2014-10-31,0.015790034,18.3160136,1.89940204,0,0,30
2014-11-01,0.015825646,18.33025839,1.901538759,0,0,30
2014-11-02,0.015906936,18.36277434,1.906416151,0,0,30
2014-11-03,0.015988697,18.39547885,1.911321828,0,0,30
2014-11-04,0.016070906,18.42836225,1.916254338,0,0,30
2014-11-05,0.016153537,18.46141481,1.921212221,0,0,30
2014-11-06,0.016236567,18.49462674,1.926194011,0,0,30
2014-11-07,0.016319971,18.52798822,1.931198233,0,0,30
2014-11-08,0.016403723,18.56148937,1.936223406,0,0,30
2014-11-09,0.016487801,18.59512029,1.941268044,0,0,30
2014-11-10,0.016572178,18.62887102,1.946330653,0,0,30
2014-11-11,0.016656829,18.66273157,1.951409736,0,0,30
2014-11-12,0.01674173,18.69669193,1.956503789,0,0,30
2014-11-13,0.016826855,18.73074203,1.961611305,0,0,30
2014-11-14,0.01691218,18.76487182,1.966730773,0,0,30
2014-11-15,0.016997678,18.79907118,1.971860678,0,0,30
2014-11-16,0.017083325,18.83333001,1.976999501,0,0,30
2014-11-17,0.017169095,18.86763815,1.982145722,0,0,30
2014-11-18,0.017254964,18.90198546,1.987297819,0,0,30
2014-11-19,0.017340904,18.93636178,1.992454266,0,0,30
2014-11-20,0.017426892,18.97075692,1.997613538,0,0,30
2014-11-21,0.017512902,19.00516072,2.002774108,0,0,30
2014-11-22,0.017598907,19.03956299,2.007934449,0,0,30
2014-11-23,0.017684884,19.07395356,2.013093034,0,0,30
2014-11-24,0.017770806,19.10832224,2.018248336,0,0,30
2014-11-25,0.017856647,19.14265887,2.02339883,0,0,30
2014-11-26,0.017942383,19.17695328,2.028542992,0,0,30
2014-11-27,0.018027988,19.21119533,2.033679299,0,0,30
2014-11-28,0.018113437,19.24537488,2.038806232,0,0,30
2014-11-29,0.018198705,19.27948182,2.043922274,0,0,30
2014-11-30,0.018283765,19.31350606,2.049025909,0,0,30
2014-12-01,0.018405838,19.3623354,2.05635031,0,0,30
2014-12-02,0.018490289,19.39611564,2.061417346,0,0,30
2014-12-03,0.018574447,19.42977867,2.0664668,0,0,30
2014-12-04,0.018658286,19.46331452,2.071497178,0,0,30
2014-12-05,0.018741783,19.49671327,2.07650699,0,0,30
2014-12-06,0.018824913,19.52996503,2.081494754,0,0,30
2014-12-07,0.01890765,19.56305996,2.086458995,0,0,30
2014-12-08,0.018989971,19.59598828,2.091398242,0,0,30
2014-12-09,0.019071851,19.62874024,2.096311035,0,0,30
2014-12-10,0.019153265,19.66130614,2.101195921,0,0,30
2014-12-11,0.019234191,19.69367635,2.106051452,0,0,30
2014-12-12,0.019314603,19.72584129,2.110876193,0,0,30
2014-12-13,0.019394479,19.75779144,2.115668716,0,0,30
2014-12-14,0.019473793,19.78951735,2.120427602,0,0,30
2014-12-15,0.019552524,19.82100963,2.125151444,0,0,30
2014-12-16,0.019630647,19.85225895,2.129838843,0,0,30
2014-12-17,0.01970814,19.88325609,2.134488413,0,0,30
2014-12-18,0.01978498,19.91399185,2.139098777,0,0,30
2014-12-19,0.019861143,19.94445714,2.143668571,0,0,30
2014-12-20,0.019936607,19.97464296,2.148196444,0,0,30
2014-12-21,0.020011351,20.00454036,2.152681054,0,0,30
2014-12-22,0.020085351,20.03414051,2.157121076,0,0,30
2014-12-23,0.020158587,20.06343463,2.161515195,0,0,30
2014-12-24,0.020231035,20.09241407,2.165862111,0,0,30
2014-12-25,0.020302676,20.12107025,2.170160537,0,0,30
2014-12-26,0.020373487,20.14939468,2.174409202,0,0,30
2014-12-27,0.020443447,20.17737899,2.178606848,0,0,30
2014-12-28,0.020512537,20.20501489,2.182752233,0,0,30
2014-12-29,0.020580736,20.23229421,2.186844131,0,0,30
2014-12-30,0.020648022,20.25920887,2.190881331,0,0,30
2014-12-31,0.020714377,20.28575092,2.194862637,0,0,30
2015-01-01,0.020741309,20.29652362,2.196478543,0,0,30
2015-01-02,0.020806317,20.32252695,2.200379042,0,0,30
2015-01-03,0.020870347,20.34813892,2.204220838,0,0,30
2015-01-04,0.02093338,20.37335196,2.208002794,0,0,30
2015-01-05,0.020995397,20.3981586,2.21172379,0,0,30
2015-01-06,0.021056379,20.4225515,2.215382726,0,0,30
2015-01-07,0.021116309,20.44652345,2.218978518,0,0,30
2015-01-08,0.021175168,20.47006735,2.222510102,0,0,30
2015-01-09,0.021232941,20.49317623,2.225976434,0,0,30
2015-01-10,0.021289608,20.51584325,2.229376488,0,0,30
2015-01-11,0.021345154,20.53806172,2.232709258,0,0,30
2015-01-12,0.021399563,20.55982504,2.235973757,0,0,30
2015-01-13,0.021452817,20.58112679,2.239169019,0,0,30
2015-01-14,0.021504902,20.60196066,2.242294099,0,0,30
2015-01-15,0.021555801,20.62232048,2.245348073,0,0,30
2015-01-16,0.021605501,20.64220024,2.248330035,0,0,30
2015-01-17,0.021653985,20.66159403,2.251239105,0,0,30
2015-01-18,0.02170124,20.68049614,2.254074421,0,0,30
2015-01-19,0.021747252,20.69890096,2.256835144,0,0,30
2015-01-20,0.021792008,20.71680305,2.259520457,0,0,30
2015-01-21,0.021835493,20.7341971,2.262129566,0,0,30
2015-01-22,0.021877695,20.75107799,2.264661698,0,0,30
2015-01-23,0.021918602,20.76744069,2.267116104,0,0,30
2015-01-24,0.021958201,20.78328039,2.269492058,0,0,30
2015-01-25,0.021996481,20.79859238,2.271788857,0,0,30
2015-01-26,0.02203343,20.81337214,2.274005822,0,0,30
2015-01-27,0.022069038,20.8276153,2.276142295,0,0,30
2015-01-28,0.022103294,20.84131763,2.278197645,0,0,30
2015-01-29,0.022136188,20.85447509,2.280171264,0,0,30
2015-01-30,0.022167709,20.86708378,2.282062567,0,0,30
2015-01-31,0.02219785,20.87913997,2.283870996,0,0,30
2015-02-01,0.022210672,20.88426874,2.284640311,0,0,30
2015-02-02,0.022238808,20.8955231,2.286328465,0,0,30
2015-02-03,0.022265541,20.90621655,2.287932483,0,0,30
2015-02-04,0.022290865,20.91634592,2.289451888,0,0,30
2015-02-05,0.022314771,20.92590821,2.290886231,0,0,30
2015-02-06,0.022337251,20.93490059,2.292235089,0,0,30
2015-02-07,0.022358301,20.94332041,2.293498061,0,0,30
2015-02-08,0.022377913,20.95116516,2.294674775,0,0,30
2015-02-09,0.022396081,20.95843254,2.295764881,0,0,30
2015-02-10,0.022412801,20.96512038,2.296768057,0,0,30
2015-02-11,0.022428067,20.97122671,2.297684007,0,0,30
2015-02-12,0.022441874,20.97674973,2.298512459,0,0,30
2015-02-13,0.022454219,20.98168779,2.299253168,0,0,30
2015-02-14,0.022465099,20.98603944,2.299905916,0,0,30
2015-02-15,0.022474508,20.98980339,2.300470508,0,0,30
2015-02-16,0.022482446,20.99297852,2.300946778,0,0,30
2015-02-17,0.02248891,20.9955639,2.301334585,0,0,30
2015-02-18,0.022493897,20.99755876,2.301633814,0,0,30
2015-02-19,0.022497406,20.99896251,2.301844376,0,0,30
2015-02-20,0.022499437,20.99977473,2.30196621,0,0,30
2015-02-21,0.022499988,20.99999519,2.301999278,0,0,30
2015-02-22,0.02249906,20.99962382,2.301943573,0,0,30
2015-02-23,0.022496652,20.99866072,2.301799109,0,0,30
2015-02-24,0.022492765,20.9971062,2.301565929,0,0,30
2015-02-25,0.022487402,20.99496069,2.301244104,0,0,30
2015-02-26,0.022480562,20.99222485,2.300833727,0,0,30
2015-02-27,0.022472249,20.98889947,2.30033492,0,0,30
2015-02-28,0.022462464,20.98498554,2.299747832,0,0,30
2015-03-01,0.022417611,20.96704453,2.29705668,0,0,30
2015-03-02,0.022401335,20.96053385,2.296080077,0,0,30
2015-03-03,0.022383608,20.95344301,2.295016452,0,0,30
2015-03-04,0.022364435,20.94577412,2.293866118,0,0,30
2015-03-05,0.022343824,20.93752944,2.292629416,0,0,30
2015-03-06,0.022321779,20.92871142,2.291306712,0,0,30
2015-03-07,0.022298307,20.91932265,2.289898398,0,0,30
2015-03-08,0.022273415,20.90936594,2.28840489,0,0,30
2015-03-09,0.022247111,20.8988442,2.286826631,0,0,30
2015-03-10,0.022219401,20.88776057,2.285164086,0,0,30
2015-03-11,0.022190296,20.87611832,2.283417749,0,0,30
2015-03-12,0.022159802,20.8639209,2.281588135,0,0,30
2015-03-13,0.02212793,20.85117191,2.279675787,0,0,30
2015-03-14,0.022094688,20.83787514,2.27768127,0,0,30
2015-03-15,0.022060086,20.8240345,2.275605175,0,0,30
2015-03-16,0.022024135,20.8096541,2.273448116,0,0,30
2015-03-17,0.021986846,20.7947382,2.27121073,0,0,30
2015-03-18,0.021948228,20.77929121,2.268893681,0,0,30
2015-03-19,0.021908294,20.76331769,2.266497654,0,0,30
2015-03-20,0.021867056,20.74682239,2.264023358,0,0,30
2015-03-21,0.021824525,20.72981016,2.261471524,0,0,30
2015-03-22,0.021780715,20.71228606,2.258842909,0,0,30
2015-03-23,0.021735638,20.69425527,2.25613829,0,0,30
2015-03-24,0.021689308,20.67572312,2.253358468,0,0,30
2015-03-25,0.021641738,20.65669509,2.250504264,0,0,30
2015-03-26,0.021592942,20.63717683,2.247576524,0,0,30
2015-03-27,0.021542935,20.61717409,2.244576114,0,0,30
2015-03-28,0.021491732,20.59669281,2.241503922,0,0,30
2015-03-29,0.021439348,20.57573904,2.238360856,0,0,30
2015-03-30,0.021385797,20.55431899,2.235147848,0,0,30
2015-03-31,0.021331097,20.53243898,2.231865848,0,0,30
2015-04-01,0.021306669,20.52266773,2.23040016,0,0,30
2015-04-02,0.021250342,20.50013681,2.227020522,0,0,30
2015-04-03,0.021192905,20.47716198,2.223574297,0,0,30
2015-04-04,0.021134375,20.45375003,2.220062505,0,0,30
2015-04-05,0.02107477,20.42990789,2.216486184,0,0,30
2015-04-06,0.021014107,20.40564262,2.212846393,0,0,30
2015-04-07,0.020952403,20.3809614,2.20914421,0,0,30
2015-04-08,0.020889679,20.35587153,2.205380729,0,0,30
2015-04-09,0.020825951,20.33038043,2.201557065,0,0,30
2015-04-10,0.020761239,20.30449566,2.197674348,0,0,30
2015-04-11,0.020695562,20.27822486,2.193733729,0,0,30
2015-04-12,0.02062894,20.25157581,2.189736372,0,0,30
2015-04-13,0.020561391,20.22455641,2.185683461,0,0,30
2015-04-14,0.020492937,20.19717463,2.181576195,0,0,30
2015-04-15,0.020423596,20.1694386,2.17741579,0,0,30
2015-04-16,0.020353391,20.14135651,2.173203476,0,0,30
2015-04-17,0.020282342,20.11293667,2.1689405,0,0,30
2015-04-18,0.020210469,20.08418749,2.164628124,0,0,30
2015-04-19,0.020137794,20.05511749,2.160267624,0,0,30
2015-04-20,0.020064338,20.02573527,2.15586029,0,0,30
2015-04-21,0.019990124,19.99604951,2.151407426,0,0,30
2015-04-22,0.019915172,19.966069,2.14691035,0,0,30
2015-04-23,0.019839507,19.93580262,2.142370393,0,0,30
2015-04-24,0.019763148,19.90525932,2.137788897,0,0,30
2015-04-25,0.01968612,19.87444813,2.13316722,0,0,30
2015-04-26,0.019608445,19.84337819,2.128506728,0,0,30
2015-04-27,0.019530147,19.81205867,2.123808801,0,0,30
2015-04-28,0.019451247,19.78049886,2.119074829,0,0,30
2015-04-29,0.01937177,19.74870808,2.114306212,0,0,30
2015-04-30,0.019291739,19.71669575,2.109504362,0,0,30
2015-05-01,0.01917557,19.67022786,2.102534179,0,0,30
2015-05-02,0.019094287,19.63771482,2.097657222,0,0,30
2015-05-03,0.019012533,19.60501306,2.092751959,0,0,30
2015-05-04,0.018930331,19.57213227,2.087819841,0,0,30
2015-05-05,0.018847705,19.53908218,2.082862328,0,0,30
2015-05-06,0.018764681,19.50587257,2.077880886,0,0,30
2015-05-07,0.018681283,19.47251326,2.072876989,0,0,30
2015-05-08,0.018597535,19.43901413,2.067852119,0,0,30
2015-05-09,0.018513463,19.40538508,2.062807762,0,0,30
2015-05-10,0.01842909,19.37163608,2.057745412,0,0,30
2015-05-11,0.018344443,19.3377771,2.052666565,0,0,30
2015-05-12,0.018259545,19.30381817,2.047572725,0,0,30
2015-05-13,0.018174423,19.26976933,2.0424654,0,0,30
2015-05-14,0.018089102,19.23564067,2.0373461,0,0,30
2015-05-15,0.018003606,19.20144227,2.032216341,0,0,30
2015-05-16,0.017917961,19.16718427,2.02707764,0,0,30
2015-05-17,0.017832192,19.13287679,2.021931518,0,0,30
2015-05-18,0.017746325,19.09852999,2.016779498,0,0,30
2015-05-19,0.017660385,19.06415403,2.011623105,0,0,30
2015-05-20,0.017574398,19.0297591,2.006463864,0,0,30
2015-05-21,0.017488388,18.99535535,2.001303302,0,0,30
2015-05-22,0.017402382,18.96095298,1.996142947,0,0,30
2015-05-23,0.017316405,18.92656216,1.990984324,0,0,30
2015-05-24,0.017230483,18.89219308,1.985828962,0,0,30
2015-05-25,0.01714464,18.85785589,1.980678384,0,0,30
2015-05-26,0.017058902,18.82356077,1.975534116,0,0,30
2015-05-27,0.016973295,18.78931787,1.97039768,0,0,30
2015-05-28,0.016887843,18.7551373,1.965270595,0,0,30
2015-05-29,0.016802573,18.72102919,1.960154379,0,0,30
2015-05-30,0.016717509,18.68700364,1.955050546,0,0,30
2015-05-31,0.016632677,18.65307071,1.949960606,0,0,30
2015-06-01,0.01659543,18.63817215,1.947725822,0,0,30
2015-06-02,0.016510976,18.60439022,1.942658533,0,0,30
2015-06-03,0.016426813,18.57072536,1.937608804,0,0,30
2015-06-04,0.016342969,18.53718753,1.93257813,0,0,30
2015-06-05,0.016259467,18.50378665,1.927567998,0,0,30
2015-06-06,0.016176332,18.47053262,1.922579892,0,0,30
2015-06-07,0.016093588,18.43743525,1.917615288,0,0,30
2015-06-08,0.016011261,18.40450436,1.912675655,0,0,30
2015-06-09,0.015929374,18.37174969,1.907762454,0,0,30
2015-06-10,0.015847952,18.33918093,1.902877139,0,0,30
2015-06-11,0.015767019,18.30680771,1.898021157,0,0,30
2015-06-12,0.015686599,18.27463962,1.893195944,0,0,30
2015-06-13,0.015606715,18.24268618,1.888402927,0,0,30
2015-06-14,0.015527392,18.21095684,1.883643526,0,0,30
2015-06-15,0.015448652,18.17946099,1.878919148,0,0,30
2015-06-16,0.01537052,18.14820795,1.874231192,0,0,30
2015-06-17,0.015293017,18.11720696,1.869581045,0,0,30
2015-06-18,0.015216168,18.08646721,1.864970082,0,0,30
2015-06-19,0.015139994,18.05599779,1.860399669,0,0,30
2015-06-20,0.015064519,18.02580772,1.855871158,0,0,30
2015-06-21,0.014989765,17.99590592,1.851385889,0,0,30
2015-06-22,0.014915753,17.96630126,1.846945188,0,0,30
2015-06-23,0.014842506,17.93700248,1.842550371,0,0,30
2015-06-24,0.014770046,17.90801825,1.838202738,0,0,30
2015-06-25,0.014698393,17.87935717,1.833903575,0,0,30
2015-06-26,0.014627569,17.8510277,1.829654154,0,0,30
2015-06-27,0.014557596,17.82303823,1.825455734,0,0,30
2015-06-28,0.014488493,17.79539704,1.821309555,0,0,30
2015-06-29,0.014420281,17.76811231,1.817216846,0,0,30
2015-06-30,0.01435298,17.74119212,1.813178817,0,0,30
2015-07-01,0.014257709,17.70308348,1.807462522,0,0,30
2015-07-02,0.014192715,17.67708596,1.803562894,0,0,30
2015-07-03,0.0141287,17.65147992,1.799721987,0,0,30
2015-07-04,0.014065682,17.62627292,1.795940938,0,0,30
2015-07-05,0.014003681,17.60147243,1.792220865,0,0,30
2015-07-06,0.013942714,17.57708579,1.788562868,0,0,30
2015-07-07,0.013882801,17.55312021,1.784968032,0,0,30
2015-07-08,0.013823957,17.52958279,1.781437418,0,0,30
2015-07-09,0.013766201,17.50648048,1.777972073,0,0,30
2015-07-10,0.01370955,17.48382014,1.774573021,0,0,30
2015-07-11,0.013654021,17.46160845,1.771241268,0,0,30
2015-07-12,0.01359963,17.439852,1.7679778,0,0,30
2015-07-13,0.013546393,17.41855723,1.764783584,0,0,30
2015-07-14,0.013494326,17.39773042,1.761659564,0,0,30
2015-07-15,0.013443444,17.37737776,1.758606664,0,0,30
2015-07-16,0.013393763,17.35750525,1.755625788,0,0,30
2015-07-17,0.013345297,17.33811879,1.752717818,0,0,30
2015-07-18,0.01329806,17.3192241,1.749883615,0,0,30
2015-07-19,0.013252067,17.30082678,1.747124017,0,0,30
2015-07-20,0.013207331,17.28293228,1.744439841,0,0,30
2015-07-21,0.013163865,17.26554588,1.741831882,0,0,30
2015-07-22,0.013121682,17.24867273,1.73930091,0,0,30
2015-07-23,0.013080795,17.23231783,1.736847675,0,0,30
2015-07-24,0.013041215,17.21648602,1.734472903,0,0,30
2015-07-25,0.013002955,17.20118198,1.732177297,0,0,30
2015-07-26,0.012966026,17.18641023,1.729961535,0,0,30
2015-07-27,0.012930438,17.17217516,1.727826274,0,0,30
2015-07-28,0.012896202,17.15848097,1.725772145,0,0,30
2015-07-29,0.012863329,17.14533171,1.723799757,0,0,30
2015-07-30,0.012831828,17.13273128,1.721909693,0,0,30
2015-07-31,0.012801709,17.12068341,1.720102511,0,0,30
2015-08-01,0.012788896,17.11555832,1.719333748,0,0,30
2015-08-02,0.012760781,17.10431234,1.717646852,0,0,30
2015-08-03,0.012734068,17.09362733,1.7160441,0,0,30
2015-08-04,0.012708766,17.08350645,1.714525967,0,0,30
2015-08-05,0.012684882,17.07395269,1.713092903,0,0,30
2015-08-06,0.012662422,17.06496887,1.711745331,0,0,30
2015-08-07,0.012641394,17.05655767,1.71048365,0,0,30
2015-08-08,0.012621804,17.04872155,1.709308233,0,0,30
2015-08-09,0.012603657,17.04146286,1.708219429,0,0,30
2015-08-10,0.012586959,17.03478372,1.707217558,0,0,30
2015-08-11,0.012571715,17.02868613,1.706302919,0,0,30
2015-08-12,0.01255793,17.02317188,1.705475781,0,0,30
2015-08-13,0.012545607,17.0182426,1.70473639,0,0,30
2015-08-14,0.012534749,17.01389976,1.704084964,0,0,30
2015-08-15,0.012525362,17.01014463,1.703521695,0,0,30
2015-08-16,0.012517446,17.00697834,1.703046751,0,0,30
2015-08-17,0.012511005,17.00440181,1.702660272,0,0,30
2015-08-18,0.01250604,17.00241582,1.702362373,0,0,30
2015-08-19,0.012502552,17.00102094,1.702153141,0,0,30
2015-08-20,0.012500544,17.00021759,1.702032639,0,0,30
2015-08-21,0.012500015,17.00000601,1.702000901,0,0,30
2015-08-22,0.012500966,17.00038626,1.702057939,0,0,30
2015-08-23,0.012503396,17.00135823,1.702203734,0,0,30
2015-08-24,0.012507304,17.00292162,1.702438243,0,0,30
2015-08-25,0.01251269,17.00507599,1.702761398,0,0,30
2015-08-26,0.012519552,17.00782068,1.703173102,0,0,30
2015-08-27,0.012527887,17.0111549,1.703673234,0,0,30
2015-08-28,0.012537694,17.01507764,1.704261646,0,0,30
2015-08-29,0.012548969,17.01958775,1.704938163,0,0,30
2015-08-30,0.01256171,17.0246839,1.705702586,0,0,30
2015-08-31,0.012575911,17.03036458,1.706554687,0,0,30
2015-09-01,0.012582622,17.03304883,1.706957325,0,0,30
2015-09-02,0.012598921,17.03956823,1.707935235,0,0,30
2015-09-03,0.012616669,17.04666776,1.709000164,0,0,30
2015-09-04,0.012635863,17.0543453,1.710151796,0,0,30
2015-09-05,0.012656497,17.0625986,1.71138979,0,0,30
2015-09-06,0.012678563,17.07142521,1.712713781,0,0,30
2015-09-07,0.012702056,17.08082251,1.714123376,0,0,30
2015-09-08,0.012726969,17.09078772,1.715618159,0,0,30
2015-09-09,0.012753295,17.10131791,1.717197686,0,0,30
2015-09-10,0.012781025,17.11240994,1.718861491,0,0,30
2015-09-11,0.012810151,17.12406054,1.720609082,0,0,30
2015-09-12,0.012840666,17.13626627,1.72243994,0,0,30
2015-09-13,0.012872559,17.1490235,1.724353525,0,0,30
2015-09-14,0.012905821,17.16232847,1.72634927,0,0,30
2015-09-15,0.012940443,17.17617723,1.728426584,0,0,30
2015-09-16,0.012976414,17.19056569,1.730584853,0,0,30
2015-09-17,0.013013724,17.20548959,1.732823438,0,0,30
2015-09-18,0.013052361,17.22094452,1.735141677,0,0,30
2015-09-19,0.013092315,17.23692589,1.737538884,0,0,30
2015-09-20,0.013133572,17.25342899,1.740014349,0,0,30
2015-09-21,0.013176122,17.27044893,1.742567339,0,0,30
2015-09-22,0.013219952,17.28798067,1.7451971,0,0,30
2015-09-23,0.013265048,17.30601902,1.747902853,0,0,30
2015-09-24,0.013311397,17.32455865,1.750683798,0,0,30
2015-09-25,0.013358985,17.34359407,1.753539111,0,0,30
2015-09-26,0.013407799,17.36311965,1.756467947,0,0,30
2015-09-27,0.013457824,17.38312961,1.759469441,0,0,30
2015-09-28,0.013509045,17.40361802,1.762542703,0,0,30
2015-09-29,0.013561447,17.42457883,1.765686824,0,0,30
2015-09-30,0.013615015,17.44600583,1.768900875,0,0,30
2015-10-01,0.013694167,17.47766692,1.773650038,0,0,30
2015-10-02,0.013750511,17.50020455,1.777030682,0,0,30
2015-10-03,0.013807965,17.52318599,1.780477898,0,0,30
2015-10-04,0.013866511,17.54660444,1.783990666,0,0,30
2015-10-05,0.013926132,17.57045298,1.787567947,0,0,30
2015-10-06,0.013986811,17.59472454,1.791208681,0,0,30
2015-10-07,0.01404853,17.61941195,1.794911792,0,0,30
2015-10-08,0.01411127,17.64450789,1.798676184,0,0,30
2015-10-09,0.014175012,17.67000495,1.802500742,0,0,30
2015-10-10,0.014239739,17.69589557,1.806384336,0,0,30
2015-10-11,0.01430543,17.7221721,1.810325815,0,0,30
2015-10-12,0.014372067,17.74882676,1.814324014,0,0,30
2015-10-13,0.014439629,17.77585166,1.81837775,0,0,30
2015-10-14,0.014508097,17.80323881,1.822485822,0,0,30
2015-10-15,0.01457745,17.8309801,1.826647015,0,0,30
2015-10-16,0.014647668,17.85906732,1.830860098,0,0,30
2015-10-17,0.01471873,17.88749216,1.835123824,0,0,30
2015-10-18,0.014790616,17.91624621,1.839436931,0,0,30
2015-10-19,0.014863302,17.94532096,1.843798143,0,0,30
2015-10-20,0.01493677,17.9747078,1.84820617,0,0,30
2015-10-21,0.015010995,18.00439805,1.852659707,0,0,30
2015-10-22,0.015085957,18.03438291,1.857157436,0,0,30
2015-10-23,0.015161634,18.06465351,1.861698026,0,0,30
2015-10-24,0.015238002,18.0952009,1.866280134,0,0,30
2015-10-25,0.01531504,18.12601603,1.870902404,0,0,30
2015-10-26,0.015392724,18.15708978,1.875563467,0,0,30
2015-10-27,0.015471032,18.18841297,1.880261946,0,0,30
2015-10-28,0.015549941,18.21997632,1.884996448,0,0,30
2015-10-29,0.015629426,18.25177049,1.889765574,0,0,30
2015-10-30,0.015709465,18.28378607,1.894567911,0,0,30
2015-10-31,0.015790034,18.3160136,1.89940204,0,0,30
2015-11-01,0.015825646,18.33025839,1.901538759,0,0,30
2015-11-02,0.015906936,18.36277434,1.906416151,0,0,30
2015-11-03,0.015988697,18.39547885,1.911321828,0,0,30
2015-11-04,0.016070906,18.42836225,1.916254338,0,0,30
2015-11-05,0.016153537,18.46141481,1.921212221,0,0,30
2015-11-06,0.016236567,18.49462674,1.926194011,0,0,30
2015-11-07,0.016319971,18.52798822,1.931198233,0,0,30
2015-11-08,0.016403723,18.56148937,1.936223406,0,0,30
2015-11-09,0.016487801,18.59512029,1.941268044,0,0,30
2015-11-10,0.016572178,18.62887102,1.946330653,0,0,30
2015-11-11,0.016656829,18.66273157,1.951409736,0,0,30
2015-11-12,0.01674173,18.69669193,1.956503789,0,0,30
2015-11-13,0.016826855,18.73074203,1.961611305,0,0,30
2015-11-14,0.01691218,18.76487182,1.966730773,0,0,30
2015-11-15,0.016997678,18.79907118,1.971860678,0,0,30
2015-11-16,0.017083325,18.83333001,1.976999501,0,0,30
2015-11-17,0.017169095,18.86763815,1.982145722,0,0,30
2015-11-18,0.017254964,18.90198546,1.987297819,0,0,30
2015-11-19,0.017340904,18.93636178,1.992454266,0,0,30
2015-11-20,0.017426892,18.97075692,1.997613538,0,0,30
2015-11-21,0.017512902,19.00516072,2.002774108,0,0,30
2015-11-22,0.017598907,19.03956299,2.007934449,0,0,30
2015-11-23,0.017684884,19.07395356,2.013093034,0,0,30
2015-11-24,0.017770806,19.10832224,2.018248336,0,0,30
2015-11-25,0.017856647,19.14265887,2.02339883,0,0,30
2015-11-26,0.017942383,19.17695328,2.028542992,0,0,30
2015-11-27,0.018027988,19.21119533,2.033679299,0,0,30
2015-11-28,0.018113437,19.24537488,2.038806232,0,0,30
2015-11-29,0.018198705,19.27948182,2.043922274,0,0,30
2015-11-30,0.018283765,19.31350606,2.049025909,0,0,30
2015-12-01,0.018405838,19.3623354,2.05635031,0,0,30
2015-12-02,0.018490289,19.39611564,2.061417346,0,0,30
2015-12-03,0.018574447,19.42977867,2.0664668,0,0,30
2015-12-04,0.018658286,19.46331452,2.071497178,0,0,30
2015-12-05,0.018741783,19.49671327,2.07650699,0,0,30
2015-12-06,0.018824913,19.52996503,2.081494754,0,0,30
2015-12-07,0.01890765,19.56305996,2.086458995,0,0,30
2015-12-08,0.018989971,19.59598828,2.091398242,0,0,30
2015-12-09,0.019071851,19.62874024,2.096311035,0,0,30
2015-12-10,0.019153265,19.66130614,2.101195921,0,0,30
2015-12-11,0.019234191,19.69367635,2.106051452,0,0,30
2015-12-12,0.019314603,19.72584129,2.110876193,0,0,30
2015-12-13,0.019394479,19.75779144,2.115668716,0,0,30
2015-12-14,0.019473793,19.78951735,2.120427602,0,0,30
2015-12-15,0.019552524,19.82100963,2.125151444,0,0,30
2015-12-16,0.019630647,19.85225895,2.129838843,0,0,30
2015-12-17,0.01970814,19.88325609,2.134488413,0,0,30
2015-12-18,0.01978498,19.91399185,2.139098777,0,0,30
2015-12-19,0.019861143,19.94445714,2.143668571,0,0,30
2015-12-20,0.019936607,19.97464296,2.148196444,0,0,30
2015-12-21,0.020011351,20.00454036,2.152681054,0,0,30
2015-12-22,0.020085351,20.03414051,2.157121076,0,0,30
2015-12-23,0.020158587,20.06343463,2.161515195,0,0,30
2015-12-24,0.020231035,20.09241407,2.165862111,0,0,30
2015-12-25,0.020302676,20.12107025,2.170160537,0,0,30
2015-12-26,0.020373487,20.14939468,2.174409202,0,0,30
2015-12-27,0.020443447,20.17737899,2.178606848,0,0,30
2015-12-28,0.020512537,20.20501489,2.182752233,0,0,30
2015-12-29,0.020580736,20.23229421,2.186844131,0,0,30
2015-12-30,0.020648022,20.25920887,2.190881331,0,0,30
2015-12-31,0.020714377,20.28575092,2.194862637,0,0,30
2016-01-01,0.020741309,20.29652362,2.196478543,0,0,30
2016-01-02,0.020806317,20.32252695,2.200379042,0,0,30
2016-01-03,0.020870347,20.34813892,2.204220838,0,0,30
2016-01-04,0.02093338,20.37335196,2.208002794,0,0,30
2016-01-05,0.020995397,20.3981586,2.21172379,0,0,30
2016-01-06,0.021056379,20.4225515,2.215382726,0,0,30
2016-01-07,0.021116309,20.44652345,2.218978518,0,0,30
2016-01-08,0.021175168,20.47006735,2.222510102,0,0,30
2016-01-09,0.021232941,20.49317623,2.225976434,0,0,30
2016-01-10,0.021289608,20.51584325,2.229376488,0,0,30
2016-01-11,0.021345154,20.53806172,2.232709258,0,0,30
2016-01-12,0.021399563,20.55982504,2.235973757,0,0,30
2016-01-13,0.021452817,20.58112679,2.239169019,0,0,30
2016-01-14,0.021504902,20.60196066,2.242294099,0,0,30
2016-01-15,0.021555801,20.62232048,2.245348073,0,0,30
2016-01-16,0.021605501,20.64220024,2.248330035,0,0,30
2016-01-17,0.021653985,20.66159403,2.251239105,0,0,30
2016-01-18,0.02170124,20.68049614,2.254074421,0,0,30
2016-01-19,0.021747252,20.69890096,2.256835144,0,0,30
2016-01-20,0.021792008,20.71680305,2.259520457,0,0,30
2016-01-21,0.021835493,20.7341971,2.262129566,0,0,30
2016-01-22,0.021877695,20.75107799,2.264661698,0,0,30
2016-01-23,0.021918602,20.76744069,2.267116104,0,0,30
2016-01-24,0.021958201,20.78328039,2.269492058,0,0,30
2016-01-25,0.021996481,20.79859238,2.271788857,0,0,30
2016-01-26,0.02203343,20.81337214,2.274005822,0,0,30
2016-01-27,0.022069038,20.8276153,2.276142295,0,0,30
2016-01-28,0.022103294,20.84131763,2.278197645,0,0,30
2016-01-29,0.022136188,20.85447509,2.280171264,0,0,30
2016-01-30,0.022167709,20.86708378,2.282062567,0,0,30
2016-01-31,0.02219785,20.87913997,2.283870996,0,0,30
2016-02-01,0.022210672,20.88426874,2.284640311,0,0,30
2016-02-02,0.022238808,20.8955231,2.286328465,0,0,30
2016-02-03,0.022265541,20.90621655,2.287932483,0,0,30
2016-02-04,0.022290865,20.91634592,2.289451888,0,0,30
2016-02-05,0.022314771,20.92590821,2.290886231,0,0,30
2016-02-06,0.022337251,20.93490059,2.292235089,0,0,30
2016-02-07,0.022358301,20.94332041,2.293498061,0,0,30
2016-02-08,0.022377913,20.95116516,2.294674775,0,0,30
2016-02-09,0.022396081,20.95843254,2.295764881,0,0,30
2016-02-10,0.022412801,20.96512038,2.296768057,0,0,30
2016-02-11,0.022428067,20.97122671,2.297684007,0,0,30
2016-02-12,0.022441874,20.97674973,2.298512459,0,0,30
2016-02-13,0.022454219,20.98168779,2.299253168,0,0,30
2016-02-14,0.022465099,20.98603944,2.299905916,0,0,30
2016-02-15,0.022474508,20.98980339,2.300470508,0,0,30
2016-02-16,0.022482446,20.99297852,2.300946778,0,0,30
2016-02-17,0.02248891,20.9955639,2.301334585,0,0,30
2016-02-18,0.022493897,20.99755876,2.301633814,0,0,30
2016-02-19,0.022497406,20.99896251,2.301844376,0,0,30
2016-02-20,0.022499437,20.99977473,2.30196621,0,0,30
2016-02-21,0.022499988,20.99999519,2.301999278,0,0,30
2016-02-22,0.02249906,20.99962382,2.301943573,0,0,30
2016-02-23,0.022496652,20.99866072,2.301799109,0,0,30
2016-02-24,0.022492765,20.9971062,2.301565929,0,0,30
2016-02-25,0.022487402,20.99496069,2.301244104,0,0,30
2016-02-26,0.022480562,20.99222485,2.300833727,0,0,30
2016-02-27,0.022472249,20.98889947,2.30033492,0,0,30
2016-02-28,0.022462464,20.98498554,2.299747832,0,0,30
2016-02-29,0.022451211,20.98048423,2.299072635,0,0,30
2016-03-01,0.022417611,20.96704453,2.29705668,0,0,30
2016-03-02,0.022401335,20.96053385,2.296080077,0,0,30
2016-03-03,0.022383608,20.95344301,2.295016452,0,0,30
2016-03-04,0.022364435,20.94577412,2.293866118,0,0,30
2016-03-05,0.022343824,20.93752944,2.292629416,0,0,30
2016-03-06,0.022321779,20.92871142,2.291306712,0,0,30
2016-03-07,0.022298307,20.91932265,2.289898398,0,0,30
2016-03-08,0.022273415,20.90936594,2.28840489,0,0,30
2016-03-09,0.022247111,20.8988442,2.286826631,0,0,30
2016-03-10,0.022219401,20.88776057,2.285164086,0,0,30
2016-03-11,0.022190296,20.87611832,2.283417749,0,0,30
2016-03-12,0.022159802,20.8639209,2.281588135,0,0,30
2016-03-13,0.02212793,20.85117191,2.279675787,0,0,30
2016-03-14,0.022094688,20.83787514,2.27768127,0,0,30
2016-03-15,0.022060086,20.8240345,2.275605175,0,0,30
2016-03-16,0.022024135,20.8096541,2.273448116,0,0,30
2016-03-17,0.021986846,20.7947382,2.27121073,0,0,30
2016-03-18,0.021948228,20.77929121,2.268893681,0,0,30
2016-03-19,0.021908294,20.76331769,2.266497654,0,0,30
2016-03-20,0.021867056,20.74682239,2.264023358,0,0,30
2016-03-21,0.021824525,20.72981016,2.261471524,0,0,30
2016-03-22,0.021780715,20.71228606,2.258842909,0,0,30
2016-03-23,0.021735638,20.69425527,2.25613829,0,0,30
2016-03-24,0.021689308,20.67572312,2.253358468,0,0,30
2016-03-25,0.021641738,20.65669509,2.250504264,0,0,30
2016-03-26,0.021592942,20.63717683,2.247576524,0,0,30
2016-03-27,0.021542935,20.61717409,2.244576114,0,0,30
2016-03-28,0.021491732,20.59669281,2.241503922,0,0,30
2016-03-29,0.021439348,20.57573904,2.238360856,0,0,30
2016-03-30,0.021385797,20.55431899,2.235147848,0,0,30
2016-03-31,0.021331097,20.53243898,2.231865848,0,0,30
2016-04-01,0.021306669,20.52266773,2.23040016,0,0,30
2016-04-02,0.021250342,20.50013681,2.227020522,0,0,30
2016-04-03,0.021192905,20.47716198,2.223574297,0,0,30
2016-04-04,0.021134375,20.45375003,2.220062505,0,0,30
2016-04-05,0.02107477,20.42990789,2.216486184,0,0,30
2016-04-06,0.021014107,20.40564262,2.212846393,0,0,30
2016-04-07,0.020952403,20.3809614,2.20914421,0,0,30
2016-04-08,0.020889679,20.35587153,2.205380729,0,0,30
2016-04-09,0.020825951,20.33038043,2.201557065,0,0,30
2016-04-10,0.020761239,20.30449566,2.197674348,0,0,30
2016-04-11,0.020695562,20.27822486,2.193733729,0,0,30
2016-04-12,0.02062894,20.25157581,2.189736372,0,0,30
2016-04-13,0.020561391,20.22455641,2.185683461,0,0,30
2016-04-14,0.020492937,20.19717463,2.181576195,0,0,30
2016-04-15,0.020423596,20.1694386,2.17741579,0,0,30
2016-04-16,0.020353391,20.14135651,2.173203476,0,0,30
2016-04-17,0.020282342,20.11293667,2.1689405,0,0,30
2016-04-18,0.020210469,20.08418749,2.164628124,0,0,30
2016-04-19,0.020137794,20.05511749,2.160267624,0,0,30
2016-04-20,0.020064338,20.02573527,2.15586029,0,0,30
2016-04-21,0.019990124,19.99604951,2.151407426,0,0,30
2016-04-22,0.019915172,19.966069,2.14691035,0,0,30
2016-04-23,0.019839507,19.93580262,2.142370393,0,0,30
2016-04-24,0.019763148,19.90525932,2.137788897,0,0,30
2016-04-25,0.01968612,19.87444813,2.13316722,0,0,30
2016-04-26,0.019608445,19.84337819,2.128506728,0,0,30
2016-04-27,0.019530147,19.81205867,2.123808801,0,0,30
2016-04-28,0.019451247,19.78049886,2.119074829,0,0,30
2016-04-29,0.01937177,19.74870808,2.114306212,0,0,30
2016-04-30,0.019291739,19.71669575,2.109504362,0,0,30
2016-05-01,0.01917557,19.67022786,2.102534179,0,0,30
2016-05-02,0.019094287,19.63771482,2.097657222,0,0,30
2016-05-03,0.019012533,19.60501306,2.092751959,0,0,30
2016-05-04,0.018930331,19.57213227,2.087819841,0,0,30
2016-05-05,0.018847705,19.53908218,2.082862328,0,0,30
2016-05-06,0.018764681,19.50587257,2.077880886,0,0,30
2016-05-07,0.018681283,19.47251326,2.072876989,0,0,30
2016-05-08,0.018597535,19.43901413,2.067852119,0,0,30
2016-05-09,0.018513463,19.40538508,2.062807762,0,0,30
2016-05-10,0.01842909,19.37163608,2.057745412,0,0,30
2016-05-11,0.018344443,19.3377771,2.052666565,0,0,30
2016-05-12,0.018259545,19.30381817,2.047572725,0,0,30
2016-05-13,0.018174423,19.26976933,2.0424654,0,0,30
2016-05-14,0.018089102,19.23564067,2.0373461,0,0,30
2016-05-15,0.018003606,19.20144227,2.032216341,0,0,30
2016-05-16,0.017917961,19.16718427,2.02707764,0,0,30
2016-05-17,0.017832192,19.13287679,2.021931518,0,0,30
2016-05-18,0.017746325,19.09852999,2.016779498,0,0,30
2016-05-19,0.017660385,19.06415403,2.011623105,0,0,30
2016-05-20,0.017574398,19.0297591,2.006463864,0,0,30
2016-05-21,0.017488388,18.99535535,2.001303302,0,0,30
2016-05-22,0.017402382,18.96095298,1.996142947,0,0,30
2016-05-23,0.017316405,18.92656216,1.990984324,0,0,30
2016-05-24,0.017230483,18.89219308,1.985828962,0,0,30
2016-05-25,0.01714464,18.85785589,1.980678384,0,0,30
2016-05-26,0.017058902,18.82356077,1.975534116,0,0,30
2016-05-27,0.016973295,18.78931787,1.97039768,0,0,30
2016-05-28,0.016887843,18.7551373,1.965270595,0,0,30
2016-05-29,0.016802573,18.72102919,1.960154379,0,0,30
2016-05-30,0.016717509,18.68700364,1.955050546,0,0,30
2016-05-31,0.016632677,18.65307071,1.949960606,0,0,30
2016-06-01,0.01659543,18.63817215,1.947725822,0,0,30
2016-06-02,0.016510976,18.60439022,1.942658533,0,0,30
2016-06-03,0.016426813,18.57072536,1.937608804,0,0,30
2016-06-04,0.016342969,18.53718753,1.93257813,0,0,30
2016-06-05,0.016259467,18.50378665,1.927567998,0,0,30
2016-06-06,0.016176332,18.47053262,1.922579892,0,0,30
2016-06-07,0.016093588,18.43743525,1.917615288,0,0,30
2016-06-08,0.016011261,18.40450436,1.912675655,0,0,30
2016-06-09,0.015929374,18.37174969,1.907762454,0,0,30
2016-06-10,0.015847952,18.33918093,1.902877139,0,0,30
2016-06-11,0.015767019,18.30680771,1.898021157,0,0,30
2016-06-12,0.015686599,18.27463962,1.893195944,0,0,30
2016-06-13,0.015606715,18.24268618,1.888402927,0,0,30
2016-06-14,0.015527392,18.21095684,1.883643526,0,0,30
2016-06-15,0.015448652,18.17946099,1.878919148,0,0,30
2016-06-16,0.01537052,18.14820795,1.874231192,0,0,30
2016-06-17,0.015293017,18.11720696,1.869581045,0,0,30
2016-06-18,0.015216168,18.08646721,1.864970082,0,0,30
2016-06-19,0.015139994,18.05599779,1.860399669,0,0,30
2016-06-20,0.015064519,18.02580772,1.855871158,0,0,30
2016-06-21,0.014989765,17.99590592,1.851385889,0,0,30
2016-06-22,0.014915753,17.96630126,1.846945188,0,0,30
2016-06-23,0.014842506,17.93700248,1.842550371,0,0,30
2016-06-24,0.014770046,17.90801825,1.838202738,0,0,30
2016-06-25,0.014698393,17.87935717,1.833903575,0,0,30
2016-06-26,0.014627569,17.8510277,1.829654154,0,0,30
2016-06-27,0.014557596,17.82303823,1.825455734,0,0,30
2016-06-28,0.014488493,17.79539704,1.821309555,0,0,30
2016-06-29,0.014420281,17.76811231,1.817216846,0,0,30
2016-06-30,0.01435298,17.74119212,1.813178817,0,0,30
2016-07-01,0.014257709,17.70308348,1.807462522,0,0,30
2016-07-02,0.014192715,17.67708596,1.803562894,0,0,30
2016-07-03,0.0141287,17.65147992,1.799721987,0,0,30
2016-07-04,0.014065682,17.62627292,1.795940938,0,0,30
2016-07-05,0.014003681,17.60147243,1.792220865,0,0,30
2016-07-06,0.013942714,17.57708579,1.788562868,0,0,30
2016-07-07,0.013882801,17.55312021,1.784968032,0,0,30
2016-07-08,0.013823957,17.52958279,1.781437418,0,0,30
2016-07-09,0.013766201,17.50648048,1.777972073,0,0,30
2016-07-10,0.01370955,17.48382014,1.774573021,0,0,30
2016-07-11,0.013654021,17.46160845,1.771241268,0,0,30
2016-07-12,0.01359963,17.439852,1.7679778,0,0,30
2016-07-13,0.013546393,17.41855723,1.764783584,0,0,30
2016-07-14,0.013494326,17.39773042,1.761659564,0,0,30
2016-07-15,0.013443444,17.37737776,1.758606664,0,0,30
2016-07-16,0.013393763,17.35750525,1.755625788,0,0,30
2016-07-17,0.013345297,17.33811879,1.752717818,0,0,30
2016-07-18,0.01329806,17.3192241,1.749883615,0,0,30
2016-07-19,0.013252067,17.30082678,1.747124017,0,0,30
2016-07-20,0.013207331,17.28293228,1.744439841,0,0,30
2016-07-21,0.013163865,17.26554588,1.741831882,0,0,30
2016-07-22,0.013121682,17.24867273,1.73930091,0,0,30
2016-07-23,0.013080795,17.23231783,1.736847675,0,0,30
2016-07-24,0.013041215,17.21648602,1.734472903,0,0,30
2016-07-25,0.013002955,17.20118198,1.732177297,0,0,30
2016-07-26,0.012966026,17.18641023,1.729961535,0,0,30
2016-07-27,0.012930438,17.17217516,1.727826274,0,0,30
2016-07-28,0.012896202,17.15848097,1.725772145,0,0,30
2016-07-29,0.012863329,17.14533171,1.723799757,0,0,30
2016-07-30,0.012831828,17.13273128,1.721909693,0,0,30
2016-07-31,0.012801709,17.12068341,1.720102511,0,0,30
2016-08-01,0.012788896,17.11555832,1.719333748,0,0,30
2016-08-02,0.012760781,17.10431234,1.717646852,0,0,30
2016-08-03,0.012734068,17.09362733,1.7160441,0,0,30
2016-08-04,0.012708766,17.08350645,1.714525967,0,0,30
2016-08-05,0.012684882,17.07395269,1.713092903,0,0,30
2016-08-06,0.012662422,17.06496887,1.711745331,0,0,30
2016-08-07,0.012641394,17.05655767,1.71048365,0,0,30
2016-08-08,0.012621804,17.04872155,1.709308233,0,0,30
2016-08-09,0.012603657,17.04146286,1.708219429,0,0,30
2016-08-10,0.012586959,17.03478372,1.707217558,0,0,30
2016-08-11,0.012571715,17.02868613,1.706302919,0,0,30
2016-08-12,0.01255793,17.02317188,1.705475781,0,0,30
2016-08-13,0.012545607,17.0182426,1.70473639,0,0,30
2016-08-14,0.012534749,17.01389976,1.704084964,0,0,30
2016-08-15,0.012525362,17.01014463,1.703521695,0,0,30
2016-08-16,0.012517446,17.00697834,1.703046751,0,0,30
2016-08-17,0.012511005,17.00440181,1.702660272,0,0,30
2016-08-18,0.01250604,17.00241582,1.702362373,0,0,30
2016-08-19,0.012502552,17.00102094,1.702153141,0,0,30
2016-08-20,0.012500544,17.00021759,1.702032639,0,0,30
2016-08-21,0.012500015,17.00000601,1.702000901,0,0,30
2016-08-22,0.012500966,17.00038626,1.702057939,0,0,30
2016-08-23,0.012503396,17.00135823,1.702203734,0,0,30
2016-08-24,0.012507304,17.00292162,1.702438243,0,0,30
2016-08-25,0.01251269,17.00507599,1.702761398,0,0,30
2016-08-26,0.012519552,17.00782068,1.703173102,0,0,30
2016-08-27,0.012527887,17.0111549,1.703673234,0,0,30
2016-08-28,0.012537694,17.01507764,1.704261646,0,0,30
2016-08-29,0.012548969,17.01958775,1.704938163,0,0,30
2016-08-30,0.01256171,17.0246839,1.705702586,0,0,30
2016-08-31,0.012575911,17.03036458,1.706554687,0,0,30
2016-09-01,0.012582622,17.03304883,1.706957325,0,0,30
2016-09-02,0.012598921,17.03956823,1.707935235,0,0,30
2016-09-03,0.012616669,17.04666776,1.709000164,0,0,30
2016-09-04,0.012635863,17.0543453,1.710151796,0,0,30
2016-09-05,0.012656497,17.0625986,1.71138979,0,0,30
2016-09-06,0.012678563,17.07142521,1.712713781,0,0,30
2016-09-07,0.012702056,17.08082251,1.714123376,0,0,30
2016-09-08,0.012726969,17.09078772,1.715618159,0,0,30
2016-09-09,0.012753295,17.10131791,1.717197686,0,0,30
2016-09-10,0.012781025,17.11240994,1.718861491,0,0,30
2016-09-11,0.012810151,17.12406054,1.720609082,0,0,30
2016-09-12,0.012840666,17.13626627,1.72243994,0,0,30
2016-09-13,0.012872559,17.1490235,1.724353525,0,0,30
2016-09-14,0.012905821,17.16232847,1.72634927,0,0,30
2016-09-15,0.012940443,17.17617723,1.728426584,0,0,30
2016-09-16,0.012976414,17.19056569,1.730584853,0,0,30
2016-09-17,0.013013724,17.20548959,1.732823438,0,0,30
2016-09-18,0.013052361,17.22094452,1.735141677,0,0,30
2016-09-19,0.013092315,17.23692589,1.737538884,0,0,30
2016-09-20,0.013133572,17.25342899,1.740014349,0,0,30
2016-09-21,0.013176122,17.27044893,1.742567339,0,0,30
2016-09-22,0.013219952,17.28798067,1.7451971,0,0,30
2016-09-23,0.013265048,17.30601902,1.747902853,0,0,30
2016-09-24,0.013311397,17.32455865,1.750683798,0,0,30
2016-09-25,0.013358985,17.34359407,1.753539111,0,0,30
2016-09-26,0.013407799,17.36311965,1.756467947,0,0,30
2016-09-27,0.013457824,17.38312961,1.759469441,0,0,30
2016-09-28,0.013509045,17.40361802,1.762542703,0,0,30
2016-09-29,0.013561447,17.42457883,1.765686824,0,0,30
2016-09-30,0.013615015,17.44600583,1.768900875,0,0,30
2016-10-01,0.013694167,17.47766692,1.773650038,0,0,30
2016-10-02,0.013750511,17.50020455,1.777030682,0,0,30
2016-10-03,0.013807965,17.52318599,1.780477898,0,0,30
2016-10-04,0.013866511,17.54660444,1.783990666,0,0,30
2016-10-05,0.013926132,17.57045298,1.787567947,0,0,30
2016-10-06,0.013986811,17.59472454,1.791208681,0,0,30
2016-10-07,0.01404853,17.61941195,1.794911792,0,0,30
2016-10-08,0.01411127,17.64450789,1.798676184,0,0,30
2016-10-09,0.014175012,17.67000495,1.802500742,0,0,30
2016-10-10,0.014239739,17.69589557,1.806384336,0,0,30
2016-10-11,0.01430543,17.7221721,1.810325815,0,0,30
2016-10-12,0.014372067,17.74882676,1.814324014,0,0,30
2016-10-13,0.014439629,17.77585166,1.81837775,0,0,30
2016-10-14,0.014508097,17.80323881,1.822485822,0,0,30
2016-10-15,0.01457745,17.8309801,1.826647015,0,0,30
2016-10-16,0.014647668,17.85906732,1.830860098,0,0,30
2016-10-17,0.01471873,17.88749216,1.835123824,0,0,30
2016-10-18,0.014790616,17.91624621,1.839436931,0,0,30
2016-10-19,0.014863302,17.94532096,1.843798143,0,0,30
2016-10-20,0.01493677,17.9747078,1.84820617,0,0,30
2016-10-21,0.015010995,18.00439805,1.852659707,0,0,30
2016-10-22,0.015085957,18.03438291,1.857157436,0,0,30
2016-10-23,0.015161634,18.06465351,1.861698026,0,0,30
2016-10-24,0.015238002,18.0952009,1.866280134,0,0,30
2016-10-25,0.01531504,18.12601603,1.870902404,0,0,30
2016-10-26,0.015392724,18.15708978,1.875563467,0,0,30
2016-10-27,0.015471032,18.18841297,1.880261946,0,0,30
2016-10-28,0.015549941,18.21997632,1.884996448,0,0,30
2016-10-29,0.015629426,18.25177049,1.889765574,0,0,30
2016-10-30,0.015709465,18.28378607,1.894567911,0,0,30
2016-10-31,0.015790034,18.3160136,1.89940204,0,0,30
2016-11-01,0.015825646,18.33025839,1.901538759,0,0,30
2016-11-02,0.015906936,18.36277434,1.906416151,0,0,30
2016-11-03,0.015988697,18.39547885,1.911321828,0,0,30
2016-11-04,0.016070906,18.42836225,1.916254338,0,0,30
2016-11-05,0.016153537,18.46141481,1.921212221,0,0,30
2016-11-06,0.016236567,18.49462674,1.926194011,0,0,30
2016-11-07,0.016319971,18.52798822,1.931198233,0,0,30
2016-11-08,0.016403723,18.56148937,1.936223406,0,0,30
2016-11-09,0.016487801,18.59512029,1.941268044,0,0,30
2016-11-10,0.016572178,18.62887102,1.946330653,0,0,30
2016-11-11,0.016656829,18.66273157,1.951409736,0,0,30
2016-11-12,0.01674173,18.69669193,1.956503789,0,0,30
2016-11-13,0.016826855,18.73074203,1.961611305,0,0,30
2016-11-14,0.01691218,18.76487182,1.966730773,0,0,30
2016-11-15,0.016997678,18.79907118,1.971860678,0,0,30
2016-11-16,0.017083325,18.83333001,1.976999501,0,0,30
2016-11-17,0.017169095,18.86763815,1.982145722,0,0,30
2016-11-18,0.017254964,18.90198546,1.987297819,0,0,30
2016-11-19,0.017340904,18.93636178,1.992454266,0,0,30
2016-11-20,0.017426892,18.97075692,1.997613538,0,0,30
2016-11-21,0.017512902,19.00516072,2.002774108,0,0,30
2016-11-22,0.017598907,19.03956299,2.007934449,0,0,30
2016-11-23,0.017684884,19.07395356,2.013093034,0,0,30
2016-11-24,0.017770806,19.10832224,2.018248336,0,0,30
2016-11-25,0.017856647,19.14265887,2.02339883,0,0,30
2016-11-26,0.017942383,19.17695328,2.028542992,0,0,30
2016-11-27,0.018027988,19.21119533,2.033679299,0,0,30
2016-11-28,0.018113437,19.24537488,2.038806232,0,0,30
2016-11-29,0.018198705,19.27948182,2.043922274,0,0,30
2016-11-30,0.018283765,19.31350606,2.049025909,0,0,30
2016-12-01,0.018405838,19.3623354,2.05635031,0,0,30
2016-12-02,0.018490289,19.39611564,2.061417346,0,0,30
2016-12-03,0.018574447,19.42977867,2.0664668,0,0,30
2016-12-04,0.018658286,19.46331452,2.071497178,0,0,30
2016-12-05,0.018741783,19.49671327,2.07650699,0,0,30
2016-12-06,0.018824913,19.52996503,2.081494754,0,0,30
2016-12-07,0.01890765,19.56305996,2.086458995,0,0,30
2016-12-08,0.018989971,19.59598828,2.091398242,0,0,30
2016-12-09,0.019071851,19.62874024,2.096311035,0,0,30
2016-12-10,0.019153265,19.66130614,2.101195921,0,0,30
2016-12-11,0.019234191,19.69367635,2.106051452,0,0,30
2016-12-12,0.019314603,19.72584129,2.110876193,0,0,30
2016-12-13,0.019394479,19.75779144,2.115668716,0,0,30
2016-12-14,0.019473793,19.78951735,2.120427602,0,0,30
2016-12-15,0.019552524,19.82100963,2.125151444,0,0,30
2016-12-16,0.019630647,19.85225895,2.129838843,0,0,30
2016-12-17,0.01970814,19.88325609,2.134488413,0,0,30
2016-12-18,0.01978498,19.91399185,2.139098777,0,0,30
2016-12-19,0.019861143,19.94445714,2.143668571,0,0,30
2016-12-20,0.019936607,19.97464296,2.148196444,0,0,30
2016-12-21,0.020011351,20.00454036,2.152681054,0,0,30
2016-12-22,0.020085351,20.03414051,2.157121076,0,0,30
2016-12-23,0.020158587,20.06343463,2.161515195,0,0,30
2016-12-24,0.020231035,20.09241407,2.165862111,0,0,30
2016-12-25,0.020302676,20.12107025,2.170160537,0,0,30
2016-12-26,0.020373487,20.14939468,2.174409202,0,0,30
2016-12-27,0.020443447,20.17737899,2.178606848,0,0,30
2016-12-28,0.020512537,20.20501489,2.182752233,0,0,30
2016-12-29,0.020580736,20.23229421,2.186844131,0,0,30
2016-12-30,0.020648022,20.25920887,2.190881331,0,0,30
2016-12-31,0.020714377,20.28575092,2.194862637,0,0,30
2017-01-01,0.020741309,20.29652362,2.196478543,0,0,30
2017-01-02,0.020806317,20.32252695,2.200379042,0,0,30
2017-01-03,0.020870347,20.34813892,2.204220838,0,0,30
2017-01-04,0.02093338,20.37335196,2.208002794,0,0,30
2017-01-05,0.020995397,20.3981586,2.21172379,0,0,30
2017-01-06,0.021056379,20.4225515,2.215382726,0,0,30
2017-01-07,0.021116309,20.44652345,2.218978518,0,0,30
2017-01-08,0.021175168,20.47006735,2.222510102,0,0,30
2017-01-09,0.021232941,20.49317623,2.225976434,0,0,30
2017-01-10,0.021289608,20.51584325,2.229376488,0,0,30
2017-01-11,0.021345154,20.53806172,2.232709258,0,0,30
2017-01-12,0.021399563,20.55982504,2.235973757,0,0,30
2017-01-13,0.021452817,20.58112679,2.239169019,0,0,30
2017-01-14,0.021504902,20.60196066,2.242294099,0,0,30
2017-01-15,0.021555801,20.62232048,2.245348073,0,0,30
2017-01-16,0.021605501,20.64220024,2.248330035,0,0,30
2017-01-17,0.021653985,20.66159403,2.251239105,0,0,30
2017-01-18,0.02170124,20.68049614,2.254074421,0,0,30
2017-01-19,0.021747252,20.69890096,2.256835144,0,0,30
2017-01-20,0.021792008,20.71680305,2.259520457,0,0,30
2017-01-21,0.021835493,20.7341971,2.262129566,0,0,30
2017-01-22,0.021877695,20.75107799,2.264661698,0,0,30
2017-01-23,0.021918602,20.76744069,2.267116104,0,0,30
2017-01-24,0.021958201,20.78328039,2.269492058,0,0,30
2017-01-25,0.021996481,20.79859238,2.271788857,0,0,30
2017-01-26,0.02203343,20.81337214,2.274005822,0,0,30
2017-01-27,0.022069038,20.8276153,2.276142295,0,0,30
2017-01-28,0.022103294,20.84131763,2.278197645,0,0,30
2017-01-29,0.022136188,20.85447509,2.280171264,0,0,30
2017-01-30,0.022167709,20.86708378,2.282062567,0,0,30
2017-01-31,0.02219785,20.87913997,2.283870996,0,0,30
2017-02-01,0.022210672,20.88426874,2.284640311,0,0,30
2017-02-02,0.022238808,20.8955231,2.286328465,0,0,30
2017-02-03,0.022265541,20.90621655,2.287932483,0,0,30
2017-02-04,0.022290865,20.91634592,2.289451888,0,0,30
2017-02-05,0.022314771,20.92590821,2.290886231,0,0,30
2017-02-06,0.022337251,20.93490059,2.292235089,0,0,30
2017-02-07,0.022358301,20.94332041,2.293498061,0,0,30
2017-02-08,0.022377913,20.95116516,2.294674775,0,0,30
2017-02-09,0.022396081,20.95843254,2.295764881,0,0,30
2017-02-10,0.022412801,20.96512038,2.296768057,0,0,30
2017-02-11,0.022428067,20.97122671,2.297684007,0,0,30
2017-02-12,0.022441874,20.97674973,2.298512459,0,0,30
2017-02-13,0.022454219,20.98168779,2.299253168,0,0,30
2017-02-14,0.022465099,20.98603944,2.299905916,0,0,30
2017-02-15,0.022474508,20.98980339,2.300470508,0,0,30
2017-02-16,0.022482446,20.99297852,2.300946778,0,0,30
2017-02-17,0.02248891,20.9955639,2.301334585,0,0,30
2017-02-18,0.022493897,20.99755876,2.301633814,0,0,30
2017-02-19,0.022497406,20.99896251,2.301844376,0,0,30
2017-02-20,0.022499437,20.99977473,2.30196621,0,0,30
2017-02-21,0.022499988,20.99999519,2.301999278,0,0,30
2017-02-22,0.02249906,20.99962382,2.301943573,0,0,30
2017-02-23,0.022496652,20.99866072,2.301799109,0,0,30
2017-02-24,0.022492765,20.9971062,2.301565929,0,0,30
2017-02-25,0.022487402,20.99496069,2.301244104,0,0,30
2017-02-26,0.022480562,20.99222485,2.300833727,0,0,30
2017-02-27,0.022472249,20.98889947,2.30033492,0,0,30
2017-02-28,0.022462464,20.98498554,2.299747832,0,0,30
2017-03-01,0.022417611,20.96704453,2.29705668,0,0,30
2017-03-02,0.022401335,20.96053385,2.296080077,0,0,30
2017-03-03,0.022383608,20.95344301,2.295016452,0,0,30
2017-03-04,0.022364435,20.94577412,2.293866118,0,0,30
2017-03-05,0.022343824,20.93752944,2.292629416,0,0,30
2017-03-06,0.022321779,20.92871142,2.291306712,0,0,30
2017-03-07,0.022298307,20.91932265,2.289898398,0,0,30
2017-03-08,0.022273415,20.90936594,2.28840489,0,0,30
2017-03-09,0.022247111,20.8988442,2.286826631,0,0,30
2017-03-10,0.022219401,20.88776057,2.285164086,0,0,30
2017-03-11,0.022190296,20.87611832,2.283417749,0,0,30
2017-03-12,0.022159802,20.8639209,2.281588135,0,0,30
2017-03-13,0.02212793,20.85117191,2.279675787,0,0,30
2017-03-14,0.022094688,20.83787514,2.27768127,0,0,30
2017-03-15,0.022060086,20.8240345,2.275605175,0,0,30
2017-03-16,0.022024135,20.8096541,2.273448116,0,0,30
2017-03-17,0.021986846,20.7947382,2.27121073,0,0,30
2017-03-18,0.021948228,20.77929121,2.268893681,0,0,30
2017-03-19,0.021908294,20.76331769,2.266497654,0,0,30
2017-03-20,0.021867056,20.74682239,2.264023358,0,0,30
2017-03-21,0.021824525,20.72981016,2.261471524,0,0,30
2017-03-22,0.021780715,20.71228606,2.258842909,0,0,30
2017-03-23,0.021735638,20.69425527,2.25613829,0,0,30
2017-03-24,0.021689308,20.67572312,2.253358468,0,0,30
2017-03-25,0.021641738,20.65669509,2.250504264,0,0,30
2017-03-26,0.021592942,20.63717683,2.247576524,0,0,30
2017-03-27,0.021542935,20.61717409,2.244576114,0,0,30
2017-03-28,0.021491732,20.59669281,2.241503922,0,0,30
2017-03-29,0.021439348,20.57573904,2.238360856,0,0,30
2017-03-30,0.021385797,20.55431899,2.235147848,0,0,30
2017-03-31,0.021331097,20.53243898,2.231865848,0,0,30
2017-04-01,0.021306669,20.52266773,2.23040016,0,0,30
2017-04-02,0.021250342,20.50013681,2.227020522,0,0,30
2017-04-03,0.021192905,20.47716198,2.223574297,0,0,30
2017-04-04,0.021134375,20.45375003,2.220062505,0,0,30
2017-04-05,0.02107477,20.42990789,2.216486184,0,0,30
2017-04-06,0.021014107,20.40564262,2.212846393,0,0,30
2017-04-07,0.020952403,20.3809614,2.20914421,0,0,30
2017-04-08,0.020889679,20.35587153,2.205380729,0,0,30
2017-04-09,0.020825951,20.33038043,2.201557065,0,0,30
2017-04-10,0.020761239,20.30449566,2.197674348,0,0,30
2017-04-11,0.020695562,20.27822486,2.193733729,0,0,30
2017-04-12,0.02062894,20.25157581,2.189736372,0,0,30
2017-04-13,0.020561391,20.22455641,2.185683461,0,0,30
2017-04-14,0.020492937,20.19717463,2.181576195,0,0,30
2017-04-15,0.020423596,20.1694386,2.17741579,0,0,30
2017-04-16,0.020353391,20.14135651,2.173203476,0,0,30
2017-04-17,0.020282342,20.11293667,2.1689405,0,0,30
2017-04-18,0.020210469,20.08418749,2.164628124,0,0,30
2017-04-19,0.020137794,20.05511749,2.160267624,0,0,30
2017-04-20,0.020064338,20.02573527,2.15586029,0,0,30
2017-04-21,0.019990124,19.99604951,2.151407426,0,0,30
2017-04-22,0.019915172,19.966069,2.14691035,0,0,30
2017-04-23,0.019839507,19.93580262,2.142370393,0,0,30
2017-04-24,0.019763148,19.90525932,2.137788897,0,0,30
2017-04-25,0.01968612,19.87444813,2.13316722,0,0,30
2017-04-26,0.019608445,19.84337819,2.128506728,0,0,30
2017-04-27,0.019530147,19.81205867,2.123808801,0,0,30
2017-04-28,0.019451247,19.78049886,2.119074829,0,0,30
2017-04-29,0.01937177,19.74870808,2.114306212,0,0,30
2017-04-30,0.019291739,19.71669575,2.109504362,0,0,30
2017-05-01,0.01917557,19.67022786,2.102534179,0,0,30
2017-05-02,0.019094287,19.63771482,2.097657222,0,0,30
2017-05-03,0.019012533,19.60501306,2.092751959,0,0,30
2017-05-04,0.018930331,19.57213227,2.087819841,0,0,30
2017-05-05,0.018847705,19.53908218,2.082862328,0,0,30
2017-05-06,0.018764681,19.50587257,2.077880886,0,0,30
2017-05-07,0.018681283,19.47251326,2.072876989,0,0,30
2017-05-08,0.018597535,19.43901413,2.067852119,0,0,30
2017-05-09,0.018513463,19.40538508,2.062807762,0,0,30
2017-05-10,0.01842909,19.37163608,2.057745412,0,0,30
2017-05-11,0.018344443,19.3377771,2.052666565,0,0,30
2017-05-12,0.018259545,19.30381817,2.047572725,0,0,30
2017-05-13,0.018174423,19.26976933,2.0424654,0,0,30
2017-05-14,0.018089102,19.23564067,2.0373461,0,0,30
2017-05-15,0.018003606,19.20144227,2.032216341,0,0,30
2017-05-16,0.017917961,19.16718427,2.02707764,0,0,30
2017-05-17,0.017832192,19.13287679,2.021931518,0,0,30
2017-05-18,0.017746325,19.09852999,2.016779498,0,0,30
2017-05-19,0.017660385,19.06415403,2.011623105,0,0,30
2017-05-20,0.017574398,19.0297591,2.006463864,0,0,30
2017-05-21,0.017488388,18.99535535,2.001303302,0,0,30
2017-05-22,0.017402382,18.96095298,1.996142947,0,0,30
2017-05-23,0.017316405,18.92656216,1.990984324,0,0,30
2017-05-24,0.017230483,18.89219308,1.985828962,0,0,30
2017-05-25,0.01714464,18.85785589,1.980678384,0,0,30
2017-05-26,0.017058902,18.82356077,1.975534116,0,0,30
2017-05-27,0.016973295,18.78931787,1.97039768,0,0,30
2017-05-28,0.016887843,18.7551373,1.965270595,0,0,30
2017-05-29,0.016802573,18.72102919,1.960154379,0,0,30
2017-05-30,0.016717509,18.68700364,1.955050546,0,0,30
2017-05-31,0.016632677,18.65307071,1.949960606,0,0,30
2017-06-01,0.01659543,18.63817215,1.947725822,0,0,30
2017-06-02,0.016510976,18.60439022,1.942658533,0,0,30
2017-06-03,0.016426813,18.57072536,1.937608804,0,0,30
2017-06-04,0.016342969,18.53718753,1.93257813,0,0,30
2017-06-05,0.016259467,18.50378665,1.927567998,0,0,30
2017-06-06,0.016176332,18.47053262,1.922579892,0,0,30
2017-06-07,0.016093588,18.43743525,1.917615288,0,0,30
2017-06-08,0.016011261,18.40450436,1.912675655,0,0,30
2017-06-09,0.015929374,18.37174969,1.907762454,0,0,30
2017-06-10,0.015847952,18.33918093,1.902877139,0,0,30
2017-06-11,0.015767019,18.30680771,1.898021157,0,0,30
2017-06-12,0.015686599,18.27463962,1.893195944,0,0,30
2017-06-13,0.015606715,18.24268618,1.888402927,0,0,30
2017-06-14,0.015527392,18.21095684,1.883643526,0,0,30
2017-06-15,0.015448652,18.17946099,1.878919148,0,0,30
2017-06-16,0.01537052,18.14820795,1.874231192,0,0,30
2017-06-17,0.015293017,18.11720696,1.869581045,0,0,30
2017-06-18,0.015216168,18.08646721,1.864970082,0,0,30
2017-06-19,0.015139994,18.05599779,1.860399669,0,0,30
2017-06-20,0.015064519,18.02580772,1.855871158,0,0,30
2017-06-21,0.014989765,17.99590592,1.851385889,0,0,30
2017-06-22,0.014915753,17.96630126,1.846945188,0,0,30
2017-06-23,0.014842506,17.93700248,1.842550371,0,0,30
2017-06-24,0.014770046,17.90801825,1.838202738,0,0,30
2017-06-25,0.014698393,17.87935717,1.833903575,0,0,30
2017-06-26,0.014627569,17.8510277,1.829654154,0,0,30
2017-06-27,0.014557596,17.82303823,1.825455734,0,0,30
2017-06-28,0.014488493,17.79539704,1.821309555,0,0,30
2017-06-29,0.014420281,17.76811231,1.817216846,0,0,30
2017-06-30,0.01435298,17.74119212,1.813178817,0,0,30
2017-07-01,0.014257709,17.70308348,1.807462522,0,0,30
2017-07-02,0.014192715,17.67708596,1.803562894,0,0,30
2017-07-03,0.0141287,17.65147992,1.799721987,0,0,30
2017-07-04,0.014065682,17.62627292,1.795940938,0,0,30
2017-07-05,0.014003681,17.60147243,1.792220865,0,0,30
2017-07-06,0.013942714,17.57708579,1.788562868,0,0,30
2017-07-07,0.013882801,17.55312021,1.784968032,0,0,30
2017-07-08,0.013823957,17.52958279,1.781437418,0,0,30
2017-07-09,0.013766201,17.50648048,1.777972073,0,0,30
2017-07-10,0.01370955,17.48382014,1.774573021,0,0,30
2017-07-11,0.013654021,17.46160845,1.771241268,0,0,30
2017-07-12,0.01359963,17.439852,1.7679778,0,0,30
2017-07-13,0.013546393,17.41855723,1.764783584,0,0,30
2017-07-14,0.013494326,17.39773042,1.761659564,0,0,30
2017-07-15,0.013443444,17.37737776,1.758606664,0,0,30
2017-07-16,0.013393763,17.35750525,1.755625788,0,0,30
2017-07-17,0.013345297,17.33811879,1.752717818,0,0,30
2017-07-18,0.01329806,17.3192241,1.749883615,0,0,30
2017-07-19,0.013252067,17.30082678,1.747124017,0,0,30
2017-07-20,0.013207331,17.28293228,1.744439841,0,0,30
2017-07-21,0.013163865,17.26554588,1.741831882,0,0,30
2017-07-22,0.013121682,17.24867273,1.73930091,0,0,30
2017-07-23,0.013080795,17.23231783,1.736847675,0,0,30
2017-07-24,0.013041215,17.21648602,1.734472903,0,0,30
2017-07-25,0.013002955,17.20118198,1.732177297,0,0,30
2017-07-26,0.012966026,17.18641023,1.729961535,0,0,30
2017-07-27,0.012930438,17.17217516,1.727826274,0,0,30
2017-07-28,0.012896202,17.15848097,1.725772145,0,0,30
2017-07-29,0.012863329,17.14533171,1.723799757,0,0,30
2017-07-30,0.012831828,17.13273128,1.721909693,0,0,30
2017-07-31,0.012801709,17.12068341,1.720102511,0,0,30
2017-08-01,0.012788896,17.11555832,1.719333748,0,0,30
2017-08-02,0.012760781,17.10431234,1.717646852,0,0,30
2017-08-03,0.012734068,17.09362733,1.7160441,0,0,30
2017-08-04,0.012708766,17.08350645,1.714525967,0,0,30
2017-08-05,0.012684882,17.07395269,1.713092903,0,0,30
2017-08-06,0.012662422,17.06496887,1.711745331,0,0,30
2017-08-07,0.012641394,17.05655767,1.71048365,0,0,30
2017-08-08,0.012621804,17.04872155,1.709308233,0,0,30
2017-08-09,0.012603657,17.04146286,1.708219429,0,0,30
2017-08-10,0.012586959,17.03478372,1.707217558,0,0,30
2017-08-11,0.012571715,17.02868613,1.706302919,0,0,30
2017-08-12,0.01255793,17.02317188,1.705475781,0,0,30
2017-08-13,0.012545607,17.0182426,1.70473639,0,0,30
2017-08-14,0.012534749,17.01389976,1.704084964,0,0,30
2017-08-15,0.012525362,17.01014463,1.703521695,0,0,30
2017-08-16,0.012517446,17.00697834,1.703046751,0,0,30
2017-08-17,0.012511005,17.00440181,1.702660272,0,0,30
2017-08-18,0.01250604,17.00241582,1.702362373,0,0,30
2017-08-19,0.012502552,17.00102094,1.702153141,0,0,30
2017-08-20,0.012500544,17.00021759,1.702032639,0,0,30
2017-08-21,0.012500015,17.00000601,1.702000901,0,0,30
2017-08-22,0.012500966,17.00038626,1.702057939,0,0,30
2017-08-23,0.012503396,17.00135823,1.702203734,0,0,30
2017-08-24,0.012507304,17.00292162,1.702438243,0,0,30
2017-08-25,0.01251269,17.00507599,1.702761398,0,0,30
2017-08-26,0.012519552,17.00782068,1.703173102,0,0,30
2017-08-27,0.012527887,17.0111549,1.703673234,0,0,30
2017-08-28,0.012537694,17.01507764,1.704261646,0,0,30
2017-08-29,0.012548969,17.01958775,1.704938163,0,0,30
2017-08-30,0.01256171,17.0246839,1.705702586,0,0,30
2017-08-31,0.012575911,17.03036458,1.706554687,0,0,30
2017-09-01,0.012582622,17.03304883,1.706957325,0,0,30
2017-09-02,0.012598921,17.03956823,1.707935235,0,0,30
2017-09-03,0.012616669,17.04666776,1.709000164,0,0,30
2017-09-04,0.012635863,17.0543453,1.710151796,0,0,30
2017-09-05,0.012656497,17.0625986,1.71138979,0,0,30
2017-09-06,0.012678563,17.07142521,1.712713781,0,0,30
2017-09-07,0.012702056,17.08082251,1.714123376,0,0,30
2017-09-08,0.012726969,17.09078772,1.715618159,0,0,30
2017-09-09,0.012753295,17.10131791,1.717197686,0,0,30
2017-09-10,0.012781025,17.11240994,1.718861491,0,0,30
2017-09-11,0.012810151,17.12406054,1.720609082,0,0,30
2017-09-12,0.012840666,17.13626627,1.72243994,0,0,30
2017-09-13,0.012872559,17.1490235,1.724353525,0,0,30
2017-09-14,0.012905821,17.16232847,1.72634927,0,0,30
2017-09-15,0.012940443,17.17617723,1.728426584,0,0,30
2017-09-16,0.012976414,17.19056569,1.730584853,0,0,30
2017-09-17,0.013013724,17.20548959,1.732823438,0,0,30
2017-09-18,0.013052361,17.22094452,1.735141677,0,0,30
2017-09-19,0.013092315,17.23692589,1.737538884,0,0,30
2017-09-20,0.013133572,17.25342899,1.740014349,0,0,30
2017-09-21,0.013176122,17.27044893,1.742567339,0,0,30
2017-09-22,0.013219952,17.28798067,1.7451971,0,0,30
2017-09-23,0.013265048,17.30601902,1.747902853,0,0,30
2017-09-24,0.013311397,17.32455865,1.750683798,0,0,30
2017-09-25,0.013358985,17.34359407,1.753539111,0,0,30
2017-09-26,0.013407799,17.36311965,1.756467947,0,0,30
2017-09-27,0.013457824,17.38312961,1.759469441,0,0,30
2017-09-28,0.013509045,17.40361802,1.762542703,0,0,30
2017-09-29,0.013561447,17.42457883,1.765686824,0,0,30
2017-09-30,0.013615015,17.44600583,1.768900875,0,0,30
2017-10-01,0.013694167,17.47766692,1.773650038,0,0,30
2017-10-02,0.013750511,17.50020455,1.777030682,0,0,30
2017-10-03,0.013807965,17.52318599,1.780477898,0,0,30
2017-10-04,0.013866511,17.54660444,1.783990666,0,0,30
2017-10-05,0.013926132,17.57045298,1.787567947,0,0,30
2017-10-06,0.013986811,17.59472454,1.791208681,0,0,30
2017-10-07,0.01404853,17.61941195,1.794911792,0,0,30
2017-10-08,0.01411127,17.64450789,1.798676184,0,0,30
2017-10-09,0.014175012,17.67000495,1.802500742,0,0,30
2017-10-10,0.014239739,17.69589557,1.806384336,0,0,30
2017-10-11,0.01430543,17.7221721,1.810325815,0,0,30
2017-10-12,0.014372067,17.74882676,1.814324014,0,0,30
2017-10-13,0.014439629,17.77585166,1.81837775,0,0,30
2017-10-14,0.014508097,17.80323881,1.822485822,0,0,30
2017-10-15,0.01457745,17.8309801,1.826647015,0,0,30
2017-10-16,0.014647668,17.85906732,1.830860098,0,0,30
2017-10-17,0.01471873,17.88749216,1.835123824,0,0,30
2017-10-18,0.014790616,17.91624621,1.839436931,0,0,30
2017-10-19,0.014863302,17.94532096,1.843798143,0,0,30
2017-10-20,0.01493677,17.9747078,1.84820617,0,0,30
2017-10-21,0.015010995,18.00439805,1.852659707,0,0,30
2017-10-22,0.015085957,18.03438291,1.857157436,0,0,30
2017-10-23,0.015161634,18.06465351,1.861698026,0,0,30
2017-10-24,0.015238002,18.0952009,1.866280134,0,0,30
2017-10-25,0.01531504,18.12601603,1.870902404,0,0,30
2017-10-26,0.015392724,18.15708978,1.875563467,0,0,30
2017-10-27,0.015471032,18.18841297,1.880261946,0,0,30
2017-10-28,0.015549941,18.21997632,1.884996448,0,0,30
2017-10-29,0.015629426,18.25177049,1.889765574,0,0,30
2017-10-30,0.015709465,18.28378607,1.894567911,0,0,30
2017-10-31,0.015790034,18.3160136,1.89940204,0,0,30
2017-11-01,0.015825646,18.33025839,1.901538759,0,0,30
2017-11-02,0.015906936,18.36277434,1.906416151,0,0,30
2017-11-03,0.015988697,18.39547885,1.911321828,0,0,30
2017-11-04,0.016070906,18.42836225,1.916254338,0,0,30
2017-11-05,0.016153537,18.46141481,1.921212221,0,0,30
2017-11-06,0.016236567,18.49462674,1.926194011,0,0,30
2017-11-07,0.016319971,18.52798822,1.931198233,0,0,30
2017-11-08,0.016403723,18.56148937,1.936223406,0,0,30
2017-11-09,0.016487801,18.59512029,1.941268044,0,0,30
2017-11-10,0.016572178,18.62887102,1.946330653,0,0,30
2017-11-11,0.016656829,18.66273157,1.951409736,0,0,30
2017-11-12,0.01674173,18.69669193,1.956503789,0,0,30
2017-11-13,0.016826855,18.73074203,1.961611305,0,0,30
2017-11-14,0.01691218,18.76487182,1.966730773,0,0,30
2017-11-15,0.016997678,18.79907118,1.971860678,0,0,30
2017-11-16,0.017083325,18.83333001,1.976999501,0,0,30
2017-11-17,0.017169095,18.86763815,1.982145722,0,0,30
2017-11-18,0.017254964,18.90198546,1.987297819,0,0,30
2017-11-19,0.017340904,18.93636178,1.992454266,0,0,30
2017-11-20,0.017426892,18.97075692,1.997613538,0,0,30
2017-11-21,0.017512902,19.00516072,2.002774108,0,0,30
2017-11-22,0.017598907,19.03956299,2.007934449,0,0,30
2017-11-23,0.017684884,19.07395356,2.013093034,0,0,30
2017-11-24,0.017770806,19.10832224,2.018248336,0,0,30
2017-11-25,0.017856647,19.14265887,2.02339883,0,0,30
2017-11-26,0.017942383,19.17695328,2.028542992,0,0,30
2017-11-27,0.018027988,19.21119533,2.033679299,0,0,30
2017-11-28,0.018113437,19.24537488,2.038806232,0,0,30
2017-11-29,0.018198705,19.27948182,2.043922274,0,0,30
2017-11-30,0.018283765,19.31350606,2.049025909,0,0,30
2017-12-01,0.018405838,19.3623354,2.05635031,0,0,30
2017-12-02,0.018490289,19.39611564,2.061417346,0,0,30
2017-12-03,0.018574447,19.42977867,2.0664668,0,0,30
2017-12-04,0.018658286,19.46331452,2.071497178,0,0,30
2017-12-05,0.018741783,19.49671327,2.07650699,0,0,30
2017-12-06,0.018824913,19.52996503,2.081494754,0,0,30
2017-12-07,0.01890765,19.56305996,2.086458995,0,0,30
2017-12-08,0.018989971,19.59598828,2.091398242,0,0,30
2017-12-09,0.019071851,19.62874024,2.096311035,0,0,30
2017-12-10,0.019153265,19.66130614,2.101195921,0,0,30
2017-12-11,0.019234191,19.69367635,2.106051452,0,0,30
2017-12-12,0.019314603,19.72584129,2.110876193,0,0,30
2017-12-13,0.019394479,19.75779144,2.115668716,0,0,30
2017-12-14,0.019473793,19.78951735,2.120427602,0,0,30
2017-12-15,0.019552524,19.82100963,2.125151444,0,0,30
2017-12-16,0.019630647,19.85225895,2.129838843,0,0,30
2017-12-17,0.01970814,19.88325609,2.134488413,0,0,30
2017-12-18,0.01978498,19.91399185,2.139098777,0,0,30
2017-12-19,0.019861143,19.94445714,2.143668571,0,0,30
2017-12-20,0.019936607,19.97464296,2.148196444,0,0,30
2017-12-21,0.020011351,20.00454036,2.152681054,0,0,30
2017-12-22,0.020085351,20.03414051,2.157121076,0,0,30
2017-12-23,0.020158587,20.06343463,2.161515195,0,0,30
2017-12-24,0.020231035,20.09241407,2.165862111,0,0,30
2017-12-25,0.020302676,20.12107025,2.170160537,0,0,30
2017-12-26,0.020373487,20.14939468,2.174409202,0,0,30
2017-12-27,0.020443447,20.17737899,2.178606848,0,0,30
2017-12-28,0.020512537,20.20501489,2.182752233,0,0,30
2017-12-29,0.020580736,20.23229421,2.186844131,0,0,30
2017-12-30,0.020648022,20.25920887,2.190881331,0,0,30
2017-12-31,0.020714377,20.28575092,2.194862637,0,0,30
2018-01-01,0.020741309,20.29652362,2.196478543,0,0,30
2018-01-02,0.020806317,20.32252695,2.200379042,0,0,30
2018-01-03,0.020870347,20.34813892,2.204220838,0,0,30
2018-01-04,0.02093338,20.37335196,2.208002794,0,0,30
2018-01-05,0.020995397,20.3981586,2.21172379,0,0,30
2018-01-06,0.021056379,20.4225515,2.215382726,0,0,30
2018-01-07,0.021116309,20.44652345,2.218978518,0,0,30
2018-01-08,0.021175168,20.47006735,2.222510102,0,0,30
2018-01-09,0.021232941,20.49317623,2.225976434,0,0,30
2018-01-10,0.021289608,20.51584325,2.229376488,0,0,30
2018-01-11,0.021345154,20.53806172,2.232709258,0,0,30
2018-01-12,0.021399563,20.55982504,2.235973757,0,0,30
2018-01-13,0.021452817,20.58112679,2.239169019,0,0,30
2018-01-14,0.021504902,20.60196066,2.242294099,0,0,30
2018-01-15,0.021555801,20.62232048,2.245348073,0,0,30
2018-01-16,0.021605501,20.64220024,2.248330035,0,0,30
2018-01-17,0.021653985,20.66159403,2.251239105,0,0,30
2018-01-18,0.02170124,20.68049614,2.254074421,0,0,30
2018-01-19,0.021747252,20.69890096,2.256835144,0,0,30
2018-01-20,0.021792008,20.71680305,2.259520457,0,0,30
2018-01-21,0.021835493,20.7341971,2.262129566,0,0,30
2018-01-22,0.021877695,20.75107799,2.264661698,0,0,30
2018-01-23,0.021918602,20.76744069,2.267116104,0,0,30
2018-01-24,0.021958201,20.78328039,2.269492058,0,0,30
2018-01-25,0.021996481,20.79859238,2.271788857,0,0,30
2018-01-26,0.02203343,20.81337214,2.274005822,0,0,30
2018-01-27,0.022069038,20.8276153,2.276142295,0,0,30
2018-01-28,0.022103294,20.84131763,2.278197645,0,0,30
2018-01-29,0.022136188,20.85447509,2.280171264,0,0,30
2018-01-30,0.022167709,20.86708378,2.282062567,0,0,30
2018-01-31,0.02219785,20.87913997,2.283870996,0,0,30
2018-02-01,0.022210672,20.88426874,2.284640311,0,0,30
2018-02-02,0.022238808,20.8955231,2.286328465,0,0,30
2018-02-03,0.022265541,20.90621655,2.287932483,0,0,30
2018-02-04,0.022290865,20.91634592,2.289451888,0,0,30
2018-02-05,0.022314771,20.92590821,2.290886231,0,0,30
2018-02-06,0.022337251,20.93490059,2.292235089,0,0,30
2018-02-07,0.022358301,20.94332041,2.293498061,0,0,30
2018-02-08,0.022377913,20.95116516,2.294674775,0,0,30
2018-02-09,0.022396081,20.95843254,2.295764881,0,0,30
2018-02-10,0.022412801,20.96512038,2.296768057,0,0,30
2018-02-11,0.022428067,20.97122671,2.297684007,0,0,30
2018-02-12,0.022441874,20.97674973,2.298512459,0,0,30
2018-02-13,0.022454219,20.98168779,2.299253168,0,0,30
2018-02-14,0.022465099,20.98603944,2.299905916,0,0,30
2018-02-15,0.022474508,20.98980339,2.300470508,0,0,30
2018-02-16,0.022482446,20.99297852,2.300946778,0,0,30
2018-02-17,0.02248891,20.9955639,2.301334585,0,0,30
2018-02-18,0.022493897,20.99755876,2.301633814,0,0,30
2018-02-19,0.022497406,20.99896251,2.301844376,0,0,30
2018-02-20,0.022499437,20.99977473,2.30196621,0,0,30
2018-02-21,0.022499988,20.99999519,2.301999278,0,0,30
2018-02-22,0.02249906,20.99962382,2.301943573,0,0,30
2018-02-23,0.022496652,20.99866072,2.301799109,0,0,30
2018-02-24,0.022492765,20.9971062,2.301565929,0,0,30
2018-02-25,0.022487402,20.99496069,2.301244104,0,0,30
2018-02-26,0.022480562,20.99222485,2.300833727,0,0,30
2018-02-27,0.022472249,20.98889947,2.30033492,0,0,30
2018-02-28,0.022462464,20.98498554,2.299747832,0,0,30
2018-03-01,0.022417611,20.96704453,2.29705668,0,0,30
2018-03-02,0.022401335,20.96053385,2.296080077,0,0,30
2018-03-03,0.022383608,20.95344301,2.295016452,0,0,30
2018-03-04,0.022364435,20.94577412,2.293866118,0,0,30
2018-03-05,0.022343824,20.93752944,2.292629416,0,0,30
2018-03-06,0.022321779,20.92871142,2.291306712,0,0,30
2018-03-07,0.022298307,20.91932265,2.289898398,0,0,30
2018-03-08,0.022273415,20.90936594,2.28840489,0,0,30
2018-03-09,0.022247111,20.8988442,2.286826631,0,0,30
2018-03-10,0.022219401,20.88776057,2.285164086,0,0,30
2018-03-11,0.022190296,20.87611832,2.283417749,0,0,30
2018-03-12,0.022159802,20.8639209,2.281588135,0,0,30
2018-03-13,0.02212793,20.85117191,2.279675787,0,0,30
2018-03-14,0.022094688,20.83787514,2.27768127,0,0,30
2018-03-15,0.022060086,20.8240345,2.275605175,0,0,30
2018-03-16,0.022024135,20.8096541,2.273448116,0,0,30
2018-03-17,0.021986846,20.7947382,2.27121073,0,0,30
2018-03-18,0.021948228,20.77929121,2.268893681,0,0,30
2018-03-19,0.021908294,20.76331769,2.266497654,0,0,30
2018-03-20,0.021867056,20.74682239,2.264023358,0,0,30
2018-03-21,0.021824525,20.72981016,2.261471524,0,0,30
2018-03-22,0.021780715,20.71228606,2.258842909,0,0,30
2018-03-23,0.021735638,20.69425527,2.25613829,0,0,30
2018-03-24,0.021689308,20.67572312,2.253358468,0,0,30
2018-03-25,0.021641738,20.65669509,2.250504264,0,0,30
2018-03-26,0.021592942,20.63717683,2.247576524,0,0,30
2018-03-27,0.021542935,20.61717409,2.244576114,0,0,30
2018-03-28,0.021491732,20.59669281,2.241503922,0,0,30
2018-03-29,0.021439348,20.57573904,2.238360856,0,0,30
2018-03-30,0.021385797,20.55431899,2.235147848,0,0,30
2018-03-31,0.021331097,20.53243898,2.231865848,0,0,30
2018-04-01,0.021306669,20.52266773,2.23040016,0,0,30
2018-04-02,0.021250342,20.50013681,2.227020522,0,0,30
2018-04-03,0.021192905,20.47716198,2.223574297,0,0,30
2018-04-04,0.021134375,20.45375003,2.220062505,0,0,30
2018-04-05,0.02107477,20.42990789,2.216486184,0,0,30
2018-04-06,0.021014107,20.40564262,2.212846393,0,0,30
2018-04-07,0.020952403,20.3809614,2.20914421,0,0,30
2018-04-08,0.020889679,20.35587153,2.205380729,0,0,30
2018-04-09,0.020825951,20.33038043,2.201557065,0,0,30
2018-04-10,0.020761239,20.30449566,2.197674348,0,0,30
2018-04-11,0.020695562,20.27822486,2.193733729,0,0,30
2018-04-12,0.02062894,20.25157581,2.189736372,0,0,30
2018-04-13,0.020561391,20.22455641,2.185683461,0,0,30
2018-04-14,0.020492937,20.19717463,2.181576195,0,0,30
2018-04-15,0.020423596,20.1694386,2.17741579,0,0,30
2018-04-16,0.020353391,20.14135651,2.173203476,0,0,30
2018-04-17,0.020282342,20.11293667,2.1689405,0,0,30
2018-04-18,0.020210469,20.08418749,2.164628124,0,0,30
2018-04-19,0.020137794,20.05511749,2.160267624,0,0,30
2018-04-20,0.020064338,20.02573527,2.15586029,0,0,30
2018-04-21,0.019990124,19.99604951,2.151407426,0,0,30
2018-04-22,0.019915172,19.966069,2.14691035,0,0,30
2018-04-23,0.019839507,19.93580262,2.142370393,0,0,30
2018-04-24,0.019763148,19.90525932,2.137788897,0,0,30
2018-04-25,0.01968612,19.87444813,2.13316722,0,0,30
2018-04-26,0.019608445,19.84337819,2.128506728,0,0,30
2018-04-27,0.019530147,19.81205867,2.123808801,0,0,30
2018-04-28,0.019451247,19.78049886,2.119074829,0,0,30
2018-04-29,0.01937177,19.74870808,2.114306212,0,0,30
2018-04-30,0.019291739,19.71669575,2.109504362,0,0,30
2018-05-01,0.01917557,19.67022786,2.102534179,0,0,30
2018-05-02,0.019094287,19.63771482,2.097657222,0,0,30
2018-05-03,0.019012533,19.60501306,2.092751959,0,0,30
2018-05-04,0.018930331,19.57213227,2.087819841,0,0,30
2018-05-05,0.018847705,19.53908218,2.082862328,0,0,30
2018-05-06,0.018764681,19.50587257,2.077880886,0,0,30
2018-05-07,0.018681283,19.47251326,2.072876989,0,0,30
2018-05-08,0.018597535,19.43901413,2.067852119,0,0,30
2018-05-09,0.018513463,19.40538508,2.062807762,0,0,30
2018-05-10,0.01842909,19.37163608,2.057745412,0,0,30
2018-05-11,0.018344443,19.3377771,2.052666565,0,0,30
2018-05-12,0.018259545,19.30381817,2.047572725,0,0,30
2018-05-13,0.018174423,19.26976933,2.0424654,0,0,30
2018-05-14,0.018089102,19.23564067,2.0373461,0,0,30
2018-05-15,0.018003606,19.20144227,2.032216341,0,0,30
2018-05-16,0.017917961,19.16718427,2.02707764,0,0,30
2018-05-17,0.017832192,19.13287679,2.021931518,0,0,30
2018-05-18,0.017746325,19.09852999,2.016779498,0,0,30
2018-05-19,0.017660385,19.06415403,2.011623105,0,0,30
2018-05-20,0.017574398,19.0297591,2.006463864,0,0,30
2018-05-21,0.017488388,18.99535535,2.001303302,0,0,30
2018-05-22,0.017402382,18.96095298,1.996142947,0,0,30
2018-05-23,0.017316405,18.92656216,1.990984324,0,0,30
2018-05-24,0.017230483,18.89219308,1.985828962,0,0,30
2018-05-25,0.01714464,18.85785589,1.980678384,0,0,30
2018-05-26,0.017058902,18.82356077,1.975534116,0,0,30
2018-05-27,0.016973295,18.78931787,1.97039768,0,0,30
2018-05-28,0.016887843,18.7551373,1.965270595,0,0,30
2018-05-29,0.016802573,18.72102919,1.960154379,0,0,30
2018-05-30,0.016717509,18.68700364,1.955050546,0,0,30
2018-05-31,0.016632677,18.65307071,1.949960606,0,0,30
2018-06-01,0.01659543,18.63817215,1.947725822,0,0,30
2018-06-02,0.016510976,18.60439022,1.942658533,0,0,30
2018-06-03,0.016426813,18.57072536,1.937608804,0,0,30
2018-06-04,0.016342969,18.53718753,1.93257813,0,0,30
2018-06-05,0.016259467,18.50378665,1.927567998,0,0,30
2018-06-06,0.016176332,18.47053262,1.922579892,0,0,30
2018-06-07,0.016093588,18.43743525,1.917615288,0,0,30
2018-06-08,0.016011261,18.40450436,1.912675655,0,0,30
2018-06-09,0.015929374,18.37174969,1.907762454,0,0,30
2018-06-10,0.015847952,18.33918093,1.902877139,0,0,30
2018-06-11,0.015767019,18.30680771,1.898021157,0,0,30
2018-06-12,0.015686599,18.27463962,1.893195944,0,0,30
2018-06-13,0.015606715,18.24268618,1.888402927,0,0,30
2018-06-14,0.015527392,18.21095684,1.883643526,0,0,30
2018-06-15,0.015448652,18.17946099,1.878919148,0,0,30
2018-06-16,0.01537052,18.14820795,1.874231192,0,0,30
2018-06-17,0.015293017,18.11720696,1.869581045,0,0,30
2018-06-18,0.015216168,18.08646721,1.864970082,0,0,30
2018-06-19,0.015139994,18.05599779,1.860399669,0,0,30
2018-06-20,0.015064519,18.02580772,1.855871158,0,0,30
2018-06-21,0.014989765,17.99590592,1.851385889,0,0,30
2018-06-22,0.014915753,17.96630126,1.846945188,0,0,30
2018-06-23,0.014842506,17.93700248,1.842550371,0,0,30
2018-06-24,0.014770046,17.90801825,1.838202738,0,0,30
2018-06-25,0.014698393,17.87935717,1.833903575,0,0,30
2018-06-26,0.014627569,17.8510277,1.829654154,0,0,30
2018-06-27,0.014557596,17.82303823,1.825455734,0,0,30
2018-06-28,0.014488493,17.79539704,1.821309555,0,0,30
2018-06-29,0.014420281,17.76811231,1.817216846,0,0,30
2018-06-30,0.01435298,17.74119212,1.813178817,0,0,30
2018-07-01,0.014257709,17.70308348,1.807462522,0,0,30
2018-07-02,0.014192715,17.67708596,1.803562894,0,0,30
2018-07-03,0.0141287,17.65147992,1.799721987,0,0,30
2018-07-04,0.014065682,17.62627292,1.795940938,0,0,30
2018-07-05,0.014003681,17.60147243,1.792220865,0,0,30
2018-07-06,0.013942714,17.57708579,1.788562868,0,0,30
2018-07-07,0.013882801,17.55312021,1.784968032,0,0,30
2018-07-08,0.013823957,17.52958279,1.781437418,0,0,30
2018-07-09,0.013766201,17.50648048,1.777972073,0,0,30
2018-07-10,0.01370955,17.48382014,1.774573021,0,0,30
2018-07-11,0.013654021,17.46160845,1.771241268,0,0,30
2018-07-12,0.01359963,17.439852,1.7679778,0,0,30
2018-07-13,0.013546393,17.41855723,1.764783584,0,0,30
2018-07-14,0.013494326,17.39773042,1.761659564,0,0,30
2018-07-15,0.013443444,17.37737776,1.758606664,0,0,30
2018-07-16,0.013393763,17.35750525,1.755625788,0,0,30
2018-07-17,0.013345297,17.33811879,1.752717818,0,0,30
2018-07-18,0.01329806,17.3192241,1.749883615,0,0,30
2018-07-19,0.013252067,17.30082678,1.747124017,0,0,30
2018-07-20,0.013207331,17.28293228,1.744439841,0,0,30
2018-07-21,0.013163865,17.26554588,1.741831882,0,0,30
2018-07-22,0.013121682,17.24867273,1.73930091,0,0,30
2018-07-23,0.013080795,17.23231783,1.736847675,0,0,30
2018-07-24,0.013041215,17.21648602,1.734472903,0,0,30
2018-07-25,0.013002955,17.20118198,1.732177297,0,0,30
2018-07-26,0.012966026,17.18641023,1.729961535,0,0,30
2018-07-27,0.012930438,17.17217516,1.727826274,0,0,30
2018-07-28,0.012896202,17.15848097,1.725772145,0,0,30
2018-07-29,0.012863329,17.14533171,1.723799757,0,0,30
2018-07-30,0.012831828,17.13273128,1.721909693,0,0,30
2018-07-31,0.012801709,17.12068341,1.720102511,0,0,30
2018-08-01,0.012788896,17.11555832,1.719333748,0,0,30
2018-08-02,0.012760781,17.10431234,1.717646852,0,0,30
2018-08-03,0.012734068,17.09362733,1.7160441,0,0,30
2018-08-04,0.012708766,17.08350645,1.714525967,0,0,30
2018-08-05,0.012684882,17.07395269,1.713092903,0,0,30
2018-08-06,0.012662422,17.06496887,1.711745331,0,0,30
2018-08-07,0.012641394,17.05655767,1.71048365,0,0,30
2018-08-08,0.012621804,17.04872155,1.709308233,0,0,30
2018-08-09,0.012603657,17.04146286,1.708219429,0,0,30
2018-08-10,0.012586959,17.03478372,1.707217558,0,0,30
2018-08-11,0.012571715,17.02868613,1.706302919,0,0,30
2018-08-12,0.01255793,17.02317188,1.705475781,0,0,30
2018-08-13,0.012545607,17.0182426,1.70473639,0,0,30
2018-08-14,0.012534749,17.01389976,1.704084964,0,0,30
2018-08-15,0.012525362,17.01014463,1.703521695,0,0,30
2018-08-16,0.012517446,17.00697834,1.703046751,0,0,30
2018-08-17,0.012511005,17.00440181,1.702660272,0,0,30
2018-08-18,0.01250604,17.00241582,1.702362373,0,0,30
2018-08-19,0.012502552,17.00102094,1.702153141,0,0,30
2018-08-20,0.012500544,17.00021759,1.702032639,0,0,30
2018-08-21,0.012500015,17.00000601,1.702000901,0,0,30
2018-08-22,0.012500966,17.00038626,1.702057939,0,0,30
2018-08-23,0.012503396,17.00135823,1.702203734,0,0,30
2018-08-24,0.012507304,17.00292162,1.702438243,0,0,30
2018-08-25,0.01251269,17.00507599,1.702761398,0,0,30
2018-08-26,0.012519552,17.00782068,1.703173102,0,0,30
2018-08-27,0.012527887,17.0111549,1.703673234,0,0,30
2018-08-28,0.012537694,17.01507764,1.704261646,0,0,30
2018-08-29,0.012548969,17.01958775,1.704938163,0,0,30
2018-08-30,0.01256171,17.0246839,1.705702586,0,0,30
2018-08-31,0.012575911,17.03036458,1.706554687,0,0,30
2018-09-01,0.012582622,17.03304883,1.706957325,0,0,30
2018-09-02,0.012598921,17.03956823,1.707935235,0,0,30
2018-09-03,0.012616669,17.04666776,1.709000164,0,0,30
2018-09-04,0.012635863,17.0543453,1.710151796,0,0,30
2018-09-05,0.012656497,17.0625986,1.71138979,0,0,30
2018-09-06,0.012678563,17.07142521,1.712713781,0,0,30
2018-09-07,0.012702056,17.08082251,1.714123376,0,0,30
2018-09-08,0.012726969,17.09078772,1.715618159,0,0,30
2018-09-09,0.012753295,17.10131791,1.717197686,0,0,30
2018-09-10,0.012781025,17.11240994,1.718861491,0,0,30
2018-09-11,0.012810151,17.12406054,1.720609082,0,0,30
2018-09-12,0.012840666,17.13626627,1.72243994,0,0,30
2018-09-13,0.012872559,17.1490235,1.724353525,0,0,30
2018-09-14,0.012905821,17.16232847,1.72634927,0,0,30
2018-09-15,0.012940443,17.17617723,1.728426584,0,0,30
2018-09-16,0.012976414,17.19056569,1.730584853,0,0,30
2018-09-17,0.013013724,17.20548959,1.732823438,0,0,30
2018-09-18,0.013052361,17.22094452,1.735141677,0,0,30
2018-09-19,0.013092315,17.23692589,1.737538884,0,0,30
2018-09-20,0.013133572,17.25342899,1.740014349,0,0,30
2018-09-21,0.013176122,17.27044893,1.742567339,0,0,30
2018-09-22,0.013219952,17.28798067,1.7451971,0,0,30
2018-09-23,0.013265048,17.30601902,1.747902853,0,0,30
2018-09-24,0.013311397,17.32455865,1.750683798,0,0,30
2018-09-25,0.013358985,17.34359407,1.753539111,0,0,30
2018-09-26,0.013407799,17.36311965,1.756467947,0,0,30
2018-09-27,0.013457824,17.38312961,1.759469441,0,0,30
2018-09-28,0.013509045,17.40361802,1.762542703,0,0,30
2018-09-29,0.013561447,17.42457883,1.765686824,0,0,30
2018-09-30,0.013615015,17.44600583,1.768900875,0,0,30
2018-10-01,0.013694167,17.47766692,1.773650038,0,0,30
2018-10-02,0.013750511,17.50020455,1.777030682,0,0,30
2018-10-03,0.013807965,17.52318599,1.780477898,0,0,30
2018-10-04,0.013866511,17.54660444,1.783990666,0,0,30
2018-10-05,0.013926132,17.57045298,1.787567947,0,0,30
2018-10-06,0.013986811,17.59472454,1.791208681,0,0,30
2018-10-07,0.01404853,17.61941195,1.794911792,0,0,30
2018-10-08,0.01411127,17.64450789,1.798676184,0,0,30
2018-10-09,0.014175012,17.67000495,1.802500742,0,0,30
2018-10-10,0.014239739,17.69589557,1.806384336,0,0,30
2018-10-11,0.01430543,17.7221721,1.810325815,0,0,30
2018-10-12,0.014372067,17.74882676,1.814324014,0,0,30
2018-10-13,0.014439629,17.77585166,1.81837775,0,0,30
2018-10-14,0.014508097,17.80323881,1.822485822,0,0,30
2018-10-15,0.01457745,17.8309801,1.826647015,0,0,30
2018-10-16,0.014647668,17.85906732,1.830860098,0,0,30
2018-10-17,0.01471873,17.88749216,1.835123824,0,0,30
2018-10-18,0.014790616,17.91624621,1.839436931,0,0,30
2018-10-19,0.014863302,17.94532096,1.843798143,0,0,30
2018-10-20,0.01493677,17.9747078,1.84820617,0,0,30
2018-10-21,0.015010995,18.00439805,1.852659707,0,0,30
2018-10-22,0.015085957,18.03438291,1.857157436,0,0,30
2018-10-23,0.015161634,18.06465351,1.861698026,0,0,30
2018-10-24,0.015238002,18.0952009,1.866280134,0,0,30
2018-10-25,0.01531504,18.12601603,1.870902404,0,0,30
2018-10-26,0.015392724,18.15708978,1.875563467,0,0,30
2018-10-27,0.015471032,18.18841297,1.880261946,0,0,30
2018-10-28,0.015549941,18.21997632,1.884996448,0,0,30
2018-10-29,0.015629426,18.25177049,1.889765574,0,0,30
2018-10-30,0.015709465,18.28378607,1.894567911,0,0,30
2018-10-31,0.015790034,18.3160136,1.89940204,0,0,30
2018-11-01,0.015825646,18.33025839,1.901538759,0,0,30
2018-11-02,0.015906936,18.36277434,1.906416151,0,0,30
2018-11-03,0.015988697,18.39547885,1.911321828,0,0,30
2018-11-04,0.016070906,18.42836225,1.916254338,0,0,30
2018-11-05,0.016153537,18.46141481,1.921212221,0,0,30
2018-11-06,0.016236567,18.49462674,1.926194011,0,0,30
2018-11-07,0.016319971,18.52798822,1.931198233,0,0,30
2018-11-08,0.016403723,18.56148937,1.936223406,0,0,30
2018-11-09,0.016487801,18.59512029,1.941268044,0,0,30
2018-11-10,0.016572178,18.62887102,1.946330653,0,0,30
2018-11-11,0.016656829,18.66273157,1.951409736,0,0,30
2018-11-12,0.01674173,18.69669193,1.956503789,0,0,30
2018-11-13,0.016826855,18.73074203,1.961611305,0,0,30
2018-11-14,0.01691218,18.76487182,1.966730773,0,0,30
2018-11-15,0.016997678,18.79907118,1.971860678,0,0,30
2018-11-16,0.017083325,18.83333001,1.976999501,0,0,30
2018-11-17,0.017169095,18.86763815,1.982145722,0,0,30
2018-11-18,0.017254964,18.90198546,1.987297819,0,0,30
2018-11-19,0.017340904,18.93636178,1.992454266,0,0,30
2018-11-20,0.017426892,18.97075692,1.997613538,0,0,30
2018-11-21,0.017512902,19.00516072,2.002774108,0,0,30
2018-11-22,0.017598907,19.03956299,2.007934449,0,0,30
2018-11-23,0.017684884,19.07395356,2.013093034,0,0,30
2018-11-24,0.017770806,19.10832224,2.018248336,0,0,30
2018-11-25,0.017856647,19.14265887,2.02339883,0,0,30
2018-11-26,0.017942383,19.17695328,2.028542992,0,0,30
2018-11-27,0.018027988,19.21119533,2.033679299,0,0,30
2018-11-28,0.018113437,19.24537488,2.038806232,0,0,30
2018-11-29,0.018198705,19.27948182,2.043922274,0,0,30
2018-11-30,0.018283765,19.31350606,2.049025909,0,0,30
2018-12-01,0.018405838,19.3623354,2.05635031,0,0,30
2018-12-02,0.018490289,19.39611564,2.061417346,0,0,30
2018-12-03,0.018574447,19.42977867,2.0664668,0,0,30
2018-12-04,0.018658286,19.46331452,2.071497178,0,0,30
2018-12-05,0.018741783,19.49671327,2.07650699,0,0,30
2018-12-06,0.018824913,19.52996503,2.081494754,0,0,30
2018-12-07,0.01890765,19.56305996,2.086458995,0,0,30
2018-12-08,0.018989971,19.59598828,2.091398242,0,0,30
2018-12-09,0.019071851,19.62874024,2.096311035,0,0,30
2018-12-10,0.019153265,19.66130614,2.101195921,0,0,30
2018-12-11,0.019234191,19.69367635,2.106051452,0,0,30
2018-12-12,0.019314603,19.72584129,2.110876193,0,0,30
2018-12-13,0.019394479,19.75779144,2.115668716,0,0,30
2018-12-14,0.019473793,19.78951735,2.120427602,0,0,30
2018-12-15,0.019552524,19.82100963,2.125151444,0,0,30
2018-12-16,0.019630647,19.85225895,2.129838843,0,0,30
2018-12-17,0.01970814,19.88325609,2.134488413,0,0,30
2018-12-18,0.01978498,19.91399185,2.139098777,0,0,30
2018-12-19,0.019861143,19.94445714,2.143668571,0,0,30
2018-12-20,0.019936607,19.97464296,2.148196444,0,0,30
2018-12-21,0.020011351,20.00454036,2.152681054,0,0,30
2018-12-22,0.020085351,20.03414051,2.157121076,0,0,30
2018-12-23,0.020158587,20.06343463,2.161515195,0,0,30
2018-12-24,0.020231035,20.09241407,2.165862111,0,0,30
2018-12-25,0.020302676,20.12107025,2.170160537,0,0,30
2018-12-26,0.020373487,20.14939468,2.174409202,0,0,30
2018-12-27,0.020443447,20.17737899,2.178606848,0,0,30
2018-12-28,0.020512537,20.20501489,2.182752233,0,0,30
2018-12-29,0.020580736,20.23229421,2.186844131,0,0,30
2018-12-30,0.020648022,20.25920887,2.190881331,0,0,30
2018-12-31,0.020714377,20.28575092,2.194862637,0,0,30
2019-01-01,0.020741309,20.29652362,2.196478543,0,0,30
2019-01-02,0.020806317,20.32252695,2.200379042,0,0,30
2019-01-03,0.020870347,20.34813892,2.204220838,0,0,30
2019-01-04,0.02093338,20.37335196,2.208002794,0,0,30
2019-01-05,0.020995397,20.3981586,2.21172379,0,0,30
2019-01-06,0.021056379,20.4225515,2.215382726,0,0,30
2019-01-07,0.021116309,20.44652345,2.218978518,0,0,30
2019-01-08,0.021175168,20.47006735,2.222510102,0,0,30
2019-01-09,0.021232941,20.49317623,2.225976434,0,0,30
2019-01-10,0.021289608,20.51584325,2.229376488,0,0,30
2019-01-11,0.021345154,20.53806172,2.232709258,0,0,30
2019-01-12,0.021399563,20.55982504,2.235973757,0,0,30
2019-01-13,0.021452817,20.58112679,2.239169019,0,0,30
2019-01-14,0.021504902,20.60196066,2.242294099,0,0,30
2019-01-15,0.021555801,20.62232048,2.245348073,0,0,30
2019-01-16,0.021605501,20.64220024,2.248330035,0,0,30
2019-01-17,0.021653985,20.66159403,2.251239105,0,0,30
2019-01-18,0.02170124,20.68049614,2.254074421,0,0,30
2019-01-19,0.021747252,20.69890096,2.256835144,0,0,30
2019-01-20,0.021792008,20.71680305,2.259520457,0,0,30
2019-01-21,0.021835493,20.7341971,2.262129566,0,0,30
2019-01-22,0.021877695,20.75107799,2.264661698,0,0,30
2019-01-23,0.021918602,20.76744069,2.267116104,0,0,30
2019-01-24,0.021958201,20.78328039,2.269492058,0,0,30
2019-01-25,0.021996481,20.79859238,2.271788857,0,0,30
2019-01-26,0.02203343,20.81337214,2.274005822,0,0,30
2019-01-27,0.022069038,20.8276153,2.276142295,0,0,30
2019-01-28,0.022103294,20.84131763,2.278197645,0,0,30
2019-01-29,0.022136188,20.85447509,2.280171264,0,0,30
2019-01-30,0.022167709,20.86708378,2.282062567,0,0,30
2019-01-31,0.02219785,20.87913997,2.283870996,0,0,30
2019-02-01,0.022210672,20.88426874,2.284640311,0,0,30
2019-02-02,0.022238808,20.8955231,2.286328465,0,0,30
2019-02-03,0.022265541,20.90621655,2.287932483,0,0,30
2019-02-04,0.022290865,20.91634592,2.289451888,0,0,30
2019-02-05,0.022314771,20.92590821,2.290886231,0,0,30
2019-02-06,0.022337251,20.93490059,2.292235089,0,0,30
2019-02-07,0.022358301,20.94332041,2.293498061,0,0,30
2019-02-08,0.022377913,20.95116516,2.294674775,0,0,30
2019-02-09,0.022396081,20.95843254,2.295764881,0,0,30
2019-02-10,0.022412801,20.96512038,2.296768057,0,0,30
2019-02-11,0.022428067,20.97122671,2.297684007,0,0,30
2019-02-12,0.022441874,20.97674973,2.298512459,0,0,30
2019-02-13,0.022454219,20.98168779,2.299253168,0,0,30
2019-02-14,0.022465099,20.98603944,2.299905916,0,0,30
2019-02-15,0.022474508,20.98980339,2.300470508,0,0,30
2019-02-16,0.022482446,20.99297852,2.300946778,0,0,30
2019-02-17,0.02248891,20.9955639,2.301334585,0,0,30
2019-02-18,0.022493897,20.99755876,2.301633814,0,0,30
2019-02-19,0.022497406,20.99896251,2.301844376,0,0,30
2019-02-20,0.022499437,20.99977473,2.30196621,0,0,30
2019-02-21,0.022499988,20.99999519,2.301999278,0,0,30
2019-02-22,0.02249906,20.99962382,2.301943573,0,0,30
2019-02-23,0.022496652,20.99866072,2.301799109,0,0,30
2019-02-24,0.022492765,20.9971062,2.301565929,0,0,30
2019-02-25,0.022487402,20.99496069,2.301244104,0,0,30
2019-02-26,0.022480562,20.99222485,2.300833727,0,0,30
2019-02-27,0.022472249,20.98889947,2.30033492,0,0,30
2019-02-28,0.022462464,20.98498554,2.299747832,0,0,30
2019-03-01,0.022417611,20.96704453,2.29705668,0,0,30
2019-03-02,0.022401335,20.96053385,2.296080077,0,0,30
2019-03-03,0.022383608,20.95344301,2.295016452,0,0,30
2019-03-04,0.022364435,20.94577412,2.293866118,0,0,30
2019-03-05,0.022343824,20.93752944,2.292629416,0,0,30
2019-03-06,0.022321779,20.92871142,2.291306712,0,0,30
2019-03-07,0.022298307,20.91932265,2.289898398,0,0,30
2019-03-08,0.022273415,20.90936594,2.28840489,0,0,30
2019-03-09,0.022247111,20.8988442,2.286826631,0,0,30
2019-03-10,0.022219401,20.88776057,2.285164086,0,0,30
2019-03-11,0.022190296,20.87611832,2.283417749,0,0,30
2019-03-12,0.022159802,20.8639209,2.281588135,0,0,30
2019-03-13,0.02212793,20.85117191,2.279675787,0,0,30
2019-03-14,0.022094688,20.83787514,2.27768127,0,0,30
2019-03-15,0.022060086,20.8240345,2.275605175,0,0,30
2019-03-16,0.022024135,20.8096541,2.273448116,0,0,30
2019-03-17,0.021986846,20.7947382,2.27121073,0,0,30
2019-03-18,0.021948228,20.77929121,2.268893681,0,0,30
2019-03-19,0.021908294,20.76331769,2.266497654,0,0,30
2019-03-20,0.021867056,20.74682239,2.264023358,0,0,30
2019-03-21,0.021824525,20.72981016,2.261471524,0,0,30
2019-03-22,0.021780715,20.71228606,2.258842909,0,0,30
2019-03-23,0.021735638,20.69425527,2.25613829,0,0,30
2019-03-24,0.021689308,20.67572312,2.253358468,0,0,30
2019-03-25,0.021641738,20.65669509,2.250504264,0,0,30
2019-03-26,0.021592942,20.63717683,2.247576524,0,0,30
2019-03-27,0.021542935,20.61717409,2.244576114,0,0,30
2019-03-28,0.021491732,20.59669281,2.241503922,0,0,30
2019-03-29,0.021439348,20.57573904,2.238360856,0,0,30
2019-03-30,0.021385797,20.55431899,2.235147848,0,0,30
2019-03-31,0.021331097,20.53243898,2.231865848,0,0,30
2019-04-01,0.021306669,20.52266773,2.23040016,0,0,30
2019-04-02,0.021250342,20.50013681,2.227020522,0,0,30
2019-04-03,0.021192905,20.47716198,2.223574297,0,0,30
2019-04-04,0.021134375,20.45375003,2.220062505,0,0,30
2019-04-05,0.02107477,20.42990789,2.216486184,0,0,30
2019-04-06,0.021014107,20.40564262,2.212846393,0,0,30
2019-04-07,0.020952403,20.3809614,2.20914421,0,0,30
2019-04-08,0.020889679,20.35587153,2.205380729,0,0,30
2019-04-09,0.020825951,20.33038043,2.201557065,0,0,30
2019-04-10,0.020761239,20.30449566,2.197674348,0,0,30
2019-04-11,0.020695562,20.27822486,2.193733729,0,0,30
2019-04-12,0.02062894,20.25157581,2.189736372,0,0,30
2019-04-13,0.020561391,20.22455641,2.185683461,0,0,30
2019-04-14,0.020492937,20.19717463,2.181576195,0,0,30
2019-04-15,0.020423596,20.1694386,2.17741579,0,0,30
2019-04-16,0.020353391,20.14135651,2.173203476,0,0,30
2019-04-17,0.020282342,20.11293667,2.1689405,0,0,30
2019-04-18,0.020210469,20.08418749,2.164628124,0,0,30
2019-04-19,0.020137794,20.05511749,2.160267624,0,0,30
2019-04-20,0.020064338,20.02573527,2.15586029,0,0,30
2019-04-21,0.019990124,19.99604951,2.151407426,0,0,30
2019-04-22,0.019915172,19.966069,2.14691035,0,0,30
2019-04-23,0.019839507,19.93580262,2.142370393,0,0,30
2019-04-24,0.019763148,19.90525932,2.137788897,0,0,30
2019-04-25,0.01968612,19.87444813,2.13316722,0,0,30
2019-04-26,0.019608445,19.84337819,2.128506728,0,0,30
2019-04-27,0.019530147,19.81205867,2.123808801,0,0,30
2019-04-28,0.019451247,19.78049886,2.119074829,0,0,30
2019-04-29,0.01937177,19.74870808,2.114306212,0,0,30
2019-04-30,0.019291739,19.71669575,2.109504362,0,0,30
2019-05-01,0.01917557,19.67022786,2.102534179,0,0,30
2019-05-02,0.019094287,19.63771482,2.097657222,0,0,30
2019-05-03,0.019012533,19.60501306,2.092751959,0,0,30
2019-05-04,0.018930331,19.57213227,2.087819841,0,0,30
2019-05-05,0.018847705,19.53908218,2.082862328,0,0,30
2019-05-06,0.018764681,19.50587257,2.077880886,0,0,30
2019-05-07,0.018681283,19.47251326,2.072876989,0,0,30
2019-05-08,0.018597535,19.43901413,2.067852119,0,0,30
2019-05-09,0.018513463,19.40538508,2.062807762,0,0,30
2019-05-10,0.01842909,19.37163608,2.057745412,0,0,30
2019-05-11,0.018344443,19.3377771,2.052666565,0,0,30
2019-05-12,0.018259545,19.30381817,2.047572725,0,0,30
2019-05-13,0.018174423,19.26976933,2.0424654,0,0,30
2019-05-14,0.018089102,19.23564067,2.0373461,0,0,30
2019-05-15,0.018003606,19.20144227,2.032216341,0,0,30
2019-05-16,0.017917961,19.16718427,2.02707764,0,0,30
2019-05-17,0.017832192,19.13287679,2.021931518,0,0,30
2019-05-18,0.017746325,19.09852999,2.016779498,0,0,30
2019-05-19,0.017660385,19.06415403,2.011623105,0,0,30
2019-05-20,0.017574398,19.0297591,2.006463864,0,0,30
2019-05-21,0.017488388,18.99535535,2.001303302,0,0,30
2019-05-22,0.017402382,18.96095298,1.996142947,0,0,30
2019-05-23,0.017316405,18.92656216,1.990984324,0,0,30
2019-05-24,0.017230483,18.89219308,1.985828962,0,0,30
2019-05-25,0.01714464,18.85785589,1.980678384,0,0,30
2019-05-26,0.017058902,18.82356077,1.975534116,0,0,30
2019-05-27,0.016973295,18.78931787,1.97039768,0,0,30
2019-05-28,0.016887843,18.7551373,1.965270595,0,0,30
2019-05-29,0.016802573,18.72102919,1.960154379,0,0,30
2019-05-30,0.016717509,18.68700364,1.955050546,0,0,30
2019-05-31,0.016632677,18.65307071,1.949960606,0,0,30
2019-06-01,0.01659543,18.63817215,1.947725822,0,0,30
2019-06-02,0.016510976,18.60439022,1.942658533,0,0,30
2019-06-03,0.016426813,18.57072536,1.937608804,0,0,30
2019-06-04,0.016342969,18.53718753,1.93257813,0,0,30
2019-06-05,0.016259467,18.50378665,1.927567998,0,0,30
2019-06-06,0.016176332,18.47053262,1.922579892,0,0,30
2019-06-07,0.016093588,18.43743525,1.917615288,0,0,30
2019-06-08,0.016011261,18.40450436,1.912675655,0,0,30
2019-06-09,0.015929374,18.37174969,1.907762454,0,0,30
2019-06-10,0.015847952,18.33918093,1.902877139,0,0,30
2019-06-11,0.015767019,18.30680771,1.898021157,0,0,30
2019-06-12,0.015686599,18.27463962,1.893195944,0,0,30
2019-06-13,0.015606715,18.24268618,1.888402927,0,0,30
2019-06-14,0.015527392,18.21095684,1.883643526,0,0,30
2019-06-15,0.015448652,18.17946099,1.878919148,0,0,30
2019-06-16,0.01537052,18.14820795,1.874231192,0,0,30
2019-06-17,0.015293017,18.11720696,1.869581045,0,0,30
2019-06-18,0.015216168,18.08646721,1.864970082,0,0,30
2019-06-19,0.015139994,18.05599779,1.860399669,0,0,30
2019-06-20,0.015064519,18.02580772,1.855871158,0,0,30
2019-06-21,0.014989765,17.99590592,1.851385889,0,0,30
2019-06-22,0.014915753,17.96630126,1.846945188,0,0,30
2019-06-23,0.014842506,17.93700248,1.842550371,0,0,30
2019-06-24,0.014770046,17.90801825,1.838202738,0,0,30
2019-06-25,0.014698393,17.87935717,1.833903575,0,0,30
2019-06-26,0.014627569,17.8510277,1.829654154,0,0,30
2019-06-27,0.014557596,17.82303823,1.825455734,0,0,30
2019-06-28,0.014488493,17.79539704,1.821309555,0,0,30
2019-06-29,0.014420281,17.76811231,1.817216846,0,0,30
2019-06-30,0.01435298,17.74119212,1.813178817,0,0,30
2019-07-01,0.014257709,17.70308348,1.807462522,0,0,30
2019-07-02,0.014192715,17.67708596,1.803562894,0,0,30
2019-07-03,0.0141287,17.65147992,1.799721987,0,0,30
2019-07-04,0.014065682,17.62627292,1.795940938,0,0,30
2019-07-05,0.014003681,17.60147243,1.792220865,0,0,30
2019-07-06,0.013942714,17.57708579,1.788562868,0,0,30
2019-07-07,0.013882801,17.55312021,1.784968032,0,0,30
2019-07-08,0.013823957,17.52958279,1.781437418,0,0,30
2019-07-09,0.013766201,17.50648048,1.777972073,0,0,30
2019-07-10,0.01370955,17.48382014,1.774573021,0,0,30
2019-07-11,0.013654021,17.46160845,1.771241268,0,0,30
2019-07-12,0.01359963,17.439852,1.7679778,0,0,30
2019-07-13,0.013546393,17.41855723,1.764783584,0,0,30
2019-07-14,0.013494326,17.39773042,1.761659564,0,0,30
2019-07-15,0.013443444,17.37737776,1.758606664,0,0,30
2019-07-16,0.013393763,17.35750525,1.755625788,0,0,30
2019-07-17,0.013345297,17.33811879,1.752717818,0,0,30
2019-07-18,0.01329806,17.3192241,1.749883615,0,0,30
2019-07-19,0.013252067,17.30082678,1.747124017,0,0,30
2019-07-20,0.013207331,17.28293228,1.744439841,0,0,30
2019-07-21,0.013163865,17.26554588,1.741831882,0,0,30
2019-07-22,0.013121682,17.24867273,1.73930091,0,0,30
2019-07-23,0.013080795,17.23231783,1.736847675,0,0,30
2019-07-24,0.013041215,17.21648602,1.734472903,0,0,30
2019-07-25,0.013002955,17.20118198,1.732177297,0,0,30
2019-07-26,0.012966026,17.18641023,1.729961535,0,0,30
2019-07-27,0.012930438,17.17217516,1.727826274,0,0,30
2019-07-28,0.012896202,17.15848097,1.725772145,0,0,30
2019-07-29,0.012863329,17.14533171,1.723799757,0,0,30
2019-07-30,0.012831828,17.13273128,1.721909693,0,0,30
2019-07-31,0.012801709,17.12068341,1.720102511,0,0,30
2019-08-01,0.012788896,17.11555832,1.719333748,0,0,30
2019-08-02,0.012760781,17.10431234,1.717646852,0,0,30
2019-08-03,0.012734068,17.09362733,1.7160441,0,0,30
2019-08-04,0.012708766,17.08350645,1.714525967,0,0,30
2019-08-05,0.012684882,17.07395269,1.713092903,0,0,30
2019-08-06,0.012662422,17.06496887,1.711745331,0,0,30
2019-08-07,0.012641394,17.05655767,1.71048365,0,0,30
2019-08-08,0.012621804,17.04872155,1.709308233,0,0,30
2019-08-09,0.012603657,17.04146286,1.708219429,0,0,30
2019-08-10,0.012586959,17.03478372,1.707217558,0,0,30
2019-08-11,0.012571715,17.02868613,1.706302919,0,0,30
2019-08-12,0.01255793,17.02317188,1.705475781,0,0,30
2019-08-13,0.012545607,17.0182426,1.70473639,0,0,30
2019-08-14,0.012534749,17.01389976,1.704084964,0,0,30
2019-08-15,0.012525362,17.01014463,1.703521695,0,0,30
2019-08-16,0.012517446,17.00697834,1.703046751,0,0,30
2019-08-17,0.012511005,17.00440181,1.702660272,0,0,30
2019-08-18,0.01250604,17.00241582,1.702362373,0,0,30
2019-08-19,0.012502552,17.00102094,1.702153141,0,0,30
2019-08-20,0.012500544,17.00021759,1.702032639,0,0,30
2019-08-21,0.012500015,17.00000601,1.702000901,0,0,30
2019-08-22,0.012500966,17.00038626,1.702057939,0,0,30
2019-08-23,0.012503396,17.00135823,1.702203734,0,0,30
2019-08-24,0.012507304,17.00292162,1.702438243,0,0,30
2019-08-25,0.01251269,17.00507599,1.702761398,0,0,30
2019-08-26,0.012519552,17.00782068,1.703173102,0,0,30
2019-08-27,0.012527887,17.0111549,1.703673234,0,0,30
2019-08-28,0.012537694,17.01507764,1.704261646,0,0,30
2019-08-29,0.012548969,17.01958775,1.704938163,0,0,30
2019-08-30,0.01256171,17.0246839,1.705702586,0,0,30
2019-08-31,0.012575911,17.03036458,1.706554687,0,0,30
2019-09-01,0.012582622,17.03304883,1.706957325,0,0,30
2019-09-02,0.012598921,17.03956823,1.707935235,0,0,30
2019-09-03,0.012616669,17.04666776,1.709000164,0,0,30
2019-09-04,0.012635863,17.0543453,1.710151796,0,0,30
2019-09-05,0.012656497,17.0625986,1.71138979,0,0,30
2019-09-06,0.012678563,17.07142521,1.712713781,0,0,30
2019-09-07,0.012702056,17.08082251,1.714123376,0,0,30
2019-09-08,0.012726969,17.09078772,1.715618159,0,0,30
2019-09-09,0.012753295,17.10131791,1.717197686,0,0,30
2019-09-10,0.012781025,17.11240994,1.718861491,0,0,30
2019-09-11,0.012810151,17.12406054,1.720609082,0,0,30
2019-09-12,0.012840666,17.13626627,1.72243994,0,0,30
2019-09-13,0.012872559,17.1490235,1.724353525,0,0,30
2019-09-14,0.012905821,17.16232847,1.72634927,0,0,30
2019-09-15,0.012940443,17.17617723,1.728426584,0,0,30
2019-09-16,0.012976414,17.19056569,1.730584853,0,0,30
2019-09-17,0.013013724,17.20548959,1.732823438,0,0,30
2019-09-18,0.013052361,17.22094452,1.735141677,0,0,30
2019-09-19,0.013092315,17.23692589,1.737538884,0,0,30
2019-09-20,0.013133572,17.25342899,1.740014349,0,0,30
2019-09-21,0.013176122,17.27044893,1.742567339,0,0,30
2019-09-22,0.013219952,17.28798067,1.7451971,0,0,30
2019-09-23,0.013265048,17.30601902,1.747902853,0,0,30
2019-09-24,0.013311397,17.32455865,1.750683798,0,0,30
2019-09-25,0.013358985,17.34359407,1.753539111,0,0,30
2019-09-26,0.013407799,17.36311965,1.756467947,0,0,30
2019-09-27,0.013457824,17.38312961,1.759469441,0,0,30
2019-09-28,0.013509045,17.40361802,1.762542703,0,0,30
2019-09-29,0.013561447,17.42457883,1.765686824,0,0,30
2019-09-30,0.013615015,17.44600583,1.768900875,0,0,30
2019-10-01,0.013694167,17.47766692,1.773650038,0,0,30
2019-10-02,0.013750511,17.50020455,1.777030682,0,0,30
2019-10-03,0.013807965,17.52318599,1.780477898,0,0,30
2019-10-04,0.013866511,17.54660444,1.783990666,0,0,30
2019-10-05,0.013926132,17.57045298,1.787567947,0,0,30
2019-10-06,0.013986811,17.59472454,1.791208681,0,0,30
2019-10-07,0.01404853,17.61941195,1.794911792,0,0,30
2019-10-08,0.01411127,17.64450789,1.798676184,0,0,30
2019-10-09,0.014175012,17.67000495,1.802500742,0,0,30
2019-10-10,0.014239739,17.69589557,1.806384336,0,0,30
2019-10-11,0.01430543,17.7221721,1.810325815,0,0,30
2019-10-12,0.014372067,17.74882676,1.814324014,0,0,30
2019-10-13,0.014439629,17.77585166,1.81837775,0,0,30
2019-10-14,0.014508097,17.80323881,1.822485822,0,0,30
2019-10-15,0.01457745,17.8309801,1.826647015,0,0,30
2019-10-16,0.014647668,17.85906732,1.830860098,0,0,30
2019-10-17,0.01471873,17.88749216,1.835123824,0,0,30
2019-10-18,0.014790616,17.91624621,1.839436931,0,0,30
2019-10-19,0.014863302,17.94532096,1.843798143,0,0,30
2019-10-20,0.01493677,17.9747078,1.84820617,0,0,30
2019-10-21,0.015010995,18.00439805,1.852659707,0,0,30
2019-10-22,0.015085957,18.03438291,1.857157436,0,0,30
2019-10-23,0.015161634,18.06465351,1.861698026,0,0,30
2019-10-24,0.015238002,18.0952009,1.866280134,0,0,30
2019-10-25,0.01531504,18.12601603,1.870902404,0,0,30
2019-10-26,0.015392724,18.15708978,1.875563467,0,0,30
2019-10-27,0.015471032,18.18841297,1.880261946,0,0,30
2019-10-28,0.015549941,18.21997632,1.884996448,0,0,30
2019-10-29,0.015629426,18.25177049,1.889765574,0,0,30
2019-10-30,0.015709465,18.28378607,1.894567911,0,0,30
2019-10-31,0.015790034,18.3160136,1.89940204,0,0,30
2019-11-01,0.015825646,18.33025839,1.901538759,0,0,30
2019-11-02,0.015906936,18.36277434,1.906416151,0,0,30
2019-11-03,0.015988697,18.39547885,1.911321828,0,0,30
2019-11-04,0.016070906,18.42836225,1.916254338,0,0,30
2019-11-05,0.016153537,18.46141481,1.921212221,0,0,30
2019-11-06,0.016236567,18.49462674,1.926194011,0,0,30
2019-11-07,0.016319971,18.52798822,1.931198233,0,0,30
2019-11-08,0.016403723,18.56148937,1.936223406,0,0,30
2019-11-09,0.016487801,18.59512029,1.941268044,0,0,30
2019-11-10,0.016572178,18.62887102,1.946330653,0,0,30
2019-11-11,0.016656829,18.66273157,1.951409736,0,0,30
2019-11-12,0.01674173,18.69669193,1.956503789,0,0,30
2019-11-13,0.016826855,18.73074203,1.961611305,0,0,30
2019-11-14,0.01691218,18.76487182,1.966730773,0,0,30
2019-11-15,0.016997678,18.79907118,1.971860678,0,0,30
2019-11-16,0.017083325,18.83333001,1.976999501,0,0,30
2019-11-17,0.017169095,18.86763815,1.982145722,0,0,30
2019-11-18,0.017254964,18.90198546,1.987297819,0,0,30
2019-11-19,0.017340904,18.93636178,1.992454266,0,0,30
2019-11-20,0.017426892,18.97075692,1.997613538,0,0,30
2019-11-21,0.017512902,19.00516072,2.002774108,0,0,30
2019-11-22,0.017598907,19.03956299,2.007934449,0,0,30
2019-11-23,0.017684884,19.07395356,2.013093034,0,0,30
2019-11-24,0.017770806,19.10832224,2.018248336,0,0,30
2019-11-25,0.017856647,19.14265887,2.02339883,0,0,30
2019-11-26,0.017942383,19.17695328,2.028542992,0,0,30
2019-11-27,0.018027988,19.21119533,2.033679299,0,0,30
2019-11-28,0.018113437,19.24537488,2.038806232,0,0,30
2019-11-29,0.018198705,19.27948182,2.043922274,0,0,30
2019-11-30,0.018283765,19.31350606,2.049025909,0,0,30
2019-12-01,0.018405838,19.3623354,2.05635031,0,0,30
2019-12-02,0.018490289,19.39611564,2.061417346,0,0,30
2019-12-03,0.018574447,19.42977867,2.0664668,0,0,30
2019-12-04,0.018658286,19.46331452,2.071497178,0,0,30
2019-12-05,0.018741783,19.49671327,2.07650699,0,0,30
2019-12-06,0.018824913,19.52996503,2.081494754,0,0,30
2019-12-07,0.01890765,19.56305996,2.086458995,0,0,30
2019-12-08,0.018989971,19.59598828,2.091398242,0,0,30
2019-12-09,0.019071851,19.62874024,2.096311035,0,0,30
2019-12-10,0.019153265,19.66130614,2.101195921,0,0,30
2019-12-11,0.019234191,19.69367635,2.106051452,0,0,30
2019-12-12,0.019314603,19.72584129,2.110876193,0,0,30
2019-12-13,0.019394479,19.75779144,2.115668716,0,0,30
2019-12-14,0.019473793,19.78951735,2.120427602,0,0,30
2019-12-15,0.019552524,19.82100963,2.125151444,0,0,30
2019-12-16,0.019630647,19.85225895,2.129838843,0,0,30
2019-12-17,0.01970814,19.88325609,2.134488413,0,0,30
2019-12-18,0.01978498,19.91399185,2.139098777,0,0,30
2019-12-19,0.019861143,19.94445714,2.143668571,0,0,30
2019-12-20,0.019936607,19.97464296,2.148196444,0,0,30
2019-12-21,0.020011351,20.00454036,2.152681054,0,0,30
2019-12-22,0.020085351,20.03414051,2.157121076,0,0,30
2019-12-23,0.020158587,20.06343463,2.161515195,0,0,30
2019-12-24,0.020231035,20.09241407,2.165862111,0,0,30
2019-12-25,0.020302676,20.12107025,2.170160537,0,0,30
2019-12-26,0.020373487,20.14939468,2.174409202,0,0,30
2019-12-27,0.020443447,20.17737899,2.178606848,0,0,30
2019-12-28,0.020512537,20.20501489,2.182752233,0,0,30
2019-12-29,0.020580736,20.23229421,2.186844131,0,0,30
2019-12-30,0.020648022,20.25920887,2.190881331,0,0,30
2019-12-31,0.020714377,20.28575092,2.194862637,0,0,30
2020-01-01,0.020741309,20.29652362,2.196478543,0,0,30
2020-01-02,0.020806317,20.32252695,2.200379042,0,0,30
2020-01-03,0.020870347,20.34813892,2.204220838,0,0,30
2020-01-04,0.02093338,20.37335196,2.208002794,0,0,30
2020-01-05,0.020995397,20.3981586,2.21172379,0,0,30
2020-01-06,0.021056379,20.4225515,2.215382726,0,0,30
2020-01-07,0.021116309,20.44652345,2.218978518,0,0,30
2020-01-08,0.021175168,20.47006735,2.222510102,0,0,30
2020-01-09,0.021232941,20.49317623,2.225976434,0,0,30
2020-01-10,0.021289608,20.51584325,2.229376488,0,0,30
2020-01-11,0.021345154,20.53806172,2.232709258,0,0,30
2020-01-12,0.021399563,20.55982504,2.235973757,0,0,30
2020-01-13,0.021452817,20.58112679,2.239169019,0,0,30
2020-01-14,0.021504902,20.60196066,2.242294099,0,0,30
2020-01-15,0.021555801,20.62232048,2.245348073,0,0,30
2020-01-16,0.021605501,20.64220024,2.248330035,0,0,30
2020-01-17,0.021653985,20.66159403,2.251239105,0,0,30
2020-01-18,0.02170124,20.68049614,2.254074421,0,0,30
2020-01-19,0.021747252,20.69890096,2.256835144,0,0,30
2020-01-20,0.021792008,20.71680305,2.259520457,0,0,30
2020-01-21,0.021835493,20.7341971,2.262129566,0,0,30
2020-01-22,0.021877695,20.75107799,2.264661698,0,0,30
2020-01-23,0.021918602,20.76744069,2.267116104,0,0,30
2020-01-24,0.021958201,20.78328039,2.269492058,0,0,30
2020-01-25,0.021996481,20.79859238,2.271788857,0,0,30
2020-01-26,0.02203343,20.81337214,2.274005822,0,0,30
2020-01-27,0.022069038,20.8276153,2.276142295,0,0,30
2020-01-28,0.022103294,20.84131763,2.278197645,0,0,30
2020-01-29,0.022136188,20.85447509,2.280171264,0,0,30
2020-01-30,0.022167709,20.86708378,2.282062567,0,0,30
2020-01-31,0.02219785,20.87913997,2.283870996,0,0,30
2020-02-01,0.022210672,20.88426874,2.284640311,0,0,30
2020-02-02,0.022238808,20.8955231,2.286328465,0,0,30
2020-02-03,0.022265541,20.90621655,2.287932483,0,0,30
2020-02-04,0.022290865,20.91634592,2.289451888,0,0,30
2020-02-05,0.022314771,20.92590821,2.290886231,0,0,30
2020-02-06,0.022337251,20.93490059,2.292235089,0,0,30
2020-02-07,0.022358301,20.94332041,2.293498061,0,0,30
2020-02-08,0.022377913,20.95116516,2.294674775,0,0,30
2020-02-09,0.022396081,20.95843254,2.295764881,0,0,30
2020-02-10,0.022412801,20.96512038,2.296768057,0,0,30
2020-02-11,0.022428067,20.97122671,2.297684007,0,0,30
2020-02-12,0.022441874,20.97674973,2.298512459,0,0,30
2020-02-13,0.022454219,20.98168779,2.299253168,0,0,30
2020-02-14,0.022465099,20.98603944,2.299905916,0,0,30
2020-02-15,0.022474508,20.98980339,2.300470508,0,0,30
2020-02-16,0.022482446,20.99297852,2.300946778,0,0,30
2020-02-17,0.02248891,20.9955639,2.301334585,0,0,30
2020-02-18,0.022493897,20.99755876,2.301633814,0,0,30
2020-02-19,0.022497406,20.99896251,2.301844376,0,0,30
2020-02-20,0.022499437,20.99977473,2.30196621,0,0,30
2020-02-21,0.022499988,20.99999519,2.301999278,0,0,30
2020-02-22,0.02249906,20.99962382,2.301943573,0,0,30
2020-02-23,0.022496652,20.99866072,2.301799109,0,0,30
2020-02-24,0.022492765,20.9971062,2.301565929,0,0,30
2020-02-25,0.022487402,20.99496069,2.301244104,0,0,30
2020-02-26,0.022480562,20.99222485,2.300833727,0,0,30
2020-02-27,0.022472249,20.98889947,2.30033492,0,0,30
2020-02-28,0.022462464,20.98498554,2.299747832,0,0,30
2020-02-29,0.022451211,20.98048423,2.299072635,0,0,30
2020-03-01,0.022417611,20.96704453,2.29705668,0,0,30
2020-03-02,0.022401335,20.96053385,2.296080077,0,0,30
2020-03-03,0.022383608,20.95344301,2.295016452,0,0,30
2020-03-04,0.022364435,20.94577412,2.293866118,0,0,30
2020-03-05,0.022343824,20.93752944,2.292629416,0,0,30
2020-03-06,0.022321779,20.92871142,2.291306712,0,0,30
2020-03-07,0.022298307,20.91932265,2.289898398,0,0,30
2020-03-08,0.022273415,20.90936594,2.28840489,0,0,30
2020-03-09,0.022247111,20.8988442,2.286826631,0,0,30
2020-03-10,0.022219401,20.88776057,2.285164086,0,0,30
2020-03-11,0.022190296,20.87611832,2.283417749,0,0,30
2020-03-12,0.022159802,20.8639209,2.281588135,0,0,30
2020-03-13,0.02212793,20.85117191,2.279675787,0,0,30
2020-03-14,0.022094688,20.83787514,2.27768127,0,0,30
2020-03-15,0.022060086,20.8240345,2.275605175,0,0,30
2020-03-16,0.022024135,20.8096541,2.273448116,0,0,30
2020-03-17,0.021986846,20.7947382,2.27121073,0,0,30
2020-03-18,0.021948228,20.77929121,2.268893681,0,0,30
2020-03-19,0.021908294,20.76331769,2.266497654,0,0,30
2020-03-20,0.021867056,20.74682239,2.264023358,0,0,30
2020-03-21,0.021824525,20.72981016,2.261471524,0,0,30
2020-03-22,0.021780715,20.71228606,2.258842909,0,0,30
2020-03-23,0.021735638,20.69425527,2.25613829,0,0,30
2020-03-24,0.021689308,20.67572312,2.253358468,0,0,30
2020-03-25,0.021641738,20.65669509,2.250504264,0,0,30
2020-03-26,0.021592942,20.63717683,2.247576524,0,0,30
2020-03-27,0.021542935,20.61717409,2.244576114,0,0,30
2020-03-28,0.021491732,20.59669281,2.241503922,0,0,30
2020-03-29,0.021439348,20.57573904,2.238360856,0,0,30
2020-03-30,0.021385797,20.55431899,2.235147848,0,0,30
2020-03-31,0.021331097,20.53243898,2.231865848,0,0,30
2020-04-01,0.021306669,20.52266773,2.23040016,0,0,30
2020-04-02,0.021250342,20.50013681,2.227020522,0,0,30
2020-04-03,0.021192905,20.47716198,2.223574297,0,0,30
2020-04-04,0.021134375,20.45375003,2.220062505,0,0,30
2020-04-05,0.02107477,20.42990789,2.216486184,0,0,30
2020-04-06,0.021014107,20.40564262,2.212846393,0,0,30
2020-04-07,0.020952403,20.3809614,2.20914421,0,0,30
2020-04-08,0.020889679,20.35587153,2.205380729,0,0,30
2020-04-09,0.020825951,20.33038043,2.201557065,0,0,30
2020-04-10,0.020761239,20.30449566,2.197674348,0,0,30
2020-04-11,0.020695562,20.27822486,2.193733729,0,0,30
2020-04-12,0.02062894,20.25157581,2.189736372,0,0,30
2020-04-13,0.020561391,20.22455641,2.185683461,0,0,30
2020-04-14,0.020492937,20.19717463,2.181576195,0,0,30
2020-04-15,0.020423596,20.1694386,2.17741579,0,0,30
2020-04-16,0.020353391,20.14135651,2.173203476,0,0,30
2020-04-17,0.020282342,20.11293667,2.1689405,0,0,30
2020-04-18,0.020210469,20.08418749,2.164628124,0,0,30
2020-04-19,0.020137794,20.05511749,2.160267624,0,0,30
2020-04-20,0.020064338,20.02573527,2.15586029,0,0,30
2020-04-21,0.019990124,19.99604951,2.151407426,0,0,30
2020-04-22,0.019915172,19.966069,2.14691035,0,0,30
2020-04-23,0.019839507,19.93580262,2.142370393,0,0,30
2020-04-24,0.019763148,19.90525932,2.137788897,0,0,30
2020-04-25,0.01968612,19.87444813,2.13316722,0,0,30
2020-04-26,0.019608445,19.84337819,2.128506728,0,0,30
2020-04-27,0.019530147,19.81205867,2.123808801,0,0,30
2020-04-28,0.019451247,19.78049886,2.119074829,0,0,30
2020-04-29,0.01937177,19.74870808,2.114306212,0,0,30
2020-04-30,0.019291739,19.71669575,2.109504362,0,0,30
2020-05-01,0.01917557,19.67022786,2.102534179,0,0,30
2020-05-02,0.019094287,19.63771482,2.097657222,0,0,30
2020-05-03,0.019012533,19.60501306,2.092751959,0,0,30
2020-05-04,0.018930331,19.57213227,2.087819841,0,0,30
2020-05-05,0.018847705,19.53908218,2.082862328,0,0,30
2020-05-06,0.018764681,19.50587257,2.077880886,0,0,30
2020-05-07,0.018681283,19.47251326,2.072876989,0,0,30
2020-05-08,0.018597535,19.43901413,2.067852119,0,0,30
2020-05-09,0.018513463,19.40538508,2.062807762,0,0,30
2020-05-10,0.01842909,19.37163608,2.057745412,0,0,30
2020-05-11,0.018344443,19.3377771,2.052666565,0,0,30
2020-05-12,0.018259545,19.30381817,2.047572725,0,0,30
2020-05-13,0.018174423,19.26976933,2.0424654,0,0,30
2020-05-14,0.018089102,19.23564067,2.0373461,0,0,30
2020-05-15,0.018003606,19.20144227,2.032216341,0,0,30
2020-05-16,0.017917961,19.16718427,2.02707764,0,0,30
2020-05-17,0.017832192,19.13287679,2.021931518,0,0,30
2020-05-18,0.017746325,19.09852999,2.016779498,0,0,30
2020-05-19,0.017660385,19.06415403,2.011623105,0,0,30
2020-05-20,0.017574398,19.0297591,2.006463864,0,0,30
2020-05-21,0.017488388,18.99535535,2.001303302,0,0,30
2020-05-22,0.017402382,18.96095298,1.996142947,0,0,30
2020-05-23,0.017316405,18.92656216,1.990984324,0,0,30
2020-05-24,0.017230483,18.89219308,1.985828962,0,0,30
2020-05-25,0.01714464,18.85785589,1.980678384,0,0,30
2020-05-26,0.017058902,18.82356077,1.975534116,0,0,30
2020-05-27,0.016973295,18.78931787,1.97039768,0,0,30
2020-05-28,0.016887843,18.7551373,1.965270595,0,0,30
2020-05-29,0.016802573,18.72102919,1.960154379,0,0,30
2020-05-30,0.016717509,18.68700364,1.955050546,0,0,30
2020-05-31,0.016632677,18.65307071,1.949960606,0,0,30
2020-06-01,0.01659543,18.63817215,1.947725822,0,0,30
2020-06-02,0.016510976,18.60439022,1.942658533,0,0,30
2020-06-03,0.016426813,18.57072536,1.937608804,0,0,30
2020-06-04,0.016342969,18.53718753,1.93257813,0,0,30
2020-06-05,0.016259467,18.50378665,1.927567998,0,0,30
2020-06-06,0.016176332,18.47053262,1.922579892,0,0,30
2020-06-07,0.016093588,18.43743525,1.917615288,0,0,30
2020-06-08,0.016011261,18.40450436,1.912675655,0,0,30
2020-06-09,0.015929374,18.37174969,1.907762454,0,0,30
2020-06-10,0.015847952,18.33918093,1.902877139,0,0,30
2020-06-11,0.015767019,18.30680771,1.898021157,0,0,30
2020-06-12,0.015686599,18.27463962,1.893195944,0,0,30
2020-06-13,0.015606715,18.24268618,1.888402927,0,0,30
2020-06-14,0.015527392,18.21095684,1.883643526,0,0,30
2020-06-15,0.015448652,18.17946099,1.878919148,0,0,30
2020-06-16,0.01537052,18.14820795,1.874231192,0,0,30
2020-06-17,0.015293017,18.11720696,1.869581045,0,0,30
2020-06-18,0.015216168,18.08646721,1.864970082,0,0,30
2020-06-19,0.015139994,18.05599779,1.860399669,0,0,30
2020-06-20,0.015064519,18.02580772,1.855871158,0,0,30
2020-06-21,0.014989765,17.99590592,1.851385889,0,0,30
2020-06-22,0.014915753,17.96630126,1.846945188,0,0,30
2020-06-23,0.014842506,17.93700248,1.842550371,0,0,30
2020-06-24,0.014770046,17.90801825,1.838202738,0,0,30
2020-06-25,0.014698393,17.87935717,1.833903575,0,0,30
2020-06-26,0.014627569,17.8510277,1.829654154,0,0,30
2020-06-27,0.014557596,17.82303823,1.825455734,0,0,30
2020-06-28,0.014488493,17.79539704,1.821309555,0,0,30
2020-06-29,0.014420281,17.76811231,1.817216846,0,0,30
2020-06-30,0.01435298,17.74119212,1.813178817,0,0,30
2020-07-01,0.014257709,17.70308348,1.807462522,0,0,30
2020-07-02,0.014192715,17.67708596,1.803562894,0,0,30
2020-07-03,0.0141287,17.65147992,1.799721987,0,0,30
2020-07-04,0.014065682,17.62627292,1.795940938,0,0,30
2020-07-05,0.014003681,17.60147243,1.792220865,0,0,30
2020-07-06,0.013942714,17.57708579,1.788562868,0,0,30
2020-07-07,0.013882801,17.55312021,1.784968032,0,0,30
2020-07-08,0.013823957,17.52958279,1.781437418,0,0,30
2020-07-09,0.013766201,17.50648048,1.777972073,0,0,30
2020-07-10,0.01370955,17.48382014,1.774573021,0,0,30
2020-07-11,0.013654021,17.46160845,1.771241268,0,0,30
2020-07-12,0.01359963,17.439852,1.7679778,0,0,30
2020-07-13,0.013546393,17.41855723,1.764783584,0,0,30
2020-07-14,0.013494326,17.39773042,1.761659564,0,0,30
2020-07-15,0.013443444,17.37737776,1.758606664,0,0,30
2020-07-16,0.013393763,17.35750525,1.755625788,0,0,30
2020-07-17,0.013345297,17.33811879,1.752717818,0,0,30
2020-07-18,0.01329806,17.3192241,1.749883615,0,0,30
2020-07-19,0.013252067,17.30082678,1.747124017,0,0,30
2020-07-20,0.013207331,17.28293228,1.744439841,0,0,30
2020-07-21,0.013163865,17.26554588,1.741831882,0,0,30
2020-07-22,0.013121682,17.24867273,1.73930091,0,0,30
2020-07-23,0.013080795,17.23231783,1.736847675,0,0,30
2020-07-24,0.013041215,17.21648602,1.734472903,0,0,30
2020-07-25,0.013002955,17.20118198,1.732177297,0,0,30
2020-07-26,0.012966026,17.18641023,1.729961535,0,0,30
2020-07-27,0.012930438,17.17217516,1.727826274,0,0,30
2020-07-28,0.012896202,17.15848097,1.725772145,0,0,30
2020-07-29,0.012863329,17.14533171,1.723799757,0,0,30
2020-07-30,0.012831828,17.13273128,1.721909693,0,0,30
2020-07-31,0.012801709,17.12068341,1.720102511,0,0,30
2020-08-01,0.012788896,17.11555832,1.719333748,0,0,30
2020-08-02,0.012760781,17.10431234,1.717646852,0,0,30
2020-08-03,0.012734068,17.09362733,1.7160441,0,0,30
2020-08-04,0.012708766,17.08350645,1.714525967,0,0,30
2020-08-05,0.012684882,17.07395269,1.713092903,0,0,30
2020-08-06,0.012662422,17.06496887,1.711745331,0,0,30
2020-08-07,0.012641394,17.05655767,1.71048365,0,0,30
2020-08-08,0.012621804,17.04872155,1.709308233,0,0,30
2020-08-09,0.012603657,17.04146286,1.708219429,0,0,30
2020-08-10,0.012586959,17.03478372,1.707217558,0,0,30
2020-08-11,0.012571715,17.02868613,1.706302919,0,0,30
2020-08-12,0.01255793,17.02317188,1.705475781,0,0,30
2020-08-13,0.012545607,17.0182426,1.70473639,0,0,30
2020-08-14,0.012534749,17.01389976,1.704084964,0,0,30
2020-08-15,0.012525362,17.01014463,1.703521695,0,0,30
2020-08-16,0.012517446,17.00697834,1.703046751,0,0,30
2020-08-17,0.012511005,17.00440181,1.702660272,0,0,30
2020-08-18,0.01250604,17.00241582,1.702362373,0,0,30
2020-08-19,0.012502552,17.00102094,1.702153141,0,0,30
2020-08-20,0.012500544,17.00021759,1.702032639,0,0,30
2020-08-21,0.012500015,17.00000601,1.702000901,0,0,30
2020-08-22,0.012500966,17.00038626,1.702057939,0,0,30
2020-08-23,0.012503396,17.00135823,1.702203734,0,0,30
2020-08-24,0.012507304,17.00292162,1.702438243,0,0,30
2020-08-25,0.01251269,17.00507599,1.702761398,0,0,30
2020-08-26,0.012519552,17.00782068,1.703173102,0,0,30
2020-08-27,0.012527887,17.0111549,1.703673234,0,0,30
2020-08-28,0.012537694,17.01507764,1.704261646,0,0,30
2020-08-29,0.012548969,17.01958775,1.704938163,0,0,30
2020-08-30,0.01256171,17.0246839,1.705702586,0,0,30
2020-08-31,0.012575911,17.03036458,1.706554687,0,0,30
2020-09-01,0.012582622,17.03304883,1.706957325,0,0,30
2020-09-02,0.012598921,17.03956823,1.707935235,0,0,30
2020-09-03,0.012616669,17.04666776,1.709000164,0,0,30
2020-09-04,0.012635863,17.0543453,1.710151796,0,0,30
2020-09-05,0.012656497,17.0625986,1.71138979,0,0,30
2020-09-06,0.012678563,17.07142521,1.712713781,0,0,30
2020-09-07,0.012702056,17.08082251,1.714123376,0,0,30
2020-09-08,0.012726969,17.09078772,1.715618159,0,0,30
2020-09-09,0.012753295,17.10131791,1.717197686,0,0,30
2020-09-10,0.012781025,17.11240994,1.718861491,0,0,30
2020-09-11,0.012810151,17.12406054,1.720609082,0,0,30
2020-09-12,0.012840666,17.13626627,1.72243994,0,0,30
2020-09-13,0.012872559,17.1490235,1.724353525,0,0,30
2020-09-14,0.012905821,17.16232847,1.72634927,0,0,30
2020-09-15,0.012940443,17.17617723,1.728426584,0,0,30
2020-09-16,0.012976414,17.19056569,1.730584853,0,0,30
2020-09-17,0.013013724,17.20548959,1.732823438,0,0,30
2020-09-18,0.013052361,17.22094452,1.735141677,0,0,30
2020-09-19,0.013092315,17.23692589,1.737538884,0,0,30
2020-09-20,0.013133572,17.25342899,1.740014349,0,0,30
2020-09-21,0.013176122,17.27044893,1.742567339,0,0,30
2020-09-22,0.013219952,17.28798067,1.7451971,0,0,30
2020-09-23,0.013265048,17.30601902,1.747902853,0,0,30
2020-09-24,0.013311397,17.32455865,1.750683798,0,0,30
2020-09-25,0.013358985,17.34359407,1.753539111,0,0,30
2020-09-26,0.013407799,17.36311965,1.756467947,0,0,30
2020-09-27,0.013457824,17.38312961,1.759469441,0,0,30
2020-09-28,0.013509045,17.40361802,1.762542703,0,0,30
2020-09-29,0.013561447,17.42457883,1.765686824,0,0,30
2020-09-30,0.013615015,17.44600583,1.768900875,0,0,30
2020-10-01,0.013694167,17.47766692,1.773650038,0,0,30
2020-10-02,0.013750511,17.50020455,1.777030682,0,0,30
2020-10-03,0.013807965,17.52318599,1.780477898,0,0,30
2020-10-04,0.013866511,17.54660444,1.783990666,0,0,30
2020-10-05,0.013926132,17.57045298,1.787567947,0,0,30
2020-10-06,0.013986811,17.59472454,1.791208681,0,0,30
2020-10-07,0.01404853,17.61941195,1.794911792,0,0,30
2020-10-08,0.01411127,17.64450789,1.798676184,0,0,30
2020-10-09,0.014175012,17.67000495,1.802500742,0,0,30
2020-10-10,0.014239739,17.69589557,1.806384336,0,0,30
2020-10-11,0.01430543,17.7221721,1.810325815,0,0,30
2020-10-12,0.014372067,17.74882676,1.814324014,0,0,30
2020-10-13,0.014439629,17.77585166,1.81837775,0,0,30
2020-10-14,0.014508097,17.80323881,1.822485822,0,0,30
2020-10-15,0.01457745,17.8309801,1.826647015,0,0,30
2020-10-16,0.014647668,17.85906732,1.830860098,0,0,30
2020-10-17,0.01471873,17.88749216,1.835123824,0,0,30
2020-10-18,0.014790616,17.91624621,1.839436931,0,0,30
2020-10-19,0.014863302,17.94532096,1.843798143,0,0,30
2020-10-20,0.01493677,17.9747078,1.84820617,0,0,30
2020-10-21,0.015010995,18.00439805,1.852659707,0,0,30
2020-10-22,0.015085957,18.03438291,1.857157436,0,0,30
2020-10-23,0.015161634,18.06465351,1.861698026,0,0,30
2020-10-24,0.015238002,18.0952009,1.866280134,0,0,30
2020-10-25,0.01531504,18.12601603,1.870902404,0,0,30
2020-10-26,0.015392724,18.15708978,1.875563467,0,0,30
2020-10-27,0.015471032,18.18841297,1.880261946,0,0,30
2020-10-28,0.015549941,18.21997632,1.884996448,0,0,30
2020-10-29,0.015629426,18.25177049,1.889765574,0,0,30
2020-10-30,0.015709465,18.28378607,1.894567911,0,0,30
2020-10-31,0.015790034,18.3160136,1.89940204,0,0,30
2020-11-01,0.015825646,18.33025839,1.901538759,0,0,30
2020-11-02,0.015906936,18.36277434,1.906416151,0,0,30
2020-11-03,0.015988697,18.39547885,1.911321828,0,0,30
2020-11-04,0.016070906,18.42836225,1.916254338,0,0,30
2020-11-05,0.016153537,18.46141481,1.921212221,0,0,30
2020-11-06,0.016236567,18.49462674,1.926194011,0,0,30
2020-11-07,0.016319971,18.52798822,1.931198233,0,0,30
2020-11-08,0.016403723,18.56148937,1.936223406,0,0,30
2020-11-09,0.016487801,18.59512029,1.941268044,0,0,30
2020-11-10,0.016572178,18.62887102,1.946330653,0,0,30
2020-11-11,0.016656829,18.66273157,1.951409736,0,0,30
2020-11-12,0.01674173,18.69669193,1.956503789,0,0,30
2020-11-13,0.016826855,18.73074203,1.961611305,0,0,30
2020-11-14,0.01691218,18.76487182,1.966730773,0,0,30
2020-11-15,0.016997678,18.79907118,1.971860678,0,0,30
2020-11-16,0.017083325,18.83333001,1.976999501,0,0,30
2020-11-17,0.017169095,18.86763815,1.982145722,0,0,30
2020-11-18,0.017254964,18.90198546,1.987297819,0,0,30
2020-11-19,0.017340904,18.93636178,1.992454266,0,0,30
2020-11-20,0.017426892,18.97075692,1.997613538,0,0,30
2020-11-21,0.017512902,19.00516072,2.002774108,0,0,30
2020-11-22,0.017598907,19.03956299,2.007934449,0,0,30
2020-11-23,0.017684884,19.07395356,2.013093034,0,0,30
2020-11-24,0.017770806,19.10832224,2.018248336,0,0,30
2020-11-25,0.017856647,19.14265887,2.02339883,0,0,30
2020-11-26,0.017942383,19.17695328,2.028542992,0,0,30
2020-11-27,0.018027988,19.21119533,2.033679299,0,0,30
2020-11-28,0.018113437,19.24537488,2.038806232,0,0,30
2020-11-29,0.018198705,19.27948182,2.043922274,0,0,30
2020-11-30,0.018283765,19.31350606,2.049025909,0,0,30
2020-12-01,0.018405838,19.3623354,2.05635031,0,0,30
2020-12-02,0.018490289,19.39611564,2.061417346,0,0,30
2020-12-03,0.018574447,19.42977867,2.0664668,0,0,30
2020-12-04,0.018658286,19.46331452,2.071497178,0,0,30
2020-12-05,0.018741783,19.49671327,2.07650699,0,0,30
2020-12-06,0.018824913,19.52996503,2.081494754,0,0,30
2020-12-07,0.01890765,19.56305996,2.086458995,0,0,30
2020-12-08,0.018989971,19.59598828,2.091398242,0,0,30
2020-12-09,0.019071851,19.62874024,2.096311035,0,0,30
2020-12-10,0.019153265,19.66130614,2.101195921,0,0,30
2020-12-11,0.019234191,19.69367635,2.106051452,0,0,30
2020-12-12,0.019314603,19.72584129,2.110876193,0,0,30
2020-12-13,0.019394479,19.75779144,2.115668716,0,0,30
2020-12-14,0.019473793,19.78951735,2.120427602,0,0,30
2020-12-15,0.019552524,19.82100963,2.125151444,0,0,30
2020-12-16,0.019630647,19.85225895,2.129838843,0,0,30
2020-12-17,0.01970814,19.88325609,2.134488413,0,0,30
2020-12-18,0.01978498,19.91399185,2.139098777,0,0,30
2020-12-19,0.019861143,19.94445714,2.143668571,0,0,30
2020-12-20,0.019936607,19.97464296,2.148196444,0,0,30
2020-12-21,0.020011351,20.00454036,2.152681054,0,0,30
2020-12-22,0.020085351,20.03414051,2.157121076,0,0,30
2020-12-23,0.020158587,20.06343463,2.161515195,0,0,30
2020-12-24,0.020231035,20.09241407,2.165862111,0,0,30
2020-12-25,0.020302676,20.12107025,2.170160537,0,0,30
2020-12-26,0.020373487,20.14939468,2.174409202,0,0,30
2020-12-27,0.020443447,20.17737899,2.178606848,0,0,30
2020-12-28,0.020512537,20.20501489,2.182752233,0,0,30
2020-12-29,0.020580736,20.23229421,2.186844131,0,0,30
2020-12-30,0.020648022,20.25920887,2.190881331,0,0,30
2020-12-31,0.020714377,20.28575092,2.194862637,0,0,30
2021-01-01,0.020741309,20.29652362,2.196478543,0,0,30
2021-01-02,0.020806317,20.32252695,2.200379042,0,0,30
2021-01-03,0.020870347,20.34813892,2.204220838,0,0,30
2021-01-04,0.02093338,20.37335196,2.208002794,0,0,30
2021-01-05,0.020995397,20.3981586,2.21172379,0,0,30
2021-01-06,0.021056379,20.4225515,2.215382726,0,0,30
2021-01-07,0.021116309,20.44652345,2.218978518,0,0,30
2021-01-08,0.021175168,20.47006735,2.222510102,0,0,30
2021-01-09,0.021232941,20.49317623,2.225976434,0,0,30
2021-01-10,0.021289608,20.51584325,2.229376488,0,0,30
2021-01-11,0.021345154,20.53806172,2.232709258,0,0,30
2021-01-12,0.021399563,20.55982504,2.235973757,0,0,30
2021-01-13,0.021452817,20.58112679,2.239169019,0,0,30
2021-01-14,0.021504902,20.60196066,2.242294099,0,0,30
2021-01-15,0.021555801,20.62232048,2.245348073,0,0,30
2021-01-16,0.021605501,20.64220024,2.248330035,0,0,30
2021-01-17,0.021653985,20.66159403,2.251239105,0,0,30
2021-01-18,0.02170124,20.68049614,2.254074421,0,0,30
2021-01-19,0.021747252,20.69890096,2.256835144,0,0,30
2021-01-20,0.021792008,20.71680305,2.259520457,0,0,30
2021-01-21,0.021835493,20.7341971,2.262129566,0,0,30
2021-01-22,0.021877695,20.75107799,2.264661698,0,0,30
2021-01-23,0.021918602,20.76744069,2.267116104,0,0,30
2021-01-24,0.021958201,20.78328039,2.269492058,0,0,30
2021-01-25,0.021996481,20.79859238,2.271788857,0,0,30
2021-01-26,0.02203343,20.81337214,2.274005822,0,0,30
2021-01-27,0.022069038,20.8276153,2.276142295,0,0,30
2021-01-28,0.022103294,20.84131763,2.278197645,0,0,30
2021-01-29,0.022136188,20.85447509,2.280171264,0,0,30
2021-01-30,0.022167709,20.86708378,2.282062567,0,0,30
2021-01-31,0.02219785,20.87913997,2.283870996,0,0,30
2021-02-01,0.022210672,20.88426874,2.284640311,0,0,30
2021-02-02,0.022238808,20.8955231,2.286328465,0,0,30
2021-02-03,0.022265541,20.90621655,2.287932483,0,0,30
2021-02-04,0.022290865,20.91634592,2.289451888,0,0,30
2021-02-05,0.022314771,20.92590821,2.290886231,0,0,30
2021-02-06,0.022337251,20.93490059,2.292235089,0,0,30
2021-02-07,0.022358301,20.94332041,2.293498061,0,0,30
2021-02-08,0.022377913,20.95116516,2.294674775,0,0,30
2021-02-09,0.022396081,20.95843254,2.295764881,0,0,30
2021-02-10,0.022412801,20.96512038,2.296768057,0,0,30
2021-02-11,0.022428067,20.97122671,2.297684007,0,0,30
2021-02-12,0.022441874,20.97674973,2.298512459,0,0,30
2021-02-13,0.022454219,20.98168779,2.299253168,0,0,30
2021-02-14,0.022465099,20.98603944,2.299905916,0,0,30
2021-02-15,0.022474508,20.98980339,2.300470508,0,0,30
2021-02-16,0.022482446,20.99297852,2.300946778,0,0,30
2021-02-17,0.02248891,20.9955639,2.301334585,0,0,30
2021-02-18,0.022493897,20.99755876,2.301633814,0,0,30
2021-02-19,0.022497406,20.99896251,2.301844376,0,0,30
2021-02-20,0.022499437,20.99977473,2.30196621,0,0,30
2021-02-21,0.022499988,20.99999519,2.301999278,0,0,30
2021-02-22,0.02249906,20.99962382,2.301943573,0,0,30
2021-02-23,0.022496652,20.99866072,2.301799109,0,0,30
2021-02-24,0.022492765,20.9971062,2.301565929,0,0,30
2021-02-25,0.022487402,20.99496069,2.301244104,0,0,30
2021-02-26,0.022480562,20.99222485,2.300833727,0,0,30
2021-02-27,0.022472249,20.98889947,2.30033492,0,0,30
2021-02-28,0.022462464,20.98498554,2.299747832,0,0,30
2021-03-01,0.022417611,20.96704453,2.29705668,0,0,30
2021-03-02,0.022401335,20.96053385,2.296080077,0,0,30
2021-03-03,0.022383608,20.95344301,2.295016452,0,0,30
2021-03-04,0.022364435,20.94577412,2.293866118,0,0,30
2021-03-05,0.022343824,20.93752944,2.292629416,0,0,30
2021-03-06,0.022321779,20.92871142,2.291306712,0,0,30
2021-03-07,0.022298307,20.91932265,2.289898398,0,0,30
2021-03-08,0.022273415,20.90936594,2.28840489,0,0,30
2021-03-09,0.022247111,20.8988442,2.286826631,0,0,30
2021-03-10,0.022219401,20.88776057,2.285164086,0,0,30
2021-03-11,0.022190296,20.87611832,2.283417749,0,0,30
2021-03-12,0.022159802,20.8639209,2.281588135,0,0,30
2021-03-13,0.02212793,20.85117191,2.279675787,0,0,30
2021-03-14,0.022094688,20.83787514,2.27768127,0,0,30
2021-03-15,0.022060086,20.8240345,2.275605175,0,0,30
2021-03-16,0.022024135,20.8096541,2.273448116,0,0,30
2021-03-17,0.021986846,20.7947382,2.27121073,0,0,30
2021-03-18,0.021948228,20.77929121,2.268893681,0,0,30
2021-03-19,0.021908294,20.76331769,2.266497654,0,0,30
2021-03-20,0.021867056,20.74682239,2.264023358,0,0,30
2021-03-21,0.021824525,20.72981016,2.261471524,0,0,30
2021-03-22,0.021780715,20.71228606,2.258842909,0,0,30
2021-03-23,0.021735638,20.69425527,2.25613829,0,0,30
2021-03-24,0.021689308,20.67572312,2.253358468,0,0,30
2021-03-25,0.021641738,20.65669509,2.250504264,0,0,30
2021-03-26,0.021592942,20.63717683,2.247576524,0,0,30
2021-03-27,0.021542935,20.61717409,2.244576114,0,0,30
2021-03-28,0.021491732,20.59669281,2.241503922,0,0,30
2021-03-29,0.021439348,20.57573904,2.238360856,0,0,30
2021-03-30,0.021385797,20.55431899,2.235147848,0,0,30
2021-03-31,0.021331097,20.53243898,2.231865848,0,0,30
2021-04-01,0.021306669,20.52266773,2.23040016,0,0,30
2021-04-02,0.021250342,20.50013681,2.227020522,0,0,30
2021-04-03,0.021192905,20.47716198,2.223574297,0,0,30
2021-04-04,0.021134375,20.45375003,2.220062505,0,0,30
2021-04-05,0.02107477,20.42990789,2.216486184,0,0,30
2021-04-06,0.021014107,20.40564262,2.212846393,0,0,30
2021-04-07,0.020952403,20.3809614,2.20914421,0,0,30
2021-04-08,0.020889679,20.35587153,2.205380729,0,0,30
2021-04-09,0.020825951,20.33038043,2.201557065,0,0,30
2021-04-10,0.020761239,20.30449566,2.197674348,0,0,30
2021-04-11,0.020695562,20.27822486,2.193733729,0,0,30
2021-04-12,0.02062894,20.25157581,2.189736372,0,0,30
2021-04-13,0.020561391,20.22455641,2.185683461,0,0,30
2021-04-14,0.020492937,20.19717463,2.181576195,0,0,30
2021-04-15,0.020423596,20.1694386,2.17741579,0,0,30
2021-04-16,0.020353391,20.14135651,2.173203476,0,0,30
2021-04-17,0.020282342,20.11293667,2.1689405,0,0,30
2021-04-18,0.020210469,20.08418749,2.164628124,0,0,30
2021-04-19,0.020137794,20.05511749,2.160267624,0,0,30
2021-04-20,0.020064338,20.02573527,2.15586029,0,0,30
2021-04-21,0.019990124,19.99604951,2.151407426,0,0,30
2021-04-22,0.019915172,19.966069,2.14691035,0,0,30
2021-04-23,0.019839507,19.93580262,2.142370393,0,0,30
2021-04-24,0.019763148,19.90525932,2.137788897,0,0,30
2021-04-25,0.01968612,19.87444813,2.13316722,0,0,30
2021-04-26,0.019608445,19.84337819,2.128506728,0,0,30
2021-04-27,0.019530147,19.81205867,2.123808801,0,0,30
2021-04-28,0.019451247,19.78049886,2.119074829,0,0,30
2021-04-29,0.01937177,19.74870808,2.114306212,0,0,30
2021-04-30,0.019291739,19.71669575,2.109504362,0,0,30
2021-05-01,0.01917557,19.67022786,2.102534179,0,0,30
2021-05-02,0.019094287,19.63771482,2.097657222,0,0,30
2021-05-03,0.019012533,19.60501306,2.092751959,0,0,30
2021-05-04,0.018930331,19.57213227,2.087819841,0,0,30
2021-05-05,0.018847705,19.53908218,2.082862328,0,0,30
2021-05-06,0.018764681,19.50587257,2.077880886,0,0,30
2021-05-07,0.018681283,19.47251326,2.072876989,0,0,30
2021-05-08,0.018597535,19.43901413,2.067852119,0,0,30
2021-05-09,0.018513463,19.40538508,2.062807762,0,0,30
2021-05-10,0.01842909,19.37163608,2.057745412,0,0,30
2021-05-11,0.018344443,19.3377771,2.052666565,0,0,30
2021-05-12,0.018259545,19.30381817,2.047572725,0,0,30
2021-05-13,0.018174423,19.26976933,2.0424654,0,0,30
2021-05-14,0.018089102,19.23564067,2.0373461,0,0,30
2021-05-15,0.018003606,19.20144227,2.032216341,0,0,30
2021-05-16,0.017917961,19.16718427,2.02707764,0,0,30
2021-05-17,0.017832192,19.13287679,2.021931518,0,0,30
2021-05-18,0.017746325,19.09852999,2.016779498,0,0,30
2021-05-19,0.017660385,19.06415403,2.011623105,0,0,30
2021-05-20,0.017574398,19.0297591,2.006463864,0,0,30
2021-05-21,0.017488388,18.99535535,2.001303302,0,0,30
2021-05-22,0.017402382,18.96095298,1.996142947,0,0,30
2021-05-23,0.017316405,18.92656216,1.990984324,0,0,30
2021-05-24,0.017230483,18.89219308,1.985828962,0,0,30
2021-05-25,0.01714464,18.85785589,1.980678384,0,0,30
2021-05-26,0.017058902,18.82356077,1.975534116,0,0,30
2021-05-27,0.016973295,18.78931787,1.97039768,0,0,30
2021-05-28,0.016887843,18.7551373,1.965270595,0,0,30
2021-05-29,0.016802573,18.72102919,1.960154379,0,0,30
2021-05-30,0.016717509,18.68700364,1.955050546,0,0,30
2021-05-31,0.016632677,18.65307071,1.949960606,0,0,30
2021-06-01,0.01659543,18.63817215,1.947725822,0,0,30
2021-06-02,0.016510976,18.60439022,1.942658533,0,0,30
2021-06-03,0.016426813,18.57072536,1.937608804,0,0,30
2021-06-04,0.016342969,18.53718753,1.93257813,0,0,30
2021-06-05,0.016259467,18.50378665,1.927567998,0,0,30
2021-06-06,0.016176332,18.47053262,1.922579892,0,0,30
2021-06-07,0.016093588,18.43743525,1.917615288,0,0,30
2021-06-08,0.016011261,18.40450436,1.912675655,0,0,30
2021-06-09,0.015929374,18.37174969,1.907762454,0,0,30
2021-06-10,0.015847952,18.33918093,1.902877139,0,0,30
2021-06-11,0.015767019,18.30680771,1.898021157,0,0,30
2021-06-12,0.015686599,18.27463962,1.893195944,0,0,30
2021-06-13,0.015606715,18.24268618,1.888402927,0,0,30
2021-06-14,0.015527392,18.21095684,1.883643526,0,0,30
2021-06-15,0.015448652,18.17946099,1.878919148,0,0,30
2021-06-16,0.01537052,18.14820795,1.874231192,0,0,30
2021-06-17,0.015293017,18.11720696,1.869581045,0,0,30
2021-06-18,0.015216168,18.08646721,1.864970082,0,0,30
2021-06-19,0.015139994,18.05599779,1.860399669,0,0,30
2021-06-20,0.015064519,18.02580772,1.855871158,0,0,30
2021-06-21,0.014989765,17.99590592,1.851385889,0,0,30
2021-06-22,0.014915753,17.96630126,1.846945188,0,0,30
2021-06-23,0.014842506,17.93700248,1.842550371,0,0,30
2021-06-24,0.014770046,17.90801825,1.838202738,0,0,30
2021-06-25,0.014698393,17.87935717,1.833903575,0,0,30
2021-06-26,0.014627569,17.8510277,1.829654154,0,0,30
2021-06-27,0.014557596,17.82303823,1.825455734,0,0,30
2021-06-28,0.014488493,17.79539704,1.821309555,0,0,30
2021-06-29,0.014420281,17.76811231,1.817216846,0,0,30
2021-06-30,0.01435298,17.74119212,1.813178817,0,0,30
2021-07-01,0.014257709,17.70308348,1.807462522,0,0,30
2021-07-02,0.014192715,17.67708596,1.803562894,0,0,30
2021-07-03,0.0141287,17.65147992,1.799721987,0,0,30
2021-07-04,0.014065682,17.62627292,1.795940938,0,0,30
2021-07-05,0.014003681,17.60147243,1.792220865,0,0,30
2021-07-06,0.013942714,17.57708579,1.788562868,0,0,30
2021-07-07,0.013882801,17.55312021,1.784968032,0,0,30
2021-07-08,0.013823957,17.52958279,1.781437418,0,0,30
2021-07-09,0.013766201,17.50648048,1.777972073,0,0,30
2021-07-10,0.01370955,17.48382014,1.774573021,0,0,30
2021-07-11,0.013654021,17.46160845,1.771241268,0,0,30
2021-07-12,0.01359963,17.439852,1.7679778,0,0,30
2021-07-13,0.013546393,17.41855723,1.764783584,0,0,30
2021-07-14,0.013494326,17.39773042,1.761659564,0,0,30
2021-07-15,0.013443444,17.37737776,1.758606664,0,0,30
2021-07-16,0.013393763,17.35750525,1.755625788,0,0,30
2021-07-17,0.013345297,17.33811879,1.752717818,0,0,30
2021-07-18,0.01329806,17.3192241,1.749883615,0,0,30
2021-07-19,0.013252067,17.30082678,1.747124017,0,0,30
2021-07-20,0.013207331,17.28293228,1.744439841,0,0,30
2021-07-21,0.013163865,17.26554588,1.741831882,0,0,30
2021-07-22,0.013121682,17.24867273,1.73930091,0,0,30
2021-07-23,0.013080795,17.23231783,1.736847675,0,0,30
2021-07-24,0.013041215,17.21648602,1.734472903,0,0,30
2021-07-25,0.013002955,17.20118198,1.732177297,0,0,30
2021-07-26,0.012966026,17.18641023,1.729961535,0,0,30
2021-07-27,0.012930438,17.17217516,1.727826274,0,0,30
2021-07-28,0.012896202,17.15848097,1.725772145,0,0,30
2021-07-29,0.012863329,17.14533171,1.723799757,0,0,30
2021-07-30,0.012831828,17.13273128,1.721909693,0,0,30
2021-07-31,0.012801709,17.12068341,1.720102511,0,0,30
2021-08-01,0.012788896,17.11555832,1.719333748,0,0,30
2021-08-02,0.012760781,17.10431234,1.717646852,0,0,30
2021-08-03,0.012734068,17.09362733,1.7160441,0,0,30
2021-08-04,0.012708766,17.08350645,1.714525967,0,0,30
2021-08-05,0.012684882,17.07395269,1.713092903,0,0,30
2021-08-06,0.012662422,17.06496887,1.711745331,0,0,30
2021-08-07,0.012641394,17.05655767,1.71048365,0,0,30
2021-08-08,0.012621804,17.04872155,1.709308233,0,0,30
2021-08-09,0.012603657,17.04146286,1.708219429,0,0,30
2021-08-10,0.012586959,17.03478372,1.707217558,0,0,30
2021-08-11,0.012571715,17.02868613,1.706302919,0,0,30
2021-08-12,0.01255793,17.02317188,1.705475781,0,0,30
2021-08-13,0.012545607,17.0182426,1.70473639,0,0,30
2021-08-14,0.012534749,17.01389976,1.704084964,0,0,30
2021-08-15,0.012525362,17.01014463,1.703521695,0,0,30
2021-08-16,0.012517446,17.00697834,1.703046751,0,0,30
2021-08-17,0.012511005,17.00440181,1.702660272,0,0,30
2021-08-18,0.01250604,17.00241582,1.702362373,0,0,30
2021-08-19,0.012502552,17.00102094,1.702153141,0,0,30
2021-08-20,0.012500544,17.00021759,1.702032639,0,0,30
2021-08-21,0.012500015,17.00000601,1.702000901,0,0,30
2021-08-22,0.012500966,17.00038626,1.702057939,0,0,30
2021-08-23,0.012503396,17.00135823,1.702203734,0,0,30
2021-08-24,0.012507304,17.00292162,1.702438243,0,0,30
2021-08-25,0.01251269,17.00507599,1.702761398,0,0,30
2021-08-26,0.012519552,17.00782068,1.703173102,0,0,30
2021-08-27,0.012527887,17.0111549,1.703673234,0,0,30
2021-08-28,0.012537694,17.01507764,1.704261646,0,0,30
2021-08-29,0.012548969,17.01958775,1.704938163,0,0,30
2021-08-30,0.01256171,17.0246839,1.705702586,0,0,30
2021-08-31,0.012575911,17.03036458,1.706554687,0,0,30
2021-09-01,0.012582622,17.03304883,1.706957325,0,0,30
2021-09-02,0.012598921,17.03956823,1.707935235,0,0,30
2021-09-03,0.012616669,17.04666776,1.709000164,0,0,30
2021-09-04,0.012635863,17.0543453,1.710151796,0,0,30
2021-09-05,0.012656497,17.0625986,1.71138979,0,0,30
2021-09-06,0.012678563,17.07142521,1.712713781,0,0,30
2021-09-07,0.012702056,17.08082251,1.714123376,0,0,30
2021-09-08,0.012726969,17.09078772,1.715618159,0,0,30
2021-09-09,0.012753295,17.10131791,1.717197686,0,0,30
2021-09-10,0.012781025,17.11240994,1.718861491,0,0,30
2021-09-11,0.012810151,17.12406054,1.720609082,0,0,30
2021-09-12,0.012840666,17.13626627,1.72243994,0,0,30
2021-09-13,0.012872559,17.1490235,1.724353525,0,0,30
2021-09-14,0.012905821,17.16232847,1.72634927,0,0,30
2021-09-15,0.012940443,17.17617723,1.728426584,0,0,30
2021-09-16,0.012976414,17.19056569,1.730584853,0,0,30
2021-09-17,0.013013724,17.20548959,1.732823438,0,0,30
2021-09-18,0.013052361,17.22094452,1.735141677,0,0,30
2021-09-19,0.013092315,17.23692589,1.737538884,0,0,30
2021-09-20,0.013133572,17.25342899,1.740014349,0,0,30
2021-09-21,0.013176122,17.27044893,1.742567339,0,0,30
2021-09-22,0.013219952,17.28798067,1.7451971,0,0,30
2021-09-23,0.013265048,17.30601902,1.747902853,0,0,30
2021-09-24,0.013311397,17.32455865,1.750683798,0,0,30
2021-09-25,0.013358985,17.34359407,1.753539111,0,0,30
2021-09-26,0.013407799,17.36311965,1.756467947,0,0,30
2021-09-27,0.013457824,17.38312961,1.759469441,0,0,30
2021-09-28,0.013509045,17.40361802,1.762542703,0,0,30
2021-09-29,0.013561447,17.42457883,1.765686824,0,0,30
2021-09-30,0.013615015,17.44600583,1.768900875,0,0,30
2021-10-01,0.013694167,17.47766692,1.773650038,0,0,30
2021-10-02,0.013750511,17.50020455,1.777030682,0,0,30
2021-10-03,0.013807965,17.52318599,1.780477898,0,0,30
2021-10-04,0.013866511,17.54660444,1.783990666,0,0,30
2021-10-05,0.013926132,17.57045298,1.787567947,0,0,30
2021-10-06,0.013986811,17.59472454,1.791208681,0,0,30
2021-10-07,0.01404853,17.61941195,1.794911792,0,0,30
2021-10-08,0.01411127,17.64450789,1.798676184,0,0,30
2021-10-09,0.014175012,17.67000495,1.802500742,0,0,30
2021-10-10,0.014239739,17.69589557,1.806384336,0,0,30
2021-10-11,0.01430543,17.7221721,1.810325815,0,0,30
2021-10-12,0.014372067,17.74882676,1.814324014,0,0,30
2021-10-13,0.014439629,17.77585166,1.81837775,0,0,30
2021-10-14,0.014508097,17.80323881,1.822485822,0,0,30
2021-10-15,0.01457745,17.8309801,1.826647015,0,0,30
2021-10-16,0.014647668,17.85906732,1.830860098,0,0,30
2021-10-17,0.01471873,17.88749216,1.835123824,0,0,30
2021-10-18,0.014790616,17.91624621,1.839436931,0,0,30
2021-10-19,0.014863302,17.94532096,1.843798143,0,0,30
2021-10-20,0.01493677,17.9747078,1.84820617,0,0,30
2021-10-21,0.015010995,18.00439805,1.852659707,0,0,30
2021-10-22,0.015085957,18.03438291,1.857157436,0,0,30
2021-10-23,0.015161634,18.06465351,1.861698026,0,0,30
2021-10-24,0.015238002,18.0952009,1.866280134,0,0,30
2021-10-25,0.01531504,18.12601603,1.870902404,0,0,30
2021-10-26,0.015392724,18.15708978,1.875563467,0,0,30
2021-10-27,0.015471032,18.18841297,1.880261946,0,0,30
2021-10-28,0.015549941,18.21997632,1.884996448,0,0,30
2021-10-29,0.015629426,18.25177049,1.889765574,0,0,30
2021-10-30,0.015709465,18.28378607,1.894567911,0,0,30
2021-10-31,0.015790034,18.3160136,1.89940204,0,0,30
2021-11-01,0.015825646,18.33025839,1.901538759,0,0,30
2021-11-02,0.015906936,18.36277434,1.906416151,0,0,30
2021-11-03,0.015988697,18.39547885,1.911321828,0,0,30
2021-11-04,0.016070906,18.42836225,1.916254338,0,0,30
2021-11-05,0.016153537,18.46141481,1.921212221,0,0,30
2021-11-06,0.016236567,18.49462674,1.926194011,0,0,30
2021-11-07,0.016319971,18.52798822,1.931198233,0,0,30
2021-11-08,0.016403723,18.56148937,1.936223406,0,0,30
2021-11-09,0.016487801,18.59512029,1.941268044,0,0,30
2021-11-10,0.016572178,18.62887102,1.946330653,0,0,30
2021-11-11,0.016656829,18.66273157,1.951409736,0,0,30
2021-11-12,0.01674173,18.69669193,1.956503789,0,0,30
2021-11-13,0.016826855,18.73074203,1.961611305,0,0,30
2021-11-14,0.01691218,18.76487182,1.966730773,0,0,30
2021-11-15,0.016997678,18.79907118,1.971860678,0,0,30
2021-11-16,0.017083325,18.83333001,1.976999501,0,0,30
2021-11-17,0.017169095,18.86763815,1.982145722,0,0,30
2021-11-18,0.017254964,18.90198546,1.987297819,0,0,30
2021-11-19,0.017340904,18.93636178,1.992454266,0,0,30
2021-11-20,0.017426892,18.97075692,1.997613538,0,0,30
2021-11-21,0.017512902,19.00516072,2.002774108,0,0,30
2021-11-22,0.017598907,19.03956299,2.007934449,0,0,30
2021-11-23,0.017684884,19.07395356,2.013093034,0,0,30
2021-11-24,0.017770806,19.10832224,2.018248336,0,0,30
2021-11-25,0.017856647,19.14265887,2.02339883,0,0,30
2021-11-26,0.017942383,19.17695328,2.028542992,0,0,30
2021-11-27,0.018027988,19.21119533,2.033679299,0,0,30
2021-11-28,0.018113437,19.24537488,2.038806232,0,0,30
2021-11-29,0.018198705,19.27948182,2.043922274,0,0,30
2021-11-30,0.018283765,19.31350606,2.049025909,0,0,30
2021-12-01,0.018405838,19.3623354,2.05635031,0,0,30
2021-12-02,0.018490289,19.39611564,2.061417346,0,0,30
2021-12-03,0.018574447,19.42977867,2.0664668,0,0,30
2021-12-04,0.018658286,19.46331452,2.071497178,0,0,30
2021-12-05,0.018741783,19.49671327,2.07650699,0,0,30
2021-12-06,0.018824913,19.52996503,2.081494754,0,0,30
2021-12-07,0.01890765,19.56305996,2.086458995,0,0,30
2021-12-08,0.018989971,19.59598828,2.091398242,0,0,30
2021-12-09,0.019071851,19.62874024,2.096311035,0,0,30
2021-12-10,0.019153265,19.66130614,2.101195921,0,0,30
2021-12-11,0.019234191,19.69367635,2.106051452,0,0,30
2021-12-12,0.019314603,19.72584129,2.110876193,0,0,30
2021-12-13,0.019394479,19.75779144,2.115668716,0,0,30
2021-12-14,0.019473793,19.78951735,2.120427602,0,0,30
2021-12-15,0.019552524,19.82100963,2.125151444,0,0,30
2021-12-16,0.019630647,19.85225895,2.129838843,0,0,30
2021-12-17,0.01970814,19.88325609,2.134488413,0,0,30
2021-12-18,0.01978498,19.91399185,2.139098777,0,0,30
2021-12-19,0.019861143,19.94445714,2.143668571,0,0,30
2021-12-20,0.019936607,19.97464296,2.148196444,0,0,30
2021-12-21,0.020011351,20.00454036,2.152681054,0,0,30
2021-12-22,0.020085351,20.03414051,2.157121076,0,0,30
2021-12-23,0.020158587,20.06343463,2.161515195,0,0,30
2021-12-24,0.020231035,20.09241407,2.165862111,0,0,30
2021-12-25,0.020302676,20.12107025,2.170160537,0,0,30
2021-12-26,0.020373487,20.14939468,2.174409202,0,0,30
2021-12-27,0.020443447,20.17737899,2.178606848,0,0,30
2021-12-28,0.020512537,20.20501489,2.182752233,0,0,30
2021-12-29,0.020580736,20.23229421,2.186844131,0,0,30
2021-12-30,0.020648022,20.25920887,2.190881331,0,0,30
2021-12-31,0.020714377,20.28575092,2.194862637,0,0,30
2022-01-01,0.020741309,20.29652362,2.196478543,0,0,30
2022-01-02,0.020806317,20.32252695,2.200379042,0,0,30
2022-01-03,0.020870347,20.34813892,2.204220838,0,0,30
2022-01-04,0.02093338,20.37335196,2.208002794,0,0,30
2022-01-05,0.020995397,20.3981586,2.21172379,0,0,30
2022-01-06,0.021056379,20.4225515,2.215382726,0,0,30
2022-01-07,0.021116309,20.44652345,2.218978518,0,0,30
2022-01-08,0.021175168,20.47006735,2.222510102,0,0,30
2022-01-09,0.021232941,20.49317623,2.225976434,0,0,30
2022-01-10,0.021289608,20.51584325,2.229376488,0,0,30
2022-01-11,0.021345154,20.53806172,2.232709258,0,0,30
2022-01-12,0.021399563,20.55982504,2.235973757,0,0,30
2022-01-13,0.021452817,20.58112679,2.239169019,0,0,30
2022-01-14,0.021504902,20.60196066,2.242294099,0,0,30
2022-01-15,0.021555801,20.62232048,2.245348073,0,0,30
2022-01-16,0.021605501,20.64220024,2.248330035,0,0,30
2022-01-17,0.021653985,20.66159403,2.251239105,0,0,30
2022-01-18,0.02170124,20.68049614,2.254074421,0,0,30
2022-01-19,0.021747252,20.69890096,2.256835144,0,0,30
2022-01-20,0.021792008,20.71680305,2.259520457,0,0,30
2022-01-21,0.021835493,20.7341971,2.262129566,0,0,30
2022-01-22,0.021877695,20.75107799,2.264661698,0,0,30
2022-01-23,0.021918602,20.76744069,2.267116104,0,0,30
2022-01-24,0.021958201,20.78328039,2.269492058,0,0,30
2022-01-25,0.021996481,20.79859238,2.271788857,0,0,30
2022-01-26,0.02203343,20.81337214,2.274005822,0,0,30
2022-01-27,0.022069038,20.8276153,2.276142295,0,0,30
2022-01-28,0.022103294,20.84131763,2.278197645,0,0,30
2022-01-29,0.022136188,20.85447509,2.280171264,0,0,30
2022-01-30,0.022167709,20.86708378,2.282062567,0,0,30
2022-01-31,0.02219785,20.87913997,2.283870996,0,0,30
2022-02-01,0.022210672,20.88426874,2.284640311,0,0,30
2022-02-02,0.022238808,20.8955231,2.286328465,0,0,30
2022-02-03,0.022265541,20.90621655,2.287932483,0,0,30
2022-02-04,0.022290865,20.91634592,2.289451888,0,0,30
2022-02-05,0.022314771,20.92590821,2.290886231,0,0,30
2022-02-06,0.022337251,20.93490059,2.292235089,0,0,30
2022-02-07,0.022358301,20.94332041,2.293498061,0,0,30
2022-02-08,0.022377913,20.95116516,2.294674775,0,0,30
2022-02-09,0.022396081,20.95843254,2.295764881,0,0,30
2022-02-10,0.022412801,20.96512038,2.296768057,0,0,30
2022-02-11,0.022428067,20.97122671,2.297684007,0,0,30
2022-02-12,0.022441874,20.97674973,2.298512459,0,0,30
2022-02-13,0.022454219,20.98168779,2.299253168,0,0,30
2022-02-14,0.022465099,20.98603944,2.299905916,0,0,30
2022-02-15,0.022474508,20.98980339,2.300470508,0,0,30
2022-02-16,0.022482446,20.99297852,2.300946778,0,0,30
2022-02-17,0.02248891,20.9955639,2.301334585,0,0,30
2022-02-18,0.022493897,20.99755876,2.301633814,0,0,30
2022-02-19,0.022497406,20.99896251,2.301844376,0,0,30
2022-02-20,0.022499437,20.99977473,2.30196621,0,0,30
2022-02-21,0.022499988,20.99999519,2.301999278,0,0,30
2022-02-22,0.02249906,20.99962382,2.301943573,0,0,30
2022-02-23,0.022496652,20.99866072,2.301799109,0,0,30
2022-02-24,0.022492765,20.9971062,2.301565929,0,0,30
2022-02-25,0.022487402,20.99496069,2.301244104,0,0,30
2022-02-26,0.022480562,20.99222485,2.300833727,0,0,30
2022-02-27,0.022472249,20.98889947,2.30033492,0,0,30
2022-02-28,0.022462464,20.98498554,2.299747832,0,0,30
2022-03-01,0.022417611,20.96704453,2.29705668,0,0,30
2022-03-02,0.022401335,20.96053385,2.296080077,0,0,30
2022-03-03,0.022383608,20.95344301,2.295016452,0,0,30
2022-03-04,0.022364435,20.94577412,2.293866118,0,0,30
2022-03-05,0.022343824,20.93752944,2.292629416,0,0,30
2022-03-06,0.022321779,20.92871142,2.291306712,0,0,30
2022-03-07,0.022298307,20.91932265,2.289898398,0,0,30
2022-03-08,0.022273415,20.90936594,2.28840489,0,0,30
2022-03-09,0.022247111,20.8988442,2.286826631,0,0,30
2022-03-10,0.022219401,20.88776057,2.285164086,0,0,30
2022-03-11,0.022190296,20.87611832,2.283417749,0,0,30
2022-03-12,0.022159802,20.8639209,2.281588135,0,0,30
2022-03-13,0.02212793,20.85117191,2.279675787,0,0,30
2022-03-14,0.022094688,20.83787514,2.27768127,0,0,30
2022-03-15,0.022060086,20.8240345,2.275605175,0,0,30
2022-03-16,0.022024135,20.8096541,2.273448116,0,0,30
2022-03-17,0.021986846,20.7947382,2.27121073,0,0,30
2022-03-18,0.021948228,20.77929121,2.268893681,0,0,30
2022-03-19,0.021908294,20.76331769,2.266497654,0,0,30
2022-03-20,0.021867056,20.74682239,2.264023358,0,0,30
2022-03-21,0.021824525,20.72981016,2.261471524,0,0,30
2022-03-22,0.021780715,20.71228606,2.258842909,0,0,30
2022-03-23,0.021735638,20.69425527,2.25613829,0,0,30
2022-03-24,0.021689308,20.67572312,2.253358468,0,0,30
2022-03-25,0.021641738,20.65669509,2.250504264,0,0,30
2022-03-26,0.021592942,20.63717683,2.247576524,0,0,30
2022-03-27,0.021542935,20.61717409,2.244576114,0,0,30
2022-03-28,0.021491732,20.59669281,2.241503922,0,0,30
2022-03-29,0.021439348,20.57573904,2.238360856,0,0,30
2022-03-30,0.021385797,20.55431899,2.235147848,0,0,30
2022-03-31,0.021331097,20.53243898,2.231865848,0,0,30
2022-04-01,0.021306669,20.52266773,2.23040016,0,0,30
2022-04-02,0.021250342,20.50013681,2.227020522,0,0,30
2022-04-03,0.021192905,20.47716198,2.223574297,0,0,30
2022-04-04,0.021134375,20.45375003,2.220062505,0,0,30
2022-04-05,0.02107477,20.42990789,2.216486184,0,0,30
2022-04-06,0.021014107,20.40564262,2.212846393,0,0,30
2022-04-07,0.020952403,20.3809614,2.20914421,0,0,30
2022-04-08,0.020889679,20.35587153,2.205380729,0,0,30
2022-04-09,0.020825951,20.33038043,2.201557065,0,0,30
2022-04-10,0.020761239,20.30449566,2.197674348,0,0,30
2022-04-11,0.020695562,20.27822486,2.193733729,0,0,30
2022-04-12,0.02062894,20.25157581,2.189736372,0,0,30
2022-04-13,0.020561391,20.22455641,2.185683461,0,0,30
2022-04-14,0.020492937,20.19717463,2.181576195,0,0,30
2022-04-15,0.020423596,20.1694386,2.17741579,0,0,30
2022-04-16,0.020353391,20.14135651,2.173203476,0,0,30
2022-04-17,0.020282342,20.11293667,2.1689405,0,0,30
2022-04-18,0.020210469,20.08418749,2.164628124,0,0,30
2022-04-19,0.020137794,20.05511749,2.160267624,0,0,30
2022-04-20,0.020064338,20.02573527,2.15586029,0,0,30
2022-04-21,0.019990124,19.99604951,2.151407426,0,0,30
2022-04-22,0.019915172,19.966069,2.14691035,0,0,30
2022-04-23,0.019839507,19.93580262,2.142370393,0,0,30
2022-04-24,0.019763148,19.90525932,2.137788897,0,0,30
2022-04-25,0.01968612,19.87444813,2.13316722,0,0,30
2022-04-26,0.019608445,19.84337819,2.128506728,0,0,30
2022-04-27,0.019530147,19.81205867,2.123808801,0,0,30
2022-04-28,0.019451247,19.78049886,2.119074829,0,0,30
2022-04-29,0.01937177,19.74870808,2.114306212,0,0,30
2022-04-30,0.019291739,19.71669575,2.109504362,0,0,30
2022-05-01,0.01917557,19.67022786,2.102534179,0,0,30
2022-05-02,0.019094287,19.63771482,2.097657222,0,0,30
2022-05-03,0.019012533,19.60501306,2.092751959,0,0,30
2022-05-04,0.018930331,19.57213227,2.087819841,0,0,30
2022-05-05,0.018847705,19.53908218,2.082862328,0,0,30
2022-05-06,0.018764681,19.50587257,2.077880886,0,0,30
2022-05-07,0.018681283,19.47251326,2.072876989,0,0,30
2022-05-08,0.018597535,19.43901413,2.067852119,0,0,30
2022-05-09,0.018513463,19.40538508,2.062807762,0,0,30
2022-05-10,0.01842909,19.37163608,2.057745412,0,0,30
2022-05-11,0.018344443,19.3377771,2.052666565,0,0,30
2022-05-12,0.018259545,19.30381817,2.047572725,0,0,30
2022-05-13,0.018174423,19.26976933,2.0424654,0,0,30
2022-05-14,0.018089102,19.23564067,2.0373461,0,0,30
2022-05-15,0.018003606,19.20144227,2.032216341,0,0,30
2022-05-16,0.017917961,19.16718427,2.02707764,0,0,30
2022-05-17,0.017832192,19.13287679,2.021931518,0,0,30
2022-05-18,0.017746325,19.09852999,2.016779498,0,0,30
2022-05-19,0.017660385,19.06415403,2.011623105,0,0,30
2022-05-20,0.017574398,19.0297591,2.006463864,0,0,30
2022-05-21,0.017488388,18.99535535,2.001303302,0,0,30
2022-05-22,0.017402382,18.96095298,1.996142947,0,0,30
2022-05-23,0.017316405,18.92656216,1.990984324,0,0,30
2022-05-24,0.017230483,18.89219308,1.985828962,0,0,30
2022-05-25,0.01714464,18.85785589,1.980678384,0,0,30
2022-05-26,0.017058902,18.82356077,1.975534116,0,0,30
2022-05-27,0.016973295,18.78931787,1.97039768,0,0,30
2022-05-28,0.016887843,18.7551373,1.965270595,0,0,30
2022-05-29,0.016802573,18.72102919,1.960154379,0,0,30
2022-05-30,0.016717509,18.68700364,1.955050546,0,0,30
2022-05-31,0.016632677,18.65307071,1.949960606,0,0,30
2022-06-01,0.01659543,18.63817215,1.947725822,0,0,30
2022-06-02,0.016510976,18.60439022,1.942658533,0,0,30
2022-06-03,0.016426813,18.57072536,1.937608804,0,0,30
2022-06-04,0.016342969,18.53718753,1.93257813,0,0,30
2022-06-05,0.016259467,18.50378665,1.927567998,0,0,30
2022-06-06,0.016176332,18.47053262,1.922579892,0,0,30
2022-06-07,0.016093588,18.43743525,1.917615288,0,0,30
2022-06-08,0.016011261,18.40450436,1.912675655,0,0,30
2022-06-09,0.015929374,18.37174969,1.907762454,0,0,30
2022-06-10,0.015847952,18.33918093,1.902877139,0,0,30
2022-06-11,0.015767019,18.30680771,1.898021157,0,0,30
2022-06-12,0.015686599,18.27463962,1.893195944,0,0,30
2022-06-13,0.015606715,18.24268618,1.888402927,0,0,30
2022-06-14,0.015527392,18.21095684,1.883643526,0,0,30
2022-06-15,0.015448652,18.17946099,1.878919148,0,0,30
2022-06-16,0.01537052,18.14820795,1.874231192,0,0,30
2022-06-17,0.015293017,18.11720696,1.869581045,0,0,30
2022-06-18,0.015216168,18.08646721,1.864970082,0,0,30
2022-06-19,0.015139994,18.05599779,1.860399669,0,0,30
2022-06-20,0.015064519,18.02580772,1.855871158,0,0,30
2022-06-21,0.014989765,17.99590592,1.851385889,0,0,30
2022-06-22,0.014915753,17.96630126,1.846945188,0,0,30
2022-06-23,0.014842506,17.93700248,1.842550371,0,0,30
2022-06-24,0.014770046,17.90801825,1.838202738,0,0,30
2022-06-25,0.014698393,17.87935717,1.833903575,0,0,30
2022-06-26,0.014627569,17.8510277,1.829654154,0,0,30
2022-06-27,0.014557596,17.82303823,1.825455734,0,0,30
2022-06-28,0.014488493,17.79539704,1.821309555,0,0,30
2022-06-29,0.014420281,17.76811231,1.817216846,0,0,30
2022-06-30,0.01435298,17.74119212,1.813178817,0,0,30
2022-07-01,0.014257709,17.70308348,1.807462522,0,0,30
2022-07-02,0.014192715,17.67708596,1.803562894,0,0,30
2022-07-03,0.0141287,17.65147992,1.799721987,0,0,30
2022-07-04,0.014065682,17.62627292,1.795940938,0,0,30
2022-07-05,0.014003681,17.60147243,1.792220865,0,0,30
2022-07-06,0.013942714,17.57708579,1.788562868,0,0,30
2022-07-07,0.013882801,17.55312021,1.784968032,0,0,30
2022-07-08,0.013823957,17.52958279,1.781437418,0,0,30
2022-07-09,0.013766201,17.50648048,1.777972073,0,0,30
2022-07-10,0.01370955,17.48382014,1.774573021,0,0,30
2022-07-11,0.013654021,17.46160845,1.771241268,0,0,30
2022-07-12,0.01359963,17.439852,1.7679778,0,0,30
2022-07-13,0.013546393,17.41855723,1.764783584,0,0,30
2022-07-14,0.013494326,17.39773042,1.761659564,0,0,30
2022-07-15,0.013443444,17.37737776,1.758606664,0,0,30
2022-07-16,0.013393763,17.35750525,1.755625788,0,0,30
2022-07-17,0.013345297,17.33811879,1.752717818,0,0,30
2022-07-18,0.01329806,17.3192241,1.749883615,0,0,30
2022-07-19,0.013252067,17.30082678,1.747124017,0,0,30
2022-07-20,0.013207331,17.28293228,1.744439841,0,0,30
2022-07-21,0.013163865,17.26554588,1.741831882,0,0,30
2022-07-22,0.013121682,17.24867273,1.73930091,0,0,30
2022-07-23,0.013080795,17.23231783,1.736847675,0,0,30
2022-07-24,0.013041215,17.21648602,1.734472903,0,0,30
2022-07-25,0.013002955,17.20118198,1.732177297,0,0,30
2022-07-26,0.012966026,17.18641023,1.729961535,0,0,30
2022-07-27,0.012930438,17.17217516,1.727826274,0,0,30
2022-07-28,0.012896202,17.15848097,1.725772145,0,0,30
2022-07-29,0.012863329,17.14533171,1.723799757,0,0,30
2022-07-30,0.012831828,17.13273128,1.721909693,0,0,30
2022-07-31,0.012801709,17.12068341,1.720102511,0,0,30
2022-08-01,0.012788896,17.11555832,1.719333748,0,0,30
2022-08-02,0.012760781,17.10431234,1.717646852,0,0,30
2022-08-03,0.012734068,17.09362733,1.7160441,0,0,30
2022-08-04,0.012708766,17.08350645,1.714525967,0,0,30
2022-08-05,0.012684882,17.07395269,1.713092903,0,0,30
2022-08-06,0.012662422,17.06496887,1.711745331,0,0,30
2022-08-07,0.012641394,17.05655767,1.71048365,0,0,30
2022-08-08,0.012621804,17.04872155,1.709308233,0,0,30
2022-08-09,0.012603657,17.04146286,1.708219429,0,0,30
2022-08-10,0.012586959,17.03478372,1.707217558,0,0,30
2022-08-11,0.012571715,17.02868613,1.706302919,0,0,30
2022-08-12,0.01255793,17.02317188,1.705475781,0,0,30
2022-08-13,0.012545607,17.0182426,1.70473639,0,0,30
2022-08-14,0.012534749,17.01389976,1.704084964,0,0,30
2022-08-15,0.012525362,17.01014463,1.703521695,0,0,30
2022-08-16,0.012517446,17.00697834,1.703046751,0,0,30
2022-08-17,0.012511005,17.00440181,1.702660272,0,0,30
2022-08-18,0.01250604,17.00241582,1.702362373,0,0,30
2022-08-19,0.012502552,17.00102094,1.702153141,0,0,30
2022-08-20,0.012500544,17.00021759,1.702032639,0,0,30
2022-08-21,0.012500015,17.00000601,1.702000901,0,0,30
2022-08-22,0.012500966,17.00038626,1.702057939,0,0,30
2022-08-23,0.012503396,17.00135823,1.702203734,0,0,30
2022-08-24,0.012507304,17.00292162,1.702438243,0,0,30
2022-08-25,0.01251269,17.00507599,1.702761398,0,0,30
2022-08-26,0.012519552,17.00782068,1.703173102,0,0,30
2022-08-27,0.012527887,17.0111549,1.703673234,0,0,30
2022-08-28,0.012537694,17.01507764,1.704261646,0,0,30
2022-08-29,0.012548969,17.01958775,1.704938163,0,0,30
2022-08-30,0.01256171,17.0246839,1.705702586,0,0,30
2022-08-31,0.012575911,17.03036458,1.706554687,0,0,30
2022-09-01,0.012582622,17.03304883,1.706957325,0,0,30
2022-09-02,0.012598921,17.03956823,1.707935235,0,0,30
2022-09-03,0.012616669,17.04666776,1.709000164,0,0,30
2022-09-04,0.012635863,17.0543453,1.710151796,0,0,30
2022-09-05,0.012656497,17.0625986,1.71138979,0,0,30
2022-09-06,0.012678563,17.07142521,1.712713781,0,0,30
2022-09-07,0.012702056,17.08082251,1.714123376,0,0,30
2022-09-08,0.012726969,17.09078772,1.715618159,0,0,30
2022-09-09,0.012753295,17.10131791,1.717197686,0,0,30
2022-09-10,0.012781025,17.11240994,1.718861491,0,0,30
2022-09-11,0.012810151,17.12406054,1.720609082,0,0,30
2022-09-12,0.012840666,17.13626627,1.72243994,0,0,30
2022-09-13,0.012872559,17.1490235,1.724353525,0,0,30
2022-09-14,0.012905821,17.16232847,1.72634927,0,0,30
2022-09-15,0.012940443,17.17617723,1.728426584,0,0,30
2022-09-16,0.012976414,17.19056569,1.730584853,0,0,30
2022-09-17,0.013013724,17.20548959,1.732823438,0,0,30
2022-09-18,0.013052361,17.22094452,1.735141677,0,0,30
2022-09-19,0.013092315,17.23692589,1.737538884,0,0,30
2022-09-20,0.013133572,17.25342899,1.740014349,0,0,30
2022-09-21,0.013176122,17.27044893,1.742567339,0,0,30
2022-09-22,0.013219952,17.28798067,1.7451971,0,0,30
2022-09-23,0.013265048,17.30601902,1.747902853,0,0,30
2022-09-24,0.013311397,17.32455865,1.750683798,0,0,30
2022-09-25,0.013358985,17.34359407,1.753539111,0,0,30
2022-09-26,0.013407799,17.36311965,1.756467947,0,0,30
2022-09-27,0.013457824,17.38312961,1.759469441,0,0,30
2022-09-28,0.013509045,17.40361802,1.762542703,0,0,30
2022-09-29,0.013561447,17.42457883,1.765686824,0,0,30
2022-09-30,0.013615015,17.44600583,1.768900875,0,0,30
2022-10-01,0.013694167,17.47766692,1.773650038,0,0,30
2022-10-02,0.013750511,17.50020455,1.777030682,0,0,30
2022-10-03,0.013807965,17.52318599,1.780477898,0,0,30
2022-10-04,0.013866511,17.54660444,1.783990666,0,0,30
2022-10-05,0.013926132,17.57045298,1.787567947,0,0,30
2022-10-06,0.013986811,17.59472454,1.791208681,0,0,30
2022-10-07,0.01404853,17.61941195,1.794911792,0,0,30
2022-10-08,0.01411127,17.64450789,1.798676184,0,0,30
2022-10-09,0.014175012,17.67000495,1.802500742,0,0,30
2022-10-10,0.014239739,17.69589557,1.806384336,0,0,30
2022-10-11,0.01430543,17.7221721,1.810325815,0,0,30
2022-10-12,0.014372067,17.74882676,1.814324014,0,0,30
2022-10-13,0.014439629,17.77585166,1.81837775,0,0,30
2022-10-14,0.014508097,17.80323881,1.822485822,0,0,30
2022-10-15,0.01457745,17.8309801,1.826647015,0,0,30
2022-10-16,0.014647668,17.85906732,1.830860098,0,0,30
2022-10-17,0.01471873,17.88749216,1.835123824,0,0,30
2022-10-18,0.014790616,17.91624621,1.839436931,0,0,30
2022-10-19,0.014863302,17.94532096,1.843798143,0,0,30
2022-10-20,0.01493677,17.9747078,1.84820617,0,0,30
2022-10-21,0.015010995,18.00439805,1.852659707,0,0,30
2022-10-22,0.015085957,18.03438291,1.857157436,0,0,30
2022-10-23,0.015161634,18.06465351,1.861698026,0,0,30
2022-10-24,0.015238002,18.0952009,1.866280134,0,0,30
2022-10-25,0.01531504,18.12601603,1.870902404,0,0,30
2022-10-26,0.015392724,18.15708978,1.875563467,0,0,30
2022-10-27,0.015471032,18.18841297,1.880261946,0,0,30
2022-10-28,0.015549941,18.21997632,1.884996448,0,0,30
2022-10-29,0.015629426,18.25177049,1.889765574,0,0,30
2022-10-30,0.015709465,18.28378607,1.894567911,0,0,30
2022-10-31,0.015790034,18.3160136,1.89940204,0,0,30
2022-11-01,0.015825646,18.33025839,1.901538759,0,0,30
2022-11-02,0.015906936,18.36277434,1.906416151,0,0,30
2022-11-03,0.015988697,18.39547885,1.911321828,0,0,30
2022-11-04,0.016070906,18.42836225,1.916254338,0,0,30
2022-11-05,0.016153537,18.46141481,1.921212221,0,0,30
2022-11-06,0.016236567,18.49462674,1.926194011,0,0,30
2022-11-07,0.016319971,18.52798822,1.931198233,0,0,30
2022-11-08,0.016403723,18.56148937,1.936223406,0,0,30
2022-11-09,0.016487801,18.59512029,1.941268044,0,0,30
2022-11-10,0.016572178,18.62887102,1.946330653,0,0,30
2022-11-11,0.016656829,18.66273157,1.951409736,0,0,30
2022-11-12,0.01674173,18.69669193,1.956503789,0,0,30
2022-11-13,0.016826855,18.73074203,1.961611305,0,0,30
2022-11-14,0.01691218,18.76487182,1.966730773,0,0,30
2022-11-15,0.016997678,18.79907118,1.971860678,0,0,30
2022-11-16,0.017083325,18.83333001,1.976999501,0,0,30
2022-11-17,0.017169095,18.86763815,1.982145722,0,0,30
2022-11-18,0.017254964,18.90198546,1.987297819,0,0,30
2022-11-19,0.017340904,18.93636178,1.992454266,0,0,30
2022-11-20,0.017426892,18.97075692,1.997613538,0,0,30
2022-11-21,0.017512902,19.00516072,2.002774108,0,0,30
2022-11-22,0.017598907,19.03956299,2.007934449,0,0,30
2022-11-23,0.017684884,19.07395356,2.013093034,0,0,30
2022-11-24,0.017770806,19.10832224,2.018248336,0,0,30
2022-11-25,0.017856647,19.14265887,2.02339883,0,0,30
2022-11-26,0.017942383,19.17695328,2.028542992,0,0,30
2022-11-27,0.018027988,19.21119533,2.033679299,0,0,30
2022-11-28,0.018113437,19.24537488,2.038806232,0,0,30
2022-11-29,0.018198705,19.27948182,2.043922274,0,0,30
2022-11-30,0.018283765,19.31350606,2.049025909,0,0,30
2022-12-01,0.018405838,19.3623354,2.05635031,0,0,30
2022-12-02,0.018490289,19.39611564,2.061417346,0,0,30
2022-12-03,0.018574447,19.42977867,2.0664668,0,0,30
2022-12-04,0.018658286,19.46331452,2.071497178,0,0,30
2022-12-05,0.018741783,19.49671327,2.07650699,0,0,30
2022-12-06,0.018824913,19.52996503,2.081494754,0,0,30
2022-12-07,0.01890765,19.56305996,2.086458995,0,0,30
2022-12-08,0.018989971,19.59598828,2.091398242,0,0,30
2022-12-09,0.019071851,19.62874024,2.096311035,0,0,30
2022-12-10,0.019153265,19.66130614,2.101195921,0,0,30
2022-12-11,0.019234191,19.69367635,2.106051452,0,0,30
2022-12-12,0.019314603,19.72584129,2.110876193,0,0,30
2022-12-13,0.019394479,19.75779144,2.115668716,0,0,30
2022-12-14,0.019473793,19.78951735,2.120427602,0,0,30
2022-12-15,0.019552524,19.82100963,2.125151444,0,0,30
2022-12-16,0.019630647,19.85225895,2.129838843,0,0,30
2022-12-17,0.01970814,19.88325609,2.134488413,0,0,30
2022-12-18,0.01978498,19.91399185,2.139098777,0,0,30
2022-12-19,0.019861143,19.94445714,2.143668571,0,0,30
2022-12-20,0.019936607,19.97464296,2.148196444,0,0,30
2022-12-21,0.020011351,20.00454036,2.152681054,0,0,30
2022-12-22,0.020085351,20.03414051,2.157121076,0,0,30
2022-12-23,0.020158587,20.06343463,2.161515195,0,0,30
2022-12-24,0.020231035,20.09241407,2.165862111,0,0,30
2022-12-25,0.020302676,20.12107025,2.170160537,0,0,30
2022-12-26,0.020373487,20.14939468,2.174409202,0,0,30
2022-12-27,0.020443447,20.17737899,2.178606848,0,0,30
2022-12-28,0.020512537,20.20501489,2.182752233,0,0,30
2022-12-29,0.020580736,20.23229421,2.186844131,0,0,30
2022-12-30,0.020648022,20.25920887,2.190881331,0,0,30
2022-12-31,0.020714377,20.28575092,2.194862637,0,0,30
2023-01-01,0.020741309,20.29652362,2.196478543,0,0,30
2023-01-02,0.020806317,20.32252695,2.200379042,0,0,30
2023-01-03,0.020870347,20.34813892,2.204220838,0,0,30
2023-01-04,0.02093338,20.37335196,2.208002794,0,0,30
2023-01-05,0.020995397,20.3981586,2.21172379,0,0,30
2023-01-06,0.021056379,20.4225515,2.215382726,0,0,30
2023-01-07,0.021116309,20.44652345,2.218978518,0,0,30
2023-01-08,0.021175168,20.47006735,2.222510102,0,0,30
2023-01-09,0.021232941,20.49317623,2.225976434,0,0,30
2023-01-10,0.021289608,20.51584325,2.229376488,0,0,30
2023-01-11,0.021345154,20.53806172,2.232709258,0,0,30
2023-01-12,0.021399563,20.55982504,2.235973757,0,0,30
2023-01-13,0.021452817,20.58112679,2.239169019,0,0,30
2023-01-14,0.021504902,20.60196066,2.242294099,0,0,30
2023-01-15,0.021555801,20.62232048,2.245348073,0,0,30
2023-01-16,0.021605501,20.64220024,2.248330035,0,0,30
2023-01-17,0.021653985,20.66159403,2.251239105,0,0,30
2023-01-18,0.02170124,20.68049614,2.254074421,0,0,30
2023-01-19,0.021747252,20.69890096,2.256835144,0,0,30
2023-01-20,0.021792008,20.71680305,2.259520457,0,0,30
2023-01-21,0.021835493,20.7341971,2.262129566,0,0,30
2023-01-22,0.021877695,20.75107799,2.264661698,0,0,30
2023-01-23,0.021918602,20.76744069,2.267116104,0,0,30
2023-01-24,0.021958201,20.78328039,2.269492058,0,0,30
2023-01-25,0.021996481,20.79859238,2.271788857,0,0,30
2023-01-26,0.02203343,20.81337214,2.274005822,0,0,30
2023-01-27,0.022069038,20.8276153,2.276142295,0,0,30
2023-01-28,0.022103294,20.84131763,2.278197645,0,0,30
2023-01-29,0.022136188,20.85447509,2.280171264,0,0,30
2023-01-30,0.022167709,20.86708378,2.282062567,0,0,30
2023-01-31,0.02219785,20.87913997,2.283870996,0,0,30
2023-02-01,0.022210672,20.88426874,2.284640311,0,0,30
2023-02-02,0.022238808,20.8955231,2.286328465,0,0,30
2023-02-03,0.022265541,20.90621655,2.287932483,0,0,30
2023-02-04,0.022290865,20.91634592,2.289451888,0,0,30
2023-02-05,0.022314771,20.92590821,2.290886231,0,0,30
2023-02-06,0.022337251,20.93490059,2.292235089,0,0,30
2023-02-07,0.022358301,20.94332041,2.293498061,0,0,30
2023-02-08,0.022377913,20.95116516,2.294674775,0,0,30
2023-02-09,0.022396081,20.95843254,2.295764881,0,0,30
2023-02-10,0.022412801,20.96512038,2.296768057,0,0,30
2023-02-11,0.022428067,20.97122671,2.297684007,0,0,30
2023-02-12,0.022441874,20.97674973,2.298512459,0,0,30
2023-02-13,0.022454219,20.98168779,2.299253168,0,0,30
2023-02-14,0.022465099,20.98603944,2.299905916,0,0,30
2023-02-15,0.022474508,20.98980339,2.300470508,0,0,30
2023-02-16,0.022482446,20.99297852,2.300946778,0,0,30
2023-02-17,0.02248891,20.9955639,2.301334585,0,0,30
2023-02-18,0.022493897,20.99755876,2.301633814,0,0,30
2023-02-19,0.022497406,20.99896251,2.301844376,0,0,30
2023-02-20,0.022499437,20.99977473,2.30196621,0,0,30
2023-02-21,0.022499988,20.99999519,2.301999278,0,0,30
2023-02-22,0.02249906,20.99962382,2.301943573,0,0,30
2023-02-23,0.022496652,20.99866072,2.301799109,0,0,30
2023-02-24,0.022492765,20.9971062,2.301565929,0,0,30
2023-02-25,0.022487402,20.99496069,2.301244104,0,0,30
2023-02-26,0.022480562,20.99222485,2.300833727,0,0,30
2023-02-27,0.022472249,20.98889947,2.30033492,0,0,30
2023-02-28,0.022462464,20.98498554,2.299747832,0,0,30
2023-03-01,0.022417611,20.96704453,2.29705668,0,0,30
2023-03-02,0.022401335,20.96053385,2.296080077,0,0,30
2023-03-03,0.022383608,20.95344301,2.295016452,0,0,30
2023-03-04,0.022364435,20.94577412,2.293866118,0,0,30
2023-03-05,0.022343824,20.93752944,2.292629416,0,0,30
2023-03-06,0.022321779,20.92871142,2.291306712,0,0,30
2023-03-07,0.022298307,20.91932265,2.289898398,0,0,30
2023-03-08,0.022273415,20.90936594,2.28840489,0,0,30
2023-03-09,0.022247111,20.8988442,2.286826631,0,0,30
2023-03-10,0.022219401,20.88776057,2.285164086,0,0,30
2023-03-11,0.022190296,20.87611832,2.283417749,0,0,30
2023-03-12,0.022159802,20.8639209,2.281588135,0,0,30
2023-03-13,0.02212793,20.85117191,2.279675787,0,0,30
2023-03-14,0.022094688,20.83787514,2.27768127,0,0,30
2023-03-15,0.022060086,20.8240345,2.275605175,0,0,30
2023-03-16,0.022024135,20.8096541,2.273448116,0,0,30
2023-03-17,0.021986846,20.7947382,2.27121073,0,0,30
2023-03-18,0.021948228,20.77929121,2.268893681,0,0,30
2023-03-19,0.021908294,20.76331769,2.266497654,0,0,30
2023-03-20,0.021867056,20.74682239,2.264023358,0,0,30
2023-03-21,0.021824525,20.72981016,2.261471524,0,0,30
2023-03-22,0.021780715,20.71228606,2.258842909,0,0,30
2023-03-23,0.021735638,20.69425527,2.25613829,0,0,30
2023-03-24,0.021689308,20.67572312,2.253358468,0,0,30
2023-03-25,0.021641738,20.65669509,2.250504264,0,0,30
2023-03-26,0.021592942,20.63717683,2.247576524,0,0,30
2023-03-27,0.021542935,20.61717409,2.244576114,0,0,30
2023-03-28,0.021491732,20.59669281,2.241503922,0,0,30
2023-03-29,0.021439348,20.57573904,2.238360856,0,0,30
2023-03-30,0.021385797,20.55431899,2.235147848,0,0,30
2023-03-31,0.021331097,20.53243898,2.231865848,0,0,30
2023-04-01,0.021306669,20.52266773,2.23040016,0,0,30
2023-04-02,0.021250342,20.50013681,2.227020522,0,0,30
2023-04-03,0.021192905,20.47716198,2.223574297,0,0,30
2023-04-04,0.021134375,20.45375003,2.220062505,0,0,30
2023-04-05,0.02107477,20.42990789,2.216486184,0,0,30
2023-04-06,0.021014107,20.40564262,2.212846393,0,0,30
2023-04-07,0.020952403,20.3809614,2.20914421,0,0,30
2023-04-08,0.020889679,20.35587153,2.205380729,0,0,30
2023-04-09,0.020825951,20.33038043,2.201557065,0,0,30
2023-04-10,0.020761239,20.30449566,2.197674348,0,0,30
2023-04-11,0.020695562,20.27822486,2.193733729,0,0,30
2023-04-12,0.02062894,20.25157581,2.189736372,0,0,30
2023-04-13,0.020561391,20.22455641,2.185683461,0,0,30
2023-04-14,0.020492937,20.19717463,2.181576195,0,0,30
2023-04-15,0.020423596,20.1694386,2.17741579,0,0,30
2023-04-16,0.020353391,20.14135651,2.173203476,0,0,30
2023-04-17,0.020282342,20.11293667,2.1689405,0,0,30
2023-04-18,0.020210469,20.08418749,2.164628124,0,0,30
2023-04-19,0.020137794,20.05511749,2.160267624,0,0,30
2023-04-20,0.020064338,20.02573527,2.15586029,0,0,30
2023-04-21,0.019990124,19.99604951,2.151407426,0,0,30
2023-04-22,0.019915172,19.966069,2.14691035,0,0,30
2023-04-23,0.019839507,19.93580262,2.142370393,0,0,30
2023-04-24,0.019763148,19.90525932,2.137788897,0,0,30
2023-04-25,0.01968612,19.87444813,2.13316722,0,0,30
2023-04-26,0.019608445,19.84337819,2.128506728,0,0,30
2023-04-27,0.019530147,19.81205867,2.123808801,0,0,30
2023-04-28,0.019451247,19.78049886,2.119074829,0,0,30
2023-04-29,0.01937177,19.74870808,2.114306212,0,0,30
2023-04-30,0.019291739,19.71669575,2.109504362,0,0,30
2023-05-01,0.01917557,19.67022786,2.102534179,0,0,30
2023-05-02,0.019094287,19.63771482,2.097657222,0,0,30
2023-05-03,0.019012533,19.60501306,2.092751959,0,0,30
2023-05-04,0.018930331,19.57213227,2.087819841,0,0,30
2023-05-05,0.018847705,19.53908218,2.082862328,0,0,30
2023-05-06,0.018764681,19.50587257,2.077880886,0,0,30
2023-05-07,0.018681283,19.47251326,2.072876989,0,0,30
2023-05-08,0.018597535,19.43901413,2.067852119,0,0,30
2023-05-09,0.018513463,19.40538508,2.062807762,0,0,30
2023-05-10,0.01842909,19.37163608,2.057745412,0,0,30
2023-05-11,0.018344443,19.3377771,2.052666565,0,0,30
2023-05-12,0.018259545,19.30381817,2.047572725,0,0,30
2023-05-13,0.018174423,19.26976933,2.0424654,0,0,30
2023-05-14,0.018089102,19.23564067,2.0373461,0,0,30
2023-05-15,0.018003606,19.20144227,2.032216341,0,0,30
2023-05-16,0.017917961,19.16718427,2.02707764,0,0,30
2023-05-17,0.017832192,19.13287679,2.021931518,0,0,30
2023-05-18,0.017746325,19.09852999,2.016779498,0,0,30
2023-05-19,0.017660385,19.06415403,2.011623105,0,0,30
2023-05-20,0.017574398,19.0297591,2.006463864,0,0,30
2023-05-21,0.017488388,18.99535535,2.001303302,0,0,30
2023-05-22,0.017402382,18.96095298,1.996142947,0,0,30
2023-05-23,0.017316405,18.92656216,1.990984324,0,0,30
2023-05-24,0.017230483,18.89219308,1.985828962,0,0,30
2023-05-25,0.01714464,18.85785589,1.980678384,0,0,30
2023-05-26,0.017058902,18.82356077,1.975534116,0,0,30
2023-05-27,0.016973295,18.78931787,1.97039768,0,0,30
2023-05-28,0.016887843,18.7551373,1.965270595,0,0,30
2023-05-29,0.016802573,18.72102919,1.960154379,0,0,30
2023-05-30,0.016717509,18.68700364,1.955050546,0,0,30
2023-05-31,0.016632677,18.65307071,1.949960606,0,0,30
2023-06-01,0.01659543,18.63817215,1.947725822,0,0,30
2023-06-02,0.016510976,18.60439022,1.942658533,0,0,30
2023-06-03,0.016426813,18.57072536,1.937608804,0,0,30
2023-06-04,0.016342969,18.53718753,1.93257813,0,0,30
2023-06-05,0.016259467,18.50378665,1.927567998,0,0,30
2023-06-06,0.016176332,18.47053262,1.922579892,0,0,30
2023-06-07,0.016093588,18.43743525,1.917615288,0,0,30
2023-06-08,0.016011261,18.40450436,1.912675655,0,0,30
2023-06-09,0.015929374,18.37174969,1.907762454,0,0,30
2023-06-10,0.015847952,18.33918093,1.902877139,0,0,30
2023-06-11,0.015767019,18.30680771,1.898021157,0,0,30
2023-06-12,0.015686599,18.27463962,1.893195944,0,0,30
2023-06-13,0.015606715,18.24268618,1.888402927,0,0,30
2023-06-14,0.015527392,18.21095684,1.883643526,0,0,30
2023-06-15,0.015448652,18.17946099,1.878919148,0,0,30
2023-06-16,0.01537052,18.14820795,1.874231192,0,0,30
2023-06-17,0.015293017,18.11720696,1.869581045,0,0,30
2023-06-18,0.015216168,18.08646721,1.864970082,0,0,30
2023-06-19,0.015139994,18.05599779,1.860399669,0,0,30
2023-06-20,0.015064519,18.02580772,1.855871158,0,0,30
2023-06-21,0.014989765,17.99590592,1.851385889,0,0,30
2023-06-22,0.014915753,17.96630126,1.846945188,0,0,30
2023-06-23,0.014842506,17.93700248,1.842550371,0,0,30
2023-06-24,0.014770046,17.90801825,1.838202738,0,0,30
2023-06-25,0.014698393,17.87935717,1.833903575,0,0,30
2023-06-26,0.014627569,17.8510277,1.829654154,0,0,30
2023-06-27,0.014557596,17.82303823,1.825455734,0,0,30
2023-06-28,0.014488493,17.79539704,1.821309555,0,0,30
2023-06-29,0.014420281,17.76811231,1.817216846,0,0,30
2023-06-30,0.01435298,17.74119212,1.813178817,0,0,30
2023-07-01,0.014257709,17.70308348,1.807462522,0,0,30
2023-07-02,0.014192715,17.67708596,1.803562894,0,0,30
2023-07-03,0.0141287,17.65147992,1.799721987,0,0,30
2023-07-04,0.014065682,17.62627292,1.795940938,0,0,30
2023-07-05,0.014003681,17.60147243,1.792220865,0,0,30
2023-07-06,0.013942714,17.57708579,1.788562868,0,0,30
2023-07-07,0.013882801,17.55312021,1.784968032,0,0,30
2023-07-08,0.013823957,17.52958279,1.781437418,0,0,30
2023-07-09,0.013766201,17.50648048,1.777972073,0,0,30
2023-07-10,0.01370955,17.48382014,1.774573021,0,0,30
2023-07-11,0.013654021,17.46160845,1.771241268,0,0,30
2023-07-12,0.01359963,17.439852,1.7679778,0,0,30
2023-07-13,0.013546393,17.41855723,1.764783584,0,0,30
2023-07-14,0.013494326,17.39773042,1.761659564,0,0,30
2023-07-15,0.013443444,17.37737776,1.758606664,0,0,30
2023-07-16,0.013393763,17.35750525,1.755625788,0,0,30
2023-07-17,0.013345297,17.33811879,1.752717818,0,0,30
2023-07-18,0.01329806,17.3192241,1.749883615,0,0,30
2023-07-19,0.013252067,17.30082678,1.747124017,0,0,30
2023-07-20,0.013207331,17.28293228,1.744439841,0,0,30
2023-07-21,0.013163865,17.26554588,1.741831882,0,0,30
2023-07-22,0.013121682,17.24867273,1.73930091,0,0,30
2023-07-23,0.013080795,17.23231783,1.736847675,0,0,30
2023-07-24,0.013041215,17.21648602,1.734472903,0,0,30
2023-07-25,0.013002955,17.20118198,1.732177297,0,0,30
2023-07-26,0.012966026,17.18641023,1.729961535,0,0,30
2023-07-27,0.012930438,17.17217516,1.727826274,0,0,30
2023-07-28,0.012896202,17.15848097,1.725772145,0,0,30
2023-07-29,0.012863329,17.14533171,1.723799757,0,0,30
2023-07-30,0.012831828,17.13273128,1.721909693,0,0,30
2023-07-31,0.012801709,17.12068341,1.720102511,0,0,30
2023-08-01,0.012788896,17.11555832,1.719333748,0,0,30
2023-08-02,0.012760781,17.10431234,1.717646852,0,0,30
2023-08-03,0.012734068,17.09362733,1.7160441,0,0,30
2023-08-04,0.012708766,17.08350645,1.714525967,0,0,30
2023-08-05,0.012684882,17.07395269,1.713092903,0,0,30
2023-08-06,0.012662422,17.06496887,1.711745331,0,0,30
2023-08-07,0.012641394,17.05655767,1.71048365,0,0,30
2023-08-08,0.012621804,17.04872155,1.709308233,0,0,30
2023-08-09,0.012603657,17.04146286,1.708219429,0,0,30
2023-08-10,0.012586959,17.03478372,1.707217558,0,0,30
2023-08-11,0.012571715,17.02868613,1.706302919,0,0,30
2023-08-12,0.01255793,17.02317188,1.705475781,0,0,30
2023-08-13,0.012545607,17.0182426,1.70473639,0,0,30
2023-08-14,0.012534749,17.01389976,1.704084964,0,0,30
2023-08-15,0.012525362,17.01014463,1.703521695,0,0,30
2023-08-16,0.012517446,17.00697834,1.703046751,0,0,30
2023-08-17,0.012511005,17.00440181,1.702660272,0,0,30
2023-08-18,0.01250604,17.00241582,1.702362373,0,0,30
2023-08-19,0.012502552,17.00102094,1.702153141,0,0,30
2023-08-20,0.012500544,17.00021759,1.702032639,0,0,30
2023-08-21,0.012500015,17.00000601,1.702000901,0,0,30
2023-08-22,0.012500966,17.00038626,1.702057939,0,0,30
2023-08-23,0.012503396,17.00135823,1.702203734,0,0,30
2023-08-24,0.012507304,17.00292162,1.702438243,0,0,30
2023-08-25,0.01251269,17.00507599,1.702761398,0,0,30
2023-08-26,0.012519552,17.00782068,1.703173102,0,0,30
2023-08-27,0.012527887,17.0111549,1.703673234,0,0,30
2023-08-28,0.012537694,17.01507764,1.704261646,0,0,30
2023-08-29,0.012548969,17.01958775,1.704938163,0,0,30
2023-08-30,0.01256171,17.0246839,1.705702586,0,0,30
2023-08-31,0.012575911,17.03036458,1.706554687,0,0,30
2023-09-01,0.012582622,17.03304883,1.706957325,0,0,30
2023-09-02,0.012598921,17.03956823,1.707935235,0,0,30
2023-09-03,0.012616669,17.04666776,1.709000164,0,0,30
2023-09-04,0.012635863,17.0543453,1.710151796,0,0,30
2023-09-05,0.012656497,17.0625986,1.71138979,0,0,30
2023-09-06,0.012678563,17.07142521,1.712713781,0,0,30
2023-09-07,0.012702056,17.08082251,1.714123376,0,0,30
2023-09-08,0.012726969,17.09078772,1.715618159,0,0,30
2023-09-09,0.012753295,17.10131791,1.717197686,0,0,30
2023-09-10,0.012781025,17.11240994,1.718861491,0,0,30
2023-09-11,0.012810151,17.12406054,1.720609082,0,0,30
2023-09-12,0.012840666,17.13626627,1.72243994,0,0,30
2023-09-13,0.012872559,17.1490235,1.724353525,0,0,30
2023-09-14,0.012905821,17.16232847,1.72634927,0,0,30
2023-09-15,0.012940443,17.17617723,1.728426584,0,0,30
2023-09-16,0.012976414,17.19056569,1.730584853,0,0,30
2023-09-17,0.013013724,17.20548959,1.732823438,0,0,30
2023-09-18,0.013052361,17.22094452,1.735141677,0,0,30
2023-09-19,0.013092315,17.23692589,1.737538884,0,0,30
2023-09-20,0.013133572,17.25342899,1.740014349,0,0,30
2023-09-21,0.013176122,17.27044893,1.742567339,0,0,30
2023-09-22,0.013219952,17.28798067,1.7451971,0,0,30
2023-09-23,0.013265048,17.30601902,1.747902853,0,0,30
2023-09-24,0.013311397,17.32455865,1.750683798,0,0,30
2023-09-25,0.013358985,17.34359407,1.753539111,0,0,30
2023-09-26,0.013407799,17.36311965,1.756467947,0,0,30
2023-09-27,0.013457824,17.38312961,1.759469441,0,0,30
2023-09-28,0.013509045,17.40361802,1.762542703,0,0,30
2023-09-29,0.013561447,17.42457883,1.765686824,0,0,30
2023-09-30,0.013615015,17.44600583,1.768900875,0,0,30
2023-10-01,0.013694167,17.47766692,1.773650038,0,0,30
2023-10-02,0.013750511,17.50020455,1.777030682,0,0,30
2023-10-03,0.013807965,17.52318599,1.780477898,0,0,30
2023-10-04,0.013866511,17.54660444,1.783990666,0,0,30
2023-10-05,0.013926132,17.57045298,1.787567947,0,0,30
2023-10-06,0.013986811,17.59472454,1.791208681,0,0,30
2023-10-07,0.01404853,17.61941195,1.794911792,0,0,30
2023-10-08,0.01411127,17.64450789,1.798676184,0,0,30
2023-10-09,0.014175012,17.67000495,1.802500742,0,0,30
2023-10-10,0.014239739,17.69589557,1.806384336,0,0,30
2023-10-11,0.01430543,17.7221721,1.810325815,0,0,30
2023-10-12,0.014372067,17.74882676,1.814324014,0,0,30
2023-10-13,0.014439629,17.77585166,1.81837775,0,0,30
2023-10-14,0.014508097,17.80323881,1.822485822,0,0,30
2023-10-15,0.01457745,17.8309801,1.826647015,0,0,30
2023-10-16,0.014647668,17.85906732,1.830860098,0,0,30
2023-10-17,0.01471873,17.88749216,1.835123824,0,0,30
2023-10-18,0.014790616,17.91624621,1.839436931,0,0,30
2023-10-19,0.014863302,17.94532096,1.843798143,0,0,30
2023-10-20,0.01493677,17.9747078,1.84820617,0,0,30
2023-10-21,0.015010995,18.00439805,1.852659707,0,0,30
2023-10-22,0.015085957,18.03438291,1.857157436,0,0,30
2023-10-23,0.015161634,18.06465351,1.861698026,0,0,30
2023-10-24,0.015238002,18.0952009,1.866280134,0,0,30
2023-10-25,0.01531504,18.12601603,1.870902404,0,0,30
2023-10-26,0.015392724,18.15708978,1.875563467,0,0,30
2023-10-27,0.015471032,18.18841297,1.880261946,0,0,30
2023-10-28,0.015549941,18.21997632,1.884996448,0,0,30
2023-10-29,0.015629426,18.25177049,1.889765574,0,0,30
2023-10-30,0.015709465,18.28378607,1.894567911,0,0,30
2023-10-31,0.015790034,18.3160136,1.89940204,0,0,30
2023-11-01,0.015825646,18.33025839,1.901538759,0,0,30
2023-11-02,0.015906936,18.36277434,1.906416151,0,0,30
2023-11-03,0.015988697,18.39547885,1.911321828,0,0,30
2023-11-04,0.016070906,18.42836225,1.916254338,0,0,30
2023-11-05,0.016153537,18.46141481,1.921212221,0,0,30
2023-11-06,0.016236567,18.49462674,1.926194011,0,0,30
2023-11-07,0.016319971,18.52798822,1.931198233,0,0,30
2023-11-08,0.016403723,18.56148937,1.936223406,0,0,30
2023-11-09,0.016487801,18.59512029,1.941268044,0,0,30
2023-11-10,0.016572178,18.62887102,1.946330653,0,0,30
2023-11-11,0.016656829,18.66273157,1.951409736,0,0,30
2023-11-12,0.01674173,18.69669193,1.956503789,0,0,30
2023-11-13,0.016826855,18.73074203,1.961611305,0,0,30
2023-11-14,0.01691218,18.76487182,1.966730773,0,0,30
2023-11-15,0.016997678,18.79907118,1.971860678,0,0,30
2023-11-16,0.017083325,18.83333001,1.976999501,0,0,30
2023-11-17,0.017169095,18.86763815,1.982145722,0,0,30
2023-11-18,0.017254964,18.90198546,1.987297819,0,0,30
2023-11-19,0.017340904,18.93636178,1.992454266,0,0,30
2023-11-20,0.017426892,18.97075692,1.997613538,0,0,30
2023-11-21,0.017512902,19.00516072,2.002774108,0,0,30
2023-11-22,0.017598907,19.03956299,2.007934449,0,0,30
2023-11-23,0.017684884,19.07395356,2.013093034,0,0,30
2023-11-24,0.017770806,19.10832224,2.018248336,0,0,30
2023-11-25,0.017856647,19.14265887,2.02339883,0,0,30
2023-11-26,0.017942383,19.17695328,2.028542992,0,0,30
2023-11-27,0.018027988,19.21119533,2.033679299,0,0,30
2023-11-28,0.018113437,19.24537488,2.038806232,0,0,30
2023-11-29,0.018198705,19.27948182,2.043922274,0,0,30
2023-11-30,0.018283765,19.31350606,2.049025909,0,0,30
2023-12-01,0.018405838,19.3623354,2.05635031,0,0,30
2023-12-02,0.018490289,19.39611564,2.061417346,0,0,30
2023-12-03,0.018574447,19.42977867,2.0664668,0,0,30
2023-12-04,0.018658286,19.46331452,2.071497178,0,0,30
2023-12-05,0.018741783,19.49671327,2.07650699,0,0,30
2023-12-06,0.018824913,19.52996503,2.081494754,0,0,30
2023-12-07,0.01890765,19.56305996,2.086458995,0,0,30
2023-12-08,0.018989971,19.59598828,2.091398242,0,0,30
2023-12-09,0.019071851,19.62874024,2.096311035,0,0,30
2023-12-10,0.019153265,19.66130614,2.101195921,0,0,30
2023-12-11,0.019234191,19.69367635,2.106051452,0,0,30
2023-12-12,0.019314603,19.72584129,2.110876193,0,0,30
2023-12-13,0.019394479,19.75779144,2.115668716,0,0,30
2023-12-14,0.019473793,19.78951735,2.120427602,0,0,30
2023-12-15,0.019552524,19.82100963,2.125151444,0,0,30
2023-12-16,0.019630647,19.85225895,2.129838843,0,0,30
2023-12-17,0.01970814,19.88325609,2.134488413,0,0,30
2023-12-18,0.01978498,19.91399185,2.139098777,0,0,30
2023-12-19,0.019861143,19.94445714,2.143668571,0,0,30
2023-12-20,0.019936607,19.97464296,2.148196444,0,0,30
2023-12-21,0.020011351,20.00454036,2.152681054,0,0,30
2023-12-22,0.020085351,20.03414051,2.157121076,0,0,30
2023-12-23,0.020158587,20.06343463,2.161515195,0,0,30
2023-12-24,0.020231035,20.09241407,2.165862111,0,0,30
2023-12-25,0.020302676,20.12107025,2.170160537,0,0,30
2023-12-26,0.020373487,20.14939468,2.174409202,0,0,30
2023-12-27,0.020443447,20.17737899,2.178606848,0,0,30
2023-12-28,0.020512537,20.20501489,2.182752233,0,0,30
2023-12-29,0.020580736,20.23229421,2.186844131,0,0,30
2023-12-30,0.020648022,20.25920887,2.190881331,0,0,30
2023-12-31,0.020714377,20.28575092,2.194862637,0,0,30
2024-01-01,0.020741309,20.29652362,2.196478543,0,0,30
2024-01-02,0.020806317,20.32252695,2.200379042,0,0,30
2024-01-03,0.020870347,20.34813892,2.204220838,0,0,30
2024-01-04,0.02093338,20.37335196,2.208002794,0,0,30
2024-01-05,0.020995397,20.3981586,2.21172379,0,0,30
2024-01-06,0.021056379,20.4225515,2.215382726,0,0,30
2024-01-07,0.021116309,20.44652345,2.218978518,0,0,30
2024-01-08,0.021175168,20.47006735,2.222510102,0,0,30
2024-01-09,0.021232941,20.49317623,2.225976434,0,0,30
2024-01-10,0.021289608,20.51584325,2.229376488,0,0,30
2024-01-11,0.021345154,20.53806172,2.232709258,0,0,30
2024-01-12,0.021399563,20.55982504,2.235973757,0,0,30
2024-01-13,0.021452817,20.58112679,2.239169019,0,0,30
2024-01-14,0.021504902,20.60196066,2.242294099,0,0,30
2024-01-15,0.021555801,20.62232048,2.245348073,0,0,30
2024-01-16,0.021605501,20.64220024,2.248330035,0,0,30
2024-01-17,0.021653985,20.66159403,2.251239105,0,0,30
2024-01-18,0.02170124,20.68049614,2.254074421,0,0,30
2024-01-19,0.021747252,20.69890096,2.256835144,0,0,30
2024-01-20,0.021792008,20.71680305,2.259520457,0,0,30
2024-01-21,0.021835493,20.7341971,2.262129566,0,0,30
2024-01-22,0.021877695,20.75107799,2.264661698,0,0,30
2024-01-23,0.021918602,20.76744069,2.267116104,0,0,30
2024-01-24,0.021958201,20.78328039,2.269492058,0,0,30
2024-01-25,0.021996481,20.79859238,2.271788857,0,0,30
2024-01-26,0.02203343,20.81337214,2.274005822,0,0,30
2024-01-27,0.022069038,20.8276153,2.276142295,0,0,30
2024-01-28,0.022103294,20.84131763,2.278197645,0,0,30
2024-01-29,0.022136188,20.85447509,2.280171264,0,0,30
2024-01-30,0.022167709,20.86708378,2.282062567,0,0,30
2024-01-31,0.02219785,20.87913997,2.283870996,0,0,30
2024-02-01,0.022210672,20.88426874,2.284640311,0,0,30
2024-02-02,0.022238808,20.8955231,2.286328465,0,0,30
2024-02-03,0.022265541,20.90621655,2.287932483,0,0,30
2024-02-04,0.022290865,20.91634592,2.289451888,0,0,30
2024-02-05,0.022314771,20.92590821,2.290886231,0,0,30
2024-02-06,0.022337251,20.93490059,2.292235089,0,0,30
2024-02-07,0.022358301,20.94332041,2.293498061,0,0,30
2024-02-08,0.022377913,20.95116516,2.294674775,0,0,30
2024-02-09,0.022396081,20.95843254,2.295764881,0,0,30
2024-02-10,0.022412801,20.96512038,2.296768057,0,0,30
2024-02-11,0.022428067,20.97122671,2.297684007,0,0,30
2024-02-12,0.022441874,20.97674973,2.298512459,0,0,30
2024-02-13,0.022454219,20.98168779,2.299253168,0,0,30
2024-02-14,0.022465099,20.98603944,2.299905916,0,0,30
2024-02-15,0.022474508,20.98980339,2.300470508,0,0,30
2024-02-16,0.022482446,20.99297852,2.300946778,0,0,30
2024-02-17,0.02248891,20.9955639,2.301334585,0,0,30
2024-02-18,0.022493897,20.99755876,2.301633814,0,0,30
2024-02-19,0.022497406,20.99896251,2.301844376,0,0,30
2024-02-20,0.022499437,20.99977473,2.30196621,0,0,30
2024-02-21,0.022499988,20.99999519,2.301999278,0,0,30
2024-02-22,0.02249906,20.99962382,2.301943573,0,0,30
2024-02-23,0.022496652,20.99866072,2.301799109,0,0,30
2024-02-24,0.022492765,20.9971062,2.301565929,0,0,30
2024-02-25,0.022487402,20.99496069,2.301244104,0,0,30
2024-02-26,0.022480562,20.99222485,2.300833727,0,0,30
2024-02-27,0.022472249,20.98889947,2.30033492,0,0,30
2024-02-28,0.022462464,20.98498554,2.299747832,0,0,30
2024-02-29,0.022451211,20.98048423,2.299072635,0,0,30
2024-03-01,0.022417611,20.96704453,2.29705668,0,0,30
2024-03-02,0.022401335,20.96053385,2.296080077,0,0,30
2024-03-03,0.022383608,20.95344301,2.295016452,0,0,30
2024-03-04,0.022364435,20.94577412,2.293866118,0,0,30
2024-03-05,0.022343824,20.93752944,2.292629416,0,0,30
2024-03-06,0.022321779,20.92871142,2.291306712,0,0,30
2024-03-07,0.022298307,20.91932265,2.289898398,0,0,30
2024-03-08,0.022273415,20.90936594,2.28840489,0,0,30
2024-03-09,0.022247111,20.8988442,2.286826631,0,0,30
2024-03-10,0.022219401,20.88776057,2.285164086,0,0,30
2024-03-11,0.022190296,20.87611832,2.283417749,0,0,30
2024-03-12,0.022159802,20.8639209,2.281588135,0,0,30
2024-03-13,0.02212793,20.85117191,2.279675787,0,0,30
2024-03-14,0.022094688,20.83787514,2.27768127,0,0,30
2024-03-15,0.022060086,20.8240345,2.275605175,0,0,30
2024-03-16,0.022024135,20.8096541,2.273448116,0,0,30
2024-03-17,0.021986846,20.7947382,2.27121073,0,0,30
2024-03-18,0.021948228,20.77929121,2.268893681,0,0,30
2024-03-19,0.021908294,20.76331769,2.266497654,0,0,30
2024-03-20,0.021867056,20.74682239,2.264023358,0,0,30
2024-03-21,0.021824525,20.72981016,2.261471524,0,0,30
2024-03-22,0.021780715,20.71228606,2.258842909,0,0,30
2024-03-23,0.021735638,20.69425527,2.25613829,0,0,30
2024-03-24,0.021689308,20.67572312,2.253358468,0,0,30
2024-03-25,0.021641738,20.65669509,2.250504264,0,0,30
2024-03-26,0.021592942,20.63717683,2.247576524,0,0,30
2024-03-27,0.021542935,20.61717409,2.244576114,0,0,30
2024-03-28,0.021491732,20.59669281,2.241503922,0,0,30
2024-03-29,0.021439348,20.57573904,2.238360856,0,0,30
2024-03-30,0.021385797,20.55431899,2.235147848,0,0,30
2024-03-31,0.021331097,20.53243898,2.231865848,0,0,30
2024-04-01,0.021306669,20.52266773,2.23040016,0,0,30
2024-04-02,0.021250342,20.50013681,2.227020522,0,0,30
2024-04-03,0.021192905,20.47716198,2.223574297,0,0,30
2024-04-04,0.021134375,20.45375003,2.220062505,0,0,30
2024-04-05,0.02107477,20.42990789,2.216486184,0,0,30
2024-04-06,0.021014107,20.40564262,2.212846393,0,0,30
2024-04-07,0.020952403,20.3809614,2.20914421,0,0,30
2024-04-08,0.020889679,20.35587153,2.205380729,0,0,30
2024-04-09,0.020825951,20.33038043,2.201557065,0,0,30
2024-04-10,0.020761239,20.30449566,2.197674348,0,0,30
2024-04-11,0.020695562,20.27822486,2.193733729,0,0,30
2024-04-12,0.02062894,20.25157581,2.189736372,0,0,30
2024-04-13,0.020561391,20.22455641,2.185683461,0,0,30
2024-04-14,0.020492937,20.19717463,2.181576195,0,0,30
2024-04-15,0.020423596,20.1694386,2.17741579,0,0,30
2024-04-16,0.020353391,20.14135651,2.173203476,0,0,30
2024-04-17,0.020282342,20.11293667,2.1689405,0,0,30
2024-04-18,0.020210469,20.08418749,2.164628124,0,0,30
2024-04-19,0.020137794,20.05511749,2.160267624,0,0,30
2024-04-20,0.020064338,20.02573527,2.15586029,0,0,30
2024-04-21,0.019990124,19.99604951,2.151407426,0,0,30
2024-04-22,0.019915172,19.966069,2.14691035,0,0,30
2024-04-23,0.019839507,19.93580262,2.142370393,0,0,30
2024-04-24,0.019763148,19.90525932,2.137788897,0,0,30
2024-04-25,0.01968612,19.87444813,2.13316722,0,0,30
2024-04-26,0.019608445,19.84337819,2.128506728,0,0,30
2024-04-27,0.019530147,19.81205867,2.123808801,0,0,30
2024-04-28,0.019451247,19.78049886,2.119074829,0,0,30
2024-04-29,0.01937177,19.74870808,2.114306212,0,0,30
2024-04-30,0.019291739,19.71669575,2.109504362,0,0,30
2024-05-01,0.01917557,19.67022786,2.102534179,0,0,30
2024-05-02,0.019094287,19.63771482,2.097657222,0,0,30
2024-05-03,0.019012533,19.60501306,2.092751959,0,0,30
2024-05-04,0.018930331,19.57213227,2.087819841,0,0,30
2024-05-05,0.018847705,19.53908218,2.082862328,0,0,30
2024-05-06,0.018764681,19.50587257,2.077880886,0,0,30
2024-05-07,0.018681283,19.47251326,2.072876989,0,0,30
2024-05-08,0.018597535,19.43901413,2.067852119,0,0,30
2024-05-09,0.018513463,19.40538508,2.062807762,0,0,30
2024-05-10,0.01842909,19.37163608,2.057745412,0,0,30
2024-05-11,0.018344443,19.3377771,2.052666565,0,0,30
2024-05-12,0.018259545,19.30381817,2.047572725,0,0,30
2024-05-13,0.018174423,19.26976933,2.0424654,0,0,30
2024-05-14,0.018089102,19.23564067,2.0373461,0,0,30
2024-05-15,0.018003606,19.20144227,2.032216341,0,0,30
2024-05-16,0.017917961,19.16718427,2.02707764,0,0,30
2024-05-17,0.017832192,19.13287679,2.021931518,0,0,30
2024-05-18,0.017746325,19.09852999,2.016779498,0,0,30
2024-05-19,0.017660385,19.06415403,2.011623105,0,0,30
2024-05-20,0.017574398,19.0297591,2.006463864,0,0,30
2024-05-21,0.017488388,18.99535535,2.001303302,0,0,30
2024-05-22,0.017402382,18.96095298,1.996142947,0,0,30
2024-05-23,0.017316405,18.92656216,1.990984324,0,0,30
2024-05-24,0.017230483,18.89219308,1.985828962,0,0,30
2024-05-25,0.01714464,18.85785589,1.980678384,0,0,30
2024-05-26,0.017058902,18.82356077,1.975534116,0,0,30
2024-05-27,0.016973295,18.78931787,1.97039768,0,0,30
2024-05-28,0.016887843,18.7551373,1.965270595,0,0,30
2024-05-29,0.016802573,18.72102919,1.960154379,0,0,30
2024-05-30,0.016717509,18.68700364,1.955050546,0,0,30
2024-05-31,0.016632677,18.65307071,1.949960606,0,0,30
2024-06-01,0.01659543,18.63817215,1.947725822,0,0,30
2024-06-02,0.016510976,18.60439022,1.942658533,0,0,30
2024-06-03,0.016426813,18.57072536,1.937608804,0,0,30
2024-06-04,0.016342969,18.53718753,1.93257813,0,0,30
2024-06-05,0.016259467,18.50378665,1.927567998,0,0,30
2024-06-06,0.016176332,18.47053262,1.922579892,0,0,30
2024-06-07,0.016093588,18.43743525,1.917615288,0,0,30
2024-06-08,0.016011261,18.40450436,1.912675655,0,0,30
2024-06-09,0.015929374,18.37174969,1.907762454,0,0,30
2024-06-10,0.015847952,18.33918093,1.902877139,0,0,30
2024-06-11,0.015767019,18.30680771,1.898021157,0,0,30
2024-06-12,0.015686599,18.27463962,1.893195944,0,0,30
2024-06-13,0.015606715,18.24268618,1.888402927,0,0,30
2024-06-14,0.015527392,18.21095684,1.883643526,0,0,30
2024-06-15,0.015448652,18.17946099,1.878919148,0,0,30
2024-06-16,0.01537052,18.14820795,1.874231192,0,0,30
2024-06-17,0.015293017,18.11720696,1.869581045,0,0,30
2024-06-18,0.015216168,18.08646721,1.864970082,0,0,30
2024-06-19,0.015139994,18.05599779,1.860399669,0,0,30
2024-06-20,0.015064519,18.02580772,1.855871158,0,0,30
2024-06-21,0.014989765,17.99590592,1.851385889,0,0,30
2024-06-22,0.014915753,17.96630126,1.846945188,0,0,30
2024-06-23,0.014842506,17.93700248,1.842550371,0,0,30
2024-06-24,0.014770046,17.90801825,1.838202738,0,0,30
2024-06-25,0.014698393,17.87935717,1.833903575,0,0,30
2024-06-26,0.014627569,17.8510277,1.829654154,0,0,30
2024-06-27,0.014557596,17.82303823,1.825455734,0,0,30
2024-06-28,0.014488493,17.79539704,1.821309555,0,0,30
2024-06-29,0.014420281,17.76811231,1.817216846,0,0,30
2024-06-30,0.01435298,17.74119212,1.813178817,0,0,30
2024-07-01,0.014257709,17.70308348,1.807462522,0,0,30
2024-07-02,0.014192715,17.67708596,1.803562894,0,0,30
2024-07-03,0.0141287,17.65147992,1.799721987,0,0,30
2024-07-04,0.014065682,17.62627292,1.795940938,0,0,30
2024-07-05,0.014003681,17.60147243,1.792220865,0,0,30
2024-07-06,0.013942714,17.57708579,1.788562868,0,0,30
2024-07-07,0.013882801,17.55312021,1.784968032,0,0,30
2024-07-08,0.013823957,17.52958279,1.781437418,0,0,30
2024-07-09,0.013766201,17.50648048,1.777972073,0,0,30
2024-07-10,0.01370955,17.48382014,1.774573021,0,0,30
2024-07-11,0.013654021,17.46160845,1.771241268,0,0,30
2024-07-12,0.01359963,17.439852,1.7679778,0,0,30
2024-07-13,0.013546393,17.41855723,1.764783584,0,0,30
2024-07-14,0.013494326,17.39773042,1.761659564,0,0,30
2024-07-15,0.013443444,17.37737776,1.758606664,0,0,30
2024-07-16,0.013393763,17.35750525,1.755625788,0,0,30
2024-07-17,0.013345297,17.33811879,1.752717818,0,0,30
2024-07-18,0.01329806,17.3192241,1.749883615,0,0,30
2024-07-19,0.013252067,17.30082678,1.747124017,0,0,30
2024-07-20,0.013207331,17.28293228,1.744439841,0,0,30
2024-07-21,0.013163865,17.26554588,1.741831882,0,0,30
2024-07-22,0.013121682,17.24867273,1.73930091,0,0,30
2024-07-23,0.013080795,17.23231783,1.736847675,0,0,30
2024-07-24,0.013041215,17.21648602,1.734472903,0,0,30
2024-07-25,0.013002955,17.20118198,1.732177297,0,0,30
2024-07-26,0.012966026,17.18641023,1.729961535,0,0,30
2024-07-27,0.012930438,17.17217516,1.727826274,0,0,30
2024-07-28,0.012896202,17.15848097,1.725772145,0,0,30
2024-07-29,0.012863329,17.14533171,1.723799757,0,0,30
2024-07-30,0.012831828,17.13273128,1.721909693,0,0,30
2024-07-31,0.012801709,17.12068341,1.720102511,0,0,30
2024-08-01,0.012788896,17.11555832,1.719333748,0,0,30
2024-08-02,0.012760781,17.10431234,1.717646852,0,0,30
2024-08-03,0.012734068,17.09362733,1.7160441,0,0,30
2024-08-04,0.012708766,17.08350645,1.714525967,0,0,30
2024-08-05,0.012684882,17.07395269,1.713092903,0,0,30
2024-08-06,0.012662422,17.06496887,1.711745331,0,0,30
2024-08-07,0.012641394,17.05655767,1.71048365,0,0,30
2024-08-08,0.012621804,17.04872155,1.709308233,0,0,30
2024-08-09,0.012603657,17.04146286,1.708219429,0,0,30
2024-08-10,0.012586959,17.03478372,1.707217558,0,0,30
2024-08-11,0.012571715,17.02868613,1.706302919,0,0,30
2024-08-12,0.01255793,17.02317188,1.705475781,0,0,30
2024-08-13,0.012545607,17.0182426,1.70473639,0,0,30
2024-08-14,0.012534749,17.01389976,1.704084964,0,0,30
2024-08-15,0.012525362,17.01014463,1.703521695,0,0,30
2024-08-16,0.012517446,17.00697834,1.703046751,0,0,30
2024-08-17,0.012511005,17.00440181,1.702660272,0,0,30
2024-08-18,0.01250604,17.00241582,1.702362373,0,0,30
2024-08-19,0.012502552,17.00102094,1.702153141,0,0,30
2024-08-20,0.012500544,17.00021759,1.702032639,0,0,30
2024-08-21,0.012500015,17.00000601,1.702000901,0,0,30
2024-08-22,0.012500966,17.00038626,1.702057939,0,0,30
2024-08-23,0.012503396,17.00135823,1.702203734,0,0,30
2024-08-24,0.012507304,17.00292162,1.702438243,0,0,30
2024-08-25,0.01251269,17.00507599,1.702761398,0,0,30
2024-08-26,0.012519552,17.00782068,1.703173102,0,0,30
2024-08-27,0.012527887,17.0111549,1.703673234,0,0,30
2024-08-28,0.012537694,17.01507764,1.704261646,0,0,30
2024-08-29,0.012548969,17.01958775,1.704938163,0,0,30
2024-08-30,0.01256171,17.0246839,1.705702586,0,0,30
2024-08-31,0.012575911,17.03036458,1.706554687,0,0,30
2024-09-01,0.012582622,17.03304883,1.706957325,0,0,30
2024-09-02,0.012598921,17.03956823,1.707935235,0,0,30
2024-09-03,0.012616669,17.04666776,1.709000164,0,0,30
2024-09-04,0.012635863,17.0543453,1.710151796,0,0,30
2024-09-05,0.012656497,17.0625986,1.71138979,0,0,30
2024-09-06,0.012678563,17.07142521,1.712713781,0,0,30
2024-09-07,0.012702056,17.08082251,1.714123376,0,0,30
2024-09-08,0.012726969,17.09078772,1.715618159,0,0,30
2024-09-09,0.012753295,17.10131791,1.717197686,0,0,30
2024-09-10,0.012781025,17.11240994,1.718861491,0,0,30
2024-09-11,0.012810151,17.12406054,1.720609082,0,0,30
2024-09-12,0.012840666,17.13626627,1.72243994,0,0,30
2024-09-13,0.012872559,17.1490235,1.724353525,0,0,30
2024-09-14,0.012905821,17.16232847,1.72634927,0,0,30
2024-09-15,0.012940443,17.17617723,1.728426584,0,0,30
2024-09-16,0.012976414,17.19056569,1.730584853,0,0,30
2024-09-17,0.013013724,17.20548959,1.732823438,0,0,30
2024-09-18,0.013052361,17.22094452,1.735141677,0,0,30
2024-09-19,0.013092315,17.23692589,1.737538884,0,0,30
2024-09-20,0.013133572,17.25342899,1.740014349,0,0,30
2024-09-21,0.013176122,17.27044893,1.742567339,0,0,30
2024-09-22,0.013219952,17.28798067,1.7451971,0,0,30
2024-09-23,0.013265048,17.30601902,1.747902853,0,0,30
2024-09-24,0.013311397,17.32455865,1.750683798,0,0,30
2024-09-25,0.013358985,17.34359407,1.753539111,0,0,30
2024-09-26,0.013407799,17.36311965,1.756467947,0,0,30
2024-09-27,0.013457824,17.38312961,1.759469441,0,0,30
2024-09-28,0.013509045,17.40361802,1.762542703,0,0,30
2024-09-29,0.013561447,17.42457883,1.765686824,0,0,30
2024-09-30,0.013615015,17.44600583,1.768900875,0,0,30
2024-10-01,0.013694167,17.47766692,1.773650038,0,0,30
2024-10-02,0.013750511,17.50020455,1.777030682,0,0,30
2024-10-03,0.013807965,17.52318599,1.780477898,0,0,30
2024-10-04,0.013866511,17.54660444,1.783990666,0,0,30
2024-10-05,0.013926132,17.57045298,1.787567947,0,0,30
2024-10-06,0.013986811,17.59472454,1.791208681,0,0,30
2024-10-07,0.01404853,17.61941195,1.794911792,0,0,30
2024-10-08,0.01411127,17.64450789,1.798676184,0,0,30
2024-10-09,0.014175012,17.67000495,1.802500742,0,0,30
2024-10-10,0.014239739,17.69589557,1.806384336,0,0,30
2024-10-11,0.01430543,17.7221721,1.810325815,0,0,30
2024-10-12,0.014372067,17.74882676,1.814324014,0,0,30
2024-10-13,0.014439629,17.77585166,1.81837775,0,0,30
2024-10-14,0.014508097,17.80323881,1.822485822,0,0,30
2024-10-15,0.01457745,17.8309801,1.826647015,0,0,30
2024-10-16,0.014647668,17.85906732,1.830860098,0,0,30
2024-10-17,0.01471873,17.88749216,1.835123824,0,0,30
2024-10-18,0.014790616,17.91624621,1.839436931,0,0,30
2024-10-19,0.014863302,17.94532096,1.843798143,0,0,30
2024-10-20,0.01493677,17.9747078,1.84820617,0,0,30
2024-10-21,0.015010995,18.00439805,1.852659707,0,0,30
2024-10-22,0.015085957,18.03438291,1.857157436,0,0,30
2024-10-23,0.015161634,18.06465351,1.861698026,0,0,30
2024-10-24,0.015238002,18.0952009,1.866280134,0,0,30
2024-10-25,0.01531504,18.12601603,1.870902404,0,0,30
2024-10-26,0.015392724,18.15708978,1.875563467,0,0,30
2024-10-27,0.015471032,18.18841297,1.880261946,0,0,30
2024-10-28,0.015549941,18.21997632,1.884996448,0,0,30
2024-10-29,0.015629426,18.25177049,1.889765574,0,0,30
2024-10-30,0.015709465,18.28378607,1.894567911,0,0,30
2024-10-31,0.015790034,18.3160136,1.89940204,0,0,30
2024-11-01,0.015825646,18.33025839,1.901538759,0,0,30
2024-11-02,0.015906936,18.36277434,1.906416151,0,0,30
2024-11-03,0.015988697,18.39547885,1.911321828,0,0,30
2024-11-04,0.016070906,18.42836225,1.916254338,0,0,30
2024-11-05,0.016153537,18.46141481,1.921212221,0,0,30
2024-11-06,0.016236567,18.49462674,1.926194011,0,0,30
2024-11-07,0.016319971,18.52798822,1.931198233,0,0,30
2024-11-08,0.016403723,18.56148937,1.936223406,0,0,30
2024-11-09,0.016487801,18.59512029,1.941268044,0,0,30
2024-11-10,0.016572178,18.62887102,1.946330653,0,0,30
2024-11-11,0.016656829,18.66273157,1.951409736,0,0,30
2024-11-12,0.01674173,18.69669193,1.956503789,0,0,30
2024-11-13,0.016826855,18.73074203,1.961611305,0,0,30
2024-11-14,0.01691218,18.76487182,1.966730773,0,0,30
2024-11-15,0.016997678,18.79907118,1.971860678,0,0,30
2024-11-16,0.017083325,18.83333001,1.976999501,0,0,30
2024-11-17,0.017169095,18.86763815,1.982145722,0,0,30
2024-11-18,0.017254964,18.90198546,1.987297819,0,0,30
2024-11-19,0.017340904,18.93636178,1.992454266,0,0,30
2024-11-20,0.017426892,18.97075692,1.997613538,0,0,30
2024-11-21,0.017512902,19.00516072,2.002774108,0,0,30
2024-11-22,0.017598907,19.03956299,2.007934449,0,0,30
2024-11-23,0.017684884,19.07395356,2.013093034,0,0,30
2024-11-24,0.017770806,19.10832224,2.018248336,0,0,30
2024-11-25,0.017856647,19.14265887,2.02339883,0,0,30
2024-11-26,0.017942383,19.17695328,2.028542992,0,0,30
2024-11-27,0.018027988,19.21119533,2.033679299,0,0,30
2024-11-28,0.018113437,19.24537488,2.038806232,0,0,30
2024-11-29,0.018198705,19.27948182,2.043922274,0,0,30
2024-11-30,0.018283765,19.31350606,2.049025909,0,0,30
2024-12-01,0.018405838,19.3623354,2.05635031,0,0,30
2024-12-02,0.018490289,19.39611564,2.061417346,0,0,30
2024-12-03,0.018574447,19.42977867,2.0664668,0,0,30
2024-12-04,0.018658286,19.46331452,2.071497178,0,0,30
2024-12-05,0.018741783,19.49671327,2.07650699,0,0,30
2024-12-06,0.018824913,19.52996503,2.081494754,0,0,30
2024-12-07,0.01890765,19.56305996,2.086458995,0,0,30
2024-12-08,0.018989971,19.59598828,2.091398242,0,0,30
2024-12-09,0.019071851,19.62874024,2.096311035,0,0,30
2024-12-10,0.019153265,19.66130614,2.101195921,0,0,30
2024-12-11,0.019234191,19.69367635,2.106051452,0,0,30
2024-12-12,0.019314603,19.72584129,2.110876193,0,0,30
2024-12-13,0.019394479,19.75779144,2.115668716,0,0,30
2024-12-14,0.019473793,19.78951735,2.120427602,0,0,30
2024-12-15,0.019552524,19.82100963,2.125151444,0,0,30
2024-12-16,0.019630647,19.85225895,2.129838843,0,0,30
2024-12-17,0.01970814,19.88325609,2.134488413,0,0,30
2024-12-18,0.01978498,19.91399185,2.139098777,0,0,30
2024-12-19,0.019861143,19.94445714,2.143668571,0,0,30
2024-12-20,0.019936607,19.97464296,2.148196444,0,0,30
2024-12-21,0.020011351,20.00454036,2.152681054,0,0,30
2024-12-22,0.020085351,20.03414051,2.157121076,0,0,30
2024-12-23,0.020158587,20.06343463,2.161515195,0,0,30
2024-12-24,0.020231035,20.09241407,2.165862111,0,0,30
2024-12-25,0.020302676,20.12107025,2.170160537,0,0,30
2024-12-26,0.020373487,20.14939468,2.174409202,0,0,30
2024-12-27,0.020443447,20.17737899,2.178606848,0,0,30
2024-12-28,0.020512537,20.20501489,2.182752233,0,0,30
2024-12-29,0.020580736,20.23229421,2.186844131,0,0,30
2024-12-30,0.020648022,20.25920887,2.190881331,0,0,30
2024-12-31,0.020714377,20.28575092,2.194862637,0,0,30
2025-01-01,0.020741309,20.29652362,2.196478543,0,0,30
2025-01-02,0.020806317,20.32252695,2.200379042,0,0,30
2025-01-03,0.020870347,20.34813892,2.204220838,0,0,30
2025-01-04,0.02093338,20.37335196,2.208002794,0,0,30
2025-01-05,0.020995397,20.3981586,2.21172379,0,0,30
2025-01-06,0.021056379,20.4225515,2.215382726,0,0,30
2025-01-07,0.021116309,20.44652345,2.218978518,0,0,30
2025-01-08,0.021175168,20.47006735,2.222510102,0,0,30
2025-01-09,0.021232941,20.49317623,2.225976434,0,0,30
2025-01-10,0.021289608,20.51584325,2.229376488,0,0,30
2025-01-11,0.021345154,20.53806172,2.232709258,0,0,30
2025-01-12,0.021399563,20.55982504,2.235973757,0,0,30
2025-01-13,0.021452817,20.58112679,2.239169019,0,0,30
2025-01-14,0.021504902,20.60196066,2.242294099,0,0,30
2025-01-15,0.021555801,20.62232048,2.245348073,0,0,30
2025-01-16,0.021605501,20.64220024,2.248330035,0,0,30
2025-01-17,0.021653985,20.66159403,2.251239105,0,0,30
2025-01-18,0.02170124,20.68049614,2.254074421,0,0,30
2025-01-19,0.021747252,20.69890096,2.256835144,0,0,30
2025-01-20,0.021792008,20.71680305,2.259520457,0,0,30
2025-01-21,0.021835493,20.7341971,2.262129566,0,0,30
2025-01-22,0.021877695,20.75107799,2.264661698,0,0,30
2025-01-23,0.021918602,20.76744069,2.267116104,0,0,30
2025-01-24,0.021958201,20.78328039,2.269492058,0,0,30
2025-01-25,0.021996481,20.79859238,2.271788857,0,0,30
2025-01-26,0.02203343,20.81337214,2.274005822,0,0,30
2025-01-27,0.022069038,20.8276153,2.276142295,0,0,30
2025-01-28,0.022103294,20.84131763,2.278197645,0,0,30
2025-01-29,0.022136188,20.85447509,2.280171264,0,0,30
2025-01-30,0.022167709,20.86708378,2.282062567,0,0,30
2025-01-31,0.02219785,20.87913997,2.283870996,0,0,30
2025-02-01,0.022210672,20.88426874,2.284640311,0,0,30
2025-02-02,0.022238808,20.8955231,2.286328465,0,0,30
2025-02-03,0.022265541,20.90621655,2.287932483,0,0,30
2025-02-04,0.022290865,20.91634592,2.289451888,0,0,30
2025-02-05,0.022314771,20.92590821,2.290886231,0,0,30
2025-02-06,0.022337251,20.93490059,2.292235089,0,0,30
2025-02-07,0.022358301,20.94332041,2.293498061,0,0,30
2025-02-08,0.022377913,20.95116516,2.294674775,0,0,30
2025-02-09,0.022396081,20.95843254,2.295764881,0,0,30
2025-02-10,0.022412801,20.96512038,2.296768057,0,0,30
2025-02-11,0.022428067,20.97122671,2.297684007,0,0,30
2025-02-12,0.022441874,20.97674973,2.298512459,0,0,30
2025-02-13,0.022454219,20.98168779,2.299253168,0,0,30
2025-02-14,0.022465099,20.98603944,2.299905916,0,0,30
2025-02-15,0.022474508,20.98980339,2.300470508,0,0,30
2025-02-16,0.022482446,20.99297852,2.300946778,0,0,30
2025-02-17,0.02248891,20.9955639,2.301334585,0,0,30
2025-02-18,0.022493897,20.99755876,2.301633814,0,0,30
2025-02-19,0.022497406,20.99896251,2.301844376,0,0,30
2025-02-20,0.022499437,20.99977473,2.30196621,0,0,30
2025-02-21,0.022499988,20.99999519,2.301999278,0,0,30
2025-02-22,0.02249906,20.99962382,2.301943573,0,0,30
2025-02-23,0.022496652,20.99866072,2.301799109,0,0,30
2025-02-24,0.022492765,20.9971062,2.301565929,0,0,30
2025-02-25,0.022487402,20.99496069,2.301244104,0,0,30
2025-02-26,0.022480562,20.99222485,2.300833727,0,0,30
2025-02-27,0.022472249,20.98889947,2.30033492,0,0,30
2025-02-28,0.022462464,20.98498554,2.299747832,0,0,30
2025-03-01,0.022417611,20.96704453,2.29705668,0,0,30
2025-03-02,0.022401335,20.96053385,2.296080077,0,0,30
2025-03-03,0.022383608,20.95344301,2.295016452,0,0,30
2025-03-04,0.022364435,20.94577412,2.293866118,0,0,30
2025-03-05,0.022343824,20.93752944,2.292629416,0,0,30
2025-03-06,0.022321779,20.92871142,2.291306712,0,0,30
2025-03-07,0.022298307,20.91932265,2.289898398,0,0,30
2025-03-08,0.022273415,20.90936594,2.28840489,0,0,30
2025-03-09,0.022247111,20.8988442,2.286826631,0,0,30
2025-03-10,0.022219401,20.88776057,2.285164086,0,0,30
2025-03-11,0.022190296,20.87611832,2.283417749,0,0,30
2025-03-12,0.022159802,20.8639209,2.281588135,0,0,30
2025-03-13,0.02212793,20.85117191,2.279675787,0,0,30
2025-03-14,0.022094688,20.83787514,2.27768127,0,0,30
2025-03-15,0.022060086,20.8240345,2.275605175,0,0,30
2025-03-16,0.022024135,20.8096541,2.273448116,0,0,30
2025-03-17,0.021986846,20.7947382,2.27121073,0,0,30
2025-03-18,0.021948228,20.77929121,2.268893681,0,0,30
2025-03-19,0.021908294,20.76331769,2.266497654,0,0,30
2025-03-20,0.021867056,20.74682239,2.264023358,0,0,30
2025-03-21,0.021824525,20.72981016,2.261471524,0,0,30
2025-03-22,0.021780715,20.71228606,2.258842909,0,0,30
2025-03-23,0.021735638,20.69425527,2.25613829,0,0,30
2025-03-24,0.021689308,20.67572312,2.253358468,0,0,30
2025-03-25,0.021641738,20.65669509,2.250504264,0,0,30
2025-03-26,0.021592942,20.63717683,2.247576524,0,0,30
2025-03-27,0.021542935,20.61717409,2.244576114,0,0,30
2025-03-28,0.021491732,20.59669281,2.241503922,0,0,30
2025-03-29,0.021439348,20.57573904,2.238360856,0,0,30
2025-03-30,0.021385797,20.55431899,2.235147848,0,0,30
2025-03-31,0.021331097,20.53243898,2.231865848,0,0,30
2025-04-01,0.021306669,20.52266773,2.23040016,0,0,30
2025-04-02,0.021250342,20.50013681,2.227020522,0,0,30
2025-04-03,0.021192905,20.47716198,2.223574297,0,0,30
2025-04-04,0.021134375,20.45375003,2.220062505,0,0,30
2025-04-05,0.02107477,20.42990789,2.216486184,0,0,30
2025-04-06,0.021014107,20.40564262,2.212846393,0,0,30
2025-04-07,0.020952403,20.3809614,2.20914421,0,0,30
2025-04-08,0.020889679,20.35587153,2.205380729,0,0,30
2025-04-09,0.020825951,20.33038043,2.201557065,0,0,30
2025-04-10,0.020761239,20.30449566,2.197674348,0,0,30
2025-04-11,0.020695562,20.27822486,2.193733729,0,0,30
2025-04-12,0.02062894,20.25157581,2.189736372,0,0,30
2025-04-13,0.020561391,20.22455641,2.185683461,0,0,30
2025-04-14,0.020492937,20.19717463,2.181576195,0,0,30
2025-04-15,0.020423596,20.1694386,2.17741579,0,0,30
2025-04-16,0.020353391,20.14135651,2.173203476,0,0,30
2025-04-17,0.020282342,20.11293667,2.1689405,0,0,30
2025-04-18,0.020210469,20.08418749,2.164628124,0,0,30
2025-04-19,0.020137794,20.05511749,2.160267624,0,0,30
2025-04-20,0.020064338,20.02573527,2.15586029,0,0,30
2025-04-21,0.019990124,19.99604951,2.151407426,0,0,30
2025-04-22,0.019915172,19.966069,2.14691035,0,0,30
2025-04-23,0.019839507,19.93580262,2.142370393,0,0,30
2025-04-24,0.019763148,19.90525932,2.137788897,0,0,30
2025-04-25,0.01968612,19.87444813,2.13316722,0,0,30
2025-04-26,0.019608445,19.84337819,2.128506728,0,0,30
2025-04-27,0.019530147,19.81205867,2.123808801,0,0,30
2025-04-28,0.019451247,19.78049886,2.119074829,0,0,30
2025-04-29,0.01937177,19.74870808,2.114306212,0,0,30
2025-04-30,0.019291739,19.71669575,2.109504362,0,0,30
2025-05-01,0.01917557,19.67022786,2.102534179,0,0,30
2025-05-02,0.019094287,19.63771482,2.097657222,0,0,30
2025-05-03,0.019012533,19.60501306,2.092751959,0,0,30
2025-05-04,0.018930331,19.57213227,2.087819841,0,0,30
2025-05-05,0.018847705,19.53908218,2.082862328,0,0,30
2025-05-06,0.018764681,19.50587257,2.077880886,0,0,30
2025-05-07,0.018681283,19.47251326,2.072876989,0,0,30
2025-05-08,0.018597535,19.43901413,2.067852119,0,0,30
2025-05-09,0.018513463,19.40538508,2.062807762,0,0,30
2025-05-10,0.01842909,19.37163608,2.057745412,0,0,30
2025-05-11,0.018344443,19.3377771,2.052666565,0,0,30
2025-05-12,0.018259545,19.30381817,2.047572725,0,0,30
2025-05-13,0.018174423,19.26976933,2.0424654,0,0,30
2025-05-14,0.018089102,19.23564067,2.0373461,0,0,30
2025-05-15,0.018003606,19.20144227,2.032216341,0,0,30
2025-05-16,0.017917961,19.16718427,2.02707764,0,0,30
2025-05-17,0.017832192,19.13287679,2.021931518,0,0,30
2025-05-18,0.017746325,19.09852999,2.016779498,0,0,30
2025-05-19,0.017660385,19.06415403,2.011623105,0,0,30
2025-05-20,0.017574398,19.0297591,2.006463864,0,0,30
2025-05-21,0.017488388,18.99535535,2.001303302,0,0,30
2025-05-22,0.017402382,18.96095298,1.996142947,0,0,30
2025-05-23,0.017316405,18.92656216,1.990984324,0,0,30
2025-05-24,0.017230483,18.89219308,1.985828962,0,0,30
2025-05-25,0.01714464,18.85785589,1.980678384,0,0,30
2025-05-26,0.017058902,18.82356077,1.975534116,0,0,30
2025-05-27,0.016973295,18.78931787,1.97039768,0,0,30
2025-05-28,0.016887843,18.7551373,1.965270595,0,0,30
2025-05-29,0.016802573,18.72102919,1.960154379,0,0,30
2025-05-30,0.016717509,18.68700364,1.955050546,0,0,30
2025-05-31,0.016632677,18.65307071,1.949960606,0,0,30
2025-06-01,0.01659543,18.63817215,1.947725822,0,0,30
2025-06-02,0.016510976,18.60439022,1.942658533,0,0,30
2025-06-03,0.016426813,18.57072536,1.937608804,0,0,30
2025-06-04,0.016342969,18.53718753,1.93257813,0,0,30
2025-06-05,0.016259467,18.50378665,1.927567998,0,0,30
2025-06-06,0.016176332,18.47053262,1.922579892,0,0,30
2025-06-07,0.016093588,18.43743525,1.917615288,0,0,30
2025-06-08,0.016011261,18.40450436,1.912675655,0,0,30
2025-06-09,0.015929374,18.37174969,1.907762454,0,0,30
2025-06-10,0.015847952,18.33918093,1.902877139,0,0,30
2025-06-11,0.015767019,18.30680771,1.898021157,0,0,30
2025-06-12,0.015686599,18.27463962,1.893195944,0,0,30
2025-06-13,0.015606715,18.24268618,1.888402927,0,0,30
2025-06-14,0.015527392,18.21095684,1.883643526,0,0,30